Session,Case,Frame,RecipePeak1Parent,RecipePeak2Parent,SupportState,Outcome,PreviousCandidates,MinimumPreviousHistoryFrames,MarkerDistanceUm,SaddleDropFraction
M400-01-baseline-awake,separate_pair,101,0,0,one_or_both_recipe_peaks_outside_admitted_candidates,,NaN,NaN,NaN,NaN
M400-01-baseline-awake,separate_pair,102,0,0,one_or_both_recipe_peaks_outside_admitted_candidates,,NaN,NaN,NaN,NaN
M400-01-baseline-awake,separate_pair,103,0,0,one_or_both_recipe_peaks_outside_admitted_candidates,,NaN,NaN,NaN,NaN
M400-01-baseline-awake,separate_pair,104,0,0,one_or_both_recipe_peaks_outside_admitted_candidates,,NaN,NaN,NaN,NaN
M400-01-baseline-awake,separate_pair,105,0,0,one_or_both_recipe_peaks_outside_admitted_candidates,,NaN,NaN,NaN,NaN
M400-01-baseline-awake,separate_pair,106,0,0,one_or_both_recipe_peaks_outside_admitted_candidates,,NaN,NaN,NaN,NaN
M400-01-baseline-awake,separate_pair,107,0,0,one_or_both_recipe_peaks_outside_admitted_candidates,,NaN,NaN,NaN,NaN
M400-01-baseline-awake,separate_pair,108,0,0,one_or_both_recipe_peaks_outside_admitted_candidates,,NaN,NaN,NaN,NaN
M400-01-baseline-awake,separate_pair,109,0,0,one_or_both_recipe_peaks_outside_admitted_candidates,,NaN,NaN,NaN,NaN
M400-01-baseline-awake,separate_pair,110,0,0,one_or_both_recipe_peaks_outside_admitted_candidates,,NaN,NaN,NaN,NaN
M400-01-baseline-awake,separate_pair,111,0,0,one_or_both_recipe_peaks_outside_admitted_candidates,,NaN,NaN,NaN,NaN
M400-01-baseline-awake,separate_pair,112,0,0,one_or_both_recipe_peaks_outside_admitted_candidates,,NaN,NaN,NaN,NaN
M400-01-baseline-awake,separate_pair,113,0,0,one_or_both_recipe_peaks_outside_admitted_candidates,,NaN,NaN,NaN,NaN
M400-01-baseline-awake,separate_pair,114,5,0,one_or_both_recipe_peaks_outside_admitted_candidates,,NaN,NaN,NaN,NaN
M400-01-baseline-awake,separate_pair,115,2,4,recipe_peaks_in_separate_native_candidates,,NaN,NaN,NaN,NaN
M400-01-baseline-awake,separate_pair,116,3,6,recipe_peaks_in_separate_native_candidates,,NaN,NaN,NaN,NaN
M400-01-baseline-awake,separate_pair,117,2,5,recipe_peaks_in_separate_native_candidates,,NaN,NaN,NaN,NaN
M400-01-baseline-awake,separate_pair,118,1,4,recipe_peaks_in_separate_native_candidates,,NaN,NaN,NaN,NaN
M400-01-baseline-awake,separate_pair,119,1,5,recipe_peaks_in_separate_native_candidates,,NaN,NaN,NaN,NaN
M400-01-baseline-awake,separate_pair,120,1,5,recipe_peaks_in_separate_native_candidates,,NaN,NaN,NaN,NaN
M400-01-baseline-awake,separate_pair,121,2,5,recipe_peaks_in_separate_native_candidates,,NaN,NaN,NaN,NaN
M400-01-baseline-awake,separate_pair,122,4,8,recipe_peaks_in_separate_native_candidates,,NaN,NaN,NaN,NaN
M400-01-baseline-awake,separate_pair,123,4,5,recipe_peaks_in_separate_native_candidates,,NaN,NaN,NaN,NaN
M400-01-baseline-awake,separate_pair,124,4,5,recipe_peaks_in_separate_native_candidates,,NaN,NaN,NaN,NaN
M400-01-baseline-awake,separate_pair,125,5,7,recipe_peaks_in_separate_native_candidates,,NaN,NaN,NaN,NaN
M400-01-baseline-awake,separate_pair,126,5,8,recipe_peaks_in_separate_native_candidates,,NaN,NaN,NaN,NaN
M400-01-baseline-awake,separate_pair,127,5,7,recipe_peaks_in_separate_native_candidates,,NaN,NaN,NaN,NaN
M400-01-baseline-awake,separate_pair,128,4,4,recipe_peaks_in_one_native_candidate,insufficient_history,2,1,NaN,NaN
M400-01-baseline-awake,separate_pair,129,4,6,recipe_peaks_in_separate_native_candidates,,NaN,NaN,NaN,NaN
M400-01-baseline-awake,separate_pair,130,1,6,recipe_peaks_in_separate_native_candidates,,NaN,NaN,NaN,NaN
M400-01-baseline-awake,separate_pair,131,1,1,recipe_peaks_in_one_native_candidate,not_a_two_parent_contact,3,NaN,NaN,NaN
M400-01-baseline-awake,separate_pair,132,3,3,recipe_peaks_in_one_native_candidate,not_a_two_parent_contact,1,NaN,NaN,NaN
M400-01-baseline-awake,separate_pair,133,5,7,recipe_peaks_in_separate_native_candidates,,NaN,NaN,NaN,NaN
M400-01-baseline-awake,separate_pair,134,7,10,recipe_peaks_in_separate_native_candidates,,NaN,NaN,NaN,NaN
M400-01-baseline-awake,separate_pair,135,7,8,recipe_peaks_in_separate_native_candidates,,NaN,NaN,NaN,NaN
M400-01-baseline-awake,separate_pair,136,7,8,recipe_peaks_in_separate_native_candidates,,NaN,NaN,NaN,NaN
M400-01-baseline-awake,separate_pair,137,9,10,recipe_peaks_in_separate_native_candidates,,NaN,NaN,NaN,NaN
M400-01-baseline-awake,separate_pair,138,5,8,recipe_peaks_in_separate_native_candidates,,NaN,NaN,NaN,NaN
M400-01-baseline-awake,separate_pair,139,3,3,recipe_peaks_in_one_native_candidate,split_applied,2,6,313.535982783476,0.977395630333044
M400-01-baseline-awake,separate_pair,140,2,2,recipe_peaks_in_one_native_candidate,split_applied,2,7,313.535982783476,0.991832736012372
M400-01-baseline-awake,separate_pair,141,3,7,recipe_peaks_in_separate_native_candidates,,NaN,NaN,NaN,NaN
M400-01-baseline-awake,separate_pair,142,5,7,recipe_peaks_in_separate_native_candidates,,NaN,NaN,NaN,NaN
M400-01-baseline-awake,separate_pair,143,4,4,recipe_peaks_in_one_native_candidate,split_applied,2,10,342.527371169079,0.956811877343922
M400-01-baseline-awake,separate_pair,144,2,2,recipe_peaks_in_one_native_candidate,split_applied,2,11,342.527371169079,0.930684965585685
M400-01-baseline-awake,separate_pair,145,3,3,recipe_peaks_in_one_native_candidate,split_applied,2,12,347.562404468608,0.936062892647766
M400-01-baseline-awake,separate_pair,146,3,3,recipe_peaks_in_one_native_candidate,split_applied,2,13,332.5,0.932411020355869
M400-01-baseline-awake,separate_pair,147,3,3,recipe_peaks_in_one_native_candidate,split_applied,2,14,328.059636346808,0.904758268693795
M400-01-baseline-awake,separate_pair,148,3,3,recipe_peaks_in_one_native_candidate,split_applied,2,15,337.283449045458,0.962294733976286
M400-01-baseline-awake,separate_pair,149,2,4,recipe_peaks_in_separate_native_candidates,,NaN,NaN,NaN,NaN
M400-01-baseline-awake,separate_pair,150,3,3,recipe_peaks_in_one_native_candidate,split_applied,2,17,299.400755677069,0.928485693956102
M400-01-baseline-awake,separate_pair,151,1,1,recipe_peaks_in_one_native_candidate,split_applied,2,18,294.653185966146,0.810481029381746
M400-01-baseline-awake,separate_pair,152,1,1,recipe_peaks_in_one_native_candidate,split_applied,2,19,327.887652253024,0.797147896694877
M400-01-baseline-awake,separate_pair,153,3,3,recipe_peaks_in_one_native_candidate,split_applied,2,20,332.5,0.74919261322626
M400-01-baseline-awake,separate_pair,154,2,2,recipe_peaks_in_one_native_candidate,split_applied,2,21,327.784418482636,0.656567577898945
M400-01-baseline-awake,separate_pair,155,3,3,recipe_peaks_in_one_native_candidate,split_applied,2,22,332.63568660022,0.709519849596819
M400-01-baseline-awake,separate_pair,156,6,6,recipe_peaks_in_one_native_candidate,split_applied,2,23,332.63568660022,0.905795228260306
M400-01-baseline-awake,separate_pair,157,3,3,recipe_peaks_in_one_native_candidate,split_applied,2,24,327.887652253024,0.99516765493562
M400-01-baseline-awake,separate_pair,158,0,0,one_or_both_recipe_peaks_outside_admitted_candidates,,NaN,NaN,NaN,NaN
M400-01-baseline-awake,separate_pair,159,2,2,recipe_peaks_in_one_native_candidate,not_a_two_parent_contact,0,NaN,NaN,NaN
M400-01-baseline-awake,separate_pair,160,0,0,one_or_both_recipe_peaks_outside_admitted_candidates,,NaN,NaN,NaN,NaN
M400-01-baseline-awake,separate_pair,161,7,7,recipe_peaks_in_one_native_candidate,not_a_two_parent_contact,0,NaN,NaN,NaN
M400-01-baseline-awake,separate_pair,162,4,5,recipe_peaks_in_separate_native_candidates,,NaN,NaN,NaN,NaN
M400-01-baseline-awake,separate_pair,163,1,3,recipe_peaks_in_separate_native_candidates,,NaN,NaN,NaN,NaN
M400-01-baseline-awake,separate_pair,164,0,3,one_or_both_recipe_peaks_outside_admitted_candidates,,NaN,NaN,NaN,NaN
M400-01-baseline-awake,separate_pair,165,3,0,one_or_both_recipe_peaks_outside_admitted_candidates,,NaN,NaN,NaN,NaN
M400-01-baseline-awake,separate_pair,166,2,0,one_or_both_recipe_peaks_outside_admitted_candidates,,NaN,NaN,NaN,NaN
M400-01-baseline-awake,separate_pair,167,0,0,one_or_both_recipe_peaks_outside_admitted_candidates,,NaN,NaN,NaN,NaN
M400-01-baseline-awake,separate_pair,168,0,0,one_or_both_recipe_peaks_outside_admitted_candidates,,NaN,NaN,NaN,NaN
M400-01-baseline-awake,separate_pair,169,0,0,one_or_both_recipe_peaks_outside_admitted_candidates,,NaN,NaN,NaN,NaN
M400-01-baseline-awake,separate_pair,170,0,0,one_or_both_recipe_peaks_outside_admitted_candidates,,NaN,NaN,NaN,NaN
M400-01-baseline-awake,separate_pair,171,0,0,one_or_both_recipe_peaks_outside_admitted_candidates,,NaN,NaN,NaN,NaN
M400-01-baseline-awake,separate_pair,172,0,0,one_or_both_recipe_peaks_outside_admitted_candidates,,NaN,NaN,NaN,NaN
M400-01-baseline-awake,separate_pair,173,0,0,one_or_both_recipe_peaks_outside_admitted_candidates,,NaN,NaN,NaN,NaN
M400-01-baseline-awake,separate_pair,174,0,0,one_or_both_recipe_peaks_outside_admitted_candidates,,NaN,NaN,NaN,NaN
M400-01-baseline-awake,separate_pair,175,0,0,one_or_both_recipe_peaks_outside_admitted_candidates,,NaN,NaN,NaN,NaN
M400-01-baseline-awake,separate_pair,176,0,0,one_or_both_recipe_peaks_outside_admitted_candidates,,NaN,NaN,NaN,NaN
M400-01-baseline-awake,separate_pair,177,0,0,one_or_both_recipe_peaks_outside_admitted_candidates,,NaN,NaN,NaN,NaN
M400-01-baseline-awake,separate_pair,178,0,0,one_or_both_recipe_peaks_outside_admitted_candidates,,NaN,NaN,NaN,NaN
M400-01-baseline-awake,separate_pair,179,0,0,one_or_both_recipe_peaks_outside_admitted_candidates,,NaN,NaN,NaN,NaN
M400-01-baseline-awake,separate_pair,180,0,0,one_or_both_recipe_peaks_outside_admitted_candidates,,NaN,NaN,NaN,NaN
M400-01-baseline-awake,approach_pair,101,0,0,one_or_both_recipe_peaks_outside_admitted_candidates,,NaN,NaN,NaN,NaN
M400-01-baseline-awake,approach_pair,102,0,0,one_or_both_recipe_peaks_outside_admitted_candidates,,NaN,NaN,NaN,NaN
M400-01-baseline-awake,approach_pair,103,0,0,one_or_both_recipe_peaks_outside_admitted_candidates,,NaN,NaN,NaN,NaN
M400-01-baseline-awake,approach_pair,104,0,0,one_or_both_recipe_peaks_outside_admitted_candidates,,NaN,NaN,NaN,NaN
M400-01-baseline-awake,approach_pair,105,0,0,one_or_both_recipe_peaks_outside_admitted_candidates,,NaN,NaN,NaN,NaN
M400-01-baseline-awake,approach_pair,106,0,0,one_or_both_recipe_peaks_outside_admitted_candidates,,NaN,NaN,NaN,NaN
M400-01-baseline-awake,approach_pair,107,0,0,one_or_both_recipe_peaks_outside_admitted_candidates,,NaN,NaN,NaN,NaN
M400-01-baseline-awake,approach_pair,108,0,0,one_or_both_recipe_peaks_outside_admitted_candidates,,NaN,NaN,NaN,NaN
M400-01-baseline-awake,approach_pair,109,0,0,one_or_both_recipe_peaks_outside_admitted_candidates,,NaN,NaN,NaN,NaN
M400-01-baseline-awake,approach_pair,110,0,0,one_or_both_recipe_peaks_outside_admitted_candidates,,NaN,NaN,NaN,NaN
M400-01-baseline-awake,approach_pair,111,0,0,one_or_both_recipe_peaks_outside_admitted_candidates,,NaN,NaN,NaN,NaN
M400-01-baseline-awake,approach_pair,112,0,0,one_or_both_recipe_peaks_outside_admitted_candidates,,NaN,NaN,NaN,NaN
M400-01-baseline-awake,approach_pair,113,0,0,one_or_both_recipe_peaks_outside_admitted_candidates,,NaN,NaN,NaN,NaN
M400-01-baseline-awake,approach_pair,114,5,7,recipe_peaks_in_separate_native_candidates,,NaN,NaN,NaN,NaN
M400-01-baseline-awake,approach_pair,115,2,4,recipe_peaks_in_separate_native_candidates,,NaN,NaN,NaN,NaN
M400-01-baseline-awake,approach_pair,116,3,6,recipe_peaks_in_separate_native_candidates,,NaN,NaN,NaN,NaN
M400-01-baseline-awake,approach_pair,117,2,5,recipe_peaks_in_separate_native_candidates,,NaN,NaN,NaN,NaN
M400-01-baseline-awake,approach_pair,118,1,4,recipe_peaks_in_separate_native_candidates,,NaN,NaN,NaN,NaN
M400-01-baseline-awake,approach_pair,119,1,5,recipe_peaks_in_separate_native_candidates,,NaN,NaN,NaN,NaN
M400-01-baseline-awake,approach_pair,120,2,5,recipe_peaks_in_separate_native_candidates,,NaN,NaN,NaN,NaN
M400-01-baseline-awake,approach_pair,121,2,5,recipe_peaks_in_separate_native_candidates,,NaN,NaN,NaN,NaN
M400-01-baseline-awake,approach_pair,122,4,4,recipe_peaks_in_one_native_candidate,split_applied,2,5,213.75,0.935966198649011
M400-01-baseline-awake,approach_pair,123,4,4,recipe_peaks_in_one_native_candidate,split_applied,2,6,213.75,0.916094244667996
M400-01-baseline-awake,approach_pair,124,4,4,recipe_peaks_in_one_native_candidate,split_applied,2,7,182.736148585878,0.958101250254773
M400-01-baseline-awake,approach_pair,125,5,5,recipe_peaks_in_one_native_candidate,split_applied,2,8,184.456634470002,0.984726313313343
M400-01-baseline-awake,approach_pair,126,5,5,recipe_peaks_in_one_native_candidate,split_applied,2,9,177.474646076559,0.728549765425504
M400-01-baseline-awake,approach_pair,127,6,6,recipe_peaks_in_one_native_candidate,split_applied,2,10,165.229007743798,0.562850981390758
M400-01-baseline-awake,approach_pair,128,4,4,recipe_peaks_in_one_native_candidate,split_applied,2,11,171.65845449613,0.536809270087357
M400-01-baseline-awake,approach_pair,129,5,5,recipe_peaks_in_one_native_candidate,split_applied,2,12,190.947636801297,0.583877604386237
M400-01-baseline-awake,approach_pair,130,2,2,recipe_peaks_in_one_native_candidate,split_applied,2,13,171.065959501007,0.388077065481218
M400-01-baseline-awake,approach_pair,131,2,2,recipe_peaks_in_one_native_candidate,insufficient_saddle_drop,2,14,133,0.159759584791931
M400-01-baseline-awake,approach_pair,132,4,4,recipe_peaks_in_one_native_candidate,not_a_two_parent_contact,1,NaN,NaN,NaN
M400-01-baseline-awake,approach_pair,133,5,5,recipe_peaks_in_one_native_candidate,not_a_two_parent_contact,1,NaN,NaN,NaN
M400-01-baseline-awake,approach_pair,134,7,7,recipe_peaks_in_one_native_candidate,not_a_two_parent_contact,1,NaN,NaN,NaN
M400-01-baseline-awake,approach_pair,135,5,5,recipe_peaks_in_one_native_candidate,not_a_two_parent_contact,1,NaN,NaN,NaN
M400-01-baseline-awake,approach_pair,136,7,7,recipe_peaks_in_one_native_candidate,not_a_two_parent_contact,1,NaN,NaN,NaN
M400-01-baseline-awake,approach_pair,137,9,9,recipe_peaks_in_one_native_candidate,not_a_two_parent_contact,1,NaN,NaN,NaN
M400-01-baseline-awake,approach_pair,138,6,6,recipe_peaks_in_one_native_candidate,not_a_two_parent_contact,1,NaN,NaN,NaN
M400-01-baseline-awake,approach_pair,139,4,4,recipe_peaks_in_one_native_candidate,not_a_two_parent_contact,1,NaN,NaN,NaN
M400-01-baseline-awake,approach_pair,140,2,2,recipe_peaks_in_one_native_candidate,not_a_two_parent_contact,1,NaN,NaN,NaN
M400-01-baseline-awake,approach_pair,141,3,3,recipe_peaks_in_one_native_candidate,not_a_two_parent_contact,1,NaN,NaN,NaN
M400-01-baseline-awake,approach_pair,142,6,6,recipe_peaks_in_one_native_candidate,not_a_two_parent_contact,1,NaN,NaN,NaN
M400-01-baseline-awake,approach_pair,143,5,5,recipe_peaks_in_one_native_candidate,not_a_two_parent_contact,1,NaN,NaN,NaN
M400-01-baseline-awake,approach_pair,144,3,3,recipe_peaks_in_one_native_candidate,not_a_two_parent_contact,1,NaN,NaN,NaN
M400-01-baseline-awake,approach_pair,145,3,3,recipe_peaks_in_one_native_candidate,split_applied,2,6,390.83004618376,0.962307476198369
M400-01-baseline-awake,approach_pair,146,3,3,recipe_peaks_in_one_native_candidate,insufficient_history,2,1,NaN,NaN
M400-01-baseline-awake,approach_pair,147,4,4,recipe_peaks_in_one_native_candidate,not_a_two_parent_contact,1,NaN,NaN,NaN
M400-01-baseline-awake,approach_pair,148,4,4,recipe_peaks_in_one_native_candidate,not_a_two_parent_contact,1,NaN,NaN,NaN
M400-01-baseline-awake,approach_pair,149,2,2,recipe_peaks_in_one_native_candidate,insufficient_history,2,2,NaN,NaN
M400-01-baseline-awake,approach_pair,150,4,4,recipe_peaks_in_one_native_candidate,not_a_two_parent_contact,1,NaN,NaN,NaN
M400-01-baseline-awake,approach_pair,151,2,2,recipe_peaks_in_one_native_candidate,insufficient_history,2,1,NaN,NaN
M400-01-baseline-awake,approach_pair,152,4,4,recipe_peaks_in_one_native_candidate,not_a_two_parent_contact,1,NaN,NaN,NaN
M400-01-baseline-awake,approach_pair,153,4,4,recipe_peaks_in_one_native_candidate,not_a_two_parent_contact,1,NaN,NaN,NaN
M400-01-baseline-awake,approach_pair,154,2,2,recipe_peaks_in_one_native_candidate,not_a_two_parent_contact,3,NaN,NaN,NaN
M400-01-baseline-awake,approach_pair,155,3,3,recipe_peaks_in_one_native_candidate,not_a_two_parent_contact,1,NaN,NaN,NaN
M400-01-baseline-awake,approach_pair,156,6,6,recipe_peaks_in_one_native_candidate,insufficient_history,2,1,NaN,NaN
M400-01-baseline-awake,approach_pair,157,3,3,recipe_peaks_in_one_native_candidate,not_a_two_parent_contact,1,NaN,NaN,NaN
M400-01-baseline-awake,approach_pair,158,4,4,recipe_peaks_in_one_native_candidate,not_a_two_parent_contact,1,NaN,NaN,NaN
M400-01-baseline-awake,approach_pair,159,2,2,recipe_peaks_in_one_native_candidate,not_a_two_parent_contact,1,NaN,NaN,NaN
M400-01-baseline-awake,approach_pair,160,3,3,recipe_peaks_in_one_native_candidate,not_a_two_parent_contact,1,NaN,NaN,NaN
M400-01-baseline-awake,approach_pair,161,7,7,recipe_peaks_in_one_native_candidate,not_a_two_parent_contact,1,NaN,NaN,NaN
M400-01-baseline-awake,approach_pair,162,4,5,recipe_peaks_in_separate_native_candidates,,NaN,NaN,NaN,NaN
M400-01-baseline-awake,approach_pair,163,1,2,recipe_peaks_in_separate_native_candidates,,NaN,NaN,NaN,NaN
M400-01-baseline-awake,approach_pair,164,2,3,recipe_peaks_in_separate_native_candidates,,NaN,NaN,NaN,NaN
M400-01-baseline-awake,approach_pair,165,3,0,one_or_both_recipe_peaks_outside_admitted_candidates,,NaN,NaN,NaN,NaN
M400-01-baseline-awake,approach_pair,166,2,5,recipe_peaks_in_separate_native_candidates,,NaN,NaN,NaN,NaN
M400-01-baseline-awake,approach_pair,167,2,6,recipe_peaks_in_separate_native_candidates,,NaN,NaN,NaN,NaN
M400-01-baseline-awake,approach_pair,168,1,0,one_or_both_recipe_peaks_outside_admitted_candidates,,NaN,NaN,NaN,NaN
M400-01-baseline-awake,approach_pair,169,0,0,one_or_both_recipe_peaks_outside_admitted_candidates,,NaN,NaN,NaN,NaN
M400-01-baseline-awake,approach_pair,170,0,0,one_or_both_recipe_peaks_outside_admitted_candidates,,NaN,NaN,NaN,NaN
M400-01-baseline-awake,approach_pair,171,0,0,one_or_both_recipe_peaks_outside_admitted_candidates,,NaN,NaN,NaN,NaN
M400-01-baseline-awake,approach_pair,172,0,0,one_or_both_recipe_peaks_outside_admitted_candidates,,NaN,NaN,NaN,NaN
M400-01-baseline-awake,approach_pair,173,0,0,one_or_both_recipe_peaks_outside_admitted_candidates,,NaN,NaN,NaN,NaN
M400-01-baseline-awake,approach_pair,174,0,0,one_or_both_recipe_peaks_outside_admitted_candidates,,NaN,NaN,NaN,NaN
M400-01-baseline-awake,approach_pair,175,0,0,one_or_both_recipe_peaks_outside_admitted_candidates,,NaN,NaN,NaN,NaN
M400-01-baseline-awake,approach_pair,176,0,0,one_or_both_recipe_peaks_outside_admitted_candidates,,NaN,NaN,NaN,NaN
M400-01-baseline-awake,approach_pair,177,0,0,one_or_both_recipe_peaks_outside_admitted_candidates,,NaN,NaN,NaN,NaN
M400-01-baseline-awake,approach_pair,178,0,0,one_or_both_recipe_peaks_outside_admitted_candidates,,NaN,NaN,NaN,NaN
M400-01-baseline-awake,approach_pair,179,0,0,one_or_both_recipe_peaks_outside_admitted_candidates,,NaN,NaN,NaN,NaN
M400-01-baseline-awake,approach_pair,180,0,0,one_or_both_recipe_peaks_outside_admitted_candidates,,NaN,NaN,NaN,NaN
M400-01-baseline-awake,crossing_pair,101,0,8,one_or_both_recipe_peaks_outside_admitted_candidates,,NaN,NaN,NaN,NaN
M400-01-baseline-awake,crossing_pair,102,0,0,one_or_both_recipe_peaks_outside_admitted_candidates,,NaN,NaN,NaN,NaN
M400-01-baseline-awake,crossing_pair,103,0,0,one_or_both_recipe_peaks_outside_admitted_candidates,,NaN,NaN,NaN,NaN
M400-01-baseline-awake,crossing_pair,104,0,0,one_or_both_recipe_peaks_outside_admitted_candidates,,NaN,NaN,NaN,NaN
M400-01-baseline-awake,crossing_pair,105,0,0,one_or_both_recipe_peaks_outside_admitted_candidates,,NaN,NaN,NaN,NaN
M400-01-baseline-awake,crossing_pair,106,0,0,one_or_both_recipe_peaks_outside_admitted_candidates,,NaN,NaN,NaN,NaN
M400-01-baseline-awake,crossing_pair,107,0,0,one_or_both_recipe_peaks_outside_admitted_candidates,,NaN,NaN,NaN,NaN
M400-01-baseline-awake,crossing_pair,108,0,0,one_or_both_recipe_peaks_outside_admitted_candidates,,NaN,NaN,NaN,NaN
M400-01-baseline-awake,crossing_pair,109,0,0,one_or_both_recipe_peaks_outside_admitted_candidates,,NaN,NaN,NaN,NaN
M400-01-baseline-awake,crossing_pair,110,0,0,one_or_both_recipe_peaks_outside_admitted_candidates,,NaN,NaN,NaN,NaN
M400-01-baseline-awake,crossing_pair,111,0,0,one_or_both_recipe_peaks_outside_admitted_candidates,,NaN,NaN,NaN,NaN
M400-01-baseline-awake,crossing_pair,112,0,0,one_or_both_recipe_peaks_outside_admitted_candidates,,NaN,NaN,NaN,NaN
M400-01-baseline-awake,crossing_pair,113,0,0,one_or_both_recipe_peaks_outside_admitted_candidates,,NaN,NaN,NaN,NaN
M400-01-baseline-awake,crossing_pair,114,0,0,one_or_both_recipe_peaks_outside_admitted_candidates,,NaN,NaN,NaN,NaN
M400-01-baseline-awake,crossing_pair,115,2,4,recipe_peaks_in_separate_native_candidates,,NaN,NaN,NaN,NaN
M400-01-baseline-awake,crossing_pair,116,3,6,recipe_peaks_in_separate_native_candidates,,NaN,NaN,NaN,NaN
M400-01-baseline-awake,crossing_pair,117,2,5,recipe_peaks_in_separate_native_candidates,,NaN,NaN,NaN,NaN
M400-01-baseline-awake,crossing_pair,118,1,4,recipe_peaks_in_separate_native_candidates,,NaN,NaN,NaN,NaN
M400-01-baseline-awake,crossing_pair,119,1,4,recipe_peaks_in_separate_native_candidates,,NaN,NaN,NaN,NaN
M400-01-baseline-awake,crossing_pair,120,3,3,recipe_peaks_in_one_native_candidate,split_applied,2,4,164.887272098243,0.974447290139559
M400-01-baseline-awake,crossing_pair,121,2,2,recipe_peaks_in_one_native_candidate,split_applied,2,5,169.741899659454,0.852211197430093
M400-01-baseline-awake,crossing_pair,122,4,4,recipe_peaks_in_one_native_candidate,split_applied,2,6,166.791973727755,0.503349620168128
M400-01-baseline-awake,crossing_pair,123,4,4,recipe_peaks_in_one_native_candidate,markers_too_close,2,7,95.4738184006485,NaN
M400-01-baseline-awake,crossing_pair,124,4,4,recipe_peaks_in_one_native_candidate,not_a_two_parent_contact,1,NaN,NaN,NaN
M400-01-baseline-awake,crossing_pair,125,4,4,recipe_peaks_in_one_native_candidate,not_a_two_parent_contact,1,NaN,NaN,NaN
M400-01-baseline-awake,crossing_pair,126,5,5,recipe_peaks_in_one_native_candidate,not_a_two_parent_contact,1,NaN,NaN,NaN
M400-01-baseline-awake,crossing_pair,127,6,6,recipe_peaks_in_one_native_candidate,not_a_two_parent_contact,1,NaN,NaN,NaN
M400-01-baseline-awake,crossing_pair,128,4,4,recipe_peaks_in_one_native_candidate,not_a_two_parent_contact,1,NaN,NaN,NaN
M400-01-baseline-awake,crossing_pair,129,4,4,recipe_peaks_in_one_native_candidate,not_a_two_parent_contact,1,NaN,NaN,NaN
M400-01-baseline-awake,crossing_pair,130,3,3,recipe_peaks_in_one_native_candidate,not_a_two_parent_contact,1,NaN,NaN,NaN
M400-01-baseline-awake,crossing_pair,131,2,2,recipe_peaks_in_one_native_candidate,not_a_two_parent_contact,1,NaN,NaN,NaN
M400-01-baseline-awake,crossing_pair,132,4,4,recipe_peaks_in_one_native_candidate,not_a_two_parent_contact,1,NaN,NaN,NaN
M400-01-baseline-awake,crossing_pair,133,5,5,recipe_peaks_in_one_native_candidate,not_a_two_parent_contact,1,NaN,NaN,NaN
M400-01-baseline-awake,crossing_pair,134,7,7,recipe_peaks_in_one_native_candidate,not_a_two_parent_contact,1,NaN,NaN,NaN
M400-01-baseline-awake,crossing_pair,135,6,6,recipe_peaks_in_one_native_candidate,not_a_two_parent_contact,1,NaN,NaN,NaN
M400-01-baseline-awake,crossing_pair,136,7,7,recipe_peaks_in_one_native_candidate,not_a_two_parent_contact,1,NaN,NaN,NaN
M400-01-baseline-awake,crossing_pair,137,9,9,recipe_peaks_in_one_native_candidate,not_a_two_parent_contact,1,NaN,NaN,NaN
M400-01-baseline-awake,crossing_pair,138,6,6,recipe_peaks_in_one_native_candidate,not_a_two_parent_contact,1,NaN,NaN,NaN
M400-01-baseline-awake,crossing_pair,139,3,3,recipe_peaks_in_one_native_candidate,not_a_two_parent_contact,1,NaN,NaN,NaN
M400-01-baseline-awake,crossing_pair,140,2,2,recipe_peaks_in_one_native_candidate,not_a_two_parent_contact,1,NaN,NaN,NaN
M400-01-baseline-awake,crossing_pair,141,3,3,recipe_peaks_in_one_native_candidate,not_a_two_parent_contact,1,NaN,NaN,NaN
M400-01-baseline-awake,crossing_pair,142,6,6,recipe_peaks_in_one_native_candidate,not_a_two_parent_contact,1,NaN,NaN,NaN
M400-01-baseline-awake,crossing_pair,143,5,5,recipe_peaks_in_one_native_candidate,not_a_two_parent_contact,1,NaN,NaN,NaN
M400-01-baseline-awake,crossing_pair,144,4,4,recipe_peaks_in_one_native_candidate,not_a_two_parent_contact,1,NaN,NaN,NaN
M400-01-baseline-awake,crossing_pair,145,3,3,recipe_peaks_in_one_native_candidate,split_applied,2,6,320.22892202298,0.960776509974732
M400-01-baseline-awake,crossing_pair,146,4,4,recipe_peaks_in_one_native_candidate,insufficient_previous_coverage,2,7,NaN,NaN
M400-01-baseline-awake,crossing_pair,147,4,4,recipe_peaks_in_one_native_candidate,not_a_two_parent_contact,1,NaN,NaN,NaN
M400-01-baseline-awake,crossing_pair,148,4,4,recipe_peaks_in_one_native_candidate,not_a_two_parent_contact,1,NaN,NaN,NaN
M400-01-baseline-awake,crossing_pair,149,5,5,recipe_peaks_in_one_native_candidate,not_a_two_parent_contact,1,NaN,NaN,NaN
M400-01-baseline-awake,crossing_pair,150,5,5,recipe_peaks_in_one_native_candidate,not_a_two_parent_contact,1,NaN,NaN,NaN
M400-01-baseline-awake,crossing_pair,151,4,4,recipe_peaks_in_one_native_candidate,not_a_two_parent_contact,1,NaN,NaN,NaN
M400-01-baseline-awake,crossing_pair,152,5,5,recipe_peaks_in_one_native_candidate,not_a_two_parent_contact,1,NaN,NaN,NaN
M400-01-baseline-awake,crossing_pair,153,4,4,recipe_peaks_in_one_native_candidate,not_a_two_parent_contact,1,NaN,NaN,NaN
M400-01-baseline-awake,crossing_pair,154,2,2,recipe_peaks_in_one_native_candidate,insufficient_history,2,2,NaN,NaN
M400-01-baseline-awake,crossing_pair,155,4,4,recipe_peaks_in_one_native_candidate,not_a_two_parent_contact,1,NaN,NaN,NaN
M400-01-baseline-awake,crossing_pair,156,6,6,recipe_peaks_in_one_native_candidate,not_a_two_parent_contact,1,NaN,NaN,NaN
M400-01-baseline-awake,crossing_pair,157,3,3,recipe_peaks_in_one_native_candidate,not_a_two_parent_contact,1,NaN,NaN,NaN
M400-01-baseline-awake,crossing_pair,158,4,4,recipe_peaks_in_one_native_candidate,not_a_two_parent_contact,1,NaN,NaN,NaN
M400-01-baseline-awake,crossing_pair,159,2,2,recipe_peaks_in_one_native_candidate,not_a_two_parent_contact,1,NaN,NaN,NaN
M400-01-baseline-awake,crossing_pair,160,3,3,recipe_peaks_in_one_native_candidate,not_a_two_parent_contact,1,NaN,NaN,NaN
M400-01-baseline-awake,crossing_pair,161,7,7,recipe_peaks_in_one_native_candidate,not_a_two_parent_contact,1,NaN,NaN,NaN
M400-01-baseline-awake,crossing_pair,162,0,0,one_or_both_recipe_peaks_outside_admitted_candidates,,NaN,NaN,NaN,NaN
M400-01-baseline-awake,crossing_pair,163,2,1,recipe_peaks_in_separate_native_candidates,,NaN,NaN,NaN,NaN
M400-01-baseline-awake,crossing_pair,164,3,2,recipe_peaks_in_separate_native_candidates,,NaN,NaN,NaN,NaN
M400-01-baseline-awake,crossing_pair,165,4,3,recipe_peaks_in_separate_native_candidates,,NaN,NaN,NaN,NaN
M400-01-baseline-awake,crossing_pair,166,4,2,recipe_peaks_in_separate_native_candidates,,NaN,NaN,NaN,NaN
M400-01-baseline-awake,crossing_pair,167,6,2,recipe_peaks_in_separate_native_candidates,,NaN,NaN,NaN,NaN
M400-01-baseline-awake,crossing_pair,168,3,0,one_or_both_recipe_peaks_outside_admitted_candidates,,NaN,NaN,NaN,NaN
M400-01-baseline-awake,crossing_pair,169,5,0,one_or_both_recipe_peaks_outside_admitted_candidates,,NaN,NaN,NaN,NaN
M400-01-baseline-awake,crossing_pair,170,0,0,one_or_both_recipe_peaks_outside_admitted_candidates,,NaN,NaN,NaN,NaN
M400-01-baseline-awake,crossing_pair,171,0,0,one_or_both_recipe_peaks_outside_admitted_candidates,,NaN,NaN,NaN,NaN
M400-01-baseline-awake,crossing_pair,172,0,0,one_or_both_recipe_peaks_outside_admitted_candidates,,NaN,NaN,NaN,NaN
M400-01-baseline-awake,crossing_pair,173,0,0,one_or_both_recipe_peaks_outside_admitted_candidates,,NaN,NaN,NaN,NaN
M400-01-baseline-awake,crossing_pair,174,0,0,one_or_both_recipe_peaks_outside_admitted_candidates,,NaN,NaN,NaN,NaN
M400-01-baseline-awake,crossing_pair,175,0,0,one_or_both_recipe_peaks_outside_admitted_candidates,,NaN,NaN,NaN,NaN
M400-01-baseline-awake,crossing_pair,176,0,0,one_or_both_recipe_peaks_outside_admitted_candidates,,NaN,NaN,NaN,NaN
M400-01-baseline-awake,crossing_pair,177,0,0,one_or_both_recipe_peaks_outside_admitted_candidates,,NaN,NaN,NaN,NaN
M400-01-baseline-awake,crossing_pair,178,0,0,one_or_both_recipe_peaks_outside_admitted_candidates,,NaN,NaN,NaN,NaN
M400-01-baseline-awake,crossing_pair,179,0,0,one_or_both_recipe_peaks_outside_admitted_candidates,,NaN,NaN,NaN,NaN
M400-01-baseline-awake,crossing_pair,180,0,0,one_or_both_recipe_peaks_outside_admitted_candidates,,NaN,NaN,NaN,NaN
M401-01-baseline-awake,separate_pair,101,0,0,one_or_both_recipe_peaks_outside_admitted_candidates,,NaN,NaN,NaN,NaN
M401-01-baseline-awake,separate_pair,102,0,0,one_or_both_recipe_peaks_outside_admitted_candidates,,NaN,NaN,NaN,NaN
M401-01-baseline-awake,separate_pair,103,0,0,one_or_both_recipe_peaks_outside_admitted_candidates,,NaN,NaN,NaN,NaN
M401-01-baseline-awake,separate_pair,104,0,0,one_or_both_recipe_peaks_outside_admitted_candidates,,NaN,NaN,NaN,NaN
M401-01-baseline-awake,separate_pair,105,0,0,one_or_both_recipe_peaks_outside_admitted_candidates,,NaN,NaN,NaN,NaN
M401-01-baseline-awake,separate_pair,106,0,0,one_or_both_recipe_peaks_outside_admitted_candidates,,NaN,NaN,NaN,NaN
M401-01-baseline-awake,separate_pair,107,0,0,one_or_both_recipe_peaks_outside_admitted_candidates,,NaN,NaN,NaN,NaN
M401-01-baseline-awake,separate_pair,108,0,0,one_or_both_recipe_peaks_outside_admitted_candidates,,NaN,NaN,NaN,NaN
M401-01-baseline-awake,separate_pair,109,0,0,one_or_both_recipe_peaks_outside_admitted_candidates,,NaN,NaN,NaN,NaN
M401-01-baseline-awake,separate_pair,110,0,0,one_or_both_recipe_peaks_outside_admitted_candidates,,NaN,NaN,NaN,NaN
M401-01-baseline-awake,separate_pair,111,0,0,one_or_both_recipe_peaks_outside_admitted_candidates,,NaN,NaN,NaN,NaN
M401-01-baseline-awake,separate_pair,112,0,0,one_or_both_recipe_peaks_outside_admitted_candidates,,NaN,NaN,NaN,NaN
M401-01-baseline-awake,separate_pair,113,0,0,one_or_both_recipe_peaks_outside_admitted_candidates,,NaN,NaN,NaN,NaN
M401-01-baseline-awake,separate_pair,114,0,0,one_or_both_recipe_peaks_outside_admitted_candidates,,NaN,NaN,NaN,NaN
M401-01-baseline-awake,separate_pair,115,2,0,one_or_both_recipe_peaks_outside_admitted_candidates,,NaN,NaN,NaN,NaN
M401-01-baseline-awake,separate_pair,116,1,0,one_or_both_recipe_peaks_outside_admitted_candidates,,NaN,NaN,NaN,NaN
M401-01-baseline-awake,separate_pair,117,3,0,one_or_both_recipe_peaks_outside_admitted_candidates,,NaN,NaN,NaN,NaN
M401-01-baseline-awake,separate_pair,118,2,4,recipe_peaks_in_separate_native_candidates,,NaN,NaN,NaN,NaN
M401-01-baseline-awake,separate_pair,119,1,1,recipe_peaks_in_one_native_candidate,insufficient_history,2,1,NaN,NaN
M401-01-baseline-awake,separate_pair,120,1,2,recipe_peaks_in_separate_native_candidates,,NaN,NaN,NaN,NaN
M401-01-baseline-awake,separate_pair,121,3,6,recipe_peaks_in_separate_native_candidates,,NaN,NaN,NaN,NaN
M401-01-baseline-awake,separate_pair,122,3,4,recipe_peaks_in_separate_native_candidates,,NaN,NaN,NaN,NaN
M401-01-baseline-awake,separate_pair,123,3,4,recipe_peaks_in_separate_native_candidates,,NaN,NaN,NaN,NaN
M401-01-baseline-awake,separate_pair,124,4,5,recipe_peaks_in_separate_native_candidates,,NaN,NaN,NaN,NaN
M401-01-baseline-awake,separate_pair,125,3,4,recipe_peaks_in_separate_native_candidates,,NaN,NaN,NaN,NaN
M401-01-baseline-awake,separate_pair,126,3,4,recipe_peaks_in_separate_native_candidates,,NaN,NaN,NaN,NaN
M401-01-baseline-awake,separate_pair,127,1,1,recipe_peaks_in_one_native_candidate,split_applied,2,7,295.456109261596,0.995784620997346
M401-01-baseline-awake,separate_pair,128,4,4,recipe_peaks_in_one_native_candidate,split_applied,2,8,304.593171295747,0.889080735416389
M401-01-baseline-awake,separate_pair,129,2,2,recipe_peaks_in_one_native_candidate,split_applied,2,9,304.0371071103,0.909113529423209
M401-01-baseline-awake,separate_pair,130,3,3,recipe_peaks_in_one_native_candidate,split_applied,2,10,304.593171295747,0.919741481203313
M401-01-baseline-awake,separate_pair,131,2,2,recipe_peaks_in_one_native_candidate,split_applied,2,11,309.334062948134,0.977715298041155
M401-01-baseline-awake,separate_pair,132,3,5,recipe_peaks_in_separate_native_candidates,,NaN,NaN,NaN,NaN
M401-01-baseline-awake,separate_pair,133,4,5,recipe_peaks_in_separate_native_candidates,,NaN,NaN,NaN,NaN
M401-01-baseline-awake,separate_pair,134,5,5,recipe_peaks_in_one_native_candidate,split_applied,2,14,308.896119269893,0.912100523783476
M401-01-baseline-awake,separate_pair,135,3,3,recipe_peaks_in_one_native_candidate,split_applied,2,15,304.14840127806,0.836974020300306
M401-01-baseline-awake,separate_pair,136,3,3,recipe_peaks_in_one_native_candidate,split_applied,2,16,342.131919002013,0.918349278089045
M401-01-baseline-awake,separate_pair,137,2,2,recipe_peaks_in_one_native_candidate,split_applied,2,17,327.887652253024,0.956836473796515
M401-01-baseline-awake,separate_pair,138,4,4,recipe_peaks_in_one_native_candidate,split_applied,2,18,309.334062948134,0.983596805537053
M401-01-baseline-awake,separate_pair,139,4,4,recipe_peaks_in_one_native_candidate,split_applied,2,19,327.784418482636,0.977392785884313
M401-01-baseline-awake,separate_pair,140,3,4,recipe_peaks_in_separate_native_candidates,,NaN,NaN,NaN,NaN
M401-01-baseline-awake,separate_pair,141,2,3,recipe_peaks_in_separate_native_candidates,,NaN,NaN,NaN,NaN
M401-01-baseline-awake,separate_pair,142,2,2,recipe_peaks_in_one_native_candidate,split_applied,2,22,338.452083019148,0.975343533105489
M401-01-baseline-awake,separate_pair,143,3,6,recipe_peaks_in_separate_native_candidates,,NaN,NaN,NaN,NaN
M401-01-baseline-awake,separate_pair,144,1,4,recipe_peaks_in_separate_native_candidates,,NaN,NaN,NaN,NaN
M401-01-baseline-awake,separate_pair,145,2,5,recipe_peaks_in_separate_native_candidates,,NaN,NaN,NaN,NaN
M401-01-baseline-awake,separate_pair,146,1,4,recipe_peaks_in_separate_native_candidates,,NaN,NaN,NaN,NaN
M401-01-baseline-awake,separate_pair,147,4,4,recipe_peaks_in_one_native_candidate,split_applied,2,27,323.314185429591,0.888374857479048
M401-01-baseline-awake,separate_pair,148,3,3,recipe_peaks_in_one_native_candidate,split_applied,2,28,323.034924582467,0.892939556405361
M401-01-baseline-awake,separate_pair,149,3,3,recipe_peaks_in_one_native_candidate,split_applied,2,29,318.285445787268,0.892045131305833
M401-01-baseline-awake,separate_pair,150,4,4,recipe_peaks_in_one_native_candidate,split_applied,2,30,318.391759472509,0.927550092018035
M401-01-baseline-awake,separate_pair,151,4,7,recipe_peaks_in_separate_native_candidates,,NaN,NaN,NaN,NaN
M401-01-baseline-awake,separate_pair,152,4,7,recipe_peaks_in_separate_native_candidates,,NaN,NaN,NaN,NaN
M401-01-baseline-awake,separate_pair,153,4,6,recipe_peaks_in_separate_native_candidates,,NaN,NaN,NaN,NaN
M401-01-baseline-awake,separate_pair,154,5,7,recipe_peaks_in_separate_native_candidates,,NaN,NaN,NaN,NaN
M401-01-baseline-awake,separate_pair,155,2,3,recipe_peaks_in_separate_native_candidates,,NaN,NaN,NaN,NaN
M401-01-baseline-awake,separate_pair,156,4,6,recipe_peaks_in_separate_native_candidates,,NaN,NaN,NaN,NaN
M401-01-baseline-awake,separate_pair,157,3,0,one_or_both_recipe_peaks_outside_admitted_candidates,,NaN,NaN,NaN,NaN
M401-01-baseline-awake,separate_pair,158,3,5,recipe_peaks_in_separate_native_candidates,,NaN,NaN,NaN,NaN
M401-01-baseline-awake,separate_pair,159,4,7,recipe_peaks_in_separate_native_candidates,,NaN,NaN,NaN,NaN
M401-01-baseline-awake,separate_pair,160,4,5,recipe_peaks_in_separate_native_candidates,,NaN,NaN,NaN,NaN
M401-01-baseline-awake,separate_pair,161,1,2,recipe_peaks_in_separate_native_candidates,,NaN,NaN,NaN,NaN
M401-01-baseline-awake,separate_pair,162,3,4,recipe_peaks_in_separate_native_candidates,,NaN,NaN,NaN,NaN
M401-01-baseline-awake,separate_pair,163,4,5,recipe_peaks_in_separate_native_candidates,,NaN,NaN,NaN,NaN
M401-01-baseline-awake,separate_pair,164,2,3,recipe_peaks_in_separate_native_candidates,,NaN,NaN,NaN,NaN
M401-01-baseline-awake,separate_pair,165,1,0,one_or_both_recipe_peaks_outside_admitted_candidates,,NaN,NaN,NaN,NaN
M401-01-baseline-awake,separate_pair,166,0,0,one_or_both_recipe_peaks_outside_admitted_candidates,,NaN,NaN,NaN,NaN
M401-01-baseline-awake,separate_pair,167,0,0,one_or_both_recipe_peaks_outside_admitted_candidates,,NaN,NaN,NaN,NaN
M401-01-baseline-awake,separate_pair,168,0,0,one_or_both_recipe_peaks_outside_admitted_candidates,,NaN,NaN,NaN,NaN
M401-01-baseline-awake,separate_pair,169,0,0,one_or_both_recipe_peaks_outside_admitted_candidates,,NaN,NaN,NaN,NaN
M401-01-baseline-awake,separate_pair,170,0,0,one_or_both_recipe_peaks_outside_admitted_candidates,,NaN,NaN,NaN,NaN
M401-01-baseline-awake,separate_pair,171,0,0,one_or_both_recipe_peaks_outside_admitted_candidates,,NaN,NaN,NaN,NaN
M401-01-baseline-awake,separate_pair,172,0,0,one_or_both_recipe_peaks_outside_admitted_candidates,,NaN,NaN,NaN,NaN
M401-01-baseline-awake,separate_pair,173,0,0,one_or_both_recipe_peaks_outside_admitted_candidates,,NaN,NaN,NaN,NaN
M401-01-baseline-awake,separate_pair,174,0,0,one_or_both_recipe_peaks_outside_admitted_candidates,,NaN,NaN,NaN,NaN
M401-01-baseline-awake,separate_pair,175,0,0,one_or_both_recipe_peaks_outside_admitted_candidates,,NaN,NaN,NaN,NaN
M401-01-baseline-awake,separate_pair,176,0,0,one_or_both_recipe_peaks_outside_admitted_candidates,,NaN,NaN,NaN,NaN
M401-01-baseline-awake,separate_pair,177,0,0,one_or_both_recipe_peaks_outside_admitted_candidates,,NaN,NaN,NaN,NaN
M401-01-baseline-awake,separate_pair,178,0,0,one_or_both_recipe_peaks_outside_admitted_candidates,,NaN,NaN,NaN,NaN
M401-01-baseline-awake,separate_pair,179,0,0,one_or_both_recipe_peaks_outside_admitted_candidates,,NaN,NaN,NaN,NaN
M401-01-baseline-awake,separate_pair,180,0,0,one_or_both_recipe_peaks_outside_admitted_candidates,,NaN,NaN,NaN,NaN
M401-01-baseline-awake,approach_pair,101,0,0,one_or_both_recipe_peaks_outside_admitted_candidates,,NaN,NaN,NaN,NaN
M401-01-baseline-awake,approach_pair,102,0,0,one_or_both_recipe_peaks_outside_admitted_candidates,,NaN,NaN,NaN,NaN
M401-01-baseline-awake,approach_pair,103,0,0,one_or_both_recipe_peaks_outside_admitted_candidates,,NaN,NaN,NaN,NaN
M401-01-baseline-awake,approach_pair,104,0,0,one_or_both_recipe_peaks_outside_admitted_candidates,,NaN,NaN,NaN,NaN
M401-01-baseline-awake,approach_pair,105,0,0,one_or_both_recipe_peaks_outside_admitted_candidates,,NaN,NaN,NaN,NaN
M401-01-baseline-awake,approach_pair,106,0,0,one_or_both_recipe_peaks_outside_admitted_candidates,,NaN,NaN,NaN,NaN
M401-01-baseline-awake,approach_pair,107,0,0,one_or_both_recipe_peaks_outside_admitted_candidates,,NaN,NaN,NaN,NaN
M401-01-baseline-awake,approach_pair,108,0,0,one_or_both_recipe_peaks_outside_admitted_candidates,,NaN,NaN,NaN,NaN
M401-01-baseline-awake,approach_pair,109,3,0,one_or_both_recipe_peaks_outside_admitted_candidates,,NaN,NaN,NaN,NaN
M401-01-baseline-awake,approach_pair,110,2,0,one_or_both_recipe_peaks_outside_admitted_candidates,,NaN,NaN,NaN,NaN
M401-01-baseline-awake,approach_pair,111,0,0,one_or_both_recipe_peaks_outside_admitted_candidates,,NaN,NaN,NaN,NaN
M401-01-baseline-awake,approach_pair,112,0,0,one_or_both_recipe_peaks_outside_admitted_candidates,,NaN,NaN,NaN,NaN
M401-01-baseline-awake,approach_pair,113,2,0,one_or_both_recipe_peaks_outside_admitted_candidates,,NaN,NaN,NaN,NaN
M401-01-baseline-awake,approach_pair,114,1,0,one_or_both_recipe_peaks_outside_admitted_candidates,,NaN,NaN,NaN,NaN
M401-01-baseline-awake,approach_pair,115,1,0,one_or_both_recipe_peaks_outside_admitted_candidates,,NaN,NaN,NaN,NaN
M401-01-baseline-awake,approach_pair,116,1,0,one_or_both_recipe_peaks_outside_admitted_candidates,,NaN,NaN,NaN,NaN
M401-01-baseline-awake,approach_pair,117,3,5,recipe_peaks_in_separate_native_candidates,,NaN,NaN,NaN,NaN
M401-01-baseline-awake,approach_pair,118,2,4,recipe_peaks_in_separate_native_candidates,,NaN,NaN,NaN,NaN
M401-01-baseline-awake,approach_pair,119,1,1,recipe_peaks_in_one_native_candidate,insufficient_history,2,2,NaN,NaN
M401-01-baseline-awake,approach_pair,120,1,1,recipe_peaks_in_one_native_candidate,not_a_two_parent_contact,1,NaN,NaN,NaN
M401-01-baseline-awake,approach_pair,121,0,0,one_or_both_recipe_peaks_outside_admitted_candidates,,NaN,NaN,NaN,NaN
M401-01-baseline-awake,approach_pair,122,3,3,recipe_peaks_in_one_native_candidate,not_a_two_parent_contact,0,NaN,NaN,NaN
M401-01-baseline-awake,approach_pair,123,3,3,recipe_peaks_in_one_native_candidate,not_a_two_parent_contact,1,NaN,NaN,NaN
M401-01-baseline-awake,approach_pair,124,4,4,recipe_peaks_in_one_native_candidate,not_a_two_parent_contact,1,NaN,NaN,NaN
M401-01-baseline-awake,approach_pair,125,3,3,recipe_peaks_in_one_native_candidate,not_a_two_parent_contact,1,NaN,NaN,NaN
M401-01-baseline-awake,approach_pair,126,3,3,recipe_peaks_in_one_native_candidate,not_a_two_parent_contact,1,NaN,NaN,NaN
M401-01-baseline-awake,approach_pair,127,1,1,recipe_peaks_in_one_native_candidate,not_a_two_parent_contact,1,NaN,NaN,NaN
M401-01-baseline-awake,approach_pair,128,4,4,recipe_peaks_in_one_native_candidate,not_a_two_parent_contact,1,NaN,NaN,NaN
M401-01-baseline-awake,approach_pair,129,2,2,recipe_peaks_in_one_native_candidate,not_a_two_parent_contact,1,NaN,NaN,NaN
M401-01-baseline-awake,approach_pair,130,3,3,recipe_peaks_in_one_native_candidate,not_a_two_parent_contact,1,NaN,NaN,NaN
M401-01-baseline-awake,approach_pair,131,3,3,recipe_peaks_in_one_native_candidate,not_a_two_parent_contact,1,NaN,NaN,NaN
M401-01-baseline-awake,approach_pair,132,3,3,recipe_peaks_in_one_native_candidate,not_a_two_parent_contact,1,NaN,NaN,NaN
M401-01-baseline-awake,approach_pair,133,4,4,recipe_peaks_in_one_native_candidate,not_a_two_parent_contact,1,NaN,NaN,NaN
M401-01-baseline-awake,approach_pair,134,5,5,recipe_peaks_in_one_native_candidate,not_a_two_parent_contact,1,NaN,NaN,NaN
M401-01-baseline-awake,approach_pair,135,3,3,recipe_peaks_in_one_native_candidate,not_a_two_parent_contact,1,NaN,NaN,NaN
M401-01-baseline-awake,approach_pair,136,3,3,recipe_peaks_in_one_native_candidate,not_a_two_parent_contact,1,NaN,NaN,NaN
M401-01-baseline-awake,approach_pair,137,2,2,recipe_peaks_in_one_native_candidate,not_a_two_parent_contact,1,NaN,NaN,NaN
M401-01-baseline-awake,approach_pair,138,4,4,recipe_peaks_in_one_native_candidate,not_a_two_parent_contact,1,NaN,NaN,NaN
M401-01-baseline-awake,approach_pair,139,5,5,recipe_peaks_in_one_native_candidate,not_a_two_parent_contact,1,NaN,NaN,NaN
M401-01-baseline-awake,approach_pair,140,3,3,recipe_peaks_in_one_native_candidate,not_a_two_parent_contact,1,NaN,NaN,NaN
M401-01-baseline-awake,approach_pair,141,2,2,recipe_peaks_in_one_native_candidate,not_a_two_parent_contact,1,NaN,NaN,NaN
M401-01-baseline-awake,approach_pair,142,3,3,recipe_peaks_in_one_native_candidate,not_a_two_parent_contact,1,NaN,NaN,NaN
M401-01-baseline-awake,approach_pair,143,2,2,recipe_peaks_in_one_native_candidate,insufficient_history,2,1,NaN,NaN
M401-01-baseline-awake,approach_pair,144,1,1,recipe_peaks_in_one_native_candidate,not_a_two_parent_contact,1,NaN,NaN,NaN
M401-01-baseline-awake,approach_pair,145,2,2,recipe_peaks_in_one_native_candidate,not_a_two_parent_contact,1,NaN,NaN,NaN
M401-01-baseline-awake,approach_pair,146,2,2,recipe_peaks_in_one_native_candidate,not_a_two_parent_contact,1,NaN,NaN,NaN
M401-01-baseline-awake,approach_pair,147,4,4,recipe_peaks_in_one_native_candidate,not_a_two_parent_contact,1,NaN,NaN,NaN
M401-01-baseline-awake,approach_pair,148,5,5,recipe_peaks_in_one_native_candidate,not_a_two_parent_contact,1,NaN,NaN,NaN
M401-01-baseline-awake,approach_pair,149,3,3,recipe_peaks_in_one_native_candidate,not_a_two_parent_contact,1,NaN,NaN,NaN
M401-01-baseline-awake,approach_pair,150,4,4,recipe_peaks_in_one_native_candidate,insufficient_history,2,1,NaN,NaN
M401-01-baseline-awake,approach_pair,151,4,4,recipe_peaks_in_one_native_candidate,not_a_two_parent_contact,1,NaN,NaN,NaN
M401-01-baseline-awake,approach_pair,152,4,4,recipe_peaks_in_one_native_candidate,not_a_two_parent_contact,1,NaN,NaN,NaN
M401-01-baseline-awake,approach_pair,153,4,4,recipe_peaks_in_one_native_candidate,not_a_two_parent_contact,1,NaN,NaN,NaN
M401-01-baseline-awake,approach_pair,154,5,5,recipe_peaks_in_one_native_candidate,not_a_two_parent_contact,1,NaN,NaN,NaN
M401-01-baseline-awake,approach_pair,155,3,3,recipe_peaks_in_one_native_candidate,not_a_two_parent_contact,1,NaN,NaN,NaN
M401-01-baseline-awake,approach_pair,156,4,4,recipe_peaks_in_one_native_candidate,not_a_two_parent_contact,1,NaN,NaN,NaN
M401-01-baseline-awake,approach_pair,157,3,3,recipe_peaks_in_one_native_candidate,not_a_two_parent_contact,1,NaN,NaN,NaN
M401-01-baseline-awake,approach_pair,158,3,3,recipe_peaks_in_one_native_candidate,not_a_two_parent_contact,1,NaN,NaN,NaN
M401-01-baseline-awake,approach_pair,159,4,4,recipe_peaks_in_one_native_candidate,not_a_two_parent_contact,1,NaN,NaN,NaN
M401-01-baseline-awake,approach_pair,160,4,5,recipe_peaks_in_separate_native_candidates,,NaN,NaN,NaN,NaN
M401-01-baseline-awake,approach_pair,161,1,2,recipe_peaks_in_separate_native_candidates,,NaN,NaN,NaN,NaN
M401-01-baseline-awake,approach_pair,162,3,4,recipe_peaks_in_separate_native_candidates,,NaN,NaN,NaN,NaN
M401-01-baseline-awake,approach_pair,163,4,5,recipe_peaks_in_separate_native_candidates,,NaN,NaN,NaN,NaN
M401-01-baseline-awake,approach_pair,164,2,3,recipe_peaks_in_separate_native_candidates,,NaN,NaN,NaN,NaN
M401-01-baseline-awake,approach_pair,165,1,3,recipe_peaks_in_separate_native_candidates,,NaN,NaN,NaN,NaN
M401-01-baseline-awake,approach_pair,166,1,0,one_or_both_recipe_peaks_outside_admitted_candidates,,NaN,NaN,NaN,NaN
M401-01-baseline-awake,approach_pair,167,0,0,one_or_both_recipe_peaks_outside_admitted_candidates,,NaN,NaN,NaN,NaN
M401-01-baseline-awake,approach_pair,168,0,0,one_or_both_recipe_peaks_outside_admitted_candidates,,NaN,NaN,NaN,NaN
M401-01-baseline-awake,approach_pair,169,0,0,one_or_both_recipe_peaks_outside_admitted_candidates,,NaN,NaN,NaN,NaN
M401-01-baseline-awake,approach_pair,170,0,0,one_or_both_recipe_peaks_outside_admitted_candidates,,NaN,NaN,NaN,NaN
M401-01-baseline-awake,approach_pair,171,0,0,one_or_both_recipe_peaks_outside_admitted_candidates,,NaN,NaN,NaN,NaN
M401-01-baseline-awake,approach_pair,172,0,0,one_or_both_recipe_peaks_outside_admitted_candidates,,NaN,NaN,NaN,NaN
M401-01-baseline-awake,approach_pair,173,0,0,one_or_both_recipe_peaks_outside_admitted_candidates,,NaN,NaN,NaN,NaN
M401-01-baseline-awake,approach_pair,174,0,0,one_or_both_recipe_peaks_outside_admitted_candidates,,NaN,NaN,NaN,NaN
M401-01-baseline-awake,approach_pair,175,0,0,one_or_both_recipe_peaks_outside_admitted_candidates,,NaN,NaN,NaN,NaN
M401-01-baseline-awake,approach_pair,176,0,0,one_or_both_recipe_peaks_outside_admitted_candidates,,NaN,NaN,NaN,NaN
M401-01-baseline-awake,approach_pair,177,0,0,one_or_both_recipe_peaks_outside_admitted_candidates,,NaN,NaN,NaN,NaN
M401-01-baseline-awake,approach_pair,178,0,0,one_or_both_recipe_peaks_outside_admitted_candidates,,NaN,NaN,NaN,NaN
M401-01-baseline-awake,approach_pair,179,0,0,one_or_both_recipe_peaks_outside_admitted_candidates,,NaN,NaN,NaN,NaN
M401-01-baseline-awake,approach_pair,180,0,0,one_or_both_recipe_peaks_outside_admitted_candidates,,NaN,NaN,NaN,NaN
M401-01-baseline-awake,crossing_pair,101,0,0,one_or_both_recipe_peaks_outside_admitted_candidates,,NaN,NaN,NaN,NaN
M401-01-baseline-awake,crossing_pair,102,0,0,one_or_both_recipe_peaks_outside_admitted_candidates,,NaN,NaN,NaN,NaN
M401-01-baseline-awake,crossing_pair,103,0,0,one_or_both_recipe_peaks_outside_admitted_candidates,,NaN,NaN,NaN,NaN
M401-01-baseline-awake,crossing_pair,104,0,0,one_or_both_recipe_peaks_outside_admitted_candidates,,NaN,NaN,NaN,NaN
M401-01-baseline-awake,crossing_pair,105,0,0,one_or_both_recipe_peaks_outside_admitted_candidates,,NaN,NaN,NaN,NaN
M401-01-baseline-awake,crossing_pair,106,0,0,one_or_both_recipe_peaks_outside_admitted_candidates,,NaN,NaN,NaN,NaN
M401-01-baseline-awake,crossing_pair,107,0,0,one_or_both_recipe_peaks_outside_admitted_candidates,,NaN,NaN,NaN,NaN
M401-01-baseline-awake,crossing_pair,108,0,0,one_or_both_recipe_peaks_outside_admitted_candidates,,NaN,NaN,NaN,NaN
M401-01-baseline-awake,crossing_pair,109,3,0,one_or_both_recipe_peaks_outside_admitted_candidates,,NaN,NaN,NaN,NaN
M401-01-baseline-awake,crossing_pair,110,2,0,one_or_both_recipe_peaks_outside_admitted_candidates,,NaN,NaN,NaN,NaN
M401-01-baseline-awake,crossing_pair,111,1,0,one_or_both_recipe_peaks_outside_admitted_candidates,,NaN,NaN,NaN,NaN
M401-01-baseline-awake,crossing_pair,112,1,0,one_or_both_recipe_peaks_outside_admitted_candidates,,NaN,NaN,NaN,NaN
M401-01-baseline-awake,crossing_pair,113,2,0,one_or_both_recipe_peaks_outside_admitted_candidates,,NaN,NaN,NaN,NaN
M401-01-baseline-awake,crossing_pair,114,1,0,one_or_both_recipe_peaks_outside_admitted_candidates,,NaN,NaN,NaN,NaN
M401-01-baseline-awake,crossing_pair,115,1,0,one_or_both_recipe_peaks_outside_admitted_candidates,,NaN,NaN,NaN,NaN
M401-01-baseline-awake,crossing_pair,116,1,0,one_or_both_recipe_peaks_outside_admitted_candidates,,NaN,NaN,NaN,NaN
M401-01-baseline-awake,crossing_pair,117,3,5,recipe_peaks_in_separate_native_candidates,,NaN,NaN,NaN,NaN
M401-01-baseline-awake,crossing_pair,118,2,4,recipe_peaks_in_separate_native_candidates,,NaN,NaN,NaN,NaN
M401-01-baseline-awake,crossing_pair,119,1,1,recipe_peaks_in_one_native_candidate,insufficient_history,2,2,NaN,NaN
M401-01-baseline-awake,crossing_pair,120,1,1,recipe_peaks_in_one_native_candidate,not_a_two_parent_contact,1,NaN,NaN,NaN
M401-01-baseline-awake,crossing_pair,121,3,3,recipe_peaks_in_one_native_candidate,not_a_two_parent_contact,1,NaN,NaN,NaN
M401-01-baseline-awake,crossing_pair,122,3,3,recipe_peaks_in_one_native_candidate,not_a_two_parent_contact,1,NaN,NaN,NaN
M401-01-baseline-awake,crossing_pair,123,3,3,recipe_peaks_in_one_native_candidate,not_a_two_parent_contact,1,NaN,NaN,NaN
M401-01-baseline-awake,crossing_pair,124,4,4,recipe_peaks_in_one_native_candidate,not_a_two_parent_contact,1,NaN,NaN,NaN
M401-01-baseline-awake,crossing_pair,125,3,3,recipe_peaks_in_one_native_candidate,not_a_two_parent_contact,1,NaN,NaN,NaN
M401-01-baseline-awake,crossing_pair,126,3,3,recipe_peaks_in_one_native_candidate,not_a_two_parent_contact,1,NaN,NaN,NaN
M401-01-baseline-awake,crossing_pair,127,1,1,recipe_peaks_in_one_native_candidate,not_a_two_parent_contact,1,NaN,NaN,NaN
M401-01-baseline-awake,crossing_pair,128,4,4,recipe_peaks_in_one_native_candidate,not_a_two_parent_contact,1,NaN,NaN,NaN
M401-01-baseline-awake,crossing_pair,129,2,2,recipe_peaks_in_one_native_candidate,not_a_two_parent_contact,1,NaN,NaN,NaN
M401-01-baseline-awake,crossing_pair,130,3,3,recipe_peaks_in_one_native_candidate,not_a_two_parent_contact,1,NaN,NaN,NaN
M401-01-baseline-awake,crossing_pair,131,3,3,recipe_peaks_in_one_native_candidate,not_a_two_parent_contact,1,NaN,NaN,NaN
M401-01-baseline-awake,crossing_pair,132,3,3,recipe_peaks_in_one_native_candidate,not_a_two_parent_contact,1,NaN,NaN,NaN
M401-01-baseline-awake,crossing_pair,133,4,4,recipe_peaks_in_one_native_candidate,not_a_two_parent_contact,1,NaN,NaN,NaN
M401-01-baseline-awake,crossing_pair,134,5,5,recipe_peaks_in_one_native_candidate,not_a_two_parent_contact,1,NaN,NaN,NaN
M401-01-baseline-awake,crossing_pair,135,5,5,recipe_peaks_in_one_native_candidate,not_a_two_parent_contact,1,NaN,NaN,NaN
M401-01-baseline-awake,crossing_pair,136,3,3,recipe_peaks_in_one_native_candidate,not_a_two_parent_contact,1,NaN,NaN,NaN
M401-01-baseline-awake,crossing_pair,137,2,2,recipe_peaks_in_one_native_candidate,not_a_two_parent_contact,1,NaN,NaN,NaN
M401-01-baseline-awake,crossing_pair,138,4,4,recipe_peaks_in_one_native_candidate,not_a_two_parent_contact,1,NaN,NaN,NaN
M401-01-baseline-awake,crossing_pair,139,5,5,recipe_peaks_in_one_native_candidate,not_a_two_parent_contact,1,NaN,NaN,NaN
M401-01-baseline-awake,crossing_pair,140,3,3,recipe_peaks_in_one_native_candidate,not_a_two_parent_contact,1,NaN,NaN,NaN
M401-01-baseline-awake,crossing_pair,141,2,2,recipe_peaks_in_one_native_candidate,not_a_two_parent_contact,1,NaN,NaN,NaN
M401-01-baseline-awake,crossing_pair,142,3,3,recipe_peaks_in_one_native_candidate,not_a_two_parent_contact,1,NaN,NaN,NaN
M401-01-baseline-awake,crossing_pair,143,2,2,recipe_peaks_in_one_native_candidate,insufficient_history,2,1,NaN,NaN
M401-01-baseline-awake,crossing_pair,144,1,1,recipe_peaks_in_one_native_candidate,not_a_two_parent_contact,1,NaN,NaN,NaN
M401-01-baseline-awake,crossing_pair,145,2,2,recipe_peaks_in_one_native_candidate,not_a_two_parent_contact,1,NaN,NaN,NaN
M401-01-baseline-awake,crossing_pair,146,3,3,recipe_peaks_in_one_native_candidate,not_a_two_parent_contact,1,NaN,NaN,NaN
M401-01-baseline-awake,crossing_pair,147,4,4,recipe_peaks_in_one_native_candidate,not_a_two_parent_contact,1,NaN,NaN,NaN
M401-01-baseline-awake,crossing_pair,148,5,5,recipe_peaks_in_one_native_candidate,not_a_two_parent_contact,1,NaN,NaN,NaN
M401-01-baseline-awake,crossing_pair,149,3,3,recipe_peaks_in_one_native_candidate,not_a_two_parent_contact,1,NaN,NaN,NaN
M401-01-baseline-awake,crossing_pair,150,5,5,recipe_peaks_in_one_native_candidate,insufficient_history,2,1,NaN,NaN
M401-01-baseline-awake,crossing_pair,151,5,5,recipe_peaks_in_one_native_candidate,not_a_two_parent_contact,1,NaN,NaN,NaN
M401-01-baseline-awake,crossing_pair,152,6,6,recipe_peaks_in_one_native_candidate,not_a_two_parent_contact,1,NaN,NaN,NaN
M401-01-baseline-awake,crossing_pair,153,4,4,recipe_peaks_in_one_native_candidate,not_a_two_parent_contact,1,NaN,NaN,NaN
M401-01-baseline-awake,crossing_pair,154,5,5,recipe_peaks_in_one_native_candidate,not_a_two_parent_contact,1,NaN,NaN,NaN
M401-01-baseline-awake,crossing_pair,155,3,3,recipe_peaks_in_one_native_candidate,not_a_two_parent_contact,1,NaN,NaN,NaN
M401-01-baseline-awake,crossing_pair,156,4,4,recipe_peaks_in_one_native_candidate,not_a_two_parent_contact,1,NaN,NaN,NaN
M401-01-baseline-awake,crossing_pair,157,3,3,recipe_peaks_in_one_native_candidate,not_a_two_parent_contact,1,NaN,NaN,NaN
M401-01-baseline-awake,crossing_pair,158,3,3,recipe_peaks_in_one_native_candidate,not_a_two_parent_contact,1,NaN,NaN,NaN
M401-01-baseline-awake,crossing_pair,159,4,4,recipe_peaks_in_one_native_candidate,not_a_two_parent_contact,1,NaN,NaN,NaN
M401-01-baseline-awake,crossing_pair,160,3,3,recipe_peaks_in_one_native_candidate,not_a_two_parent_contact,1,NaN,NaN,NaN
M401-01-baseline-awake,crossing_pair,161,2,1,recipe_peaks_in_separate_native_candidates,,NaN,NaN,NaN,NaN
M401-01-baseline-awake,crossing_pair,162,4,3,recipe_peaks_in_separate_native_candidates,,NaN,NaN,NaN,NaN
M401-01-baseline-awake,crossing_pair,163,5,4,recipe_peaks_in_separate_native_candidates,,NaN,NaN,NaN,NaN
M401-01-baseline-awake,crossing_pair,164,3,0,one_or_both_recipe_peaks_outside_admitted_candidates,,NaN,NaN,NaN,NaN
M401-01-baseline-awake,crossing_pair,165,3,1,recipe_peaks_in_separate_native_candidates,,NaN,NaN,NaN,NaN
M401-01-baseline-awake,crossing_pair,166,0,0,one_or_both_recipe_peaks_outside_admitted_candidates,,NaN,NaN,NaN,NaN
M401-01-baseline-awake,crossing_pair,167,0,0,one_or_both_recipe_peaks_outside_admitted_candidates,,NaN,NaN,NaN,NaN
M401-01-baseline-awake,crossing_pair,168,0,0,one_or_both_recipe_peaks_outside_admitted_candidates,,NaN,NaN,NaN,NaN
M401-01-baseline-awake,crossing_pair,169,0,0,one_or_both_recipe_peaks_outside_admitted_candidates,,NaN,NaN,NaN,NaN
M401-01-baseline-awake,crossing_pair,170,0,0,one_or_both_recipe_peaks_outside_admitted_candidates,,NaN,NaN,NaN,NaN
M401-01-baseline-awake,crossing_pair,171,0,0,one_or_both_recipe_peaks_outside_admitted_candidates,,NaN,NaN,NaN,NaN
M401-01-baseline-awake,crossing_pair,172,0,0,one_or_both_recipe_peaks_outside_admitted_candidates,,NaN,NaN,NaN,NaN
M401-01-baseline-awake,crossing_pair,173,0,0,one_or_both_recipe_peaks_outside_admitted_candidates,,NaN,NaN,NaN,NaN
M401-01-baseline-awake,crossing_pair,174,0,0,one_or_both_recipe_peaks_outside_admitted_candidates,,NaN,NaN,NaN,NaN
M401-01-baseline-awake,crossing_pair,175,0,0,one_or_both_recipe_peaks_outside_admitted_candidates,,NaN,NaN,NaN,NaN
M401-01-baseline-awake,crossing_pair,176,0,0,one_or_both_recipe_peaks_outside_admitted_candidates,,NaN,NaN,NaN,NaN
M401-01-baseline-awake,crossing_pair,177,0,0,one_or_both_recipe_peaks_outside_admitted_candidates,,NaN,NaN,NaN,NaN
M401-01-baseline-awake,crossing_pair,178,0,0,one_or_both_recipe_peaks_outside_admitted_candidates,,NaN,NaN,NaN,NaN
M401-01-baseline-awake,crossing_pair,179,0,0,one_or_both_recipe_peaks_outside_admitted_candidates,,NaN,NaN,NaN,NaN
M401-01-baseline-awake,crossing_pair,180,0,0,one_or_both_recipe_peaks_outside_admitted_candidates,,NaN,NaN,NaN,NaN
FB2312-baseline-awake,separate_pair,101,0,0,one_or_both_recipe_peaks_outside_admitted_candidates,,NaN,NaN,NaN,NaN
FB2312-baseline-awake,separate_pair,102,0,0,one_or_both_recipe_peaks_outside_admitted_candidates,,NaN,NaN,NaN,NaN
FB2312-baseline-awake,separate_pair,103,0,0,one_or_both_recipe_peaks_outside_admitted_candidates,,NaN,NaN,NaN,NaN
FB2312-baseline-awake,separate_pair,104,0,0,one_or_both_recipe_peaks_outside_admitted_candidates,,NaN,NaN,NaN,NaN
FB2312-baseline-awake,separate_pair,105,0,0,one_or_both_recipe_peaks_outside_admitted_candidates,,NaN,NaN,NaN,NaN
FB2312-baseline-awake,separate_pair,106,0,1,one_or_both_recipe_peaks_outside_admitted_candidates,,NaN,NaN,NaN,NaN
FB2312-baseline-awake,separate_pair,107,0,2,one_or_both_recipe_peaks_outside_admitted_candidates,,NaN,NaN,NaN,NaN
FB2312-baseline-awake,separate_pair,108,0,2,one_or_both_recipe_peaks_outside_admitted_candidates,,NaN,NaN,NaN,NaN
FB2312-baseline-awake,separate_pair,109,0,3,one_or_both_recipe_peaks_outside_admitted_candidates,,NaN,NaN,NaN,NaN
FB2312-baseline-awake,separate_pair,110,0,2,one_or_both_recipe_peaks_outside_admitted_candidates,,NaN,NaN,NaN,NaN
FB2312-baseline-awake,separate_pair,111,0,0,one_or_both_recipe_peaks_outside_admitted_candidates,,NaN,NaN,NaN,NaN
FB2312-baseline-awake,separate_pair,112,0,0,one_or_both_recipe_peaks_outside_admitted_candidates,,NaN,NaN,NaN,NaN
FB2312-baseline-awake,separate_pair,113,0,0,one_or_both_recipe_peaks_outside_admitted_candidates,,NaN,NaN,NaN,NaN
FB2312-baseline-awake,separate_pair,114,0,0,one_or_both_recipe_peaks_outside_admitted_candidates,,NaN,NaN,NaN,NaN
FB2312-baseline-awake,separate_pair,115,0,0,one_or_both_recipe_peaks_outside_admitted_candidates,,NaN,NaN,NaN,NaN
FB2312-baseline-awake,separate_pair,116,0,0,one_or_both_recipe_peaks_outside_admitted_candidates,,NaN,NaN,NaN,NaN
FB2312-baseline-awake,separate_pair,117,0,0,one_or_both_recipe_peaks_outside_admitted_candidates,,NaN,NaN,NaN,NaN
FB2312-baseline-awake,separate_pair,118,0,0,one_or_both_recipe_peaks_outside_admitted_candidates,,NaN,NaN,NaN,NaN
FB2312-baseline-awake,separate_pair,119,1,4,recipe_peaks_in_separate_native_candidates,,NaN,NaN,NaN,NaN
FB2312-baseline-awake,separate_pair,120,3,0,one_or_both_recipe_peaks_outside_admitted_candidates,,NaN,NaN,NaN,NaN
FB2312-baseline-awake,separate_pair,121,3,0,one_or_both_recipe_peaks_outside_admitted_candidates,,NaN,NaN,NaN,NaN
FB2312-baseline-awake,separate_pair,122,2,0,one_or_both_recipe_peaks_outside_admitted_candidates,,NaN,NaN,NaN,NaN
FB2312-baseline-awake,separate_pair,123,0,0,one_or_both_recipe_peaks_outside_admitted_candidates,,NaN,NaN,NaN,NaN
FB2312-baseline-awake,separate_pair,124,0,0,one_or_both_recipe_peaks_outside_admitted_candidates,,NaN,NaN,NaN,NaN
FB2312-baseline-awake,separate_pair,125,0,0,one_or_both_recipe_peaks_outside_admitted_candidates,,NaN,NaN,NaN,NaN
FB2312-baseline-awake,separate_pair,126,1,2,recipe_peaks_in_separate_native_candidates,,NaN,NaN,NaN,NaN
FB2312-baseline-awake,separate_pair,127,1,1,recipe_peaks_in_one_native_candidate,insufficient_history,2,1,NaN,NaN
FB2312-baseline-awake,separate_pair,128,1,3,recipe_peaks_in_separate_native_candidates,,NaN,NaN,NaN,NaN
FB2312-baseline-awake,separate_pair,129,1,3,recipe_peaks_in_separate_native_candidates,,NaN,NaN,NaN,NaN
FB2312-baseline-awake,separate_pair,130,1,2,recipe_peaks_in_separate_native_candidates,,NaN,NaN,NaN,NaN
FB2312-baseline-awake,separate_pair,131,1,2,recipe_peaks_in_separate_native_candidates,,NaN,NaN,NaN,NaN
FB2312-baseline-awake,separate_pair,132,1,3,recipe_peaks_in_separate_native_candidates,,NaN,NaN,NaN,NaN
FB2312-baseline-awake,separate_pair,133,1,3,recipe_peaks_in_separate_native_candidates,,NaN,NaN,NaN,NaN
FB2312-baseline-awake,separate_pair,134,1,3,recipe_peaks_in_separate_native_candidates,,NaN,NaN,NaN,NaN
FB2312-baseline-awake,separate_pair,135,1,4,recipe_peaks_in_separate_native_candidates,,NaN,NaN,NaN,NaN
FB2312-baseline-awake,separate_pair,136,1,4,recipe_peaks_in_separate_native_candidates,,NaN,NaN,NaN,NaN
FB2312-baseline-awake,separate_pair,137,1,4,recipe_peaks_in_separate_native_candidates,,NaN,NaN,NaN,NaN
FB2312-baseline-awake,separate_pair,138,1,4,recipe_peaks_in_separate_native_candidates,,NaN,NaN,NaN,NaN
FB2312-baseline-awake,separate_pair,139,1,4,recipe_peaks_in_separate_native_candidates,,NaN,NaN,NaN,NaN
FB2312-baseline-awake,separate_pair,140,2,5,recipe_peaks_in_separate_native_candidates,,NaN,NaN,NaN,NaN
FB2312-baseline-awake,separate_pair,141,1,2,recipe_peaks_in_separate_native_candidates,,NaN,NaN,NaN,NaN
FB2312-baseline-awake,separate_pair,142,2,0,one_or_both_recipe_peaks_outside_admitted_candidates,,NaN,NaN,NaN,NaN
FB2312-baseline-awake,separate_pair,143,2,0,one_or_both_recipe_peaks_outside_admitted_candidates,,NaN,NaN,NaN,NaN
FB2312-baseline-awake,separate_pair,144,1,2,recipe_peaks_in_separate_native_candidates,,NaN,NaN,NaN,NaN
FB2312-baseline-awake,separate_pair,145,1,3,recipe_peaks_in_separate_native_candidates,,NaN,NaN,NaN,NaN
FB2312-baseline-awake,separate_pair,146,1,3,recipe_peaks_in_separate_native_candidates,,NaN,NaN,NaN,NaN
FB2312-baseline-awake,separate_pair,147,1,3,recipe_peaks_in_separate_native_candidates,,NaN,NaN,NaN,NaN
FB2312-baseline-awake,separate_pair,148,1,3,recipe_peaks_in_separate_native_candidates,,NaN,NaN,NaN,NaN
FB2312-baseline-awake,separate_pair,149,1,2,recipe_peaks_in_separate_native_candidates,,NaN,NaN,NaN,NaN
FB2312-baseline-awake,separate_pair,150,1,2,recipe_peaks_in_separate_native_candidates,,NaN,NaN,NaN,NaN
FB2312-baseline-awake,separate_pair,151,1,3,recipe_peaks_in_separate_native_candidates,,NaN,NaN,NaN,NaN
FB2312-baseline-awake,separate_pair,152,1,3,recipe_peaks_in_separate_native_candidates,,NaN,NaN,NaN,NaN
FB2312-baseline-awake,separate_pair,153,1,3,recipe_peaks_in_separate_native_candidates,,NaN,NaN,NaN,NaN
FB2312-baseline-awake,separate_pair,154,1,3,recipe_peaks_in_separate_native_candidates,,NaN,NaN,NaN,NaN
FB2312-baseline-awake,separate_pair,155,1,2,recipe_peaks_in_separate_native_candidates,,NaN,NaN,NaN,NaN
FB2312-baseline-awake,separate_pair,156,1,2,recipe_peaks_in_separate_native_candidates,,NaN,NaN,NaN,NaN
FB2312-baseline-awake,separate_pair,157,1,2,recipe_peaks_in_separate_native_candidates,,NaN,NaN,NaN,NaN
FB2312-baseline-awake,separate_pair,158,0,0,one_or_both_recipe_peaks_outside_admitted_candidates,,NaN,NaN,NaN,NaN
FB2312-baseline-awake,separate_pair,159,2,0,one_or_both_recipe_peaks_outside_admitted_candidates,,NaN,NaN,NaN,NaN
FB2312-baseline-awake,separate_pair,160,2,0,one_or_both_recipe_peaks_outside_admitted_candidates,,NaN,NaN,NaN,NaN
FB2312-baseline-awake,separate_pair,161,4,0,one_or_both_recipe_peaks_outside_admitted_candidates,,NaN,NaN,NaN,NaN
FB2312-baseline-awake,separate_pair,162,3,0,one_or_both_recipe_peaks_outside_admitted_candidates,,NaN,NaN,NaN,NaN
FB2312-baseline-awake,separate_pair,163,0,0,one_or_both_recipe_peaks_outside_admitted_candidates,,NaN,NaN,NaN,NaN
FB2312-baseline-awake,separate_pair,164,0,0,one_or_both_recipe_peaks_outside_admitted_candidates,,NaN,NaN,NaN,NaN
FB2312-baseline-awake,separate_pair,165,0,0,one_or_both_recipe_peaks_outside_admitted_candidates,,NaN,NaN,NaN,NaN
FB2312-baseline-awake,separate_pair,166,0,0,one_or_both_recipe_peaks_outside_admitted_candidates,,NaN,NaN,NaN,NaN
FB2312-baseline-awake,separate_pair,167,0,3,one_or_both_recipe_peaks_outside_admitted_candidates,,NaN,NaN,NaN,NaN
FB2312-baseline-awake,separate_pair,168,0,2,one_or_both_recipe_peaks_outside_admitted_candidates,,NaN,NaN,NaN,NaN
FB2312-baseline-awake,separate_pair,169,0,0,one_or_both_recipe_peaks_outside_admitted_candidates,,NaN,NaN,NaN,NaN
FB2312-baseline-awake,separate_pair,170,0,0,one_or_both_recipe_peaks_outside_admitted_candidates,,NaN,NaN,NaN,NaN
FB2312-baseline-awake,separate_pair,171,0,0,one_or_both_recipe_peaks_outside_admitted_candidates,,NaN,NaN,NaN,NaN
FB2312-baseline-awake,separate_pair,172,0,0,one_or_both_recipe_peaks_outside_admitted_candidates,,NaN,NaN,NaN,NaN
FB2312-baseline-awake,separate_pair,173,0,0,one_or_both_recipe_peaks_outside_admitted_candidates,,NaN,NaN,NaN,NaN
FB2312-baseline-awake,separate_pair,174,0,0,one_or_both_recipe_peaks_outside_admitted_candidates,,NaN,NaN,NaN,NaN
FB2312-baseline-awake,separate_pair,175,0,0,one_or_both_recipe_peaks_outside_admitted_candidates,,NaN,NaN,NaN,NaN
FB2312-baseline-awake,separate_pair,176,0,0,one_or_both_recipe_peaks_outside_admitted_candidates,,NaN,NaN,NaN,NaN
FB2312-baseline-awake,separate_pair,177,0,0,one_or_both_recipe_peaks_outside_admitted_candidates,,NaN,NaN,NaN,NaN
FB2312-baseline-awake,separate_pair,178,0,0,one_or_both_recipe_peaks_outside_admitted_candidates,,NaN,NaN,NaN,NaN
FB2312-baseline-awake,separate_pair,179,0,0,one_or_both_recipe_peaks_outside_admitted_candidates,,NaN,NaN,NaN,NaN
FB2312-baseline-awake,separate_pair,180,0,0,one_or_both_recipe_peaks_outside_admitted_candidates,,NaN,NaN,NaN,NaN
FB2312-baseline-awake,approach_pair,101,0,0,one_or_both_recipe_peaks_outside_admitted_candidates,,NaN,NaN,NaN,NaN
FB2312-baseline-awake,approach_pair,102,0,0,one_or_both_recipe_peaks_outside_admitted_candidates,,NaN,NaN,NaN,NaN
FB2312-baseline-awake,approach_pair,103,0,0,one_or_both_recipe_peaks_outside_admitted_candidates,,NaN,NaN,NaN,NaN
FB2312-baseline-awake,approach_pair,104,0,0,one_or_both_recipe_peaks_outside_admitted_candidates,,NaN,NaN,NaN,NaN
FB2312-baseline-awake,approach_pair,105,0,0,one_or_both_recipe_peaks_outside_admitted_candidates,,NaN,NaN,NaN,NaN
FB2312-baseline-awake,approach_pair,106,0,0,one_or_both_recipe_peaks_outside_admitted_candidates,,NaN,NaN,NaN,NaN
FB2312-baseline-awake,approach_pair,107,0,2,one_or_both_recipe_peaks_outside_admitted_candidates,,NaN,NaN,NaN,NaN
FB2312-baseline-awake,approach_pair,108,0,3,one_or_both_recipe_peaks_outside_admitted_candidates,,NaN,NaN,NaN,NaN
FB2312-baseline-awake,approach_pair,109,0,3,one_or_both_recipe_peaks_outside_admitted_candidates,,NaN,NaN,NaN,NaN
FB2312-baseline-awake,approach_pair,110,0,1,one_or_both_recipe_peaks_outside_admitted_candidates,,NaN,NaN,NaN,NaN
FB2312-baseline-awake,approach_pair,111,0,2,one_or_both_recipe_peaks_outside_admitted_candidates,,NaN,NaN,NaN,NaN
FB2312-baseline-awake,approach_pair,112,0,0,one_or_both_recipe_peaks_outside_admitted_candidates,,NaN,NaN,NaN,NaN
FB2312-baseline-awake,approach_pair,113,0,0,one_or_both_recipe_peaks_outside_admitted_candidates,,NaN,NaN,NaN,NaN
FB2312-baseline-awake,approach_pair,114,0,0,one_or_both_recipe_peaks_outside_admitted_candidates,,NaN,NaN,NaN,NaN
FB2312-baseline-awake,approach_pair,115,0,0,one_or_both_recipe_peaks_outside_admitted_candidates,,NaN,NaN,NaN,NaN
FB2312-baseline-awake,approach_pair,116,0,0,one_or_both_recipe_peaks_outside_admitted_candidates,,NaN,NaN,NaN,NaN
FB2312-baseline-awake,approach_pair,117,0,0,one_or_both_recipe_peaks_outside_admitted_candidates,,NaN,NaN,NaN,NaN
FB2312-baseline-awake,approach_pair,118,0,0,one_or_both_recipe_peaks_outside_admitted_candidates,,NaN,NaN,NaN,NaN
FB2312-baseline-awake,approach_pair,119,1,4,recipe_peaks_in_separate_native_candidates,,NaN,NaN,NaN,NaN
FB2312-baseline-awake,approach_pair,120,3,5,recipe_peaks_in_separate_native_candidates,,NaN,NaN,NaN,NaN
FB2312-baseline-awake,approach_pair,121,3,5,recipe_peaks_in_separate_native_candidates,,NaN,NaN,NaN,NaN
FB2312-baseline-awake,approach_pair,122,2,0,one_or_both_recipe_peaks_outside_admitted_candidates,,NaN,NaN,NaN,NaN
FB2312-baseline-awake,approach_pair,123,0,0,one_or_both_recipe_peaks_outside_admitted_candidates,,NaN,NaN,NaN,NaN
FB2312-baseline-awake,approach_pair,124,0,0,one_or_both_recipe_peaks_outside_admitted_candidates,,NaN,NaN,NaN,NaN
FB2312-baseline-awake,approach_pair,125,0,0,one_or_both_recipe_peaks_outside_admitted_candidates,,NaN,NaN,NaN,NaN
FB2312-baseline-awake,approach_pair,126,1,1,recipe_peaks_in_one_native_candidate,not_a_two_parent_contact,0,NaN,NaN,NaN
FB2312-baseline-awake,approach_pair,127,1,1,recipe_peaks_in_one_native_candidate,not_a_two_parent_contact,1,NaN,NaN,NaN
FB2312-baseline-awake,approach_pair,128,1,1,recipe_peaks_in_one_native_candidate,insufficient_history,2,1,NaN,NaN
FB2312-baseline-awake,approach_pair,129,2,2,recipe_peaks_in_one_native_candidate,not_a_two_parent_contact,1,NaN,NaN,NaN
FB2312-baseline-awake,approach_pair,130,1,1,recipe_peaks_in_one_native_candidate,not_a_two_parent_contact,1,NaN,NaN,NaN
FB2312-baseline-awake,approach_pair,131,1,1,recipe_peaks_in_one_native_candidate,not_a_two_parent_contact,1,NaN,NaN,NaN
FB2312-baseline-awake,approach_pair,132,1,1,recipe_peaks_in_one_native_candidate,not_a_two_parent_contact,1,NaN,NaN,NaN
FB2312-baseline-awake,approach_pair,133,1,1,recipe_peaks_in_one_native_candidate,not_a_two_parent_contact,1,NaN,NaN,NaN
FB2312-baseline-awake,approach_pair,134,1,1,recipe_peaks_in_one_native_candidate,not_a_two_parent_contact,1,NaN,NaN,NaN
FB2312-baseline-awake,approach_pair,135,1,1,recipe_peaks_in_one_native_candidate,not_a_two_parent_contact,1,NaN,NaN,NaN
FB2312-baseline-awake,approach_pair,136,1,1,recipe_peaks_in_one_native_candidate,insufficient_history,2,1,NaN,NaN
FB2312-baseline-awake,approach_pair,137,1,1,recipe_peaks_in_one_native_candidate,not_a_two_parent_contact,1,NaN,NaN,NaN
FB2312-baseline-awake,approach_pair,138,2,2,recipe_peaks_in_one_native_candidate,not_a_two_parent_contact,1,NaN,NaN,NaN
FB2312-baseline-awake,approach_pair,139,2,0,one_or_both_recipe_peaks_outside_admitted_candidates,,NaN,NaN,NaN,NaN
FB2312-baseline-awake,approach_pair,140,3,0,one_or_both_recipe_peaks_outside_admitted_candidates,,NaN,NaN,NaN,NaN
FB2312-baseline-awake,approach_pair,141,1,0,one_or_both_recipe_peaks_outside_admitted_candidates,,NaN,NaN,NaN,NaN
FB2312-baseline-awake,approach_pair,142,2,0,one_or_both_recipe_peaks_outside_admitted_candidates,,NaN,NaN,NaN,NaN
FB2312-baseline-awake,approach_pair,143,2,0,one_or_both_recipe_peaks_outside_admitted_candidates,,NaN,NaN,NaN,NaN
FB2312-baseline-awake,approach_pair,144,1,1,recipe_peaks_in_one_native_candidate,not_a_two_parent_contact,1,NaN,NaN,NaN
FB2312-baseline-awake,approach_pair,145,1,1,recipe_peaks_in_one_native_candidate,not_a_two_parent_contact,1,NaN,NaN,NaN
FB2312-baseline-awake,approach_pair,146,1,1,recipe_peaks_in_one_native_candidate,insufficient_history,2,1,NaN,NaN
FB2312-baseline-awake,approach_pair,147,1,1,recipe_peaks_in_one_native_candidate,not_a_two_parent_contact,1,NaN,NaN,NaN
FB2312-baseline-awake,approach_pair,148,2,2,recipe_peaks_in_one_native_candidate,not_a_two_parent_contact,1,NaN,NaN,NaN
FB2312-baseline-awake,approach_pair,149,1,1,recipe_peaks_in_one_native_candidate,not_a_two_parent_contact,1,NaN,NaN,NaN
FB2312-baseline-awake,approach_pair,150,1,1,recipe_peaks_in_one_native_candidate,not_a_two_parent_contact,1,NaN,NaN,NaN
FB2312-baseline-awake,approach_pair,151,2,2,recipe_peaks_in_one_native_candidate,not_a_two_parent_contact,1,NaN,NaN,NaN
FB2312-baseline-awake,approach_pair,152,2,2,recipe_peaks_in_one_native_candidate,not_a_two_parent_contact,1,NaN,NaN,NaN
FB2312-baseline-awake,approach_pair,153,2,2,recipe_peaks_in_one_native_candidate,not_a_two_parent_contact,1,NaN,NaN,NaN
FB2312-baseline-awake,approach_pair,154,1,1,recipe_peaks_in_one_native_candidate,insufficient_history,2,1,NaN,NaN
FB2312-baseline-awake,approach_pair,155,1,1,recipe_peaks_in_one_native_candidate,not_a_two_parent_contact,1,NaN,NaN,NaN
FB2312-baseline-awake,approach_pair,156,1,1,recipe_peaks_in_one_native_candidate,not_a_two_parent_contact,1,NaN,NaN,NaN
FB2312-baseline-awake,approach_pair,157,1,1,recipe_peaks_in_one_native_candidate,not_a_two_parent_contact,1,NaN,NaN,NaN
FB2312-baseline-awake,approach_pair,158,1,1,recipe_peaks_in_one_native_candidate,not_a_two_parent_contact,1,NaN,NaN,NaN
FB2312-baseline-awake,approach_pair,159,2,4,recipe_peaks_in_separate_native_candidates,,NaN,NaN,NaN,NaN
FB2312-baseline-awake,approach_pair,160,2,0,one_or_both_recipe_peaks_outside_admitted_candidates,,NaN,NaN,NaN,NaN
FB2312-baseline-awake,approach_pair,161,4,0,one_or_both_recipe_peaks_outside_admitted_candidates,,NaN,NaN,NaN,NaN
FB2312-baseline-awake,approach_pair,162,3,0,one_or_both_recipe_peaks_outside_admitted_candidates,,NaN,NaN,NaN,NaN
FB2312-baseline-awake,approach_pair,163,0,0,one_or_both_recipe_peaks_outside_admitted_candidates,,NaN,NaN,NaN,NaN
FB2312-baseline-awake,approach_pair,164,0,0,one_or_both_recipe_peaks_outside_admitted_candidates,,NaN,NaN,NaN,NaN
FB2312-baseline-awake,approach_pair,165,0,0,one_or_both_recipe_peaks_outside_admitted_candidates,,NaN,NaN,NaN,NaN
FB2312-baseline-awake,approach_pair,166,0,0,one_or_both_recipe_peaks_outside_admitted_candidates,,NaN,NaN,NaN,NaN
FB2312-baseline-awake,approach_pair,167,0,3,one_or_both_recipe_peaks_outside_admitted_candidates,,NaN,NaN,NaN,NaN
FB2312-baseline-awake,approach_pair,168,0,2,one_or_both_recipe_peaks_outside_admitted_candidates,,NaN,NaN,NaN,NaN
FB2312-baseline-awake,approach_pair,169,0,3,one_or_both_recipe_peaks_outside_admitted_candidates,,NaN,NaN,NaN,NaN
FB2312-baseline-awake,approach_pair,170,0,0,one_or_both_recipe_peaks_outside_admitted_candidates,,NaN,NaN,NaN,NaN
FB2312-baseline-awake,approach_pair,171,0,0,one_or_both_recipe_peaks_outside_admitted_candidates,,NaN,NaN,NaN,NaN
FB2312-baseline-awake,approach_pair,172,0,0,one_or_both_recipe_peaks_outside_admitted_candidates,,NaN,NaN,NaN,NaN
FB2312-baseline-awake,approach_pair,173,0,0,one_or_both_recipe_peaks_outside_admitted_candidates,,NaN,NaN,NaN,NaN
FB2312-baseline-awake,approach_pair,174,0,0,one_or_both_recipe_peaks_outside_admitted_candidates,,NaN,NaN,NaN,NaN
FB2312-baseline-awake,approach_pair,175,0,0,one_or_both_recipe_peaks_outside_admitted_candidates,,NaN,NaN,NaN,NaN
FB2312-baseline-awake,approach_pair,176,0,0,one_or_both_recipe_peaks_outside_admitted_candidates,,NaN,NaN,NaN,NaN
FB2312-baseline-awake,approach_pair,177,0,0,one_or_both_recipe_peaks_outside_admitted_candidates,,NaN,NaN,NaN,NaN
FB2312-baseline-awake,approach_pair,178,0,0,one_or_both_recipe_peaks_outside_admitted_candidates,,NaN,NaN,NaN,NaN
FB2312-baseline-awake,approach_pair,179,0,0,one_or_both_recipe_peaks_outside_admitted_candidates,,NaN,NaN,NaN,NaN
FB2312-baseline-awake,approach_pair,180,0,0,one_or_both_recipe_peaks_outside_admitted_candidates,,NaN,NaN,NaN,NaN
FB2312-baseline-awake,crossing_pair,101,0,0,one_or_both_recipe_peaks_outside_admitted_candidates,,NaN,NaN,NaN,NaN
FB2312-baseline-awake,crossing_pair,102,0,0,one_or_both_recipe_peaks_outside_admitted_candidates,,NaN,NaN,NaN,NaN
FB2312-baseline-awake,crossing_pair,103,0,0,one_or_both_recipe_peaks_outside_admitted_candidates,,NaN,NaN,NaN,NaN
FB2312-baseline-awake,crossing_pair,104,0,0,one_or_both_recipe_peaks_outside_admitted_candidates,,NaN,NaN,NaN,NaN
FB2312-baseline-awake,crossing_pair,105,0,0,one_or_both_recipe_peaks_outside_admitted_candidates,,NaN,NaN,NaN,NaN
FB2312-baseline-awake,crossing_pair,106,0,1,one_or_both_recipe_peaks_outside_admitted_candidates,,NaN,NaN,NaN,NaN
FB2312-baseline-awake,crossing_pair,107,0,3,one_or_both_recipe_peaks_outside_admitted_candidates,,NaN,NaN,NaN,NaN
FB2312-baseline-awake,crossing_pair,108,0,3,one_or_both_recipe_peaks_outside_admitted_candidates,,NaN,NaN,NaN,NaN
FB2312-baseline-awake,crossing_pair,109,0,3,one_or_both_recipe_peaks_outside_admitted_candidates,,NaN,NaN,NaN,NaN
FB2312-baseline-awake,crossing_pair,110,0,2,one_or_both_recipe_peaks_outside_admitted_candidates,,NaN,NaN,NaN,NaN
FB2312-baseline-awake,crossing_pair,111,0,2,one_or_both_recipe_peaks_outside_admitted_candidates,,NaN,NaN,NaN,NaN
FB2312-baseline-awake,crossing_pair,112,0,3,one_or_both_recipe_peaks_outside_admitted_candidates,,NaN,NaN,NaN,NaN
FB2312-baseline-awake,crossing_pair,113,0,0,one_or_both_recipe_peaks_outside_admitted_candidates,,NaN,NaN,NaN,NaN
FB2312-baseline-awake,crossing_pair,114,0,0,one_or_both_recipe_peaks_outside_admitted_candidates,,NaN,NaN,NaN,NaN
FB2312-baseline-awake,crossing_pair,115,0,0,one_or_both_recipe_peaks_outside_admitted_candidates,,NaN,NaN,NaN,NaN
FB2312-baseline-awake,crossing_pair,116,0,0,one_or_both_recipe_peaks_outside_admitted_candidates,,NaN,NaN,NaN,NaN
FB2312-baseline-awake,crossing_pair,117,0,0,one_or_both_recipe_peaks_outside_admitted_candidates,,NaN,NaN,NaN,NaN
FB2312-baseline-awake,crossing_pair,118,0,0,one_or_both_recipe_peaks_outside_admitted_candidates,,NaN,NaN,NaN,NaN
FB2312-baseline-awake,crossing_pair,119,1,4,recipe_peaks_in_separate_native_candidates,,NaN,NaN,NaN,NaN
FB2312-baseline-awake,crossing_pair,120,3,3,recipe_peaks_in_one_native_candidate,insufficient_history,2,1,NaN,NaN
FB2312-baseline-awake,crossing_pair,121,3,3,recipe_peaks_in_one_native_candidate,not_a_two_parent_contact,1,NaN,NaN,NaN
FB2312-baseline-awake,crossing_pair,122,2,2,recipe_peaks_in_one_native_candidate,not_a_two_parent_contact,1,NaN,NaN,NaN
FB2312-baseline-awake,crossing_pair,123,0,0,one_or_both_recipe_peaks_outside_admitted_candidates,,NaN,NaN,NaN,NaN
FB2312-baseline-awake,crossing_pair,124,0,0,one_or_both_recipe_peaks_outside_admitted_candidates,,NaN,NaN,NaN,NaN
FB2312-baseline-awake,crossing_pair,125,2,0,one_or_both_recipe_peaks_outside_admitted_candidates,,NaN,NaN,NaN,NaN
FB2312-baseline-awake,crossing_pair,126,1,1,recipe_peaks_in_one_native_candidate,not_a_two_parent_contact,1,NaN,NaN,NaN
FB2312-baseline-awake,crossing_pair,127,1,1,recipe_peaks_in_one_native_candidate,not_a_two_parent_contact,1,NaN,NaN,NaN
FB2312-baseline-awake,crossing_pair,128,1,1,recipe_peaks_in_one_native_candidate,insufficient_history,2,1,NaN,NaN
FB2312-baseline-awake,crossing_pair,129,2,2,recipe_peaks_in_one_native_candidate,not_a_two_parent_contact,1,NaN,NaN,NaN
FB2312-baseline-awake,crossing_pair,130,1,1,recipe_peaks_in_one_native_candidate,not_a_two_parent_contact,1,NaN,NaN,NaN
FB2312-baseline-awake,crossing_pair,131,1,1,recipe_peaks_in_one_native_candidate,not_a_two_parent_contact,1,NaN,NaN,NaN
FB2312-baseline-awake,crossing_pair,132,1,1,recipe_peaks_in_one_native_candidate,not_a_two_parent_contact,1,NaN,NaN,NaN
FB2312-baseline-awake,crossing_pair,133,1,1,recipe_peaks_in_one_native_candidate,insufficient_history,2,1,NaN,NaN
FB2312-baseline-awake,crossing_pair,134,2,2,recipe_peaks_in_one_native_candidate,not_a_two_parent_contact,1,NaN,NaN,NaN
FB2312-baseline-awake,crossing_pair,135,2,2,recipe_peaks_in_one_native_candidate,not_a_two_parent_contact,1,NaN,NaN,NaN
FB2312-baseline-awake,crossing_pair,136,2,2,recipe_peaks_in_one_native_candidate,not_a_two_parent_contact,1,NaN,NaN,NaN
FB2312-baseline-awake,crossing_pair,137,0,0,one_or_both_recipe_peaks_outside_admitted_candidates,,NaN,NaN,NaN,NaN
FB2312-baseline-awake,crossing_pair,138,2,2,recipe_peaks_in_one_native_candidate,not_a_two_parent_contact,0,NaN,NaN,NaN
FB2312-baseline-awake,crossing_pair,139,3,3,recipe_peaks_in_one_native_candidate,not_a_two_parent_contact,1,NaN,NaN,NaN
FB2312-baseline-awake,crossing_pair,140,4,4,recipe_peaks_in_one_native_candidate,not_a_two_parent_contact,1,NaN,NaN,NaN
FB2312-baseline-awake,crossing_pair,141,1,1,recipe_peaks_in_one_native_candidate,not_a_two_parent_contact,1,NaN,NaN,NaN
FB2312-baseline-awake,crossing_pair,142,2,2,recipe_peaks_in_one_native_candidate,not_a_two_parent_contact,1,NaN,NaN,NaN
FB2312-baseline-awake,crossing_pair,143,2,2,recipe_peaks_in_one_native_candidate,not_a_two_parent_contact,1,NaN,NaN,NaN
FB2312-baseline-awake,crossing_pair,144,1,1,recipe_peaks_in_one_native_candidate,not_a_two_parent_contact,1,NaN,NaN,NaN
FB2312-baseline-awake,crossing_pair,145,1,1,recipe_peaks_in_one_native_candidate,not_a_two_parent_contact,1,NaN,NaN,NaN
FB2312-baseline-awake,crossing_pair,146,1,1,recipe_peaks_in_one_native_candidate,insufficient_history,2,1,NaN,NaN
FB2312-baseline-awake,crossing_pair,147,2,2,recipe_peaks_in_one_native_candidate,not_a_two_parent_contact,1,NaN,NaN,NaN
FB2312-baseline-awake,crossing_pair,148,2,2,recipe_peaks_in_one_native_candidate,not_a_two_parent_contact,1,NaN,NaN,NaN
FB2312-baseline-awake,crossing_pair,149,1,1,recipe_peaks_in_one_native_candidate,not_a_two_parent_contact,1,NaN,NaN,NaN
FB2312-baseline-awake,crossing_pair,150,1,1,recipe_peaks_in_one_native_candidate,not_a_two_parent_contact,1,NaN,NaN,NaN
FB2312-baseline-awake,crossing_pair,151,3,3,recipe_peaks_in_one_native_candidate,not_a_two_parent_contact,1,NaN,NaN,NaN
FB2312-baseline-awake,crossing_pair,152,2,2,recipe_peaks_in_one_native_candidate,not_a_two_parent_contact,1,NaN,NaN,NaN
FB2312-baseline-awake,crossing_pair,153,2,2,recipe_peaks_in_one_native_candidate,not_a_two_parent_contact,1,NaN,NaN,NaN
FB2312-baseline-awake,crossing_pair,154,1,1,recipe_peaks_in_one_native_candidate,insufficient_history,2,1,NaN,NaN
FB2312-baseline-awake,crossing_pair,155,1,1,recipe_peaks_in_one_native_candidate,not_a_two_parent_contact,1,NaN,NaN,NaN
FB2312-baseline-awake,crossing_pair,156,1,1,recipe_peaks_in_one_native_candidate,not_a_two_parent_contact,1,NaN,NaN,NaN
FB2312-baseline-awake,crossing_pair,157,1,1,recipe_peaks_in_one_native_candidate,not_a_two_parent_contact,1,NaN,NaN,NaN
FB2312-baseline-awake,crossing_pair,158,1,1,recipe_peaks_in_one_native_candidate,not_a_two_parent_contact,1,NaN,NaN,NaN
FB2312-baseline-awake,crossing_pair,159,2,2,recipe_peaks_in_one_native_candidate,not_a_two_parent_contact,1,NaN,NaN,NaN
FB2312-baseline-awake,crossing_pair,160,0,3,one_or_both_recipe_peaks_outside_admitted_candidates,,NaN,NaN,NaN,NaN
FB2312-baseline-awake,crossing_pair,161,0,4,one_or_both_recipe_peaks_outside_admitted_candidates,,NaN,NaN,NaN,NaN
FB2312-baseline-awake,crossing_pair,162,0,0,one_or_both_recipe_peaks_outside_admitted_candidates,,NaN,NaN,NaN,NaN
FB2312-baseline-awake,crossing_pair,163,0,0,one_or_both_recipe_peaks_outside_admitted_candidates,,NaN,NaN,NaN,NaN
FB2312-baseline-awake,crossing_pair,164,0,0,one_or_both_recipe_peaks_outside_admitted_candidates,,NaN,NaN,NaN,NaN
FB2312-baseline-awake,crossing_pair,165,0,0,one_or_both_recipe_peaks_outside_admitted_candidates,,NaN,NaN,NaN,NaN
FB2312-baseline-awake,crossing_pair,166,0,0,one_or_both_recipe_peaks_outside_admitted_candidates,,NaN,NaN,NaN,NaN
FB2312-baseline-awake,crossing_pair,167,3,0,one_or_both_recipe_peaks_outside_admitted_candidates,,NaN,NaN,NaN,NaN
FB2312-baseline-awake,crossing_pair,168,2,0,one_or_both_recipe_peaks_outside_admitted_candidates,,NaN,NaN,NaN,NaN
FB2312-baseline-awake,crossing_pair,169,3,0,one_or_both_recipe_peaks_outside_admitted_candidates,,NaN,NaN,NaN,NaN
FB2312-baseline-awake,crossing_pair,170,0,0,one_or_both_recipe_peaks_outside_admitted_candidates,,NaN,NaN,NaN,NaN
FB2312-baseline-awake,crossing_pair,171,0,0,one_or_both_recipe_peaks_outside_admitted_candidates,,NaN,NaN,NaN,NaN
FB2312-baseline-awake,crossing_pair,172,0,0,one_or_both_recipe_peaks_outside_admitted_candidates,,NaN,NaN,NaN,NaN
FB2312-baseline-awake,crossing_pair,173,0,0,one_or_both_recipe_peaks_outside_admitted_candidates,,NaN,NaN,NaN,NaN
FB2312-baseline-awake,crossing_pair,174,0,0,one_or_both_recipe_peaks_outside_admitted_candidates,,NaN,NaN,NaN,NaN
FB2312-baseline-awake,crossing_pair,175,0,0,one_or_both_recipe_peaks_outside_admitted_candidates,,NaN,NaN,NaN,NaN
FB2312-baseline-awake,crossing_pair,176,0,0,one_or_both_recipe_peaks_outside_admitted_candidates,,NaN,NaN,NaN,NaN
FB2312-baseline-awake,crossing_pair,177,0,0,one_or_both_recipe_peaks_outside_admitted_candidates,,NaN,NaN,NaN,NaN
FB2312-baseline-awake,crossing_pair,178,0,0,one_or_both_recipe_peaks_outside_admitted_candidates,,NaN,NaN,NaN,NaN
FB2312-baseline-awake,crossing_pair,179,0,0,one_or_both_recipe_peaks_outside_admitted_candidates,,NaN,NaN,NaN,NaN
FB2312-baseline-awake,crossing_pair,180,0,0,one_or_both_recipe_peaks_outside_admitted_candidates,,NaN,NaN,NaN,NaN
FB2411,separate_pair,101,0,0,one_or_both_recipe_peaks_outside_admitted_candidates,,NaN,NaN,NaN,NaN
FB2411,separate_pair,102,0,0,one_or_both_recipe_peaks_outside_admitted_candidates,,NaN,NaN,NaN,NaN
FB2411,separate_pair,103,0,0,one_or_both_recipe_peaks_outside_admitted_candidates,,NaN,NaN,NaN,NaN
FB2411,separate_pair,104,0,0,one_or_both_recipe_peaks_outside_admitted_candidates,,NaN,NaN,NaN,NaN
FB2411,separate_pair,105,0,0,one_or_both_recipe_peaks_outside_admitted_candidates,,NaN,NaN,NaN,NaN
FB2411,separate_pair,106,0,0,one_or_both_recipe_peaks_outside_admitted_candidates,,NaN,NaN,NaN,NaN
FB2411,separate_pair,107,0,0,one_or_both_recipe_peaks_outside_admitted_candidates,,NaN,NaN,NaN,NaN
FB2411,separate_pair,108,0,0,one_or_both_recipe_peaks_outside_admitted_candidates,,NaN,NaN,NaN,NaN
FB2411,separate_pair,109,0,0,one_or_both_recipe_peaks_outside_admitted_candidates,,NaN,NaN,NaN,NaN
FB2411,separate_pair,110,0,0,one_or_both_recipe_peaks_outside_admitted_candidates,,NaN,NaN,NaN,NaN
FB2411,separate_pair,111,0,0,one_or_both_recipe_peaks_outside_admitted_candidates,,NaN,NaN,NaN,NaN
FB2411,separate_pair,112,0,0,one_or_both_recipe_peaks_outside_admitted_candidates,,NaN,NaN,NaN,NaN
FB2411,separate_pair,113,0,0,one_or_both_recipe_peaks_outside_admitted_candidates,,NaN,NaN,NaN,NaN
FB2411,separate_pair,114,0,0,one_or_both_recipe_peaks_outside_admitted_candidates,,NaN,NaN,NaN,NaN
FB2411,separate_pair,115,0,0,one_or_both_recipe_peaks_outside_admitted_candidates,,NaN,NaN,NaN,NaN
FB2411,separate_pair,116,0,0,one_or_both_recipe_peaks_outside_admitted_candidates,,NaN,NaN,NaN,NaN
FB2411,separate_pair,117,0,0,one_or_both_recipe_peaks_outside_admitted_candidates,,NaN,NaN,NaN,NaN
FB2411,separate_pair,118,0,0,one_or_both_recipe_peaks_outside_admitted_candidates,,NaN,NaN,NaN,NaN
FB2411,separate_pair,119,0,0,one_or_both_recipe_peaks_outside_admitted_candidates,,NaN,NaN,NaN,NaN
FB2411,separate_pair,120,0,0,one_or_both_recipe_peaks_outside_admitted_candidates,,NaN,NaN,NaN,NaN
FB2411,separate_pair,121,0,0,one_or_both_recipe_peaks_outside_admitted_candidates,,NaN,NaN,NaN,NaN
FB2411,separate_pair,122,0,0,one_or_both_recipe_peaks_outside_admitted_candidates,,NaN,NaN,NaN,NaN
FB2411,separate_pair,123,0,0,one_or_both_recipe_peaks_outside_admitted_candidates,,NaN,NaN,NaN,NaN
FB2411,separate_pair,124,0,0,one_or_both_recipe_peaks_outside_admitted_candidates,,NaN,NaN,NaN,NaN
FB2411,separate_pair,125,0,0,one_or_both_recipe_peaks_outside_admitted_candidates,,NaN,NaN,NaN,NaN
FB2411,separate_pair,126,0,0,one_or_both_recipe_peaks_outside_admitted_candidates,,NaN,NaN,NaN,NaN
FB2411,separate_pair,127,0,0,one_or_both_recipe_peaks_outside_admitted_candidates,,NaN,NaN,NaN,NaN
FB2411,separate_pair,128,0,0,one_or_both_recipe_peaks_outside_admitted_candidates,,NaN,NaN,NaN,NaN
FB2411,separate_pair,129,0,0,one_or_both_recipe_peaks_outside_admitted_candidates,,NaN,NaN,NaN,NaN
FB2411,separate_pair,130,1,1,recipe_peaks_in_one_native_candidate,not_a_two_parent_contact,1,NaN,NaN,NaN
FB2411,separate_pair,131,2,2,recipe_peaks_in_one_native_candidate,not_a_two_parent_contact,1,NaN,NaN,NaN
FB2411,separate_pair,132,2,2,recipe_peaks_in_one_native_candidate,not_a_two_parent_contact,1,NaN,NaN,NaN
FB2411,separate_pair,133,0,0,one_or_both_recipe_peaks_outside_admitted_candidates,,NaN,NaN,NaN,NaN
FB2411,separate_pair,134,0,0,one_or_both_recipe_peaks_outside_admitted_candidates,,NaN,NaN,NaN,NaN
FB2411,separate_pair,135,1,1,recipe_peaks_in_one_native_candidate,not_a_two_parent_contact,0,NaN,NaN,NaN
FB2411,separate_pair,136,0,0,one_or_both_recipe_peaks_outside_admitted_candidates,,NaN,NaN,NaN,NaN
FB2411,separate_pair,137,0,0,one_or_both_recipe_peaks_outside_admitted_candidates,,NaN,NaN,NaN,NaN
FB2411,separate_pair,138,0,0,one_or_both_recipe_peaks_outside_admitted_candidates,,NaN,NaN,NaN,NaN
FB2411,separate_pair,139,0,0,one_or_both_recipe_peaks_outside_admitted_candidates,,NaN,NaN,NaN,NaN
FB2411,separate_pair,140,0,0,one_or_both_recipe_peaks_outside_admitted_candidates,,NaN,NaN,NaN,NaN
FB2411,separate_pair,141,0,0,one_or_both_recipe_peaks_outside_admitted_candidates,,NaN,NaN,NaN,NaN
FB2411,separate_pair,142,0,0,one_or_both_recipe_peaks_outside_admitted_candidates,,NaN,NaN,NaN,NaN
FB2411,separate_pair,143,0,0,one_or_both_recipe_peaks_outside_admitted_candidates,,NaN,NaN,NaN,NaN
FB2411,separate_pair,144,0,0,one_or_both_recipe_peaks_outside_admitted_candidates,,NaN,NaN,NaN,NaN
FB2411,separate_pair,145,0,0,one_or_both_recipe_peaks_outside_admitted_candidates,,NaN,NaN,NaN,NaN
FB2411,separate_pair,146,0,0,one_or_both_recipe_peaks_outside_admitted_candidates,,NaN,NaN,NaN,NaN
FB2411,separate_pair,147,0,0,one_or_both_recipe_peaks_outside_admitted_candidates,,NaN,NaN,NaN,NaN
FB2411,separate_pair,148,0,0,one_or_both_recipe_peaks_outside_admitted_candidates,,NaN,NaN,NaN,NaN
FB2411,separate_pair,149,0,0,one_or_both_recipe_peaks_outside_admitted_candidates,,NaN,NaN,NaN,NaN
FB2411,separate_pair,150,0,0,one_or_both_recipe_peaks_outside_admitted_candidates,,NaN,NaN,NaN,NaN
FB2411,separate_pair,151,0,0,one_or_both_recipe_peaks_outside_admitted_candidates,,NaN,NaN,NaN,NaN
FB2411,separate_pair,152,0,0,one_or_both_recipe_peaks_outside_admitted_candidates,,NaN,NaN,NaN,NaN
FB2411,separate_pair,153,0,0,one_or_both_recipe_peaks_outside_admitted_candidates,,NaN,NaN,NaN,NaN
FB2411,separate_pair,154,0,0,one_or_both_recipe_peaks_outside_admitted_candidates,,NaN,NaN,NaN,NaN
FB2411,separate_pair,155,0,0,one_or_both_recipe_peaks_outside_admitted_candidates,,NaN,NaN,NaN,NaN
FB2411,separate_pair,156,0,0,one_or_both_recipe_peaks_outside_admitted_candidates,,NaN,NaN,NaN,NaN
FB2411,separate_pair,157,0,0,one_or_both_recipe_peaks_outside_admitted_candidates,,NaN,NaN,NaN,NaN
FB2411,separate_pair,158,0,0,one_or_both_recipe_peaks_outside_admitted_candidates,,NaN,NaN,NaN,NaN
FB2411,separate_pair,159,0,0,one_or_both_recipe_peaks_outside_admitted_candidates,,NaN,NaN,NaN,NaN
FB2411,separate_pair,160,0,0,one_or_both_recipe_peaks_outside_admitted_candidates,,NaN,NaN,NaN,NaN
FB2411,separate_pair,161,0,0,one_or_both_recipe_peaks_outside_admitted_candidates,,NaN,NaN,NaN,NaN
FB2411,separate_pair,162,0,0,one_or_both_recipe_peaks_outside_admitted_candidates,,NaN,NaN,NaN,NaN
FB2411,separate_pair,163,0,0,one_or_both_recipe_peaks_outside_admitted_candidates,,NaN,NaN,NaN,NaN
FB2411,separate_pair,164,0,0,one_or_both_recipe_peaks_outside_admitted_candidates,,NaN,NaN,NaN,NaN
FB2411,separate_pair,165,0,0,one_or_both_recipe_peaks_outside_admitted_candidates,,NaN,NaN,NaN,NaN
FB2411,separate_pair,166,0,0,one_or_both_recipe_peaks_outside_admitted_candidates,,NaN,NaN,NaN,NaN
FB2411,separate_pair,167,0,0,one_or_both_recipe_peaks_outside_admitted_candidates,,NaN,NaN,NaN,NaN
FB2411,separate_pair,168,0,0,one_or_both_recipe_peaks_outside_admitted_candidates,,NaN,NaN,NaN,NaN
FB2411,separate_pair,169,0,0,one_or_both_recipe_peaks_outside_admitted_candidates,,NaN,NaN,NaN,NaN
FB2411,separate_pair,170,0,0,one_or_both_recipe_peaks_outside_admitted_candidates,,NaN,NaN,NaN,NaN
FB2411,separate_pair,171,0,0,one_or_both_recipe_peaks_outside_admitted_candidates,,NaN,NaN,NaN,NaN
FB2411,separate_pair,172,0,0,one_or_both_recipe_peaks_outside_admitted_candidates,,NaN,NaN,NaN,NaN
FB2411,separate_pair,173,0,0,one_or_both_recipe_peaks_outside_admitted_candidates,,NaN,NaN,NaN,NaN
FB2411,separate_pair,174,0,0,one_or_both_recipe_peaks_outside_admitted_candidates,,NaN,NaN,NaN,NaN
FB2411,separate_pair,175,0,0,one_or_both_recipe_peaks_outside_admitted_candidates,,NaN,NaN,NaN,NaN
FB2411,separate_pair,176,0,0,one_or_both_recipe_peaks_outside_admitted_candidates,,NaN,NaN,NaN,NaN
FB2411,separate_pair,177,0,0,one_or_both_recipe_peaks_outside_admitted_candidates,,NaN,NaN,NaN,NaN
FB2411,separate_pair,178,0,0,one_or_both_recipe_peaks_outside_admitted_candidates,,NaN,NaN,NaN,NaN
FB2411,separate_pair,179,0,0,one_or_both_recipe_peaks_outside_admitted_candidates,,NaN,NaN,NaN,NaN
FB2411,separate_pair,180,0,0,one_or_both_recipe_peaks_outside_admitted_candidates,,NaN,NaN,NaN,NaN
FB2411,approach_pair,101,0,0,one_or_both_recipe_peaks_outside_admitted_candidates,,NaN,NaN,NaN,NaN
FB2411,approach_pair,102,0,0,one_or_both_recipe_peaks_outside_admitted_candidates,,NaN,NaN,NaN,NaN
FB2411,approach_pair,103,0,0,one_or_both_recipe_peaks_outside_admitted_candidates,,NaN,NaN,NaN,NaN
FB2411,approach_pair,104,0,0,one_or_both_recipe_peaks_outside_admitted_candidates,,NaN,NaN,NaN,NaN
FB2411,approach_pair,105,0,0,one_or_both_recipe_peaks_outside_admitted_candidates,,NaN,NaN,NaN,NaN
FB2411,approach_pair,106,0,0,one_or_both_recipe_peaks_outside_admitted_candidates,,NaN,NaN,NaN,NaN
FB2411,approach_pair,107,0,0,one_or_both_recipe_peaks_outside_admitted_candidates,,NaN,NaN,NaN,NaN
FB2411,approach_pair,108,0,0,one_or_both_recipe_peaks_outside_admitted_candidates,,NaN,NaN,NaN,NaN
FB2411,approach_pair,109,0,0,one_or_both_recipe_peaks_outside_admitted_candidates,,NaN,NaN,NaN,NaN
FB2411,approach_pair,110,0,0,one_or_both_recipe_peaks_outside_admitted_candidates,,NaN,NaN,NaN,NaN
FB2411,approach_pair,111,0,0,one_or_both_recipe_peaks_outside_admitted_candidates,,NaN,NaN,NaN,NaN
FB2411,approach_pair,112,2,0,one_or_both_recipe_peaks_outside_admitted_candidates,,NaN,NaN,NaN,NaN
FB2411,approach_pair,113,4,7,recipe_peaks_in_separate_native_candidates,,NaN,NaN,NaN,NaN
FB2411,approach_pair,114,5,6,recipe_peaks_in_separate_native_candidates,,NaN,NaN,NaN,NaN
FB2411,approach_pair,115,0,0,one_or_both_recipe_peaks_outside_admitted_candidates,,NaN,NaN,NaN,NaN
FB2411,approach_pair,116,0,1,one_or_both_recipe_peaks_outside_admitted_candidates,,NaN,NaN,NaN,NaN
FB2411,approach_pair,117,0,1,one_or_both_recipe_peaks_outside_admitted_candidates,,NaN,NaN,NaN,NaN
FB2411,approach_pair,118,0,3,one_or_both_recipe_peaks_outside_admitted_candidates,,NaN,NaN,NaN,NaN
FB2411,approach_pair,119,0,3,one_or_both_recipe_peaks_outside_admitted_candidates,,NaN,NaN,NaN,NaN
FB2411,approach_pair,120,0,0,one_or_both_recipe_peaks_outside_admitted_candidates,,NaN,NaN,NaN,NaN
FB2411,approach_pair,121,0,0,one_or_both_recipe_peaks_outside_admitted_candidates,,NaN,NaN,NaN,NaN
FB2411,approach_pair,122,0,0,one_or_both_recipe_peaks_outside_admitted_candidates,,NaN,NaN,NaN,NaN
FB2411,approach_pair,123,0,0,one_or_both_recipe_peaks_outside_admitted_candidates,,NaN,NaN,NaN,NaN
FB2411,approach_pair,124,0,0,one_or_both_recipe_peaks_outside_admitted_candidates,,NaN,NaN,NaN,NaN
FB2411,approach_pair,125,0,0,one_or_both_recipe_peaks_outside_admitted_candidates,,NaN,NaN,NaN,NaN
FB2411,approach_pair,126,0,0,one_or_both_recipe_peaks_outside_admitted_candidates,,NaN,NaN,NaN,NaN
FB2411,approach_pair,127,0,0,one_or_both_recipe_peaks_outside_admitted_candidates,,NaN,NaN,NaN,NaN
FB2411,approach_pair,128,0,0,one_or_both_recipe_peaks_outside_admitted_candidates,,NaN,NaN,NaN,NaN
FB2411,approach_pair,129,0,0,one_or_both_recipe_peaks_outside_admitted_candidates,,NaN,NaN,NaN,NaN
FB2411,approach_pair,130,0,0,one_or_both_recipe_peaks_outside_admitted_candidates,,NaN,NaN,NaN,NaN
FB2411,approach_pair,131,0,0,one_or_both_recipe_peaks_outside_admitted_candidates,,NaN,NaN,NaN,NaN
FB2411,approach_pair,132,0,0,one_or_both_recipe_peaks_outside_admitted_candidates,,NaN,NaN,NaN,NaN
FB2411,approach_pair,133,0,0,one_or_both_recipe_peaks_outside_admitted_candidates,,NaN,NaN,NaN,NaN
FB2411,approach_pair,134,0,0,one_or_both_recipe_peaks_outside_admitted_candidates,,NaN,NaN,NaN,NaN
FB2411,approach_pair,135,0,0,one_or_both_recipe_peaks_outside_admitted_candidates,,NaN,NaN,NaN,NaN
FB2411,approach_pair,136,0,0,one_or_both_recipe_peaks_outside_admitted_candidates,,NaN,NaN,NaN,NaN
FB2411,approach_pair,137,0,0,one_or_both_recipe_peaks_outside_admitted_candidates,,NaN,NaN,NaN,NaN
FB2411,approach_pair,138,0,0,one_or_both_recipe_peaks_outside_admitted_candidates,,NaN,NaN,NaN,NaN
FB2411,approach_pair,139,0,0,one_or_both_recipe_peaks_outside_admitted_candidates,,NaN,NaN,NaN,NaN
FB2411,approach_pair,140,0,0,one_or_both_recipe_peaks_outside_admitted_candidates,,NaN,NaN,NaN,NaN
FB2411,approach_pair,141,0,0,one_or_both_recipe_peaks_outside_admitted_candidates,,NaN,NaN,NaN,NaN
FB2411,approach_pair,142,0,0,one_or_both_recipe_peaks_outside_admitted_candidates,,NaN,NaN,NaN,NaN
FB2411,approach_pair,143,0,0,one_or_both_recipe_peaks_outside_admitted_candidates,,NaN,NaN,NaN,NaN
FB2411,approach_pair,144,0,0,one_or_both_recipe_peaks_outside_admitted_candidates,,NaN,NaN,NaN,NaN
FB2411,approach_pair,145,0,0,one_or_both_recipe_peaks_outside_admitted_candidates,,NaN,NaN,NaN,NaN
FB2411,approach_pair,146,0,0,one_or_both_recipe_peaks_outside_admitted_candidates,,NaN,NaN,NaN,NaN
FB2411,approach_pair,147,0,0,one_or_both_recipe_peaks_outside_admitted_candidates,,NaN,NaN,NaN,NaN
FB2411,approach_pair,148,0,0,one_or_both_recipe_peaks_outside_admitted_candidates,,NaN,NaN,NaN,NaN
FB2411,approach_pair,149,0,0,one_or_both_recipe_peaks_outside_admitted_candidates,,NaN,NaN,NaN,NaN
FB2411,approach_pair,150,0,0,one_or_both_recipe_peaks_outside_admitted_candidates,,NaN,NaN,NaN,NaN
FB2411,approach_pair,151,0,0,one_or_both_recipe_peaks_outside_admitted_candidates,,NaN,NaN,NaN,NaN
FB2411,approach_pair,152,0,0,one_or_both_recipe_peaks_outside_admitted_candidates,,NaN,NaN,NaN,NaN
FB2411,approach_pair,153,0,0,one_or_both_recipe_peaks_outside_admitted_candidates,,NaN,NaN,NaN,NaN
FB2411,approach_pair,154,0,0,one_or_both_recipe_peaks_outside_admitted_candidates,,NaN,NaN,NaN,NaN
FB2411,approach_pair,155,0,0,one_or_both_recipe_peaks_outside_admitted_candidates,,NaN,NaN,NaN,NaN
FB2411,approach_pair,156,0,0,one_or_both_recipe_peaks_outside_admitted_candidates,,NaN,NaN,NaN,NaN
FB2411,approach_pair,157,0,0,one_or_both_recipe_peaks_outside_admitted_candidates,,NaN,NaN,NaN,NaN
FB2411,approach_pair,158,0,0,one_or_both_recipe_peaks_outside_admitted_candidates,,NaN,NaN,NaN,NaN
FB2411,approach_pair,159,0,0,one_or_both_recipe_peaks_outside_admitted_candidates,,NaN,NaN,NaN,NaN
FB2411,approach_pair,160,0,0,one_or_both_recipe_peaks_outside_admitted_candidates,,NaN,NaN,NaN,NaN
FB2411,approach_pair,161,0,0,one_or_both_recipe_peaks_outside_admitted_candidates,,NaN,NaN,NaN,NaN
FB2411,approach_pair,162,0,0,one_or_both_recipe_peaks_outside_admitted_candidates,,NaN,NaN,NaN,NaN
FB2411,approach_pair,163,0,0,one_or_both_recipe_peaks_outside_admitted_candidates,,NaN,NaN,NaN,NaN
FB2411,approach_pair,164,3,0,one_or_both_recipe_peaks_outside_admitted_candidates,,NaN,NaN,NaN,NaN
FB2411,approach_pair,165,4,0,one_or_both_recipe_peaks_outside_admitted_candidates,,NaN,NaN,NaN,NaN
FB2411,approach_pair,166,0,0,one_or_both_recipe_peaks_outside_admitted_candidates,,NaN,NaN,NaN,NaN
FB2411,approach_pair,167,0,0,one_or_both_recipe_peaks_outside_admitted_candidates,,NaN,NaN,NaN,NaN
FB2411,approach_pair,168,4,6,recipe_peaks_in_separate_native_candidates,,NaN,NaN,NaN,NaN
FB2411,approach_pair,169,4,6,recipe_peaks_in_separate_native_candidates,,NaN,NaN,NaN,NaN
FB2411,approach_pair,170,3,0,one_or_both_recipe_peaks_outside_admitted_candidates,,NaN,NaN,NaN,NaN
FB2411,approach_pair,171,0,0,one_or_both_recipe_peaks_outside_admitted_candidates,,NaN,NaN,NaN,NaN
FB2411,approach_pair,172,0,0,one_or_both_recipe_peaks_outside_admitted_candidates,,NaN,NaN,NaN,NaN
FB2411,approach_pair,173,0,0,one_or_both_recipe_peaks_outside_admitted_candidates,,NaN,NaN,NaN,NaN
FB2411,approach_pair,174,0,0,one_or_both_recipe_peaks_outside_admitted_candidates,,NaN,NaN,NaN,NaN
FB2411,approach_pair,175,0,0,one_or_both_recipe_peaks_outside_admitted_candidates,,NaN,NaN,NaN,NaN
FB2411,approach_pair,176,0,0,one_or_both_recipe_peaks_outside_admitted_candidates,,NaN,NaN,NaN,NaN
FB2411,approach_pair,177,0,0,one_or_both_recipe_peaks_outside_admitted_candidates,,NaN,NaN,NaN,NaN
FB2411,approach_pair,178,0,0,one_or_both_recipe_peaks_outside_admitted_candidates,,NaN,NaN,NaN,NaN
FB2411,approach_pair,179,0,0,one_or_both_recipe_peaks_outside_admitted_candidates,,NaN,NaN,NaN,NaN
FB2411,approach_pair,180,0,0,one_or_both_recipe_peaks_outside_admitted_candidates,,NaN,NaN,NaN,NaN
FB2411,crossing_pair,101,0,0,one_or_both_recipe_peaks_outside_admitted_candidates,,NaN,NaN,NaN,NaN
FB2411,crossing_pair,102,0,0,one_or_both_recipe_peaks_outside_admitted_candidates,,NaN,NaN,NaN,NaN
FB2411,crossing_pair,103,0,0,one_or_both_recipe_peaks_outside_admitted_candidates,,NaN,NaN,NaN,NaN
FB2411,crossing_pair,104,0,0,one_or_both_recipe_peaks_outside_admitted_candidates,,NaN,NaN,NaN,NaN
FB2411,crossing_pair,105,0,0,one_or_both_recipe_peaks_outside_admitted_candidates,,NaN,NaN,NaN,NaN
FB2411,crossing_pair,106,0,0,one_or_both_recipe_peaks_outside_admitted_candidates,,NaN,NaN,NaN,NaN
FB2411,crossing_pair,107,0,0,one_or_both_recipe_peaks_outside_admitted_candidates,,NaN,NaN,NaN,NaN
FB2411,crossing_pair,108,0,0,one_or_both_recipe_peaks_outside_admitted_candidates,,NaN,NaN,NaN,NaN
FB2411,crossing_pair,109,0,0,one_or_both_recipe_peaks_outside_admitted_candidates,,NaN,NaN,NaN,NaN
FB2411,crossing_pair,110,0,0,one_or_both_recipe_peaks_outside_admitted_candidates,,NaN,NaN,NaN,NaN
FB2411,crossing_pair,111,1,0,one_or_both_recipe_peaks_outside_admitted_candidates,,NaN,NaN,NaN,NaN
FB2411,crossing_pair,112,2,0,one_or_both_recipe_peaks_outside_admitted_candidates,,NaN,NaN,NaN,NaN
FB2411,crossing_pair,113,4,7,recipe_peaks_in_separate_native_candidates,,NaN,NaN,NaN,NaN
FB2411,crossing_pair,114,0,5,one_or_both_recipe_peaks_outside_admitted_candidates,,NaN,NaN,NaN,NaN
FB2411,crossing_pair,115,0,3,one_or_both_recipe_peaks_outside_admitted_candidates,,NaN,NaN,NaN,NaN
FB2411,crossing_pair,116,0,1,one_or_both_recipe_peaks_outside_admitted_candidates,,NaN,NaN,NaN,NaN
FB2411,crossing_pair,117,1,1,recipe_peaks_in_one_native_candidate,insufficient_history,2,1,NaN,NaN
FB2411,crossing_pair,118,0,3,one_or_both_recipe_peaks_outside_admitted_candidates,,NaN,NaN,NaN,NaN
FB2411,crossing_pair,119,0,0,one_or_both_recipe_peaks_outside_admitted_candidates,,NaN,NaN,NaN,NaN
FB2411,crossing_pair,120,0,0,one_or_both_recipe_peaks_outside_admitted_candidates,,NaN,NaN,NaN,NaN
FB2411,crossing_pair,121,0,0,one_or_both_recipe_peaks_outside_admitted_candidates,,NaN,NaN,NaN,NaN
FB2411,crossing_pair,122,0,0,one_or_both_recipe_peaks_outside_admitted_candidates,,NaN,NaN,NaN,NaN
FB2411,crossing_pair,123,0,0,one_or_both_recipe_peaks_outside_admitted_candidates,,NaN,NaN,NaN,NaN
FB2411,crossing_pair,124,0,0,one_or_both_recipe_peaks_outside_admitted_candidates,,NaN,NaN,NaN,NaN
FB2411,crossing_pair,125,0,0,one_or_both_recipe_peaks_outside_admitted_candidates,,NaN,NaN,NaN,NaN
FB2411,crossing_pair,126,0,0,one_or_both_recipe_peaks_outside_admitted_candidates,,NaN,NaN,NaN,NaN
FB2411,crossing_pair,127,0,0,one_or_both_recipe_peaks_outside_admitted_candidates,,NaN,NaN,NaN,NaN
FB2411,crossing_pair,128,0,0,one_or_both_recipe_peaks_outside_admitted_candidates,,NaN,NaN,NaN,NaN
FB2411,crossing_pair,129,0,0,one_or_both_recipe_peaks_outside_admitted_candidates,,NaN,NaN,NaN,NaN
FB2411,crossing_pair,130,0,0,one_or_both_recipe_peaks_outside_admitted_candidates,,NaN,NaN,NaN,NaN
FB2411,crossing_pair,131,0,0,one_or_both_recipe_peaks_outside_admitted_candidates,,NaN,NaN,NaN,NaN
FB2411,crossing_pair,132,0,0,one_or_both_recipe_peaks_outside_admitted_candidates,,NaN,NaN,NaN,NaN
FB2411,crossing_pair,133,0,0,one_or_both_recipe_peaks_outside_admitted_candidates,,NaN,NaN,NaN,NaN
FB2411,crossing_pair,134,0,0,one_or_both_recipe_peaks_outside_admitted_candidates,,NaN,NaN,NaN,NaN
FB2411,crossing_pair,135,0,0,one_or_both_recipe_peaks_outside_admitted_candidates,,NaN,NaN,NaN,NaN
FB2411,crossing_pair,136,0,0,one_or_both_recipe_peaks_outside_admitted_candidates,,NaN,NaN,NaN,NaN
FB2411,crossing_pair,137,0,0,one_or_both_recipe_peaks_outside_admitted_candidates,,NaN,NaN,NaN,NaN
FB2411,crossing_pair,138,0,0,one_or_both_recipe_peaks_outside_admitted_candidates,,NaN,NaN,NaN,NaN
FB2411,crossing_pair,139,0,0,one_or_both_recipe_peaks_outside_admitted_candidates,,NaN,NaN,NaN,NaN
FB2411,crossing_pair,140,0,0,one_or_both_recipe_peaks_outside_admitted_candidates,,NaN,NaN,NaN,NaN
FB2411,crossing_pair,141,0,0,one_or_both_recipe_peaks_outside_admitted_candidates,,NaN,NaN,NaN,NaN
FB2411,crossing_pair,142,0,0,one_or_both_recipe_peaks_outside_admitted_candidates,,NaN,NaN,NaN,NaN
FB2411,crossing_pair,143,0,0,one_or_both_recipe_peaks_outside_admitted_candidates,,NaN,NaN,NaN,NaN
FB2411,crossing_pair,144,0,0,one_or_both_recipe_peaks_outside_admitted_candidates,,NaN,NaN,NaN,NaN
FB2411,crossing_pair,145,0,0,one_or_both_recipe_peaks_outside_admitted_candidates,,NaN,NaN,NaN,NaN
FB2411,crossing_pair,146,0,0,one_or_both_recipe_peaks_outside_admitted_candidates,,NaN,NaN,NaN,NaN
FB2411,crossing_pair,147,0,0,one_or_both_recipe_peaks_outside_admitted_candidates,,NaN,NaN,NaN,NaN
FB2411,crossing_pair,148,0,0,one_or_both_recipe_peaks_outside_admitted_candidates,,NaN,NaN,NaN,NaN
FB2411,crossing_pair,149,0,0,one_or_both_recipe_peaks_outside_admitted_candidates,,NaN,NaN,NaN,NaN
FB2411,crossing_pair,150,0,0,one_or_both_recipe_peaks_outside_admitted_candidates,,NaN,NaN,NaN,NaN
FB2411,crossing_pair,151,0,0,one_or_both_recipe_peaks_outside_admitted_candidates,,NaN,NaN,NaN,NaN
FB2411,crossing_pair,152,0,0,one_or_both_recipe_peaks_outside_admitted_candidates,,NaN,NaN,NaN,NaN
FB2411,crossing_pair,153,0,0,one_or_both_recipe_peaks_outside_admitted_candidates,,NaN,NaN,NaN,NaN
FB2411,crossing_pair,154,0,0,one_or_both_recipe_peaks_outside_admitted_candidates,,NaN,NaN,NaN,NaN
FB2411,crossing_pair,155,0,0,one_or_both_recipe_peaks_outside_admitted_candidates,,NaN,NaN,NaN,NaN
FB2411,crossing_pair,156,0,0,one_or_both_recipe_peaks_outside_admitted_candidates,,NaN,NaN,NaN,NaN
FB2411,crossing_pair,157,0,0,one_or_both_recipe_peaks_outside_admitted_candidates,,NaN,NaN,NaN,NaN
FB2411,crossing_pair,158,0,0,one_or_both_recipe_peaks_outside_admitted_candidates,,NaN,NaN,NaN,NaN
FB2411,crossing_pair,159,0,0,one_or_both_recipe_peaks_outside_admitted_candidates,,NaN,NaN,NaN,NaN
FB2411,crossing_pair,160,0,0,one_or_both_recipe_peaks_outside_admitted_candidates,,NaN,NaN,NaN,NaN
FB2411,crossing_pair,161,0,0,one_or_both_recipe_peaks_outside_admitted_candidates,,NaN,NaN,NaN,NaN
FB2411,crossing_pair,162,0,0,one_or_both_recipe_peaks_outside_admitted_candidates,,NaN,NaN,NaN,NaN
FB2411,crossing_pair,163,0,0,one_or_both_recipe_peaks_outside_admitted_candidates,,NaN,NaN,NaN,NaN
FB2411,crossing_pair,164,0,0,one_or_both_recipe_peaks_outside_admitted_candidates,,NaN,NaN,NaN,NaN
FB2411,crossing_pair,165,0,0,one_or_both_recipe_peaks_outside_admitted_candidates,,NaN,NaN,NaN,NaN
FB2411,crossing_pair,166,0,0,one_or_both_recipe_peaks_outside_admitted_candidates,,NaN,NaN,NaN,NaN
FB2411,crossing_pair,167,0,0,one_or_both_recipe_peaks_outside_admitted_candidates,,NaN,NaN,NaN,NaN
FB2411,crossing_pair,168,6,0,one_or_both_recipe_peaks_outside_admitted_candidates,,NaN,NaN,NaN,NaN
FB2411,crossing_pair,169,6,4,recipe_peaks_in_separate_native_candidates,,NaN,NaN,NaN,NaN
FB2411,crossing_pair,170,7,3,recipe_peaks_in_separate_native_candidates,,NaN,NaN,NaN,NaN
FB2411,crossing_pair,171,9,0,one_or_both_recipe_peaks_outside_admitted_candidates,,NaN,NaN,NaN,NaN
FB2411,crossing_pair,172,0,0,one_or_both_recipe_peaks_outside_admitted_candidates,,NaN,NaN,NaN,NaN
FB2411,crossing_pair,173,0,0,one_or_both_recipe_peaks_outside_admitted_candidates,,NaN,NaN,NaN,NaN
FB2411,crossing_pair,174,0,0,one_or_both_recipe_peaks_outside_admitted_candidates,,NaN,NaN,NaN,NaN
FB2411,crossing_pair,175,0,0,one_or_both_recipe_peaks_outside_admitted_candidates,,NaN,NaN,NaN,NaN
FB2411,crossing_pair,176,0,0,one_or_both_recipe_peaks_outside_admitted_candidates,,NaN,NaN,NaN,NaN
FB2411,crossing_pair,177,0,0,one_or_both_recipe_peaks_outside_admitted_candidates,,NaN,NaN,NaN,NaN
FB2411,crossing_pair,178,0,0,one_or_both_recipe_peaks_outside_admitted_candidates,,NaN,NaN,NaN,NaN
FB2411,crossing_pair,179,0,0,one_or_both_recipe_peaks_outside_admitted_candidates,,NaN,NaN,NaN,NaN
FB2411,crossing_pair,180,0,0,one_or_both_recipe_peaks_outside_admitted_candidates,,NaN,NaN,NaN,NaN
