RecordingID,EventType,SiteID,EventID,EventRow,StartFrame,EndFrame,DetectedStartFrame,DetectedEndFrame,FootprintPixels,BaselineWindowFrames,CleanBaselineFrames,TruncatedBaseline,OverlapExcludedFrames,NonfiniteBaselineFrames,StoredBaseline,RecomputedBaseline,StoredStatus,RecomputedStatus,StoredAmplitude,RecomputedAmplitude,AbsDifference,MeasurementMatches,WrongDirection,Condition,SourceRawSHA256,Session
/Users/zcm361/Documents/Github/OxygenDynamicsV2/reference-validation/local-timing-rerun-20260909/M400-01-baseline-awake/Recording,sink,1,1,1,5,8,5,8,417,20,4,1,0,0,NaN,NaN,insufficient_clean_prebaseline,insufficient_clean_prebaseline,NaN,NaN,NaN,1,0,Awake_immobile,695f8390be5fe18d06685d718b7e99c73d08715f51ef11ec14c694b32b599a05,M400-01-baseline-awake
/Users/zcm361/Documents/Github/OxygenDynamicsV2/reference-validation/local-timing-rerun-20260909/M400-01-baseline-awake/Recording,sink,1,2,2,431,457,436,440,1072,20,20,0,0,0,90.9944962686567,90.9944962686567,valid,valid,0.0526120470218696,0.0526120470218696,0,1,0,Awake_immobile,695f8390be5fe18d06685d718b7e99c73d08715f51ef11ec14c694b32b599a05,M400-01-baseline-awake
/Users/zcm361/Documents/Github/OxygenDynamicsV2/reference-validation/local-timing-rerun-20260909/M400-01-baseline-awake/Recording,sink,1,3,3,578,600,582,600,874,20,20,0,0,0,89.7351830663615,89.7351830663615,valid,valid,0.0833950136780547,0.0833950136780547,0,1,0,Awake_immobile,695f8390be5fe18d06685d718b7e99c73d08715f51ef11ec14c694b32b599a05,M400-01-baseline-awake
/Users/zcm361/Documents/Github/OxygenDynamicsV2/reference-validation/local-timing-rerun-20260909/M400-01-baseline-awake/Recording,sink,2,1,4,2,8,2,8,776,20,1,1,0,0,NaN,NaN,insufficient_clean_prebaseline,insufficient_clean_prebaseline,NaN,NaN,NaN,1,0,Awake_immobile,695f8390be5fe18d06685d718b7e99c73d08715f51ef11ec14c694b32b599a05,M400-01-baseline-awake
/Users/zcm361/Documents/Github/OxygenDynamicsV2/reference-validation/local-timing-rerun-20260909/M400-01-baseline-awake/Recording,sink,2,2,5,31,44,35,39,229,20,20,0,0,0,95.1432314410481,95.1432314410481,valid,valid,0.0529562415663814,0.0529562415663814,0,1,0,Awake_immobile,695f8390be5fe18d06685d718b7e99c73d08715f51ef11ec14c694b32b599a05,M400-01-baseline-awake
/Users/zcm361/Documents/Github/OxygenDynamicsV2/reference-validation/local-timing-rerun-20260909/M400-01-baseline-awake/Recording,sink,2,3,6,277,291,287,289,313,20,20,0,0,0,100.866773162939,100.866773162939,valid,valid,0.0746025662547947,0.0746025662547947,0,1,0,Awake_immobile,695f8390be5fe18d06685d718b7e99c73d08715f51ef11ec14c694b32b599a05,M400-01-baseline-awake
/Users/zcm361/Documents/Github/OxygenDynamicsV2/reference-validation/local-timing-rerun-20260909/M400-01-baseline-awake/Recording,sink,3,1,7,4,17,4,16,634,20,3,1,0,0,NaN,NaN,insufficient_clean_prebaseline,insufficient_clean_prebaseline,NaN,NaN,NaN,1,0,Awake_immobile,695f8390be5fe18d06685d718b7e99c73d08715f51ef11ec14c694b32b599a05,M400-01-baseline-awake
/Users/zcm361/Documents/Github/OxygenDynamicsV2/reference-validation/local-timing-rerun-20260909/M400-01-baseline-awake/Recording,sink,3,2,8,242,257,244,256,828,20,20,0,0,0,96.8833333333333,96.8833333333333,valid,valid,0.059554172681421,0.059554172681421,0,1,0,Awake_immobile,695f8390be5fe18d06685d718b7e99c73d08715f51ef11ec14c694b32b599a05,M400-01-baseline-awake
/Users/zcm361/Documents/Github/OxygenDynamicsV2/reference-validation/local-timing-rerun-20260909/M400-01-baseline-awake/Recording,sink,3,3,9,456,461,457,461,453,20,20,0,0,0,99.5894039735099,99.5894039735099,valid,valid,0.113069113800594,0.113069113800594,0,1,0,Awake_immobile,695f8390be5fe18d06685d718b7e99c73d08715f51ef11ec14c694b32b599a05,M400-01-baseline-awake
/Users/zcm361/Documents/Github/OxygenDynamicsV2/reference-validation/local-timing-rerun-20260909/M400-01-baseline-awake/Recording,sink,4,1,10,17,53,18,46,3342,20,16,1,0,0,NaN,NaN,insufficient_clean_prebaseline,insufficient_clean_prebaseline,NaN,NaN,NaN,1,0,Awake_immobile,695f8390be5fe18d06685d718b7e99c73d08715f51ef11ec14c694b32b599a05,M400-01-baseline-awake
/Users/zcm361/Documents/Github/OxygenDynamicsV2/reference-validation/local-timing-rerun-20260909/M400-01-baseline-awake/Recording,sink,4,2,11,219,227,219,227,783,20,19,0,1,0,NaN,NaN,insufficient_clean_prebaseline,insufficient_clean_prebaseline,NaN,NaN,NaN,1,0,Awake_immobile,695f8390be5fe18d06685d718b7e99c73d08715f51ef11ec14c694b32b599a05,M400-01-baseline-awake
/Users/zcm361/Documents/Github/OxygenDynamicsV2/reference-validation/local-timing-rerun-20260909/M400-01-baseline-awake/Recording,sink,4,3,12,252,332,252,332,2447,20,13,0,7,0,NaN,NaN,insufficient_clean_prebaseline,insufficient_clean_prebaseline,NaN,NaN,NaN,1,0,Awake_immobile,695f8390be5fe18d06685d718b7e99c73d08715f51ef11ec14c694b32b599a05,M400-01-baseline-awake
/Users/zcm361/Documents/Github/OxygenDynamicsV2/reference-validation/local-timing-rerun-20260909/M400-01-baseline-awake/Recording,sink,4,4,13,403,408,405,408,318,20,15,0,5,0,NaN,NaN,insufficient_clean_prebaseline,insufficient_clean_prebaseline,NaN,NaN,NaN,1,0,Awake_immobile,695f8390be5fe18d06685d718b7e99c73d08715f51ef11ec14c694b32b599a05,M400-01-baseline-awake
/Users/zcm361/Documents/Github/OxygenDynamicsV2/reference-validation/local-timing-rerun-20260909/M400-01-baseline-awake/Recording,sink,4,5,14,481,486,482,486,415,20,20,0,0,0,104.163253012048,104.163253012048,valid,valid,0.0880163783680621,0.0880163783680621,0,1,0,Awake_immobile,695f8390be5fe18d06685d718b7e99c73d08715f51ef11ec14c694b32b599a05,M400-01-baseline-awake
/Users/zcm361/Documents/Github/OxygenDynamicsV2/reference-validation/local-timing-rerun-20260909/M400-01-baseline-awake/Recording,sink,4,6,15,546,550,546,549,467,20,20,0,0,0,104.033190578158,104.033190578158,valid,valid,0.0721335432811552,0.0721335432811552,0,1,0,Awake_immobile,695f8390be5fe18d06685d718b7e99c73d08715f51ef11ec14c694b32b599a05,M400-01-baseline-awake
/Users/zcm361/Documents/Github/OxygenDynamicsV2/reference-validation/local-timing-rerun-20260909/M400-01-baseline-awake/Recording,sink,4,7,16,580,600,580,600,1639,20,19,0,1,0,NaN,NaN,insufficient_clean_prebaseline,insufficient_clean_prebaseline,NaN,NaN,NaN,1,0,Awake_immobile,695f8390be5fe18d06685d718b7e99c73d08715f51ef11ec14c694b32b599a05,M400-01-baseline-awake
/Users/zcm361/Documents/Github/OxygenDynamicsV2/reference-validation/local-timing-rerun-20260909/M400-01-baseline-awake/Recording,sink,5,1,17,14,37,23,33,907,20,13,1,0,0,NaN,NaN,insufficient_clean_prebaseline,insufficient_clean_prebaseline,NaN,NaN,NaN,1,0,Awake_immobile,695f8390be5fe18d06685d718b7e99c73d08715f51ef11ec14c694b32b599a05,M400-01-baseline-awake
/Users/zcm361/Documents/Github/OxygenDynamicsV2/reference-validation/local-timing-rerun-20260909/M400-01-baseline-awake/Recording,sink,5,2,18,90,108,90,108,893,20,6,0,14,0,NaN,NaN,insufficient_clean_prebaseline,insufficient_clean_prebaseline,NaN,NaN,NaN,1,0,Awake_immobile,695f8390be5fe18d06685d718b7e99c73d08715f51ef11ec14c694b32b599a05,M400-01-baseline-awake
/Users/zcm361/Documents/Github/OxygenDynamicsV2/reference-validation/local-timing-rerun-20260909/M400-01-baseline-awake/Recording,sink,6,1,19,14,40,28,30,506,20,13,1,0,0,NaN,NaN,insufficient_clean_prebaseline,insufficient_clean_prebaseline,NaN,NaN,NaN,1,0,Awake_immobile,695f8390be5fe18d06685d718b7e99c73d08715f51ef11ec14c694b32b599a05,M400-01-baseline-awake
/Users/zcm361/Documents/Github/OxygenDynamicsV2/reference-validation/local-timing-rerun-20260909/M400-01-baseline-awake/Recording,sink,6,2,20,123,131,125,128,797,20,20,0,0,0,120.457465495609,120.457465495609,valid,valid,0.0826897877810023,0.0826897877810023,0,1,0,Awake_immobile,695f8390be5fe18d06685d718b7e99c73d08715f51ef11ec14c694b32b599a05,M400-01-baseline-awake
/Users/zcm361/Documents/Github/OxygenDynamicsV2/reference-validation/local-timing-rerun-20260909/M400-01-baseline-awake/Recording,sink,7,1,21,11,14,11,13,324,20,10,1,0,0,NaN,NaN,insufficient_clean_prebaseline,insufficient_clean_prebaseline,NaN,NaN,NaN,1,0,Awake_immobile,695f8390be5fe18d06685d718b7e99c73d08715f51ef11ec14c694b32b599a05,M400-01-baseline-awake
/Users/zcm361/Documents/Github/OxygenDynamicsV2/reference-validation/local-timing-rerun-20260909/M400-01-baseline-awake/Recording,sink,7,2,22,95,105,102,104,438,20,20,0,0,0,91.00399543379,91.00399543379,valid,valid,0.10869987895057,0.10869987895057,0,1,0,Awake_immobile,695f8390be5fe18d06685d718b7e99c73d08715f51ef11ec14c694b32b599a05,M400-01-baseline-awake
/Users/zcm361/Documents/Github/OxygenDynamicsV2/reference-validation/local-timing-rerun-20260909/M400-01-baseline-awake/Recording,sink,7,3,23,122,131,124,130,564,20,17,0,3,0,NaN,NaN,insufficient_clean_prebaseline,insufficient_clean_prebaseline,NaN,NaN,NaN,1,0,Awake_immobile,695f8390be5fe18d06685d718b7e99c73d08715f51ef11ec14c694b32b599a05,M400-01-baseline-awake
/Users/zcm361/Documents/Github/OxygenDynamicsV2/reference-validation/local-timing-rerun-20260909/M400-01-baseline-awake/Recording,sink,7,4,24,194,208,199,208,760,20,20,0,0,0,99.2134868421053,99.2134868421053,valid,valid,0.0844570288021909,0.0844570288021909,0,1,0,Awake_immobile,695f8390be5fe18d06685d718b7e99c73d08715f51ef11ec14c694b32b599a05,M400-01-baseline-awake
/Users/zcm361/Documents/Github/OxygenDynamicsV2/reference-validation/local-timing-rerun-20260909/M400-01-baseline-awake/Recording,sink,7,5,25,241,254,245,254,515,20,19,0,1,0,NaN,NaN,insufficient_clean_prebaseline,insufficient_clean_prebaseline,NaN,NaN,NaN,1,0,Awake_immobile,695f8390be5fe18d06685d718b7e99c73d08715f51ef11ec14c694b32b599a05,M400-01-baseline-awake
/Users/zcm361/Documents/Github/OxygenDynamicsV2/reference-validation/local-timing-rerun-20260909/M400-01-baseline-awake/Recording,sink,7,6,26,318,347,335,347,581,20,20,0,0,0,95.7336488812392,95.7336488812392,valid,valid,0.086086702474324,0.086086702474324,0,1,0,Awake_immobile,695f8390be5fe18d06685d718b7e99c73d08715f51ef11ec14c694b32b599a05,M400-01-baseline-awake
/Users/zcm361/Documents/Github/OxygenDynamicsV2/reference-validation/local-timing-rerun-20260909/M400-01-baseline-awake/Recording,sink,7,7,27,374,401,394,399,844,20,20,0,0,0,92.0095379146919,92.0095379146919,valid,valid,0.0977135715762003,0.0977135715762003,0,1,0,Awake_immobile,695f8390be5fe18d06685d718b7e99c73d08715f51ef11ec14c694b32b599a05,M400-01-baseline-awake
/Users/zcm361/Documents/Github/OxygenDynamicsV2/reference-validation/local-timing-rerun-20260909/M400-01-baseline-awake/Recording,sink,7,8,28,557,570,567,570,794,20,18,0,2,0,NaN,NaN,insufficient_clean_prebaseline,insufficient_clean_prebaseline,NaN,NaN,NaN,1,0,Awake_immobile,695f8390be5fe18d06685d718b7e99c73d08715f51ef11ec14c694b32b599a05,M400-01-baseline-awake
/Users/zcm361/Documents/Github/OxygenDynamicsV2/reference-validation/local-timing-rerun-20260909/M400-01-baseline-awake/Recording,sink,8,1,29,155,167,157,160,436,20,20,0,0,0,107.871903669725,107.871903669725,valid,valid,0.102103561074712,0.102103561074712,0,1,0,Awake_immobile,695f8390be5fe18d06685d718b7e99c73d08715f51ef11ec14c694b32b599a05,M400-01-baseline-awake
/Users/zcm361/Documents/Github/OxygenDynamicsV2/reference-validation/local-timing-rerun-20260909/M400-01-baseline-awake/Recording,sink,8,2,30,229,240,232,234,383,20,20,0,0,0,105.587467362924,105.587467362924,valid,valid,0.128313550939664,0.128313550939664,0,1,0,Awake_immobile,695f8390be5fe18d06685d718b7e99c73d08715f51ef11ec14c694b32b599a05,M400-01-baseline-awake
/Users/zcm361/Documents/Github/OxygenDynamicsV2/reference-validation/local-timing-rerun-20260909/M400-01-baseline-awake/Recording,sink,8,3,31,486,500,488,500,811,20,17,0,3,0,NaN,NaN,insufficient_clean_prebaseline,insufficient_clean_prebaseline,NaN,NaN,NaN,1,0,Awake_immobile,695f8390be5fe18d06685d718b7e99c73d08715f51ef11ec14c694b32b599a05,M400-01-baseline-awake
/Users/zcm361/Documents/Github/OxygenDynamicsV2/reference-validation/local-timing-rerun-20260909/M400-01-baseline-awake/Recording,sink,9,1,32,220,243,225,242,1916,20,20,0,0,0,113.523277661795,113.523277661795,valid,valid,0.132750311938821,0.132750311938821,0,1,0,Awake_immobile,695f8390be5fe18d06685d718b7e99c73d08715f51ef11ec14c694b32b599a05,M400-01-baseline-awake
/Users/zcm361/Documents/Github/OxygenDynamicsV2/reference-validation/local-timing-rerun-20260909/M400-01-baseline-awake/Recording,sink,9,2,33,354,374,361,371,1139,20,20,0,0,0,112.235513608428,112.235513608428,valid,valid,0.131592173581437,0.131592173581437,0,1,0,Awake_immobile,695f8390be5fe18d06685d718b7e99c73d08715f51ef11ec14c694b32b599a05,M400-01-baseline-awake
/Users/zcm361/Documents/Github/OxygenDynamicsV2/reference-validation/local-timing-rerun-20260909/M400-01-baseline-awake/Recording,sink,9,3,34,451,460,454,458,361,20,18,0,2,0,NaN,NaN,insufficient_clean_prebaseline,insufficient_clean_prebaseline,NaN,NaN,NaN,1,0,Awake_immobile,695f8390be5fe18d06685d718b7e99c73d08715f51ef11ec14c694b32b599a05,M400-01-baseline-awake
/Users/zcm361/Documents/Github/OxygenDynamicsV2/reference-validation/local-timing-rerun-20260909/M400-01-baseline-awake/Recording,sink,10,1,35,18,41,28,39,1275,20,17,1,0,0,NaN,NaN,insufficient_clean_prebaseline,insufficient_clean_prebaseline,NaN,NaN,NaN,1,0,Awake_immobile,695f8390be5fe18d06685d718b7e99c73d08715f51ef11ec14c694b32b599a05,M400-01-baseline-awake
/Users/zcm361/Documents/Github/OxygenDynamicsV2/reference-validation/local-timing-rerun-20260909/M400-01-baseline-awake/Recording,sink,10,2,36,94,106,98,103,610,20,20,0,0,0,99.5355737704918,99.5355737704918,valid,valid,0.0641619192083891,0.0641619192083891,0,1,0,Awake_immobile,695f8390be5fe18d06685d718b7e99c73d08715f51ef11ec14c694b32b599a05,M400-01-baseline-awake
/Users/zcm361/Documents/Github/OxygenDynamicsV2/reference-validation/local-timing-rerun-20260909/M400-01-baseline-awake/Recording,sink,10,3,37,220,233,226,232,664,20,20,0,0,0,105.099322289157,105.099322289157,valid,valid,0.116842287021958,0.116842287021958,0,1,0,Awake_immobile,695f8390be5fe18d06685d718b7e99c73d08715f51ef11ec14c694b32b599a05,M400-01-baseline-awake
/Users/zcm361/Documents/Github/OxygenDynamicsV2/reference-validation/local-timing-rerun-20260909/M400-01-baseline-awake/Recording,sink,10,4,38,381,402,394,399,1005,20,20,0,0,0,98.6279104477612,98.6279104477612,valid,valid,0.0786114553871251,0.0786114553871251,0,1,0,Awake_immobile,695f8390be5fe18d06685d718b7e99c73d08715f51ef11ec14c694b32b599a05,M400-01-baseline-awake
/Users/zcm361/Documents/Github/OxygenDynamicsV2/reference-validation/local-timing-rerun-20260909/M400-01-baseline-awake/Recording,sink,10,5,39,446,461,448,451,435,20,20,0,0,0,99.0898850574713,99.0898850574713,valid,valid,0.0662141188425231,0.0662141188425231,0,1,0,Awake_immobile,695f8390be5fe18d06685d718b7e99c73d08715f51ef11ec14c694b32b599a05,M400-01-baseline-awake
/Users/zcm361/Documents/Github/OxygenDynamicsV2/reference-validation/local-timing-rerun-20260909/M400-01-baseline-awake/Recording,sink,10,6,40,588,596,592,596,654,20,20,0,0,0,92.2361620795107,92.2361620795107,valid,valid,0.0714568125134175,0.0714568125134175,0,1,0,Awake_immobile,695f8390be5fe18d06685d718b7e99c73d08715f51ef11ec14c694b32b599a05,M400-01-baseline-awake
/Users/zcm361/Documents/Github/OxygenDynamicsV2/reference-validation/local-timing-rerun-20260909/M400-01-baseline-awake/Recording,sink,11,1,41,82,97,85,96,1100,20,20,0,0,0,76.5048181818182,76.5048181818182,valid,valid,0.0448373423896056,0.0448373423896056,0,1,0,Awake_immobile,695f8390be5fe18d06685d718b7e99c73d08715f51ef11ec14c694b32b599a05,M400-01-baseline-awake
/Users/zcm361/Documents/Github/OxygenDynamicsV2/reference-validation/local-timing-rerun-20260909/M400-01-baseline-awake/Recording,sink,11,2,42,311,315,312,315,309,20,20,0,0,0,75.6503236245955,75.6503236245955,valid,valid,0.107800966377837,0.107800966377837,0,1,0,Awake_immobile,695f8390be5fe18d06685d718b7e99c73d08715f51ef11ec14c694b32b599a05,M400-01-baseline-awake
/Users/zcm361/Documents/Github/OxygenDynamicsV2/reference-validation/local-timing-rerun-20260909/M400-01-baseline-awake/Recording,sink,11,3,43,393,403,399,401,287,20,20,0,0,0,82.9418118466899,82.9418118466899,valid,valid,0.0852913129140532,0.0852913129140532,0,1,0,Awake_immobile,695f8390be5fe18d06685d718b7e99c73d08715f51ef11ec14c694b32b599a05,M400-01-baseline-awake
/Users/zcm361/Documents/Github/OxygenDynamicsV2/reference-validation/local-timing-rerun-20260909/M400-01-baseline-awake/Recording,sink,11,4,44,468,477,472,475,583,20,20,0,0,0,78.2496569468268,78.2496569468268,valid,valid,0.0553172926957852,0.0553172926957852,0,1,0,Awake_immobile,695f8390be5fe18d06685d718b7e99c73d08715f51ef11ec14c694b32b599a05,M400-01-baseline-awake
/Users/zcm361/Documents/Github/OxygenDynamicsV2/reference-validation/local-timing-rerun-20260909/M400-01-baseline-awake/Recording,sink,11,5,45,531,546,533,536,549,20,20,0,0,0,78.7706739526412,78.7706739526412,valid,valid,0.070253046009837,0.070253046009837,0,1,0,Awake_immobile,695f8390be5fe18d06685d718b7e99c73d08715f51ef11ec14c694b32b599a05,M400-01-baseline-awake
/Users/zcm361/Documents/Github/OxygenDynamicsV2/reference-validation/local-timing-rerun-20260909/M400-01-baseline-awake/Recording,sink,12,1,46,41,47,41,43,436,20,20,0,0,0,125.492889908257,125.492889908257,valid,valid,0.0521229135025378,0.0521229135025378,0,1,0,Awake_immobile,695f8390be5fe18d06685d718b7e99c73d08715f51ef11ec14c694b32b599a05,M400-01-baseline-awake
/Users/zcm361/Documents/Github/OxygenDynamicsV2/reference-validation/local-timing-rerun-20260909/M400-01-baseline-awake/Recording,sink,12,2,47,453,473,465,471,1339,20,20,0,0,0,109.720500373413,109.720500373413,valid,valid,0.078199580371744,0.078199580371744,0,1,0,Awake_immobile,695f8390be5fe18d06685d718b7e99c73d08715f51ef11ec14c694b32b599a05,M400-01-baseline-awake
/Users/zcm361/Documents/Github/OxygenDynamicsV2/reference-validation/local-timing-rerun-20260909/M400-01-baseline-awake/Recording,sink,13,1,48,107,124,109,124,2086,20,20,0,0,0,98.5948465963566,98.5948465963566,valid,valid,0.105562169477779,0.105562169477779,0,1,0,Awake_immobile,695f8390be5fe18d06685d718b7e99c73d08715f51ef11ec14c694b32b599a05,M400-01-baseline-awake
/Users/zcm361/Documents/Github/OxygenDynamicsV2/reference-validation/local-timing-rerun-20260909/M400-01-baseline-awake/Recording,sink,13,2,49,311,324,312,324,962,20,20,0,0,0,118.81340956341,118.81340956341,valid,valid,0.101659251871197,0.101659251871197,0,1,0,Awake_immobile,695f8390be5fe18d06685d718b7e99c73d08715f51ef11ec14c694b32b599a05,M400-01-baseline-awake
/Users/zcm361/Documents/Github/OxygenDynamicsV2/reference-validation/local-timing-rerun-20260909/M400-01-baseline-awake/Recording,sink,13,3,50,349,372,365,369,190,20,20,0,0,0,103.419736842105,103.419736842105,valid,valid,0.0495553378541712,0.0495553378541712,0,1,0,Awake_immobile,695f8390be5fe18d06685d718b7e99c73d08715f51ef11ec14c694b32b599a05,M400-01-baseline-awake
/Users/zcm361/Documents/Github/OxygenDynamicsV2/reference-validation/local-timing-rerun-20260909/M400-01-baseline-awake/Recording,sink,13,4,51,504,512,507,511,593,20,20,0,0,0,108.30328836425,108.30328836425,valid,valid,0.0885473231517575,0.0885473231517575,0,1,0,Awake_immobile,695f8390be5fe18d06685d718b7e99c73d08715f51ef11ec14c694b32b599a05,M400-01-baseline-awake
/Users/zcm361/Documents/Github/OxygenDynamicsV2/reference-validation/local-timing-rerun-20260909/M400-01-baseline-awake/Recording,sink,14,1,52,66,76,67,76,1515,20,17,0,3,0,NaN,NaN,insufficient_clean_prebaseline,insufficient_clean_prebaseline,NaN,NaN,NaN,1,0,Awake_immobile,695f8390be5fe18d06685d718b7e99c73d08715f51ef11ec14c694b32b599a05,M400-01-baseline-awake
/Users/zcm361/Documents/Github/OxygenDynamicsV2/reference-validation/local-timing-rerun-20260909/M400-01-baseline-awake/Recording,sink,14,2,53,106,113,107,109,1353,20,20,0,0,0,89.3041019955654,89.3041019955654,valid,valid,0.141228742071921,0.141228742071921,0,1,0,Awake_immobile,695f8390be5fe18d06685d718b7e99c73d08715f51ef11ec14c694b32b599a05,M400-01-baseline-awake
/Users/zcm361/Documents/Github/OxygenDynamicsV2/reference-validation/local-timing-rerun-20260909/M400-01-baseline-awake/Recording,sink,14,3,54,209,221,211,219,1682,20,19,0,1,0,NaN,NaN,insufficient_clean_prebaseline,insufficient_clean_prebaseline,NaN,NaN,NaN,1,0,Awake_immobile,695f8390be5fe18d06685d718b7e99c73d08715f51ef11ec14c694b32b599a05,M400-01-baseline-awake
/Users/zcm361/Documents/Github/OxygenDynamicsV2/reference-validation/local-timing-rerun-20260909/M400-01-baseline-awake/Recording,sink,14,4,55,292,297,292,296,1190,20,20,0,0,0,83.5030672268908,83.5030672268908,valid,valid,0.116733496932886,0.116733496932886,0,1,0,Awake_immobile,695f8390be5fe18d06685d718b7e99c73d08715f51ef11ec14c694b32b599a05,M400-01-baseline-awake
/Users/zcm361/Documents/Github/OxygenDynamicsV2/reference-validation/local-timing-rerun-20260909/M400-01-baseline-awake/Recording,sink,14,5,56,348,361,349,358,1242,20,18,0,2,0,NaN,NaN,insufficient_clean_prebaseline,insufficient_clean_prebaseline,NaN,NaN,NaN,1,0,Awake_immobile,695f8390be5fe18d06685d718b7e99c73d08715f51ef11ec14c694b32b599a05,M400-01-baseline-awake
/Users/zcm361/Documents/Github/OxygenDynamicsV2/reference-validation/local-timing-rerun-20260909/M400-01-baseline-awake/Recording,sink,14,6,57,403,411,404,409,1087,20,18,0,2,0,NaN,NaN,insufficient_clean_prebaseline,insufficient_clean_prebaseline,NaN,NaN,NaN,1,0,Awake_immobile,695f8390be5fe18d06685d718b7e99c73d08715f51ef11ec14c694b32b599a05,M400-01-baseline-awake
/Users/zcm361/Documents/Github/OxygenDynamicsV2/reference-validation/local-timing-rerun-20260909/M400-01-baseline-awake/Recording,sink,14,7,58,480,486,480,485,1175,20,20,0,0,0,80.4442978723404,80.4442978723404,valid,valid,0.119210808483312,0.119210808483312,0,1,0,Awake_immobile,695f8390be5fe18d06685d718b7e99c73d08715f51ef11ec14c694b32b599a05,M400-01-baseline-awake
/Users/zcm361/Documents/Github/OxygenDynamicsV2/reference-validation/local-timing-rerun-20260909/M400-01-baseline-awake/Recording,sink,14,8,59,512,516,513,515,762,20,20,0,0,0,81.3298556430446,81.3298556430446,valid,valid,0.105889870403972,0.105889870403972,0,1,0,Awake_immobile,695f8390be5fe18d06685d718b7e99c73d08715f51ef11ec14c694b32b599a05,M400-01-baseline-awake
/Users/zcm361/Documents/Github/OxygenDynamicsV2/reference-validation/local-timing-rerun-20260909/M400-01-baseline-awake/Recording,sink,14,9,60,546,552,546,550,1441,20,20,0,0,0,81.4375780707842,81.4375780707842,valid,valid,0.140914627885188,0.140914627885188,0,1,0,Awake_immobile,695f8390be5fe18d06685d718b7e99c73d08715f51ef11ec14c694b32b599a05,M400-01-baseline-awake
/Users/zcm361/Documents/Github/OxygenDynamicsV2/reference-validation/local-timing-rerun-20260909/M400-01-baseline-awake/Recording,sink,14,10,61,571,579,572,575,1307,20,20,0,0,0,79.1318668706962,79.1318668706962,valid,valid,0.0959083048788328,0.0959083048788328,0,1,0,Awake_immobile,695f8390be5fe18d06685d718b7e99c73d08715f51ef11ec14c694b32b599a05,M400-01-baseline-awake
/Users/zcm361/Documents/Github/OxygenDynamicsV2/reference-validation/local-timing-rerun-20260909/M400-01-baseline-awake/Recording,sink,15,1,62,44,76,57,76,1132,20,10,0,10,0,NaN,NaN,insufficient_clean_prebaseline,insufficient_clean_prebaseline,NaN,NaN,NaN,1,0,Awake_immobile,695f8390be5fe18d06685d718b7e99c73d08715f51ef11ec14c694b32b599a05,M400-01-baseline-awake
/Users/zcm361/Documents/Github/OxygenDynamicsV2/reference-validation/local-timing-rerun-20260909/M400-01-baseline-awake/Recording,sink,15,2,63,106,112,106,108,462,20,20,0,0,0,129.573051948052,129.573051948052,valid,valid,0.109396076859148,0.109396076859148,0,1,0,Awake_immobile,695f8390be5fe18d06685d718b7e99c73d08715f51ef11ec14c694b32b599a05,M400-01-baseline-awake
/Users/zcm361/Documents/Github/OxygenDynamicsV2/reference-validation/local-timing-rerun-20260909/M400-01-baseline-awake/Recording,sink,15,3,64,188,192,189,191,316,20,20,0,0,0,130.843829113924,130.843829113924,valid,valid,0.0919457803715657,0.0919457803715657,0,1,0,Awake_immobile,695f8390be5fe18d06685d718b7e99c73d08715f51ef11ec14c694b32b599a05,M400-01-baseline-awake
/Users/zcm361/Documents/Github/OxygenDynamicsV2/reference-validation/local-timing-rerun-20260909/M400-01-baseline-awake/Recording,sink,15,4,65,404,426,405,412,1361,20,16,0,4,0,NaN,NaN,insufficient_clean_prebaseline,insufficient_clean_prebaseline,NaN,NaN,NaN,1,0,Awake_immobile,695f8390be5fe18d06685d718b7e99c73d08715f51ef11ec14c694b32b599a05,M400-01-baseline-awake
/Users/zcm361/Documents/Github/OxygenDynamicsV2/reference-validation/local-timing-rerun-20260909/M400-01-baseline-awake/Recording,sink,15,5,66,479,482,479,482,691,20,20,0,0,0,121.562083936324,121.562083936324,valid,valid,0.0827672578613658,0.0827672578613658,0,1,0,Awake_immobile,695f8390be5fe18d06685d718b7e99c73d08715f51ef11ec14c694b32b599a05,M400-01-baseline-awake
/Users/zcm361/Documents/Github/OxygenDynamicsV2/reference-validation/local-timing-rerun-20260909/M400-01-baseline-awake/Recording,sink,15,6,67,512,514,512,514,382,20,20,0,0,0,121.811910994764,121.811910994764,valid,valid,0.0837947526602576,0.0837947526602576,0,1,0,Awake_immobile,695f8390be5fe18d06685d718b7e99c73d08715f51ef11ec14c694b32b599a05,M400-01-baseline-awake
/Users/zcm361/Documents/Github/OxygenDynamicsV2/reference-validation/local-timing-rerun-20260909/M400-01-baseline-awake/Recording,sink,15,7,68,546,549,546,548,507,20,18,0,2,0,NaN,NaN,insufficient_clean_prebaseline,insufficient_clean_prebaseline,NaN,NaN,NaN,1,0,Awake_immobile,695f8390be5fe18d06685d718b7e99c73d08715f51ef11ec14c694b32b599a05,M400-01-baseline-awake
/Users/zcm361/Documents/Github/OxygenDynamicsV2/reference-validation/local-timing-rerun-20260909/M400-01-baseline-awake/Recording,sink,16,1,69,43,56,49,55,782,20,14,0,6,0,NaN,NaN,insufficient_clean_prebaseline,insufficient_clean_prebaseline,NaN,NaN,NaN,1,0,Awake_immobile,695f8390be5fe18d06685d718b7e99c73d08715f51ef11ec14c694b32b599a05,M400-01-baseline-awake
/Users/zcm361/Documents/Github/OxygenDynamicsV2/reference-validation/local-timing-rerun-20260909/M400-01-baseline-awake/Recording,sink,16,2,70,219,241,234,240,733,20,20,0,0,0,119.46548431105,119.46548431105,valid,valid,0.12246683156671,0.12246683156671,0,1,0,Awake_immobile,695f8390be5fe18d06685d718b7e99c73d08715f51ef11ec14c694b32b599a05,M400-01-baseline-awake
/Users/zcm361/Documents/Github/OxygenDynamicsV2/reference-validation/local-timing-rerun-20260909/M400-01-baseline-awake/Recording,sink,17,1,71,51,81,70,80,796,20,20,0,0,0,103.987248743719,103.987248743719,valid,valid,0.0695612201196393,0.0695612201196393,0,1,0,Awake_immobile,695f8390be5fe18d06685d718b7e99c73d08715f51ef11ec14c694b32b599a05,M400-01-baseline-awake
/Users/zcm361/Documents/Github/OxygenDynamicsV2/reference-validation/local-timing-rerun-20260909/M400-01-baseline-awake/Recording,sink,17,2,72,301,304,301,304,300,20,20,0,0,0,115.1345,115.1345,valid,valid,0.0850990218686261,0.0850990218686261,0,1,0,Awake_immobile,695f8390be5fe18d06685d718b7e99c73d08715f51ef11ec14c694b32b599a05,M400-01-baseline-awake
/Users/zcm361/Documents/Github/OxygenDynamicsV2/reference-validation/local-timing-rerun-20260909/M400-01-baseline-awake/Recording,sink,17,3,73,351,377,360,371,459,20,10,0,10,0,NaN,NaN,insufficient_clean_prebaseline,insufficient_clean_prebaseline,NaN,NaN,NaN,1,0,Awake_immobile,695f8390be5fe18d06685d718b7e99c73d08715f51ef11ec14c694b32b599a05,M400-01-baseline-awake
/Users/zcm361/Documents/Github/OxygenDynamicsV2/reference-validation/local-timing-rerun-20260909/M400-01-baseline-awake/Recording,sink,17,4,74,469,519,488,519,783,20,9,0,11,0,NaN,NaN,insufficient_clean_prebaseline,insufficient_clean_prebaseline,NaN,NaN,NaN,1,0,Awake_immobile,695f8390be5fe18d06685d718b7e99c73d08715f51ef11ec14c694b32b599a05,M400-01-baseline-awake
/Users/zcm361/Documents/Github/OxygenDynamicsV2/reference-validation/local-timing-rerun-20260909/M400-01-baseline-awake/Recording,sink,17,5,75,553,565,555,557,586,20,20,0,0,0,115.806313993174,115.806313993174,valid,valid,0.0728605636397127,0.0728605636397127,0,1,0,Awake_immobile,695f8390be5fe18d06685d718b7e99c73d08715f51ef11ec14c694b32b599a05,M400-01-baseline-awake
/Users/zcm361/Documents/Github/OxygenDynamicsV2/reference-validation/local-timing-rerun-20260909/M400-01-baseline-awake/Recording,sink,18,1,76,60,78,71,78,499,20,20,0,0,0,98.6771543086172,98.6771543086172,valid,valid,0.0246527714312985,0.0246527714312985,0,1,0,Awake_immobile,695f8390be5fe18d06685d718b7e99c73d08715f51ef11ec14c694b32b599a05,M400-01-baseline-awake
/Users/zcm361/Documents/Github/OxygenDynamicsV2/reference-validation/local-timing-rerun-20260909/M400-01-baseline-awake/Recording,sink,18,2,77,110,117,113,115,508,20,20,0,0,0,103.450590551181,103.450590551181,valid,valid,0.0465416751501818,0.0465416751501818,0,1,0,Awake_immobile,695f8390be5fe18d06685d718b7e99c73d08715f51ef11ec14c694b32b599a05,M400-01-baseline-awake
/Users/zcm361/Documents/Github/OxygenDynamicsV2/reference-validation/local-timing-rerun-20260909/M400-01-baseline-awake/Recording,sink,18,3,78,261,266,263,266,598,20,20,0,0,0,109.454347826087,109.454347826087,valid,valid,0.0767672415768702,0.0767672415768702,0,1,0,Awake_immobile,695f8390be5fe18d06685d718b7e99c73d08715f51ef11ec14c694b32b599a05,M400-01-baseline-awake
/Users/zcm361/Documents/Github/OxygenDynamicsV2/reference-validation/local-timing-rerun-20260909/M400-01-baseline-awake/Recording,sink,18,4,79,297,302,297,301,508,20,20,0,0,0,114.634842519685,114.634842519685,valid,valid,0.0476779228807666,0.0476779228807666,0,1,0,Awake_immobile,695f8390be5fe18d06685d718b7e99c73d08715f51ef11ec14c694b32b599a05,M400-01-baseline-awake
/Users/zcm361/Documents/Github/OxygenDynamicsV2/reference-validation/local-timing-rerun-20260909/M400-01-baseline-awake/Recording,sink,18,5,80,314,353,324,333,686,20,5,0,15,0,NaN,NaN,insufficient_clean_prebaseline,insufficient_clean_prebaseline,NaN,NaN,NaN,1,0,Awake_immobile,695f8390be5fe18d06685d718b7e99c73d08715f51ef11ec14c694b32b599a05,M400-01-baseline-awake
/Users/zcm361/Documents/Github/OxygenDynamicsV2/reference-validation/local-timing-rerun-20260909/M400-01-baseline-awake/Recording,sink,18,6,81,482,498,483,486,639,20,20,0,0,0,108.549061032864,108.549061032864,valid,valid,0.0917760732149846,0.0917760732149846,0,1,0,Awake_immobile,695f8390be5fe18d06685d718b7e99c73d08715f51ef11ec14c694b32b599a05,M400-01-baseline-awake
/Users/zcm361/Documents/Github/OxygenDynamicsV2/reference-validation/local-timing-rerun-20260909/M400-01-baseline-awake/Recording,sink,18,7,82,537,542,537,542,312,20,20,0,0,0,106.698076923077,106.698076923077,valid,valid,0.0728090886698026,0.0728090886698026,0,1,0,Awake_immobile,695f8390be5fe18d06685d718b7e99c73d08715f51ef11ec14c694b32b599a05,M400-01-baseline-awake
/Users/zcm361/Documents/Github/OxygenDynamicsV2/reference-validation/local-timing-rerun-20260909/M400-01-baseline-awake/Recording,sink,19,1,83,468,480,471,478,1463,20,8,0,12,0,NaN,NaN,insufficient_clean_prebaseline,insufficient_clean_prebaseline,NaN,NaN,NaN,1,0,Awake_immobile,695f8390be5fe18d06685d718b7e99c73d08715f51ef11ec14c694b32b599a05,M400-01-baseline-awake
/Users/zcm361/Documents/Github/OxygenDynamicsV2/reference-validation/local-timing-rerun-20260909/M400-01-baseline-awake/Recording,sink,20,1,84,44,63,54,56,604,20,20,0,0,0,131.423758278146,131.423758278146,valid,valid,0.074804153945675,0.074804153945675,0,1,0,Awake_immobile,695f8390be5fe18d06685d718b7e99c73d08715f51ef11ec14c694b32b599a05,M400-01-baseline-awake
/Users/zcm361/Documents/Github/OxygenDynamicsV2/reference-validation/local-timing-rerun-20260909/M400-01-baseline-awake/Recording,sink,21,1,85,46,60,55,57,291,20,20,0,0,0,87.0883161512027,87.0883161512027,valid,valid,0.141646312350302,0.141646312350302,0,1,0,Awake_immobile,695f8390be5fe18d06685d718b7e99c73d08715f51ef11ec14c694b32b599a05,M400-01-baseline-awake
/Users/zcm361/Documents/Github/OxygenDynamicsV2/reference-validation/local-timing-rerun-20260909/M400-01-baseline-awake/Recording,sink,22,1,86,71,83,71,76,360,20,20,0,0,0,89.5048611111111,89.5048611111111,valid,valid,0.0299099210936713,0.0299099210936713,0,1,0,Awake_immobile,695f8390be5fe18d06685d718b7e99c73d08715f51ef11ec14c694b32b599a05,M400-01-baseline-awake
/Users/zcm361/Documents/Github/OxygenDynamicsV2/reference-validation/local-timing-rerun-20260909/M400-01-baseline-awake/Recording,sink,22,2,87,356,377,369,371,298,20,20,0,0,0,84.2030201342282,84.2030201342282,valid,valid,0.0941914914815183,0.0941914914815183,0,1,0,Awake_immobile,695f8390be5fe18d06685d718b7e99c73d08715f51ef11ec14c694b32b599a05,M400-01-baseline-awake
/Users/zcm361/Documents/Github/OxygenDynamicsV2/reference-validation/local-timing-rerun-20260909/M400-01-baseline-awake/Recording,sink,22,3,88,483,520,488,512,658,20,20,0,0,0,90.501367781155,90.501367781155,valid,valid,0.0741714091879247,0.0741714091879247,0,1,0,Awake_immobile,695f8390be5fe18d06685d718b7e99c73d08715f51ef11ec14c694b32b599a05,M400-01-baseline-awake
/Users/zcm361/Documents/Github/OxygenDynamicsV2/reference-validation/local-timing-rerun-20260909/M400-01-baseline-awake/Recording,sink,23,1,89,133,153,136,146,716,20,20,0,0,0,127.992248603352,127.992248603352,valid,valid,0.0971542118308709,0.0971542118308709,0,1,0,Awake_immobile,695f8390be5fe18d06685d718b7e99c73d08715f51ef11ec14c694b32b599a05,M400-01-baseline-awake
/Users/zcm361/Documents/Github/OxygenDynamicsV2/reference-validation/local-timing-rerun-20260909/M400-01-baseline-awake/Recording,sink,23,2,90,214,223,216,223,578,20,6,0,14,0,NaN,NaN,insufficient_clean_prebaseline,insufficient_clean_prebaseline,NaN,NaN,NaN,1,0,Awake_immobile,695f8390be5fe18d06685d718b7e99c73d08715f51ef11ec14c694b32b599a05,M400-01-baseline-awake
/Users/zcm361/Documents/Github/OxygenDynamicsV2/reference-validation/local-timing-rerun-20260909/M400-01-baseline-awake/Recording,sink,23,3,91,245,270,245,257,578,20,20,0,0,0,119.466955017301,119.466955017301,valid,valid,0.0392733581552427,0.0392733581552427,0,1,0,Awake_immobile,695f8390be5fe18d06685d718b7e99c73d08715f51ef11ec14c694b32b599a05,M400-01-baseline-awake
/Users/zcm361/Documents/Github/OxygenDynamicsV2/reference-validation/local-timing-rerun-20260909/M400-01-baseline-awake/Recording,sink,23,4,92,346,368,357,368,451,20,11,0,9,0,NaN,NaN,insufficient_clean_prebaseline,insufficient_clean_prebaseline,NaN,NaN,NaN,1,0,Awake_immobile,695f8390be5fe18d06685d718b7e99c73d08715f51ef11ec14c694b32b599a05,M400-01-baseline-awake
/Users/zcm361/Documents/Github/OxygenDynamicsV2/reference-validation/local-timing-rerun-20260909/M400-01-baseline-awake/Recording,sink,23,5,93,500,531,500,531,1454,20,20,0,0,0,111.541678129299,111.541678129299,valid,valid,0.0988866801166102,0.0988866801166102,0,1,0,Awake_immobile,695f8390be5fe18d06685d718b7e99c73d08715f51ef11ec14c694b32b599a05,M400-01-baseline-awake
/Users/zcm361/Documents/Github/OxygenDynamicsV2/reference-validation/local-timing-rerun-20260909/M400-01-baseline-awake/Recording,sink,23,6,94,553,558,553,557,842,20,9,0,11,0,NaN,NaN,insufficient_clean_prebaseline,insufficient_clean_prebaseline,NaN,NaN,NaN,1,0,Awake_immobile,695f8390be5fe18d06685d718b7e99c73d08715f51ef11ec14c694b32b599a05,M400-01-baseline-awake
/Users/zcm361/Documents/Github/OxygenDynamicsV2/reference-validation/local-timing-rerun-20260909/M400-01-baseline-awake/Recording,sink,24,1,95,59,72,61,63,308,20,20,0,0,0,123.489285714286,123.489285714286,valid,valid,0.0628294688797336,0.0628294688797336,0,1,0,Awake_immobile,695f8390be5fe18d06685d718b7e99c73d08715f51ef11ec14c694b32b599a05,M400-01-baseline-awake
/Users/zcm361/Documents/Github/OxygenDynamicsV2/reference-validation/local-timing-rerun-20260909/M400-01-baseline-awake/Recording,sink,25,1,96,518,545,519,545,1686,20,20,0,0,0,93.8959667852906,93.8959667852906,valid,valid,0.0901252364053499,0.0901252364053499,0,1,0,Awake_immobile,695f8390be5fe18d06685d718b7e99c73d08715f51ef11ec14c694b32b599a05,M400-01-baseline-awake
/Users/zcm361/Documents/Github/OxygenDynamicsV2/reference-validation/local-timing-rerun-20260909/M400-01-baseline-awake/Recording,sink,26,1,97,83,108,94,96,239,20,20,0,0,0,79.6506276150628,79.6506276150628,valid,valid,0.0535024820739106,0.0535024820739106,0,1,0,Awake_immobile,695f8390be5fe18d06685d718b7e99c73d08715f51ef11ec14c694b32b599a05,M400-01-baseline-awake
/Users/zcm361/Documents/Github/OxygenDynamicsV2/reference-validation/local-timing-rerun-20260909/M400-01-baseline-awake/Recording,sink,27,1,98,432,461,449,461,1004,20,20,0,0,0,85.3621513944223,85.3621513944223,valid,valid,0.0847525658198724,0.0847525658198724,0,1,0,Awake_immobile,695f8390be5fe18d06685d718b7e99c73d08715f51ef11ec14c694b32b599a05,M400-01-baseline-awake
/Users/zcm361/Documents/Github/OxygenDynamicsV2/reference-validation/local-timing-rerun-20260909/M400-01-baseline-awake/Recording,sink,28,1,99,95,111,102,105,426,20,20,0,0,0,86.1410798122066,86.1410798122066,valid,valid,0.0716997174086621,0.0716997174086621,0,1,0,Awake_immobile,695f8390be5fe18d06685d718b7e99c73d08715f51ef11ec14c694b32b599a05,M400-01-baseline-awake
/Users/zcm361/Documents/Github/OxygenDynamicsV2/reference-validation/local-timing-rerun-20260909/M400-01-baseline-awake/Recording,sink,28,2,100,542,546,542,545,680,20,20,0,0,0,80.6175,80.6175,valid,valid,0.0296406961705512,0.0296406961705512,0,1,0,Awake_immobile,695f8390be5fe18d06685d718b7e99c73d08715f51ef11ec14c694b32b599a05,M400-01-baseline-awake
/Users/zcm361/Documents/Github/OxygenDynamicsV2/reference-validation/local-timing-rerun-20260909/M400-01-baseline-awake/Recording,sink,29,1,101,276,290,285,287,184,20,20,0,0,0,110.002173913043,110.002173913043,valid,valid,0.0758581846208571,0.0758581846208571,0,1,0,Awake_immobile,695f8390be5fe18d06685d718b7e99c73d08715f51ef11ec14c694b32b599a05,M400-01-baseline-awake
/Users/zcm361/Documents/Github/OxygenDynamicsV2/reference-validation/local-timing-rerun-20260909/M400-01-baseline-awake/Recording,sink,30,1,102,117,151,137,142,397,20,20,0,0,0,117.280226700252,117.280226700252,valid,valid,0.0765943052281721,0.0765943052281721,0,1,0,Awake_immobile,695f8390be5fe18d06685d718b7e99c73d08715f51ef11ec14c694b32b599a05,M400-01-baseline-awake
/Users/zcm361/Documents/Github/OxygenDynamicsV2/reference-validation/local-timing-rerun-20260909/M400-01-baseline-awake/Recording,sink,31,1,103,139,150,141,143,348,20,20,0,0,0,73.0265804597701,73.0265804597701,valid,valid,0.0484491357854662,0.0484491357854662,0,1,0,Awake_immobile,695f8390be5fe18d06685d718b7e99c73d08715f51ef11ec14c694b32b599a05,M400-01-baseline-awake
/Users/zcm361/Documents/Github/OxygenDynamicsV2/reference-validation/local-timing-rerun-20260909/M400-01-baseline-awake/Recording,sink,32,1,104,122,164,142,145,246,20,20,0,0,0,139.336788617886,139.336788617886,valid,valid,0.125240504888868,0.125240504888868,0,1,0,Awake_immobile,695f8390be5fe18d06685d718b7e99c73d08715f51ef11ec14c694b32b599a05,M400-01-baseline-awake
/Users/zcm361/Documents/Github/OxygenDynamicsV2/reference-validation/local-timing-rerun-20260909/M400-01-baseline-awake/Recording,sink,33,1,105,137,162,138,147,1119,20,15,0,5,0,NaN,NaN,insufficient_clean_prebaseline,insufficient_clean_prebaseline,NaN,NaN,NaN,1,0,Awake_immobile,695f8390be5fe18d06685d718b7e99c73d08715f51ef11ec14c694b32b599a05,M400-01-baseline-awake
/Users/zcm361/Documents/Github/OxygenDynamicsV2/reference-validation/local-timing-rerun-20260909/M400-01-baseline-awake/Recording,sink,34,1,106,156,165,159,161,186,20,20,0,0,0,104.202150537634,104.202150537634,valid,valid,0.110599744087176,0.110599744087176,0,1,0,Awake_immobile,695f8390be5fe18d06685d718b7e99c73d08715f51ef11ec14c694b32b599a05,M400-01-baseline-awake
/Users/zcm361/Documents/Github/OxygenDynamicsV2/reference-validation/local-timing-rerun-20260909/M400-01-baseline-awake/Recording,sink,34,2,107,209,222,212,218,519,20,11,0,9,0,NaN,NaN,insufficient_clean_prebaseline,insufficient_clean_prebaseline,NaN,NaN,NaN,1,0,Awake_immobile,695f8390be5fe18d06685d718b7e99c73d08715f51ef11ec14c694b32b599a05,M400-01-baseline-awake
/Users/zcm361/Documents/Github/OxygenDynamicsV2/reference-validation/local-timing-rerun-20260909/M400-01-baseline-awake/Recording,sink,34,3,108,256,265,258,264,635,20,20,0,0,0,91.7248818897638,91.7248818897638,valid,valid,0.117199155983401,0.117199155983401,0,1,0,Awake_immobile,695f8390be5fe18d06685d718b7e99c73d08715f51ef11ec14c694b32b599a05,M400-01-baseline-awake
/Users/zcm361/Documents/Github/OxygenDynamicsV2/reference-validation/local-timing-rerun-20260909/M400-01-baseline-awake/Recording,sink,34,4,109,349,379,356,374,722,20,14,0,6,0,NaN,NaN,insufficient_clean_prebaseline,insufficient_clean_prebaseline,NaN,NaN,NaN,1,0,Awake_immobile,695f8390be5fe18d06685d718b7e99c73d08715f51ef11ec14c694b32b599a05,M400-01-baseline-awake
/Users/zcm361/Documents/Github/OxygenDynamicsV2/reference-validation/local-timing-rerun-20260909/M400-01-baseline-awake/Recording,sink,34,5,110,576,580,577,579,215,20,20,0,0,0,93.346976744186,93.346976744186,valid,valid,0.0774106110734643,0.0774106110734643,0,1,0,Awake_immobile,695f8390be5fe18d06685d718b7e99c73d08715f51ef11ec14c694b32b599a05,M400-01-baseline-awake
/Users/zcm361/Documents/Github/OxygenDynamicsV2/reference-validation/local-timing-rerun-20260909/M400-01-baseline-awake/Recording,sink,35,1,111,179,187,180,184,427,20,20,0,0,0,119.158899297424,119.158899297424,valid,valid,0.0563443810392319,0.0563443810392319,0,1,0,Awake_immobile,695f8390be5fe18d06685d718b7e99c73d08715f51ef11ec14c694b32b599a05,M400-01-baseline-awake
/Users/zcm361/Documents/Github/OxygenDynamicsV2/reference-validation/local-timing-rerun-20260909/M400-01-baseline-awake/Recording,sink,36,1,112,182,193,183,189,628,20,20,0,0,0,79.5834394904459,79.5834394904459,valid,valid,0.06627663150481,0.06627663150481,0,1,0,Awake_immobile,695f8390be5fe18d06685d718b7e99c73d08715f51ef11ec14c694b32b599a05,M400-01-baseline-awake
/Users/zcm361/Documents/Github/OxygenDynamicsV2/reference-validation/local-timing-rerun-20260909/M400-01-baseline-awake/Recording,sink,37,1,113,192,198,193,196,340,20,20,0,0,0,135.646176470588,135.646176470588,valid,valid,0.0671014772429136,0.0671014772429136,0,1,0,Awake_immobile,695f8390be5fe18d06685d718b7e99c73d08715f51ef11ec14c694b32b599a05,M400-01-baseline-awake
/Users/zcm361/Documents/Github/OxygenDynamicsV2/reference-validation/local-timing-rerun-20260909/M400-01-baseline-awake/Recording,sink,38,1,114,192,208,194,196,203,20,20,0,0,0,120.733004926108,120.733004926108,valid,valid,0.0724148061104583,0.0724148061104583,0,1,0,Awake_immobile,695f8390be5fe18d06685d718b7e99c73d08715f51ef11ec14c694b32b599a05,M400-01-baseline-awake
/Users/zcm361/Documents/Github/OxygenDynamicsV2/reference-validation/local-timing-rerun-20260909/M400-01-baseline-awake/Recording,sink,38,2,115,409,434,426,428,416,20,16,0,4,0,NaN,NaN,insufficient_clean_prebaseline,insufficient_clean_prebaseline,NaN,NaN,NaN,1,0,Awake_immobile,695f8390be5fe18d06685d718b7e99c73d08715f51ef11ec14c694b32b599a05,M400-01-baseline-awake
/Users/zcm361/Documents/Github/OxygenDynamicsV2/reference-validation/local-timing-rerun-20260909/M400-01-baseline-awake/Recording,sink,39,1,116,433,464,449,454,633,20,20,0,0,0,77.3332543443918,77.3332543443918,valid,valid,0.0845921357576156,0.0845921357576156,0,1,0,Awake_immobile,695f8390be5fe18d06685d718b7e99c73d08715f51ef11ec14c694b32b599a05,M400-01-baseline-awake
/Users/zcm361/Documents/Github/OxygenDynamicsV2/reference-validation/local-timing-rerun-20260909/M400-01-baseline-awake/Recording,sink,40,1,117,207,213,209,211,703,20,20,0,0,0,87.0814366998577,87.0814366998577,valid,valid,0.0742956552988691,0.0742956552988691,0,1,0,Awake_immobile,695f8390be5fe18d06685d718b7e99c73d08715f51ef11ec14c694b32b599a05,M400-01-baseline-awake
/Users/zcm361/Documents/Github/OxygenDynamicsV2/reference-validation/local-timing-rerun-20260909/M400-01-baseline-awake/Recording,sink,41,1,118,223,234,232,234,301,20,20,0,0,0,100.292524916944,100.292524916944,valid,valid,0.109283309123975,0.109283309123975,0,1,0,Awake_immobile,695f8390be5fe18d06685d718b7e99c73d08715f51ef11ec14c694b32b599a05,M400-01-baseline-awake
/Users/zcm361/Documents/Github/OxygenDynamicsV2/reference-validation/local-timing-rerun-20260909/M400-01-baseline-awake/Recording,sink,42,1,119,277,291,280,290,952,20,20,0,0,0,108.494695378151,108.494695378151,valid,valid,0.0565797518466758,0.0565797518466758,0,1,0,Awake_immobile,695f8390be5fe18d06685d718b7e99c73d08715f51ef11ec14c694b32b599a05,M400-01-baseline-awake
/Users/zcm361/Documents/Github/OxygenDynamicsV2/reference-validation/local-timing-rerun-20260909/M400-01-baseline-awake/Recording,sink,42,2,120,395,408,398,404,666,20,20,0,0,0,86.0313063063063,86.0313063063063,valid,valid,0.129777640481109,0.129777640481109,0,1,0,Awake_immobile,695f8390be5fe18d06685d718b7e99c73d08715f51ef11ec14c694b32b599a05,M400-01-baseline-awake
/Users/zcm361/Documents/Github/OxygenDynamicsV2/reference-validation/local-timing-rerun-20260909/M400-01-baseline-awake/Recording,sink,42,3,121,431,441,438,441,459,20,20,0,0,0,92.9946623093682,92.9946623093682,valid,valid,0.0594254829909181,0.0594254829909181,0,1,0,Awake_immobile,695f8390be5fe18d06685d718b7e99c73d08715f51ef11ec14c694b32b599a05,M400-01-baseline-awake
/Users/zcm361/Documents/Github/OxygenDynamicsV2/reference-validation/local-timing-rerun-20260909/M400-01-baseline-awake/Recording,sink,42,4,122,461,464,461,463,341,20,19,0,1,0,NaN,NaN,insufficient_clean_prebaseline,insufficient_clean_prebaseline,NaN,NaN,NaN,1,0,Awake_immobile,695f8390be5fe18d06685d718b7e99c73d08715f51ef11ec14c694b32b599a05,M400-01-baseline-awake
/Users/zcm361/Documents/Github/OxygenDynamicsV2/reference-validation/local-timing-rerun-20260909/M400-01-baseline-awake/Recording,sink,42,5,123,568,576,572,574,306,20,20,0,0,0,80.8057189542484,80.8057189542484,valid,valid,0.105212817801109,0.105212817801109,0,1,0,Awake_immobile,695f8390be5fe18d06685d718b7e99c73d08715f51ef11ec14c694b32b599a05,M400-01-baseline-awake
/Users/zcm361/Documents/Github/OxygenDynamicsV2/reference-validation/local-timing-rerun-20260909/M400-01-baseline-awake/Recording,sink,43,1,124,264,286,269,279,1153,20,20,0,0,0,79.9091500433651,79.9091500433651,valid,valid,0.0610542653327578,0.0610542653327578,0,1,0,Awake_immobile,695f8390be5fe18d06685d718b7e99c73d08715f51ef11ec14c694b32b599a05,M400-01-baseline-awake
/Users/zcm361/Documents/Github/OxygenDynamicsV2/reference-validation/local-timing-rerun-20260909/M400-01-baseline-awake/Recording,sink,44,1,125,295,311,297,311,843,20,20,0,0,0,98.4597864768683,98.4597864768683,valid,valid,0.0648614002621638,0.0648614002621638,0,1,0,Awake_immobile,695f8390be5fe18d06685d718b7e99c73d08715f51ef11ec14c694b32b599a05,M400-01-baseline-awake
/Users/zcm361/Documents/Github/OxygenDynamicsV2/reference-validation/local-timing-rerun-20260909/M400-01-baseline-awake/Recording,sink,45,1,126,297,311,307,309,280,20,20,0,0,0,100.046607142857,100.046607142857,valid,valid,0.076787425860447,0.076787425860447,0,1,0,Awake_immobile,695f8390be5fe18d06685d718b7e99c73d08715f51ef11ec14c694b32b599a05,M400-01-baseline-awake
/Users/zcm361/Documents/Github/OxygenDynamicsV2/reference-validation/local-timing-rerun-20260909/M400-01-baseline-awake/Recording,sink,46,1,127,342,360,351,358,536,20,20,0,0,0,116.539925373134,116.539925373134,valid,valid,0.15676518520653,0.15676518520653,0,1,0,Awake_immobile,695f8390be5fe18d06685d718b7e99c73d08715f51ef11ec14c694b32b599a05,M400-01-baseline-awake
/Users/zcm361/Documents/Github/OxygenDynamicsV2/reference-validation/local-timing-rerun-20260909/M400-01-baseline-awake/Recording,sink,47,1,128,331,349,339,341,471,20,20,0,0,0,87.7571125265393,87.7571125265393,valid,valid,0.0871107283178816,0.0871107283178816,0,1,0,Awake_immobile,695f8390be5fe18d06685d718b7e99c73d08715f51ef11ec14c694b32b599a05,M400-01-baseline-awake
/Users/zcm361/Documents/Github/OxygenDynamicsV2/reference-validation/local-timing-rerun-20260909/M400-01-baseline-awake/Recording,sink,48,1,129,355,374,370,372,1014,20,20,0,0,0,111.272781065089,111.272781065089,valid,valid,0.125556365028636,0.125556365028636,0,1,0,Awake_immobile,695f8390be5fe18d06685d718b7e99c73d08715f51ef11ec14c694b32b599a05,M400-01-baseline-awake
/Users/zcm361/Documents/Github/OxygenDynamicsV2/reference-validation/local-timing-rerun-20260909/M400-01-baseline-awake/Recording,sink,49,1,130,421,435,421,428,1787,20,20,0,0,0,103.598209289312,103.598209289312,valid,valid,0.000686004429319714,0.000686004429319714,0,1,0,Awake_immobile,695f8390be5fe18d06685d718b7e99c73d08715f51ef11ec14c694b32b599a05,M400-01-baseline-awake
/Users/zcm361/Documents/Github/OxygenDynamicsV2/reference-validation/local-timing-rerun-20260909/M400-01-baseline-awake/Recording,sink,50,1,131,394,409,404,406,178,20,20,0,0,0,101.651966292135,101.651966292135,valid,valid,0.108104597920311,0.108104597920311,0,1,0,Awake_immobile,695f8390be5fe18d06685d718b7e99c73d08715f51ef11ec14c694b32b599a05,M400-01-baseline-awake
/Users/zcm361/Documents/Github/OxygenDynamicsV2/reference-validation/local-timing-rerun-20260909/M400-01-baseline-awake/Recording,sink,51,1,132,404,417,411,413,357,20,16,0,4,0,NaN,NaN,insufficient_clean_prebaseline,insufficient_clean_prebaseline,NaN,NaN,NaN,1,0,Awake_immobile,695f8390be5fe18d06685d718b7e99c73d08715f51ef11ec14c694b32b599a05,M400-01-baseline-awake
/Users/zcm361/Documents/Github/OxygenDynamicsV2/reference-validation/local-timing-rerun-20260909/M400-01-baseline-awake/Recording,sink,52,1,133,404,426,412,414,260,20,20,0,0,0,113.449423076923,113.449423076923,valid,valid,0.113668069641335,0.113668069641335,0,1,0,Awake_immobile,695f8390be5fe18d06685d718b7e99c73d08715f51ef11ec14c694b32b599a05,M400-01-baseline-awake
/Users/zcm361/Documents/Github/OxygenDynamicsV2/reference-validation/local-timing-rerun-20260909/M400-01-baseline-awake/Recording,sink,53,1,134,454,468,456,458,221,20,20,0,0,0,75.6079185520362,75.6079185520362,valid,valid,0.086379781379886,0.086379781379886,0,1,0,Awake_immobile,695f8390be5fe18d06685d718b7e99c73d08715f51ef11ec14c694b32b599a05,M400-01-baseline-awake
/Users/zcm361/Documents/Github/OxygenDynamicsV2/reference-validation/local-timing-rerun-20260909/M400-01-baseline-awake/Recording,sink,54,1,135,467,472,468,470,327,20,20,0,0,0,131.179357798165,131.179357798165,valid,valid,0.0724001151631924,0.0724001151631924,0,1,0,Awake_immobile,695f8390be5fe18d06685d718b7e99c73d08715f51ef11ec14c694b32b599a05,M400-01-baseline-awake
/Users/zcm361/Documents/Github/OxygenDynamicsV2/reference-validation/local-timing-rerun-20260909/M400-01-baseline-awake/Recording,sink,55,1,136,486,499,488,490,208,20,20,0,0,0,108.376442307692,108.376442307692,valid,valid,0.100446715729983,0.100446715729983,0,1,0,Awake_immobile,695f8390be5fe18d06685d718b7e99c73d08715f51ef11ec14c694b32b599a05,M400-01-baseline-awake
/Users/zcm361/Documents/Github/OxygenDynamicsV2/reference-validation/local-timing-rerun-20260909/M400-01-baseline-awake/Recording,sink,56,1,137,535,567,549,567,1047,20,20,0,0,0,79.2542024832856,79.2542024832856,valid,valid,0.0349744484005919,0.0349744484005919,0,1,0,Awake_immobile,695f8390be5fe18d06685d718b7e99c73d08715f51ef11ec14c694b32b599a05,M400-01-baseline-awake
/Users/zcm361/Documents/Github/OxygenDynamicsV2/reference-validation/local-timing-rerun-20260909/M400-01-baseline-awake/Recording,surge,1,1,1,138,156,138,156,4001,20,20,0,0,0,119.136615846038,119.136615846038,valid,valid,0.0166498274681453,0.0166498274681453,0,1,0,Awake_immobile,695f8390be5fe18d06685d718b7e99c73d08715f51ef11ec14c694b32b599a05,M400-01-baseline-awake
/Users/zcm361/Documents/Github/OxygenDynamicsV2/reference-validation/local-timing-rerun-20260909/M400-01-baseline-awake/Recording,surge,1,2,2,241,254,241,254,5475,20,20,0,0,0,108.210575342466,108.210575342466,valid,valid,0.0438686349581543,0.0438686349581543,0,1,0,Awake_immobile,695f8390be5fe18d06685d718b7e99c73d08715f51ef11ec14c694b32b599a05,M400-01-baseline-awake
/Users/zcm361/Documents/Github/OxygenDynamicsV2/reference-validation/local-timing-rerun-20260909/M400-01-baseline-awake/Recording,surge,1,3,3,330,345,330,345,6905,20,19,0,1,0,NaN,NaN,insufficient_clean_prebaseline,insufficient_clean_prebaseline,NaN,NaN,NaN,1,0,Awake_immobile,695f8390be5fe18d06685d718b7e99c73d08715f51ef11ec14c694b32b599a05,M400-01-baseline-awake
/Users/zcm361/Documents/Github/OxygenDynamicsV2/reference-validation/local-timing-rerun-20260909/M400-01-baseline-awake/Recording,surge,1,4,4,432,459,432,459,7483,20,20,0,0,0,112.916597621275,112.916597621275,valid,valid,0.0352694563934713,0.0352694563934713,0,1,0,Awake_immobile,695f8390be5fe18d06685d718b7e99c73d08715f51ef11ec14c694b32b599a05,M400-01-baseline-awake
/Users/zcm361/Documents/Github/OxygenDynamicsV2/reference-validation/local-timing-rerun-20260909/M400-01-baseline-awake/Recording,surge,2,1,5,138,169,138,169,4490,20,20,0,0,0,106.753218262806,106.753218262806,valid,valid,0.018880942130858,0.018880942130858,0,1,0,Awake_immobile,695f8390be5fe18d06685d718b7e99c73d08715f51ef11ec14c694b32b599a05,M400-01-baseline-awake
/Users/zcm361/Documents/Github/OxygenDynamicsV2/reference-validation/local-timing-rerun-20260909/M400-01-baseline-awake/Recording,surge,2,2,6,174,188,174,188,4258,20,4,0,16,0,NaN,NaN,insufficient_clean_prebaseline,insufficient_clean_prebaseline,NaN,NaN,NaN,1,0,Awake_immobile,695f8390be5fe18d06685d718b7e99c73d08715f51ef11ec14c694b32b599a05,M400-01-baseline-awake
/Users/zcm361/Documents/Github/OxygenDynamicsV2/reference-validation/local-timing-rerun-20260909/M400-01-baseline-awake/Recording,surge,2,3,7,369,396,369,396,3236,20,20,0,0,0,100.059718788628,100.059718788628,valid,valid,0.0478136897541871,0.0478136897541871,0,1,0,Awake_immobile,695f8390be5fe18d06685d718b7e99c73d08715f51ef11ec14c694b32b599a05,M400-01-baseline-awake
/Users/zcm361/Documents/Github/OxygenDynamicsV2/reference-validation/local-timing-rerun-20260909/M400-01-baseline-awake/Recording,surge,2,4,8,590,600,590,600,2607,20,20,0,0,0,98.1096279248178,98.1096279248178,valid,valid,0.00818385764185148,0.00818385764185148,0,1,0,Awake_immobile,695f8390be5fe18d06685d718b7e99c73d08715f51ef11ec14c694b32b599a05,M400-01-baseline-awake
/Users/zcm361/Documents/Github/OxygenDynamicsV2/reference-validation/local-timing-rerun-20260909/M400-01-baseline-awake/Recording,surge,3,1,9,27,36,27,36,1552,20,20,0,0,0,126.342074742268,126.342074742268,valid,valid,0.0149941682829049,0.0149941682829049,0,1,0,Awake_immobile,695f8390be5fe18d06685d718b7e99c73d08715f51ef11ec14c694b32b599a05,M400-01-baseline-awake
/Users/zcm361/Documents/Github/OxygenDynamicsV2/reference-validation/local-timing-rerun-20260909/M400-01-baseline-awake/Recording,surge,3,2,10,123,148,123,148,8781,20,14,0,6,0,NaN,NaN,insufficient_clean_prebaseline,insufficient_clean_prebaseline,NaN,NaN,NaN,1,0,Awake_immobile,695f8390be5fe18d06685d718b7e99c73d08715f51ef11ec14c694b32b599a05,M400-01-baseline-awake
/Users/zcm361/Documents/Github/OxygenDynamicsV2/reference-validation/local-timing-rerun-20260909/M400-01-baseline-awake/Recording,surge,3,3,11,200,214,200,214,13706,20,13,0,7,0,NaN,NaN,insufficient_clean_prebaseline,insufficient_clean_prebaseline,NaN,NaN,NaN,1,0,Awake_immobile,695f8390be5fe18d06685d718b7e99c73d08715f51ef11ec14c694b32b599a05,M400-01-baseline-awake
/Users/zcm361/Documents/Github/OxygenDynamicsV2/reference-validation/local-timing-rerun-20260909/M400-01-baseline-awake/Recording,surge,3,4,12,240,260,240,260,15328,20,20,0,0,0,108.402208376827,108.402208376827,valid,valid,0.0349442300429217,0.0349442300429217,0,1,0,Awake_immobile,695f8390be5fe18d06685d718b7e99c73d08715f51ef11ec14c694b32b599a05,M400-01-baseline-awake
/Users/zcm361/Documents/Github/OxygenDynamicsV2/reference-validation/local-timing-rerun-20260909/M400-01-baseline-awake/Recording,surge,3,5,13,291,301,291,301,16104,20,17,0,3,0,NaN,NaN,insufficient_clean_prebaseline,insufficient_clean_prebaseline,NaN,NaN,NaN,1,0,Awake_immobile,695f8390be5fe18d06685d718b7e99c73d08715f51ef11ec14c694b32b599a05,M400-01-baseline-awake
/Users/zcm361/Documents/Github/OxygenDynamicsV2/reference-validation/local-timing-rerun-20260909/M400-01-baseline-awake/Recording,surge,3,6,14,308,318,308,318,8718,20,10,0,10,0,NaN,NaN,insufficient_clean_prebaseline,insufficient_clean_prebaseline,NaN,NaN,NaN,1,0,Awake_immobile,695f8390be5fe18d06685d718b7e99c73d08715f51ef11ec14c694b32b599a05,M400-01-baseline-awake
/Users/zcm361/Documents/Github/OxygenDynamicsV2/reference-validation/local-timing-rerun-20260909/M400-01-baseline-awake/Recording,surge,3,7,15,321,330,321,330,3713,20,9,0,11,0,NaN,NaN,insufficient_clean_prebaseline,insufficient_clean_prebaseline,NaN,NaN,NaN,1,0,Awake_immobile,695f8390be5fe18d06685d718b7e99c73d08715f51ef11ec14c694b32b599a05,M400-01-baseline-awake
/Users/zcm361/Documents/Github/OxygenDynamicsV2/reference-validation/local-timing-rerun-20260909/M400-01-baseline-awake/Recording,surge,3,8,16,375,387,375,387,4474,20,14,0,6,0,NaN,NaN,insufficient_clean_prebaseline,insufficient_clean_prebaseline,NaN,NaN,NaN,1,0,Awake_immobile,695f8390be5fe18d06685d718b7e99c73d08715f51ef11ec14c694b32b599a05,M400-01-baseline-awake
/Users/zcm361/Documents/Github/OxygenDynamicsV2/reference-validation/local-timing-rerun-20260909/M400-01-baseline-awake/Recording,surge,3,9,17,390,399,390,399,5285,20,7,0,13,0,NaN,NaN,insufficient_clean_prebaseline,insufficient_clean_prebaseline,NaN,NaN,NaN,1,0,Awake_immobile,695f8390be5fe18d06685d718b7e99c73d08715f51ef11ec14c694b32b599a05,M400-01-baseline-awake
/Users/zcm361/Documents/Github/OxygenDynamicsV2/reference-validation/local-timing-rerun-20260909/M400-01-baseline-awake/Recording,surge,3,10,18,437,447,437,447,4657,20,20,0,0,0,114.60398325102,114.60398325102,valid,valid,0.0236912035217579,0.0236912035217579,0,1,0,Awake_immobile,695f8390be5fe18d06685d718b7e99c73d08715f51ef11ec14c694b32b599a05,M400-01-baseline-awake
/Users/zcm361/Documents/Github/OxygenDynamicsV2/reference-validation/local-timing-rerun-20260909/M400-01-baseline-awake/Recording,surge,3,11,19,542,555,542,555,15276,20,20,0,0,0,102.820139434407,102.820139434407,valid,valid,0.0415110215448344,0.0415110215448344,0,1,0,Awake_immobile,695f8390be5fe18d06685d718b7e99c73d08715f51ef11ec14c694b32b599a05,M400-01-baseline-awake
/Users/zcm361/Documents/Github/OxygenDynamicsV2/reference-validation/local-timing-rerun-20260909/M400-01-baseline-awake/Recording,surge,4,1,20,170,186,170,186,2979,20,16,0,4,0,NaN,NaN,insufficient_clean_prebaseline,insufficient_clean_prebaseline,NaN,NaN,NaN,1,0,Awake_immobile,695f8390be5fe18d06685d718b7e99c73d08715f51ef11ec14c694b32b599a05,M400-01-baseline-awake
/Users/zcm361/Documents/Github/OxygenDynamicsV2/reference-validation/local-timing-rerun-20260909/M400-01-baseline-awake/Recording,surge,4,2,21,196,209,196,209,6243,20,9,0,11,0,NaN,NaN,insufficient_clean_prebaseline,insufficient_clean_prebaseline,NaN,NaN,NaN,1,0,Awake_immobile,695f8390be5fe18d06685d718b7e99c73d08715f51ef11ec14c694b32b599a05,M400-01-baseline-awake
/Users/zcm361/Documents/Github/OxygenDynamicsV2/reference-validation/local-timing-rerun-20260909/M400-01-baseline-awake/Recording,surge,4,3,22,324,334,324,334,3455,20,20,0,0,0,104.692764109986,104.692764109986,valid,valid,0.0372407996936797,0.0372407996936797,0,1,0,Awake_immobile,695f8390be5fe18d06685d718b7e99c73d08715f51ef11ec14c694b32b599a05,M400-01-baseline-awake
/Users/zcm361/Documents/Github/OxygenDynamicsV2/reference-validation/local-timing-rerun-20260909/M400-01-baseline-awake/Recording,surge,4,4,23,392,403,392,403,5525,20,17,0,3,0,NaN,NaN,insufficient_clean_prebaseline,insufficient_clean_prebaseline,NaN,NaN,NaN,1,0,Awake_immobile,695f8390be5fe18d06685d718b7e99c73d08715f51ef11ec14c694b32b599a05,M400-01-baseline-awake
/Users/zcm361/Documents/Github/OxygenDynamicsV2/reference-validation/local-timing-rerun-20260909/M400-01-baseline-awake/Recording,surge,4,5,24,442,452,442,452,9366,20,20,0,0,0,103.424247277386,103.424247277386,valid,valid,0.0199825224547227,0.0199825224547227,0,1,0,Awake_immobile,695f8390be5fe18d06685d718b7e99c73d08715f51ef11ec14c694b32b599a05,M400-01-baseline-awake
/Users/zcm361/Documents/Github/OxygenDynamicsV2/reference-validation/local-timing-rerun-20260909/M400-01-baseline-awake/Recording,surge,4,6,25,534,544,534,544,3719,20,2,0,18,0,NaN,NaN,insufficient_clean_prebaseline,insufficient_clean_prebaseline,NaN,NaN,NaN,1,0,Awake_immobile,695f8390be5fe18d06685d718b7e99c73d08715f51ef11ec14c694b32b599a05,M400-01-baseline-awake
/Users/zcm361/Documents/Github/OxygenDynamicsV2/reference-validation/local-timing-rerun-20260909/M400-01-baseline-awake/Recording,surge,5,1,26,199,208,199,208,5842,20,20,0,0,0,97.8697021567956,97.8697021567956,valid,valid,0.0286350022772,0.0286350022772,0,1,0,Awake_immobile,695f8390be5fe18d06685d718b7e99c73d08715f51ef11ec14c694b32b599a05,M400-01-baseline-awake
/Users/zcm361/Documents/Github/OxygenDynamicsV2/reference-validation/local-timing-rerun-20260909/M400-01-baseline-awake/Recording,surge,5,2,27,389,398,389,398,7040,20,19,0,1,0,NaN,NaN,insufficient_clean_prebaseline,insufficient_clean_prebaseline,NaN,NaN,NaN,1,0,Awake_immobile,695f8390be5fe18d06685d718b7e99c73d08715f51ef11ec14c694b32b599a05,M400-01-baseline-awake
/Users/zcm361/Documents/Github/OxygenDynamicsV2/reference-validation/local-timing-rerun-20260909/M400-01-baseline-awake/Recording,surge,6,1,28,2,14,2,14,2339,20,1,1,0,0,NaN,NaN,insufficient_clean_prebaseline,insufficient_clean_prebaseline,NaN,NaN,NaN,1,0,Awake_immobile,695f8390be5fe18d06685d718b7e99c73d08715f51ef11ec14c694b32b599a05,M400-01-baseline-awake
/Users/zcm361/Documents/Github/OxygenDynamicsV2/reference-validation/local-timing-rerun-20260909/M400-01-baseline-awake/Recording,surge,6,2,29,267,278,267,278,9946,20,10,0,10,0,NaN,NaN,insufficient_clean_prebaseline,insufficient_clean_prebaseline,NaN,NaN,NaN,1,0,Awake_immobile,695f8390be5fe18d06685d718b7e99c73d08715f51ef11ec14c694b32b599a05,M400-01-baseline-awake
/Users/zcm361/Documents/Github/OxygenDynamicsV2/reference-validation/local-timing-rerun-20260909/M400-01-baseline-awake/Recording,surge,6,3,30,588,600,588,600,2853,20,20,0,0,0,106.633087977567,106.633087977567,valid,valid,0.0232716529454267,0.0232716529454267,0,1,0,Awake_immobile,695f8390be5fe18d06685d718b7e99c73d08715f51ef11ec14c694b32b599a05,M400-01-baseline-awake
/Users/zcm361/Documents/Github/OxygenDynamicsV2/reference-validation/local-timing-rerun-20260909/M400-01-baseline-awake/Recording,surge,7,1,31,122,131,122,131,3454,20,20,0,0,0,93.2034887087435,93.2034887087435,valid,valid,0.0730516765015189,0.0730516765015189,0,1,0,Awake_immobile,695f8390be5fe18d06685d718b7e99c73d08715f51ef11ec14c694b32b599a05,M400-01-baseline-awake
/Users/zcm361/Documents/Github/OxygenDynamicsV2/reference-validation/local-timing-rerun-20260909/M400-01-baseline-awake/Recording,surge,7,2,32,535,544,535,544,4353,20,20,0,0,0,80.7920514587641,80.7920514587641,valid,valid,0.0393792448870846,0.0393792448870846,0,1,0,Awake_immobile,695f8390be5fe18d06685d718b7e99c73d08715f51ef11ec14c694b32b599a05,M400-01-baseline-awake
/Users/zcm361/Documents/Github/OxygenDynamicsV2/reference-validation/local-timing-rerun-20260909/M400-01-baseline-awake/Recording,surge,8,1,33,144,153,144,153,6108,20,19,0,1,0,NaN,NaN,insufficient_clean_prebaseline,insufficient_clean_prebaseline,NaN,NaN,NaN,1,0,Awake_immobile,695f8390be5fe18d06685d718b7e99c73d08715f51ef11ec14c694b32b599a05,M400-01-baseline-awake
/Users/zcm361/Documents/Github/OxygenDynamicsV2/reference-validation/local-timing-rerun-20260909/M400-01-baseline-awake/Recording,surge,9,1,34,174,185,174,185,1032,20,20,0,0,0,40.5951065891473,40.5951065891473,valid,valid,0.126219293147134,0.126219293147134,0,1,0,Awake_immobile,695f8390be5fe18d06685d718b7e99c73d08715f51ef11ec14c694b32b599a05,M400-01-baseline-awake
/Users/zcm361/Documents/Github/OxygenDynamicsV2/reference-validation/local-timing-rerun-20260909/M400-01-baseline-awake/Recording,surge,9,2,35,447,456,447,456,1140,20,20,0,0,0,41.6612719298246,41.6612719298246,valid,valid,0.102437473483409,0.102437473483409,0,1,0,Awake_immobile,695f8390be5fe18d06685d718b7e99c73d08715f51ef11ec14c694b32b599a05,M400-01-baseline-awake
/Users/zcm361/Documents/Github/OxygenDynamicsV2/reference-validation/local-timing-rerun-20260909/M400-01-baseline-awake/Recording,surge,10,1,36,55,64,55,64,2909,20,20,0,0,0,64.5625472671021,64.5625472671021,valid,valid,0.0541473688245907,0.0541473688245907,0,1,0,Awake_immobile,695f8390be5fe18d06685d718b7e99c73d08715f51ef11ec14c694b32b599a05,M400-01-baseline-awake
/Users/zcm361/Documents/Github/OxygenDynamicsV2/reference-validation/local-timing-rerun-20260909/M400-01-baseline-awake/Recording,surge,11,1,37,41,50,41,50,3296,20,20,0,0,0,104.011256067961,104.011256067961,valid,valid,0.0705758776224684,0.0705758776224684,0,1,0,Awake_immobile,695f8390be5fe18d06685d718b7e99c73d08715f51ef11ec14c694b32b599a05,M400-01-baseline-awake
/Users/zcm361/Documents/Github/OxygenDynamicsV2/reference-validation/local-timing-rerun-20260909/M400-01-baseline-awake/Recording,surge,12,1,38,59,83,59,83,10630,20,17,0,3,0,NaN,NaN,insufficient_clean_prebaseline,insufficient_clean_prebaseline,NaN,NaN,NaN,1,0,Awake_immobile,695f8390be5fe18d06685d718b7e99c73d08715f51ef11ec14c694b32b599a05,M400-01-baseline-awake
/Users/zcm361/Documents/Github/OxygenDynamicsV2/reference-validation/local-timing-rerun-20260909/M400-01-baseline-awake/Recording,surge,13,1,39,59,74,59,74,2025,20,20,0,0,0,52.7456790123457,52.7456790123457,valid,valid,0.0607340136691323,0.0607340136691323,0,1,0,Awake_immobile,695f8390be5fe18d06685d718b7e99c73d08715f51ef11ec14c694b32b599a05,M400-01-baseline-awake
/Users/zcm361/Documents/Github/OxygenDynamicsV2/reference-validation/local-timing-rerun-20260909/M400-01-baseline-awake/Recording,surge,14,1,40,54,67,54,67,4670,20,5,0,15,0,NaN,NaN,insufficient_clean_prebaseline,insufficient_clean_prebaseline,NaN,NaN,NaN,1,0,Awake_immobile,695f8390be5fe18d06685d718b7e99c73d08715f51ef11ec14c694b32b599a05,M400-01-baseline-awake
/Users/zcm361/Documents/Github/OxygenDynamicsV2/reference-validation/local-timing-rerun-20260909/M400-03-baseline-iso/Recording,sink,1,1,1,6,11,7,9,279,20,5,1,0,0,NaN,NaN,insufficient_clean_prebaseline,insufficient_clean_prebaseline,NaN,NaN,NaN,1,0,Anesthetized,20e08bad8c1971f84b8e7080ff8b1ef87819df8a754f39e6d941d3c0d12832fa,M400-03-baseline-iso
/Users/zcm361/Documents/Github/OxygenDynamicsV2/reference-validation/local-timing-rerun-20260909/M400-03-baseline-iso/Recording,sink,2,1,2,572,578,573,575,438,20,20,0,0,0,104.938127853881,104.938127853881,valid,valid,0.0389205206808102,0.0389205206808102,0,1,0,Anesthetized,20e08bad8c1971f84b8e7080ff8b1ef87819df8a754f39e6d941d3c0d12832fa,M400-03-baseline-iso
/Users/zcm361/Documents/Github/OxygenDynamicsV2/reference-validation/local-timing-rerun-20260909/M400-03-baseline-iso/Recording,sink,3,1,3,26,43,39,43,1488,20,20,0,0,0,140.312668010753,140.312668010753,valid,valid,0.0380354934077002,0.0380354934077002,0,1,0,Anesthetized,20e08bad8c1971f84b8e7080ff8b1ef87819df8a754f39e6d941d3c0d12832fa,M400-03-baseline-iso
/Users/zcm361/Documents/Github/OxygenDynamicsV2/reference-validation/local-timing-rerun-20260909/M400-03-baseline-iso/Recording,sink,3,2,4,165,176,173,176,599,20,20,0,0,0,144.106343906511,144.106343906511,valid,valid,0.0517691789939027,0.0517691789939027,0,1,0,Anesthetized,20e08bad8c1971f84b8e7080ff8b1ef87819df8a754f39e6d941d3c0d12832fa,M400-03-baseline-iso
/Users/zcm361/Documents/Github/OxygenDynamicsV2/reference-validation/local-timing-rerun-20260909/M400-03-baseline-iso/Recording,sink,3,3,5,246,250,246,248,545,20,20,0,0,0,127.770458715596,127.770458715596,valid,valid,0.049557046825658,0.049557046825658,0,1,0,Anesthetized,20e08bad8c1971f84b8e7080ff8b1ef87819df8a754f39e6d941d3c0d12832fa,M400-03-baseline-iso
/Users/zcm361/Documents/Github/OxygenDynamicsV2/reference-validation/local-timing-rerun-20260909/M400-03-baseline-iso/Recording,sink,3,4,6,296,298,296,298,322,20,20,0,0,0,129.232608695652,129.232608695652,valid,valid,0.0467138795902232,0.0467138795902232,0,1,0,Anesthetized,20e08bad8c1971f84b8e7080ff8b1ef87819df8a754f39e6d941d3c0d12832fa,M400-03-baseline-iso
/Users/zcm361/Documents/Github/OxygenDynamicsV2/reference-validation/local-timing-rerun-20260909/M400-03-baseline-iso/Recording,sink,3,5,7,352,360,356,360,354,20,20,0,0,0,114.551271186441,114.551271186441,valid,valid,0.056327625727014,0.056327625727014,0,1,0,Anesthetized,20e08bad8c1971f84b8e7080ff8b1ef87819df8a754f39e6d941d3c0d12832fa,M400-03-baseline-iso
/Users/zcm361/Documents/Github/OxygenDynamicsV2/reference-validation/local-timing-rerun-20260909/M400-03-baseline-iso/Recording,sink,3,6,8,500,504,501,503,279,20,20,0,0,0,109.978315412186,109.978315412186,valid,valid,0.0683728789807051,0.0683728789807051,0,1,0,Anesthetized,20e08bad8c1971f84b8e7080ff8b1ef87819df8a754f39e6d941d3c0d12832fa,M400-03-baseline-iso
/Users/zcm361/Documents/Github/OxygenDynamicsV2/reference-validation/local-timing-rerun-20260909/M400-03-baseline-iso/Recording,sink,3,7,9,565,569,565,569,417,20,20,0,0,0,100.993525179856,100.993525179856,valid,valid,0.0580871580437048,0.0580871580437048,0,1,0,Anesthetized,20e08bad8c1971f84b8e7080ff8b1ef87819df8a754f39e6d941d3c0d12832fa,M400-03-baseline-iso
/Users/zcm361/Documents/Github/OxygenDynamicsV2/reference-validation/local-timing-rerun-20260909/M400-03-baseline-iso/Recording,sink,4,1,10,10,13,11,13,221,20,9,1,0,0,NaN,NaN,insufficient_clean_prebaseline,insufficient_clean_prebaseline,NaN,NaN,NaN,1,0,Anesthetized,20e08bad8c1971f84b8e7080ff8b1ef87819df8a754f39e6d941d3c0d12832fa,M400-03-baseline-iso
/Users/zcm361/Documents/Github/OxygenDynamicsV2/reference-validation/local-timing-rerun-20260909/M400-03-baseline-iso/Recording,sink,4,2,11,250,258,254,258,1032,20,20,0,0,0,125.106782945736,125.106782945736,valid,valid,0.0539632035269093,0.0539632035269093,0,1,0,Anesthetized,20e08bad8c1971f84b8e7080ff8b1ef87819df8a754f39e6d941d3c0d12832fa,M400-03-baseline-iso
/Users/zcm361/Documents/Github/OxygenDynamicsV2/reference-validation/local-timing-rerun-20260909/M400-03-baseline-iso/Recording,sink,4,3,12,278,282,278,280,404,20,18,0,2,0,NaN,NaN,insufficient_clean_prebaseline,insufficient_clean_prebaseline,NaN,NaN,NaN,1,0,Anesthetized,20e08bad8c1971f84b8e7080ff8b1ef87819df8a754f39e6d941d3c0d12832fa,M400-03-baseline-iso
/Users/zcm361/Documents/Github/OxygenDynamicsV2/reference-validation/local-timing-rerun-20260909/M400-03-baseline-iso/Recording,sink,4,4,13,364,367,364,366,397,20,20,0,0,0,135.467632241814,135.467632241814,valid,valid,0.0381112909568774,0.0381112909568774,0,1,0,Anesthetized,20e08bad8c1971f84b8e7080ff8b1ef87819df8a754f39e6d941d3c0d12832fa,M400-03-baseline-iso
/Users/zcm361/Documents/Github/OxygenDynamicsV2/reference-validation/local-timing-rerun-20260909/M400-03-baseline-iso/Recording,sink,4,5,14,593,595,593,595,499,20,20,0,0,0,114.268236472946,114.268236472946,valid,valid,0.0382822823981473,0.0382822823981473,0,1,0,Anesthetized,20e08bad8c1971f84b8e7080ff8b1ef87819df8a754f39e6d941d3c0d12832fa,M400-03-baseline-iso
/Users/zcm361/Documents/Github/OxygenDynamicsV2/reference-validation/local-timing-rerun-20260909/M400-03-baseline-iso/Recording,sink,5,1,15,490,499,497,499,651,20,18,0,2,0,NaN,NaN,insufficient_clean_prebaseline,insufficient_clean_prebaseline,NaN,NaN,NaN,1,0,Anesthetized,20e08bad8c1971f84b8e7080ff8b1ef87819df8a754f39e6d941d3c0d12832fa,M400-03-baseline-iso
/Users/zcm361/Documents/Github/OxygenDynamicsV2/reference-validation/local-timing-rerun-20260909/M400-03-baseline-iso/Recording,sink,6,1,16,13,16,14,16,426,20,12,1,0,0,NaN,NaN,insufficient_clean_prebaseline,insufficient_clean_prebaseline,NaN,NaN,NaN,1,0,Anesthetized,20e08bad8c1971f84b8e7080ff8b1ef87819df8a754f39e6d941d3c0d12832fa,M400-03-baseline-iso
/Users/zcm361/Documents/Github/OxygenDynamicsV2/reference-validation/local-timing-rerun-20260909/M400-03-baseline-iso/Recording,sink,6,2,17,185,195,185,190,553,20,18,0,2,0,NaN,NaN,insufficient_clean_prebaseline,insufficient_clean_prebaseline,NaN,NaN,NaN,1,0,Anesthetized,20e08bad8c1971f84b8e7080ff8b1ef87819df8a754f39e6d941d3c0d12832fa,M400-03-baseline-iso
/Users/zcm361/Documents/Github/OxygenDynamicsV2/reference-validation/local-timing-rerun-20260909/M400-03-baseline-iso/Recording,sink,6,3,18,231,233,231,233,186,20,20,0,0,0,150.624462365591,150.624462365591,valid,valid,0.0971992939786517,0.0971992939786517,0,1,0,Anesthetized,20e08bad8c1971f84b8e7080ff8b1ef87819df8a754f39e6d941d3c0d12832fa,M400-03-baseline-iso
/Users/zcm361/Documents/Github/OxygenDynamicsV2/reference-validation/local-timing-rerun-20260909/M400-03-baseline-iso/Recording,sink,6,4,19,401,408,406,408,331,20,20,0,0,0,145.626435045317,145.626435045317,valid,valid,0.056041873477123,0.056041873477123,0,1,0,Anesthetized,20e08bad8c1971f84b8e7080ff8b1ef87819df8a754f39e6d941d3c0d12832fa,M400-03-baseline-iso
/Users/zcm361/Documents/Github/OxygenDynamicsV2/reference-validation/local-timing-rerun-20260909/M400-03-baseline-iso/Recording,sink,6,5,20,422,431,428,430,550,20,17,0,3,0,NaN,NaN,insufficient_clean_prebaseline,insufficient_clean_prebaseline,NaN,NaN,NaN,1,0,Anesthetized,20e08bad8c1971f84b8e7080ff8b1ef87819df8a754f39e6d941d3c0d12832fa,M400-03-baseline-iso
/Users/zcm361/Documents/Github/OxygenDynamicsV2/reference-validation/local-timing-rerun-20260909/M400-03-baseline-iso/Recording,sink,7,1,21,17,21,18,20,338,20,16,1,0,0,NaN,NaN,insufficient_clean_prebaseline,insufficient_clean_prebaseline,NaN,NaN,NaN,1,0,Anesthetized,20e08bad8c1971f84b8e7080ff8b1ef87819df8a754f39e6d941d3c0d12832fa,M400-03-baseline-iso
/Users/zcm361/Documents/Github/OxygenDynamicsV2/reference-validation/local-timing-rerun-20260909/M400-03-baseline-iso/Recording,sink,8,1,22,237,245,238,240,670,20,20,0,0,0,137.092462686567,137.092462686567,valid,valid,0.0556106865450325,0.0556106865450325,0,1,0,Anesthetized,20e08bad8c1971f84b8e7080ff8b1ef87819df8a754f39e6d941d3c0d12832fa,M400-03-baseline-iso
/Users/zcm361/Documents/Github/OxygenDynamicsV2/reference-validation/local-timing-rerun-20260909/M400-03-baseline-iso/Recording,sink,8,2,23,573,580,577,579,417,20,20,0,0,0,107.251678657074,107.251678657074,valid,valid,0.0563445312858099,0.0563445312858099,0,1,0,Anesthetized,20e08bad8c1971f84b8e7080ff8b1ef87819df8a754f39e6d941d3c0d12832fa,M400-03-baseline-iso
/Users/zcm361/Documents/Github/OxygenDynamicsV2/reference-validation/local-timing-rerun-20260909/M400-03-baseline-iso/Recording,sink,9,1,24,214,219,215,217,389,20,20,0,0,0,133.97557840617,133.97557840617,valid,valid,0.081116345111433,0.081116345111433,0,1,0,Anesthetized,20e08bad8c1971f84b8e7080ff8b1ef87819df8a754f39e6d941d3c0d12832fa,M400-03-baseline-iso
/Users/zcm361/Documents/Github/OxygenDynamicsV2/reference-validation/local-timing-rerun-20260909/M400-03-baseline-iso/Recording,sink,9,2,25,581,587,582,584,258,20,20,0,0,0,93.2998062015504,93.2998062015504,valid,valid,0.0605844707504983,0.0605844707504983,0,1,0,Anesthetized,20e08bad8c1971f84b8e7080ff8b1ef87819df8a754f39e6d941d3c0d12832fa,M400-03-baseline-iso
/Users/zcm361/Documents/Github/OxygenDynamicsV2/reference-validation/local-timing-rerun-20260909/M400-03-baseline-iso/Recording,sink,10,1,26,20,25,22,25,366,20,19,1,0,0,NaN,NaN,insufficient_clean_prebaseline,insufficient_clean_prebaseline,NaN,NaN,NaN,1,0,Anesthetized,20e08bad8c1971f84b8e7080ff8b1ef87819df8a754f39e6d941d3c0d12832fa,M400-03-baseline-iso
/Users/zcm361/Documents/Github/OxygenDynamicsV2/reference-validation/local-timing-rerun-20260909/M400-03-baseline-iso/Recording,sink,10,2,27,216,219,216,219,560,20,20,0,0,0,116.609285714286,116.609285714286,valid,valid,0.0376133976098448,0.0376133976098448,0,1,0,Anesthetized,20e08bad8c1971f84b8e7080ff8b1ef87819df8a754f39e6d941d3c0d12832fa,M400-03-baseline-iso
/Users/zcm361/Documents/Github/OxygenDynamicsV2/reference-validation/local-timing-rerun-20260909/M400-03-baseline-iso/Recording,sink,11,1,28,23,36,24,26,352,20,20,0,0,0,125.723721590909,125.723721590909,valid,valid,0.0431987526762661,0.0431987526762661,0,1,0,Anesthetized,20e08bad8c1971f84b8e7080ff8b1ef87819df8a754f39e6d941d3c0d12832fa,M400-03-baseline-iso
/Users/zcm361/Documents/Github/OxygenDynamicsV2/reference-validation/local-timing-rerun-20260909/M400-03-baseline-iso/Recording,sink,12,1,29,24,38,25,27,282,20,20,0,0,0,110.464539007092,110.464539007092,valid,valid,0.0552149208693139,0.0552149208693139,0,1,0,Anesthetized,20e08bad8c1971f84b8e7080ff8b1ef87819df8a754f39e6d941d3c0d12832fa,M400-03-baseline-iso
/Users/zcm361/Documents/Github/OxygenDynamicsV2/reference-validation/local-timing-rerun-20260909/M400-03-baseline-iso/Recording,sink,13,1,30,28,42,32,38,444,20,20,0,0,0,127.102815315315,127.102815315315,valid,valid,0.0474123151701159,0.0474123151701159,0,1,0,Anesthetized,20e08bad8c1971f84b8e7080ff8b1ef87819df8a754f39e6d941d3c0d12832fa,M400-03-baseline-iso
/Users/zcm361/Documents/Github/OxygenDynamicsV2/reference-validation/local-timing-rerun-20260909/M400-03-baseline-iso/Recording,sink,14,1,31,25,37,33,35,453,20,19,0,1,0,NaN,NaN,insufficient_clean_prebaseline,insufficient_clean_prebaseline,NaN,NaN,NaN,1,0,Anesthetized,20e08bad8c1971f84b8e7080ff8b1ef87819df8a754f39e6d941d3c0d12832fa,M400-03-baseline-iso
/Users/zcm361/Documents/Github/OxygenDynamicsV2/reference-validation/local-timing-rerun-20260909/M400-03-baseline-iso/Recording,sink,14,2,32,165,189,171,174,355,20,20,0,0,0,146.155915492958,146.155915492958,valid,valid,0.0364524861063864,0.0364524861063864,0,1,0,Anesthetized,20e08bad8c1971f84b8e7080ff8b1ef87819df8a754f39e6d941d3c0d12832fa,M400-03-baseline-iso
/Users/zcm361/Documents/Github/OxygenDynamicsV2/reference-validation/local-timing-rerun-20260909/M400-03-baseline-iso/Recording,sink,15,1,33,181,188,185,187,400,20,16,0,4,0,NaN,NaN,insufficient_clean_prebaseline,insufficient_clean_prebaseline,NaN,NaN,NaN,1,0,Anesthetized,20e08bad8c1971f84b8e7080ff8b1ef87819df8a754f39e6d941d3c0d12832fa,M400-03-baseline-iso
/Users/zcm361/Documents/Github/OxygenDynamicsV2/reference-validation/local-timing-rerun-20260909/M400-03-baseline-iso/Recording,sink,15,2,34,350,359,351,354,272,20,20,0,0,0,136.139338235294,136.139338235294,valid,valid,0.0569242693066956,0.0569242693066956,0,1,0,Anesthetized,20e08bad8c1971f84b8e7080ff8b1ef87819df8a754f39e6d941d3c0d12832fa,M400-03-baseline-iso
/Users/zcm361/Documents/Github/OxygenDynamicsV2/reference-validation/local-timing-rerun-20260909/M400-03-baseline-iso/Recording,sink,16,1,35,517,528,524,526,223,20,20,0,0,0,128.82533632287,128.82533632287,valid,valid,0.0604304851878216,0.0604304851878216,0,1,0,Anesthetized,20e08bad8c1971f84b8e7080ff8b1ef87819df8a754f39e6d941d3c0d12832fa,M400-03-baseline-iso
/Users/zcm361/Documents/Github/OxygenDynamicsV2/reference-validation/local-timing-rerun-20260909/M400-03-baseline-iso/Recording,sink,17,1,36,88,106,89,100,469,20,20,0,0,0,146.070362473348,146.070362473348,valid,valid,0.0491336651729021,0.0491336651729021,0,1,0,Anesthetized,20e08bad8c1971f84b8e7080ff8b1ef87819df8a754f39e6d941d3c0d12832fa,M400-03-baseline-iso
/Users/zcm361/Documents/Github/OxygenDynamicsV2/reference-validation/local-timing-rerun-20260909/M400-03-baseline-iso/Recording,sink,18,1,37,320,341,326,331,1009,20,20,0,0,0,137.330079286422,137.330079286422,valid,valid,0.0471403348800084,0.0471403348800084,0,1,0,Anesthetized,20e08bad8c1971f84b8e7080ff8b1ef87819df8a754f39e6d941d3c0d12832fa,M400-03-baseline-iso
/Users/zcm361/Documents/Github/OxygenDynamicsV2/reference-validation/local-timing-rerun-20260909/M400-03-baseline-iso/Recording,sink,19,1,38,42,47,43,45,200,20,20,0,0,0,142.9345,142.9345,valid,valid,0.0292756472370211,0.0292756472370211,0,1,0,Anesthetized,20e08bad8c1971f84b8e7080ff8b1ef87819df8a754f39e6d941d3c0d12832fa,M400-03-baseline-iso
/Users/zcm361/Documents/Github/OxygenDynamicsV2/reference-validation/local-timing-rerun-20260909/M400-03-baseline-iso/Recording,sink,20,1,39,46,54,46,48,479,20,20,0,0,0,135.842066805846,135.842066805846,valid,valid,0.0153584653675712,0.0153584653675712,0,1,0,Anesthetized,20e08bad8c1971f84b8e7080ff8b1ef87819df8a754f39e6d941d3c0d12832fa,M400-03-baseline-iso
/Users/zcm361/Documents/Github/OxygenDynamicsV2/reference-validation/local-timing-rerun-20260909/M400-03-baseline-iso/Recording,sink,20,2,40,202,211,205,207,246,20,20,0,0,0,133.859552845528,133.859552845528,valid,valid,0.043196895180454,0.043196895180454,0,1,0,Anesthetized,20e08bad8c1971f84b8e7080ff8b1ef87819df8a754f39e6d941d3c0d12832fa,M400-03-baseline-iso
/Users/zcm361/Documents/Github/OxygenDynamicsV2/reference-validation/local-timing-rerun-20260909/M400-03-baseline-iso/Recording,sink,20,3,41,269,274,271,273,251,20,20,0,0,0,149.64422310757,149.64422310757,valid,valid,0.0622911713572965,0.0622911713572965,0,1,0,Anesthetized,20e08bad8c1971f84b8e7080ff8b1ef87819df8a754f39e6d941d3c0d12832fa,M400-03-baseline-iso
/Users/zcm361/Documents/Github/OxygenDynamicsV2/reference-validation/local-timing-rerun-20260909/M400-03-baseline-iso/Recording,sink,21,1,42,377,392,388,391,309,20,15,0,5,0,NaN,NaN,insufficient_clean_prebaseline,insufficient_clean_prebaseline,NaN,NaN,NaN,1,0,Anesthetized,20e08bad8c1971f84b8e7080ff8b1ef87819df8a754f39e6d941d3c0d12832fa,M400-03-baseline-iso
/Users/zcm361/Documents/Github/OxygenDynamicsV2/reference-validation/local-timing-rerun-20260909/M400-03-baseline-iso/Recording,sink,22,1,43,50,57,54,56,292,20,20,0,0,0,106.117123287671,106.117123287671,valid,valid,0.0298584531178396,0.0298584531178396,0,1,0,Anesthetized,20e08bad8c1971f84b8e7080ff8b1ef87819df8a754f39e6d941d3c0d12832fa,M400-03-baseline-iso
/Users/zcm361/Documents/Github/OxygenDynamicsV2/reference-validation/local-timing-rerun-20260909/M400-03-baseline-iso/Recording,sink,23,1,44,274,282,276,278,261,20,20,0,0,0,109.463793103448,109.463793103448,valid,valid,0.0855458775885937,0.0855458775885937,0,1,0,Anesthetized,20e08bad8c1971f84b8e7080ff8b1ef87819df8a754f39e6d941d3c0d12832fa,M400-03-baseline-iso
/Users/zcm361/Documents/Github/OxygenDynamicsV2/reference-validation/local-timing-rerun-20260909/M400-03-baseline-iso/Recording,sink,24,1,45,59,64,61,63,309,20,20,0,0,0,107.191585760518,107.191585760518,valid,valid,0.0328842890870775,0.0328842890870775,0,1,0,Anesthetized,20e08bad8c1971f84b8e7080ff8b1ef87819df8a754f39e6d941d3c0d12832fa,M400-03-baseline-iso
/Users/zcm361/Documents/Github/OxygenDynamicsV2/reference-validation/local-timing-rerun-20260909/M400-03-baseline-iso/Recording,sink,25,1,46,61,66,62,64,290,20,20,0,0,0,82.7225862068966,82.7225862068966,valid,valid,0.0201150084099118,0.0201150084099118,0,1,0,Anesthetized,20e08bad8c1971f84b8e7080ff8b1ef87819df8a754f39e6d941d3c0d12832fa,M400-03-baseline-iso
/Users/zcm361/Documents/Github/OxygenDynamicsV2/reference-validation/local-timing-rerun-20260909/M400-03-baseline-iso/Recording,sink,26,1,47,63,72,63,72,856,20,20,0,0,0,114.655841121495,114.655841121495,valid,valid,0.0468733124527485,0.0468733124527485,0,1,0,Anesthetized,20e08bad8c1971f84b8e7080ff8b1ef87819df8a754f39e6d941d3c0d12832fa,M400-03-baseline-iso
/Users/zcm361/Documents/Github/OxygenDynamicsV2/reference-validation/local-timing-rerun-20260909/M400-03-baseline-iso/Recording,sink,26,2,48,267,272,267,269,269,20,20,0,0,0,129.490148698885,129.490148698885,valid,valid,0.0570682559710156,0.0570682559710156,0,1,0,Anesthetized,20e08bad8c1971f84b8e7080ff8b1ef87819df8a754f39e6d941d3c0d12832fa,M400-03-baseline-iso
/Users/zcm361/Documents/Github/OxygenDynamicsV2/reference-validation/local-timing-rerun-20260909/M400-03-baseline-iso/Recording,sink,26,3,49,445,456,445,447,256,20,20,0,0,0,123.4759765625,123.4759765625,valid,valid,0.0345414483143703,0.0345414483143703,0,1,0,Anesthetized,20e08bad8c1971f84b8e7080ff8b1ef87819df8a754f39e6d941d3c0d12832fa,M400-03-baseline-iso
/Users/zcm361/Documents/Github/OxygenDynamicsV2/reference-validation/local-timing-rerun-20260909/M400-03-baseline-iso/Recording,sink,26,4,50,579,586,583,585,423,20,20,0,0,0,111.475531914894,111.475531914894,valid,valid,0.050878872803348,0.050878872803348,0,1,0,Anesthetized,20e08bad8c1971f84b8e7080ff8b1ef87819df8a754f39e6d941d3c0d12832fa,M400-03-baseline-iso
/Users/zcm361/Documents/Github/OxygenDynamicsV2/reference-validation/local-timing-rerun-20260909/M400-03-baseline-iso/Recording,sink,27,1,51,62,71,66,69,1003,20,20,0,0,0,103.926520438684,103.926520438684,valid,valid,0.0291572291566533,0.0291572291566533,0,1,0,Anesthetized,20e08bad8c1971f84b8e7080ff8b1ef87819df8a754f39e6d941d3c0d12832fa,M400-03-baseline-iso
/Users/zcm361/Documents/Github/OxygenDynamicsV2/reference-validation/local-timing-rerun-20260909/M400-03-baseline-iso/Recording,sink,28,1,52,65,68,65,67,283,20,20,0,0,0,133.166254416961,133.166254416961,valid,valid,0.0482154537288999,0.0482154537288999,0,1,0,Anesthetized,20e08bad8c1971f84b8e7080ff8b1ef87819df8a754f39e6d941d3c0d12832fa,M400-03-baseline-iso
/Users/zcm361/Documents/Github/OxygenDynamicsV2/reference-validation/local-timing-rerun-20260909/M400-03-baseline-iso/Recording,sink,29,1,53,104,109,105,107,391,20,20,0,0,0,104.470971867008,104.470971867008,valid,valid,0.0589781911787926,0.0589781911787926,0,1,0,Anesthetized,20e08bad8c1971f84b8e7080ff8b1ef87819df8a754f39e6d941d3c0d12832fa,M400-03-baseline-iso
/Users/zcm361/Documents/Github/OxygenDynamicsV2/reference-validation/local-timing-rerun-20260909/M400-03-baseline-iso/Recording,sink,30,1,54,77,84,82,84,491,20,20,0,0,0,98.65366598778,98.65366598778,valid,valid,0.0422170587925626,0.0422170587925626,0,1,0,Anesthetized,20e08bad8c1971f84b8e7080ff8b1ef87819df8a754f39e6d941d3c0d12832fa,M400-03-baseline-iso
/Users/zcm361/Documents/Github/OxygenDynamicsV2/reference-validation/local-timing-rerun-20260909/M400-03-baseline-iso/Recording,sink,31,1,55,208,234,228,232,274,20,20,0,0,0,95.4096715328467,95.4096715328467,valid,valid,0.057732215092427,0.057732215092427,0,1,0,Anesthetized,20e08bad8c1971f84b8e7080ff8b1ef87819df8a754f39e6d941d3c0d12832fa,M400-03-baseline-iso
/Users/zcm361/Documents/Github/OxygenDynamicsV2/reference-validation/local-timing-rerun-20260909/M400-03-baseline-iso/Recording,sink,32,1,56,80,97,82,86,495,20,20,0,0,0,132.953535353535,132.953535353535,valid,valid,0.0528475050142832,0.0528475050142832,0,1,0,Anesthetized,20e08bad8c1971f84b8e7080ff8b1ef87819df8a754f39e6d941d3c0d12832fa,M400-03-baseline-iso
/Users/zcm361/Documents/Github/OxygenDynamicsV2/reference-validation/local-timing-rerun-20260909/M400-03-baseline-iso/Recording,sink,33,1,57,403,407,404,406,437,20,20,0,0,0,79.3527459954233,79.3527459954233,valid,valid,0.0404055696618667,0.0404055696618667,0,1,0,Anesthetized,20e08bad8c1971f84b8e7080ff8b1ef87819df8a754f39e6d941d3c0d12832fa,M400-03-baseline-iso
/Users/zcm361/Documents/Github/OxygenDynamicsV2/reference-validation/local-timing-rerun-20260909/M400-03-baseline-iso/Recording,sink,34,1,58,159,170,162,165,568,20,20,0,0,0,137.284242957746,137.284242957746,valid,valid,0.0438389560058711,0.0438389560058711,0,1,0,Anesthetized,20e08bad8c1971f84b8e7080ff8b1ef87819df8a754f39e6d941d3c0d12832fa,M400-03-baseline-iso
/Users/zcm361/Documents/Github/OxygenDynamicsV2/reference-validation/local-timing-rerun-20260909/M400-03-baseline-iso/Recording,sink,35,1,59,112,126,115,118,198,20,20,0,0,0,108.869444444444,108.869444444444,valid,valid,0.0841592770508647,0.0841592770508647,0,1,0,Anesthetized,20e08bad8c1971f84b8e7080ff8b1ef87819df8a754f39e6d941d3c0d12832fa,M400-03-baseline-iso
/Users/zcm361/Documents/Github/OxygenDynamicsV2/reference-validation/local-timing-rerun-20260909/M400-03-baseline-iso/Recording,sink,36,1,60,114,120,116,118,433,20,20,0,0,0,133.948729792148,133.948729792148,valid,valid,0.0387553060527796,0.0387553060527796,0,1,0,Anesthetized,20e08bad8c1971f84b8e7080ff8b1ef87819df8a754f39e6d941d3c0d12832fa,M400-03-baseline-iso
/Users/zcm361/Documents/Github/OxygenDynamicsV2/reference-validation/local-timing-rerun-20260909/M400-03-baseline-iso/Recording,sink,37,1,61,112,128,121,124,304,20,20,0,0,0,115.989473684211,115.989473684211,valid,valid,0.0682003811598148,0.0682003811598148,0,1,0,Anesthetized,20e08bad8c1971f84b8e7080ff8b1ef87819df8a754f39e6d941d3c0d12832fa,M400-03-baseline-iso
/Users/zcm361/Documents/Github/OxygenDynamicsV2/reference-validation/local-timing-rerun-20260909/M400-03-baseline-iso/Recording,sink,38,1,62,121,127,123,125,243,20,20,0,0,0,79.5279835390947,79.5279835390947,valid,valid,0.0356165234174892,0.0356165234174892,0,1,0,Anesthetized,20e08bad8c1971f84b8e7080ff8b1ef87819df8a754f39e6d941d3c0d12832fa,M400-03-baseline-iso
/Users/zcm361/Documents/Github/OxygenDynamicsV2/reference-validation/local-timing-rerun-20260909/M400-03-baseline-iso/Recording,sink,39,1,63,123,133,124,127,440,20,20,0,0,0,111.954886363636,111.954886363636,valid,valid,0.0419233396569031,0.0419233396569031,0,1,0,Anesthetized,20e08bad8c1971f84b8e7080ff8b1ef87819df8a754f39e6d941d3c0d12832fa,M400-03-baseline-iso
/Users/zcm361/Documents/Github/OxygenDynamicsV2/reference-validation/local-timing-rerun-20260909/M400-03-baseline-iso/Recording,sink,40,1,64,142,154,144,146,306,20,20,0,0,0,120.661437908497,120.661437908497,valid,valid,0.0502513379411957,0.0502513379411957,0,1,0,Anesthetized,20e08bad8c1971f84b8e7080ff8b1ef87819df8a754f39e6d941d3c0d12832fa,M400-03-baseline-iso
/Users/zcm361/Documents/Github/OxygenDynamicsV2/reference-validation/local-timing-rerun-20260909/M400-03-baseline-iso/Recording,sink,40,2,65,485,493,488,490,476,20,20,0,0,0,98.5316176470588,98.5316176470588,valid,valid,0.050469019350313,0.050469019350313,0,1,0,Anesthetized,20e08bad8c1971f84b8e7080ff8b1ef87819df8a754f39e6d941d3c0d12832fa,M400-03-baseline-iso
/Users/zcm361/Documents/Github/OxygenDynamicsV2/reference-validation/local-timing-rerun-20260909/M400-03-baseline-iso/Recording,sink,41,1,66,161,177,163,169,514,20,20,0,0,0,99.5988326848249,99.5988326848249,valid,valid,0.0325195629158218,0.0325195629158218,0,1,0,Anesthetized,20e08bad8c1971f84b8e7080ff8b1ef87819df8a754f39e6d941d3c0d12832fa,M400-03-baseline-iso
/Users/zcm361/Documents/Github/OxygenDynamicsV2/reference-validation/local-timing-rerun-20260909/M400-03-baseline-iso/Recording,sink,41,2,67,218,223,218,220,626,20,20,0,0,0,101.684025559105,101.684025559105,valid,valid,0.0202688903481624,0.0202688903481624,0,1,0,Anesthetized,20e08bad8c1971f84b8e7080ff8b1ef87819df8a754f39e6d941d3c0d12832fa,M400-03-baseline-iso
/Users/zcm361/Documents/Github/OxygenDynamicsV2/reference-validation/local-timing-rerun-20260909/M400-03-baseline-iso/Recording,sink,41,3,68,343,347,344,346,197,20,20,0,0,0,92.2251269035533,92.2251269035533,valid,valid,0.058527604322902,0.058527604322902,0,1,0,Anesthetized,20e08bad8c1971f84b8e7080ff8b1ef87819df8a754f39e6d941d3c0d12832fa,M400-03-baseline-iso
/Users/zcm361/Documents/Github/OxygenDynamicsV2/reference-validation/local-timing-rerun-20260909/M400-03-baseline-iso/Recording,sink,42,1,69,160,164,161,163,204,20,20,0,0,0,120.973529411765,120.973529411765,valid,valid,0.0584149830217275,0.0584149830217275,0,1,0,Anesthetized,20e08bad8c1971f84b8e7080ff8b1ef87819df8a754f39e6d941d3c0d12832fa,M400-03-baseline-iso
/Users/zcm361/Documents/Github/OxygenDynamicsV2/reference-validation/local-timing-rerun-20260909/M400-03-baseline-iso/Recording,sink,43,1,70,155,167,164,166,458,20,20,0,0,0,124.707860262009,124.707860262009,valid,valid,0.0441941165553731,0.0441941165553731,0,1,0,Anesthetized,20e08bad8c1971f84b8e7080ff8b1ef87819df8a754f39e6d941d3c0d12832fa,M400-03-baseline-iso
/Users/zcm361/Documents/Github/OxygenDynamicsV2/reference-validation/local-timing-rerun-20260909/M400-03-baseline-iso/Recording,sink,44,1,71,176,184,177,179,324,20,20,0,0,0,98.7893518518519,98.7893518518519,valid,valid,0.0515734470557913,0.0515734470557913,0,1,0,Anesthetized,20e08bad8c1971f84b8e7080ff8b1ef87819df8a754f39e6d941d3c0d12832fa,M400-03-baseline-iso
/Users/zcm361/Documents/Github/OxygenDynamicsV2/reference-validation/local-timing-rerun-20260909/M400-03-baseline-iso/Recording,sink,45,1,72,187,209,199,203,385,20,20,0,0,0,165.11051948052,165.11051948052,valid,valid,0.0404538164519478,0.0404538164519478,0,1,0,Anesthetized,20e08bad8c1971f84b8e7080ff8b1ef87819df8a754f39e6d941d3c0d12832fa,M400-03-baseline-iso
/Users/zcm361/Documents/Github/OxygenDynamicsV2/reference-validation/local-timing-rerun-20260909/M400-03-baseline-iso/Recording,sink,46,1,73,223,227,223,225,267,20,20,0,0,0,141.749812734082,141.749812734082,valid,valid,0.0518981589126803,0.0518981589126803,0,1,0,Anesthetized,20e08bad8c1971f84b8e7080ff8b1ef87819df8a754f39e6d941d3c0d12832fa,M400-03-baseline-iso
/Users/zcm361/Documents/Github/OxygenDynamicsV2/reference-validation/local-timing-rerun-20260909/M400-03-baseline-iso/Recording,sink,46,2,74,272,277,273,275,413,20,18,0,2,0,NaN,NaN,insufficient_clean_prebaseline,insufficient_clean_prebaseline,NaN,NaN,NaN,1,0,Anesthetized,20e08bad8c1971f84b8e7080ff8b1ef87819df8a754f39e6d941d3c0d12832fa,M400-03-baseline-iso
/Users/zcm361/Documents/Github/OxygenDynamicsV2/reference-validation/local-timing-rerun-20260909/M400-03-baseline-iso/Recording,sink,47,1,75,527,532,527,529,309,20,20,0,0,0,92.834142394822,92.834142394822,valid,valid,0.0627402107318094,0.0627402107318094,0,1,0,Anesthetized,20e08bad8c1971f84b8e7080ff8b1ef87819df8a754f39e6d941d3c0d12832fa,M400-03-baseline-iso
/Users/zcm361/Documents/Github/OxygenDynamicsV2/reference-validation/local-timing-rerun-20260909/M400-03-baseline-iso/Recording,sink,48,1,76,297,302,298,301,332,20,20,0,0,0,132.36265060241,132.36265060241,valid,valid,0.0541456931941271,0.0541456931941271,0,1,0,Anesthetized,20e08bad8c1971f84b8e7080ff8b1ef87819df8a754f39e6d941d3c0d12832fa,M400-03-baseline-iso
/Users/zcm361/Documents/Github/OxygenDynamicsV2/reference-validation/local-timing-rerun-20260909/M400-03-baseline-iso/Recording,sink,49,1,77,303,311,306,308,320,20,20,0,0,0,81.06328125,81.06328125,valid,valid,0.0580661327473715,0.0580661327473715,0,1,0,Anesthetized,20e08bad8c1971f84b8e7080ff8b1ef87819df8a754f39e6d941d3c0d12832fa,M400-03-baseline-iso
/Users/zcm361/Documents/Github/OxygenDynamicsV2/reference-validation/local-timing-rerun-20260909/M400-03-baseline-iso/Recording,sink,50,1,78,350,362,356,361,273,20,20,0,0,0,115.886996336996,115.886996336996,valid,valid,0.0492822520359768,0.0492822520359768,0,1,0,Anesthetized,20e08bad8c1971f84b8e7080ff8b1ef87819df8a754f39e6d941d3c0d12832fa,M400-03-baseline-iso
/Users/zcm361/Documents/Github/OxygenDynamicsV2/reference-validation/local-timing-rerun-20260909/M400-03-baseline-iso/Recording,sink,51,1,79,352,362,355,357,334,20,20,0,0,0,101.938323353293,101.938323353293,valid,valid,0.0551407743322544,0.0551407743322544,0,1,0,Anesthetized,20e08bad8c1971f84b8e7080ff8b1ef87819df8a754f39e6d941d3c0d12832fa,M400-03-baseline-iso
/Users/zcm361/Documents/Github/OxygenDynamicsV2/reference-validation/local-timing-rerun-20260909/M400-03-baseline-iso/Recording,sink,52,1,80,362,366,362,364,367,20,20,0,0,0,99.6995912806539,99.6995912806539,valid,valid,0.0564024077781345,0.0564024077781345,0,1,0,Anesthetized,20e08bad8c1971f84b8e7080ff8b1ef87819df8a754f39e6d941d3c0d12832fa,M400-03-baseline-iso
/Users/zcm361/Documents/Github/OxygenDynamicsV2/reference-validation/local-timing-rerun-20260909/M400-03-baseline-iso/Recording,sink,53,1,81,362,366,363,365,226,20,20,0,0,0,65.7435840707965,65.7435840707965,valid,valid,0.0498080165297599,0.0498080165297599,0,1,0,Anesthetized,20e08bad8c1971f84b8e7080ff8b1ef87819df8a754f39e6d941d3c0d12832fa,M400-03-baseline-iso
/Users/zcm361/Documents/Github/OxygenDynamicsV2/reference-validation/local-timing-rerun-20260909/M400-03-baseline-iso/Recording,sink,54,1,82,538,542,539,541,277,20,20,0,0,0,67.971119133574,67.971119133574,valid,valid,0.0568833652007648,0.0568833652007648,0,1,0,Anesthetized,20e08bad8c1971f84b8e7080ff8b1ef87819df8a754f39e6d941d3c0d12832fa,M400-03-baseline-iso
/Users/zcm361/Documents/Github/OxygenDynamicsV2/reference-validation/local-timing-rerun-20260909/M400-03-baseline-iso/Recording,sink,55,1,83,567,573,570,572,261,20,20,0,0,0,57.0526819923372,57.0526819923372,valid,valid,0.051021607373705,0.051021607373705,0,1,0,Anesthetized,20e08bad8c1971f84b8e7080ff8b1ef87819df8a754f39e6d941d3c0d12832fa,M400-03-baseline-iso
/Users/zcm361/Documents/Github/OxygenDynamicsV2/reference-validation/local-timing-rerun-20260909/M400-03-baseline-iso/Recording,sink,56,1,84,577,586,581,583,316,20,20,0,0,0,97.159335443038,97.159335443038,valid,valid,0.0426140018597924,0.0426140018597924,0,1,0,Anesthetized,20e08bad8c1971f84b8e7080ff8b1ef87819df8a754f39e6d941d3c0d12832fa,M400-03-baseline-iso
/Users/zcm361/Documents/Github/OxygenDynamicsV2/reference-validation/local-timing-rerun-20260909/M400-03-baseline-iso/Recording,surge,1,1,1,117,128,117,128,2767,20,20,0,0,0,102.709649439827,102.709649439827,valid,valid,0.0234358066359464,0.0234358066359464,0,1,0,Anesthetized,20e08bad8c1971f84b8e7080ff8b1ef87819df8a754f39e6d941d3c0d12832fa,M400-03-baseline-iso
/Users/zcm361/Documents/Github/OxygenDynamicsV2/reference-validation/local-timing-rerun-20260909/M400-03-baseline-iso/Recording,surge,2,1,2,225,251,225,251,5571,20,17,0,3,0,NaN,NaN,insufficient_clean_prebaseline,insufficient_clean_prebaseline,NaN,NaN,NaN,1,0,Anesthetized,20e08bad8c1971f84b8e7080ff8b1ef87819df8a754f39e6d941d3c0d12832fa,M400-03-baseline-iso
/Users/zcm361/Documents/Github/OxygenDynamicsV2/reference-validation/local-timing-rerun-20260909/M401-01-baseline-awake/Recording,sink,1,1,1,1,6,1,6,554,20,0,1,0,0,NaN,NaN,insufficient_clean_prebaseline,insufficient_clean_prebaseline,NaN,NaN,NaN,1,0,Awake_immobile,22912f81ab9c01a96ddb7d403cb1b0204eadac78797e11f39e25cd71d88e078d,M401-01-baseline-awake
/Users/zcm361/Documents/Github/OxygenDynamicsV2/reference-validation/local-timing-rerun-20260909/M401-01-baseline-awake/Recording,sink,1,2,2,119,148,130,140,602,20,20,0,0,0,154.316860465116,154.316860465116,valid,valid,0.027726422583727,0.027726422583727,0,1,0,Awake_immobile,22912f81ab9c01a96ddb7d403cb1b0204eadac78797e11f39e25cd71d88e078d,M401-01-baseline-awake
/Users/zcm361/Documents/Github/OxygenDynamicsV2/reference-validation/local-timing-rerun-20260909/M401-01-baseline-awake/Recording,sink,1,3,3,228,231,229,231,225,20,20,0,0,0,177.751333333333,177.751333333333,valid,valid,0.0547593954600748,0.0547593954600748,0,1,0,Awake_immobile,22912f81ab9c01a96ddb7d403cb1b0204eadac78797e11f39e25cd71d88e078d,M401-01-baseline-awake
/Users/zcm361/Documents/Github/OxygenDynamicsV2/reference-validation/local-timing-rerun-20260909/M401-01-baseline-awake/Recording,sink,2,1,4,1,6,1,6,329,20,0,1,0,0,NaN,NaN,insufficient_clean_prebaseline,insufficient_clean_prebaseline,NaN,NaN,NaN,1,0,Awake_immobile,22912f81ab9c01a96ddb7d403cb1b0204eadac78797e11f39e25cd71d88e078d,M401-01-baseline-awake
/Users/zcm361/Documents/Github/OxygenDynamicsV2/reference-validation/local-timing-rerun-20260909/M401-01-baseline-awake/Recording,sink,3,1,5,1,7,1,7,430,20,0,1,0,0,NaN,NaN,insufficient_clean_prebaseline,insufficient_clean_prebaseline,NaN,NaN,NaN,1,0,Awake_immobile,22912f81ab9c01a96ddb7d403cb1b0204eadac78797e11f39e25cd71d88e078d,M401-01-baseline-awake
/Users/zcm361/Documents/Github/OxygenDynamicsV2/reference-validation/local-timing-rerun-20260909/M401-01-baseline-awake/Recording,sink,4,1,6,1,3,1,3,1006,20,0,1,0,0,NaN,NaN,insufficient_clean_prebaseline,insufficient_clean_prebaseline,NaN,NaN,NaN,1,0,Awake_immobile,22912f81ab9c01a96ddb7d403cb1b0204eadac78797e11f39e25cd71d88e078d,M401-01-baseline-awake
/Users/zcm361/Documents/Github/OxygenDynamicsV2/reference-validation/local-timing-rerun-20260909/M401-01-baseline-awake/Recording,sink,4,2,7,253,262,254,259,611,20,18,0,2,0,NaN,NaN,insufficient_clean_prebaseline,insufficient_clean_prebaseline,NaN,NaN,NaN,1,0,Awake_immobile,22912f81ab9c01a96ddb7d403cb1b0204eadac78797e11f39e25cd71d88e078d,M401-01-baseline-awake
/Users/zcm361/Documents/Github/OxygenDynamicsV2/reference-validation/local-timing-rerun-20260909/M401-01-baseline-awake/Recording,sink,5,1,8,343,376,358,367,965,20,20,0,0,0,139.895492227979,139.895492227979,valid,valid,0.0862683209486876,0.0862683209486876,0,1,0,Awake_immobile,22912f81ab9c01a96ddb7d403cb1b0204eadac78797e11f39e25cd71d88e078d,M401-01-baseline-awake
/Users/zcm361/Documents/Github/OxygenDynamicsV2/reference-validation/local-timing-rerun-20260909/M401-01-baseline-awake/Recording,sink,5,2,9,378,399,388,392,448,20,10,0,10,0,NaN,NaN,insufficient_clean_prebaseline,insufficient_clean_prebaseline,NaN,NaN,NaN,1,0,Awake_immobile,22912f81ab9c01a96ddb7d403cb1b0204eadac78797e11f39e25cd71d88e078d,M401-01-baseline-awake
/Users/zcm361/Documents/Github/OxygenDynamicsV2/reference-validation/local-timing-rerun-20260909/M401-01-baseline-awake/Recording,sink,5,3,10,520,546,535,544,622,20,19,0,1,0,NaN,NaN,insufficient_clean_prebaseline,insufficient_clean_prebaseline,NaN,NaN,NaN,1,0,Awake_immobile,22912f81ab9c01a96ddb7d403cb1b0204eadac78797e11f39e25cd71d88e078d,M401-01-baseline-awake
/Users/zcm361/Documents/Github/OxygenDynamicsV2/reference-validation/local-timing-rerun-20260909/M401-01-baseline-awake/Recording,sink,6,1,11,2,17,2,15,1083,20,0,1,1,0,NaN,NaN,insufficient_clean_prebaseline,insufficient_clean_prebaseline,NaN,NaN,NaN,1,0,Awake_immobile,22912f81ab9c01a96ddb7d403cb1b0204eadac78797e11f39e25cd71d88e078d,M401-01-baseline-awake
/Users/zcm361/Documents/Github/OxygenDynamicsV2/reference-validation/local-timing-rerun-20260909/M401-01-baseline-awake/Recording,sink,6,2,12,194,203,201,203,436,20,15,0,5,0,NaN,NaN,insufficient_clean_prebaseline,insufficient_clean_prebaseline,NaN,NaN,NaN,1,0,Awake_immobile,22912f81ab9c01a96ddb7d403cb1b0204eadac78797e11f39e25cd71d88e078d,M401-01-baseline-awake
/Users/zcm361/Documents/Github/OxygenDynamicsV2/reference-validation/local-timing-rerun-20260909/M401-01-baseline-awake/Recording,sink,6,3,13,242,245,242,245,251,20,20,0,0,0,226.193227091633,226.193227091633,valid,valid,0.0227831156593189,0.0227831156593189,0,1,0,Awake_immobile,22912f81ab9c01a96ddb7d403cb1b0204eadac78797e11f39e25cd71d88e078d,M401-01-baseline-awake
/Users/zcm361/Documents/Github/OxygenDynamicsV2/reference-validation/local-timing-rerun-20260909/M401-01-baseline-awake/Recording,sink,6,4,14,403,410,407,409,474,20,20,0,0,0,201.901898734177,201.901898734177,valid,valid,0.0197959279635116,0.0197959279635116,0,1,0,Awake_immobile,22912f81ab9c01a96ddb7d403cb1b0204eadac78797e11f39e25cd71d88e078d,M401-01-baseline-awake
/Users/zcm361/Documents/Github/OxygenDynamicsV2/reference-validation/local-timing-rerun-20260909/M401-01-baseline-awake/Recording,sink,6,5,15,597,599,597,599,552,20,20,0,0,0,212.102445652174,212.102445652174,valid,valid,0.0706739932465299,0.0706739932465299,0,1,0,Awake_immobile,22912f81ab9c01a96ddb7d403cb1b0204eadac78797e11f39e25cd71d88e078d,M401-01-baseline-awake
/Users/zcm361/Documents/Github/OxygenDynamicsV2/reference-validation/local-timing-rerun-20260909/M401-01-baseline-awake/Recording,sink,7,1,16,8,12,8,12,364,20,7,1,0,0,NaN,NaN,insufficient_clean_prebaseline,insufficient_clean_prebaseline,NaN,NaN,NaN,1,0,Awake_immobile,22912f81ab9c01a96ddb7d403cb1b0204eadac78797e11f39e25cd71d88e078d,M401-01-baseline-awake
/Users/zcm361/Documents/Github/OxygenDynamicsV2/reference-validation/local-timing-rerun-20260909/M401-01-baseline-awake/Recording,sink,7,2,17,142,153,143,153,694,20,20,0,0,0,169.577089337176,169.577089337176,valid,valid,0.0492027547764611,0.0492027547764611,0,1,0,Awake_immobile,22912f81ab9c01a96ddb7d403cb1b0204eadac78797e11f39e25cd71d88e078d,M401-01-baseline-awake
/Users/zcm361/Documents/Github/OxygenDynamicsV2/reference-validation/local-timing-rerun-20260909/M401-01-baseline-awake/Recording,sink,7,3,18,206,210,206,210,347,20,20,0,0,0,185.459365994236,185.459365994236,valid,valid,0.0221336847208581,0.0221336847208581,0,1,0,Awake_immobile,22912f81ab9c01a96ddb7d403cb1b0204eadac78797e11f39e25cd71d88e078d,M401-01-baseline-awake
/Users/zcm361/Documents/Github/OxygenDynamicsV2/reference-validation/local-timing-rerun-20260909/M401-01-baseline-awake/Recording,sink,7,4,19,242,255,244,248,445,20,20,0,0,0,175.670561797753,175.670561797753,valid,valid,0.0449948447937533,0.0449948447937533,0,1,0,Awake_immobile,22912f81ab9c01a96ddb7d403cb1b0204eadac78797e11f39e25cd71d88e078d,M401-01-baseline-awake
/Users/zcm361/Documents/Github/OxygenDynamicsV2/reference-validation/local-timing-rerun-20260909/M401-01-baseline-awake/Recording,sink,7,5,20,412,417,413,415,517,20,20,0,0,0,182.440328820116,182.440328820116,valid,valid,0.0407398513490805,0.0407398513490805,0,1,0,Awake_immobile,22912f81ab9c01a96ddb7d403cb1b0204eadac78797e11f39e25cd71d88e078d,M401-01-baseline-awake
/Users/zcm361/Documents/Github/OxygenDynamicsV2/reference-validation/local-timing-rerun-20260909/M401-01-baseline-awake/Recording,sink,7,6,21,572,591,579,582,730,20,20,0,0,0,167.963698630137,167.963698630137,valid,valid,0.0365905874964829,0.0365905874964829,0,1,0,Awake_immobile,22912f81ab9c01a96ddb7d403cb1b0204eadac78797e11f39e25cd71d88e078d,M401-01-baseline-awake
/Users/zcm361/Documents/Github/OxygenDynamicsV2/reference-validation/local-timing-rerun-20260909/M401-01-baseline-awake/Recording,sink,8,1,22,4,6,4,6,321,20,3,1,0,0,NaN,NaN,insufficient_clean_prebaseline,insufficient_clean_prebaseline,NaN,NaN,NaN,1,0,Awake_immobile,22912f81ab9c01a96ddb7d403cb1b0204eadac78797e11f39e25cd71d88e078d,M401-01-baseline-awake
/Users/zcm361/Documents/Github/OxygenDynamicsV2/reference-validation/local-timing-rerun-20260909/M401-01-baseline-awake/Recording,sink,9,1,23,212,263,212,263,2323,20,20,0,0,0,157.717972449419,157.717972449419,valid,valid,0.0539055406719028,0.0539055406719028,0,1,0,Awake_immobile,22912f81ab9c01a96ddb7d403cb1b0204eadac78797e11f39e25cd71d88e078d,M401-01-baseline-awake
/Users/zcm361/Documents/Github/OxygenDynamicsV2/reference-validation/local-timing-rerun-20260909/M401-01-baseline-awake/Recording,sink,9,2,24,457,463,458,462,515,20,20,0,0,0,171.165631067961,171.165631067961,valid,valid,0.109067127394915,0.109067127394915,0,1,0,Awake_immobile,22912f81ab9c01a96ddb7d403cb1b0204eadac78797e11f39e25cd71d88e078d,M401-01-baseline-awake
/Users/zcm361/Documents/Github/OxygenDynamicsV2/reference-validation/local-timing-rerun-20260909/M401-01-baseline-awake/Recording,sink,9,3,25,497,500,497,500,266,20,20,0,0,0,183.16954887218,183.16954887218,valid,valid,0.0415839714632279,0.0415839714632279,0,1,0,Awake_immobile,22912f81ab9c01a96ddb7d403cb1b0204eadac78797e11f39e25cd71d88e078d,M401-01-baseline-awake
/Users/zcm361/Documents/Github/OxygenDynamicsV2/reference-validation/local-timing-rerun-20260909/M401-01-baseline-awake/Recording,sink,10,1,26,330,354,330,346,2068,20,20,0,0,0,173.094850096712,173.094850096712,valid,valid,0.0715586637227637,0.0715586637227637,0,1,0,Awake_immobile,22912f81ab9c01a96ddb7d403cb1b0204eadac78797e11f39e25cd71d88e078d,M401-01-baseline-awake
/Users/zcm361/Documents/Github/OxygenDynamicsV2/reference-validation/local-timing-rerun-20260909/M401-01-baseline-awake/Recording,sink,10,2,27,598,600,598,600,357,20,20,0,0,0,187.761764705882,187.761764705882,valid,valid,0.0820807403147353,0.0820807403147353,0,1,0,Awake_immobile,22912f81ab9c01a96ddb7d403cb1b0204eadac78797e11f39e25cd71d88e078d,M401-01-baseline-awake
/Users/zcm361/Documents/Github/OxygenDynamicsV2/reference-validation/local-timing-rerun-20260909/M401-01-baseline-awake/Recording,sink,11,1,28,17,19,17,19,220,20,16,1,0,0,NaN,NaN,insufficient_clean_prebaseline,insufficient_clean_prebaseline,NaN,NaN,NaN,1,0,Awake_immobile,22912f81ab9c01a96ddb7d403cb1b0204eadac78797e11f39e25cd71d88e078d,M401-01-baseline-awake
/Users/zcm361/Documents/Github/OxygenDynamicsV2/reference-validation/local-timing-rerun-20260909/M401-01-baseline-awake/Recording,sink,12,1,29,38,40,38,40,506,20,20,0,0,0,127.082509881423,127.082509881423,valid,valid,-0.000688140271757087,-0.000688140271757087,0,1,1,Awake_immobile,22912f81ab9c01a96ddb7d403cb1b0204eadac78797e11f39e25cd71d88e078d,M401-01-baseline-awake
/Users/zcm361/Documents/Github/OxygenDynamicsV2/reference-validation/local-timing-rerun-20260909/M401-01-baseline-awake/Recording,sink,12,2,30,249,266,249,266,1451,20,17,0,3,0,NaN,NaN,insufficient_clean_prebaseline,insufficient_clean_prebaseline,NaN,NaN,NaN,1,0,Awake_immobile,22912f81ab9c01a96ddb7d403cb1b0204eadac78797e11f39e25cd71d88e078d,M401-01-baseline-awake
/Users/zcm361/Documents/Github/OxygenDynamicsV2/reference-validation/local-timing-rerun-20260909/M401-01-baseline-awake/Recording,sink,12,3,31,287,302,294,302,1002,20,20,0,0,0,146.351846307385,146.351846307385,valid,valid,0.0455901702449903,0.0455901702449903,0,1,0,Awake_immobile,22912f81ab9c01a96ddb7d403cb1b0204eadac78797e11f39e25cd71d88e078d,M401-01-baseline-awake
/Users/zcm361/Documents/Github/OxygenDynamicsV2/reference-validation/local-timing-rerun-20260909/M401-01-baseline-awake/Recording,sink,12,4,32,325,329,325,329,539,20,20,0,0,0,118.996289424861,118.996289424861,valid,valid,0.0357660705654904,0.0357660705654904,0,1,0,Awake_immobile,22912f81ab9c01a96ddb7d403cb1b0204eadac78797e11f39e25cd71d88e078d,M401-01-baseline-awake
/Users/zcm361/Documents/Github/OxygenDynamicsV2/reference-validation/local-timing-rerun-20260909/M401-01-baseline-awake/Recording,sink,12,5,33,581,591,587,591,1224,20,20,0,0,0,147.206495098039,147.206495098039,valid,valid,0.0512527004133352,0.0512527004133352,0,1,0,Awake_immobile,22912f81ab9c01a96ddb7d403cb1b0204eadac78797e11f39e25cd71d88e078d,M401-01-baseline-awake
/Users/zcm361/Documents/Github/OxygenDynamicsV2/reference-validation/local-timing-rerun-20260909/M401-01-baseline-awake/Recording,sink,13,1,34,251,254,252,254,409,20,20,0,0,0,175.757946210269,175.757946210269,valid,valid,0.0637406969465117,0.0637406969465117,0,1,0,Awake_immobile,22912f81ab9c01a96ddb7d403cb1b0204eadac78797e11f39e25cd71d88e078d,M401-01-baseline-awake
/Users/zcm361/Documents/Github/OxygenDynamicsV2/reference-validation/local-timing-rerun-20260909/M401-01-baseline-awake/Recording,sink,14,1,35,378,393,379,387,481,20,20,0,0,0,178.036174636175,178.036174636175,valid,valid,0.0897572732771726,0.0897572732771726,0,1,0,Awake_immobile,22912f81ab9c01a96ddb7d403cb1b0204eadac78797e11f39e25cd71d88e078d,M401-01-baseline-awake
/Users/zcm361/Documents/Github/OxygenDynamicsV2/reference-validation/local-timing-rerun-20260909/M401-01-baseline-awake/Recording,sink,14,2,36,431,440,433,435,592,20,20,0,0,0,179.660304054054,179.660304054054,valid,valid,0.100752264267494,0.100752264267494,0,1,0,Awake_immobile,22912f81ab9c01a96ddb7d403cb1b0204eadac78797e11f39e25cd71d88e078d,M401-01-baseline-awake
/Users/zcm361/Documents/Github/OxygenDynamicsV2/reference-validation/local-timing-rerun-20260909/M401-01-baseline-awake/Recording,sink,15,1,37,243,251,246,251,504,20,20,0,0,0,161.292162698413,161.292162698413,valid,valid,0.0678947611212769,0.0678947611212769,0,1,0,Awake_immobile,22912f81ab9c01a96ddb7d403cb1b0204eadac78797e11f39e25cd71d88e078d,M401-01-baseline-awake
/Users/zcm361/Documents/Github/OxygenDynamicsV2/reference-validation/local-timing-rerun-20260909/M401-01-baseline-awake/Recording,sink,15,2,38,497,510,505,508,272,20,20,0,0,0,159.980147058823,159.980147058823,valid,valid,0.0897767645801636,0.0897767645801636,0,1,0,Awake_immobile,22912f81ab9c01a96ddb7d403cb1b0204eadac78797e11f39e25cd71d88e078d,M401-01-baseline-awake
/Users/zcm361/Documents/Github/OxygenDynamicsV2/reference-validation/local-timing-rerun-20260909/M401-01-baseline-awake/Recording,sink,16,1,39,27,31,28,30,227,20,20,0,0,0,131.78127753304,131.78127753304,valid,valid,0.0459428334561842,0.0459428334561842,0,1,0,Awake_immobile,22912f81ab9c01a96ddb7d403cb1b0204eadac78797e11f39e25cd71d88e078d,M401-01-baseline-awake
/Users/zcm361/Documents/Github/OxygenDynamicsV2/reference-validation/local-timing-rerun-20260909/M401-01-baseline-awake/Recording,sink,17,1,40,30,37,35,37,450,20,20,0,0,0,116.105,116.105,valid,valid,0.0103211173793838,0.0103211173793838,0,1,0,Awake_immobile,22912f81ab9c01a96ddb7d403cb1b0204eadac78797e11f39e25cd71d88e078d,M401-01-baseline-awake
/Users/zcm361/Documents/Github/OxygenDynamicsV2/reference-validation/local-timing-rerun-20260909/M401-01-baseline-awake/Recording,sink,18,1,41,33,43,39,41,209,20,20,0,0,0,127.908851674641,127.908851674641,valid,valid,0.0431658309314911,0.0431658309314911,0,1,0,Awake_immobile,22912f81ab9c01a96ddb7d403cb1b0204eadac78797e11f39e25cd71d88e078d,M401-01-baseline-awake
/Users/zcm361/Documents/Github/OxygenDynamicsV2/reference-validation/local-timing-rerun-20260909/M401-01-baseline-awake/Recording,sink,19,1,42,256,287,266,269,508,20,20,0,0,0,124.510236220472,124.510236220472,valid,valid,0.0738989932206819,0.0738989932206819,0,1,0,Awake_immobile,22912f81ab9c01a96ddb7d403cb1b0204eadac78797e11f39e25cd71d88e078d,M401-01-baseline-awake
/Users/zcm361/Documents/Github/OxygenDynamicsV2/reference-validation/local-timing-rerun-20260909/M401-01-baseline-awake/Recording,sink,19,2,43,579,590,579,582,385,20,20,0,0,0,123.865064935065,123.865064935065,valid,valid,0.0629727992652248,0.0629727992652248,0,1,0,Awake_immobile,22912f81ab9c01a96ddb7d403cb1b0204eadac78797e11f39e25cd71d88e078d,M401-01-baseline-awake
/Users/zcm361/Documents/Github/OxygenDynamicsV2/reference-validation/local-timing-rerun-20260909/M401-01-baseline-awake/Recording,sink,20,1,44,56,68,56,67,524,20,18,0,2,0,NaN,NaN,insufficient_clean_prebaseline,insufficient_clean_prebaseline,NaN,NaN,NaN,1,0,Awake_immobile,22912f81ab9c01a96ddb7d403cb1b0204eadac78797e11f39e25cd71d88e078d,M401-01-baseline-awake
/Users/zcm361/Documents/Github/OxygenDynamicsV2/reference-validation/local-timing-rerun-20260909/M401-01-baseline-awake/Recording,sink,20,2,45,221,240,238,240,352,20,20,0,0,0,112.539488636364,112.539488636364,valid,valid,0.0645455256866907,0.0645455256866907,0,1,0,Awake_immobile,22912f81ab9c01a96ddb7d403cb1b0204eadac78797e11f39e25cd71d88e078d,M401-01-baseline-awake
/Users/zcm361/Documents/Github/OxygenDynamicsV2/reference-validation/local-timing-rerun-20260909/M401-01-baseline-awake/Recording,sink,21,1,46,158,180,176,180,359,20,20,0,0,0,192.121169916435,192.121169916435,valid,valid,0.0593506013353342,0.0593506013353342,0,1,0,Awake_immobile,22912f81ab9c01a96ddb7d403cb1b0204eadac78797e11f39e25cd71d88e078d,M401-01-baseline-awake
/Users/zcm361/Documents/Github/OxygenDynamicsV2/reference-validation/local-timing-rerun-20260909/M401-01-baseline-awake/Recording,sink,22,1,47,180,190,180,190,757,20,20,0,0,0,144.864200792602,144.864200792602,valid,valid,0.0905435054193698,0.0905435054193698,0,1,0,Awake_immobile,22912f81ab9c01a96ddb7d403cb1b0204eadac78797e11f39e25cd71d88e078d,M401-01-baseline-awake
/Users/zcm361/Documents/Github/OxygenDynamicsV2/reference-validation/local-timing-rerun-20260909/M401-01-baseline-awake/Recording,sink,22,2,48,334,340,336,339,404,20,20,0,0,0,153.230940594059,153.230940594059,valid,valid,0.0474482798726444,0.0474482798726444,0,1,0,Awake_immobile,22912f81ab9c01a96ddb7d403cb1b0204eadac78797e11f39e25cd71d88e078d,M401-01-baseline-awake
/Users/zcm361/Documents/Github/OxygenDynamicsV2/reference-validation/local-timing-rerun-20260909/M401-01-baseline-awake/Recording,sink,23,1,49,62,65,63,65,358,20,20,0,0,0,124.100418994413,124.100418994413,valid,valid,0.0323658867897349,0.0323658867897349,0,1,0,Awake_immobile,22912f81ab9c01a96ddb7d403cb1b0204eadac78797e11f39e25cd71d88e078d,M401-01-baseline-awake
/Users/zcm361/Documents/Github/OxygenDynamicsV2/reference-validation/local-timing-rerun-20260909/M401-01-baseline-awake/Recording,sink,24,1,50,76,78,76,78,164,20,20,0,0,0,114.039634146341,114.039634146341,valid,valid,0.0821547921400882,0.0821547921400882,0,1,0,Awake_immobile,22912f81ab9c01a96ddb7d403cb1b0204eadac78797e11f39e25cd71d88e078d,M401-01-baseline-awake
/Users/zcm361/Documents/Github/OxygenDynamicsV2/reference-validation/local-timing-rerun-20260909/M401-01-baseline-awake/Recording,sink,24,2,51,104,137,113,131,2708,20,19,0,1,0,NaN,NaN,insufficient_clean_prebaseline,insufficient_clean_prebaseline,NaN,NaN,NaN,1,0,Awake_immobile,22912f81ab9c01a96ddb7d403cb1b0204eadac78797e11f39e25cd71d88e078d,M401-01-baseline-awake
/Users/zcm361/Documents/Github/OxygenDynamicsV2/reference-validation/local-timing-rerun-20260909/M401-01-baseline-awake/Recording,sink,24,3,52,327,336,330,336,547,20,20,0,0,0,153.596983546618,153.596983546618,valid,valid,0.0816680562572939,0.0816680562572939,0,1,0,Awake_immobile,22912f81ab9c01a96ddb7d403cb1b0204eadac78797e11f39e25cd71d88e078d,M401-01-baseline-awake
/Users/zcm361/Documents/Github/OxygenDynamicsV2/reference-validation/local-timing-rerun-20260909/M401-01-baseline-awake/Recording,sink,24,4,53,456,502,464,502,1773,20,16,0,4,0,NaN,NaN,insufficient_clean_prebaseline,insufficient_clean_prebaseline,NaN,NaN,NaN,1,0,Awake_immobile,22912f81ab9c01a96ddb7d403cb1b0204eadac78797e11f39e25cd71d88e078d,M401-01-baseline-awake
/Users/zcm361/Documents/Github/OxygenDynamicsV2/reference-validation/local-timing-rerun-20260909/M401-01-baseline-awake/Recording,sink,25,1,54,329,340,334,338,447,20,20,0,0,0,127.975503355705,127.975503355705,valid,valid,0.0330923581047477,0.0330923581047477,0,1,0,Awake_immobile,22912f81ab9c01a96ddb7d403cb1b0204eadac78797e11f39e25cd71d88e078d,M401-01-baseline-awake
/Users/zcm361/Documents/Github/OxygenDynamicsV2/reference-validation/local-timing-rerun-20260909/M401-01-baseline-awake/Recording,sink,26,1,55,82,87,82,84,797,20,20,0,0,0,126.50539523212,126.50539523212,valid,valid,0.0669359125929335,0.0669359125929335,0,1,0,Awake_immobile,22912f81ab9c01a96ddb7d403cb1b0204eadac78797e11f39e25cd71d88e078d,M401-01-baseline-awake
/Users/zcm361/Documents/Github/OxygenDynamicsV2/reference-validation/local-timing-rerun-20260909/M401-01-baseline-awake/Recording,sink,26,2,56,106,109,106,109,238,20,20,0,0,0,138.938235294118,138.938235294118,valid,valid,0.0282847405140426,0.0282847405140426,0,1,0,Awake_immobile,22912f81ab9c01a96ddb7d403cb1b0204eadac78797e11f39e25cd71d88e078d,M401-01-baseline-awake
/Users/zcm361/Documents/Github/OxygenDynamicsV2/reference-validation/local-timing-rerun-20260909/M401-01-baseline-awake/Recording,sink,26,3,57,155,165,156,161,609,20,20,0,0,0,136.253119868637,136.253119868637,valid,valid,0.0791551751876849,0.0791551751876849,0,1,0,Awake_immobile,22912f81ab9c01a96ddb7d403cb1b0204eadac78797e11f39e25cd71d88e078d,M401-01-baseline-awake
/Users/zcm361/Documents/Github/OxygenDynamicsV2/reference-validation/local-timing-rerun-20260909/M401-01-baseline-awake/Recording,sink,26,4,58,342,364,348,364,1177,20,20,0,0,0,143.852676295667,143.852676295667,valid,valid,0.0869718264107173,0.0869718264107173,0,1,0,Awake_immobile,22912f81ab9c01a96ddb7d403cb1b0204eadac78797e11f39e25cd71d88e078d,M401-01-baseline-awake
/Users/zcm361/Documents/Github/OxygenDynamicsV2/reference-validation/local-timing-rerun-20260909/M401-01-baseline-awake/Recording,sink,26,5,59,452,470,457,461,989,20,20,0,0,0,147.035692618807,147.035692618807,valid,valid,0.0986141359099923,0.0986141359099923,0,1,0,Awake_immobile,22912f81ab9c01a96ddb7d403cb1b0204eadac78797e11f39e25cd71d88e078d,M401-01-baseline-awake
/Users/zcm361/Documents/Github/OxygenDynamicsV2/reference-validation/local-timing-rerun-20260909/M401-01-baseline-awake/Recording,sink,26,6,60,514,541,519,525,1457,20,20,0,0,0,142.201612903226,142.201612903226,valid,valid,0.102760660318962,0.102760660318962,0,1,0,Awake_immobile,22912f81ab9c01a96ddb7d403cb1b0204eadac78797e11f39e25cd71d88e078d,M401-01-baseline-awake
/Users/zcm361/Documents/Github/OxygenDynamicsV2/reference-validation/local-timing-rerun-20260909/M401-01-baseline-awake/Recording,sink,27,1,61,82,90,83,87,684,20,20,0,0,0,136.469298245614,136.469298245614,valid,valid,0.0585783919867161,0.0585783919867161,0,1,0,Awake_immobile,22912f81ab9c01a96ddb7d403cb1b0204eadac78797e11f39e25cd71d88e078d,M401-01-baseline-awake
/Users/zcm361/Documents/Github/OxygenDynamicsV2/reference-validation/local-timing-rerun-20260909/M401-01-baseline-awake/Recording,sink,27,2,62,155,187,167,173,1801,20,20,0,0,0,142.481510272071,142.481510272071,valid,valid,0.0616821220751243,0.0616821220751243,0,1,0,Awake_immobile,22912f81ab9c01a96ddb7d403cb1b0204eadac78797e11f39e25cd71d88e078d,M401-01-baseline-awake
/Users/zcm361/Documents/Github/OxygenDynamicsV2/reference-validation/local-timing-rerun-20260909/M401-01-baseline-awake/Recording,sink,27,3,63,342,362,342,355,1293,20,20,0,0,0,160.622931167827,160.622931167827,valid,valid,0.0926230027187752,0.0926230027187752,0,1,0,Awake_immobile,22912f81ab9c01a96ddb7d403cb1b0204eadac78797e11f39e25cd71d88e078d,M401-01-baseline-awake
/Users/zcm361/Documents/Github/OxygenDynamicsV2/reference-validation/local-timing-rerun-20260909/M401-01-baseline-awake/Recording,sink,27,4,64,472,477,472,477,492,20,20,0,0,0,160.12012195122,160.12012195122,valid,valid,0.036686126142594,0.036686126142594,0,1,0,Awake_immobile,22912f81ab9c01a96ddb7d403cb1b0204eadac78797e11f39e25cd71d88e078d,M401-01-baseline-awake
/Users/zcm361/Documents/Github/OxygenDynamicsV2/reference-validation/local-timing-rerun-20260909/M401-01-baseline-awake/Recording,sink,27,5,65,517,537,518,534,2025,20,20,0,0,0,159.17212345679,159.17212345679,valid,valid,0.0941214193005757,0.0941214193005757,0,1,0,Awake_immobile,22912f81ab9c01a96ddb7d403cb1b0204eadac78797e11f39e25cd71d88e078d,M401-01-baseline-awake
/Users/zcm361/Documents/Github/OxygenDynamicsV2/reference-validation/local-timing-rerun-20260909/M401-01-baseline-awake/Recording,sink,27,6,66,572,574,572,574,335,20,14,0,6,0,NaN,NaN,insufficient_clean_prebaseline,insufficient_clean_prebaseline,NaN,NaN,NaN,1,0,Awake_immobile,22912f81ab9c01a96ddb7d403cb1b0204eadac78797e11f39e25cd71d88e078d,M401-01-baseline-awake
/Users/zcm361/Documents/Github/OxygenDynamicsV2/reference-validation/local-timing-rerun-20260909/M401-01-baseline-awake/Recording,sink,28,1,67,83,96,91,93,594,20,20,0,0,0,124.657575757576,124.657575757576,valid,valid,0.0241010390753928,0.0241010390753928,0,1,0,Awake_immobile,22912f81ab9c01a96ddb7d403cb1b0204eadac78797e11f39e25cd71d88e078d,M401-01-baseline-awake
/Users/zcm361/Documents/Github/OxygenDynamicsV2/reference-validation/local-timing-rerun-20260909/M401-01-baseline-awake/Recording,sink,29,1,68,103,106,103,105,494,20,20,0,0,0,144.641700404858,144.641700404858,valid,valid,0.0667291786209117,0.0667291786209117,0,1,0,Awake_immobile,22912f81ab9c01a96ddb7d403cb1b0204eadac78797e11f39e25cd71d88e078d,M401-01-baseline-awake
/Users/zcm361/Documents/Github/OxygenDynamicsV2/reference-validation/local-timing-rerun-20260909/M401-01-baseline-awake/Recording,sink,30,1,69,93,98,95,97,370,20,20,0,0,0,121.307567567568,121.307567567568,valid,valid,0.0295162174325704,0.0295162174325704,0,1,0,Awake_immobile,22912f81ab9c01a96ddb7d403cb1b0204eadac78797e11f39e25cd71d88e078d,M401-01-baseline-awake
/Users/zcm361/Documents/Github/OxygenDynamicsV2/reference-validation/local-timing-rerun-20260909/M401-01-baseline-awake/Recording,sink,31,1,70,218,230,223,226,305,20,20,0,0,0,124.845245901639,124.845245901639,valid,valid,0.0378120584697645,0.0378120584697645,0,1,0,Awake_immobile,22912f81ab9c01a96ddb7d403cb1b0204eadac78797e11f39e25cd71d88e078d,M401-01-baseline-awake
/Users/zcm361/Documents/Github/OxygenDynamicsV2/reference-validation/local-timing-rerun-20260909/M401-01-baseline-awake/Recording,sink,32,1,71,106,113,108,110,227,20,20,0,0,0,109.508810572687,109.508810572687,valid,valid,0.0657923848985259,0.0657923848985259,0,1,0,Awake_immobile,22912f81ab9c01a96ddb7d403cb1b0204eadac78797e11f39e25cd71d88e078d,M401-01-baseline-awake
/Users/zcm361/Documents/Github/OxygenDynamicsV2/reference-validation/local-timing-rerun-20260909/M401-01-baseline-awake/Recording,sink,33,1,72,126,135,128,130,351,20,20,0,0,0,136.866524216524,136.866524216524,valid,valid,0.0395325576627052,0.0395325576627052,0,1,0,Awake_immobile,22912f81ab9c01a96ddb7d403cb1b0204eadac78797e11f39e25cd71d88e078d,M401-01-baseline-awake
/Users/zcm361/Documents/Github/OxygenDynamicsV2/reference-validation/local-timing-rerun-20260909/M401-01-baseline-awake/Recording,sink,34,1,73,136,142,139,141,238,20,20,0,0,0,109.80525210084,109.80525210084,valid,valid,0.048008984585008,0.048008984585008,0,1,0,Awake_immobile,22912f81ab9c01a96ddb7d403cb1b0204eadac78797e11f39e25cd71d88e078d,M401-01-baseline-awake
/Users/zcm361/Documents/Github/OxygenDynamicsV2/reference-validation/local-timing-rerun-20260909/M401-01-baseline-awake/Recording,sink,35,1,74,136,146,139,142,319,20,20,0,0,0,127.871003134796,127.871003134796,valid,valid,0.0290714706852151,0.0290714706852151,0,1,0,Awake_immobile,22912f81ab9c01a96ddb7d403cb1b0204eadac78797e11f39e25cd71d88e078d,M401-01-baseline-awake
/Users/zcm361/Documents/Github/OxygenDynamicsV2/reference-validation/local-timing-rerun-20260909/M401-01-baseline-awake/Recording,sink,36,1,75,149,156,151,156,1025,20,20,0,0,0,124.604878048781,124.604878048781,valid,valid,0.037112433448168,0.037112433448168,0,1,0,Awake_immobile,22912f81ab9c01a96ddb7d403cb1b0204eadac78797e11f39e25cd71d88e078d,M401-01-baseline-awake
/Users/zcm361/Documents/Github/OxygenDynamicsV2/reference-validation/local-timing-rerun-20260909/M401-01-baseline-awake/Recording,sink,36,2,76,488,514,488,514,1215,20,20,0,0,0,138.551316872428,138.551316872428,valid,valid,0.068509328005223,0.068509328005223,0,1,0,Awake_immobile,22912f81ab9c01a96ddb7d403cb1b0204eadac78797e11f39e25cd71d88e078d,M401-01-baseline-awake
/Users/zcm361/Documents/Github/OxygenDynamicsV2/reference-validation/local-timing-rerun-20260909/M401-01-baseline-awake/Recording,sink,37,1,77,482,512,483,492,1189,20,20,0,0,0,124.96110176619,124.96110176619,valid,valid,0.0685949370283435,0.0685949370283435,0,1,0,Awake_immobile,22912f81ab9c01a96ddb7d403cb1b0204eadac78797e11f39e25cd71d88e078d,M401-01-baseline-awake
/Users/zcm361/Documents/Github/OxygenDynamicsV2/reference-validation/local-timing-rerun-20260909/M401-01-baseline-awake/Recording,sink,37,2,78,534,557,535,557,921,20,20,0,0,0,119.59875135722,119.59875135722,valid,valid,0.0303080922501905,0.0303080922501905,0,1,0,Awake_immobile,22912f81ab9c01a96ddb7d403cb1b0204eadac78797e11f39e25cd71d88e078d,M401-01-baseline-awake
/Users/zcm361/Documents/Github/OxygenDynamicsV2/reference-validation/local-timing-rerun-20260909/M401-01-baseline-awake/Recording,sink,38,1,79,253,279,264,274,958,20,16,0,4,0,NaN,NaN,insufficient_clean_prebaseline,insufficient_clean_prebaseline,NaN,NaN,NaN,1,0,Awake_immobile,22912f81ab9c01a96ddb7d403cb1b0204eadac78797e11f39e25cd71d88e078d,M401-01-baseline-awake
/Users/zcm361/Documents/Github/OxygenDynamicsV2/reference-validation/local-timing-rerun-20260909/M401-01-baseline-awake/Recording,sink,39,1,80,204,223,219,222,364,20,20,0,0,0,117.025824175824,117.025824175824,valid,valid,0.0511627470221187,0.0511627470221187,0,1,0,Awake_immobile,22912f81ab9c01a96ddb7d403cb1b0204eadac78797e11f39e25cd71d88e078d,M401-01-baseline-awake
/Users/zcm361/Documents/Github/OxygenDynamicsV2/reference-validation/local-timing-rerun-20260909/M401-01-baseline-awake/Recording,sink,40,1,81,558,570,558,570,1717,20,20,0,0,0,155.767064647641,155.767064647641,valid,valid,0.0725926385682964,0.0725926385682964,0,1,0,Awake_immobile,22912f81ab9c01a96ddb7d403cb1b0204eadac78797e11f39e25cd71d88e078d,M401-01-baseline-awake
/Users/zcm361/Documents/Github/OxygenDynamicsV2/reference-validation/local-timing-rerun-20260909/M401-01-baseline-awake/Recording,sink,41,1,82,206,222,217,219,374,20,20,0,0,0,134.025935828877,134.025935828877,valid,valid,0.0516840662574289,0.0516840662574289,0,1,0,Awake_immobile,22912f81ab9c01a96ddb7d403cb1b0204eadac78797e11f39e25cd71d88e078d,M401-01-baseline-awake
/Users/zcm361/Documents/Github/OxygenDynamicsV2/reference-validation/local-timing-rerun-20260909/M401-01-baseline-awake/Recording,sink,42,1,83,226,235,231,233,182,20,20,0,0,0,129.380494505495,129.380494505495,valid,valid,0.0791281359819088,0.0791281359819088,0,1,0,Awake_immobile,22912f81ab9c01a96ddb7d403cb1b0204eadac78797e11f39e25cd71d88e078d,M401-01-baseline-awake
/Users/zcm361/Documents/Github/OxygenDynamicsV2/reference-validation/local-timing-rerun-20260909/M401-01-baseline-awake/Recording,sink,43,1,84,241,250,246,248,457,20,20,0,0,0,145.174835886214,145.174835886214,valid,valid,0.0728450868114956,0.0728450868114956,0,1,0,Awake_immobile,22912f81ab9c01a96ddb7d403cb1b0204eadac78797e11f39e25cd71d88e078d,M401-01-baseline-awake
/Users/zcm361/Documents/Github/OxygenDynamicsV2/reference-validation/local-timing-rerun-20260909/M401-01-baseline-awake/Recording,sink,44,1,85,325,333,327,329,1012,20,20,0,0,0,152.137796442688,152.137796442688,valid,valid,0.0621085718720903,0.0621085718720903,0,1,0,Awake_immobile,22912f81ab9c01a96ddb7d403cb1b0204eadac78797e11f39e25cd71d88e078d,M401-01-baseline-awake
/Users/zcm361/Documents/Github/OxygenDynamicsV2/reference-validation/local-timing-rerun-20260909/M401-01-baseline-awake/Recording,sink,44,2,86,440,448,442,445,1128,20,20,0,0,0,154.112234042553,154.112234042553,valid,valid,0.0765169530817668,0.0765169530817668,0,1,0,Awake_immobile,22912f81ab9c01a96ddb7d403cb1b0204eadac78797e11f39e25cd71d88e078d,M401-01-baseline-awake
/Users/zcm361/Documents/Github/OxygenDynamicsV2/reference-validation/local-timing-rerun-20260909/M401-01-baseline-awake/Recording,sink,45,1,87,370,372,370,372,270,20,20,0,0,0,138.642037037037,138.642037037037,valid,valid,-0.004184771066442,-0.004184771066442,0,1,1,Awake_immobile,22912f81ab9c01a96ddb7d403cb1b0204eadac78797e11f39e25cd71d88e078d,M401-01-baseline-awake
/Users/zcm361/Documents/Github/OxygenDynamicsV2/reference-validation/local-timing-rerun-20260909/M401-01-baseline-awake/Recording,sink,46,1,88,405,409,405,407,386,20,20,0,0,0,140.596632124352,140.596632124352,valid,valid,0.0465871756743558,0.0465871756743558,0,1,0,Awake_immobile,22912f81ab9c01a96ddb7d403cb1b0204eadac78797e11f39e25cd71d88e078d,M401-01-baseline-awake
/Users/zcm361/Documents/Github/OxygenDynamicsV2/reference-validation/local-timing-rerun-20260909/M401-01-baseline-awake/Recording,sink,46,2,89,430,442,431,433,446,20,20,0,0,0,147.418161434978,147.418161434978,valid,valid,0.112725005133197,0.112725005133197,0,1,0,Awake_immobile,22912f81ab9c01a96ddb7d403cb1b0204eadac78797e11f39e25cd71d88e078d,M401-01-baseline-awake
/Users/zcm361/Documents/Github/OxygenDynamicsV2/reference-validation/local-timing-rerun-20260909/M401-01-baseline-awake/Recording,sink,47,1,90,560,573,564,566,441,20,20,0,0,0,139.268820861678,139.268820861678,valid,valid,0.0641762818608035,0.0641762818608035,0,1,0,Awake_immobile,22912f81ab9c01a96ddb7d403cb1b0204eadac78797e11f39e25cd71d88e078d,M401-01-baseline-awake
/Users/zcm361/Documents/Github/OxygenDynamicsV2/reference-validation/local-timing-rerun-20260909/M401-01-baseline-awake/Recording,sink,48,1,91,429,450,443,446,334,20,20,0,0,0,131.70628742515,131.70628742515,valid,valid,0.0894955432951656,0.0894955432951656,0,1,0,Awake_immobile,22912f81ab9c01a96ddb7d403cb1b0204eadac78797e11f39e25cd71d88e078d,M401-01-baseline-awake
/Users/zcm361/Documents/Github/OxygenDynamicsV2/reference-validation/local-timing-rerun-20260909/M401-01-baseline-awake/Recording,sink,49,1,92,578,590,585,587,382,20,20,0,0,0,133.717670157068,133.717670157068,valid,valid,0.057109268473174,0.057109268473174,0,1,0,Awake_immobile,22912f81ab9c01a96ddb7d403cb1b0204eadac78797e11f39e25cd71d88e078d,M401-01-baseline-awake
/Users/zcm361/Documents/Github/OxygenDynamicsV2/reference-validation/local-timing-rerun-20260909/M401-01-baseline-awake/Recording,surge,1,1,1,4,16,4,16,8827,20,3,1,0,0,NaN,NaN,insufficient_clean_prebaseline,insufficient_clean_prebaseline,NaN,NaN,NaN,1,0,Awake_immobile,22912f81ab9c01a96ddb7d403cb1b0204eadac78797e11f39e25cd71d88e078d,M401-01-baseline-awake
/Users/zcm361/Documents/Github/OxygenDynamicsV2/reference-validation/local-timing-rerun-20260909/M401-03-baseline-iso/Recording,sink,1,1,1,2,12,7,12,2252,20,1,1,0,0,NaN,NaN,insufficient_clean_prebaseline,insufficient_clean_prebaseline,NaN,NaN,NaN,1,0,Anesthetized,85abeb1dc0eb650e184826035bf25a7892868b63f3cd98c8732709830d95aa25,M401-03-baseline-iso
/Users/zcm361/Documents/Github/OxygenDynamicsV2/reference-validation/local-timing-rerun-20260909/M401-03-baseline-iso/Recording,sink,1,2,2,217,221,217,221,438,20,20,0,0,0,117.50799086758,117.50799086758,valid,valid,0.0322624517909015,0.0322624517909015,0,1,0,Anesthetized,85abeb1dc0eb650e184826035bf25a7892868b63f3cd98c8732709830d95aa25,M401-03-baseline-iso
/Users/zcm361/Documents/Github/OxygenDynamicsV2/reference-validation/local-timing-rerun-20260909/M401-03-baseline-iso/Recording,sink,2,1,3,25,32,27,29,382,20,20,0,0,0,136.615052356021,136.615052356021,valid,valid,0.0198699100062373,0.0198699100062373,0,1,0,Anesthetized,85abeb1dc0eb650e184826035bf25a7892868b63f3cd98c8732709830d95aa25,M401-03-baseline-iso
/Users/zcm361/Documents/Github/OxygenDynamicsV2/reference-validation/local-timing-rerun-20260909/M401-03-baseline-iso/Recording,sink,2,2,4,241,245,243,245,440,20,20,0,0,0,123.894431818182,123.894431818182,valid,valid,0.0378905794981248,0.0378905794981248,0,1,0,Anesthetized,85abeb1dc0eb650e184826035bf25a7892868b63f3cd98c8732709830d95aa25,M401-03-baseline-iso
/Users/zcm361/Documents/Github/OxygenDynamicsV2/reference-validation/local-timing-rerun-20260909/M401-03-baseline-iso/Recording,sink,3,1,5,246,249,246,249,433,20,20,0,0,0,109.67182448037,109.67182448037,valid,valid,0.0657198991743161,0.0657198991743161,0,1,0,Anesthetized,85abeb1dc0eb650e184826035bf25a7892868b63f3cd98c8732709830d95aa25,M401-03-baseline-iso
/Users/zcm361/Documents/Github/OxygenDynamicsV2/reference-validation/local-timing-rerun-20260909/M401-03-baseline-iso/Recording,sink,3,2,6,281,285,281,283,932,20,20,0,0,0,102.336105150215,102.336105150215,valid,valid,0.0370869363501254,0.0370869363501254,0,1,0,Anesthetized,85abeb1dc0eb650e184826035bf25a7892868b63f3cd98c8732709830d95aa25,M401-03-baseline-iso
/Users/zcm361/Documents/Github/OxygenDynamicsV2/reference-validation/local-timing-rerun-20260909/M401-03-baseline-iso/Recording,sink,4,1,7,307,311,309,311,619,20,20,0,0,0,117.558723747981,117.558723747981,valid,valid,0.0613428685488365,0.0613428685488365,0,1,0,Anesthetized,85abeb1dc0eb650e184826035bf25a7892868b63f3cd98c8732709830d95aa25,M401-03-baseline-iso
/Users/zcm361/Documents/Github/OxygenDynamicsV2/reference-validation/local-timing-rerun-20260909/M401-03-baseline-iso/Recording,sink,5,1,8,12,15,12,15,513,20,11,1,0,0,NaN,NaN,insufficient_clean_prebaseline,insufficient_clean_prebaseline,NaN,NaN,NaN,1,0,Anesthetized,85abeb1dc0eb650e184826035bf25a7892868b63f3cd98c8732709830d95aa25,M401-03-baseline-iso
/Users/zcm361/Documents/Github/OxygenDynamicsV2/reference-validation/local-timing-rerun-20260909/M401-03-baseline-iso/Recording,sink,5,2,9,36,40,37,40,400,20,20,0,0,0,139.746625,139.746625,valid,valid,0.0297618994376431,0.0297618994376431,0,1,0,Anesthetized,85abeb1dc0eb650e184826035bf25a7892868b63f3cd98c8732709830d95aa25,M401-03-baseline-iso
/Users/zcm361/Documents/Github/OxygenDynamicsV2/reference-validation/local-timing-rerun-20260909/M401-03-baseline-iso/Recording,sink,5,3,10,255,259,255,258,457,20,18,0,2,0,NaN,NaN,insufficient_clean_prebaseline,insufficient_clean_prebaseline,NaN,NaN,NaN,1,0,Anesthetized,85abeb1dc0eb650e184826035bf25a7892868b63f3cd98c8732709830d95aa25,M401-03-baseline-iso
/Users/zcm361/Documents/Github/OxygenDynamicsV2/reference-validation/local-timing-rerun-20260909/M401-03-baseline-iso/Recording,sink,6,1,11,19,32,22,24,227,20,18,1,0,0,NaN,NaN,insufficient_clean_prebaseline,insufficient_clean_prebaseline,NaN,NaN,NaN,1,0,Anesthetized,85abeb1dc0eb650e184826035bf25a7892868b63f3cd98c8732709830d95aa25,M401-03-baseline-iso
/Users/zcm361/Documents/Github/OxygenDynamicsV2/reference-validation/local-timing-rerun-20260909/M401-03-baseline-iso/Recording,sink,7,1,12,9,18,14,16,227,20,8,1,0,0,NaN,NaN,insufficient_clean_prebaseline,insufficient_clean_prebaseline,NaN,NaN,NaN,1,0,Anesthetized,85abeb1dc0eb650e184826035bf25a7892868b63f3cd98c8732709830d95aa25,M401-03-baseline-iso
/Users/zcm361/Documents/Github/OxygenDynamicsV2/reference-validation/local-timing-rerun-20260909/M401-03-baseline-iso/Recording,sink,8,1,13,266,277,274,276,266,20,20,0,0,0,94.6460526315789,94.6460526315789,valid,valid,0.0635072897240807,0.0635072897240807,0,1,0,Anesthetized,85abeb1dc0eb650e184826035bf25a7892868b63f3cd98c8732709830d95aa25,M401-03-baseline-iso
/Users/zcm361/Documents/Github/OxygenDynamicsV2/reference-validation/local-timing-rerun-20260909/M401-03-baseline-iso/Recording,sink,9,1,14,20,28,22,24,407,20,19,1,0,0,NaN,NaN,insufficient_clean_prebaseline,insufficient_clean_prebaseline,NaN,NaN,NaN,1,0,Anesthetized,85abeb1dc0eb650e184826035bf25a7892868b63f3cd98c8732709830d95aa25,M401-03-baseline-iso
/Users/zcm361/Documents/Github/OxygenDynamicsV2/reference-validation/local-timing-rerun-20260909/M401-03-baseline-iso/Recording,sink,10,1,15,233,245,236,238,334,20,20,0,0,0,147.995658682635,147.995658682635,valid,valid,0.043263730628124,0.043263730628124,0,1,0,Anesthetized,85abeb1dc0eb650e184826035bf25a7892868b63f3cd98c8732709830d95aa25,M401-03-baseline-iso
/Users/zcm361/Documents/Github/OxygenDynamicsV2/reference-validation/local-timing-rerun-20260909/M401-03-baseline-iso/Recording,sink,11,1,16,235,241,236,239,405,20,20,0,0,0,115.617407407407,115.617407407407,valid,valid,0.0483085442514208,0.0483085442514208,0,1,0,Anesthetized,85abeb1dc0eb650e184826035bf25a7892868b63f3cd98c8732709830d95aa25,M401-03-baseline-iso
/Users/zcm361/Documents/Github/OxygenDynamicsV2/reference-validation/local-timing-rerun-20260909/M401-03-baseline-iso/Recording,sink,12,1,17,34,40,36,38,361,20,20,0,0,0,115.414958448753,115.414958448753,valid,valid,0.0372448685701119,0.0372448685701119,0,1,0,Anesthetized,85abeb1dc0eb650e184826035bf25a7892868b63f3cd98c8732709830d95aa25,M401-03-baseline-iso
/Users/zcm361/Documents/Github/OxygenDynamicsV2/reference-validation/local-timing-rerun-20260909/M401-03-baseline-iso/Recording,sink,13,1,18,531,557,550,554,646,20,20,0,0,0,94.5106811145511,94.5106811145511,valid,valid,0.0590281701906021,0.0590281701906021,0,1,0,Anesthetized,85abeb1dc0eb650e184826035bf25a7892868b63f3cd98c8732709830d95aa25,M401-03-baseline-iso
/Users/zcm361/Documents/Github/OxygenDynamicsV2/reference-validation/local-timing-rerun-20260909/M401-03-baseline-iso/Recording,sink,14,1,19,39,42,40,42,411,20,20,0,0,0,98.3047445255475,98.3047445255475,valid,valid,0.0191383118932266,0.0191383118932266,0,1,0,Anesthetized,85abeb1dc0eb650e184826035bf25a7892868b63f3cd98c8732709830d95aa25,M401-03-baseline-iso
/Users/zcm361/Documents/Github/OxygenDynamicsV2/reference-validation/local-timing-rerun-20260909/M401-03-baseline-iso/Recording,sink,15,1,20,45,51,47,50,353,20,20,0,0,0,118.400141643059,118.400141643059,valid,valid,0.0496049192192892,0.0496049192192892,0,1,0,Anesthetized,85abeb1dc0eb650e184826035bf25a7892868b63f3cd98c8732709830d95aa25,M401-03-baseline-iso
/Users/zcm361/Documents/Github/OxygenDynamicsV2/reference-validation/local-timing-rerun-20260909/M401-03-baseline-iso/Recording,sink,16,1,21,116,121,118,120,225,20,20,0,0,0,71.2662222222222,71.2662222222222,valid,valid,0.0367261411047152,0.0367261411047152,0,1,0,Anesthetized,85abeb1dc0eb650e184826035bf25a7892868b63f3cd98c8732709830d95aa25,M401-03-baseline-iso
/Users/zcm361/Documents/Github/OxygenDynamicsV2/reference-validation/local-timing-rerun-20260909/M401-03-baseline-iso/Recording,sink,17,1,22,57,72,60,63,1432,20,20,0,0,0,110.893819832402,110.893819832402,valid,valid,0.0488347131091666,0.0488347131091666,0,1,0,Anesthetized,85abeb1dc0eb650e184826035bf25a7892868b63f3cd98c8732709830d95aa25,M401-03-baseline-iso
/Users/zcm361/Documents/Github/OxygenDynamicsV2/reference-validation/local-timing-rerun-20260909/M401-03-baseline-iso/Recording,sink,17,2,23,141,165,142,164,2187,20,20,0,0,0,109.389711934156,109.389711934156,valid,valid,0.0700996048660044,0.0700996048660044,0,1,0,Anesthetized,85abeb1dc0eb650e184826035bf25a7892868b63f3cd98c8732709830d95aa25,M401-03-baseline-iso
/Users/zcm361/Documents/Github/OxygenDynamicsV2/reference-validation/local-timing-rerun-20260909/M401-03-baseline-iso/Recording,sink,17,3,24,279,300,288,293,1485,20,16,0,4,0,NaN,NaN,insufficient_clean_prebaseline,insufficient_clean_prebaseline,NaN,NaN,NaN,1,0,Anesthetized,85abeb1dc0eb650e184826035bf25a7892868b63f3cd98c8732709830d95aa25,M401-03-baseline-iso
/Users/zcm361/Documents/Github/OxygenDynamicsV2/reference-validation/local-timing-rerun-20260909/M401-03-baseline-iso/Recording,sink,17,4,25,361,366,361,366,789,20,20,0,0,0,92.0786438529784,92.0786438529784,valid,valid,0.0392436068523008,0.0392436068523008,0,1,0,Anesthetized,85abeb1dc0eb650e184826035bf25a7892868b63f3cd98c8732709830d95aa25,M401-03-baseline-iso
/Users/zcm361/Documents/Github/OxygenDynamicsV2/reference-validation/local-timing-rerun-20260909/M401-03-baseline-iso/Recording,sink,17,5,26,443,473,462,470,835,20,18,0,2,0,NaN,NaN,insufficient_clean_prebaseline,insufficient_clean_prebaseline,NaN,NaN,NaN,1,0,Anesthetized,85abeb1dc0eb650e184826035bf25a7892868b63f3cd98c8732709830d95aa25,M401-03-baseline-iso
/Users/zcm361/Documents/Github/OxygenDynamicsV2/reference-validation/local-timing-rerun-20260909/M401-03-baseline-iso/Recording,sink,17,6,27,559,568,563,566,1125,20,20,0,0,0,80.0998222222222,80.0998222222222,valid,valid,0.0486870271871876,0.0486870271871876,0,1,0,Anesthetized,85abeb1dc0eb650e184826035bf25a7892868b63f3cd98c8732709830d95aa25,M401-03-baseline-iso
/Users/zcm361/Documents/Github/OxygenDynamicsV2/reference-validation/local-timing-rerun-20260909/M401-03-baseline-iso/Recording,sink,18,1,28,59,79,72,74,672,20,20,0,0,0,118.223139880952,118.223139880952,valid,valid,0.0386168206182946,0.0386168206182946,0,1,0,Anesthetized,85abeb1dc0eb650e184826035bf25a7892868b63f3cd98c8732709830d95aa25,M401-03-baseline-iso
/Users/zcm361/Documents/Github/OxygenDynamicsV2/reference-validation/local-timing-rerun-20260909/M401-03-baseline-iso/Recording,sink,19,1,29,167,176,168,170,328,20,20,0,0,0,110.106859756098,110.106859756098,valid,valid,0.0328408793563903,0.0328408793563903,0,1,0,Anesthetized,85abeb1dc0eb650e184826035bf25a7892868b63f3cd98c8732709830d95aa25,M401-03-baseline-iso
/Users/zcm361/Documents/Github/OxygenDynamicsV2/reference-validation/local-timing-rerun-20260909/M401-03-baseline-iso/Recording,sink,20,1,30,93,132,93,113,1449,20,19,0,1,0,NaN,NaN,insufficient_clean_prebaseline,insufficient_clean_prebaseline,NaN,NaN,NaN,1,0,Anesthetized,85abeb1dc0eb650e184826035bf25a7892868b63f3cd98c8732709830d95aa25,M401-03-baseline-iso
/Users/zcm361/Documents/Github/OxygenDynamicsV2/reference-validation/local-timing-rerun-20260909/M401-03-baseline-iso/Recording,sink,21,1,31,125,133,130,132,437,20,20,0,0,0,129.280892448513,129.280892448513,valid,valid,0.0416624259346945,0.0416624259346945,0,1,0,Anesthetized,85abeb1dc0eb650e184826035bf25a7892868b63f3cd98c8732709830d95aa25,M401-03-baseline-iso
/Users/zcm361/Documents/Github/OxygenDynamicsV2/reference-validation/local-timing-rerun-20260909/M401-03-baseline-iso/Recording,sink,22,1,32,506,511,507,511,417,20,20,0,0,0,96.3823741007194,96.3823741007194,valid,valid,0.0426322016249727,0.0426322016249727,0,1,0,Anesthetized,85abeb1dc0eb650e184826035bf25a7892868b63f3cd98c8732709830d95aa25,M401-03-baseline-iso
/Users/zcm361/Documents/Github/OxygenDynamicsV2/reference-validation/local-timing-rerun-20260909/M401-03-baseline-iso/Recording,sink,23,1,33,214,218,215,217,294,20,20,0,0,0,103.907653061225,103.907653061225,valid,valid,0.0515518587442737,0.0515518587442737,0,1,0,Anesthetized,85abeb1dc0eb650e184826035bf25a7892868b63f3cd98c8732709830d95aa25,M401-03-baseline-iso
/Users/zcm361/Documents/Github/OxygenDynamicsV2/reference-validation/local-timing-rerun-20260909/M401-03-baseline-iso/Recording,sink,24,1,34,222,229,227,229,265,20,20,0,0,0,106.442452830189,106.442452830189,valid,valid,0.0682537290944703,0.0682537290944703,0,1,0,Anesthetized,85abeb1dc0eb650e184826035bf25a7892868b63f3cd98c8732709830d95aa25,M401-03-baseline-iso
/Users/zcm361/Documents/Github/OxygenDynamicsV2/reference-validation/local-timing-rerun-20260909/M401-03-baseline-iso/Recording,sink,25,1,35,519,522,519,521,383,20,20,0,0,0,91.8480417754569,91.8480417754569,valid,valid,0.0575590287056043,0.0575590287056043,0,1,0,Anesthetized,85abeb1dc0eb650e184826035bf25a7892868b63f3cd98c8732709830d95aa25,M401-03-baseline-iso
/Users/zcm361/Documents/Github/OxygenDynamicsV2/reference-validation/local-timing-rerun-20260909/M401-03-baseline-iso/Recording,sink,26,1,36,272,278,272,276,425,20,20,0,0,0,100.094235294118,100.094235294118,valid,valid,0.0614961665536357,0.0614961665536357,0,1,0,Anesthetized,85abeb1dc0eb650e184826035bf25a7892868b63f3cd98c8732709830d95aa25,M401-03-baseline-iso
/Users/zcm361/Documents/Github/OxygenDynamicsV2/reference-validation/local-timing-rerun-20260909/M401-03-baseline-iso/Recording,sink,27,1,37,321,325,322,324,534,20,20,0,0,0,91.7107677902622,91.7107677902622,valid,valid,0.0595535753483257,0.0595535753483257,0,1,0,Anesthetized,85abeb1dc0eb650e184826035bf25a7892868b63f3cd98c8732709830d95aa25,M401-03-baseline-iso
/Users/zcm361/Documents/Github/OxygenDynamicsV2/reference-validation/local-timing-rerun-20260909/M401-03-baseline-iso/Recording,sink,28,1,38,415,424,419,421,311,20,20,0,0,0,105.716237942122,105.716237942122,valid,valid,0.0398978032255858,0.0398978032255858,0,1,0,Anesthetized,85abeb1dc0eb650e184826035bf25a7892868b63f3cd98c8732709830d95aa25,M401-03-baseline-iso
/Users/zcm361/Documents/Github/OxygenDynamicsV2/reference-validation/local-timing-rerun-20260909/M401-03-baseline-iso/Recording,sink,29,1,39,464,471,465,470,411,20,20,0,0,0,121.637834549878,121.637834549878,valid,valid,0.0515900678392939,0.0515900678392939,0,1,0,Anesthetized,85abeb1dc0eb650e184826035bf25a7892868b63f3cd98c8732709830d95aa25,M401-03-baseline-iso
/Users/zcm361/Documents/Github/OxygenDynamicsV2/reference-validation/local-timing-rerun-20260909/M401-03-baseline-iso/Recording,sink,30,1,40,475,481,476,478,311,20,20,0,0,0,106.928778135048,106.928778135048,valid,valid,0.0505745778435327,0.0505745778435327,0,1,0,Anesthetized,85abeb1dc0eb650e184826035bf25a7892868b63f3cd98c8732709830d95aa25,M401-03-baseline-iso
/Users/zcm361/Documents/Github/OxygenDynamicsV2/reference-validation/local-timing-rerun-20260909/M401-03-baseline-iso/Recording,sink,31,1,41,486,489,486,488,462,20,20,0,0,0,69.0384199134199,69.0384199134199,valid,valid,0.0589028318819906,0.0589028318819906,0,1,0,Anesthetized,85abeb1dc0eb650e184826035bf25a7892868b63f3cd98c8732709830d95aa25,M401-03-baseline-iso
/Users/zcm361/Documents/Github/OxygenDynamicsV2/reference-validation/local-timing-rerun-20260909/M401-03-baseline-iso/Recording,sink,32,1,42,538,543,540,542,223,20,20,0,0,0,69.1237668161435,69.1237668161435,valid,valid,0.0546624628598861,0.0546624628598861,0,1,0,Anesthetized,85abeb1dc0eb650e184826035bf25a7892868b63f3cd98c8732709830d95aa25,M401-03-baseline-iso
/Users/zcm361/Documents/Github/OxygenDynamicsV2/reference-validation/local-timing-rerun-20260909/M401-03-baseline-iso/Recording,sink,33,1,43,576,582,576,578,463,20,20,0,0,0,106.885205183585,106.885205183585,valid,valid,0.038531679998222,0.038531679998222,0,1,0,Anesthetized,85abeb1dc0eb650e184826035bf25a7892868b63f3cd98c8732709830d95aa25,M401-03-baseline-iso
/Users/zcm361/Documents/Github/OxygenDynamicsV2/reference-validation/local-timing-rerun-20260909/M401-03-baseline-iso/Recording,surge,1,1,1,207,216,207,216,3666,20,20,0,0,0,104.963093289689,104.963093289689,valid,valid,0.00471758056958696,0.00471758056958696,0,1,0,Anesthetized,85abeb1dc0eb650e184826035bf25a7892868b63f3cd98c8732709830d95aa25,M401-03-baseline-iso
/Users/zcm361/Documents/Github/OxygenDynamicsV2/reference-validation/local-timing-rerun-20260909/M401-03-baseline-iso/Recording,surge,1,2,2,226,235,226,235,2438,20,10,0,10,0,NaN,NaN,insufficient_clean_prebaseline,insufficient_clean_prebaseline,NaN,NaN,NaN,1,0,Anesthetized,85abeb1dc0eb650e184826035bf25a7892868b63f3cd98c8732709830d95aa25,M401-03-baseline-iso
/Users/zcm361/Documents/Github/OxygenDynamicsV2/reference-validation/local-timing-rerun-20260909/M401-03-baseline-iso/Recording,surge,1,3,3,406,424,406,424,5192,20,20,0,0,0,83.33906009245,83.33906009245,valid,valid,-0.00378879972193019,-0.00378879972193019,0,1,1,Anesthetized,85abeb1dc0eb650e184826035bf25a7892868b63f3cd98c8732709830d95aa25,M401-03-baseline-iso
/Users/zcm361/Documents/Github/OxygenDynamicsV2/reference-validation/local-timing-rerun-20260909/FB2312-baseline-awake/Recording,sink,1,1,1,1,22,1,15,1184,20,0,1,0,0,NaN,NaN,insufficient_clean_prebaseline,insufficient_clean_prebaseline,NaN,NaN,NaN,1,0,Awake_immobile,d2e65164f5640b4b97649714fbbd3e5ab5bc26c3243e44683d98e840ef89b657,FB2312-baseline-awake
/Users/zcm361/Documents/Github/OxygenDynamicsV2/reference-validation/local-timing-rerun-20260909/FB2312-baseline-awake/Recording,sink,1,2,2,107,131,125,131,434,20,20,0,0,0,3364.95011520737,3364.95011520737,valid,valid,0.0799912913575351,0.0799912913575351,0,1,0,Awake_immobile,d2e65164f5640b4b97649714fbbd3e5ab5bc26c3243e44683d98e840ef89b657,FB2312-baseline-awake
/Users/zcm361/Documents/Github/OxygenDynamicsV2/reference-validation/local-timing-rerun-20260909/FB2312-baseline-awake/Recording,sink,1,3,3,298,313,306,310,825,20,20,0,0,0,4752.57327272727,4752.57327272727,valid,valid,0.137621891063825,0.137621891063825,0,1,0,Awake_immobile,d2e65164f5640b4b97649714fbbd3e5ab5bc26c3243e44683d98e840ef89b657,FB2312-baseline-awake
/Users/zcm361/Documents/Github/OxygenDynamicsV2/reference-validation/local-timing-rerun-20260909/FB2312-baseline-awake/Recording,sink,1,4,4,367,374,370,374,1038,20,13,0,7,0,NaN,NaN,insufficient_clean_prebaseline,insufficient_clean_prebaseline,NaN,NaN,NaN,1,0,Awake_immobile,d2e65164f5640b4b97649714fbbd3e5ab5bc26c3243e44683d98e840ef89b657,FB2312-baseline-awake
/Users/zcm361/Documents/Github/OxygenDynamicsV2/reference-validation/local-timing-rerun-20260909/FB2312-baseline-awake/Recording,sink,1,5,5,469,490,487,490,171,20,20,0,0,0,5963.95614035088,5963.95614035088,valid,valid,0.272876583648457,0.272876583648457,0,1,0,Awake_immobile,d2e65164f5640b4b97649714fbbd3e5ab5bc26c3243e44683d98e840ef89b657,FB2312-baseline-awake
/Users/zcm361/Documents/Github/OxygenDynamicsV2/reference-validation/local-timing-rerun-20260909/FB2312-baseline-awake/Recording,sink,1,6,6,528,552,529,540,2534,20,20,0,0,0,5610.87930149961,5610.87930149961,valid,valid,0.17590355553019,0.17590355553019,0,1,0,Awake_immobile,d2e65164f5640b4b97649714fbbd3e5ab5bc26c3243e44683d98e840ef89b657,FB2312-baseline-awake
/Users/zcm361/Documents/Github/OxygenDynamicsV2/reference-validation/local-timing-rerun-20260909/FB2312-baseline-awake/Recording,sink,1,7,7,576,594,585,594,2841,20,20,0,0,0,5813.04438577966,5813.04438577966,valid,valid,0.175020209527552,0.175020209527552,0,1,0,Awake_immobile,d2e65164f5640b4b97649714fbbd3e5ab5bc26c3243e44683d98e840ef89b657,FB2312-baseline-awake
/Users/zcm361/Documents/Github/OxygenDynamicsV2/reference-validation/local-timing-rerun-20260909/FB2312-baseline-awake/Recording,sink,1,8,8,636,653,640,646,641,20,20,0,0,0,5329.02386895476,5329.02386895476,valid,valid,0.173345400806457,0.173345400806457,0,1,0,Awake_immobile,d2e65164f5640b4b97649714fbbd3e5ab5bc26c3243e44683d98e840ef89b657,FB2312-baseline-awake
/Users/zcm361/Documents/Github/OxygenDynamicsV2/reference-validation/local-timing-rerun-20260909/FB2312-baseline-awake/Recording,sink,1,9,9,774,786,776,779,708,20,20,0,0,0,5265.85183615819,5265.85183615819,valid,valid,0.0625622699457014,0.0625622699457014,0,1,0,Awake_immobile,d2e65164f5640b4b97649714fbbd3e5ab5bc26c3243e44683d98e840ef89b657,FB2312-baseline-awake
/Users/zcm361/Documents/Github/OxygenDynamicsV2/reference-validation/local-timing-rerun-20260909/FB2312-baseline-awake/Recording,sink,1,10,10,929,935,929,932,488,20,20,0,0,0,5646.24774590164,5646.24774590164,valid,valid,0.0741188956585812,0.0741188956585812,0,1,0,Awake_immobile,d2e65164f5640b4b97649714fbbd3e5ab5bc26c3243e44683d98e840ef89b657,FB2312-baseline-awake
/Users/zcm361/Documents/Github/OxygenDynamicsV2/reference-validation/local-timing-rerun-20260909/FB2312-baseline-awake/Recording,sink,1,11,11,1097,1125,1102,1107,1021,20,20,0,0,0,5158.66674828599,5158.66674828599,valid,valid,0.0638300417291728,0.0638300417291728,0,1,0,Awake_immobile,d2e65164f5640b4b97649714fbbd3e5ab5bc26c3243e44683d98e840ef89b657,FB2312-baseline-awake
/Users/zcm361/Documents/Github/OxygenDynamicsV2/reference-validation/local-timing-rerun-20260909/FB2312-baseline-awake/Recording,sink,1,12,12,1167,1174,1172,1174,687,20,20,0,0,0,5157.4596069869,5157.4596069869,valid,valid,0.0662320564346989,0.0662320564346989,0,1,0,Awake_immobile,d2e65164f5640b4b97649714fbbd3e5ab5bc26c3243e44683d98e840ef89b657,FB2312-baseline-awake
/Users/zcm361/Documents/Github/OxygenDynamicsV2/reference-validation/local-timing-rerun-20260909/FB2312-baseline-awake/Recording,sink,2,1,13,15,26,15,20,1397,20,14,1,0,0,NaN,NaN,insufficient_clean_prebaseline,insufficient_clean_prebaseline,NaN,NaN,NaN,1,0,Awake_immobile,d2e65164f5640b4b97649714fbbd3e5ab5bc26c3243e44683d98e840ef89b657,FB2312-baseline-awake
/Users/zcm361/Documents/Github/OxygenDynamicsV2/reference-validation/local-timing-rerun-20260909/FB2312-baseline-awake/Recording,sink,2,2,14,677,709,694,696,618,20,20,0,0,0,5662.0390776699,5662.0390776699,valid,valid,0.0809150642337091,0.0809150642337091,0,1,0,Awake_immobile,d2e65164f5640b4b97649714fbbd3e5ab5bc26c3243e44683d98e840ef89b657,FB2312-baseline-awake
/Users/zcm361/Documents/Github/OxygenDynamicsV2/reference-validation/local-timing-rerun-20260909/FB2312-baseline-awake/Recording,sink,2,3,15,1189,1195,1193,1195,663,20,20,0,0,0,4404.42775263952,4404.42775263952,valid,valid,0.0373084044453278,0.0373084044453278,0,1,0,Awake_immobile,d2e65164f5640b4b97649714fbbd3e5ab5bc26c3243e44683d98e840ef89b657,FB2312-baseline-awake
/Users/zcm361/Documents/Github/OxygenDynamicsV2/reference-validation/local-timing-rerun-20260909/FB2312-baseline-awake/Recording,sink,3,1,16,10,17,10,13,490,20,9,1,0,0,NaN,NaN,insufficient_clean_prebaseline,insufficient_clean_prebaseline,NaN,NaN,NaN,1,0,Awake_immobile,d2e65164f5640b4b97649714fbbd3e5ab5bc26c3243e44683d98e840ef89b657,FB2312-baseline-awake
/Users/zcm361/Documents/Github/OxygenDynamicsV2/reference-validation/local-timing-rerun-20260909/FB2312-baseline-awake/Recording,sink,3,2,17,320,344,320,342,1838,20,20,0,0,0,6171.70198585419,6171.70198585419,valid,valid,0.0635334458653327,0.0635334458653327,0,1,0,Awake_immobile,d2e65164f5640b4b97649714fbbd3e5ab5bc26c3243e44683d98e840ef89b657,FB2312-baseline-awake
/Users/zcm361/Documents/Github/OxygenDynamicsV2/reference-validation/local-timing-rerun-20260909/FB2312-baseline-awake/Recording,sink,4,1,18,34,37,34,36,487,20,20,0,0,0,2691.8727926078,2691.8727926078,valid,valid,-0.0123635899847745,-0.0123635899847745,0,1,1,Awake_immobile,d2e65164f5640b4b97649714fbbd3e5ab5bc26c3243e44683d98e840ef89b657,FB2312-baseline-awake
/Users/zcm361/Documents/Github/OxygenDynamicsV2/reference-validation/local-timing-rerun-20260909/FB2312-baseline-awake/Recording,sink,4,2,19,428,448,433,440,386,20,20,0,0,0,4955.22940414508,4955.22940414508,valid,valid,0.119582439350525,0.119582439350525,0,1,0,Awake_immobile,d2e65164f5640b4b97649714fbbd3e5ab5bc26c3243e44683d98e840ef89b657,FB2312-baseline-awake
/Users/zcm361/Documents/Github/OxygenDynamicsV2/reference-validation/local-timing-rerun-20260909/FB2312-baseline-awake/Recording,sink,4,3,20,482,511,489,511,3112,20,13,0,7,0,NaN,NaN,insufficient_clean_prebaseline,insufficient_clean_prebaseline,NaN,NaN,NaN,1,0,Awake_immobile,d2e65164f5640b4b97649714fbbd3e5ab5bc26c3243e44683d98e840ef89b657,FB2312-baseline-awake
/Users/zcm361/Documents/Github/OxygenDynamicsV2/reference-validation/local-timing-rerun-20260909/FB2312-baseline-awake/Recording,sink,4,4,21,541,569,551,569,2578,20,20,0,0,0,4417.31871605896,4417.31871605896,valid,valid,0.131733378958578,0.131733378958578,0,1,0,Awake_immobile,d2e65164f5640b4b97649714fbbd3e5ab5bc26c3243e44683d98e840ef89b657,FB2312-baseline-awake
/Users/zcm361/Documents/Github/OxygenDynamicsV2/reference-validation/local-timing-rerun-20260909/FB2312-baseline-awake/Recording,sink,4,5,22,855,870,860,869,1926,20,19,0,1,0,NaN,NaN,insufficient_clean_prebaseline,insufficient_clean_prebaseline,NaN,NaN,NaN,1,0,Awake_immobile,d2e65164f5640b4b97649714fbbd3e5ab5bc26c3243e44683d98e840ef89b657,FB2312-baseline-awake
/Users/zcm361/Documents/Github/OxygenDynamicsV2/reference-validation/local-timing-rerun-20260909/FB2312-baseline-awake/Recording,sink,4,6,23,890,899,890,898,2198,20,20,0,0,0,4143.14474522293,4143.14474522293,valid,valid,0.074413805107962,0.074413805107962,0,1,0,Awake_immobile,d2e65164f5640b4b97649714fbbd3e5ab5bc26c3243e44683d98e840ef89b657,FB2312-baseline-awake
/Users/zcm361/Documents/Github/OxygenDynamicsV2/reference-validation/local-timing-rerun-20260909/FB2312-baseline-awake/Recording,sink,4,7,24,944,954,945,953,1741,20,20,0,0,0,4412.17326249282,4412.17326249282,valid,valid,0.0983581902955775,0.0983581902955775,0,1,0,Awake_immobile,d2e65164f5640b4b97649714fbbd3e5ab5bc26c3243e44683d98e840ef89b657,FB2312-baseline-awake
/Users/zcm361/Documents/Github/OxygenDynamicsV2/reference-validation/local-timing-rerun-20260909/FB2312-baseline-awake/Recording,sink,4,8,25,977,987,977,987,561,20,20,0,0,0,4141.29777183601,4141.29777183601,valid,valid,0.053444134438125,0.053444134438125,0,1,0,Awake_immobile,d2e65164f5640b4b97649714fbbd3e5ab5bc26c3243e44683d98e840ef89b657,FB2312-baseline-awake
/Users/zcm361/Documents/Github/OxygenDynamicsV2/reference-validation/local-timing-rerun-20260909/FB2312-baseline-awake/Recording,sink,4,9,26,1032,1058,1038,1058,2540,20,20,0,0,0,4321.82480314961,4321.82480314961,valid,valid,0.144583684622136,0.144583684622136,0,1,0,Awake_immobile,d2e65164f5640b4b97649714fbbd3e5ab5bc26c3243e44683d98e840ef89b657,FB2312-baseline-awake
/Users/zcm361/Documents/Github/OxygenDynamicsV2/reference-validation/local-timing-rerun-20260909/FB2312-baseline-awake/Recording,sink,4,10,27,1100,1120,1101,1112,1945,20,20,0,0,0,4072.295218509,4072.295218509,valid,valid,0.0734420570566359,0.0734420570566359,0,1,0,Awake_immobile,d2e65164f5640b4b97649714fbbd3e5ab5bc26c3243e44683d98e840ef89b657,FB2312-baseline-awake
/Users/zcm361/Documents/Github/OxygenDynamicsV2/reference-validation/local-timing-rerun-20260909/FB2312-baseline-awake/Recording,sink,5,1,28,205,216,210,215,733,20,20,0,0,0,6205.15252387449,6205.15252387449,valid,valid,0.109468459165476,0.109468459165476,0,1,0,Awake_immobile,d2e65164f5640b4b97649714fbbd3e5ab5bc26c3243e44683d98e840ef89b657,FB2312-baseline-awake
/Users/zcm361/Documents/Github/OxygenDynamicsV2/reference-validation/local-timing-rerun-20260909/FB2312-baseline-awake/Recording,sink,5,2,29,238,250,238,250,2255,20,20,0,0,0,6062.8289578714,6062.8289578714,valid,valid,0.11163510103693,0.11163510103693,0,1,0,Awake_immobile,d2e65164f5640b4b97649714fbbd3e5ab5bc26c3243e44683d98e840ef89b657,FB2312-baseline-awake
/Users/zcm361/Documents/Github/OxygenDynamicsV2/reference-validation/local-timing-rerun-20260909/FB2312-baseline-awake/Recording,sink,5,3,30,299,309,304,308,536,20,20,0,0,0,6179.02565298508,6179.02565298508,valid,valid,0.0792941123720556,0.0792941123720556,0,1,0,Awake_immobile,d2e65164f5640b4b97649714fbbd3e5ab5bc26c3243e44683d98e840ef89b657,FB2312-baseline-awake
/Users/zcm361/Documents/Github/OxygenDynamicsV2/reference-validation/local-timing-rerun-20260909/FB2312-baseline-awake/Recording,sink,5,4,31,408,412,408,410,424,20,20,0,0,0,6505.67712264151,6505.67712264151,valid,valid,0.0593846716824358,0.0593846716824358,0,1,0,Awake_immobile,d2e65164f5640b4b97649714fbbd3e5ab5bc26c3243e44683d98e840ef89b657,FB2312-baseline-awake
/Users/zcm361/Documents/Github/OxygenDynamicsV2/reference-validation/local-timing-rerun-20260909/FB2312-baseline-awake/Recording,sink,5,5,32,1050,1058,1051,1058,1525,20,20,0,0,0,6177.48026229508,6177.48026229508,valid,valid,0.101444449089084,0.101444449089084,0,1,0,Awake_immobile,d2e65164f5640b4b97649714fbbd3e5ab5bc26c3243e44683d98e840ef89b657,FB2312-baseline-awake
/Users/zcm361/Documents/Github/OxygenDynamicsV2/reference-validation/local-timing-rerun-20260909/FB2312-baseline-awake/Recording,sink,5,6,33,1139,1143,1140,1142,525,20,20,0,0,0,6827.31476190476,6827.31476190476,valid,valid,0.054793974986052,0.054793974986052,0,1,0,Awake_immobile,d2e65164f5640b4b97649714fbbd3e5ab5bc26c3243e44683d98e840ef89b657,FB2312-baseline-awake
/Users/zcm361/Documents/Github/OxygenDynamicsV2/reference-validation/local-timing-rerun-20260909/FB2312-baseline-awake/Recording,sink,5,7,34,1179,1184,1180,1183,352,20,20,0,0,0,6770.22670454545,6770.22670454545,valid,valid,0.104170507919912,0.104170507919912,0,1,0,Awake_immobile,d2e65164f5640b4b97649714fbbd3e5ab5bc26c3243e44683d98e840ef89b657,FB2312-baseline-awake
/Users/zcm361/Documents/Github/OxygenDynamicsV2/reference-validation/local-timing-rerun-20260909/FB2312-baseline-awake/Recording,sink,6,1,35,29,35,30,32,262,20,20,0,0,0,5538.7498091603,5538.7498091603,valid,valid,0.0337714001034142,0.0337714001034142,0,1,0,Awake_immobile,d2e65164f5640b4b97649714fbbd3e5ab5bc26c3243e44683d98e840ef89b657,FB2312-baseline-awake
/Users/zcm361/Documents/Github/OxygenDynamicsV2/reference-validation/local-timing-rerun-20260909/FB2312-baseline-awake/Recording,sink,6,2,36,67,79,68,73,1172,20,20,0,0,0,5415.7340443686,5415.7340443686,valid,valid,0.0771091493101339,0.0771091493101339,0,1,0,Awake_immobile,d2e65164f5640b4b97649714fbbd3e5ab5bc26c3243e44683d98e840ef89b657,FB2312-baseline-awake
/Users/zcm361/Documents/Github/OxygenDynamicsV2/reference-validation/local-timing-rerun-20260909/FB2312-baseline-awake/Recording,sink,6,3,37,204,217,206,209,612,20,20,0,0,0,6791.18227124183,6791.18227124183,valid,valid,0.0830976023780165,0.0830976023780165,0,1,0,Awake_immobile,d2e65164f5640b4b97649714fbbd3e5ab5bc26c3243e44683d98e840ef89b657,FB2312-baseline-awake
/Users/zcm361/Documents/Github/OxygenDynamicsV2/reference-validation/local-timing-rerun-20260909/FB2312-baseline-awake/Recording,sink,7,1,38,507,526,522,524,199,20,20,0,0,0,6992.80025125628,6992.80025125628,valid,valid,0.0941422342326611,0.0941422342326611,0,1,0,Awake_immobile,d2e65164f5640b4b97649714fbbd3e5ab5bc26c3243e44683d98e840ef89b657,FB2312-baseline-awake
/Users/zcm361/Documents/Github/OxygenDynamicsV2/reference-validation/local-timing-rerun-20260909/FB2312-baseline-awake/Recording,sink,7,2,39,894,906,899,902,292,20,20,0,0,0,8459.84606164384,8459.84606164384,valid,valid,0.064157248400335,0.064157248400335,0,1,0,Awake_immobile,d2e65164f5640b4b97649714fbbd3e5ab5bc26c3243e44683d98e840ef89b657,FB2312-baseline-awake
/Users/zcm361/Documents/Github/OxygenDynamicsV2/reference-validation/local-timing-rerun-20260909/FB2312-baseline-awake/Recording,sink,7,3,40,1010,1017,1011,1014,376,20,20,0,0,0,7224.45093085106,7224.45093085106,valid,valid,0.0761865120759102,0.0761865120759102,0,1,0,Awake_immobile,d2e65164f5640b4b97649714fbbd3e5ab5bc26c3243e44683d98e840ef89b657,FB2312-baseline-awake
/Users/zcm361/Documents/Github/OxygenDynamicsV2/reference-validation/local-timing-rerun-20260909/FB2312-baseline-awake/Recording,sink,8,1,41,27,36,32,34,2062,20,20,0,0,0,3293.21042677013,3293.21042677013,valid,valid,0.00350438847089196,0.00350438847089196,0,1,0,Awake_immobile,d2e65164f5640b4b97649714fbbd3e5ab5bc26c3243e44683d98e840ef89b657,FB2312-baseline-awake
/Users/zcm361/Documents/Github/OxygenDynamicsV2/reference-validation/local-timing-rerun-20260909/FB2312-baseline-awake/Recording,sink,9,1,42,42,53,47,51,783,20,20,0,0,0,3123.64463601533,3123.64463601533,valid,valid,0.0114688822891768,0.0114688822891768,0,1,0,Awake_immobile,d2e65164f5640b4b97649714fbbd3e5ab5bc26c3243e44683d98e840ef89b657,FB2312-baseline-awake
/Users/zcm361/Documents/Github/OxygenDynamicsV2/reference-validation/local-timing-rerun-20260909/FB2312-baseline-awake/Recording,sink,9,2,43,209,233,209,217,973,20,20,0,0,0,4295.94964028777,4295.94964028777,valid,valid,0.0652628410948527,0.0652628410948527,0,1,0,Awake_immobile,d2e65164f5640b4b97649714fbbd3e5ab5bc26c3243e44683d98e840ef89b657,FB2312-baseline-awake
/Users/zcm361/Documents/Github/OxygenDynamicsV2/reference-validation/local-timing-rerun-20260909/FB2312-baseline-awake/Recording,sink,10,1,44,48,50,48,50,288,20,20,0,0,0,3357.37309027778,3357.37309027778,valid,valid,0.0251689521026717,0.0251689521026717,0,1,0,Awake_immobile,d2e65164f5640b4b97649714fbbd3e5ab5bc26c3243e44683d98e840ef89b657,FB2312-baseline-awake
/Users/zcm361/Documents/Github/OxygenDynamicsV2/reference-validation/local-timing-rerun-20260909/FB2312-baseline-awake/Recording,sink,10,2,45,71,127,74,118,1503,20,20,0,0,0,3222.42332002661,3222.42332002661,valid,valid,0.0644851867339064,0.0644851867339064,0,1,0,Awake_immobile,d2e65164f5640b4b97649714fbbd3e5ab5bc26c3243e44683d98e840ef89b657,FB2312-baseline-awake
/Users/zcm361/Documents/Github/OxygenDynamicsV2/reference-validation/local-timing-rerun-20260909/FB2312-baseline-awake/Recording,sink,10,3,46,272,289,279,283,476,20,20,0,0,0,4459.96113445378,4459.96113445378,valid,valid,0.235365176101178,0.235365176101178,0,1,0,Awake_immobile,d2e65164f5640b4b97649714fbbd3e5ab5bc26c3243e44683d98e840ef89b657,FB2312-baseline-awake
/Users/zcm361/Documents/Github/OxygenDynamicsV2/reference-validation/local-timing-rerun-20260909/FB2312-baseline-awake/Recording,sink,10,4,47,636,654,646,654,632,20,20,0,0,0,4236.33393987342,4236.33393987342,valid,valid,0.169125009027072,0.169125009027072,0,1,0,Awake_immobile,d2e65164f5640b4b97649714fbbd3e5ab5bc26c3243e44683d98e840ef89b657,FB2312-baseline-awake
/Users/zcm361/Documents/Github/OxygenDynamicsV2/reference-validation/local-timing-rerun-20260909/FB2312-baseline-awake/Recording,sink,10,5,48,1120,1125,1120,1122,640,20,17,0,3,0,NaN,NaN,insufficient_clean_prebaseline,insufficient_clean_prebaseline,NaN,NaN,NaN,1,0,Awake_immobile,d2e65164f5640b4b97649714fbbd3e5ab5bc26c3243e44683d98e840ef89b657,FB2312-baseline-awake
/Users/zcm361/Documents/Github/OxygenDynamicsV2/reference-validation/local-timing-rerun-20260909/FB2312-baseline-awake/Recording,sink,11,1,49,42,52,48,50,315,20,20,0,0,0,2453.90619047619,2453.90619047619,valid,valid,-0.0103179194247408,-0.0103179194247408,0,1,1,Awake_immobile,d2e65164f5640b4b97649714fbbd3e5ab5bc26c3243e44683d98e840ef89b657,FB2312-baseline-awake
/Users/zcm361/Documents/Github/OxygenDynamicsV2/reference-validation/local-timing-rerun-20260909/FB2312-baseline-awake/Recording,sink,11,2,50,361,374,371,374,1002,20,17,0,3,0,NaN,NaN,insufficient_clean_prebaseline,insufficient_clean_prebaseline,NaN,NaN,NaN,1,0,Awake_immobile,d2e65164f5640b4b97649714fbbd3e5ab5bc26c3243e44683d98e840ef89b657,FB2312-baseline-awake
/Users/zcm361/Documents/Github/OxygenDynamicsV2/reference-validation/local-timing-rerun-20260909/FB2312-baseline-awake/Recording,sink,12,1,51,36,56,51,53,317,20,11,0,9,0,NaN,NaN,insufficient_clean_prebaseline,insufficient_clean_prebaseline,NaN,NaN,NaN,1,0,Awake_immobile,d2e65164f5640b4b97649714fbbd3e5ab5bc26c3243e44683d98e840ef89b657,FB2312-baseline-awake
/Users/zcm361/Documents/Github/OxygenDynamicsV2/reference-validation/local-timing-rerun-20260909/FB2312-baseline-awake/Recording,sink,13,1,52,246,250,247,249,637,20,20,0,0,0,3132.64874411303,3132.64874411303,valid,valid,0.0959842214766269,0.0959842214766269,0,1,0,Awake_immobile,d2e65164f5640b4b97649714fbbd3e5ab5bc26c3243e44683d98e840ef89b657,FB2312-baseline-awake
/Users/zcm361/Documents/Github/OxygenDynamicsV2/reference-validation/local-timing-rerun-20260909/FB2312-baseline-awake/Recording,sink,13,2,53,361,390,373,375,762,20,20,0,0,0,3701.83471128609,3701.83471128609,valid,valid,0.106554614925376,0.106554614925376,0,1,0,Awake_immobile,d2e65164f5640b4b97649714fbbd3e5ab5bc26c3243e44683d98e840ef89b657,FB2312-baseline-awake
/Users/zcm361/Documents/Github/OxygenDynamicsV2/reference-validation/local-timing-rerun-20260909/FB2312-baseline-awake/Recording,sink,13,3,54,515,522,517,520,417,20,20,0,0,0,4077.86318944844,4077.86318944844,valid,valid,0.077119285241874,0.077119285241874,0,1,0,Awake_immobile,d2e65164f5640b4b97649714fbbd3e5ab5bc26c3243e44683d98e840ef89b657,FB2312-baseline-awake
/Users/zcm361/Documents/Github/OxygenDynamicsV2/reference-validation/local-timing-rerun-20260909/FB2312-baseline-awake/Recording,sink,13,4,55,719,734,728,730,477,20,20,0,0,0,4119.37243186583,4119.37243186583,valid,valid,0.143852512797269,0.143852512797269,0,1,0,Awake_immobile,d2e65164f5640b4b97649714fbbd3e5ab5bc26c3243e44683d98e840ef89b657,FB2312-baseline-awake
/Users/zcm361/Documents/Github/OxygenDynamicsV2/reference-validation/local-timing-rerun-20260909/FB2312-baseline-awake/Recording,sink,13,5,56,765,772,768,772,428,20,20,0,0,0,4021.17348130841,4021.17348130841,valid,valid,0.202584334180823,0.202584334180823,0,1,0,Awake_immobile,d2e65164f5640b4b97649714fbbd3e5ab5bc26c3243e44683d98e840ef89b657,FB2312-baseline-awake
/Users/zcm361/Documents/Github/OxygenDynamicsV2/reference-validation/local-timing-rerun-20260909/FB2312-baseline-awake/Recording,sink,13,6,57,797,806,800,804,461,20,20,0,0,0,3495.30151843818,3495.30151843818,valid,valid,0.0436197585354743,0.0436197585354743,0,1,0,Awake_immobile,d2e65164f5640b4b97649714fbbd3e5ab5bc26c3243e44683d98e840ef89b657,FB2312-baseline-awake
/Users/zcm361/Documents/Github/OxygenDynamicsV2/reference-validation/local-timing-rerun-20260909/FB2312-baseline-awake/Recording,sink,14,1,58,694,723,713,722,1730,20,14,0,6,0,NaN,NaN,insufficient_clean_prebaseline,insufficient_clean_prebaseline,NaN,NaN,NaN,1,0,Awake_immobile,d2e65164f5640b4b97649714fbbd3e5ab5bc26c3243e44683d98e840ef89b657,FB2312-baseline-awake
/Users/zcm361/Documents/Github/OxygenDynamicsV2/reference-validation/local-timing-rerun-20260909/FB2312-baseline-awake/Recording,sink,14,2,59,1131,1135,1133,1135,1058,20,20,0,0,0,5060.26332703214,5060.26332703214,valid,valid,0.0564854754564393,0.0564854754564393,0,1,0,Awake_immobile,d2e65164f5640b4b97649714fbbd3e5ab5bc26c3243e44683d98e840ef89b657,FB2312-baseline-awake
/Users/zcm361/Documents/Github/OxygenDynamicsV2/reference-validation/local-timing-rerun-20260909/FB2312-baseline-awake/Recording,sink,14,3,60,1179,1185,1182,1184,255,20,20,0,0,0,4576.76588235294,4576.76588235294,valid,valid,0.0973564430675551,0.0973564430675551,0,1,0,Awake_immobile,d2e65164f5640b4b97649714fbbd3e5ab5bc26c3243e44683d98e840ef89b657,FB2312-baseline-awake
/Users/zcm361/Documents/Github/OxygenDynamicsV2/reference-validation/local-timing-rerun-20260909/FB2312-baseline-awake/Recording,sink,15,1,61,67,104,67,85,2272,20,20,0,0,0,5159.21241197183,5159.21241197183,valid,valid,0.111547658329565,0.111547658329565,0,1,0,Awake_immobile,d2e65164f5640b4b97649714fbbd3e5ab5bc26c3243e44683d98e840ef89b657,FB2312-baseline-awake
/Users/zcm361/Documents/Github/OxygenDynamicsV2/reference-validation/local-timing-rerun-20260909/FB2312-baseline-awake/Recording,sink,16,1,62,67,81,68,75,604,20,20,0,0,0,3891.40447019867,3891.40447019867,valid,valid,0.123550576297744,0.123550576297744,0,1,0,Awake_immobile,d2e65164f5640b4b97649714fbbd3e5ab5bc26c3243e44683d98e840ef89b657,FB2312-baseline-awake
/Users/zcm361/Documents/Github/OxygenDynamicsV2/reference-validation/local-timing-rerun-20260909/FB2312-baseline-awake/Recording,sink,16,2,63,113,126,117,119,245,20,20,0,0,0,4384.96448979592,4384.96448979592,valid,valid,0.0920113564319931,0.0920113564319931,0,1,0,Awake_immobile,d2e65164f5640b4b97649714fbbd3e5ab5bc26c3243e44683d98e840ef89b657,FB2312-baseline-awake
/Users/zcm361/Documents/Github/OxygenDynamicsV2/reference-validation/local-timing-rerun-20260909/FB2312-baseline-awake/Recording,sink,16,3,64,279,289,280,289,643,20,20,0,0,0,5539.8433125972,5539.8433125972,valid,valid,0.123550397702154,0.123550397702154,0,1,0,Awake_immobile,d2e65164f5640b4b97649714fbbd3e5ab5bc26c3243e44683d98e840ef89b657,FB2312-baseline-awake
/Users/zcm361/Documents/Github/OxygenDynamicsV2/reference-validation/local-timing-rerun-20260909/FB2312-baseline-awake/Recording,sink,17,1,65,469,490,484,487,154,20,20,0,0,0,4624.4,4624.4,valid,valid,0.386627342037774,0.386627342037774,0,1,0,Awake_immobile,d2e65164f5640b4b97649714fbbd3e5ab5bc26c3243e44683d98e840ef89b657,FB2312-baseline-awake
/Users/zcm361/Documents/Github/OxygenDynamicsV2/reference-validation/local-timing-rerun-20260909/FB2312-baseline-awake/Recording,sink,17,2,66,529,552,541,546,394,20,7,0,13,0,NaN,NaN,insufficient_clean_prebaseline,insufficient_clean_prebaseline,NaN,NaN,NaN,1,0,Awake_immobile,d2e65164f5640b4b97649714fbbd3e5ab5bc26c3243e44683d98e840ef89b657,FB2312-baseline-awake
/Users/zcm361/Documents/Github/OxygenDynamicsV2/reference-validation/local-timing-rerun-20260909/FB2312-baseline-awake/Recording,sink,17,3,67,573,583,577,582,853,20,20,0,0,0,4827.77274325909,4827.77274325909,valid,valid,0.196474608502682,0.196474608502682,0,1,0,Awake_immobile,d2e65164f5640b4b97649714fbbd3e5ab5bc26c3243e44683d98e840ef89b657,FB2312-baseline-awake
/Users/zcm361/Documents/Github/OxygenDynamicsV2/reference-validation/local-timing-rerun-20260909/FB2312-baseline-awake/Recording,sink,17,4,68,639,651,640,650,1210,20,20,0,0,0,4708.38210743802,4708.38210743802,valid,valid,0.250023829929403,0.250023829929403,0,1,0,Awake_immobile,d2e65164f5640b4b97649714fbbd3e5ab5bc26c3243e44683d98e840ef89b657,FB2312-baseline-awake
/Users/zcm361/Documents/Github/OxygenDynamicsV2/reference-validation/local-timing-rerun-20260909/FB2312-baseline-awake/Recording,sink,17,5,69,676,690,677,682,773,20,20,0,0,0,4726.51558861578,4726.51558861578,valid,valid,0.194525460125038,0.194525460125038,0,1,0,Awake_immobile,d2e65164f5640b4b97649714fbbd3e5ab5bc26c3243e44683d98e840ef89b657,FB2312-baseline-awake
/Users/zcm361/Documents/Github/OxygenDynamicsV2/reference-validation/local-timing-rerun-20260909/FB2312-baseline-awake/Recording,sink,17,6,70,1063,1071,1065,1071,404,20,20,0,0,0,3644.78997524752,3644.78997524752,valid,valid,0.0425618719355372,0.0425618719355372,0,1,0,Awake_immobile,d2e65164f5640b4b97649714fbbd3e5ab5bc26c3243e44683d98e840ef89b657,FB2312-baseline-awake
/Users/zcm361/Documents/Github/OxygenDynamicsV2/reference-validation/local-timing-rerun-20260909/FB2312-baseline-awake/Recording,sink,17,7,71,1197,1200,1198,1200,351,20,20,0,0,0,4593.15512820513,4593.15512820513,valid,valid,0.0961262220083528,0.0961262220083528,0,1,0,Awake_immobile,d2e65164f5640b4b97649714fbbd3e5ab5bc26c3243e44683d98e840ef89b657,FB2312-baseline-awake
/Users/zcm361/Documents/Github/OxygenDynamicsV2/reference-validation/local-timing-rerun-20260909/FB2312-baseline-awake/Recording,sink,18,1,72,203,212,204,209,254,20,20,0,0,0,2929.0437007874,2929.0437007874,valid,valid,0.285979366838038,0.285979366838038,0,1,0,Awake_immobile,d2e65164f5640b4b97649714fbbd3e5ab5bc26c3243e44683d98e840ef89b657,FB2312-baseline-awake
/Users/zcm361/Documents/Github/OxygenDynamicsV2/reference-validation/local-timing-rerun-20260909/FB2312-baseline-awake/Recording,sink,18,2,73,307,321,313,321,194,20,20,0,0,0,3177.56984536082,3177.56984536082,valid,valid,0.186120236636131,0.186120236636131,0,1,0,Awake_immobile,d2e65164f5640b4b97649714fbbd3e5ab5bc26c3243e44683d98e840ef89b657,FB2312-baseline-awake
/Users/zcm361/Documents/Github/OxygenDynamicsV2/reference-validation/local-timing-rerun-20260909/FB2312-baseline-awake/Recording,sink,18,3,74,577,590,578,584,306,20,20,0,0,0,3951.87581699346,3951.87581699346,valid,valid,0.189789080059606,0.189789080059606,0,1,0,Awake_immobile,d2e65164f5640b4b97649714fbbd3e5ab5bc26c3243e44683d98e840ef89b657,FB2312-baseline-awake
/Users/zcm361/Documents/Github/OxygenDynamicsV2/reference-validation/local-timing-rerun-20260909/FB2312-baseline-awake/Recording,sink,18,4,75,685,706,703,706,1922,20,20,0,0,0,4274.73936004162,4274.73936004162,valid,valid,0.117702687035443,0.117702687035443,0,1,0,Awake_immobile,d2e65164f5640b4b97649714fbbd3e5ab5bc26c3243e44683d98e840ef89b657,FB2312-baseline-awake
/Users/zcm361/Documents/Github/OxygenDynamicsV2/reference-validation/local-timing-rerun-20260909/FB2312-baseline-awake/Recording,sink,18,5,76,726,734,726,734,2606,20,19,0,1,0,NaN,NaN,insufficient_clean_prebaseline,insufficient_clean_prebaseline,NaN,NaN,NaN,1,0,Awake_immobile,d2e65164f5640b4b97649714fbbd3e5ab5bc26c3243e44683d98e840ef89b657,FB2312-baseline-awake
/Users/zcm361/Documents/Github/OxygenDynamicsV2/reference-validation/local-timing-rerun-20260909/FB2312-baseline-awake/Recording,sink,18,6,77,797,805,799,804,944,20,20,0,0,0,3263.13490466102,3263.13490466102,valid,valid,0.11108733353031,0.11108733353031,0,1,0,Awake_immobile,d2e65164f5640b4b97649714fbbd3e5ab5bc26c3243e44683d98e840ef89b657,FB2312-baseline-awake
/Users/zcm361/Documents/Github/OxygenDynamicsV2/reference-validation/local-timing-rerun-20260909/FB2312-baseline-awake/Recording,sink,18,7,78,847,850,847,850,416,20,20,0,0,0,3304.48533653846,3304.48533653846,valid,valid,0.205776472668741,0.205776472668741,0,1,0,Awake_immobile,d2e65164f5640b4b97649714fbbd3e5ab5bc26c3243e44683d98e840ef89b657,FB2312-baseline-awake
/Users/zcm361/Documents/Github/OxygenDynamicsV2/reference-validation/local-timing-rerun-20260909/FB2312-baseline-awake/Recording,sink,18,8,79,893,900,893,900,868,20,20,0,0,0,2808.05789170507,2808.05789170507,valid,valid,0.0939664356720295,0.0939664356720295,0,1,0,Awake_immobile,d2e65164f5640b4b97649714fbbd3e5ab5bc26c3243e44683d98e840ef89b657,FB2312-baseline-awake
/Users/zcm361/Documents/Github/OxygenDynamicsV2/reference-validation/local-timing-rerun-20260909/FB2312-baseline-awake/Recording,sink,18,9,80,958,967,963,967,1122,20,20,0,0,0,3413.52018716578,3413.52018716578,valid,valid,0.0983121759202451,0.0983121759202451,0,1,0,Awake_immobile,d2e65164f5640b4b97649714fbbd3e5ab5bc26c3243e44683d98e840ef89b657,FB2312-baseline-awake
/Users/zcm361/Documents/Github/OxygenDynamicsV2/reference-validation/local-timing-rerun-20260909/FB2312-baseline-awake/Recording,sink,18,10,81,1061,1073,1062,1073,1514,20,20,0,0,0,2877.76284676354,2877.76284676354,valid,valid,0.0304613248638587,0.0304613248638587,0,1,0,Awake_immobile,d2e65164f5640b4b97649714fbbd3e5ab5bc26c3243e44683d98e840ef89b657,FB2312-baseline-awake
/Users/zcm361/Documents/Github/OxygenDynamicsV2/reference-validation/local-timing-rerun-20260909/FB2312-baseline-awake/Recording,sink,18,11,82,1095,1098,1095,1098,701,20,20,0,0,0,3474.91326676177,3474.91326676177,valid,valid,0.0459331449358931,0.0459331449358931,0,1,0,Awake_immobile,d2e65164f5640b4b97649714fbbd3e5ab5bc26c3243e44683d98e840ef89b657,FB2312-baseline-awake
/Users/zcm361/Documents/Github/OxygenDynamicsV2/reference-validation/local-timing-rerun-20260909/FB2312-baseline-awake/Recording,sink,18,12,83,1128,1131,1128,1131,1471,20,20,0,0,0,2708.38239292998,2708.38239292998,valid,valid,0.0372121900171195,0.0372121900171195,0,1,0,Awake_immobile,d2e65164f5640b4b97649714fbbd3e5ab5bc26c3243e44683d98e840ef89b657,FB2312-baseline-awake
/Users/zcm361/Documents/Github/OxygenDynamicsV2/reference-validation/local-timing-rerun-20260909/FB2312-baseline-awake/Recording,sink,18,13,84,1168,1181,1177,1179,654,20,20,0,0,0,3760.11582568807,3760.11582568807,valid,valid,0.109231031520172,0.109231031520172,0,1,0,Awake_immobile,d2e65164f5640b4b97649714fbbd3e5ab5bc26c3243e44683d98e840ef89b657,FB2312-baseline-awake
/Users/zcm361/Documents/Github/OxygenDynamicsV2/reference-validation/local-timing-rerun-20260909/FB2312-baseline-awake/Recording,sink,19,1,85,98,107,100,106,1128,20,20,0,0,0,4285.74246453901,4285.74246453901,valid,valid,0.132965097968845,0.132965097968845,0,1,0,Awake_immobile,d2e65164f5640b4b97649714fbbd3e5ab5bc26c3243e44683d98e840ef89b657,FB2312-baseline-awake
/Users/zcm361/Documents/Github/OxygenDynamicsV2/reference-validation/local-timing-rerun-20260909/FB2312-baseline-awake/Recording,sink,20,1,86,401,423,415,418,559,20,19,0,1,0,NaN,NaN,insufficient_clean_prebaseline,insufficient_clean_prebaseline,NaN,NaN,NaN,1,0,Awake_immobile,d2e65164f5640b4b97649714fbbd3e5ab5bc26c3243e44683d98e840ef89b657,FB2312-baseline-awake
/Users/zcm361/Documents/Github/OxygenDynamicsV2/reference-validation/local-timing-rerun-20260909/FB2312-baseline-awake/Recording,sink,20,2,87,540,563,546,561,784,20,11,0,9,0,NaN,NaN,insufficient_clean_prebaseline,insufficient_clean_prebaseline,NaN,NaN,NaN,1,0,Awake_immobile,d2e65164f5640b4b97649714fbbd3e5ab5bc26c3243e44683d98e840ef89b657,FB2312-baseline-awake
/Users/zcm361/Documents/Github/OxygenDynamicsV2/reference-validation/local-timing-rerun-20260909/FB2312-baseline-awake/Recording,sink,20,3,88,640,660,646,658,632,20,20,0,0,0,5901.95015822785,5901.95015822785,valid,valid,0.149662368893569,0.149662368893569,0,1,0,Awake_immobile,d2e65164f5640b4b97649714fbbd3e5ab5bc26c3243e44683d98e840ef89b657,FB2312-baseline-awake
/Users/zcm361/Documents/Github/OxygenDynamicsV2/reference-validation/local-timing-rerun-20260909/FB2312-baseline-awake/Recording,sink,20,4,89,1111,1127,1119,1127,652,20,20,0,0,0,5873.74601226994,5873.74601226994,valid,valid,0.0995180174731981,0.0995180174731981,0,1,0,Awake_immobile,d2e65164f5640b4b97649714fbbd3e5ab5bc26c3243e44683d98e840ef89b657,FB2312-baseline-awake
/Users/zcm361/Documents/Github/OxygenDynamicsV2/reference-validation/local-timing-rerun-20260909/FB2312-baseline-awake/Recording,sink,21,1,90,125,132,125,132,1102,20,20,0,0,0,2417.99019963702,2417.99019963702,valid,valid,0.027847143380615,0.027847143380615,0,1,0,Awake_immobile,d2e65164f5640b4b97649714fbbd3e5ab5bc26c3243e44683d98e840ef89b657,FB2312-baseline-awake
/Users/zcm361/Documents/Github/OxygenDynamicsV2/reference-validation/local-timing-rerun-20260909/FB2312-baseline-awake/Recording,sink,21,2,91,337,355,349,352,606,20,20,0,0,0,3133.92731023102,3133.92731023102,valid,valid,0.0883574603603029,0.0883574603603029,0,1,0,Awake_immobile,d2e65164f5640b4b97649714fbbd3e5ab5bc26c3243e44683d98e840ef89b657,FB2312-baseline-awake
/Users/zcm361/Documents/Github/OxygenDynamicsV2/reference-validation/local-timing-rerun-20260909/FB2312-baseline-awake/Recording,sink,21,3,92,675,683,675,681,465,20,20,0,0,0,3266.13064516129,3266.13064516129,valid,valid,0.174533411753048,0.174533411753048,0,1,0,Awake_immobile,d2e65164f5640b4b97649714fbbd3e5ab5bc26c3243e44683d98e840ef89b657,FB2312-baseline-awake
/Users/zcm361/Documents/Github/OxygenDynamicsV2/reference-validation/local-timing-rerun-20260909/FB2312-baseline-awake/Recording,sink,21,4,93,714,718,714,718,584,20,20,0,0,0,2785.32131849315,2785.32131849315,valid,valid,0.145462085314977,0.145462085314977,0,1,0,Awake_immobile,d2e65164f5640b4b97649714fbbd3e5ab5bc26c3243e44683d98e840ef89b657,FB2312-baseline-awake
/Users/zcm361/Documents/Github/OxygenDynamicsV2/reference-validation/local-timing-rerun-20260909/FB2312-baseline-awake/Recording,sink,21,5,94,875,884,880,882,268,20,20,0,0,0,3747.60055970149,3747.60055970149,valid,valid,0.113160913557675,0.113160913557675,0,1,0,Awake_immobile,d2e65164f5640b4b97649714fbbd3e5ab5bc26c3243e44683d98e840ef89b657,FB2312-baseline-awake
/Users/zcm361/Documents/Github/OxygenDynamicsV2/reference-validation/local-timing-rerun-20260909/FB2312-baseline-awake/Recording,sink,21,6,95,960,1002,960,983,1968,20,19,0,1,0,NaN,NaN,insufficient_clean_prebaseline,insufficient_clean_prebaseline,NaN,NaN,NaN,1,0,Awake_immobile,d2e65164f5640b4b97649714fbbd3e5ab5bc26c3243e44683d98e840ef89b657,FB2312-baseline-awake
/Users/zcm361/Documents/Github/OxygenDynamicsV2/reference-validation/local-timing-rerun-20260909/FB2312-baseline-awake/Recording,sink,21,7,96,1037,1051,1039,1050,1185,20,20,0,0,0,2815.63898734177,2815.63898734177,valid,valid,0.116983795330973,0.116983795330973,0,1,0,Awake_immobile,d2e65164f5640b4b97649714fbbd3e5ab5bc26c3243e44683d98e840ef89b657,FB2312-baseline-awake
/Users/zcm361/Documents/Github/OxygenDynamicsV2/reference-validation/local-timing-rerun-20260909/FB2312-baseline-awake/Recording,sink,21,8,97,1108,1123,1108,1118,900,20,20,0,0,0,2657.54227777778,2657.54227777778,valid,valid,0.0871448663689079,0.0871448663689079,0,1,0,Awake_immobile,d2e65164f5640b4b97649714fbbd3e5ab5bc26c3243e44683d98e840ef89b657,FB2312-baseline-awake
/Users/zcm361/Documents/Github/OxygenDynamicsV2/reference-validation/local-timing-rerun-20260909/FB2312-baseline-awake/Recording,sink,21,9,98,1157,1180,1159,1163,373,20,20,0,0,0,3343.17345844504,3343.17345844504,valid,valid,0.106341063783532,0.106341063783532,0,1,0,Awake_immobile,d2e65164f5640b4b97649714fbbd3e5ab5bc26c3243e44683d98e840ef89b657,FB2312-baseline-awake
/Users/zcm361/Documents/Github/OxygenDynamicsV2/reference-validation/local-timing-rerun-20260909/FB2312-baseline-awake/Recording,sink,22,1,99,112,118,113,118,403,20,20,0,0,0,5692.92208436724,5692.92208436724,valid,valid,0.0876712696572068,0.0876712696572068,0,1,0,Awake_immobile,d2e65164f5640b4b97649714fbbd3e5ab5bc26c3243e44683d98e840ef89b657,FB2312-baseline-awake
/Users/zcm361/Documents/Github/OxygenDynamicsV2/reference-validation/local-timing-rerun-20260909/FB2312-baseline-awake/Recording,sink,22,2,100,136,144,139,142,252,20,17,0,3,0,NaN,NaN,insufficient_clean_prebaseline,insufficient_clean_prebaseline,NaN,NaN,NaN,1,0,Awake_immobile,d2e65164f5640b4b97649714fbbd3e5ab5bc26c3243e44683d98e840ef89b657,FB2312-baseline-awake
/Users/zcm361/Documents/Github/OxygenDynamicsV2/reference-validation/local-timing-rerun-20260909/FB2312-baseline-awake/Recording,sink,23,1,101,1116,1125,1117,1120,688,20,20,0,0,0,4718.18510174419,4718.18510174419,valid,valid,0.0611030641324117,0.0611030641324117,0,1,0,Awake_immobile,d2e65164f5640b4b97649714fbbd3e5ab5bc26c3243e44683d98e840ef89b657,FB2312-baseline-awake
/Users/zcm361/Documents/Github/OxygenDynamicsV2/reference-validation/local-timing-rerun-20260909/FB2312-baseline-awake/Recording,sink,24,1,102,403,414,407,414,431,20,17,0,3,0,NaN,NaN,insufficient_clean_prebaseline,insufficient_clean_prebaseline,NaN,NaN,NaN,1,0,Awake_immobile,d2e65164f5640b4b97649714fbbd3e5ab5bc26c3243e44683d98e840ef89b657,FB2312-baseline-awake
/Users/zcm361/Documents/Github/OxygenDynamicsV2/reference-validation/local-timing-rerun-20260909/FB2312-baseline-awake/Recording,sink,24,2,103,895,906,901,903,2453,20,20,0,0,0,6653.96328984916,6653.96328984916,valid,valid,0.0588491502811304,0.0588491502811304,0,1,0,Awake_immobile,d2e65164f5640b4b97649714fbbd3e5ab5bc26c3243e44683d98e840ef89b657,FB2312-baseline-awake
/Users/zcm361/Documents/Github/OxygenDynamicsV2/reference-validation/local-timing-rerun-20260909/FB2312-baseline-awake/Recording,sink,25,1,104,107,150,125,132,315,20,20,0,0,0,4209.64587301587,4209.64587301587,valid,valid,0.0554919429372502,0.0554919429372502,0,1,0,Awake_immobile,d2e65164f5640b4b97649714fbbd3e5ab5bc26c3243e44683d98e840ef89b657,FB2312-baseline-awake
/Users/zcm361/Documents/Github/OxygenDynamicsV2/reference-validation/local-timing-rerun-20260909/FB2312-baseline-awake/Recording,sink,25,2,105,763,772,767,772,859,20,17,0,3,0,NaN,NaN,insufficient_clean_prebaseline,insufficient_clean_prebaseline,NaN,NaN,NaN,1,0,Awake_immobile,d2e65164f5640b4b97649714fbbd3e5ab5bc26c3243e44683d98e840ef89b657,FB2312-baseline-awake
/Users/zcm361/Documents/Github/OxygenDynamicsV2/reference-validation/local-timing-rerun-20260909/FB2312-baseline-awake/Recording,sink,25,3,106,796,808,797,800,424,20,20,0,0,0,6052.86391509434,6052.86391509434,valid,valid,0.0370163539066939,0.0370163539066939,0,1,0,Awake_immobile,d2e65164f5640b4b97649714fbbd3e5ab5bc26c3243e44683d98e840ef89b657,FB2312-baseline-awake
/Users/zcm361/Documents/Github/OxygenDynamicsV2/reference-validation/local-timing-rerun-20260909/FB2312-baseline-awake/Recording,sink,26,1,107,299,312,310,312,469,20,15,0,5,0,NaN,NaN,insufficient_clean_prebaseline,insufficient_clean_prebaseline,NaN,NaN,NaN,1,0,Awake_immobile,d2e65164f5640b4b97649714fbbd3e5ab5bc26c3243e44683d98e840ef89b657,FB2312-baseline-awake
/Users/zcm361/Documents/Github/OxygenDynamicsV2/reference-validation/local-timing-rerun-20260909/FB2312-baseline-awake/Recording,sink,26,2,108,332,344,332,334,285,20,19,0,1,0,NaN,NaN,insufficient_clean_prebaseline,insufficient_clean_prebaseline,NaN,NaN,NaN,1,0,Awake_immobile,d2e65164f5640b4b97649714fbbd3e5ab5bc26c3243e44683d98e840ef89b657,FB2312-baseline-awake
/Users/zcm361/Documents/Github/OxygenDynamicsV2/reference-validation/local-timing-rerun-20260909/FB2312-baseline-awake/Recording,sink,27,1,109,739,755,739,741,389,20,20,0,0,0,4134.13483290488,4134.13483290488,valid,valid,0.0512731967027664,0.0512731967027664,0,1,0,Awake_immobile,d2e65164f5640b4b97649714fbbd3e5ab5bc26c3243e44683d98e840ef89b657,FB2312-baseline-awake
/Users/zcm361/Documents/Github/OxygenDynamicsV2/reference-validation/local-timing-rerun-20260909/FB2312-baseline-awake/Recording,sink,27,2,110,989,1002,998,1000,524,20,20,0,0,0,4594.99875954199,4594.99875954199,valid,valid,0.0477408156191722,0.0477408156191722,0,1,0,Awake_immobile,d2e65164f5640b4b97649714fbbd3e5ab5bc26c3243e44683d98e840ef89b657,FB2312-baseline-awake
/Users/zcm361/Documents/Github/OxygenDynamicsV2/reference-validation/local-timing-rerun-20260909/FB2312-baseline-awake/Recording,sink,27,3,111,1022,1035,1030,1033,581,20,20,0,0,0,4035.69070567986,4035.69070567986,valid,valid,0.0919580167714385,0.0919580167714385,0,1,0,Awake_immobile,d2e65164f5640b4b97649714fbbd3e5ab5bc26c3243e44683d98e840ef89b657,FB2312-baseline-awake
/Users/zcm361/Documents/Github/OxygenDynamicsV2/reference-validation/local-timing-rerun-20260909/FB2312-baseline-awake/Recording,sink,27,4,112,1146,1163,1159,1162,627,20,20,0,0,0,3433.1966507177,3433.1966507177,valid,valid,0.0662800112402858,0.0662800112402858,0,1,0,Awake_immobile,d2e65164f5640b4b97649714fbbd3e5ab5bc26c3243e44683d98e840ef89b657,FB2312-baseline-awake
/Users/zcm361/Documents/Github/OxygenDynamicsV2/reference-validation/local-timing-rerun-20260909/FB2312-baseline-awake/Recording,sink,28,1,113,154,186,166,177,1078,20,20,0,0,0,1824.06428571429,1824.06428571429,valid,valid,0.221005020847602,0.221005020847602,0,1,0,Awake_immobile,d2e65164f5640b4b97649714fbbd3e5ab5bc26c3243e44683d98e840ef89b657,FB2312-baseline-awake
/Users/zcm361/Documents/Github/OxygenDynamicsV2/reference-validation/local-timing-rerun-20260909/FB2312-baseline-awake/Recording,sink,28,2,114,201,211,204,207,350,20,20,0,0,0,2027.31914285714,2027.31914285714,valid,valid,0.21654734183088,0.21654734183088,0,1,0,Awake_immobile,d2e65164f5640b4b97649714fbbd3e5ab5bc26c3243e44683d98e840ef89b657,FB2312-baseline-awake
/Users/zcm361/Documents/Github/OxygenDynamicsV2/reference-validation/local-timing-rerun-20260909/FB2312-baseline-awake/Recording,sink,28,3,115,400,408,401,406,418,20,20,0,0,0,2420.81913875598,2420.81913875598,valid,valid,0.3082702442449,0.3082702442449,0,1,0,Awake_immobile,d2e65164f5640b4b97649714fbbd3e5ab5bc26c3243e44683d98e840ef89b657,FB2312-baseline-awake
/Users/zcm361/Documents/Github/OxygenDynamicsV2/reference-validation/local-timing-rerun-20260909/FB2312-baseline-awake/Recording,sink,28,4,116,425,434,427,433,628,20,18,0,2,0,NaN,NaN,insufficient_clean_prebaseline,insufficient_clean_prebaseline,NaN,NaN,NaN,1,0,Awake_immobile,d2e65164f5640b4b97649714fbbd3e5ab5bc26c3243e44683d98e840ef89b657,FB2312-baseline-awake
/Users/zcm361/Documents/Github/OxygenDynamicsV2/reference-validation/local-timing-rerun-20260909/FB2312-baseline-awake/Recording,sink,28,5,117,467,478,469,476,680,20,20,0,0,0,2479.59911764706,2479.59911764706,valid,valid,0.361686430100122,0.361686430100122,0,1,0,Awake_immobile,d2e65164f5640b4b97649714fbbd3e5ab5bc26c3243e44683d98e840ef89b657,FB2312-baseline-awake
/Users/zcm361/Documents/Github/OxygenDynamicsV2/reference-validation/local-timing-rerun-20260909/FB2312-baseline-awake/Recording,sink,28,6,118,538,546,540,543,201,20,13,0,7,0,NaN,NaN,insufficient_clean_prebaseline,insufficient_clean_prebaseline,NaN,NaN,NaN,1,0,Awake_immobile,d2e65164f5640b4b97649714fbbd3e5ab5bc26c3243e44683d98e840ef89b657,FB2312-baseline-awake
/Users/zcm361/Documents/Github/OxygenDynamicsV2/reference-validation/local-timing-rerun-20260909/FB2312-baseline-awake/Recording,sink,28,7,119,564,580,574,579,813,20,20,0,0,0,1959.48382533825,1959.48382533825,valid,valid,0.243485031813139,0.243485031813139,0,1,0,Awake_immobile,d2e65164f5640b4b97649714fbbd3e5ab5bc26c3243e44683d98e840ef89b657,FB2312-baseline-awake
/Users/zcm361/Documents/Github/OxygenDynamicsV2/reference-validation/local-timing-rerun-20260909/FB2312-baseline-awake/Recording,sink,28,8,120,659,684,659,669,433,20,20,0,0,0,1824.51766743649,1824.51766743649,valid,valid,0.0993260074493414,0.0993260074493414,0,1,0,Awake_immobile,d2e65164f5640b4b97649714fbbd3e5ab5bc26c3243e44683d98e840ef89b657,FB2312-baseline-awake
/Users/zcm361/Documents/Github/OxygenDynamicsV2/reference-validation/local-timing-rerun-20260909/FB2312-baseline-awake/Recording,sink,28,9,121,707,718,711,718,1399,20,20,0,0,0,1973.57376697641,1973.57376697641,valid,valid,0.138954571912066,0.138954571912066,0,1,0,Awake_immobile,d2e65164f5640b4b97649714fbbd3e5ab5bc26c3243e44683d98e840ef89b657,FB2312-baseline-awake
/Users/zcm361/Documents/Github/OxygenDynamicsV2/reference-validation/local-timing-rerun-20260909/FB2312-baseline-awake/Recording,sink,28,10,122,936,948,936,941,1205,20,20,0,0,0,2124.5731120332,2124.5731120332,valid,valid,0.0702366530570985,0.0702366530570985,0,1,0,Awake_immobile,d2e65164f5640b4b97649714fbbd3e5ab5bc26c3243e44683d98e840ef89b657,FB2312-baseline-awake
/Users/zcm361/Documents/Github/OxygenDynamicsV2/reference-validation/local-timing-rerun-20260909/FB2312-baseline-awake/Recording,sink,28,11,123,967,1000,976,999,2318,20,14,0,6,0,NaN,NaN,insufficient_clean_prebaseline,insufficient_clean_prebaseline,NaN,NaN,NaN,1,0,Awake_immobile,d2e65164f5640b4b97649714fbbd3e5ab5bc26c3243e44683d98e840ef89b657,FB2312-baseline-awake
/Users/zcm361/Documents/Github/OxygenDynamicsV2/reference-validation/local-timing-rerun-20260909/FB2312-baseline-awake/Recording,sink,28,12,124,1093,1096,1093,1096,1224,20,20,0,0,0,1759.3516748366,1759.3516748366,valid,valid,0.0376491600243878,0.0376491600243878,0,1,0,Awake_immobile,d2e65164f5640b4b97649714fbbd3e5ab5bc26c3243e44683d98e840ef89b657,FB2312-baseline-awake
/Users/zcm361/Documents/Github/OxygenDynamicsV2/reference-validation/local-timing-rerun-20260909/FB2312-baseline-awake/Recording,sink,29,1,125,155,177,165,168,829,20,20,0,0,0,3607.08950542823,3607.08950542823,valid,valid,0.228572521637793,0.228572521637793,0,1,0,Awake_immobile,d2e65164f5640b4b97649714fbbd3e5ab5bc26c3243e44683d98e840ef89b657,FB2312-baseline-awake
/Users/zcm361/Documents/Github/OxygenDynamicsV2/reference-validation/local-timing-rerun-20260909/FB2312-baseline-awake/Recording,sink,29,2,126,322,330,323,326,1169,20,20,0,0,0,4096.78109495295,4096.78109495295,valid,valid,0.195911305191075,0.195911305191075,0,1,0,Awake_immobile,d2e65164f5640b4b97649714fbbd3e5ab5bc26c3243e44683d98e840ef89b657,FB2312-baseline-awake
/Users/zcm361/Documents/Github/OxygenDynamicsV2/reference-validation/local-timing-rerun-20260909/FB2312-baseline-awake/Recording,sink,29,3,127,398,410,400,407,1977,20,20,0,0,0,3940.98404147699,3940.98404147699,valid,valid,0.182465160661464,0.182465160661464,0,1,0,Awake_immobile,d2e65164f5640b4b97649714fbbd3e5ab5bc26c3243e44683d98e840ef89b657,FB2312-baseline-awake
/Users/zcm361/Documents/Github/OxygenDynamicsV2/reference-validation/local-timing-rerun-20260909/FB2312-baseline-awake/Recording,sink,29,4,128,467,477,470,475,1155,20,20,0,0,0,4857.67090909091,4857.67090909091,valid,valid,0.336818801107523,0.336818801107523,0,1,0,Awake_immobile,d2e65164f5640b4b97649714fbbd3e5ab5bc26c3243e44683d98e840ef89b657,FB2312-baseline-awake
/Users/zcm361/Documents/Github/OxygenDynamicsV2/reference-validation/local-timing-rerun-20260909/FB2312-baseline-awake/Recording,sink,29,5,129,528,547,539,545,1455,20,7,0,13,0,NaN,NaN,insufficient_clean_prebaseline,insufficient_clean_prebaseline,NaN,NaN,NaN,1,0,Awake_immobile,d2e65164f5640b4b97649714fbbd3e5ab5bc26c3243e44683d98e840ef89b657,FB2312-baseline-awake
/Users/zcm361/Documents/Github/OxygenDynamicsV2/reference-validation/local-timing-rerun-20260909/FB2312-baseline-awake/Recording,sink,29,6,130,572,584,574,578,1240,20,20,0,0,0,4544.07600806452,4544.07600806452,valid,valid,0.292221878565131,0.292221878565131,0,1,0,Awake_immobile,d2e65164f5640b4b97649714fbbd3e5ab5bc26c3243e44683d98e840ef89b657,FB2312-baseline-awake
/Users/zcm361/Documents/Github/OxygenDynamicsV2/reference-validation/local-timing-rerun-20260909/FB2312-baseline-awake/Recording,sink,29,7,131,636,650,640,646,950,20,20,0,0,0,4876.60268421053,4876.60268421053,valid,valid,0.28586781149012,0.28586781149012,0,1,0,Awake_immobile,d2e65164f5640b4b97649714fbbd3e5ab5bc26c3243e44683d98e840ef89b657,FB2312-baseline-awake
/Users/zcm361/Documents/Github/OxygenDynamicsV2/reference-validation/local-timing-rerun-20260909/FB2312-baseline-awake/Recording,sink,29,8,132,674,687,675,682,995,20,20,0,0,0,4567.44819095477,4567.44819095477,valid,valid,0.167966402052523,0.167966402052523,0,1,0,Awake_immobile,d2e65164f5640b4b97649714fbbd3e5ab5bc26c3243e44683d98e840ef89b657,FB2312-baseline-awake
/Users/zcm361/Documents/Github/OxygenDynamicsV2/reference-validation/local-timing-rerun-20260909/FB2312-baseline-awake/Recording,sink,29,9,133,711,719,713,715,686,20,20,0,0,0,3973.12412536443,3973.12412536443,valid,valid,0.147475999592965,0.147475999592965,0,1,0,Awake_immobile,d2e65164f5640b4b97649714fbbd3e5ab5bc26c3243e44683d98e840ef89b657,FB2312-baseline-awake
/Users/zcm361/Documents/Github/OxygenDynamicsV2/reference-validation/local-timing-rerun-20260909/FB2312-baseline-awake/Recording,sink,29,10,134,1106,1125,1107,1111,560,20,20,0,0,0,4241.47142857143,4241.47142857143,valid,valid,0.0491246299296402,0.0491246299296402,0,1,0,Awake_immobile,d2e65164f5640b4b97649714fbbd3e5ab5bc26c3243e44683d98e840ef89b657,FB2312-baseline-awake
/Users/zcm361/Documents/Github/OxygenDynamicsV2/reference-validation/local-timing-rerun-20260909/FB2312-baseline-awake/Recording,sink,30,1,135,153,174,158,162,340,20,20,0,0,0,2831.95073529412,2831.95073529412,valid,valid,0.190931837932334,0.190931837932334,0,1,0,Awake_immobile,d2e65164f5640b4b97649714fbbd3e5ab5bc26c3243e44683d98e840ef89b657,FB2312-baseline-awake
/Users/zcm361/Documents/Github/OxygenDynamicsV2/reference-validation/local-timing-rerun-20260909/FB2312-baseline-awake/Recording,sink,31,1,136,156,189,171,183,376,20,20,0,0,0,3345.6017287234,3345.6017287234,valid,valid,0.387308479992686,0.387308479992686,0,1,0,Awake_immobile,d2e65164f5640b4b97649714fbbd3e5ab5bc26c3243e44683d98e840ef89b657,FB2312-baseline-awake
/Users/zcm361/Documents/Github/OxygenDynamicsV2/reference-validation/local-timing-rerun-20260909/FB2312-baseline-awake/Recording,sink,31,2,137,201,218,203,214,994,20,17,0,3,0,NaN,NaN,insufficient_clean_prebaseline,insufficient_clean_prebaseline,NaN,NaN,NaN,1,0,Awake_immobile,d2e65164f5640b4b97649714fbbd3e5ab5bc26c3243e44683d98e840ef89b657,FB2312-baseline-awake
/Users/zcm361/Documents/Github/OxygenDynamicsV2/reference-validation/local-timing-rerun-20260909/FB2312-baseline-awake/Recording,sink,31,3,138,232,246,236,238,762,20,17,0,3,0,NaN,NaN,insufficient_clean_prebaseline,insufficient_clean_prebaseline,NaN,NaN,NaN,1,0,Awake_immobile,d2e65164f5640b4b97649714fbbd3e5ab5bc26c3243e44683d98e840ef89b657,FB2312-baseline-awake
/Users/zcm361/Documents/Github/OxygenDynamicsV2/reference-validation/local-timing-rerun-20260909/FB2312-baseline-awake/Recording,sink,31,4,139,312,332,319,325,565,20,20,0,0,0,4518.64300884956,4518.64300884956,valid,valid,0.180918635099667,0.180918635099667,0,1,0,Awake_immobile,d2e65164f5640b4b97649714fbbd3e5ab5bc26c3243e44683d98e840ef89b657,FB2312-baseline-awake
/Users/zcm361/Documents/Github/OxygenDynamicsV2/reference-validation/local-timing-rerun-20260909/FB2312-baseline-awake/Recording,sink,31,5,140,400,410,400,407,306,20,6,0,14,0,NaN,NaN,insufficient_clean_prebaseline,insufficient_clean_prebaseline,NaN,NaN,NaN,1,0,Awake_immobile,d2e65164f5640b4b97649714fbbd3e5ab5bc26c3243e44683d98e840ef89b657,FB2312-baseline-awake
/Users/zcm361/Documents/Github/OxygenDynamicsV2/reference-validation/local-timing-rerun-20260909/FB2312-baseline-awake/Recording,sink,31,6,141,571,583,574,578,378,20,20,0,0,0,3332.44338624339,3332.44338624339,valid,valid,0.298353941480884,0.298353941480884,0,1,0,Awake_immobile,d2e65164f5640b4b97649714fbbd3e5ab5bc26c3243e44683d98e840ef89b657,FB2312-baseline-awake
/Users/zcm361/Documents/Github/OxygenDynamicsV2/reference-validation/local-timing-rerun-20260909/FB2312-baseline-awake/Recording,sink,31,7,142,790,822,803,807,560,20,20,0,0,0,3945.78321428572,3945.78321428572,valid,valid,0.110397962816182,0.110397962816182,0,1,0,Awake_immobile,d2e65164f5640b4b97649714fbbd3e5ab5bc26c3243e44683d98e840ef89b657,FB2312-baseline-awake
/Users/zcm361/Documents/Github/OxygenDynamicsV2/reference-validation/local-timing-rerun-20260909/FB2312-baseline-awake/Recording,sink,31,8,143,969,992,987,992,305,20,20,0,0,0,3412.88409836066,3412.88409836066,valid,valid,0.131485014381135,0.131485014381135,0,1,0,Awake_immobile,d2e65164f5640b4b97649714fbbd3e5ab5bc26c3243e44683d98e840ef89b657,FB2312-baseline-awake
/Users/zcm361/Documents/Github/OxygenDynamicsV2/reference-validation/local-timing-rerun-20260909/FB2312-baseline-awake/Recording,sink,32,1,144,192,199,192,196,1770,20,20,0,0,0,5438.42867231638,5438.42867231638,valid,valid,-0.0271783441103312,-0.0271783441103312,0,1,1,Awake_immobile,d2e65164f5640b4b97649714fbbd3e5ab5bc26c3243e44683d98e840ef89b657,FB2312-baseline-awake
/Users/zcm361/Documents/Github/OxygenDynamicsV2/reference-validation/local-timing-rerun-20260909/FB2312-baseline-awake/Recording,sink,33,1,145,170,197,187,193,323,20,20,0,0,0,4581.48699690402,4581.48699690402,valid,valid,0.181074891322953,0.181074891322953,0,1,0,Awake_immobile,d2e65164f5640b4b97649714fbbd3e5ab5bc26c3243e44683d98e840ef89b657,FB2312-baseline-awake
/Users/zcm361/Documents/Github/OxygenDynamicsV2/reference-validation/local-timing-rerun-20260909/FB2312-baseline-awake/Recording,sink,33,2,146,225,232,225,232,342,20,20,0,0,0,4609.01637426901,4609.01637426901,valid,valid,0.0827526214191407,0.0827526214191407,0,1,0,Awake_immobile,d2e65164f5640b4b97649714fbbd3e5ab5bc26c3243e44683d98e840ef89b657,FB2312-baseline-awake
/Users/zcm361/Documents/Github/OxygenDynamicsV2/reference-validation/local-timing-rerun-20260909/FB2312-baseline-awake/Recording,sink,33,3,147,575,594,579,582,214,20,20,0,0,0,5738.34719626168,5738.34719626168,valid,valid,0.132629042701165,0.132629042701165,0,1,0,Awake_immobile,d2e65164f5640b4b97649714fbbd3e5ab5bc26c3243e44683d98e840ef89b657,FB2312-baseline-awake
/Users/zcm361/Documents/Github/OxygenDynamicsV2/reference-validation/local-timing-rerun-20260909/FB2312-baseline-awake/Recording,sink,33,4,148,714,734,719,723,253,20,20,0,0,0,5693.29505928854,5693.29505928854,valid,valid,0.174574432659901,0.174574432659901,0,1,0,Awake_immobile,d2e65164f5640b4b97649714fbbd3e5ab5bc26c3243e44683d98e840ef89b657,FB2312-baseline-awake
/Users/zcm361/Documents/Github/OxygenDynamicsV2/reference-validation/local-timing-rerun-20260909/FB2312-baseline-awake/Recording,sink,33,5,149,958,987,978,981,303,20,20,0,0,0,5373.96584158416,5373.96584158416,valid,valid,0.0994887250238616,0.0994887250238616,0,1,0,Awake_immobile,d2e65164f5640b4b97649714fbbd3e5ab5bc26c3243e44683d98e840ef89b657,FB2312-baseline-awake
/Users/zcm361/Documents/Github/OxygenDynamicsV2/reference-validation/local-timing-rerun-20260909/FB2312-baseline-awake/Recording,sink,33,6,150,1061,1070,1063,1070,595,20,20,0,0,0,4341.79848739496,4341.79848739496,valid,valid,0.0150656307433456,0.0150656307433456,0,1,0,Awake_immobile,d2e65164f5640b4b97649714fbbd3e5ab5bc26c3243e44683d98e840ef89b657,FB2312-baseline-awake
/Users/zcm361/Documents/Github/OxygenDynamicsV2/reference-validation/local-timing-rerun-20260909/FB2312-baseline-awake/Recording,sink,34,1,151,172,194,192,194,233,20,20,0,0,0,3942.17854077253,3942.17854077253,valid,valid,0.194287683897577,0.194287683897577,0,1,0,Awake_immobile,d2e65164f5640b4b97649714fbbd3e5ab5bc26c3243e44683d98e840ef89b657,FB2312-baseline-awake
/Users/zcm361/Documents/Github/OxygenDynamicsV2/reference-validation/local-timing-rerun-20260909/FB2312-baseline-awake/Recording,sink,35,1,152,225,233,227,232,492,20,20,0,0,0,3539.02947154472,3539.02947154472,valid,valid,0.119172525883692,0.119172525883692,0,1,0,Awake_immobile,d2e65164f5640b4b97649714fbbd3e5ab5bc26c3243e44683d98e840ef89b657,FB2312-baseline-awake
/Users/zcm361/Documents/Github/OxygenDynamicsV2/reference-validation/local-timing-rerun-20260909/FB2312-baseline-awake/Recording,sink,36,1,153,230,243,236,238,345,20,20,0,0,0,2903.7547826087,2903.7547826087,valid,valid,0.161636198369447,0.161636198369447,0,1,0,Awake_immobile,d2e65164f5640b4b97649714fbbd3e5ab5bc26c3243e44683d98e840ef89b657,FB2312-baseline-awake
/Users/zcm361/Documents/Github/OxygenDynamicsV2/reference-validation/local-timing-rerun-20260909/FB2312-baseline-awake/Recording,sink,37,1,154,235,246,242,244,343,20,20,0,0,0,4033.04329446064,4033.04329446064,valid,valid,0.0887781716611648,0.0887781716611648,0,1,0,Awake_immobile,d2e65164f5640b4b97649714fbbd3e5ab5bc26c3243e44683d98e840ef89b657,FB2312-baseline-awake
/Users/zcm361/Documents/Github/OxygenDynamicsV2/reference-validation/local-timing-rerun-20260909/FB2312-baseline-awake/Recording,sink,38,1,155,266,289,283,289,454,20,20,0,0,0,4396.04405286344,4396.04405286344,valid,valid,0.118053676613535,0.118053676613535,0,1,0,Awake_immobile,d2e65164f5640b4b97649714fbbd3e5ab5bc26c3243e44683d98e840ef89b657,FB2312-baseline-awake
/Users/zcm361/Documents/Github/OxygenDynamicsV2/reference-validation/local-timing-rerun-20260909/FB2312-baseline-awake/Recording,sink,39,1,156,286,289,286,289,480,20,20,0,0,0,4355.64354166667,4355.64354166667,valid,valid,0.0693974660939167,0.0693974660939167,0,1,0,Awake_immobile,d2e65164f5640b4b97649714fbbd3e5ab5bc26c3243e44683d98e840ef89b657,FB2312-baseline-awake
/Users/zcm361/Documents/Github/OxygenDynamicsV2/reference-validation/local-timing-rerun-20260909/FB2312-baseline-awake/Recording,sink,40,1,157,292,320,293,320,1617,20,20,0,0,0,5312.57186147186,5312.57186147186,valid,valid,0.164934341402543,0.164934341402543,0,1,0,Awake_immobile,d2e65164f5640b4b97649714fbbd3e5ab5bc26c3243e44683d98e840ef89b657,FB2312-baseline-awake
/Users/zcm361/Documents/Github/OxygenDynamicsV2/reference-validation/local-timing-rerun-20260909/FB2312-baseline-awake/Recording,sink,41,1,158,331,352,334,336,351,20,20,0,0,0,2666.50754985755,2666.50754985755,valid,valid,0.0906668950278711,0.0906668950278711,0,1,0,Awake_immobile,d2e65164f5640b4b97649714fbbd3e5ab5bc26c3243e44683d98e840ef89b657,FB2312-baseline-awake
/Users/zcm361/Documents/Github/OxygenDynamicsV2/reference-validation/local-timing-rerun-20260909/FB2312-baseline-awake/Recording,sink,42,1,159,433,449,433,448,657,20,20,0,0,0,3740.66537290715,3740.66537290715,valid,valid,0.00873291025007707,0.00873291025007707,0,1,0,Awake_immobile,d2e65164f5640b4b97649714fbbd3e5ab5bc26c3243e44683d98e840ef89b657,FB2312-baseline-awake
/Users/zcm361/Documents/Github/OxygenDynamicsV2/reference-validation/local-timing-rerun-20260909/FB2312-baseline-awake/Recording,sink,42,2,160,945,958,953,955,588,20,20,0,0,0,4354.24821428571,4354.24821428571,valid,valid,0.0618259878698883,0.0618259878698883,0,1,0,Awake_immobile,d2e65164f5640b4b97649714fbbd3e5ab5bc26c3243e44683d98e840ef89b657,FB2312-baseline-awake
/Users/zcm361/Documents/Github/OxygenDynamicsV2/reference-validation/local-timing-rerun-20260909/FB2312-baseline-awake/Recording,sink,42,3,161,979,986,979,981,283,20,20,0,0,0,4869.43374558304,4869.43374558304,valid,valid,0.050189588583431,0.050189588583431,0,1,0,Awake_immobile,d2e65164f5640b4b97649714fbbd3e5ab5bc26c3243e44683d98e840ef89b657,FB2312-baseline-awake
/Users/zcm361/Documents/Github/OxygenDynamicsV2/reference-validation/local-timing-rerun-20260909/FB2312-baseline-awake/Recording,sink,42,4,162,1107,1129,1112,1115,524,20,20,0,0,0,3977.7572519084,3977.7572519084,valid,valid,0.08925241159716,0.08925241159716,0,1,0,Awake_immobile,d2e65164f5640b4b97649714fbbd3e5ab5bc26c3243e44683d98e840ef89b657,FB2312-baseline-awake
/Users/zcm361/Documents/Github/OxygenDynamicsV2/reference-validation/local-timing-rerun-20260909/FB2312-baseline-awake/Recording,sink,43,1,163,751,759,751,756,347,20,20,0,0,0,3339.42204610951,3339.42204610951,valid,valid,0.0891683486447745,0.0891683486447745,0,1,0,Awake_immobile,d2e65164f5640b4b97649714fbbd3e5ab5bc26c3243e44683d98e840ef89b657,FB2312-baseline-awake
/Users/zcm361/Documents/Github/OxygenDynamicsV2/reference-validation/local-timing-rerun-20260909/FB2312-baseline-awake/Recording,sink,44,1,164,348,363,350,353,399,20,20,0,0,0,4906.8388471178,4906.8388471178,valid,valid,0.0702342855633899,0.0702342855633899,0,1,0,Awake_immobile,d2e65164f5640b4b97649714fbbd3e5ab5bc26c3243e44683d98e840ef89b657,FB2312-baseline-awake
/Users/zcm361/Documents/Github/OxygenDynamicsV2/reference-validation/local-timing-rerun-20260909/FB2312-baseline-awake/Recording,sink,45,1,165,407,412,407,410,348,20,20,0,0,0,3799.11695402299,3799.11695402299,valid,valid,0.0628334911765267,0.0628334911765267,0,1,0,Awake_immobile,d2e65164f5640b4b97649714fbbd3e5ab5bc26c3243e44683d98e840ef89b657,FB2312-baseline-awake
/Users/zcm361/Documents/Github/OxygenDynamicsV2/reference-validation/local-timing-rerun-20260909/FB2312-baseline-awake/Recording,sink,46,1,166,395,415,407,409,371,20,20,0,0,0,5675.23086253369,5675.23086253369,valid,valid,0.109587975724559,0.109587975724559,0,1,0,Awake_immobile,d2e65164f5640b4b97649714fbbd3e5ab5bc26c3243e44683d98e840ef89b657,FB2312-baseline-awake
/Users/zcm361/Documents/Github/OxygenDynamicsV2/reference-validation/local-timing-rerun-20260909/FB2312-baseline-awake/Recording,sink,47,1,167,1139,1143,1140,1142,714,20,20,0,0,0,6273.10042016807,6273.10042016807,valid,valid,0.0686452628857237,0.0686452628857237,0,1,0,Awake_immobile,d2e65164f5640b4b97649714fbbd3e5ab5bc26c3243e44683d98e840ef89b657,FB2312-baseline-awake
/Users/zcm361/Documents/Github/OxygenDynamicsV2/reference-validation/local-timing-rerun-20260909/FB2312-baseline-awake/Recording,sink,48,1,168,409,418,411,418,368,20,20,0,0,0,2819.82024456522,2819.82024456522,valid,valid,0.143955608872501,0.143955608872501,0,1,0,Awake_immobile,d2e65164f5640b4b97649714fbbd3e5ab5bc26c3243e44683d98e840ef89b657,FB2312-baseline-awake
/Users/zcm361/Documents/Github/OxygenDynamicsV2/reference-validation/local-timing-rerun-20260909/FB2312-baseline-awake/Recording,sink,48,2,169,873,886,880,886,466,20,20,0,0,0,2751.8114806867,2751.8114806867,valid,valid,0.0788783182736085,0.0788783182736085,0,1,0,Awake_immobile,d2e65164f5640b4b97649714fbbd3e5ab5bc26c3243e44683d98e840ef89b657,FB2312-baseline-awake
/Users/zcm361/Documents/Github/OxygenDynamicsV2/reference-validation/local-timing-rerun-20260909/FB2312-baseline-awake/Recording,sink,49,1,170,407,420,414,416,320,20,20,0,0,0,2235.7415625,2235.7415625,valid,valid,0.109056796451625,0.109056796451625,0,1,0,Awake_immobile,d2e65164f5640b4b97649714fbbd3e5ab5bc26c3243e44683d98e840ef89b657,FB2312-baseline-awake
/Users/zcm361/Documents/Github/OxygenDynamicsV2/reference-validation/local-timing-rerun-20260909/FB2312-baseline-awake/Recording,sink,50,1,171,413,425,416,418,133,20,20,0,0,0,4101.8045112782,4101.8045112782,valid,valid,0.146761007442168,0.146761007442168,0,1,0,Awake_immobile,d2e65164f5640b4b97649714fbbd3e5ab5bc26c3243e44683d98e840ef89b657,FB2312-baseline-awake
/Users/zcm361/Documents/Github/OxygenDynamicsV2/reference-validation/local-timing-rerun-20260909/FB2312-baseline-awake/Recording,sink,50,2,172,447,459,447,453,513,20,20,0,0,0,3886.4126705653,3886.4126705653,valid,valid,0.0265345397623359,0.0265345397623359,0,1,0,Awake_immobile,d2e65164f5640b4b97649714fbbd3e5ab5bc26c3243e44683d98e840ef89b657,FB2312-baseline-awake
/Users/zcm361/Documents/Github/OxygenDynamicsV2/reference-validation/local-timing-rerun-20260909/FB2312-baseline-awake/Recording,sink,51,1,173,416,424,418,423,341,20,20,0,0,0,7135.4560117302,7135.4560117302,valid,valid,0.0924931689483416,0.0924931689483416,0,1,0,Awake_immobile,d2e65164f5640b4b97649714fbbd3e5ab5bc26c3243e44683d98e840ef89b657,FB2312-baseline-awake
/Users/zcm361/Documents/Github/OxygenDynamicsV2/reference-validation/local-timing-rerun-20260909/FB2312-baseline-awake/Recording,sink,52,1,174,551,572,567,569,429,20,20,0,0,0,2880.59160839161,2880.59160839161,valid,valid,0.0573590409506981,0.0573590409506981,0,1,0,Awake_immobile,d2e65164f5640b4b97649714fbbd3e5ab5bc26c3243e44683d98e840ef89b657,FB2312-baseline-awake
/Users/zcm361/Documents/Github/OxygenDynamicsV2/reference-validation/local-timing-rerun-20260909/FB2312-baseline-awake/Recording,sink,52,2,175,857,870,865,869,585,20,20,0,0,0,3382.97923076923,3382.97923076923,valid,valid,0.106010766770411,0.106010766770411,0,1,0,Awake_immobile,d2e65164f5640b4b97649714fbbd3e5ab5bc26c3243e44683d98e840ef89b657,FB2312-baseline-awake
/Users/zcm361/Documents/Github/OxygenDynamicsV2/reference-validation/local-timing-rerun-20260909/FB2312-baseline-awake/Recording,sink,52,3,176,891,901,896,899,571,20,20,0,0,0,3392.27732049037,3392.27732049037,valid,valid,0.0675709871244323,0.0675709871244323,0,1,0,Awake_immobile,d2e65164f5640b4b97649714fbbd3e5ab5bc26c3243e44683d98e840ef89b657,FB2312-baseline-awake
/Users/zcm361/Documents/Github/OxygenDynamicsV2/reference-validation/local-timing-rerun-20260909/FB2312-baseline-awake/Recording,sink,52,4,177,962,983,962,968,563,20,20,0,0,0,3049.97220248668,3049.97220248668,valid,valid,0.0574185415369507,0.0574185415369507,0,1,0,Awake_immobile,d2e65164f5640b4b97649714fbbd3e5ab5bc26c3243e44683d98e840ef89b657,FB2312-baseline-awake
/Users/zcm361/Documents/Github/OxygenDynamicsV2/reference-validation/local-timing-rerun-20260909/FB2312-baseline-awake/Recording,sink,52,5,178,1078,1086,1079,1081,463,20,20,0,0,0,2953.62246220302,2953.62246220302,valid,valid,0.0795971005183664,0.0795971005183664,0,1,0,Awake_immobile,d2e65164f5640b4b97649714fbbd3e5ab5bc26c3243e44683d98e840ef89b657,FB2312-baseline-awake
/Users/zcm361/Documents/Github/OxygenDynamicsV2/reference-validation/local-timing-rerun-20260909/FB2312-baseline-awake/Recording,sink,52,6,179,1100,1124,1116,1119,897,20,18,0,2,0,NaN,NaN,insufficient_clean_prebaseline,insufficient_clean_prebaseline,NaN,NaN,NaN,1,0,Awake_immobile,d2e65164f5640b4b97649714fbbd3e5ab5bc26c3243e44683d98e840ef89b657,FB2312-baseline-awake
/Users/zcm361/Documents/Github/OxygenDynamicsV2/reference-validation/local-timing-rerun-20260909/FB2312-baseline-awake/Recording,sink,53,1,180,421,454,437,444,331,20,20,0,0,0,3037.46389728097,3037.46389728097,valid,valid,0.0863432489667924,0.0863432489667924,0,1,0,Awake_immobile,d2e65164f5640b4b97649714fbbd3e5ab5bc26c3243e44683d98e840ef89b657,FB2312-baseline-awake
/Users/zcm361/Documents/Github/OxygenDynamicsV2/reference-validation/local-timing-rerun-20260909/FB2312-baseline-awake/Recording,sink,53,2,181,553,566,555,564,454,20,20,0,0,0,3184.98887665198,3184.98887665198,valid,valid,0.106793608052421,0.106793608052421,0,1,0,Awake_immobile,d2e65164f5640b4b97649714fbbd3e5ab5bc26c3243e44683d98e840ef89b657,FB2312-baseline-awake
/Users/zcm361/Documents/Github/OxygenDynamicsV2/reference-validation/local-timing-rerun-20260909/FB2312-baseline-awake/Recording,sink,54,1,182,754,762,756,758,276,20,20,0,0,0,4148.21557971014,4148.21557971014,valid,valid,0.10433899681852,0.10433899681852,0,1,0,Awake_immobile,d2e65164f5640b4b97649714fbbd3e5ab5bc26c3243e44683d98e840ef89b657,FB2312-baseline-awake
/Users/zcm361/Documents/Github/OxygenDynamicsV2/reference-validation/local-timing-rerun-20260909/FB2312-baseline-awake/Recording,sink,55,1,183,765,787,778,780,562,20,20,0,0,0,5419.55622775801,5419.55622775801,valid,valid,0.0978197910256864,0.0978197910256864,0,1,0,Awake_immobile,d2e65164f5640b4b97649714fbbd3e5ab5bc26c3243e44683d98e840ef89b657,FB2312-baseline-awake
/Users/zcm361/Documents/Github/OxygenDynamicsV2/reference-validation/local-timing-rerun-20260909/FB2312-baseline-awake/Recording,sink,55,2,184,910,935,918,922,961,20,20,0,0,0,4952.0830905307,4952.0830905307,valid,valid,0.104866337321736,0.104866337321736,0,1,0,Awake_immobile,d2e65164f5640b4b97649714fbbd3e5ab5bc26c3243e44683d98e840ef89b657,FB2312-baseline-awake
/Users/zcm361/Documents/Github/OxygenDynamicsV2/reference-validation/local-timing-rerun-20260909/FB2312-baseline-awake/Recording,sink,56,1,185,795,819,797,810,883,20,20,0,0,0,3242.9530011325,3242.9530011325,valid,valid,0.128739290961934,0.128739290961934,0,1,0,Awake_immobile,d2e65164f5640b4b97649714fbbd3e5ab5bc26c3243e44683d98e840ef89b657,FB2312-baseline-awake
/Users/zcm361/Documents/Github/OxygenDynamicsV2/reference-validation/local-timing-rerun-20260909/FB2312-baseline-awake/Recording,sink,56,2,186,855,869,860,862,227,20,20,0,0,0,2709.2577092511,2709.2577092511,valid,valid,0.0865908457133844,0.0865908457133844,0,1,0,Awake_immobile,d2e65164f5640b4b97649714fbbd3e5ab5bc26c3243e44683d98e840ef89b657,FB2312-baseline-awake
/Users/zcm361/Documents/Github/OxygenDynamicsV2/reference-validation/local-timing-rerun-20260909/FB2312-baseline-awake/Recording,sink,56,3,187,1169,1178,1169,1173,576,20,20,0,0,0,3087.66189236111,3087.66189236111,valid,valid,0.0994090081590131,0.0994090081590131,0,1,0,Awake_immobile,d2e65164f5640b4b97649714fbbd3e5ab5bc26c3243e44683d98e840ef89b657,FB2312-baseline-awake
/Users/zcm361/Documents/Github/OxygenDynamicsV2/reference-validation/local-timing-rerun-20260909/FB2312-baseline-awake/Recording,sink,57,1,188,917,933,928,933,545,20,20,0,0,0,3917.39293577982,3917.39293577982,valid,valid,0.179294092872054,0.179294092872054,0,1,0,Awake_immobile,d2e65164f5640b4b97649714fbbd3e5ab5bc26c3243e44683d98e840ef89b657,FB2312-baseline-awake
/Users/zcm361/Documents/Github/OxygenDynamicsV2/reference-validation/local-timing-rerun-20260909/FB2312-baseline-awake/Recording,sink,57,2,189,1027,1053,1040,1049,528,20,20,0,0,0,3301.87774621212,3301.87774621212,valid,valid,0.157326370965052,0.157326370965052,0,1,0,Awake_immobile,d2e65164f5640b4b97649714fbbd3e5ab5bc26c3243e44683d98e840ef89b657,FB2312-baseline-awake
/Users/zcm361/Documents/Github/OxygenDynamicsV2/reference-validation/local-timing-rerun-20260909/FB2312-baseline-awake/Recording,sink,57,3,190,1099,1122,1108,1110,397,20,20,0,0,0,3349.90478589421,3349.90478589421,valid,valid,0.0758795956605256,0.0758795956605256,0,1,0,Awake_immobile,d2e65164f5640b4b97649714fbbd3e5ab5bc26c3243e44683d98e840ef89b657,FB2312-baseline-awake
/Users/zcm361/Documents/Github/OxygenDynamicsV2/reference-validation/local-timing-rerun-20260909/FB2312-baseline-awake/Recording,sink,58,1,191,936,940,938,940,362,20,20,0,0,0,2627.4861878453,2627.4861878453,valid,valid,0.0611207485675235,0.0611207485675235,0,1,0,Awake_immobile,d2e65164f5640b4b97649714fbbd3e5ab5bc26c3243e44683d98e840ef89b657,FB2312-baseline-awake
/Users/zcm361/Documents/Github/OxygenDynamicsV2/reference-validation/local-timing-rerun-20260909/FB2312-baseline-awake/Recording,sink,59,1,192,1098,1125,1105,1107,430,20,20,0,0,0,4031.01953488372,4031.01953488372,valid,valid,0.0755203946326924,0.0755203946326924,0,1,0,Awake_immobile,d2e65164f5640b4b97649714fbbd3e5ab5bc26c3243e44683d98e840ef89b657,FB2312-baseline-awake
/Users/zcm361/Documents/Github/OxygenDynamicsV2/reference-validation/local-timing-rerun-20260909/FB2312-baseline-awake/Recording,surge,1,1,1,1,18,1,18,4282,20,0,1,0,0,NaN,NaN,insufficient_clean_prebaseline,insufficient_clean_prebaseline,NaN,NaN,NaN,1,0,Awake_immobile,d2e65164f5640b4b97649714fbbd3e5ab5bc26c3243e44683d98e840ef89b657,FB2312-baseline-awake
/Users/zcm361/Documents/Github/OxygenDynamicsV2/reference-validation/local-timing-rerun-20260909/FB2312-baseline-awake/Recording,surge,1,2,2,403,412,403,412,3684,20,20,0,0,0,706.302619435396,706.302619435396,valid,valid,-0.0238810145437647,-0.0238810145437647,0,1,1,Awake_immobile,d2e65164f5640b4b97649714fbbd3e5ab5bc26c3243e44683d98e840ef89b657,FB2312-baseline-awake
/Users/zcm361/Documents/Github/OxygenDynamicsV2/reference-validation/local-timing-rerun-20260909/FB2312-baseline-awake/Recording,surge,1,3,3,542,552,542,552,2530,20,20,0,0,0,611.546699604743,611.546699604743,valid,valid,0.00197377458949367,0.00197377458949367,0,1,0,Awake_immobile,d2e65164f5640b4b97649714fbbd3e5ab5bc26c3243e44683d98e840ef89b657,FB2312-baseline-awake
/Users/zcm361/Documents/Github/OxygenDynamicsV2/reference-validation/local-timing-rerun-20260909/FB2312-baseline-awake/Recording,surge,2,1,4,1,18,1,18,16141,20,0,1,0,0,NaN,NaN,insufficient_clean_prebaseline,insufficient_clean_prebaseline,NaN,NaN,NaN,1,0,Awake_immobile,d2e65164f5640b4b97649714fbbd3e5ab5bc26c3243e44683d98e840ef89b657,FB2312-baseline-awake
/Users/zcm361/Documents/Github/OxygenDynamicsV2/reference-validation/local-timing-rerun-20260909/FB2312-baseline-awake/Recording,surge,2,2,5,204,214,204,214,16060,20,20,0,0,0,607.904750933998,607.904750933998,valid,valid,0.00323638849211381,0.00323638849211381,0,1,0,Awake_immobile,d2e65164f5640b4b97649714fbbd3e5ab5bc26c3243e44683d98e840ef89b657,FB2312-baseline-awake
/Users/zcm361/Documents/Github/OxygenDynamicsV2/reference-validation/local-timing-rerun-20260909/FB2312-baseline-awake/Recording,surge,2,3,6,402,413,402,413,17743,20,20,0,0,0,663.36549343403,663.36549343403,valid,valid,-0.00235732612822521,-0.00235732612822521,0,1,1,Awake_immobile,d2e65164f5640b4b97649714fbbd3e5ab5bc26c3243e44683d98e840ef89b657,FB2312-baseline-awake
/Users/zcm361/Documents/Github/OxygenDynamicsV2/reference-validation/local-timing-rerun-20260909/FB2312-baseline-awake/Recording,surge,2,4,7,428,438,428,438,17070,20,14,0,6,0,NaN,NaN,insufficient_clean_prebaseline,insufficient_clean_prebaseline,NaN,NaN,NaN,1,0,Awake_immobile,d2e65164f5640b4b97649714fbbd3e5ab5bc26c3243e44683d98e840ef89b657,FB2312-baseline-awake
/Users/zcm361/Documents/Github/OxygenDynamicsV2/reference-validation/local-timing-rerun-20260909/FB2312-baseline-awake/Recording,surge,2,5,8,471,491,471,491,17881,20,20,0,0,0,678.397153403053,678.397153403053,valid,valid,0.00115721471957336,0.00115721471957336,0,1,0,Awake_immobile,d2e65164f5640b4b97649714fbbd3e5ab5bc26c3243e44683d98e840ef89b657,FB2312-baseline-awake
/Users/zcm361/Documents/Github/OxygenDynamicsV2/reference-validation/local-timing-rerun-20260909/FB2312-baseline-awake/Recording,surge,2,6,9,493,503,493,503,17676,20,1,0,19,0,NaN,NaN,insufficient_clean_prebaseline,insufficient_clean_prebaseline,NaN,NaN,NaN,1,0,Awake_immobile,d2e65164f5640b4b97649714fbbd3e5ab5bc26c3243e44683d98e840ef89b657,FB2312-baseline-awake
/Users/zcm361/Documents/Github/OxygenDynamicsV2/reference-validation/local-timing-rerun-20260909/FB2312-baseline-awake/Recording,surge,2,7,10,531,553,531,553,16928,20,20,0,0,0,648.036259451796,648.036259451796,valid,valid,0.00728828692485952,0.00728828692485952,0,1,0,Awake_immobile,d2e65164f5640b4b97649714fbbd3e5ab5bc26c3243e44683d98e840ef89b657,FB2312-baseline-awake
/Users/zcm361/Documents/Github/OxygenDynamicsV2/reference-validation/local-timing-rerun-20260909/FB2312-baseline-awake/Recording,surge,2,8,11,641,650,641,650,16195,20,20,0,0,0,654.124439641865,654.124439641865,valid,valid,-0.00647368733109602,-0.00647368733109602,0,1,1,Awake_immobile,d2e65164f5640b4b97649714fbbd3e5ab5bc26c3243e44683d98e840ef89b657,FB2312-baseline-awake
/Users/zcm361/Documents/Github/OxygenDynamicsV2/reference-validation/local-timing-rerun-20260909/FB2312-baseline-awake/Recording,surge,3,1,12,1,24,1,24,12559,20,0,1,0,0,NaN,NaN,insufficient_clean_prebaseline,insufficient_clean_prebaseline,NaN,NaN,NaN,1,0,Awake_immobile,d2e65164f5640b4b97649714fbbd3e5ab5bc26c3243e44683d98e840ef89b657,FB2312-baseline-awake
/Users/zcm361/Documents/Github/OxygenDynamicsV2/reference-validation/local-timing-rerun-20260909/FB2312-baseline-awake/Recording,surge,3,2,13,204,214,204,214,12461,20,20,0,0,0,542.950405264425,542.950405264425,valid,valid,0.00587980114415293,0.00587980114415293,0,1,0,Awake_immobile,d2e65164f5640b4b97649714fbbd3e5ab5bc26c3243e44683d98e840ef89b657,FB2312-baseline-awake
/Users/zcm361/Documents/Github/OxygenDynamicsV2/reference-validation/local-timing-rerun-20260909/FB2312-baseline-awake/Recording,surge,3,3,14,324,333,324,333,11780,20,20,0,0,0,557.739384550085,557.739384550085,valid,valid,0.00607732376846692,0.00607732376846692,0,1,0,Awake_immobile,d2e65164f5640b4b97649714fbbd3e5ab5bc26c3243e44683d98e840ef89b657,FB2312-baseline-awake
/Users/zcm361/Documents/Github/OxygenDynamicsV2/reference-validation/local-timing-rerun-20260909/FB2312-baseline-awake/Recording,surge,3,4,15,402,412,402,412,12879,20,20,0,0,0,580.465750446463,580.465750446463,valid,valid,-0.00598414750149637,-0.00598414750149637,0,1,1,Awake_immobile,d2e65164f5640b4b97649714fbbd3e5ab5bc26c3243e44683d98e840ef89b657,FB2312-baseline-awake
/Users/zcm361/Documents/Github/OxygenDynamicsV2/reference-validation/local-timing-rerun-20260909/FB2312-baseline-awake/Recording,surge,3,5,16,428,438,428,438,11478,20,15,0,5,0,NaN,NaN,insufficient_clean_prebaseline,insufficient_clean_prebaseline,NaN,NaN,NaN,1,0,Awake_immobile,d2e65164f5640b4b97649714fbbd3e5ab5bc26c3243e44683d98e840ef89b657,FB2312-baseline-awake
/Users/zcm361/Documents/Github/OxygenDynamicsV2/reference-validation/local-timing-rerun-20260909/FB2312-baseline-awake/Recording,surge,3,6,17,471,491,471,491,12518,20,20,0,0,0,584.23451030516,584.23451030516,valid,valid,-0.00918849818517853,-0.00918849818517853,0,1,1,Awake_immobile,d2e65164f5640b4b97649714fbbd3e5ab5bc26c3243e44683d98e840ef89b657,FB2312-baseline-awake
/Users/zcm361/Documents/Github/OxygenDynamicsV2/reference-validation/local-timing-rerun-20260909/FB2312-baseline-awake/Recording,surge,3,7,18,493,503,493,503,11517,20,1,0,19,0,NaN,NaN,insufficient_clean_prebaseline,insufficient_clean_prebaseline,NaN,NaN,NaN,1,0,Awake_immobile,d2e65164f5640b4b97649714fbbd3e5ab5bc26c3243e44683d98e840ef89b657,FB2312-baseline-awake
/Users/zcm361/Documents/Github/OxygenDynamicsV2/reference-validation/local-timing-rerun-20260909/FB2312-baseline-awake/Recording,surge,3,8,19,531,553,531,553,12403,20,20,0,0,0,583.971398048859,583.971398048859,valid,valid,0.00303103111077422,0.00303103111077422,0,1,0,Awake_immobile,d2e65164f5640b4b97649714fbbd3e5ab5bc26c3243e44683d98e840ef89b657,FB2312-baseline-awake
/Users/zcm361/Documents/Github/OxygenDynamicsV2/reference-validation/local-timing-rerun-20260909/FB2312-baseline-awake/Recording,surge,3,9,20,641,650,641,650,13180,20,20,0,0,0,596.27096737481,596.27096737481,valid,valid,-0.0121952109451718,-0.0121952109451718,0,1,1,Awake_immobile,d2e65164f5640b4b97649714fbbd3e5ab5bc26c3243e44683d98e840ef89b657,FB2312-baseline-awake
/Users/zcm361/Documents/Github/OxygenDynamicsV2/reference-validation/local-timing-rerun-20260909/FB2312-baseline-awake/Recording,surge,3,10,21,683,695,683,695,11521,20,20,0,0,0,574.227623470185,574.227623470185,valid,valid,3.04655164929027e-05,3.04655164929027e-05,0,1,0,Awake_immobile,d2e65164f5640b4b97649714fbbd3e5ab5bc26c3243e44683d98e840ef89b657,FB2312-baseline-awake
/Users/zcm361/Documents/Github/OxygenDynamicsV2/reference-validation/local-timing-rerun-20260909/FB2312-baseline-awake/Recording,surge,3,11,22,1063,1075,1063,1075,12620,20,20,0,0,0,571.033510301109,571.033510301109,valid,valid,0.00587531193787738,0.00587531193787738,0,1,0,Awake_immobile,d2e65164f5640b4b97649714fbbd3e5ab5bc26c3243e44683d98e840ef89b657,FB2312-baseline-awake
/Users/zcm361/Documents/Github/OxygenDynamicsV2/reference-validation/local-timing-rerun-20260909/FB2312-baseline-awake/Recording,surge,4,1,23,17,46,17,46,24252,20,13,1,3,0,NaN,NaN,insufficient_clean_prebaseline,insufficient_clean_prebaseline,NaN,NaN,NaN,1,0,Awake_immobile,d2e65164f5640b4b97649714fbbd3e5ab5bc26c3243e44683d98e840ef89b657,FB2312-baseline-awake
/Users/zcm361/Documents/Github/OxygenDynamicsV2/reference-validation/local-timing-rerun-20260909/FB2312-baseline-awake/Recording,surge,4,2,24,253,266,253,266,16691,20,20,0,0,0,5656.78279611767,5656.78279611767,valid,valid,0.140623960656922,0.140623960656922,0,1,0,Awake_immobile,d2e65164f5640b4b97649714fbbd3e5ab5bc26c3243e44683d98e840ef89b657,FB2312-baseline-awake
/Users/zcm361/Documents/Github/OxygenDynamicsV2/reference-validation/local-timing-rerun-20260909/FB2312-baseline-awake/Recording,surge,4,3,25,356,395,356,395,25933,20,12,0,8,0,NaN,NaN,insufficient_clean_prebaseline,insufficient_clean_prebaseline,NaN,NaN,NaN,1,0,Awake_immobile,d2e65164f5640b4b97649714fbbd3e5ab5bc26c3243e44683d98e840ef89b657,FB2312-baseline-awake
/Users/zcm361/Documents/Github/OxygenDynamicsV2/reference-validation/local-timing-rerun-20260909/FB2312-baseline-awake/Recording,surge,4,4,26,448,468,448,468,27016,20,5,0,15,0,NaN,NaN,insufficient_clean_prebaseline,insufficient_clean_prebaseline,NaN,NaN,NaN,1,0,Awake_immobile,d2e65164f5640b4b97649714fbbd3e5ab5bc26c3243e44683d98e840ef89b657,FB2312-baseline-awake
/Users/zcm361/Documents/Github/OxygenDynamicsV2/reference-validation/local-timing-rerun-20260909/FB2312-baseline-awake/Recording,surge,4,5,27,1150,1160,1150,1160,10157,20,20,0,0,0,5663.26270060057,5663.26270060057,valid,valid,0.0540412148468841,0.0540412148468841,0,1,0,Awake_immobile,d2e65164f5640b4b97649714fbbd3e5ab5bc26c3243e44683d98e840ef89b657,FB2312-baseline-awake
/Users/zcm361/Documents/Github/OxygenDynamicsV2/reference-validation/local-timing-rerun-20260909/FB2312-baseline-awake/Recording,surge,5,1,28,661,673,661,673,6491,20,20,0,0,0,5807.28636573718,5807.28636573718,valid,valid,0.0596511602445641,0.0596511602445641,0,1,0,Awake_immobile,d2e65164f5640b4b97649714fbbd3e5ab5bc26c3243e44683d98e840ef89b657,FB2312-baseline-awake
/Users/zcm361/Documents/Github/OxygenDynamicsV2/reference-validation/local-timing-rerun-20260909/FB2312-baseline-awake/Recording,surge,6,1,29,511,523,511,523,8973,20,20,0,0,0,4340.84242728185,4340.84242728185,valid,valid,0.091178827576546,0.091178827576546,0,1,0,Awake_immobile,d2e65164f5640b4b97649714fbbd3e5ab5bc26c3243e44683d98e840ef89b657,FB2312-baseline-awake
/Users/zcm361/Documents/Github/OxygenDynamicsV2/reference-validation/local-timing-rerun-20260909/FB2312-baseline-awake/Recording,surge,7,1,30,24,39,24,39,5468,20,20,0,0,0,1570.50656547184,1570.50656547184,valid,valid,0.170497001704763,0.170497001704763,0,1,0,Awake_immobile,d2e65164f5640b4b97649714fbbd3e5ab5bc26c3243e44683d98e840ef89b657,FB2312-baseline-awake
/Users/zcm361/Documents/Github/OxygenDynamicsV2/reference-validation/local-timing-rerun-20260909/FB2312-baseline-awake/Recording,surge,7,2,31,515,526,515,526,1673,20,20,0,0,0,2921.84079497908,2921.84079497908,valid,valid,0.114569331722515,0.114569331722515,0,1,0,Awake_immobile,d2e65164f5640b4b97649714fbbd3e5ab5bc26c3243e44683d98e840ef89b657,FB2312-baseline-awake
/Users/zcm361/Documents/Github/OxygenDynamicsV2/reference-validation/local-timing-rerun-20260909/FB2312-baseline-awake/Recording,surge,7,3,32,1190,1200,1190,1200,3952,20,20,0,0,0,2674.46428390688,2674.46428390688,valid,valid,0.0508650383022286,0.0508650383022286,0,1,0,Awake_immobile,d2e65164f5640b4b97649714fbbd3e5ab5bc26c3243e44683d98e840ef89b657,FB2312-baseline-awake
/Users/zcm361/Documents/Github/OxygenDynamicsV2/reference-validation/local-timing-rerun-20260909/FB2312-baseline-awake/Recording,surge,8,1,33,355,364,355,364,12104,20,20,0,0,0,4455.00776602776,4455.00776602776,valid,valid,0.151427745283339,0.151427745283339,0,1,0,Awake_immobile,d2e65164f5640b4b97649714fbbd3e5ab5bc26c3243e44683d98e840ef89b657,FB2312-baseline-awake
/Users/zcm361/Documents/Github/OxygenDynamicsV2/reference-validation/local-timing-rerun-20260909/FB2312-baseline-awake/Recording,surge,8,2,34,660,671,660,671,24878,20,5,0,15,0,NaN,NaN,insufficient_clean_prebaseline,insufficient_clean_prebaseline,NaN,NaN,NaN,1,0,Awake_immobile,d2e65164f5640b4b97649714fbbd3e5ab5bc26c3243e44683d98e840ef89b657,FB2312-baseline-awake
/Users/zcm361/Documents/Github/OxygenDynamicsV2/reference-validation/local-timing-rerun-20260909/FB2312-baseline-awake/Recording,surge,9,1,35,37,53,37,53,5725,20,14,0,6,0,NaN,NaN,insufficient_clean_prebaseline,insufficient_clean_prebaseline,NaN,NaN,NaN,1,0,Awake_immobile,d2e65164f5640b4b97649714fbbd3e5ab5bc26c3243e44683d98e840ef89b657,FB2312-baseline-awake
/Users/zcm361/Documents/Github/OxygenDynamicsV2/reference-validation/local-timing-rerun-20260909/FB2312-baseline-awake/Recording,surge,9,2,36,249,274,249,274,7953,20,20,0,0,0,5767.61056205206,5767.61056205206,valid,valid,0.154965187252544,0.154965187252544,0,1,0,Awake_immobile,d2e65164f5640b4b97649714fbbd3e5ab5bc26c3243e44683d98e840ef89b657,FB2312-baseline-awake
/Users/zcm361/Documents/Github/OxygenDynamicsV2/reference-validation/local-timing-rerun-20260909/FB2312-baseline-awake/Recording,surge,9,3,37,355,366,355,366,5643,20,12,0,8,0,NaN,NaN,insufficient_clean_prebaseline,insufficient_clean_prebaseline,NaN,NaN,NaN,1,0,Awake_immobile,d2e65164f5640b4b97649714fbbd3e5ab5bc26c3243e44683d98e840ef89b657,FB2312-baseline-awake
/Users/zcm361/Documents/Github/OxygenDynamicsV2/reference-validation/local-timing-rerun-20260909/FB2312-baseline-awake/Recording,surge,9,4,38,448,467,448,467,1896,20,20,0,0,0,5657.46563818565,5657.46563818565,valid,valid,0.193479097345035,0.193479097345035,0,1,0,Awake_immobile,d2e65164f5640b4b97649714fbbd3e5ab5bc26c3243e44683d98e840ef89b657,FB2312-baseline-awake
/Users/zcm361/Documents/Github/OxygenDynamicsV2/reference-validation/local-timing-rerun-20260909/FB2312-baseline-awake/Recording,surge,9,5,39,511,528,511,528,5693,20,20,0,0,0,6329.91616019673,6329.91616019673,valid,valid,0.103117947796995,0.103117947796995,0,1,0,Awake_immobile,d2e65164f5640b4b97649714fbbd3e5ab5bc26c3243e44683d98e840ef89b657,FB2312-baseline-awake
/Users/zcm361/Documents/Github/OxygenDynamicsV2/reference-validation/local-timing-rerun-20260909/FB2312-baseline-awake/Recording,surge,9,6,40,1144,1161,1144,1161,4821,20,13,0,7,0,NaN,NaN,insufficient_clean_prebaseline,insufficient_clean_prebaseline,NaN,NaN,NaN,1,0,Awake_immobile,d2e65164f5640b4b97649714fbbd3e5ab5bc26c3243e44683d98e840ef89b657,FB2312-baseline-awake
/Users/zcm361/Documents/Github/OxygenDynamicsV2/reference-validation/local-timing-rerun-20260909/FB2312-baseline-awake/Recording,surge,10,1,41,24,35,24,35,5645,20,20,0,0,0,3567.01715677591,3567.01715677591,valid,valid,0.0937951826362543,0.0937951826362543,0,1,0,Awake_immobile,d2e65164f5640b4b97649714fbbd3e5ab5bc26c3243e44683d98e840ef89b657,FB2312-baseline-awake
/Users/zcm361/Documents/Github/OxygenDynamicsV2/reference-validation/local-timing-rerun-20260909/FB2312-baseline-awake/Recording,surge,11,1,42,25,44,25,44,3272,20,20,0,0,0,1839.40414119804,1839.40414119804,valid,valid,0.19643710029642,0.19643710029642,0,1,0,Awake_immobile,d2e65164f5640b4b97649714fbbd3e5ab5bc26c3243e44683d98e840ef89b657,FB2312-baseline-awake
/Users/zcm361/Documents/Github/OxygenDynamicsV2/reference-validation/local-timing-rerun-20260909/FB2312-baseline-awake/Recording,surge,11,2,43,46,55,46,55,3706,20,1,0,19,0,NaN,NaN,insufficient_clean_prebaseline,insufficient_clean_prebaseline,NaN,NaN,NaN,1,0,Awake_immobile,d2e65164f5640b4b97649714fbbd3e5ab5bc26c3243e44683d98e840ef89b657,FB2312-baseline-awake
/Users/zcm361/Documents/Github/OxygenDynamicsV2/reference-validation/local-timing-rerun-20260909/FB2312-baseline-awake/Recording,surge,11,3,44,513,528,513,528,9648,20,20,0,0,0,2426.43580534826,2426.43580534826,valid,valid,0.158188183842604,0.158188183842604,0,1,0,Awake_immobile,d2e65164f5640b4b97649714fbbd3e5ab5bc26c3243e44683d98e840ef89b657,FB2312-baseline-awake
/Users/zcm361/Documents/Github/OxygenDynamicsV2/reference-validation/local-timing-rerun-20260909/FB2312-baseline-awake/Recording,surge,11,4,45,758,767,758,767,7478,20,19,0,1,0,NaN,NaN,insufficient_clean_prebaseline,insufficient_clean_prebaseline,NaN,NaN,NaN,1,0,Awake_immobile,d2e65164f5640b4b97649714fbbd3e5ab5bc26c3243e44683d98e840ef89b657,FB2312-baseline-awake
/Users/zcm361/Documents/Github/OxygenDynamicsV2/reference-validation/local-timing-rerun-20260909/FB2312-baseline-awake/Recording,surge,11,5,46,823,835,823,835,26668,20,18,0,2,0,NaN,NaN,insufficient_clean_prebaseline,insufficient_clean_prebaseline,NaN,NaN,NaN,1,0,Awake_immobile,d2e65164f5640b4b97649714fbbd3e5ab5bc26c3243e44683d98e840ef89b657,FB2312-baseline-awake
/Users/zcm361/Documents/Github/OxygenDynamicsV2/reference-validation/local-timing-rerun-20260909/FB2312-baseline-awake/Recording,surge,11,6,47,1191,1200,1191,1200,20401,20,17,0,3,0,NaN,NaN,insufficient_clean_prebaseline,insufficient_clean_prebaseline,NaN,NaN,NaN,1,0,Awake_immobile,d2e65164f5640b4b97649714fbbd3e5ab5bc26c3243e44683d98e840ef89b657,FB2312-baseline-awake
/Users/zcm361/Documents/Github/OxygenDynamicsV2/reference-validation/local-timing-rerun-20260909/FB2312-baseline-awake/Recording,surge,12,1,48,26,38,26,38,1703,20,20,0,0,0,1428.04166177334,1428.04166177334,valid,valid,0.159769016280503,0.159769016280503,0,1,0,Awake_immobile,d2e65164f5640b4b97649714fbbd3e5ab5bc26c3243e44683d98e840ef89b657,FB2312-baseline-awake
/Users/zcm361/Documents/Github/OxygenDynamicsV2/reference-validation/local-timing-rerun-20260909/FB2312-baseline-awake/Recording,surge,13,1,49,735,748,735,748,11978,20,12,0,8,0,NaN,NaN,insufficient_clean_prebaseline,insufficient_clean_prebaseline,NaN,NaN,NaN,1,0,Awake_immobile,d2e65164f5640b4b97649714fbbd3e5ab5bc26c3243e44683d98e840ef89b657,FB2312-baseline-awake
/Users/zcm361/Documents/Github/OxygenDynamicsV2/reference-validation/local-timing-rerun-20260909/FB2312-baseline-awake/Recording,surge,14,1,50,127,140,127,140,2423,20,20,0,0,0,3707.86044160132,3707.86044160132,valid,valid,0.0904019328671071,0.0904019328671071,0,1,0,Awake_immobile,d2e65164f5640b4b97649714fbbd3e5ab5bc26c3243e44683d98e840ef89b657,FB2312-baseline-awake
/Users/zcm361/Documents/Github/OxygenDynamicsV2/reference-validation/local-timing-rerun-20260909/FB2312-baseline-awake/Recording,surge,14,2,51,360,388,360,388,4386,20,19,0,1,0,NaN,NaN,insufficient_clean_prebaseline,insufficient_clean_prebaseline,NaN,NaN,NaN,1,0,Awake_immobile,d2e65164f5640b4b97649714fbbd3e5ab5bc26c3243e44683d98e840ef89b657,FB2312-baseline-awake
/Users/zcm361/Documents/Github/OxygenDynamicsV2/reference-validation/local-timing-rerun-20260909/FB2312-baseline-awake/Recording,surge,14,3,52,460,469,460,469,7086,20,20,0,0,0,4253.41336438047,4253.41336438047,valid,valid,0.177024163598567,0.177024163598567,0,1,0,Awake_immobile,d2e65164f5640b4b97649714fbbd3e5ab5bc26c3243e44683d98e840ef89b657,FB2312-baseline-awake
/Users/zcm361/Documents/Github/OxygenDynamicsV2/reference-validation/local-timing-rerun-20260909/FB2312-baseline-awake/Recording,surge,15,1,53,452,463,452,463,1416,20,20,0,0,0,7127.97326977401,7127.97326977401,valid,valid,0.14216298171499,0.14216298171499,0,1,0,Awake_immobile,d2e65164f5640b4b97649714fbbd3e5ab5bc26c3243e44683d98e840ef89b657,FB2312-baseline-awake
/Users/zcm361/Documents/Github/OxygenDynamicsV2/reference-validation/local-timing-rerun-20260909/FB2312-baseline-awake/Recording,surge,16,1,54,41,50,41,50,2280,20,7,0,13,0,NaN,NaN,insufficient_clean_prebaseline,insufficient_clean_prebaseline,NaN,NaN,NaN,1,0,Awake_immobile,d2e65164f5640b4b97649714fbbd3e5ab5bc26c3243e44683d98e840ef89b657,FB2312-baseline-awake
/Users/zcm361/Documents/Github/OxygenDynamicsV2/reference-validation/local-timing-rerun-20260909/FB2312-baseline-awake/Recording,surge,17,1,55,452,462,452,462,1423,20,4,0,16,0,NaN,NaN,insufficient_clean_prebaseline,insufficient_clean_prebaseline,NaN,NaN,NaN,1,0,Awake_immobile,d2e65164f5640b4b97649714fbbd3e5ab5bc26c3243e44683d98e840ef89b657,FB2312-baseline-awake
/Users/zcm361/Documents/Github/OxygenDynamicsV2/reference-validation/local-timing-rerun-20260909/FB2312-baseline-awake/Recording,surge,17,2,56,513,527,513,527,913,20,20,0,0,0,4310.33176341731,4310.33176341731,valid,valid,0.125536800203104,0.125536800203104,0,1,0,Awake_immobile,d2e65164f5640b4b97649714fbbd3e5ab5bc26c3243e44683d98e840ef89b657,FB2312-baseline-awake
/Users/zcm361/Documents/Github/OxygenDynamicsV2/reference-validation/local-timing-rerun-20260909/FB2312-baseline-awake/Recording,surge,18,1,57,385,398,385,398,3694,20,20,0,0,0,3985.16119382783,3985.16119382783,valid,valid,0.0337569655438314,0.0337569655438314,0,1,0,Awake_immobile,d2e65164f5640b4b97649714fbbd3e5ab5bc26c3243e44683d98e840ef89b657,FB2312-baseline-awake
/Users/zcm361/Documents/Github/OxygenDynamicsV2/reference-validation/local-timing-rerun-20260909/FB2312-baseline-awake/Recording,surge,19,1,58,816,835,816,835,4304,20,20,0,0,0,4485.63402648699,4485.63402648699,valid,valid,0.0902882992241105,0.0902882992241105,0,1,0,Awake_immobile,d2e65164f5640b4b97649714fbbd3e5ab5bc26c3243e44683d98e840ef89b657,FB2312-baseline-awake
/Users/zcm361/Documents/Github/OxygenDynamicsV2/reference-validation/local-timing-rerun-20260909/FB2316-baseline/Recording,sink,1,1,1,52,64,52,64,2273,20,20,0,0,0,2303.76775186978,2303.76775186978,valid,valid,-0.0183942634114497,-0.0183942634114497,0,1,1,Anesthetized,23385c57fd4c0fbd8eb031c2058b48166e42a5df01cf8b1fb486cfa6360a2065,FB2316-baseline
/Users/zcm361/Documents/Github/OxygenDynamicsV2/reference-validation/local-timing-rerun-20260909/FB2316-baseline/Recording,sink,1,2,2,278,291,278,291,1122,20,20,0,0,0,2760.48854723708,2760.48854723708,valid,valid,0.038357076057493,0.038357076057493,0,1,0,Anesthetized,23385c57fd4c0fbd8eb031c2058b48166e42a5df01cf8b1fb486cfa6360a2065,FB2316-baseline
/Users/zcm361/Documents/Github/OxygenDynamicsV2/reference-validation/local-timing-rerun-20260909/FB2316-baseline/Recording,sink,1,3,3,321,367,323,362,2827,20,20,0,0,0,3614.60355500531,3614.60355500531,valid,valid,0.0395112660666869,0.0395112660666869,0,1,0,Anesthetized,23385c57fd4c0fbd8eb031c2058b48166e42a5df01cf8b1fb486cfa6360a2065,FB2316-baseline
/Users/zcm361/Documents/Github/OxygenDynamicsV2/reference-validation/local-timing-rerun-20260909/FB2316-baseline/Recording,sink,1,4,4,404,427,404,427,2593,20,7,0,13,0,NaN,NaN,insufficient_clean_prebaseline,insufficient_clean_prebaseline,NaN,NaN,NaN,1,0,Anesthetized,23385c57fd4c0fbd8eb031c2058b48166e42a5df01cf8b1fb486cfa6360a2065,FB2316-baseline
/Users/zcm361/Documents/Github/OxygenDynamicsV2/reference-validation/local-timing-rerun-20260909/FB2316-baseline/Recording,sink,1,5,5,455,458,455,458,851,20,9,0,11,0,NaN,NaN,insufficient_clean_prebaseline,insufficient_clean_prebaseline,NaN,NaN,NaN,1,0,Anesthetized,23385c57fd4c0fbd8eb031c2058b48166e42a5df01cf8b1fb486cfa6360a2065,FB2316-baseline
/Users/zcm361/Documents/Github/OxygenDynamicsV2/reference-validation/local-timing-rerun-20260909/FB2316-baseline/Recording,sink,1,6,6,558,572,558,567,790,20,20,0,0,0,4867.11626582279,4867.11626582279,valid,valid,0.0389474639786509,0.0389474639786509,0,1,0,Anesthetized,23385c57fd4c0fbd8eb031c2058b48166e42a5df01cf8b1fb486cfa6360a2065,FB2316-baseline
/Users/zcm361/Documents/Github/OxygenDynamicsV2/reference-validation/local-timing-rerun-20260909/FB2316-baseline/Recording,sink,1,7,7,602,688,602,688,1262,20,20,0,0,0,3485.48296354992,3485.48296354992,valid,valid,0.0686668578604103,0.0686668578604103,0,1,0,Anesthetized,23385c57fd4c0fbd8eb031c2058b48166e42a5df01cf8b1fb486cfa6360a2065,FB2316-baseline
/Users/zcm361/Documents/Github/OxygenDynamicsV2/reference-validation/local-timing-rerun-20260909/FB2316-baseline/Recording,sink,1,8,8,736,744,736,742,339,20,20,0,0,0,3063.98097345133,3063.98097345133,valid,valid,0.0573381623026821,0.0573381623026821,0,1,0,Anesthetized,23385c57fd4c0fbd8eb031c2058b48166e42a5df01cf8b1fb486cfa6360a2065,FB2316-baseline
/Users/zcm361/Documents/Github/OxygenDynamicsV2/reference-validation/local-timing-rerun-20260909/FB2316-baseline/Recording,sink,1,9,9,762,766,763,766,307,20,19,0,1,0,NaN,NaN,insufficient_clean_prebaseline,insufficient_clean_prebaseline,NaN,NaN,NaN,1,0,Anesthetized,23385c57fd4c0fbd8eb031c2058b48166e42a5df01cf8b1fb486cfa6360a2065,FB2316-baseline
/Users/zcm361/Documents/Github/OxygenDynamicsV2/reference-validation/local-timing-rerun-20260909/FB2316-baseline/Recording,sink,1,10,10,1090,1097,1091,1095,447,20,20,0,0,0,2774.0692393736,2774.0692393736,valid,valid,0.0757155422144332,0.0757155422144332,0,1,0,Anesthetized,23385c57fd4c0fbd8eb031c2058b48166e42a5df01cf8b1fb486cfa6360a2065,FB2316-baseline
/Users/zcm361/Documents/Github/OxygenDynamicsV2/reference-validation/local-timing-rerun-20260909/FB2316-baseline/Recording,sink,1,11,11,1127,1153,1138,1153,2487,20,5,0,15,0,NaN,NaN,insufficient_clean_prebaseline,insufficient_clean_prebaseline,NaN,NaN,NaN,1,0,Anesthetized,23385c57fd4c0fbd8eb031c2058b48166e42a5df01cf8b1fb486cfa6360a2065,FB2316-baseline
/Users/zcm361/Documents/Github/OxygenDynamicsV2/reference-validation/local-timing-rerun-20260909/FB2316-baseline/Recording,sink,1,12,12,1176,1186,1176,1186,719,20,20,0,0,0,2758.19867872045,2758.19867872045,valid,valid,0.0341522456113077,0.0341522456113077,0,1,0,Anesthetized,23385c57fd4c0fbd8eb031c2058b48166e42a5df01cf8b1fb486cfa6360a2065,FB2316-baseline
/Users/zcm361/Documents/Github/OxygenDynamicsV2/reference-validation/local-timing-rerun-20260909/FB2316-baseline/Recording,sink,2,1,13,20,27,20,27,405,20,19,1,0,0,NaN,NaN,insufficient_clean_prebaseline,insufficient_clean_prebaseline,NaN,NaN,NaN,1,0,Anesthetized,23385c57fd4c0fbd8eb031c2058b48166e42a5df01cf8b1fb486cfa6360a2065,FB2316-baseline
/Users/zcm361/Documents/Github/OxygenDynamicsV2/reference-validation/local-timing-rerun-20260909/FB2316-baseline/Recording,sink,2,2,14,444,447,444,447,438,20,12,0,8,0,NaN,NaN,insufficient_clean_prebaseline,insufficient_clean_prebaseline,NaN,NaN,NaN,1,0,Anesthetized,23385c57fd4c0fbd8eb031c2058b48166e42a5df01cf8b1fb486cfa6360a2065,FB2316-baseline
/Users/zcm361/Documents/Github/OxygenDynamicsV2/reference-validation/local-timing-rerun-20260909/FB2316-baseline/Recording,sink,2,3,15,510,516,510,516,780,20,20,0,0,0,3483.3516025641,3483.3516025641,valid,valid,0.0300198094286768,0.0300198094286768,0,1,0,Anesthetized,23385c57fd4c0fbd8eb031c2058b48166e42a5df01cf8b1fb486cfa6360a2065,FB2316-baseline
/Users/zcm361/Documents/Github/OxygenDynamicsV2/reference-validation/local-timing-rerun-20260909/FB2316-baseline/Recording,sink,2,4,16,1179,1200,1179,1200,821,20,20,0,0,0,2901.0631546894,2901.0631546894,valid,valid,0.0362578026699732,0.0362578026699732,0,1,0,Anesthetized,23385c57fd4c0fbd8eb031c2058b48166e42a5df01cf8b1fb486cfa6360a2065,FB2316-baseline
/Users/zcm361/Documents/Github/OxygenDynamicsV2/reference-validation/local-timing-rerun-20260909/FB2316-baseline/Recording,sink,3,1,17,3,14,3,8,194,20,2,1,0,0,NaN,NaN,insufficient_clean_prebaseline,insufficient_clean_prebaseline,NaN,NaN,NaN,1,0,Anesthetized,23385c57fd4c0fbd8eb031c2058b48166e42a5df01cf8b1fb486cfa6360a2065,FB2316-baseline
/Users/zcm361/Documents/Github/OxygenDynamicsV2/reference-validation/local-timing-rerun-20260909/FB2316-baseline/Recording,sink,3,2,18,145,174,161,174,914,20,8,0,12,0,NaN,NaN,insufficient_clean_prebaseline,insufficient_clean_prebaseline,NaN,NaN,NaN,1,0,Anesthetized,23385c57fd4c0fbd8eb031c2058b48166e42a5df01cf8b1fb486cfa6360a2065,FB2316-baseline
/Users/zcm361/Documents/Github/OxygenDynamicsV2/reference-validation/local-timing-rerun-20260909/FB2316-baseline/Recording,sink,3,3,19,198,206,198,206,382,20,16,0,4,0,NaN,NaN,insufficient_clean_prebaseline,insufficient_clean_prebaseline,NaN,NaN,NaN,1,0,Anesthetized,23385c57fd4c0fbd8eb031c2058b48166e42a5df01cf8b1fb486cfa6360a2065,FB2316-baseline
/Users/zcm361/Documents/Github/OxygenDynamicsV2/reference-validation/local-timing-rerun-20260909/FB2316-baseline/Recording,sink,3,4,20,266,305,274,305,2008,20,19,0,1,0,NaN,NaN,insufficient_clean_prebaseline,insufficient_clean_prebaseline,NaN,NaN,NaN,1,0,Anesthetized,23385c57fd4c0fbd8eb031c2058b48166e42a5df01cf8b1fb486cfa6360a2065,FB2316-baseline
/Users/zcm361/Documents/Github/OxygenDynamicsV2/reference-validation/local-timing-rerun-20260909/FB2316-baseline/Recording,sink,3,5,21,333,339,333,338,638,20,9,0,11,0,NaN,NaN,insufficient_clean_prebaseline,insufficient_clean_prebaseline,NaN,NaN,NaN,1,0,Anesthetized,23385c57fd4c0fbd8eb031c2058b48166e42a5df01cf8b1fb486cfa6360a2065,FB2316-baseline
/Users/zcm361/Documents/Github/OxygenDynamicsV2/reference-validation/local-timing-rerun-20260909/FB2316-baseline/Recording,sink,3,6,22,386,422,386,422,4282,20,3,0,17,0,NaN,NaN,insufficient_clean_prebaseline,insufficient_clean_prebaseline,NaN,NaN,NaN,1,0,Anesthetized,23385c57fd4c0fbd8eb031c2058b48166e42a5df01cf8b1fb486cfa6360a2065,FB2316-baseline
/Users/zcm361/Documents/Github/OxygenDynamicsV2/reference-validation/local-timing-rerun-20260909/FB2316-baseline/Recording,sink,3,7,23,462,477,462,477,2193,20,18,0,2,0,NaN,NaN,insufficient_clean_prebaseline,insufficient_clean_prebaseline,NaN,NaN,NaN,1,0,Anesthetized,23385c57fd4c0fbd8eb031c2058b48166e42a5df01cf8b1fb486cfa6360a2065,FB2316-baseline
/Users/zcm361/Documents/Github/OxygenDynamicsV2/reference-validation/local-timing-rerun-20260909/FB2316-baseline/Recording,sink,3,8,24,517,546,517,546,3360,20,12,0,8,0,NaN,NaN,insufficient_clean_prebaseline,insufficient_clean_prebaseline,NaN,NaN,NaN,1,0,Anesthetized,23385c57fd4c0fbd8eb031c2058b48166e42a5df01cf8b1fb486cfa6360a2065,FB2316-baseline
/Users/zcm361/Documents/Github/OxygenDynamicsV2/reference-validation/local-timing-rerun-20260909/FB2316-baseline/Recording,sink,3,9,25,583,666,583,662,4587,20,14,0,6,0,NaN,NaN,insufficient_clean_prebaseline,insufficient_clean_prebaseline,NaN,NaN,NaN,1,0,Anesthetized,23385c57fd4c0fbd8eb031c2058b48166e42a5df01cf8b1fb486cfa6360a2065,FB2316-baseline
/Users/zcm361/Documents/Github/OxygenDynamicsV2/reference-validation/local-timing-rerun-20260909/FB2316-baseline/Recording,sink,3,10,26,687,706,687,706,1244,20,20,0,0,0,4465.35944533762,4465.35944533762,valid,valid,0.0555996962073435,0.0555996962073435,0,1,0,Anesthetized,23385c57fd4c0fbd8eb031c2058b48166e42a5df01cf8b1fb486cfa6360a2065,FB2316-baseline
/Users/zcm361/Documents/Github/OxygenDynamicsV2/reference-validation/local-timing-rerun-20260909/FB2316-baseline/Recording,sink,3,11,27,733,768,733,768,2487,20,20,0,0,0,3831.81648572577,3831.81648572577,valid,valid,0.0554421513580304,0.0554421513580304,0,1,0,Anesthetized,23385c57fd4c0fbd8eb031c2058b48166e42a5df01cf8b1fb486cfa6360a2065,FB2316-baseline
/Users/zcm361/Documents/Github/OxygenDynamicsV2/reference-validation/local-timing-rerun-20260909/FB2316-baseline/Recording,sink,3,12,28,796,801,796,801,807,20,20,0,0,0,3232.34851301115,3232.34851301115,valid,valid,0.0780953958210358,0.0780953958210358,0,1,0,Anesthetized,23385c57fd4c0fbd8eb031c2058b48166e42a5df01cf8b1fb486cfa6360a2065,FB2316-baseline
/Users/zcm361/Documents/Github/OxygenDynamicsV2/reference-validation/local-timing-rerun-20260909/FB2316-baseline/Recording,sink,3,13,29,1009,1033,1016,1032,491,20,20,0,0,0,3625.64175152749,3625.64175152749,valid,valid,0.149293100776147,0.149293100776147,0,1,0,Anesthetized,23385c57fd4c0fbd8eb031c2058b48166e42a5df01cf8b1fb486cfa6360a2065,FB2316-baseline
/Users/zcm361/Documents/Github/OxygenDynamicsV2/reference-validation/local-timing-rerun-20260909/FB2316-baseline/Recording,sink,3,14,30,1074,1121,1074,1121,1110,20,15,0,5,0,NaN,NaN,insufficient_clean_prebaseline,insufficient_clean_prebaseline,NaN,NaN,NaN,1,0,Anesthetized,23385c57fd4c0fbd8eb031c2058b48166e42a5df01cf8b1fb486cfa6360a2065,FB2316-baseline
/Users/zcm361/Documents/Github/OxygenDynamicsV2/reference-validation/local-timing-rerun-20260909/FB2316-baseline/Recording,sink,3,15,31,1179,1200,1185,1200,652,20,20,0,0,0,4065.0134202454,4065.0134202454,valid,valid,0.0514368882678061,0.0514368882678061,0,1,0,Anesthetized,23385c57fd4c0fbd8eb031c2058b48166e42a5df01cf8b1fb486cfa6360a2065,FB2316-baseline
/Users/zcm361/Documents/Github/OxygenDynamicsV2/reference-validation/local-timing-rerun-20260909/FB2316-baseline/Recording,sink,4,1,32,20,22,20,22,211,20,19,1,0,0,NaN,NaN,insufficient_clean_prebaseline,insufficient_clean_prebaseline,NaN,NaN,NaN,1,0,Anesthetized,23385c57fd4c0fbd8eb031c2058b48166e42a5df01cf8b1fb486cfa6360a2065,FB2316-baseline
/Users/zcm361/Documents/Github/OxygenDynamicsV2/reference-validation/local-timing-rerun-20260909/FB2316-baseline/Recording,sink,4,2,33,72,74,72,74,355,20,20,0,0,0,5520.36816901408,5520.36816901408,valid,valid,0.0154830967336482,0.0154830967336482,0,1,0,Anesthetized,23385c57fd4c0fbd8eb031c2058b48166e42a5df01cf8b1fb486cfa6360a2065,FB2316-baseline
/Users/zcm361/Documents/Github/OxygenDynamicsV2/reference-validation/local-timing-rerun-20260909/FB2316-baseline/Recording,sink,4,3,34,271,295,274,278,414,20,17,0,3,0,NaN,NaN,insufficient_clean_prebaseline,insufficient_clean_prebaseline,NaN,NaN,NaN,1,0,Anesthetized,23385c57fd4c0fbd8eb031c2058b48166e42a5df01cf8b1fb486cfa6360a2065,FB2316-baseline
/Users/zcm361/Documents/Github/OxygenDynamicsV2/reference-validation/local-timing-rerun-20260909/FB2316-baseline/Recording,sink,4,4,35,334,365,349,351,561,20,20,0,0,0,7646.32647058824,7646.32647058824,valid,valid,0.0815992249514154,0.0815992249514154,0,1,0,Anesthetized,23385c57fd4c0fbd8eb031c2058b48166e42a5df01cf8b1fb486cfa6360a2065,FB2316-baseline
/Users/zcm361/Documents/Github/OxygenDynamicsV2/reference-validation/local-timing-rerun-20260909/FB2316-baseline/Recording,sink,4,5,36,370,397,388,397,407,20,17,0,3,0,NaN,NaN,insufficient_clean_prebaseline,insufficient_clean_prebaseline,NaN,NaN,NaN,1,0,Anesthetized,23385c57fd4c0fbd8eb031c2058b48166e42a5df01cf8b1fb486cfa6360a2065,FB2316-baseline
/Users/zcm361/Documents/Github/OxygenDynamicsV2/reference-validation/local-timing-rerun-20260909/FB2316-baseline/Recording,sink,5,1,37,1196,1199,1196,1199,547,20,20,0,0,0,7146.73071297989,7146.73071297989,valid,valid,0.00933825944679028,0.00933825944679028,0,1,0,Anesthetized,23385c57fd4c0fbd8eb031c2058b48166e42a5df01cf8b1fb486cfa6360a2065,FB2316-baseline
/Users/zcm361/Documents/Github/OxygenDynamicsV2/reference-validation/local-timing-rerun-20260909/FB2316-baseline/Recording,sink,6,1,38,1112,1126,1112,1126,540,20,20,0,0,0,919.118333333334,919.118333333334,valid,valid,0.0526287370001728,0.0526287370001728,0,1,0,Anesthetized,23385c57fd4c0fbd8eb031c2058b48166e42a5df01cf8b1fb486cfa6360a2065,FB2316-baseline
/Users/zcm361/Documents/Github/OxygenDynamicsV2/reference-validation/local-timing-rerun-20260909/FB2316-baseline/Recording,sink,7,1,39,35,99,43,80,1972,20,12,0,8,0,NaN,NaN,insufficient_clean_prebaseline,insufficient_clean_prebaseline,NaN,NaN,NaN,1,0,Anesthetized,23385c57fd4c0fbd8eb031c2058b48166e42a5df01cf8b1fb486cfa6360a2065,FB2316-baseline
/Users/zcm361/Documents/Github/OxygenDynamicsV2/reference-validation/local-timing-rerun-20260909/FB2316-baseline/Recording,sink,7,2,40,436,443,436,443,568,20,20,0,0,0,3679.84031690141,3679.84031690141,valid,valid,0.0333068551610164,0.0333068551610164,0,1,0,Anesthetized,23385c57fd4c0fbd8eb031c2058b48166e42a5df01cf8b1fb486cfa6360a2065,FB2316-baseline
/Users/zcm361/Documents/Github/OxygenDynamicsV2/reference-validation/local-timing-rerun-20260909/FB2316-baseline/Recording,sink,7,3,41,1108,1120,1108,1120,771,20,20,0,0,0,857.571919584955,857.571919584955,valid,valid,0.0524539958721268,0.0524539958721268,0,1,0,Anesthetized,23385c57fd4c0fbd8eb031c2058b48166e42a5df01cf8b1fb486cfa6360a2065,FB2316-baseline
/Users/zcm361/Documents/Github/OxygenDynamicsV2/reference-validation/local-timing-rerun-20260909/FB2316-baseline/Recording,sink,7,4,42,1140,1142,1140,1142,437,20,19,0,1,0,NaN,NaN,insufficient_clean_prebaseline,insufficient_clean_prebaseline,NaN,NaN,NaN,1,0,Anesthetized,23385c57fd4c0fbd8eb031c2058b48166e42a5df01cf8b1fb486cfa6360a2065,FB2316-baseline
/Users/zcm361/Documents/Github/OxygenDynamicsV2/reference-validation/local-timing-rerun-20260909/FB2316-baseline/Recording,sink,8,1,43,38,51,47,50,586,20,20,0,0,0,2729.21433447099,2729.21433447099,valid,valid,0.042913624018614,0.042913624018614,0,1,0,Anesthetized,23385c57fd4c0fbd8eb031c2058b48166e42a5df01cf8b1fb486cfa6360a2065,FB2316-baseline
/Users/zcm361/Documents/Github/OxygenDynamicsV2/reference-validation/local-timing-rerun-20260909/FB2316-baseline/Recording,sink,8,2,44,90,103,99,102,436,20,20,0,0,0,3215.94277522936,3215.94277522936,valid,valid,0.0495367813617513,0.0495367813617513,0,1,0,Anesthetized,23385c57fd4c0fbd8eb031c2058b48166e42a5df01cf8b1fb486cfa6360a2065,FB2316-baseline
/Users/zcm361/Documents/Github/OxygenDynamicsV2/reference-validation/local-timing-rerun-20260909/FB2316-baseline/Recording,sink,8,3,45,369,377,372,376,1238,20,20,0,0,0,4082.49426494346,4082.49426494346,valid,valid,0.104964082923188,0.104964082923188,0,1,0,Anesthetized,23385c57fd4c0fbd8eb031c2058b48166e42a5df01cf8b1fb486cfa6360a2065,FB2316-baseline
/Users/zcm361/Documents/Github/OxygenDynamicsV2/reference-validation/local-timing-rerun-20260909/FB2316-baseline/Recording,sink,8,4,46,533,538,533,538,215,20,20,0,0,0,5042.62953488372,5042.62953488372,valid,valid,0.0815745956094244,0.0815745956094244,0,1,0,Anesthetized,23385c57fd4c0fbd8eb031c2058b48166e42a5df01cf8b1fb486cfa6360a2065,FB2316-baseline
/Users/zcm361/Documents/Github/OxygenDynamicsV2/reference-validation/local-timing-rerun-20260909/FB2316-baseline/Recording,sink,9,1,47,67,103,67,103,1540,20,20,0,0,0,2646.12905844156,2646.12905844156,valid,valid,0.0473501632346442,0.0473501632346442,0,1,0,Anesthetized,23385c57fd4c0fbd8eb031c2058b48166e42a5df01cf8b1fb486cfa6360a2065,FB2316-baseline
/Users/zcm361/Documents/Github/OxygenDynamicsV2/reference-validation/local-timing-rerun-20260909/FB2316-baseline/Recording,sink,9,2,48,443,452,447,451,530,20,19,0,1,0,NaN,NaN,insufficient_clean_prebaseline,insufficient_clean_prebaseline,NaN,NaN,NaN,1,0,Anesthetized,23385c57fd4c0fbd8eb031c2058b48166e42a5df01cf8b1fb486cfa6360a2065,FB2316-baseline
/Users/zcm361/Documents/Github/OxygenDynamicsV2/reference-validation/local-timing-rerun-20260909/FB2316-baseline/Recording,sink,9,3,49,469,487,477,487,1108,20,17,0,3,0,NaN,NaN,insufficient_clean_prebaseline,insufficient_clean_prebaseline,NaN,NaN,NaN,1,0,Anesthetized,23385c57fd4c0fbd8eb031c2058b48166e42a5df01cf8b1fb486cfa6360a2065,FB2316-baseline
/Users/zcm361/Documents/Github/OxygenDynamicsV2/reference-validation/local-timing-rerun-20260909/FB2316-baseline/Recording,sink,9,4,50,553,580,553,580,2159,20,20,0,0,0,4134.88626679018,4134.88626679018,valid,valid,0.0949839370197177,0.0949839370197177,0,1,0,Anesthetized,23385c57fd4c0fbd8eb031c2058b48166e42a5df01cf8b1fb486cfa6360a2065,FB2316-baseline
/Users/zcm361/Documents/Github/OxygenDynamicsV2/reference-validation/local-timing-rerun-20260909/FB2316-baseline/Recording,sink,9,5,51,661,775,661,775,1971,20,20,0,0,0,4180.96240487062,4180.96240487062,valid,valid,0.101008680488371,0.101008680488371,0,1,0,Anesthetized,23385c57fd4c0fbd8eb031c2058b48166e42a5df01cf8b1fb486cfa6360a2065,FB2316-baseline
/Users/zcm361/Documents/Github/OxygenDynamicsV2/reference-validation/local-timing-rerun-20260909/FB2316-baseline/Recording,sink,9,6,52,1036,1059,1038,1058,499,20,20,0,0,0,4147.0498997996,4147.0498997996,valid,valid,0.0416506332651953,0.0416506332651953,0,1,0,Anesthetized,23385c57fd4c0fbd8eb031c2058b48166e42a5df01cf8b1fb486cfa6360a2065,FB2316-baseline
/Users/zcm361/Documents/Github/OxygenDynamicsV2/reference-validation/local-timing-rerun-20260909/FB2316-baseline/Recording,sink,9,7,53,1089,1108,1089,1107,643,20,20,0,0,0,2839.5200622084,2839.5200622084,valid,valid,0.0552655109941804,0.0552655109941804,0,1,0,Anesthetized,23385c57fd4c0fbd8eb031c2058b48166e42a5df01cf8b1fb486cfa6360a2065,FB2316-baseline
/Users/zcm361/Documents/Github/OxygenDynamicsV2/reference-validation/local-timing-rerun-20260909/FB2316-baseline/Recording,sink,9,8,54,1164,1178,1164,1178,819,20,20,0,0,0,4504.35293040293,4504.35293040293,valid,valid,0.0523832047906013,0.0523832047906013,0,1,0,Anesthetized,23385c57fd4c0fbd8eb031c2058b48166e42a5df01cf8b1fb486cfa6360a2065,FB2316-baseline
/Users/zcm361/Documents/Github/OxygenDynamicsV2/reference-validation/local-timing-rerun-20260909/FB2316-baseline/Recording,sink,10,1,55,88,92,88,90,222,20,15,0,5,0,NaN,NaN,insufficient_clean_prebaseline,insufficient_clean_prebaseline,NaN,NaN,NaN,1,0,Anesthetized,23385c57fd4c0fbd8eb031c2058b48166e42a5df01cf8b1fb486cfa6360a2065,FB2316-baseline
/Users/zcm361/Documents/Github/OxygenDynamicsV2/reference-validation/local-timing-rerun-20260909/FB2316-baseline/Recording,sink,11,1,56,87,101,89,97,274,20,20,0,0,0,1683.8647810219,1683.8647810219,valid,valid,0.115208875480773,0.115208875480773,0,1,0,Anesthetized,23385c57fd4c0fbd8eb031c2058b48166e42a5df01cf8b1fb486cfa6360a2065,FB2316-baseline
/Users/zcm361/Documents/Github/OxygenDynamicsV2/reference-validation/local-timing-rerun-20260909/FB2316-baseline/Recording,sink,11,2,57,120,144,132,141,382,20,20,0,0,0,1592.79594240838,1592.79594240838,valid,valid,0.0857822619367422,0.0857822619367422,0,1,0,Anesthetized,23385c57fd4c0fbd8eb031c2058b48166e42a5df01cf8b1fb486cfa6360a2065,FB2316-baseline
/Users/zcm361/Documents/Github/OxygenDynamicsV2/reference-validation/local-timing-rerun-20260909/FB2316-baseline/Recording,sink,11,3,58,470,482,470,481,1126,20,2,0,18,0,NaN,NaN,insufficient_clean_prebaseline,insufficient_clean_prebaseline,NaN,NaN,NaN,1,0,Anesthetized,23385c57fd4c0fbd8eb031c2058b48166e42a5df01cf8b1fb486cfa6360a2065,FB2316-baseline
/Users/zcm361/Documents/Github/OxygenDynamicsV2/reference-validation/local-timing-rerun-20260909/FB2316-baseline/Recording,sink,11,4,59,540,559,552,557,359,20,20,0,0,0,2936.44317548747,2936.44317548747,valid,valid,0.129174998157341,0.129174998157341,0,1,0,Anesthetized,23385c57fd4c0fbd8eb031c2058b48166e42a5df01cf8b1fb486cfa6360a2065,FB2316-baseline
/Users/zcm361/Documents/Github/OxygenDynamicsV2/reference-validation/local-timing-rerun-20260909/FB2316-baseline/Recording,sink,11,5,60,704,722,707,712,292,20,20,0,0,0,2621.44469178082,2621.44469178082,valid,valid,0.0533623589470855,0.0533623589470855,0,1,0,Anesthetized,23385c57fd4c0fbd8eb031c2058b48166e42a5df01cf8b1fb486cfa6360a2065,FB2316-baseline
/Users/zcm361/Documents/Github/OxygenDynamicsV2/reference-validation/local-timing-rerun-20260909/FB2316-baseline/Recording,sink,11,6,61,737,756,740,749,509,20,20,0,0,0,2841.11021611002,2841.11021611002,valid,valid,0.0364830815812546,0.0364830815812546,0,1,0,Anesthetized,23385c57fd4c0fbd8eb031c2058b48166e42a5df01cf8b1fb486cfa6360a2065,FB2316-baseline
/Users/zcm361/Documents/Github/OxygenDynamicsV2/reference-validation/local-timing-rerun-20260909/FB2316-baseline/Recording,sink,11,7,62,1071,1094,1082,1092,563,20,19,0,1,0,NaN,NaN,insufficient_clean_prebaseline,insufficient_clean_prebaseline,NaN,NaN,NaN,1,0,Anesthetized,23385c57fd4c0fbd8eb031c2058b48166e42a5df01cf8b1fb486cfa6360a2065,FB2316-baseline
/Users/zcm361/Documents/Github/OxygenDynamicsV2/reference-validation/local-timing-rerun-20260909/FB2316-baseline/Recording,sink,11,8,63,1112,1127,1114,1121,414,20,19,0,1,0,NaN,NaN,insufficient_clean_prebaseline,insufficient_clean_prebaseline,NaN,NaN,NaN,1,0,Anesthetized,23385c57fd4c0fbd8eb031c2058b48166e42a5df01cf8b1fb486cfa6360a2065,FB2316-baseline
/Users/zcm361/Documents/Github/OxygenDynamicsV2/reference-validation/local-timing-rerun-20260909/FB2316-baseline/Recording,sink,12,1,64,328,351,328,349,689,20,20,0,0,0,4384.94985486212,4384.94985486212,valid,valid,0.0403184901039245,0.0403184901039245,0,1,0,Anesthetized,23385c57fd4c0fbd8eb031c2058b48166e42a5df01cf8b1fb486cfa6360a2065,FB2316-baseline
/Users/zcm361/Documents/Github/OxygenDynamicsV2/reference-validation/local-timing-rerun-20260909/FB2316-baseline/Recording,sink,12,2,65,464,467,464,466,394,20,20,0,0,0,4130.35253807107,4130.35253807107,valid,valid,0.0559519476619446,0.0559519476619446,0,1,0,Anesthetized,23385c57fd4c0fbd8eb031c2058b48166e42a5df01cf8b1fb486cfa6360a2065,FB2316-baseline
/Users/zcm361/Documents/Github/OxygenDynamicsV2/reference-validation/local-timing-rerun-20260909/FB2316-baseline/Recording,sink,12,3,66,536,562,539,552,1115,20,19,0,1,0,NaN,NaN,insufficient_clean_prebaseline,insufficient_clean_prebaseline,NaN,NaN,NaN,1,0,Anesthetized,23385c57fd4c0fbd8eb031c2058b48166e42a5df01cf8b1fb486cfa6360a2065,FB2316-baseline
/Users/zcm361/Documents/Github/OxygenDynamicsV2/reference-validation/local-timing-rerun-20260909/FB2316-baseline/Recording,sink,12,4,67,565,580,575,580,628,20,13,0,7,0,NaN,NaN,insufficient_clean_prebaseline,insufficient_clean_prebaseline,NaN,NaN,NaN,1,0,Anesthetized,23385c57fd4c0fbd8eb031c2058b48166e42a5df01cf8b1fb486cfa6360a2065,FB2316-baseline
/Users/zcm361/Documents/Github/OxygenDynamicsV2/reference-validation/local-timing-rerun-20260909/FB2316-baseline/Recording,sink,13,1,68,103,111,109,111,273,20,20,0,0,0,2366.5532967033,2366.5532967033,valid,valid,0.0287771872062283,0.0287771872062283,0,1,0,Anesthetized,23385c57fd4c0fbd8eb031c2058b48166e42a5df01cf8b1fb486cfa6360a2065,FB2316-baseline
/Users/zcm361/Documents/Github/OxygenDynamicsV2/reference-validation/local-timing-rerun-20260909/FB2316-baseline/Recording,sink,13,2,69,709,722,710,721,561,20,20,0,0,0,2815.54260249554,2815.54260249554,valid,valid,0.0673637816667524,0.0673637816667524,0,1,0,Anesthetized,23385c57fd4c0fbd8eb031c2058b48166e42a5df01cf8b1fb486cfa6360a2065,FB2316-baseline
/Users/zcm361/Documents/Github/OxygenDynamicsV2/reference-validation/local-timing-rerun-20260909/FB2316-baseline/Recording,sink,13,3,70,770,787,772,785,811,20,20,0,0,0,3163.99260172626,3163.99260172626,valid,valid,0.0711411310531028,0.0711411310531028,0,1,0,Anesthetized,23385c57fd4c0fbd8eb031c2058b48166e42a5df01cf8b1fb486cfa6360a2065,FB2316-baseline
/Users/zcm361/Documents/Github/OxygenDynamicsV2/reference-validation/local-timing-rerun-20260909/FB2316-baseline/Recording,sink,13,4,71,799,831,809,811,343,20,13,0,7,0,NaN,NaN,insufficient_clean_prebaseline,insufficient_clean_prebaseline,NaN,NaN,NaN,1,0,Anesthetized,23385c57fd4c0fbd8eb031c2058b48166e42a5df01cf8b1fb486cfa6360a2065,FB2316-baseline
/Users/zcm361/Documents/Github/OxygenDynamicsV2/reference-validation/local-timing-rerun-20260909/FB2316-baseline/Recording,sink,14,1,72,102,113,109,112,788,20,20,0,0,0,3714.32652284264,3714.32652284264,valid,valid,0.0745358903734417,0.0745358903734417,0,1,0,Anesthetized,23385c57fd4c0fbd8eb031c2058b48166e42a5df01cf8b1fb486cfa6360a2065,FB2316-baseline
/Users/zcm361/Documents/Github/OxygenDynamicsV2/reference-validation/local-timing-rerun-20260909/FB2316-baseline/Recording,sink,14,2,73,251,273,268,272,1392,20,20,0,0,0,3821.22460488506,3821.22460488506,valid,valid,0.102280100617305,0.102280100617305,0,1,0,Anesthetized,23385c57fd4c0fbd8eb031c2058b48166e42a5df01cf8b1fb486cfa6360a2065,FB2316-baseline
/Users/zcm361/Documents/Github/OxygenDynamicsV2/reference-validation/local-timing-rerun-20260909/FB2316-baseline/Recording,sink,14,3,74,310,314,311,314,226,20,20,0,0,0,5418.50309734513,5418.50309734513,valid,valid,0.00701929483349285,0.00701929483349285,0,1,0,Anesthetized,23385c57fd4c0fbd8eb031c2058b48166e42a5df01cf8b1fb486cfa6360a2065,FB2316-baseline
/Users/zcm361/Documents/Github/OxygenDynamicsV2/reference-validation/local-timing-rerun-20260909/FB2316-baseline/Recording,sink,14,4,75,451,458,452,458,415,20,18,0,2,0,NaN,NaN,insufficient_clean_prebaseline,insufficient_clean_prebaseline,NaN,NaN,NaN,1,0,Anesthetized,23385c57fd4c0fbd8eb031c2058b48166e42a5df01cf8b1fb486cfa6360a2065,FB2316-baseline
/Users/zcm361/Documents/Github/OxygenDynamicsV2/reference-validation/local-timing-rerun-20260909/FB2316-baseline/Recording,sink,14,5,76,481,509,481,497,807,20,20,0,0,0,3117.47775712515,3117.47775712515,valid,valid,0.0191177609564304,0.0191177609564304,0,1,0,Anesthetized,23385c57fd4c0fbd8eb031c2058b48166e42a5df01cf8b1fb486cfa6360a2065,FB2316-baseline
/Users/zcm361/Documents/Github/OxygenDynamicsV2/reference-validation/local-timing-rerun-20260909/FB2316-baseline/Recording,sink,14,6,77,741,778,741,772,782,20,20,0,0,0,4829.86783887468,4829.86783887468,valid,valid,0.0364001133028622,0.0364001133028622,0,1,0,Anesthetized,23385c57fd4c0fbd8eb031c2058b48166e42a5df01cf8b1fb486cfa6360a2065,FB2316-baseline
/Users/zcm361/Documents/Github/OxygenDynamicsV2/reference-validation/local-timing-rerun-20260909/FB2316-baseline/Recording,sink,14,7,78,813,823,813,815,248,20,20,0,0,0,4618.29637096774,4618.29637096774,valid,valid,0.00261800560970002,0.00261800560970002,0,1,0,Anesthetized,23385c57fd4c0fbd8eb031c2058b48166e42a5df01cf8b1fb486cfa6360a2065,FB2316-baseline
/Users/zcm361/Documents/Github/OxygenDynamicsV2/reference-validation/local-timing-rerun-20260909/FB2316-baseline/Recording,sink,15,1,79,109,112,109,112,264,20,20,0,0,0,2242.35473484848,2242.35473484848,valid,valid,0.00590330798260377,0.00590330798260377,0,1,0,Anesthetized,23385c57fd4c0fbd8eb031c2058b48166e42a5df01cf8b1fb486cfa6360a2065,FB2316-baseline
/Users/zcm361/Documents/Github/OxygenDynamicsV2/reference-validation/local-timing-rerun-20260909/FB2316-baseline/Recording,sink,16,1,80,308,330,318,326,558,20,20,0,0,0,4128.04014336917,4128.04014336917,valid,valid,0.0406136648111281,0.0406136648111281,0,1,0,Anesthetized,23385c57fd4c0fbd8eb031c2058b48166e42a5df01cf8b1fb486cfa6360a2065,FB2316-baseline
/Users/zcm361/Documents/Github/OxygenDynamicsV2/reference-validation/local-timing-rerun-20260909/FB2316-baseline/Recording,sink,16,2,81,733,744,738,740,262,20,20,0,0,0,4399.66507633588,4399.66507633588,valid,valid,0.0604480866755775,0.0604480866755775,0,1,0,Anesthetized,23385c57fd4c0fbd8eb031c2058b48166e42a5df01cf8b1fb486cfa6360a2065,FB2316-baseline
/Users/zcm361/Documents/Github/OxygenDynamicsV2/reference-validation/local-timing-rerun-20260909/FB2316-baseline/Recording,sink,17,1,82,144,152,146,152,569,20,10,0,10,0,NaN,NaN,insufficient_clean_prebaseline,insufficient_clean_prebaseline,NaN,NaN,NaN,1,0,Anesthetized,23385c57fd4c0fbd8eb031c2058b48166e42a5df01cf8b1fb486cfa6360a2065,FB2316-baseline
/Users/zcm361/Documents/Github/OxygenDynamicsV2/reference-validation/local-timing-rerun-20260909/FB2316-baseline/Recording,sink,17,2,83,179,187,179,182,510,20,8,0,12,0,NaN,NaN,insufficient_clean_prebaseline,insufficient_clean_prebaseline,NaN,NaN,NaN,1,0,Anesthetized,23385c57fd4c0fbd8eb031c2058b48166e42a5df01cf8b1fb486cfa6360a2065,FB2316-baseline
/Users/zcm361/Documents/Github/OxygenDynamicsV2/reference-validation/local-timing-rerun-20260909/FB2316-baseline/Recording,sink,18,1,84,427,457,447,456,986,20,14,0,6,0,NaN,NaN,insufficient_clean_prebaseline,insufficient_clean_prebaseline,NaN,NaN,NaN,1,0,Anesthetized,23385c57fd4c0fbd8eb031c2058b48166e42a5df01cf8b1fb486cfa6360a2065,FB2316-baseline
/Users/zcm361/Documents/Github/OxygenDynamicsV2/reference-validation/local-timing-rerun-20260909/FB2316-baseline/Recording,sink,18,2,85,539,586,544,583,532,20,20,0,0,0,2766.42622180451,2766.42622180451,valid,valid,0.096273710262776,0.096273710262776,0,1,0,Anesthetized,23385c57fd4c0fbd8eb031c2058b48166e42a5df01cf8b1fb486cfa6360a2065,FB2316-baseline
/Users/zcm361/Documents/Github/OxygenDynamicsV2/reference-validation/local-timing-rerun-20260909/FB2316-baseline/Recording,sink,18,3,86,798,809,798,806,1706,20,16,0,4,0,NaN,NaN,insufficient_clean_prebaseline,insufficient_clean_prebaseline,NaN,NaN,NaN,1,0,Anesthetized,23385c57fd4c0fbd8eb031c2058b48166e42a5df01cf8b1fb486cfa6360a2065,FB2316-baseline
/Users/zcm361/Documents/Github/OxygenDynamicsV2/reference-validation/local-timing-rerun-20260909/FB2316-baseline/Recording,sink,18,4,87,1090,1110,1091,1110,747,20,20,0,0,0,2364.90214190094,2364.90214190094,valid,valid,0.0368790713863878,0.0368790713863878,0,1,0,Anesthetized,23385c57fd4c0fbd8eb031c2058b48166e42a5df01cf8b1fb486cfa6360a2065,FB2316-baseline
/Users/zcm361/Documents/Github/OxygenDynamicsV2/reference-validation/local-timing-rerun-20260909/FB2316-baseline/Recording,sink,18,5,88,1153,1155,1153,1155,280,20,20,0,0,0,3522.455,3522.455,valid,valid,0.049807388799654,0.049807388799654,0,1,0,Anesthetized,23385c57fd4c0fbd8eb031c2058b48166e42a5df01cf8b1fb486cfa6360a2065,FB2316-baseline
/Users/zcm361/Documents/Github/OxygenDynamicsV2/reference-validation/local-timing-rerun-20260909/FB2316-baseline/Recording,sink,19,1,89,194,212,204,206,232,20,20,0,0,0,2895.02521551724,2895.02521551724,valid,valid,0.203197637564499,0.203197637564499,0,1,0,Anesthetized,23385c57fd4c0fbd8eb031c2058b48166e42a5df01cf8b1fb486cfa6360a2065,FB2316-baseline
/Users/zcm361/Documents/Github/OxygenDynamicsV2/reference-validation/local-timing-rerun-20260909/FB2316-baseline/Recording,sink,19,2,90,421,457,421,446,568,20,20,0,0,0,2919.96786971831,2919.96786971831,valid,valid,0.0366971467555763,0.0366971467555763,0,1,0,Anesthetized,23385c57fd4c0fbd8eb031c2058b48166e42a5df01cf8b1fb486cfa6360a2065,FB2316-baseline
/Users/zcm361/Documents/Github/OxygenDynamicsV2/reference-validation/local-timing-rerun-20260909/FB2316-baseline/Recording,sink,20,1,91,220,236,225,236,2046,20,14,0,6,0,NaN,NaN,insufficient_clean_prebaseline,insufficient_clean_prebaseline,NaN,NaN,NaN,1,0,Anesthetized,23385c57fd4c0fbd8eb031c2058b48166e42a5df01cf8b1fb486cfa6360a2065,FB2316-baseline
/Users/zcm361/Documents/Github/OxygenDynamicsV2/reference-validation/local-timing-rerun-20260909/FB2316-baseline/Recording,sink,21,1,92,279,285,279,285,297,20,15,0,5,0,NaN,NaN,insufficient_clean_prebaseline,insufficient_clean_prebaseline,NaN,NaN,NaN,1,0,Anesthetized,23385c57fd4c0fbd8eb031c2058b48166e42a5df01cf8b1fb486cfa6360a2065,FB2316-baseline
/Users/zcm361/Documents/Github/OxygenDynamicsV2/reference-validation/local-timing-rerun-20260909/FB2316-baseline/Recording,sink,22,1,93,509,535,515,517,304,20,20,0,0,0,1203.04769736842,1203.04769736842,valid,valid,0.0897733688972499,0.0897733688972499,0,1,0,Anesthetized,23385c57fd4c0fbd8eb031c2058b48166e42a5df01cf8b1fb486cfa6360a2065,FB2316-baseline
/Users/zcm361/Documents/Github/OxygenDynamicsV2/reference-validation/local-timing-rerun-20260909/FB2316-baseline/Recording,sink,22,2,94,801,815,807,814,460,20,20,0,0,0,1094.19673913043,1094.19673913043,valid,valid,0.0562542901731565,0.0562542901731565,0,1,0,Anesthetized,23385c57fd4c0fbd8eb031c2058b48166e42a5df01cf8b1fb486cfa6360a2065,FB2316-baseline
/Users/zcm361/Documents/Github/OxygenDynamicsV2/reference-validation/local-timing-rerun-20260909/FB2316-baseline/Recording,sink,22,3,95,852,874,870,874,571,20,20,0,0,0,1058.93852889667,1058.93852889667,valid,valid,0.0885017032057513,0.0885017032057513,0,1,0,Anesthetized,23385c57fd4c0fbd8eb031c2058b48166e42a5df01cf8b1fb486cfa6360a2065,FB2316-baseline
/Users/zcm361/Documents/Github/OxygenDynamicsV2/reference-validation/local-timing-rerun-20260909/FB2316-baseline/Recording,sink,23,1,96,480,486,482,485,666,20,20,0,0,0,1525.12762762763,1525.12762762763,valid,valid,0.0599605211989347,0.0599605211989347,0,1,0,Anesthetized,23385c57fd4c0fbd8eb031c2058b48166e42a5df01cf8b1fb486cfa6360a2065,FB2316-baseline
/Users/zcm361/Documents/Github/OxygenDynamicsV2/reference-validation/local-timing-rerun-20260909/FB2316-baseline/Recording,sink,23,2,97,513,522,518,521,236,20,20,0,0,0,1230.48728813559,1230.48728813559,valid,valid,0.0490263262108507,0.0490263262108507,0,1,0,Anesthetized,23385c57fd4c0fbd8eb031c2058b48166e42a5df01cf8b1fb486cfa6360a2065,FB2316-baseline
/Users/zcm361/Documents/Github/OxygenDynamicsV2/reference-validation/local-timing-rerun-20260909/FB2316-baseline/Recording,sink,23,3,98,538,546,543,545,319,20,16,0,4,0,NaN,NaN,insufficient_clean_prebaseline,insufficient_clean_prebaseline,NaN,NaN,NaN,1,0,Anesthetized,23385c57fd4c0fbd8eb031c2058b48166e42a5df01cf8b1fb486cfa6360a2065,FB2316-baseline
/Users/zcm361/Documents/Github/OxygenDynamicsV2/reference-validation/local-timing-rerun-20260909/FB2316-baseline/Recording,sink,24,1,99,748,754,750,753,302,20,17,0,3,0,NaN,NaN,insufficient_clean_prebaseline,insufficient_clean_prebaseline,NaN,NaN,NaN,1,0,Anesthetized,23385c57fd4c0fbd8eb031c2058b48166e42a5df01cf8b1fb486cfa6360a2065,FB2316-baseline
/Users/zcm361/Documents/Github/OxygenDynamicsV2/reference-validation/local-timing-rerun-20260909/FB2316-baseline/Recording,sink,25,1,100,311,330,311,323,397,20,20,0,0,0,6544.77443324937,6544.77443324937,valid,valid,0.00664265599707667,0.00664265599707667,0,1,0,Anesthetized,23385c57fd4c0fbd8eb031c2058b48166e42a5df01cf8b1fb486cfa6360a2065,FB2316-baseline
/Users/zcm361/Documents/Github/OxygenDynamicsV2/reference-validation/local-timing-rerun-20260909/FB2316-baseline/Recording,sink,25,2,101,1034,1047,1038,1041,352,20,20,0,0,0,4914.57670454545,4914.57670454545,valid,valid,0.0712594895403342,0.0712594895403342,0,1,0,Anesthetized,23385c57fd4c0fbd8eb031c2058b48166e42a5df01cf8b1fb486cfa6360a2065,FB2316-baseline
/Users/zcm361/Documents/Github/OxygenDynamicsV2/reference-validation/local-timing-rerun-20260909/FB2316-baseline/Recording,sink,26,1,102,293,300,293,295,294,20,20,0,0,0,1709.04387755102,1709.04387755102,valid,valid,0.0426938402325045,0.0426938402325045,0,1,0,Anesthetized,23385c57fd4c0fbd8eb031c2058b48166e42a5df01cf8b1fb486cfa6360a2065,FB2316-baseline
/Users/zcm361/Documents/Github/OxygenDynamicsV2/reference-validation/local-timing-rerun-20260909/FB2316-baseline/Recording,sink,27,1,103,617,637,626,633,226,20,20,0,0,0,2506.0721238938,2506.0721238938,valid,valid,0.101749856057579,0.101749856057579,0,1,0,Anesthetized,23385c57fd4c0fbd8eb031c2058b48166e42a5df01cf8b1fb486cfa6360a2065,FB2316-baseline
/Users/zcm361/Documents/Github/OxygenDynamicsV2/reference-validation/local-timing-rerun-20260909/FB2316-baseline/Recording,sink,27,2,104,706,733,713,733,1077,20,20,0,0,0,2792.64531104921,2792.64531104921,valid,valid,0.0968507610020883,0.0968507610020883,0,1,0,Anesthetized,23385c57fd4c0fbd8eb031c2058b48166e42a5df01cf8b1fb486cfa6360a2065,FB2316-baseline
/Users/zcm361/Documents/Github/OxygenDynamicsV2/reference-validation/local-timing-rerun-20260909/FB2316-baseline/Recording,sink,27,3,105,757,790,757,781,1271,20,16,0,4,0,NaN,NaN,insufficient_clean_prebaseline,insufficient_clean_prebaseline,NaN,NaN,NaN,1,0,Anesthetized,23385c57fd4c0fbd8eb031c2058b48166e42a5df01cf8b1fb486cfa6360a2065,FB2316-baseline
/Users/zcm361/Documents/Github/OxygenDynamicsV2/reference-validation/local-timing-rerun-20260909/FB2316-baseline/Recording,sink,27,4,106,1117,1144,1127,1131,265,20,20,0,0,0,1190.13452830189,1190.13452830189,valid,valid,0.0986527129563441,0.0986527129563441,0,1,0,Anesthetized,23385c57fd4c0fbd8eb031c2058b48166e42a5df01cf8b1fb486cfa6360a2065,FB2316-baseline
/Users/zcm361/Documents/Github/OxygenDynamicsV2/reference-validation/local-timing-rerun-20260909/FB2316-baseline/Recording,sink,28,1,107,312,330,317,330,692,20,3,0,17,0,NaN,NaN,insufficient_clean_prebaseline,insufficient_clean_prebaseline,NaN,NaN,NaN,1,0,Anesthetized,23385c57fd4c0fbd8eb031c2058b48166e42a5df01cf8b1fb486cfa6360a2065,FB2316-baseline
/Users/zcm361/Documents/Github/OxygenDynamicsV2/reference-validation/local-timing-rerun-20260909/FB2316-baseline/Recording,sink,28,2,108,774,802,787,790,211,20,20,0,0,0,4325.24691943128,4325.24691943128,valid,valid,0.0384484528237219,0.0384484528237219,0,1,0,Anesthetized,23385c57fd4c0fbd8eb031c2058b48166e42a5df01cf8b1fb486cfa6360a2065,FB2316-baseline
/Users/zcm361/Documents/Github/OxygenDynamicsV2/reference-validation/local-timing-rerun-20260909/FB2316-baseline/Recording,sink,29,1,109,318,324,322,324,204,20,19,0,1,0,NaN,NaN,insufficient_clean_prebaseline,insufficient_clean_prebaseline,NaN,NaN,NaN,1,0,Anesthetized,23385c57fd4c0fbd8eb031c2058b48166e42a5df01cf8b1fb486cfa6360a2065,FB2316-baseline
/Users/zcm361/Documents/Github/OxygenDynamicsV2/reference-validation/local-timing-rerun-20260909/FB2316-baseline/Recording,sink,29,2,110,795,801,795,801,961,20,15,0,5,0,NaN,NaN,insufficient_clean_prebaseline,insufficient_clean_prebaseline,NaN,NaN,NaN,1,0,Anesthetized,23385c57fd4c0fbd8eb031c2058b48166e42a5df01cf8b1fb486cfa6360a2065,FB2316-baseline
/Users/zcm361/Documents/Github/OxygenDynamicsV2/reference-validation/local-timing-rerun-20260909/FB2316-baseline/Recording,sink,30,1,111,321,331,327,329,346,20,20,0,0,0,1764.24710982659,1764.24710982659,valid,valid,0.0642097080825878,0.0642097080825878,0,1,0,Anesthetized,23385c57fd4c0fbd8eb031c2058b48166e42a5df01cf8b1fb486cfa6360a2065,FB2316-baseline
/Users/zcm361/Documents/Github/OxygenDynamicsV2/reference-validation/local-timing-rerun-20260909/FB2316-baseline/Recording,sink,30,2,112,594,600,594,596,496,20,20,0,0,0,1784.90393145161,1784.90393145161,valid,valid,0.0340968359924042,0.0340968359924042,0,1,0,Anesthetized,23385c57fd4c0fbd8eb031c2058b48166e42a5df01cf8b1fb486cfa6360a2065,FB2316-baseline
/Users/zcm361/Documents/Github/OxygenDynamicsV2/reference-validation/local-timing-rerun-20260909/FB2316-baseline/Recording,sink,30,3,113,645,658,649,652,456,20,20,0,0,0,1924.11184210526,1924.11184210526,valid,valid,0.0862279816958155,0.0862279816958155,0,1,0,Anesthetized,23385c57fd4c0fbd8eb031c2058b48166e42a5df01cf8b1fb486cfa6360a2065,FB2316-baseline
/Users/zcm361/Documents/Github/OxygenDynamicsV2/reference-validation/local-timing-rerun-20260909/FB2316-baseline/Recording,sink,30,4,114,722,744,726,743,916,20,20,0,0,0,1976.44383187773,1976.44383187773,valid,valid,0.065285062871096,0.065285062871096,0,1,0,Anesthetized,23385c57fd4c0fbd8eb031c2058b48166e42a5df01cf8b1fb486cfa6360a2065,FB2316-baseline
/Users/zcm361/Documents/Github/OxygenDynamicsV2/reference-validation/local-timing-rerun-20260909/FB2316-baseline/Recording,sink,30,5,115,835,856,845,850,475,20,20,0,0,0,1624.19568421053,1624.19568421053,valid,valid,0.0622778860130867,0.0622778860130867,0,1,0,Anesthetized,23385c57fd4c0fbd8eb031c2058b48166e42a5df01cf8b1fb486cfa6360a2065,FB2316-baseline
/Users/zcm361/Documents/Github/OxygenDynamicsV2/reference-validation/local-timing-rerun-20260909/FB2316-baseline/Recording,sink,30,6,116,1075,1095,1075,1089,719,20,20,0,0,0,1688.36140472879,1688.36140472879,valid,valid,0.0476326986560243,0.0476326986560243,0,1,0,Anesthetized,23385c57fd4c0fbd8eb031c2058b48166e42a5df01cf8b1fb486cfa6360a2065,FB2316-baseline
/Users/zcm361/Documents/Github/OxygenDynamicsV2/reference-validation/local-timing-rerun-20260909/FB2316-baseline/Recording,sink,31,1,117,328,340,328,331,325,20,20,0,0,0,2823.456,2823.456,valid,valid,0.0521675999473421,0.0521675999473421,0,1,0,Anesthetized,23385c57fd4c0fbd8eb031c2058b48166e42a5df01cf8b1fb486cfa6360a2065,FB2316-baseline
/Users/zcm361/Documents/Github/OxygenDynamicsV2/reference-validation/local-timing-rerun-20260909/FB2316-baseline/Recording,sink,32,1,118,480,492,485,492,372,20,15,0,5,0,NaN,NaN,insufficient_clean_prebaseline,insufficient_clean_prebaseline,NaN,NaN,NaN,1,0,Anesthetized,23385c57fd4c0fbd8eb031c2058b48166e42a5df01cf8b1fb486cfa6360a2065,FB2316-baseline
/Users/zcm361/Documents/Github/OxygenDynamicsV2/reference-validation/local-timing-rerun-20260909/FB2316-baseline/Recording,sink,32,2,119,749,768,749,763,652,20,20,0,0,0,3664.51541411043,3664.51541411043,valid,valid,0.0626628312596925,0.0626628312596925,0,1,0,Anesthetized,23385c57fd4c0fbd8eb031c2058b48166e42a5df01cf8b1fb486cfa6360a2065,FB2316-baseline
/Users/zcm361/Documents/Github/OxygenDynamicsV2/reference-validation/local-timing-rerun-20260909/FB2316-baseline/Recording,sink,33,1,120,365,385,365,374,370,20,20,0,0,0,2357.88621621622,2357.88621621622,valid,valid,0.0419213085838793,0.0419213085838793,0,1,0,Anesthetized,23385c57fd4c0fbd8eb031c2058b48166e42a5df01cf8b1fb486cfa6360a2065,FB2316-baseline
/Users/zcm361/Documents/Github/OxygenDynamicsV2/reference-validation/local-timing-rerun-20260909/FB2316-baseline/Recording,sink,34,1,121,369,386,381,383,446,20,19,0,1,0,NaN,NaN,insufficient_clean_prebaseline,insufficient_clean_prebaseline,NaN,NaN,NaN,1,0,Anesthetized,23385c57fd4c0fbd8eb031c2058b48166e42a5df01cf8b1fb486cfa6360a2065,FB2316-baseline
/Users/zcm361/Documents/Github/OxygenDynamicsV2/reference-validation/local-timing-rerun-20260909/FB2316-baseline/Recording,sink,35,1,122,1187,1193,1191,1193,493,20,20,0,0,0,6487.5,6487.5,valid,valid,0.0200699582204816,0.0200699582204816,0,1,0,Anesthetized,23385c57fd4c0fbd8eb031c2058b48166e42a5df01cf8b1fb486cfa6360a2065,FB2316-baseline
/Users/zcm361/Documents/Github/OxygenDynamicsV2/reference-validation/local-timing-rerun-20260909/FB2316-baseline/Recording,sink,36,1,123,1191,1196,1191,1196,466,20,20,0,0,0,7186.21899141631,7186.21899141631,valid,valid,0.0213489962405839,0.0213489962405839,0,1,0,Anesthetized,23385c57fd4c0fbd8eb031c2058b48166e42a5df01cf8b1fb486cfa6360a2065,FB2316-baseline
/Users/zcm361/Documents/Github/OxygenDynamicsV2/reference-validation/local-timing-rerun-20260909/FB2316-baseline/Recording,sink,37,1,124,776,785,779,781,169,20,20,0,0,0,5813.25236686391,5813.25236686391,valid,valid,0.0328922494119615,0.0328922494119615,0,1,0,Anesthetized,23385c57fd4c0fbd8eb031c2058b48166e42a5df01cf8b1fb486cfa6360a2065,FB2316-baseline
/Users/zcm361/Documents/Github/OxygenDynamicsV2/reference-validation/local-timing-rerun-20260909/FB2316-baseline/Recording,sink,38,1,125,389,408,393,408,445,20,20,0,0,0,7032.40101123596,7032.40101123596,valid,valid,0.061049825407657,0.061049825407657,0,1,0,Anesthetized,23385c57fd4c0fbd8eb031c2058b48166e42a5df01cf8b1fb486cfa6360a2065,FB2316-baseline
/Users/zcm361/Documents/Github/OxygenDynamicsV2/reference-validation/local-timing-rerun-20260909/FB2316-baseline/Recording,sink,38,2,126,756,758,756,758,256,20,20,0,0,0,6201.4408203125,6201.4408203125,valid,valid,0.0320526886125286,0.0320526886125286,0,1,0,Anesthetized,23385c57fd4c0fbd8eb031c2058b48166e42a5df01cf8b1fb486cfa6360a2065,FB2316-baseline
/Users/zcm361/Documents/Github/OxygenDynamicsV2/reference-validation/local-timing-rerun-20260909/FB2316-baseline/Recording,sink,38,3,127,779,782,779,782,320,20,20,0,0,0,6329.36796875,6329.36796875,valid,valid,0.0410416916874722,0.0410416916874722,0,1,0,Anesthetized,23385c57fd4c0fbd8eb031c2058b48166e42a5df01cf8b1fb486cfa6360a2065,FB2316-baseline
/Users/zcm361/Documents/Github/OxygenDynamicsV2/reference-validation/local-timing-rerun-20260909/FB2316-baseline/Recording,sink,39,1,128,398,411,401,404,260,20,20,0,0,0,5644.3875,5644.3875,valid,valid,0.0989906072454889,0.0989906072454889,0,1,0,Anesthetized,23385c57fd4c0fbd8eb031c2058b48166e42a5df01cf8b1fb486cfa6360a2065,FB2316-baseline
/Users/zcm361/Documents/Github/OxygenDynamicsV2/reference-validation/local-timing-rerun-20260909/FB2316-baseline/Recording,sink,39,2,129,515,527,515,527,597,20,20,0,0,0,4658.48274706868,4658.48274706868,valid,valid,0.0572950941748454,0.0572950941748454,0,1,0,Anesthetized,23385c57fd4c0fbd8eb031c2058b48166e42a5df01cf8b1fb486cfa6360a2065,FB2316-baseline
/Users/zcm361/Documents/Github/OxygenDynamicsV2/reference-validation/local-timing-rerun-20260909/FB2316-baseline/Recording,sink,39,3,130,580,660,580,658,927,20,20,0,0,0,4386.92508090615,4386.92508090615,valid,valid,0.0652956660920087,0.0652956660920087,0,1,0,Anesthetized,23385c57fd4c0fbd8eb031c2058b48166e42a5df01cf8b1fb486cfa6360a2065,FB2316-baseline
/Users/zcm361/Documents/Github/OxygenDynamicsV2/reference-validation/local-timing-rerun-20260909/FB2316-baseline/Recording,sink,39,4,131,1183,1193,1189,1193,225,20,20,0,0,0,4644.95844444444,4644.95844444444,valid,valid,0.064386797767309,0.064386797767309,0,1,0,Anesthetized,23385c57fd4c0fbd8eb031c2058b48166e42a5df01cf8b1fb486cfa6360a2065,FB2316-baseline
/Users/zcm361/Documents/Github/OxygenDynamicsV2/reference-validation/local-timing-rerun-20260909/FB2316-baseline/Recording,sink,40,1,132,418,427,423,425,207,20,20,0,0,0,6600.43792270531,6600.43792270531,valid,valid,0.0536120553851408,0.0536120553851408,0,1,0,Anesthetized,23385c57fd4c0fbd8eb031c2058b48166e42a5df01cf8b1fb486cfa6360a2065,FB2316-baseline
/Users/zcm361/Documents/Github/OxygenDynamicsV2/reference-validation/local-timing-rerun-20260909/FB2316-baseline/Recording,sink,40,2,133,520,556,523,555,719,20,20,0,0,0,6902.93776077886,6902.93776077886,valid,valid,0.0560865092964747,0.0560865092964747,0,1,0,Anesthetized,23385c57fd4c0fbd8eb031c2058b48166e42a5df01cf8b1fb486cfa6360a2065,FB2316-baseline
/Users/zcm361/Documents/Github/OxygenDynamicsV2/reference-validation/local-timing-rerun-20260909/FB2316-baseline/Recording,sink,41,1,134,417,428,420,426,476,20,20,0,0,0,3982.02016806723,3982.02016806723,valid,valid,0.0314035526074767,0.0314035526074767,0,1,0,Anesthetized,23385c57fd4c0fbd8eb031c2058b48166e42a5df01cf8b1fb486cfa6360a2065,FB2316-baseline
/Users/zcm361/Documents/Github/OxygenDynamicsV2/reference-validation/local-timing-rerun-20260909/FB2316-baseline/Recording,sink,41,2,135,1098,1113,1109,1112,538,20,16,0,4,0,NaN,NaN,insufficient_clean_prebaseline,insufficient_clean_prebaseline,NaN,NaN,NaN,1,0,Anesthetized,23385c57fd4c0fbd8eb031c2058b48166e42a5df01cf8b1fb486cfa6360a2065,FB2316-baseline
/Users/zcm361/Documents/Github/OxygenDynamicsV2/reference-validation/local-timing-rerun-20260909/FB2316-baseline/Recording,sink,41,3,136,1167,1186,1168,1170,310,20,20,0,0,0,3663.02080645161,3663.02080645161,valid,valid,0.0606853703375176,0.0606853703375176,0,1,0,Anesthetized,23385c57fd4c0fbd8eb031c2058b48166e42a5df01cf8b1fb486cfa6360a2065,FB2316-baseline
/Users/zcm361/Documents/Github/OxygenDynamicsV2/reference-validation/local-timing-rerun-20260909/FB2316-baseline/Recording,sink,42,1,137,420,441,422,433,868,20,20,0,0,0,5463.02494239632,5463.02494239632,valid,valid,0.0347859409644731,0.0347859409644731,0,1,0,Anesthetized,23385c57fd4c0fbd8eb031c2058b48166e42a5df01cf8b1fb486cfa6360a2065,FB2316-baseline
/Users/zcm361/Documents/Github/OxygenDynamicsV2/reference-validation/local-timing-rerun-20260909/FB2316-baseline/Recording,sink,42,2,138,504,512,504,512,527,20,9,0,11,0,NaN,NaN,insufficient_clean_prebaseline,insufficient_clean_prebaseline,NaN,NaN,NaN,1,0,Anesthetized,23385c57fd4c0fbd8eb031c2058b48166e42a5df01cf8b1fb486cfa6360a2065,FB2316-baseline
/Users/zcm361/Documents/Github/OxygenDynamicsV2/reference-validation/local-timing-rerun-20260909/FB2316-baseline/Recording,sink,43,1,139,449,456,449,452,584,20,20,0,0,0,1614.20625,1614.20625,valid,valid,0.0497291042095256,0.0497291042095256,0,1,0,Anesthetized,23385c57fd4c0fbd8eb031c2058b48166e42a5df01cf8b1fb486cfa6360a2065,FB2316-baseline
/Users/zcm361/Documents/Github/OxygenDynamicsV2/reference-validation/local-timing-rerun-20260909/FB2316-baseline/Recording,sink,44,1,140,425,470,427,470,831,20,20,0,0,0,7834.06299638989,7834.06299638989,valid,valid,0.0278168036379315,0.0278168036379315,0,1,0,Anesthetized,23385c57fd4c0fbd8eb031c2058b48166e42a5df01cf8b1fb486cfa6360a2065,FB2316-baseline
/Users/zcm361/Documents/Github/OxygenDynamicsV2/reference-validation/local-timing-rerun-20260909/FB2316-baseline/Recording,sink,45,1,141,434,444,436,441,539,20,20,0,0,0,2584.42727272727,2584.42727272727,valid,valid,0.0377028445599996,0.0377028445599996,0,1,0,Anesthetized,23385c57fd4c0fbd8eb031c2058b48166e42a5df01cf8b1fb486cfa6360a2065,FB2316-baseline
/Users/zcm361/Documents/Github/OxygenDynamicsV2/reference-validation/local-timing-rerun-20260909/FB2316-baseline/Recording,sink,45,2,142,473,491,475,480,248,20,20,0,0,0,2663.02560483871,2663.02560483871,valid,valid,0.0617511748210845,0.0617511748210845,0,1,0,Anesthetized,23385c57fd4c0fbd8eb031c2058b48166e42a5df01cf8b1fb486cfa6360a2065,FB2316-baseline
/Users/zcm361/Documents/Github/OxygenDynamicsV2/reference-validation/local-timing-rerun-20260909/FB2316-baseline/Recording,sink,45,3,143,1073,1097,1085,1090,294,20,20,0,0,0,2437.63044217687,2437.63044217687,valid,valid,0.0622849626676179,0.0622849626676179,0,1,0,Anesthetized,23385c57fd4c0fbd8eb031c2058b48166e42a5df01cf8b1fb486cfa6360a2065,FB2316-baseline
/Users/zcm361/Documents/Github/OxygenDynamicsV2/reference-validation/local-timing-rerun-20260909/FB2316-baseline/Recording,sink,46,1,144,438,456,438,456,589,20,20,0,0,0,7319.76977928693,7319.76977928693,valid,valid,0.0335249023483255,0.0335249023483255,0,1,0,Anesthetized,23385c57fd4c0fbd8eb031c2058b48166e42a5df01cf8b1fb486cfa6360a2065,FB2316-baseline
/Users/zcm361/Documents/Github/OxygenDynamicsV2/reference-validation/local-timing-rerun-20260909/FB2316-baseline/Recording,sink,46,2,145,582,593,582,593,995,20,20,0,0,0,6755.28708542713,6755.28708542713,valid,valid,0.0247112083352867,0.0247112083352867,0,1,0,Anesthetized,23385c57fd4c0fbd8eb031c2058b48166e42a5df01cf8b1fb486cfa6360a2065,FB2316-baseline
/Users/zcm361/Documents/Github/OxygenDynamicsV2/reference-validation/local-timing-rerun-20260909/FB2316-baseline/Recording,sink,47,1,146,439,445,441,443,232,20,20,0,0,0,7415.09288793103,7415.09288793103,valid,valid,0.0357800933214296,0.0357800933214296,0,1,0,Anesthetized,23385c57fd4c0fbd8eb031c2058b48166e42a5df01cf8b1fb486cfa6360a2065,FB2316-baseline
/Users/zcm361/Documents/Github/OxygenDynamicsV2/reference-validation/local-timing-rerun-20260909/FB2316-baseline/Recording,sink,48,1,147,443,446,443,446,451,20,20,0,0,0,3136.28603104213,3136.28603104213,valid,valid,0.074568122929871,0.074568122929871,0,1,0,Anesthetized,23385c57fd4c0fbd8eb031c2058b48166e42a5df01cf8b1fb486cfa6360a2065,FB2316-baseline
/Users/zcm361/Documents/Github/OxygenDynamicsV2/reference-validation/local-timing-rerun-20260909/FB2316-baseline/Recording,sink,49,1,148,427,450,446,448,176,20,20,0,0,0,1070.359375,1070.359375,valid,valid,0.0681177864804857,0.0681177864804857,0,1,0,Anesthetized,23385c57fd4c0fbd8eb031c2058b48166e42a5df01cf8b1fb486cfa6360a2065,FB2316-baseline
/Users/zcm361/Documents/Github/OxygenDynamicsV2/reference-validation/local-timing-rerun-20260909/FB2316-baseline/Recording,sink,50,1,149,486,512,487,512,769,20,20,0,0,0,8631.07015604682,8631.07015604682,valid,valid,0.0282637743147984,0.0282637743147984,0,1,0,Anesthetized,23385c57fd4c0fbd8eb031c2058b48166e42a5df01cf8b1fb486cfa6360a2065,FB2316-baseline
/Users/zcm361/Documents/Github/OxygenDynamicsV2/reference-validation/local-timing-rerun-20260909/FB2316-baseline/Recording,sink,50,2,150,1157,1160,1158,1160,535,20,20,0,0,0,6058.33102803738,6058.33102803738,valid,valid,0.0340752986749904,0.0340752986749904,0,1,0,Anesthetized,23385c57fd4c0fbd8eb031c2058b48166e42a5df01cf8b1fb486cfa6360a2065,FB2316-baseline
/Users/zcm361/Documents/Github/OxygenDynamicsV2/reference-validation/local-timing-rerun-20260909/FB2316-baseline/Recording,sink,50,3,151,1197,1199,1197,1199,264,20,20,0,0,0,5783.41799242424,5783.41799242424,valid,valid,0.0129211823497343,0.0129211823497343,0,1,0,Anesthetized,23385c57fd4c0fbd8eb031c2058b48166e42a5df01cf8b1fb486cfa6360a2065,FB2316-baseline
/Users/zcm361/Documents/Github/OxygenDynamicsV2/reference-validation/local-timing-rerun-20260909/FB2316-baseline/Recording,sink,51,1,152,479,506,498,500,297,20,20,0,0,0,1523.65471380471,1523.65471380471,valid,valid,0.0621897619238874,0.0621897619238874,0,1,0,Anesthetized,23385c57fd4c0fbd8eb031c2058b48166e42a5df01cf8b1fb486cfa6360a2065,FB2316-baseline
/Users/zcm361/Documents/Github/OxygenDynamicsV2/reference-validation/local-timing-rerun-20260909/FB2316-baseline/Recording,sink,52,1,153,546,555,548,550,283,20,20,0,0,0,2208.88038869258,2208.88038869258,valid,valid,0.100527640475968,0.100527640475968,0,1,0,Anesthetized,23385c57fd4c0fbd8eb031c2058b48166e42a5df01cf8b1fb486cfa6360a2065,FB2316-baseline
/Users/zcm361/Documents/Github/OxygenDynamicsV2/reference-validation/local-timing-rerun-20260909/FB2316-baseline/Recording,sink,52,2,154,957,982,975,979,445,20,20,0,0,0,2171.54011235955,2171.54011235955,valid,valid,0.108418211131364,0.108418211131364,0,1,0,Anesthetized,23385c57fd4c0fbd8eb031c2058b48166e42a5df01cf8b1fb486cfa6360a2065,FB2316-baseline
/Users/zcm361/Documents/Github/OxygenDynamicsV2/reference-validation/local-timing-rerun-20260909/FB2316-baseline/Recording,sink,53,1,155,470,476,471,475,681,20,20,0,0,0,6528.48861967695,6528.48861967695,valid,valid,0.061527183214785,0.061527183214785,0,1,0,Anesthetized,23385c57fd4c0fbd8eb031c2058b48166e42a5df01cf8b1fb486cfa6360a2065,FB2316-baseline
/Users/zcm361/Documents/Github/OxygenDynamicsV2/reference-validation/local-timing-rerun-20260909/FB2316-baseline/Recording,sink,53,2,156,519,527,519,527,301,20,20,0,0,0,8059.84916943522,8059.84916943522,valid,valid,0.0329011210402442,0.0329011210402442,0,1,0,Anesthetized,23385c57fd4c0fbd8eb031c2058b48166e42a5df01cf8b1fb486cfa6360a2065,FB2316-baseline
/Users/zcm361/Documents/Github/OxygenDynamicsV2/reference-validation/local-timing-rerun-20260909/FB2316-baseline/Recording,sink,54,1,157,478,489,481,488,751,20,20,0,0,0,7344.96065246338,7344.96065246338,valid,valid,0.0285775162439381,0.0285775162439381,0,1,0,Anesthetized,23385c57fd4c0fbd8eb031c2058b48166e42a5df01cf8b1fb486cfa6360a2065,FB2316-baseline
/Users/zcm361/Documents/Github/OxygenDynamicsV2/reference-validation/local-timing-rerun-20260909/FB2316-baseline/Recording,sink,55,1,158,478,512,486,494,333,20,20,0,0,0,5890.06951951952,5890.06951951952,valid,valid,0.0397376477020937,0.0397376477020937,0,1,0,Anesthetized,23385c57fd4c0fbd8eb031c2058b48166e42a5df01cf8b1fb486cfa6360a2065,FB2316-baseline
/Users/zcm361/Documents/Github/OxygenDynamicsV2/reference-validation/local-timing-rerun-20260909/FB2316-baseline/Recording,sink,55,2,159,1195,1198,1196,1198,206,20,20,0,0,0,5814.73859223301,5814.73859223301,valid,valid,0.0328268185928433,0.0328268185928433,0,1,0,Anesthetized,23385c57fd4c0fbd8eb031c2058b48166e42a5df01cf8b1fb486cfa6360a2065,FB2316-baseline
/Users/zcm361/Documents/Github/OxygenDynamicsV2/reference-validation/local-timing-rerun-20260909/FB2316-baseline/Recording,sink,56,1,160,487,500,496,500,374,20,20,0,0,0,1448.44612299465,1448.44612299465,valid,valid,0.0696834714169539,0.0696834714169539,0,1,0,Anesthetized,23385c57fd4c0fbd8eb031c2058b48166e42a5df01cf8b1fb486cfa6360a2065,FB2316-baseline
/Users/zcm361/Documents/Github/OxygenDynamicsV2/reference-validation/local-timing-rerun-20260909/FB2316-baseline/Recording,sink,56,2,161,526,533,526,528,241,20,20,0,0,0,1508.19937759336,1508.19937759336,valid,valid,0.0422752750834614,0.0422752750834614,0,1,0,Anesthetized,23385c57fd4c0fbd8eb031c2058b48166e42a5df01cf8b1fb486cfa6360a2065,FB2316-baseline
/Users/zcm361/Documents/Github/OxygenDynamicsV2/reference-validation/local-timing-rerun-20260909/FB2316-baseline/Recording,sink,57,1,162,495,503,497,500,354,20,20,0,0,0,2739.24166666667,2739.24166666667,valid,valid,0.0815213353153382,0.0815213353153382,0,1,0,Anesthetized,23385c57fd4c0fbd8eb031c2058b48166e42a5df01cf8b1fb486cfa6360a2065,FB2316-baseline
/Users/zcm361/Documents/Github/OxygenDynamicsV2/reference-validation/local-timing-rerun-20260909/FB2316-baseline/Recording,sink,58,1,163,695,716,695,704,268,20,20,0,0,0,4302.11529850746,4302.11529850746,valid,valid,0.0171044806229914,0.0171044806229914,0,1,0,Anesthetized,23385c57fd4c0fbd8eb031c2058b48166e42a5df01cf8b1fb486cfa6360a2065,FB2316-baseline
/Users/zcm361/Documents/Github/OxygenDynamicsV2/reference-validation/local-timing-rerun-20260909/FB2316-baseline/Recording,sink,58,2,164,1055,1079,1073,1077,333,20,20,0,0,0,3688.3539039039,3688.3539039039,valid,valid,0.0709357596919481,0.0709357596919481,0,1,0,Anesthetized,23385c57fd4c0fbd8eb031c2058b48166e42a5df01cf8b1fb486cfa6360a2065,FB2316-baseline
/Users/zcm361/Documents/Github/OxygenDynamicsV2/reference-validation/local-timing-rerun-20260909/FB2316-baseline/Recording,sink,58,3,165,1123,1127,1123,1127,406,20,20,0,0,0,3693.47857142857,3693.47857142857,valid,valid,0.0283833381469921,0.0283833381469921,0,1,0,Anesthetized,23385c57fd4c0fbd8eb031c2058b48166e42a5df01cf8b1fb486cfa6360a2065,FB2316-baseline
/Users/zcm361/Documents/Github/OxygenDynamicsV2/reference-validation/local-timing-rerun-20260909/FB2316-baseline/Recording,sink,59,1,166,493,516,513,516,315,20,20,0,0,0,3092.25634920635,3092.25634920635,valid,valid,0.0465194291013163,0.0465194291013163,0,1,0,Anesthetized,23385c57fd4c0fbd8eb031c2058b48166e42a5df01cf8b1fb486cfa6360a2065,FB2316-baseline
/Users/zcm361/Documents/Github/OxygenDynamicsV2/reference-validation/local-timing-rerun-20260909/FB2316-baseline/Recording,sink,59,2,167,775,784,780,784,362,20,20,0,0,0,3152.06988950276,3152.06988950276,valid,valid,0.0546692417233858,0.0546692417233858,0,1,0,Anesthetized,23385c57fd4c0fbd8eb031c2058b48166e42a5df01cf8b1fb486cfa6360a2065,FB2316-baseline
/Users/zcm361/Documents/Github/OxygenDynamicsV2/reference-validation/local-timing-rerun-20260909/FB2316-baseline/Recording,sink,60,1,168,516,520,516,519,250,20,3,0,17,0,NaN,NaN,insufficient_clean_prebaseline,insufficient_clean_prebaseline,NaN,NaN,NaN,1,0,Anesthetized,23385c57fd4c0fbd8eb031c2058b48166e42a5df01cf8b1fb486cfa6360a2065,FB2316-baseline
/Users/zcm361/Documents/Github/OxygenDynamicsV2/reference-validation/local-timing-rerun-20260909/FB2316-baseline/Recording,sink,61,1,169,511,542,525,528,173,20,17,0,3,0,NaN,NaN,insufficient_clean_prebaseline,insufficient_clean_prebaseline,NaN,NaN,NaN,1,0,Anesthetized,23385c57fd4c0fbd8eb031c2058b48166e42a5df01cf8b1fb486cfa6360a2065,FB2316-baseline
/Users/zcm361/Documents/Github/OxygenDynamicsV2/reference-validation/local-timing-rerun-20260909/FB2316-baseline/Recording,sink,62,1,170,524,538,527,529,203,20,20,0,0,0,6076.58399014778,6076.58399014778,valid,valid,0.0657101671598854,0.0657101671598854,0,1,0,Anesthetized,23385c57fd4c0fbd8eb031c2058b48166e42a5df01cf8b1fb486cfa6360a2065,FB2316-baseline
/Users/zcm361/Documents/Github/OxygenDynamicsV2/reference-validation/local-timing-rerun-20260909/FB2316-baseline/Recording,sink,63,1,171,529,534,530,532,334,20,20,0,0,0,2402.32125748503,2402.32125748503,valid,valid,0.0986487246055557,0.0986487246055557,0,1,0,Anesthetized,23385c57fd4c0fbd8eb031c2058b48166e42a5df01cf8b1fb486cfa6360a2065,FB2316-baseline
/Users/zcm361/Documents/Github/OxygenDynamicsV2/reference-validation/local-timing-rerun-20260909/FB2316-baseline/Recording,sink,64,1,172,546,560,556,558,370,20,20,0,0,0,9381.23324324324,9381.23324324324,valid,valid,0.033599944777617,0.033599944777617,0,1,0,Anesthetized,23385c57fd4c0fbd8eb031c2058b48166e42a5df01cf8b1fb486cfa6360a2065,FB2316-baseline
/Users/zcm361/Documents/Github/OxygenDynamicsV2/reference-validation/local-timing-rerun-20260909/FB2316-baseline/Recording,sink,65,1,173,556,562,556,558,407,20,20,0,0,0,5958.61744471745,5958.61744471745,valid,valid,0.0985368248071992,0.0985368248071992,0,1,0,Anesthetized,23385c57fd4c0fbd8eb031c2058b48166e42a5df01cf8b1fb486cfa6360a2065,FB2316-baseline
/Users/zcm361/Documents/Github/OxygenDynamicsV2/reference-validation/local-timing-rerun-20260909/FB2316-baseline/Recording,sink,66,1,174,580,599,582,597,487,20,20,0,0,0,4726.60246406571,4726.60246406571,valid,valid,0.0881177853309119,0.0881177853309119,0,1,0,Anesthetized,23385c57fd4c0fbd8eb031c2058b48166e42a5df01cf8b1fb486cfa6360a2065,FB2316-baseline
/Users/zcm361/Documents/Github/OxygenDynamicsV2/reference-validation/local-timing-rerun-20260909/FB2316-baseline/Recording,sink,67,1,175,590,601,597,601,296,20,20,0,0,0,2388.53800675676,2388.53800675676,valid,valid,0.113697914696066,0.113697914696066,0,1,0,Anesthetized,23385c57fd4c0fbd8eb031c2058b48166e42a5df01cf8b1fb486cfa6360a2065,FB2316-baseline
/Users/zcm361/Documents/Github/OxygenDynamicsV2/reference-validation/local-timing-rerun-20260909/FB2316-baseline/Recording,sink,68,1,176,653,676,653,674,456,20,20,0,0,0,6114.0048245614,6114.0048245614,valid,valid,0.0462700281658496,0.0462700281658496,0,1,0,Anesthetized,23385c57fd4c0fbd8eb031c2058b48166e42a5df01cf8b1fb486cfa6360a2065,FB2316-baseline
/Users/zcm361/Documents/Github/OxygenDynamicsV2/reference-validation/local-timing-rerun-20260909/FB2316-baseline/Recording,sink,68,2,177,698,704,698,704,260,20,20,0,0,0,5801.39153846154,5801.39153846154,valid,valid,0.0187387402677527,0.0187387402677527,0,1,0,Anesthetized,23385c57fd4c0fbd8eb031c2058b48166e42a5df01cf8b1fb486cfa6360a2065,FB2316-baseline
/Users/zcm361/Documents/Github/OxygenDynamicsV2/reference-validation/local-timing-rerun-20260909/FB2316-baseline/Recording,sink,68,3,178,729,744,729,738,332,20,20,0,0,0,5627.67635542169,5627.67635542169,valid,valid,0.0275673654711704,0.0275673654711704,0,1,0,Anesthetized,23385c57fd4c0fbd8eb031c2058b48166e42a5df01cf8b1fb486cfa6360a2065,FB2316-baseline
/Users/zcm361/Documents/Github/OxygenDynamicsV2/reference-validation/local-timing-rerun-20260909/FB2316-baseline/Recording,sink,68,4,179,1137,1142,1137,1141,460,20,20,0,0,0,5179.43717391304,5179.43717391304,valid,valid,0.0284348085327888,0.0284348085327888,0,1,0,Anesthetized,23385c57fd4c0fbd8eb031c2058b48166e42a5df01cf8b1fb486cfa6360a2065,FB2316-baseline
/Users/zcm361/Documents/Github/OxygenDynamicsV2/reference-validation/local-timing-rerun-20260909/FB2316-baseline/Recording,sink,69,1,180,647,677,652,664,354,20,20,0,0,0,5077.26144067797,5077.26144067797,valid,valid,0.0811347291155864,0.0811347291155864,0,1,0,Anesthetized,23385c57fd4c0fbd8eb031c2058b48166e42a5df01cf8b1fb486cfa6360a2065,FB2316-baseline
/Users/zcm361/Documents/Github/OxygenDynamicsV2/reference-validation/local-timing-rerun-20260909/FB2316-baseline/Recording,sink,70,1,181,775,789,775,781,236,20,20,0,0,0,5436.41186440678,5436.41186440678,valid,valid,0.0260416033381938,0.0260416033381938,0,1,0,Anesthetized,23385c57fd4c0fbd8eb031c2058b48166e42a5df01cf8b1fb486cfa6360a2065,FB2316-baseline
/Users/zcm361/Documents/Github/OxygenDynamicsV2/reference-validation/local-timing-rerun-20260909/FB2316-baseline/Recording,sink,70,2,182,1189,1196,1189,1196,404,20,20,0,0,0,4838.8948019802,4838.8948019802,valid,valid,0.0240586092428131,0.0240586092428131,0,1,0,Anesthetized,23385c57fd4c0fbd8eb031c2058b48166e42a5df01cf8b1fb486cfa6360a2065,FB2316-baseline
/Users/zcm361/Documents/Github/OxygenDynamicsV2/reference-validation/local-timing-rerun-20260909/FB2316-baseline/Recording,sink,71,1,183,792,795,792,795,291,20,20,0,0,0,3451.5264604811,3451.5264604811,valid,valid,0.0191430814713982,0.0191430814713982,0,1,0,Anesthetized,23385c57fd4c0fbd8eb031c2058b48166e42a5df01cf8b1fb486cfa6360a2065,FB2316-baseline
/Users/zcm361/Documents/Github/OxygenDynamicsV2/reference-validation/local-timing-rerun-20260909/FB2316-baseline/Recording,sink,72,1,184,789,809,789,793,322,20,20,0,0,0,4953.56614906832,4953.56614906832,valid,valid,0.0304362570086435,0.0304362570086435,0,1,0,Anesthetized,23385c57fd4c0fbd8eb031c2058b48166e42a5df01cf8b1fb486cfa6360a2065,FB2316-baseline
/Users/zcm361/Documents/Github/OxygenDynamicsV2/reference-validation/local-timing-rerun-20260909/FB2316-baseline/Recording,sink,73,1,185,873,891,873,875,300,20,20,0,0,0,3356.998,3356.998,valid,valid,0.0338798732280053,0.0338798732280053,0,1,0,Anesthetized,23385c57fd4c0fbd8eb031c2058b48166e42a5df01cf8b1fb486cfa6360a2065,FB2316-baseline
/Users/zcm361/Documents/Github/OxygenDynamicsV2/reference-validation/local-timing-rerun-20260909/FB2316-baseline/Recording,sink,74,1,186,1080,1098,1080,1082,670,20,20,0,0,0,1980.37805970149,1980.37805970149,valid,valid,0.0425301727025889,0.0425301727025889,0,1,0,Anesthetized,23385c57fd4c0fbd8eb031c2058b48166e42a5df01cf8b1fb486cfa6360a2065,FB2316-baseline
/Users/zcm361/Documents/Github/OxygenDynamicsV2/reference-validation/local-timing-rerun-20260909/FB2316-baseline/Recording,sink,75,1,187,1076,1096,1078,1087,332,20,12,0,8,0,NaN,NaN,insufficient_clean_prebaseline,insufficient_clean_prebaseline,NaN,NaN,NaN,1,0,Anesthetized,23385c57fd4c0fbd8eb031c2058b48166e42a5df01cf8b1fb486cfa6360a2065,FB2316-baseline
/Users/zcm361/Documents/Github/OxygenDynamicsV2/reference-validation/local-timing-rerun-20260909/FB2316-baseline/Recording,sink,76,1,188,1073,1098,1085,1087,215,20,20,0,0,0,694.593023255814,694.593023255814,valid,valid,0.106955721101531,0.106955721101531,0,1,0,Anesthetized,23385c57fd4c0fbd8eb031c2058b48166e42a5df01cf8b1fb486cfa6360a2065,FB2316-baseline
/Users/zcm361/Documents/Github/OxygenDynamicsV2/reference-validation/local-timing-rerun-20260909/FB2316-baseline/Recording,sink,77,1,189,1103,1118,1103,1111,365,20,20,0,0,0,2021.48630136986,2021.48630136986,valid,valid,0.0302320617204889,0.0302320617204889,0,1,0,Anesthetized,23385c57fd4c0fbd8eb031c2058b48166e42a5df01cf8b1fb486cfa6360a2065,FB2316-baseline
/Users/zcm361/Documents/Github/OxygenDynamicsV2/reference-validation/local-timing-rerun-20260909/FB2316-baseline/Recording,sink,78,1,190,1082,1102,1088,1091,513,20,20,0,0,0,5814.80233918129,5814.80233918129,valid,valid,0.0413023346748047,0.0413023346748047,0,1,0,Anesthetized,23385c57fd4c0fbd8eb031c2058b48166e42a5df01cf8b1fb486cfa6360a2065,FB2316-baseline
/Users/zcm361/Documents/Github/OxygenDynamicsV2/reference-validation/local-timing-rerun-20260909/FB2316-baseline/Recording,sink,79,1,191,1123,1148,1123,1131,452,20,20,0,0,0,728.96935840708,728.96935840708,valid,valid,0.0286807823446943,0.0286807823446943,0,1,0,Anesthetized,23385c57fd4c0fbd8eb031c2058b48166e42a5df01cf8b1fb486cfa6360a2065,FB2316-baseline
/Users/zcm361/Documents/Github/OxygenDynamicsV2/reference-validation/local-timing-rerun-20260909/FB2316-baseline/Recording,sink,80,1,192,1100,1140,1120,1128,534,20,20,0,0,0,3332.50543071161,3332.50543071161,valid,valid,0.0537003600725776,0.0537003600725776,0,1,0,Anesthetized,23385c57fd4c0fbd8eb031c2058b48166e42a5df01cf8b1fb486cfa6360a2065,FB2316-baseline
/Users/zcm361/Documents/Github/OxygenDynamicsV2/reference-validation/local-timing-rerun-20260909/FB2316-baseline/Recording,sink,81,1,193,1123,1130,1125,1128,220,20,20,0,0,0,2356.43136363636,2356.43136363636,valid,valid,0.0494409014864347,0.0494409014864347,0,1,0,Anesthetized,23385c57fd4c0fbd8eb031c2058b48166e42a5df01cf8b1fb486cfa6360a2065,FB2316-baseline
/Users/zcm361/Documents/Github/OxygenDynamicsV2/reference-validation/local-timing-rerun-20260909/FB2316-baseline/Recording,surge,1,1,1,214,223,214,223,11195,20,15,0,5,0,NaN,NaN,insufficient_clean_prebaseline,insufficient_clean_prebaseline,NaN,NaN,NaN,1,0,Anesthetized,23385c57fd4c0fbd8eb031c2058b48166e42a5df01cf8b1fb486cfa6360a2065,FB2316-baseline
/Users/zcm361/Documents/Github/OxygenDynamicsV2/reference-validation/local-timing-rerun-20260909/FB2316-baseline/Recording,surge,1,2,2,311,320,311,320,2318,20,20,0,0,0,1474.92899050906,1474.92899050906,valid,valid,0.0145742235174071,0.0145742235174071,0,1,0,Anesthetized,23385c57fd4c0fbd8eb031c2058b48166e42a5df01cf8b1fb486cfa6360a2065,FB2316-baseline
/Users/zcm361/Documents/Github/OxygenDynamicsV2/reference-validation/local-timing-rerun-20260909/FB2316-baseline/Recording,surge,1,3,3,429,438,429,438,2157,20,20,0,0,0,1148.42865090403,1148.42865090403,valid,valid,0.0153221393881363,0.0153221393881363,0,1,0,Anesthetized,23385c57fd4c0fbd8eb031c2058b48166e42a5df01cf8b1fb486cfa6360a2065,FB2316-baseline
/Users/zcm361/Documents/Github/OxygenDynamicsV2/reference-validation/local-timing-rerun-20260909/FB2316-baseline/Recording,surge,2,1,4,359,379,359,379,17942,20,7,0,13,0,NaN,NaN,insufficient_clean_prebaseline,insufficient_clean_prebaseline,NaN,NaN,NaN,1,0,Anesthetized,23385c57fd4c0fbd8eb031c2058b48166e42a5df01cf8b1fb486cfa6360a2065,FB2316-baseline
/Users/zcm361/Documents/Github/OxygenDynamicsV2/reference-validation/local-timing-rerun-20260909/FB2316-baseline/Recording,surge,2,2,5,486,500,486,500,11475,20,8,0,12,0,NaN,NaN,insufficient_clean_prebaseline,insufficient_clean_prebaseline,NaN,NaN,NaN,1,0,Anesthetized,23385c57fd4c0fbd8eb031c2058b48166e42a5df01cf8b1fb486cfa6360a2065,FB2316-baseline
/Users/zcm361/Documents/Github/OxygenDynamicsV2/reference-validation/local-timing-rerun-20260909/FB2316-baseline/Recording,surge,2,3,6,513,523,513,523,10708,20,12,0,8,0,NaN,NaN,insufficient_clean_prebaseline,insufficient_clean_prebaseline,NaN,NaN,NaN,1,0,Anesthetized,23385c57fd4c0fbd8eb031c2058b48166e42a5df01cf8b1fb486cfa6360a2065,FB2316-baseline
/Users/zcm361/Documents/Github/OxygenDynamicsV2/reference-validation/local-timing-rerun-20260909/FB2316-baseline/Recording,surge,2,4,7,1050,1068,1050,1068,12437,20,17,0,3,0,NaN,NaN,insufficient_clean_prebaseline,insufficient_clean_prebaseline,NaN,NaN,NaN,1,0,Anesthetized,23385c57fd4c0fbd8eb031c2058b48166e42a5df01cf8b1fb486cfa6360a2065,FB2316-baseline
/Users/zcm361/Documents/Github/OxygenDynamicsV2/reference-validation/local-timing-rerun-20260909/FB2316-baseline/Recording,surge,3,1,8,314,324,314,324,6057,20,8,0,12,0,NaN,NaN,insufficient_clean_prebaseline,insufficient_clean_prebaseline,NaN,NaN,NaN,1,0,Anesthetized,23385c57fd4c0fbd8eb031c2058b48166e42a5df01cf8b1fb486cfa6360a2065,FB2316-baseline
/Users/zcm361/Documents/Github/OxygenDynamicsV2/reference-validation/local-timing-rerun-20260909/FB2316-baseline/Recording,surge,3,2,9,1103,1119,1103,1119,7019,20,18,0,2,0,NaN,NaN,insufficient_clean_prebaseline,insufficient_clean_prebaseline,NaN,NaN,NaN,1,0,Anesthetized,23385c57fd4c0fbd8eb031c2058b48166e42a5df01cf8b1fb486cfa6360a2065,FB2316-baseline
/Users/zcm361/Documents/Github/OxygenDynamicsV2/reference-validation/local-timing-rerun-20260909/FB2316-baseline/Recording,surge,4,1,10,64,79,64,79,1638,20,20,0,0,0,2252.00271672772,2252.00271672772,valid,valid,0.0758653310472842,0.0758653310472842,0,1,0,Anesthetized,23385c57fd4c0fbd8eb031c2058b48166e42a5df01cf8b1fb486cfa6360a2065,FB2316-baseline
/Users/zcm361/Documents/Github/OxygenDynamicsV2/reference-validation/local-timing-rerun-20260909/FB2316-baseline/Recording,surge,4,2,11,1120,1141,1120,1141,4284,20,3,0,17,0,NaN,NaN,insufficient_clean_prebaseline,insufficient_clean_prebaseline,NaN,NaN,NaN,1,0,Anesthetized,23385c57fd4c0fbd8eb031c2058b48166e42a5df01cf8b1fb486cfa6360a2065,FB2316-baseline
/Users/zcm361/Documents/Github/OxygenDynamicsV2/reference-validation/local-timing-rerun-20260909/FB2316-baseline/Recording,surge,5,1,12,367,377,367,377,4682,20,20,0,0,0,1204.98963049979,1204.98963049979,valid,valid,0.0595772354040244,0.0595772354040244,0,1,0,Anesthetized,23385c57fd4c0fbd8eb031c2058b48166e42a5df01cf8b1fb486cfa6360a2065,FB2316-baseline
/Users/zcm361/Documents/Github/OxygenDynamicsV2/reference-validation/local-timing-rerun-20260909/FB2316-baseline/Recording,surge,5,2,13,382,395,382,395,8350,20,8,0,12,0,NaN,NaN,insufficient_clean_prebaseline,insufficient_clean_prebaseline,NaN,NaN,NaN,1,0,Anesthetized,23385c57fd4c0fbd8eb031c2058b48166e42a5df01cf8b1fb486cfa6360a2065,FB2316-baseline
/Users/zcm361/Documents/Github/OxygenDynamicsV2/reference-validation/local-timing-rerun-20260909/FB2316-baseline/Recording,surge,5,3,14,1107,1118,1107,1118,4822,20,20,0,0,0,834.103909166321,834.103909166321,valid,valid,0.0193632521711789,0.0193632521711789,0,1,0,Anesthetized,23385c57fd4c0fbd8eb031c2058b48166e42a5df01cf8b1fb486cfa6360a2065,FB2316-baseline
/Users/zcm361/Documents/Github/OxygenDynamicsV2/reference-validation/local-timing-rerun-20260909/FB2316-baseline/Recording,surge,6,1,15,105,114,105,114,8721,20,20,0,0,0,2781.83796582961,2781.83796582961,valid,valid,0.044582888295836,0.044582888295836,0,1,0,Anesthetized,23385c57fd4c0fbd8eb031c2058b48166e42a5df01cf8b1fb486cfa6360a2065,FB2316-baseline
/Users/zcm361/Documents/Github/OxygenDynamicsV2/reference-validation/local-timing-rerun-20260909/FB2316-baseline/Recording,surge,6,2,16,125,144,125,144,14826,20,7,0,13,0,NaN,NaN,insufficient_clean_prebaseline,insufficient_clean_prebaseline,NaN,NaN,NaN,1,0,Anesthetized,23385c57fd4c0fbd8eb031c2058b48166e42a5df01cf8b1fb486cfa6360a2065,FB2316-baseline
/Users/zcm361/Documents/Github/OxygenDynamicsV2/reference-validation/local-timing-rerun-20260909/FB2316-baseline/Recording,surge,7,1,17,1130,1141,1130,1141,7326,20,17,0,3,0,NaN,NaN,insufficient_clean_prebaseline,insufficient_clean_prebaseline,NaN,NaN,NaN,1,0,Anesthetized,23385c57fd4c0fbd8eb031c2058b48166e42a5df01cf8b1fb486cfa6360a2065,FB2316-baseline
/Users/zcm361/Documents/Github/OxygenDynamicsV2/reference-validation/local-timing-rerun-20260909/FB2316-baseline/Recording,surge,8,1,18,368,378,368,378,5948,20,20,0,0,0,2913.96213012777,2913.96213012777,valid,valid,0.0247590088111341,0.0247590088111341,0,1,0,Anesthetized,23385c57fd4c0fbd8eb031c2058b48166e42a5df01cf8b1fb486cfa6360a2065,FB2316-baseline
/Users/zcm361/Documents/Github/OxygenDynamicsV2/reference-validation/local-timing-rerun-20260909/FB2316-baseline/Recording,surge,9,1,19,104,125,104,125,2792,20,16,0,4,0,NaN,NaN,insufficient_clean_prebaseline,insufficient_clean_prebaseline,NaN,NaN,NaN,1,0,Anesthetized,23385c57fd4c0fbd8eb031c2058b48166e42a5df01cf8b1fb486cfa6360a2065,FB2316-baseline
/Users/zcm361/Documents/Github/OxygenDynamicsV2/reference-validation/local-timing-rerun-20260909/FB2316-baseline/Recording,surge,10,1,20,122,143,122,143,9537,20,18,0,2,0,NaN,NaN,insufficient_clean_prebaseline,insufficient_clean_prebaseline,NaN,NaN,NaN,1,0,Anesthetized,23385c57fd4c0fbd8eb031c2058b48166e42a5df01cf8b1fb486cfa6360a2065,FB2316-baseline
/Users/zcm361/Documents/Github/OxygenDynamicsV2/reference-validation/local-timing-rerun-20260909/FB2316-baseline/Recording,surge,10,2,21,168,187,168,187,20547,20,13,0,7,0,NaN,NaN,insufficient_clean_prebaseline,insufficient_clean_prebaseline,NaN,NaN,NaN,1,0,Anesthetized,23385c57fd4c0fbd8eb031c2058b48166e42a5df01cf8b1fb486cfa6360a2065,FB2316-baseline
/Users/zcm361/Documents/Github/OxygenDynamicsV2/reference-validation/local-timing-rerun-20260909/FB2316-baseline/Recording,surge,10,3,22,194,206,194,206,9361,20,0,0,20,0,NaN,NaN,insufficient_clean_prebaseline,insufficient_clean_prebaseline,NaN,NaN,NaN,1,0,Anesthetized,23385c57fd4c0fbd8eb031c2058b48166e42a5df01cf8b1fb486cfa6360a2065,FB2316-baseline
/Users/zcm361/Documents/Github/OxygenDynamicsV2/reference-validation/local-timing-rerun-20260909/FB2316-baseline/Recording,surge,11,1,23,185,195,185,195,10981,20,19,0,1,0,NaN,NaN,insufficient_clean_prebaseline,insufficient_clean_prebaseline,NaN,NaN,NaN,1,0,Anesthetized,23385c57fd4c0fbd8eb031c2058b48166e42a5df01cf8b1fb486cfa6360a2065,FB2316-baseline
/Users/zcm361/Documents/Github/OxygenDynamicsV2/reference-validation/local-timing-rerun-20260909/FB2316-baseline/Recording,surge,11,2,24,235,245,235,245,17936,20,17,0,3,0,NaN,NaN,insufficient_clean_prebaseline,insufficient_clean_prebaseline,NaN,NaN,NaN,1,0,Anesthetized,23385c57fd4c0fbd8eb031c2058b48166e42a5df01cf8b1fb486cfa6360a2065,FB2316-baseline
/Users/zcm361/Documents/Github/OxygenDynamicsV2/reference-validation/local-timing-rerun-20260909/FB2316-baseline/Recording,surge,12,1,25,208,217,208,217,3746,20,20,0,0,0,6846.57712226375,6846.57712226375,valid,valid,0.0166858292590965,0.0166858292590965,0,1,0,Anesthetized,23385c57fd4c0fbd8eb031c2058b48166e42a5df01cf8b1fb486cfa6360a2065,FB2316-baseline
/Users/zcm361/Documents/Github/OxygenDynamicsV2/reference-validation/local-timing-rerun-20260909/FB2316-baseline/Recording,surge,12,2,26,848,861,848,861,5350,20,20,0,0,0,6089.68099065421,6089.68099065421,valid,valid,-0.00127288407320874,-0.00127288407320874,0,1,1,Anesthetized,23385c57fd4c0fbd8eb031c2058b48166e42a5df01cf8b1fb486cfa6360a2065,FB2316-baseline
/Users/zcm361/Documents/Github/OxygenDynamicsV2/reference-validation/local-timing-rerun-20260909/FB2316-baseline/Recording,surge,12,3,27,988,997,988,997,3214,20,20,0,0,0,5758.38268512757,5758.38268512757,valid,valid,0.00457394653613903,0.00457394653613903,0,1,0,Anesthetized,23385c57fd4c0fbd8eb031c2058b48166e42a5df01cf8b1fb486cfa6360a2065,FB2316-baseline
/Users/zcm361/Documents/Github/OxygenDynamicsV2/reference-validation/local-timing-rerun-20260909/FB2316-baseline/Recording,surge,13,1,28,186,198,186,198,14991,20,0,0,20,0,NaN,NaN,insufficient_clean_prebaseline,insufficient_clean_prebaseline,NaN,NaN,NaN,1,0,Anesthetized,23385c57fd4c0fbd8eb031c2058b48166e42a5df01cf8b1fb486cfa6360a2065,FB2316-baseline
/Users/zcm361/Documents/Github/OxygenDynamicsV2/reference-validation/local-timing-rerun-20260909/FB2316-baseline/Recording,surge,13,2,29,242,253,242,253,10227,20,15,0,5,0,NaN,NaN,insufficient_clean_prebaseline,insufficient_clean_prebaseline,NaN,NaN,NaN,1,0,Anesthetized,23385c57fd4c0fbd8eb031c2058b48166e42a5df01cf8b1fb486cfa6360a2065,FB2316-baseline
/Users/zcm361/Documents/Github/OxygenDynamicsV2/reference-validation/local-timing-rerun-20260909/FB2316-baseline/Recording,surge,14,1,30,925,934,925,934,3134,20,20,0,0,0,5091.16119974474,5091.16119974474,valid,valid,0.00474293223076056,0.00474293223076056,0,1,0,Anesthetized,23385c57fd4c0fbd8eb031c2058b48166e42a5df01cf8b1fb486cfa6360a2065,FB2316-baseline
/Users/zcm361/Documents/Github/OxygenDynamicsV2/reference-validation/local-timing-rerun-20260909/FB2316-baseline/Recording,surge,15,1,31,163,172,163,172,1843,20,20,0,0,0,4882.45314704287,4882.45314704287,valid,valid,0.0550867921099164,0.0550867921099164,0,1,0,Anesthetized,23385c57fd4c0fbd8eb031c2058b48166e42a5df01cf8b1fb486cfa6360a2065,FB2316-baseline
/Users/zcm361/Documents/Github/OxygenDynamicsV2/reference-validation/local-timing-rerun-20260909/FB2316-baseline/Recording,surge,15,2,32,847,866,847,866,4106,20,20,0,0,0,4353.70683146615,4353.70683146615,valid,valid,0.00766347593263743,0.00766347593263743,0,1,0,Anesthetized,23385c57fd4c0fbd8eb031c2058b48166e42a5df01cf8b1fb486cfa6360a2065,FB2316-baseline
/Users/zcm361/Documents/Github/OxygenDynamicsV2/reference-validation/local-timing-rerun-20260909/FB2316-baseline/Recording,surge,15,3,33,895,918,895,918,3358,20,20,0,0,0,4741.596128648,4741.596128648,valid,valid,0.00592184041383337,0.00592184041383337,0,1,0,Anesthetized,23385c57fd4c0fbd8eb031c2058b48166e42a5df01cf8b1fb486cfa6360a2065,FB2316-baseline
/Users/zcm361/Documents/Github/OxygenDynamicsV2/reference-validation/local-timing-rerun-20260909/FB2316-baseline/Recording,surge,16,1,34,916,933,916,933,2252,20,20,0,0,0,5060.08841030195,5060.08841030195,valid,valid,0.00273962490440505,0.00273962490440505,0,1,0,Anesthetized,23385c57fd4c0fbd8eb031c2058b48166e42a5df01cf8b1fb486cfa6360a2065,FB2316-baseline
/Users/zcm361/Documents/Github/OxygenDynamicsV2/reference-validation/local-timing-rerun-20260909/FB2316-baseline/Recording,surge,16,2,35,950,961,950,961,1369,20,16,0,4,0,NaN,NaN,insufficient_clean_prebaseline,insufficient_clean_prebaseline,NaN,NaN,NaN,1,0,Anesthetized,23385c57fd4c0fbd8eb031c2058b48166e42a5df01cf8b1fb486cfa6360a2065,FB2316-baseline
/Users/zcm361/Documents/Github/OxygenDynamicsV2/reference-validation/local-timing-rerun-20260909/FB2316-baseline/Recording,surge,17,1,36,274,288,274,288,8662,20,20,0,0,0,4033.26884668668,4033.26884668668,valid,valid,0.0239843444794997,0.0239843444794997,0,1,0,Anesthetized,23385c57fd4c0fbd8eb031c2058b48166e42a5df01cf8b1fb486cfa6360a2065,FB2316-baseline
/Users/zcm361/Documents/Github/OxygenDynamicsV2/reference-validation/local-timing-rerun-20260909/FB2316-baseline/Recording,surge,17,2,37,291,317,291,317,9876,20,3,0,17,0,NaN,NaN,insufficient_clean_prebaseline,insufficient_clean_prebaseline,NaN,NaN,NaN,1,0,Anesthetized,23385c57fd4c0fbd8eb031c2058b48166e42a5df01cf8b1fb486cfa6360a2065,FB2316-baseline
/Users/zcm361/Documents/Github/OxygenDynamicsV2/reference-validation/local-timing-rerun-20260909/FB2316-baseline/Recording,surge,17,3,38,985,994,985,994,6326,20,4,0,16,0,NaN,NaN,insufficient_clean_prebaseline,insufficient_clean_prebaseline,NaN,NaN,NaN,1,0,Anesthetized,23385c57fd4c0fbd8eb031c2058b48166e42a5df01cf8b1fb486cfa6360a2065,FB2316-baseline
/Users/zcm361/Documents/Github/OxygenDynamicsV2/reference-validation/local-timing-rerun-20260909/FB2316-baseline/Recording,surge,18,1,39,904,917,904,917,4827,20,20,0,0,0,3640.47112077895,3640.47112077895,valid,valid,0.00766786087174436,0.00766786087174436,0,1,0,Anesthetized,23385c57fd4c0fbd8eb031c2058b48166e42a5df01cf8b1fb486cfa6360a2065,FB2316-baseline
/Users/zcm361/Documents/Github/OxygenDynamicsV2/reference-validation/local-timing-rerun-20260909/FB2316-baseline/Recording,surge,18,2,40,926,940,926,940,4051,20,8,0,12,0,NaN,NaN,insufficient_clean_prebaseline,insufficient_clean_prebaseline,NaN,NaN,NaN,1,0,Anesthetized,23385c57fd4c0fbd8eb031c2058b48166e42a5df01cf8b1fb486cfa6360a2065,FB2316-baseline
/Users/zcm361/Documents/Github/OxygenDynamicsV2/reference-validation/local-timing-rerun-20260909/FB2316-baseline/Recording,surge,19,1,41,169,179,169,179,967,20,20,0,0,0,4099.06504653568,4099.06504653568,valid,valid,0.0899037460531203,0.0899037460531203,0,1,0,Anesthetized,23385c57fd4c0fbd8eb031c2058b48166e42a5df01cf8b1fb486cfa6360a2065,FB2316-baseline
/Users/zcm361/Documents/Github/OxygenDynamicsV2/reference-validation/local-timing-rerun-20260909/FB2316-baseline/Recording,surge,19,2,42,182,202,182,202,1125,20,9,0,11,0,NaN,NaN,insufficient_clean_prebaseline,insufficient_clean_prebaseline,NaN,NaN,NaN,1,0,Anesthetized,23385c57fd4c0fbd8eb031c2058b48166e42a5df01cf8b1fb486cfa6360a2065,FB2316-baseline
/Users/zcm361/Documents/Github/OxygenDynamicsV2/reference-validation/local-timing-rerun-20260909/FB2316-baseline/Recording,surge,20,1,43,445,464,445,464,2484,20,20,0,0,0,4260.52892512077,4260.52892512077,valid,valid,0.027381643894367,0.027381643894367,0,1,0,Anesthetized,23385c57fd4c0fbd8eb031c2058b48166e42a5df01cf8b1fb486cfa6360a2065,FB2316-baseline
/Users/zcm361/Documents/Github/OxygenDynamicsV2/reference-validation/local-timing-rerun-20260909/FB2316-baseline/Recording,surge,21,1,44,391,403,391,403,1622,20,20,0,0,0,2171.01088162762,2171.01088162762,valid,valid,0.090076442055886,0.090076442055886,0,1,0,Anesthetized,23385c57fd4c0fbd8eb031c2058b48166e42a5df01cf8b1fb486cfa6360a2065,FB2316-baseline
/Users/zcm361/Documents/Github/OxygenDynamicsV2/reference-validation/local-timing-rerun-20260909/FB2316-baseline/Recording,surge,21,2,45,418,438,418,438,4406,20,14,0,6,0,NaN,NaN,insufficient_clean_prebaseline,insufficient_clean_prebaseline,NaN,NaN,NaN,1,0,Anesthetized,23385c57fd4c0fbd8eb031c2058b48166e42a5df01cf8b1fb486cfa6360a2065,FB2316-baseline
/Users/zcm361/Documents/Github/OxygenDynamicsV2/reference-validation/local-timing-rerun-20260909/FB2316-baseline/Recording,surge,21,3,46,445,467,445,467,4543,20,6,0,14,0,NaN,NaN,insufficient_clean_prebaseline,insufficient_clean_prebaseline,NaN,NaN,NaN,1,0,Anesthetized,23385c57fd4c0fbd8eb031c2058b48166e42a5df01cf8b1fb486cfa6360a2065,FB2316-baseline
/Users/zcm361/Documents/Github/OxygenDynamicsV2/reference-validation/local-timing-rerun-20260909/FB2316-baseline/Recording,surge,22,1,47,208,226,208,226,2877,20,3,0,17,0,NaN,NaN,insufficient_clean_prebaseline,insufficient_clean_prebaseline,NaN,NaN,NaN,1,0,Anesthetized,23385c57fd4c0fbd8eb031c2058b48166e42a5df01cf8b1fb486cfa6360a2065,FB2316-baseline
/Users/zcm361/Documents/Github/OxygenDynamicsV2/reference-validation/local-timing-rerun-20260909/FB2316-baseline/Recording,surge,22,2,48,841,850,841,850,5174,20,20,0,0,0,4621.21744298415,4621.21744298415,valid,valid,-0.000764362741148262,-0.000764362741148262,0,1,1,Anesthetized,23385c57fd4c0fbd8eb031c2058b48166e42a5df01cf8b1fb486cfa6360a2065,FB2316-baseline
/Users/zcm361/Documents/Github/OxygenDynamicsV2/reference-validation/local-timing-rerun-20260909/FB2316-baseline/Recording,surge,23,1,49,857,868,857,868,1666,20,20,0,0,0,4026.13871548619,4026.13871548619,valid,valid,0.00582774886515534,0.00582774886515534,0,1,0,Anesthetized,23385c57fd4c0fbd8eb031c2058b48166e42a5df01cf8b1fb486cfa6360a2065,FB2316-baseline
/Users/zcm361/Documents/Github/OxygenDynamicsV2/reference-validation/local-timing-rerun-20260909/FB2316-baseline/Recording,surge,24,1,50,916,943,916,943,2279,20,20,0,0,0,4212.83938130759,4212.83938130759,valid,valid,0.0517182478671798,0.0517182478671798,0,1,0,Anesthetized,23385c57fd4c0fbd8eb031c2058b48166e42a5df01cf8b1fb486cfa6360a2065,FB2316-baseline
/Users/zcm361/Documents/Github/OxygenDynamicsV2/reference-validation/local-timing-rerun-20260909/FB2316-baseline/Recording,surge,24,2,51,946,955,946,955,2318,20,2,0,18,0,NaN,NaN,insufficient_clean_prebaseline,insufficient_clean_prebaseline,NaN,NaN,NaN,1,0,Anesthetized,23385c57fd4c0fbd8eb031c2058b48166e42a5df01cf8b1fb486cfa6360a2065,FB2316-baseline
/Users/zcm361/Documents/Github/OxygenDynamicsV2/reference-validation/local-timing-rerun-20260909/FB2316-baseline/Recording,surge,25,1,52,844,861,844,861,1897,20,20,0,0,0,4977.30342646284,4977.30342646284,valid,valid,-0.00341832126403307,-0.00341832126403307,0,1,1,Anesthetized,23385c57fd4c0fbd8eb031c2058b48166e42a5df01cf8b1fb486cfa6360a2065,FB2316-baseline
/Users/zcm361/Documents/Github/OxygenDynamicsV2/reference-validation/local-timing-rerun-20260909/FB2316-baseline/Recording,surge,25,2,53,967,982,967,982,4940,20,11,0,9,0,NaN,NaN,insufficient_clean_prebaseline,insufficient_clean_prebaseline,NaN,NaN,NaN,1,0,Anesthetized,23385c57fd4c0fbd8eb031c2058b48166e42a5df01cf8b1fb486cfa6360a2065,FB2316-baseline
/Users/zcm361/Documents/Github/OxygenDynamicsV2/reference-validation/local-timing-rerun-20260909/FB2316-baseline/Recording,surge,26,1,54,274,295,274,295,1916,20,15,0,5,0,NaN,NaN,insufficient_clean_prebaseline,insufficient_clean_prebaseline,NaN,NaN,NaN,1,0,Anesthetized,23385c57fd4c0fbd8eb031c2058b48166e42a5df01cf8b1fb486cfa6360a2065,FB2316-baseline
/Users/zcm361/Documents/Github/OxygenDynamicsV2/reference-validation/local-timing-rerun-20260909/FB2316-baseline/Recording,surge,26,2,55,337,347,337,347,1240,20,20,0,0,0,3063.44669354839,3063.44669354839,valid,valid,0.0637517476822634,0.0637517476822634,0,1,0,Anesthetized,23385c57fd4c0fbd8eb031c2058b48166e42a5df01cf8b1fb486cfa6360a2065,FB2316-baseline
/Users/zcm361/Documents/Github/OxygenDynamicsV2/reference-validation/local-timing-rerun-20260909/FB2316-baseline/Recording,surge,27,1,56,285,294,285,294,2146,20,15,0,5,0,NaN,NaN,insufficient_clean_prebaseline,insufficient_clean_prebaseline,NaN,NaN,NaN,1,0,Anesthetized,23385c57fd4c0fbd8eb031c2058b48166e42a5df01cf8b1fb486cfa6360a2065,FB2316-baseline
/Users/zcm361/Documents/Github/OxygenDynamicsV2/reference-validation/local-timing-rerun-20260909/FB2316-baseline/Recording,surge,28,1,57,1051,1071,1051,1071,2143,20,20,0,0,0,2588.399160056,2588.399160056,valid,valid,0.0216863014584223,0.0216863014584223,0,1,0,Anesthetized,23385c57fd4c0fbd8eb031c2058b48166e42a5df01cf8b1fb486cfa6360a2065,FB2316-baseline
/Users/zcm361/Documents/Github/OxygenDynamicsV2/reference-validation/local-timing-rerun-20260909/FB2316-baseline/Recording,surge,29,1,58,383,396,383,396,1432,20,20,0,0,0,3276.63910614525,3276.63910614525,valid,valid,0.0256155220364783,0.0256155220364783,0,1,0,Anesthetized,23385c57fd4c0fbd8eb031c2058b48166e42a5df01cf8b1fb486cfa6360a2065,FB2316-baseline
/Users/zcm361/Documents/Github/OxygenDynamicsV2/reference-validation/local-timing-rerun-20260909/FB2316-baseline/Recording,surge,30,1,59,388,397,388,397,1796,20,20,0,0,0,5209.95111358575,5209.95111358575,valid,valid,0.0110994975543737,0.0110994975543737,0,1,0,Anesthetized,23385c57fd4c0fbd8eb031c2058b48166e42a5df01cf8b1fb486cfa6360a2065,FB2316-baseline
/Users/zcm361/Documents/Github/OxygenDynamicsV2/reference-validation/local-timing-rerun-20260909/FB2316-baseline/Recording,surge,30,2,60,439,452,439,452,2241,20,20,0,0,0,5124.48101294065,5124.48101294065,valid,valid,0.00832683445106682,0.00832683445106682,0,1,0,Anesthetized,23385c57fd4c0fbd8eb031c2058b48166e42a5df01cf8b1fb486cfa6360a2065,FB2316-baseline
/Users/zcm361/Documents/Github/OxygenDynamicsV2/reference-validation/local-timing-rerun-20260909/FB2316-baseline/Recording,surge,31,1,61,523,535,523,535,2049,20,20,0,0,0,1732.43167398731,1732.43167398731,valid,valid,0.000297344674030189,0.000297344674030189,0,1,0,Anesthetized,23385c57fd4c0fbd8eb031c2058b48166e42a5df01cf8b1fb486cfa6360a2065,FB2316-baseline
/Users/zcm361/Documents/Github/OxygenDynamicsV2/reference-validation/local-timing-rerun-20260909/FB2316-baseline/Recording,surge,32,1,62,850,866,850,866,1199,20,20,0,0,0,3113.02197664721,3113.02197664721,valid,valid,0.000385973167383314,0.000385973167383314,0,1,0,Anesthetized,23385c57fd4c0fbd8eb031c2058b48166e42a5df01cf8b1fb486cfa6360a2065,FB2316-baseline
/Users/zcm361/Documents/Github/OxygenDynamicsV2/reference-validation/local-timing-rerun-20260909/ID13-20200917/Recording,sink,1,1,1,1,12,1,12,3050,20,0,1,0,0,NaN,NaN,insufficient_clean_prebaseline,insufficient_clean_prebaseline,NaN,NaN,NaN,1,0,Awake_mobile,19211dc232042f969c35fc18d135b54793a9c162e883e4107ae4a411cd9be63b,ID13-20200917
/Users/zcm361/Documents/Github/OxygenDynamicsV2/reference-validation/local-timing-rerun-20260909/ID13-20200917/Recording,sink,1,2,2,67,91,79,89,1355,20,20,0,0,0,9.78125461254612,9.78125461254612,valid,valid,0.126878734834309,0.126878734834309,0,1,0,Awake_mobile,19211dc232042f969c35fc18d135b54793a9c162e883e4107ae4a411cd9be63b,ID13-20200917
/Users/zcm361/Documents/Github/OxygenDynamicsV2/reference-validation/local-timing-rerun-20260909/ID13-20200917/Recording,sink,1,3,3,225,243,227,243,1246,20,20,0,0,0,10.9512841091493,10.9512841091493,valid,valid,0.122848160172367,0.122848160172367,0,1,0,Awake_mobile,19211dc232042f969c35fc18d135b54793a9c162e883e4107ae4a411cd9be63b,ID13-20200917
/Users/zcm361/Documents/Github/OxygenDynamicsV2/reference-validation/local-timing-rerun-20260909/ID13-20200917/Recording,sink,1,4,4,291,301,292,301,2067,20,20,0,0,0,10.7157474600871,10.7157474600871,valid,valid,0.0582610403418595,0.0582610403418595,0,1,0,Awake_mobile,19211dc232042f969c35fc18d135b54793a9c162e883e4107ae4a411cd9be63b,ID13-20200917
/Users/zcm361/Documents/Github/OxygenDynamicsV2/reference-validation/local-timing-rerun-20260909/ID13-20200917/Recording,sink,1,5,5,346,354,346,354,876,20,14,0,6,0,NaN,NaN,insufficient_clean_prebaseline,insufficient_clean_prebaseline,NaN,NaN,NaN,1,0,Awake_mobile,19211dc232042f969c35fc18d135b54793a9c162e883e4107ae4a411cd9be63b,ID13-20200917
/Users/zcm361/Documents/Github/OxygenDynamicsV2/reference-validation/local-timing-rerun-20260909/ID13-20200917/Recording,sink,1,6,6,420,441,420,441,919,20,20,0,0,0,10.6903699673558,10.6903699673558,valid,valid,0.175831725949035,0.175831725949035,0,1,0,Awake_mobile,19211dc232042f969c35fc18d135b54793a9c162e883e4107ae4a411cd9be63b,ID13-20200917
/Users/zcm361/Documents/Github/OxygenDynamicsV2/reference-validation/local-timing-rerun-20260909/ID13-20200917/Recording,sink,1,7,7,473,477,473,477,660,20,12,0,8,0,NaN,NaN,insufficient_clean_prebaseline,insufficient_clean_prebaseline,NaN,NaN,NaN,1,0,Awake_mobile,19211dc232042f969c35fc18d135b54793a9c162e883e4107ae4a411cd9be63b,ID13-20200917
/Users/zcm361/Documents/Github/OxygenDynamicsV2/reference-validation/local-timing-rerun-20260909/ID13-20200917/Recording,sink,1,8,8,522,540,531,537,1682,20,20,0,0,0,12.1296373365042,12.1296373365042,valid,valid,0.0616629211280241,0.0616629211280241,0,1,0,Awake_mobile,19211dc232042f969c35fc18d135b54793a9c162e883e4107ae4a411cd9be63b,ID13-20200917
/Users/zcm361/Documents/Github/OxygenDynamicsV2/reference-validation/local-timing-rerun-20260909/ID13-20200917/Recording,sink,1,9,9,554,560,557,559,725,20,16,0,4,0,NaN,NaN,insufficient_clean_prebaseline,insufficient_clean_prebaseline,NaN,NaN,NaN,1,0,Awake_mobile,19211dc232042f969c35fc18d135b54793a9c162e883e4107ae4a411cd9be63b,ID13-20200917
/Users/zcm361/Documents/Github/OxygenDynamicsV2/reference-validation/local-timing-rerun-20260909/ID13-20200917/Recording,sink,1,10,10,647,672,647,665,1344,20,20,0,0,0,9.6765625,9.6765625,valid,valid,0.107210137405519,0.107210137405519,0,1,0,Awake_mobile,19211dc232042f969c35fc18d135b54793a9c162e883e4107ae4a411cd9be63b,ID13-20200917
/Users/zcm361/Documents/Github/OxygenDynamicsV2/reference-validation/local-timing-rerun-20260909/ID13-20200917/Recording,sink,1,11,11,690,701,694,701,1218,20,20,0,0,0,12.479802955665,12.479802955665,valid,valid,0.0711428646614563,0.0711428646614563,0,1,0,Awake_mobile,19211dc232042f969c35fc18d135b54793a9c162e883e4107ae4a411cd9be63b,ID13-20200917
/Users/zcm361/Documents/Github/OxygenDynamicsV2/reference-validation/local-timing-rerun-20260909/ID13-20200917/Recording,sink,1,12,12,774,816,774,811,2466,20,20,0,0,0,10.4867599351176,10.4867599351176,valid,valid,0.0492394727836245,0.0492394727836245,0,1,0,Awake_mobile,19211dc232042f969c35fc18d135b54793a9c162e883e4107ae4a411cd9be63b,ID13-20200917
/Users/zcm361/Documents/Github/OxygenDynamicsV2/reference-validation/local-timing-rerun-20260909/ID13-20200917/Recording,sink,1,13,13,853,862,853,862,850,20,20,0,0,0,10.5319411764706,10.5319411764706,valid,valid,0.0759761621509915,0.0759761621509915,0,1,0,Awake_mobile,19211dc232042f969c35fc18d135b54793a9c162e883e4107ae4a411cd9be63b,ID13-20200917
/Users/zcm361/Documents/Github/OxygenDynamicsV2/reference-validation/local-timing-rerun-20260909/ID13-20200917/Recording,sink,1,14,14,891,905,891,898,748,20,20,0,0,0,11.8064171122995,11.8064171122995,valid,valid,0.10340610562551,0.10340610562551,0,1,0,Awake_mobile,19211dc232042f969c35fc18d135b54793a9c162e883e4107ae4a411cd9be63b,ID13-20200917
/Users/zcm361/Documents/Github/OxygenDynamicsV2/reference-validation/local-timing-rerun-20260909/ID13-20200917/Recording,sink,1,15,15,944,953,951,953,212,20,20,0,0,0,12.4610849056604,12.4610849056604,valid,valid,0.0627425002365853,0.0627425002365853,0,1,0,Awake_mobile,19211dc232042f969c35fc18d135b54793a9c162e883e4107ae4a411cd9be63b,ID13-20200917
/Users/zcm361/Documents/Github/OxygenDynamicsV2/reference-validation/local-timing-rerun-20260909/ID13-20200917/Recording,sink,1,16,16,983,992,983,992,580,20,15,0,5,0,NaN,NaN,insufficient_clean_prebaseline,insufficient_clean_prebaseline,NaN,NaN,NaN,1,0,Awake_mobile,19211dc232042f969c35fc18d135b54793a9c162e883e4107ae4a411cd9be63b,ID13-20200917
/Users/zcm361/Documents/Github/OxygenDynamicsV2/reference-validation/local-timing-rerun-20260909/ID13-20200917/Recording,sink,1,17,17,1025,1030,1025,1030,844,20,20,0,0,0,8.25219194312796,8.25219194312796,valid,valid,0.106226264743678,0.106226264743678,0,1,0,Awake_mobile,19211dc232042f969c35fc18d135b54793a9c162e883e4107ae4a411cd9be63b,ID13-20200917
/Users/zcm361/Documents/Github/OxygenDynamicsV2/reference-validation/local-timing-rerun-20260909/ID13-20200917/Recording,sink,1,18,18,1059,1084,1059,1084,923,20,17,0,3,0,NaN,NaN,insufficient_clean_prebaseline,insufficient_clean_prebaseline,NaN,NaN,NaN,1,0,Awake_mobile,19211dc232042f969c35fc18d135b54793a9c162e883e4107ae4a411cd9be63b,ID13-20200917
/Users/zcm361/Documents/Github/OxygenDynamicsV2/reference-validation/local-timing-rerun-20260909/ID13-20200917/Recording,sink,1,19,19,1164,1182,1164,1181,1415,20,19,0,1,0,NaN,NaN,insufficient_clean_prebaseline,insufficient_clean_prebaseline,NaN,NaN,NaN,1,0,Awake_mobile,19211dc232042f969c35fc18d135b54793a9c162e883e4107ae4a411cd9be63b,ID13-20200917
/Users/zcm361/Documents/Github/OxygenDynamicsV2/reference-validation/local-timing-rerun-20260909/ID13-20200917/Recording,sink,2,1,20,75,103,80,87,781,20,20,0,0,0,7.34129321382842,7.34129321382842,valid,valid,0.12131227598957,0.12131227598957,0,1,0,Awake_mobile,19211dc232042f969c35fc18d135b54793a9c162e883e4107ae4a411cd9be63b,ID13-20200917
/Users/zcm361/Documents/Github/OxygenDynamicsV2/reference-validation/local-timing-rerun-20260909/ID13-20200917/Recording,sink,2,2,21,414,440,431,433,293,20,20,0,0,0,9.67098976109215,9.67098976109215,valid,valid,0.196428571428571,0.196428571428571,0,1,0,Awake_mobile,19211dc232042f969c35fc18d135b54793a9c162e883e4107ae4a411cd9be63b,ID13-20200917
/Users/zcm361/Documents/Github/OxygenDynamicsV2/reference-validation/local-timing-rerun-20260909/ID13-20200917/Recording,sink,2,3,22,736,754,747,754,476,20,17,0,3,0,NaN,NaN,insufficient_clean_prebaseline,insufficient_clean_prebaseline,NaN,NaN,NaN,1,0,Awake_mobile,19211dc232042f969c35fc18d135b54793a9c162e883e4107ae4a411cd9be63b,ID13-20200917
/Users/zcm361/Documents/Github/OxygenDynamicsV2/reference-validation/local-timing-rerun-20260909/ID13-20200917/Recording,sink,2,4,23,997,1017,997,1017,895,20,20,0,0,0,6.15016759776536,6.15016759776536,valid,valid,0.0226001017367922,0.0226001017367922,0,1,0,Awake_mobile,19211dc232042f969c35fc18d135b54793a9c162e883e4107ae4a411cd9be63b,ID13-20200917
/Users/zcm361/Documents/Github/OxygenDynamicsV2/reference-validation/local-timing-rerun-20260909/ID13-20200917/Recording,sink,2,5,24,1037,1057,1037,1044,364,20,19,0,1,0,NaN,NaN,insufficient_clean_prebaseline,insufficient_clean_prebaseline,NaN,NaN,NaN,1,0,Awake_mobile,19211dc232042f969c35fc18d135b54793a9c162e883e4107ae4a411cd9be63b,ID13-20200917
/Users/zcm361/Documents/Github/OxygenDynamicsV2/reference-validation/local-timing-rerun-20260909/ID13-20200917/Recording,sink,3,1,25,8,10,8,10,203,20,7,1,0,0,NaN,NaN,insufficient_clean_prebaseline,insufficient_clean_prebaseline,NaN,NaN,NaN,1,0,Awake_mobile,19211dc232042f969c35fc18d135b54793a9c162e883e4107ae4a411cd9be63b,ID13-20200917
/Users/zcm361/Documents/Github/OxygenDynamicsV2/reference-validation/local-timing-rerun-20260909/ID13-20200917/Recording,sink,4,1,26,85,92,86,92,412,20,16,0,4,0,NaN,NaN,insufficient_clean_prebaseline,insufficient_clean_prebaseline,NaN,NaN,NaN,1,0,Awake_mobile,19211dc232042f969c35fc18d135b54793a9c162e883e4107ae4a411cd9be63b,ID13-20200917
/Users/zcm361/Documents/Github/OxygenDynamicsV2/reference-validation/local-timing-rerun-20260909/ID13-20200917/Recording,sink,4,2,27,188,193,188,193,366,20,20,0,0,0,7.3620218579235,7.3620218579235,valid,valid,0.0432362219335682,0.0432362219335682,0,1,0,Awake_mobile,19211dc232042f969c35fc18d135b54793a9c162e883e4107ae4a411cd9be63b,ID13-20200917
/Users/zcm361/Documents/Github/OxygenDynamicsV2/reference-validation/local-timing-rerun-20260909/ID13-20200917/Recording,sink,4,3,28,292,312,305,307,558,20,20,0,0,0,10.2360215053763,10.2360215053763,valid,valid,0.101318346551815,0.101318346551815,0,1,0,Awake_mobile,19211dc232042f969c35fc18d135b54793a9c162e883e4107ae4a411cd9be63b,ID13-20200917
/Users/zcm361/Documents/Github/OxygenDynamicsV2/reference-validation/local-timing-rerun-20260909/ID13-20200917/Recording,sink,4,4,29,401,406,402,404,351,20,20,0,0,0,12.411396011396,12.411396011396,valid,valid,0.083876595353962,0.083876595353962,0,1,0,Awake_mobile,19211dc232042f969c35fc18d135b54793a9c162e883e4107ae4a411cd9be63b,ID13-20200917
/Users/zcm361/Documents/Github/OxygenDynamicsV2/reference-validation/local-timing-rerun-20260909/ID13-20200917/Recording,sink,4,5,30,523,540,527,540,954,20,20,0,0,0,9.59764150943396,9.59764150943396,valid,valid,0.0613958923783467,0.0613958923783467,0,1,0,Awake_mobile,19211dc232042f969c35fc18d135b54793a9c162e883e4107ae4a411cd9be63b,ID13-20200917
/Users/zcm361/Documents/Github/OxygenDynamicsV2/reference-validation/local-timing-rerun-20260909/ID13-20200917/Recording,sink,4,6,31,594,599,594,599,915,20,20,0,0,0,10.1959016393443,10.1959016393443,valid,valid,0.0485837553929843,0.0485837553929843,0,1,0,Awake_mobile,19211dc232042f969c35fc18d135b54793a9c162e883e4107ae4a411cd9be63b,ID13-20200917
/Users/zcm361/Documents/Github/OxygenDynamicsV2/reference-validation/local-timing-rerun-20260909/ID13-20200917/Recording,sink,4,7,32,726,741,726,733,467,20,20,0,0,0,12.4077087794433,12.4077087794433,valid,valid,0.0813544111555985,0.0813544111555985,0,1,0,Awake_mobile,19211dc232042f969c35fc18d135b54793a9c162e883e4107ae4a411cd9be63b,ID13-20200917
/Users/zcm361/Documents/Github/OxygenDynamicsV2/reference-validation/local-timing-rerun-20260909/ID13-20200917/Recording,sink,4,8,33,767,792,776,785,345,20,20,0,0,0,11.8613043478261,11.8613043478261,valid,valid,0.0728590105445791,0.0728590105445791,0,1,0,Awake_mobile,19211dc232042f969c35fc18d135b54793a9c162e883e4107ae4a411cd9be63b,ID13-20200917
/Users/zcm361/Documents/Github/OxygenDynamicsV2/reference-validation/local-timing-rerun-20260909/ID13-20200917/Recording,sink,4,9,34,852,865,852,864,439,20,20,0,0,0,12.1367881548975,12.1367881548975,valid,valid,0.0998582971255899,0.0998582971255899,0,1,0,Awake_mobile,19211dc232042f969c35fc18d135b54793a9c162e883e4107ae4a411cd9be63b,ID13-20200917
/Users/zcm361/Documents/Github/OxygenDynamicsV2/reference-validation/local-timing-rerun-20260909/ID13-20200917/Recording,sink,4,10,35,1096,1106,1096,1106,310,20,20,0,0,0,9.54209677419355,9.54209677419355,valid,valid,0.0656006490762496,0.0656006490762496,0,1,0,Awake_mobile,19211dc232042f969c35fc18d135b54793a9c162e883e4107ae4a411cd9be63b,ID13-20200917
/Users/zcm361/Documents/Github/OxygenDynamicsV2/reference-validation/local-timing-rerun-20260909/ID13-20200917/Recording,sink,4,11,36,1183,1195,1183,1195,505,20,17,0,3,0,NaN,NaN,insufficient_clean_prebaseline,insufficient_clean_prebaseline,NaN,NaN,NaN,1,0,Awake_mobile,19211dc232042f969c35fc18d135b54793a9c162e883e4107ae4a411cd9be63b,ID13-20200917
/Users/zcm361/Documents/Github/OxygenDynamicsV2/reference-validation/local-timing-rerun-20260909/ID13-20200917/Recording,sink,5,1,37,17,21,17,19,417,20,16,1,0,0,NaN,NaN,insufficient_clean_prebaseline,insufficient_clean_prebaseline,NaN,NaN,NaN,1,0,Awake_mobile,19211dc232042f969c35fc18d135b54793a9c162e883e4107ae4a411cd9be63b,ID13-20200917
/Users/zcm361/Documents/Github/OxygenDynamicsV2/reference-validation/local-timing-rerun-20260909/ID13-20200917/Recording,sink,5,2,38,1185,1191,1186,1190,675,20,20,0,0,0,9.93940740740741,9.93940740740741,valid,valid,0.106288473863857,0.106288473863857,0,1,0,Awake_mobile,19211dc232042f969c35fc18d135b54793a9c162e883e4107ae4a411cd9be63b,ID13-20200917
/Users/zcm361/Documents/Github/OxygenDynamicsV2/reference-validation/local-timing-rerun-20260909/ID13-20200917/Recording,sink,6,1,39,20,30,20,27,384,20,19,1,0,0,NaN,NaN,insufficient_clean_prebaseline,insufficient_clean_prebaseline,NaN,NaN,NaN,1,0,Awake_mobile,19211dc232042f969c35fc18d135b54793a9c162e883e4107ae4a411cd9be63b,ID13-20200917
/Users/zcm361/Documents/Github/OxygenDynamicsV2/reference-validation/local-timing-rerun-20260909/ID13-20200917/Recording,sink,6,2,40,75,100,80,84,491,20,20,0,0,0,4.15865580448065,4.15865580448065,valid,valid,0.141485871002497,0.141485871002497,0,1,0,Awake_mobile,19211dc232042f969c35fc18d135b54793a9c162e883e4107ae4a411cd9be63b,ID13-20200917
/Users/zcm361/Documents/Github/OxygenDynamicsV2/reference-validation/local-timing-rerun-20260909/ID13-20200917/Recording,sink,6,3,41,476,504,480,495,910,20,20,0,0,0,3.8660989010989,3.8660989010989,valid,valid,-0.00791609226440048,-0.00791609226440048,0,1,1,Awake_mobile,19211dc232042f969c35fc18d135b54793a9c162e883e4107ae4a411cd9be63b,ID13-20200917
/Users/zcm361/Documents/Github/OxygenDynamicsV2/reference-validation/local-timing-rerun-20260909/ID13-20200917/Recording,sink,7,1,42,28,36,28,36,934,20,20,0,0,0,5.58297644539615,5.58297644539615,valid,valid,0.170773803816282,0.170773803816282,0,1,0,Awake_mobile,19211dc232042f969c35fc18d135b54793a9c162e883e4107ae4a411cd9be63b,ID13-20200917
/Users/zcm361/Documents/Github/OxygenDynamicsV2/reference-validation/local-timing-rerun-20260909/ID13-20200917/Recording,sink,7,2,43,58,69,60,66,1683,20,14,0,6,0,NaN,NaN,insufficient_clean_prebaseline,insufficient_clean_prebaseline,NaN,NaN,NaN,1,0,Awake_mobile,19211dc232042f969c35fc18d135b54793a9c162e883e4107ae4a411cd9be63b,ID13-20200917
/Users/zcm361/Documents/Github/OxygenDynamicsV2/reference-validation/local-timing-rerun-20260909/ID13-20200917/Recording,sink,7,3,44,87,92,87,92,343,20,20,0,0,0,5.52930029154519,5.52930029154519,valid,valid,0.178508344098495,0.178508344098495,0,1,0,Awake_mobile,19211dc232042f969c35fc18d135b54793a9c162e883e4107ae4a411cd9be63b,ID13-20200917
/Users/zcm361/Documents/Github/OxygenDynamicsV2/reference-validation/local-timing-rerun-20260909/ID13-20200917/Recording,sink,7,4,45,112,128,112,115,988,20,11,0,9,0,NaN,NaN,insufficient_clean_prebaseline,insufficient_clean_prebaseline,NaN,NaN,NaN,1,0,Awake_mobile,19211dc232042f969c35fc18d135b54793a9c162e883e4107ae4a411cd9be63b,ID13-20200917
/Users/zcm361/Documents/Github/OxygenDynamicsV2/reference-validation/local-timing-rerun-20260909/ID13-20200917/Recording,sink,7,5,46,309,313,309,313,581,20,19,0,1,0,NaN,NaN,insufficient_clean_prebaseline,insufficient_clean_prebaseline,NaN,NaN,NaN,1,0,Awake_mobile,19211dc232042f969c35fc18d135b54793a9c162e883e4107ae4a411cd9be63b,ID13-20200917
/Users/zcm361/Documents/Github/OxygenDynamicsV2/reference-validation/local-timing-rerun-20260909/ID13-20200917/Recording,sink,7,6,47,343,367,343,356,1249,20,20,0,0,0,5.53246597277822,5.53246597277822,valid,valid,0.078154282530517,0.078154282530517,0,1,0,Awake_mobile,19211dc232042f969c35fc18d135b54793a9c162e883e4107ae4a411cd9be63b,ID13-20200917
/Users/zcm361/Documents/Github/OxygenDynamicsV2/reference-validation/local-timing-rerun-20260909/ID13-20200917/Recording,sink,7,7,48,415,461,415,452,1760,20,20,0,0,0,7.5940625,7.5940625,valid,valid,0.194720755973379,0.194720755973379,0,1,0,Awake_mobile,19211dc232042f969c35fc18d135b54793a9c162e883e4107ae4a411cd9be63b,ID13-20200917
/Users/zcm361/Documents/Github/OxygenDynamicsV2/reference-validation/local-timing-rerun-20260909/ID13-20200917/Recording,sink,7,8,49,602,611,607,610,427,20,20,0,0,0,8.57646370023419,8.57646370023419,valid,valid,0.261635924252147,0.261635924252147,0,1,0,Awake_mobile,19211dc232042f969c35fc18d135b54793a9c162e883e4107ae4a411cd9be63b,ID13-20200917
/Users/zcm361/Documents/Github/OxygenDynamicsV2/reference-validation/local-timing-rerun-20260909/ID13-20200917/Recording,sink,7,9,50,656,658,656,658,324,20,20,0,0,0,7.20771604938272,7.20771604938272,valid,valid,0.0677857234616537,0.0677857234616537,0,1,0,Awake_mobile,19211dc232042f969c35fc18d135b54793a9c162e883e4107ae4a411cd9be63b,ID13-20200917
/Users/zcm361/Documents/Github/OxygenDynamicsV2/reference-validation/local-timing-rerun-20260909/ID13-20200917/Recording,sink,7,10,51,678,682,678,681,532,20,19,0,1,0,NaN,NaN,insufficient_clean_prebaseline,insufficient_clean_prebaseline,NaN,NaN,NaN,1,0,Awake_mobile,19211dc232042f969c35fc18d135b54793a9c162e883e4107ae4a411cd9be63b,ID13-20200917
/Users/zcm361/Documents/Github/OxygenDynamicsV2/reference-validation/local-timing-rerun-20260909/ID13-20200917/Recording,sink,7,11,52,743,784,743,765,2110,20,10,0,10,0,NaN,NaN,insufficient_clean_prebaseline,insufficient_clean_prebaseline,NaN,NaN,NaN,1,0,Awake_mobile,19211dc232042f969c35fc18d135b54793a9c162e883e4107ae4a411cd9be63b,ID13-20200917
/Users/zcm361/Documents/Github/OxygenDynamicsV2/reference-validation/local-timing-rerun-20260909/ID13-20200917/Recording,sink,7,12,53,969,993,979,988,840,20,9,0,11,0,NaN,NaN,insufficient_clean_prebaseline,insufficient_clean_prebaseline,NaN,NaN,NaN,1,0,Awake_mobile,19211dc232042f969c35fc18d135b54793a9c162e883e4107ae4a411cd9be63b,ID13-20200917
/Users/zcm361/Documents/Github/OxygenDynamicsV2/reference-validation/local-timing-rerun-20260909/ID13-20200917/Recording,sink,7,13,54,1054,1090,1054,1077,2600,20,20,0,0,0,7.41238461538461,7.41238461538461,valid,valid,0.127499714614834,0.127499714614834,0,1,0,Awake_mobile,19211dc232042f969c35fc18d135b54793a9c162e883e4107ae4a411cd9be63b,ID13-20200917
/Users/zcm361/Documents/Github/OxygenDynamicsV2/reference-validation/local-timing-rerun-20260909/ID13-20200917/Recording,sink,7,14,55,1183,1196,1184,1196,1490,20,0,0,20,0,NaN,NaN,insufficient_clean_prebaseline,insufficient_clean_prebaseline,NaN,NaN,NaN,1,0,Awake_mobile,19211dc232042f969c35fc18d135b54793a9c162e883e4107ae4a411cd9be63b,ID13-20200917
/Users/zcm361/Documents/Github/OxygenDynamicsV2/reference-validation/local-timing-rerun-20260909/ID13-20200917/Recording,sink,8,1,56,19,36,29,34,490,20,18,1,0,0,NaN,NaN,insufficient_clean_prebaseline,insufficient_clean_prebaseline,NaN,NaN,NaN,1,0,Awake_mobile,19211dc232042f969c35fc18d135b54793a9c162e883e4107ae4a411cd9be63b,ID13-20200917
/Users/zcm361/Documents/Github/OxygenDynamicsV2/reference-validation/local-timing-rerun-20260909/ID13-20200917/Recording,sink,8,2,57,60,66,62,65,533,20,20,0,0,0,3.95694183864916,3.95694183864916,valid,valid,0.138948815817548,0.138948815817548,0,1,0,Awake_mobile,19211dc232042f969c35fc18d135b54793a9c162e883e4107ae4a411cd9be63b,ID13-20200917
/Users/zcm361/Documents/Github/OxygenDynamicsV2/reference-validation/local-timing-rerun-20260909/ID13-20200917/Recording,sink,8,3,58,435,450,442,444,278,20,20,0,0,0,3.63219424460432,3.63219424460432,valid,valid,0.0502599653379552,0.0502599653379552,0,1,0,Awake_mobile,19211dc232042f969c35fc18d135b54793a9c162e883e4107ae4a411cd9be63b,ID13-20200917
/Users/zcm361/Documents/Github/OxygenDynamicsV2/reference-validation/local-timing-rerun-20260909/ID13-20200917/Recording,sink,8,4,59,741,754,743,747,316,20,20,0,0,0,4.47563291139241,4.47563291139241,valid,valid,0.283744608640317,0.283744608640317,0,1,0,Awake_mobile,19211dc232042f969c35fc18d135b54793a9c162e883e4107ae4a411cd9be63b,ID13-20200917
/Users/zcm361/Documents/Github/OxygenDynamicsV2/reference-validation/local-timing-rerun-20260909/ID13-20200917/Recording,sink,8,5,60,869,886,878,880,503,20,20,0,0,0,4.70318091451292,4.70318091451292,valid,valid,0.288582660523312,0.288582660523312,0,1,0,Awake_mobile,19211dc232042f969c35fc18d135b54793a9c162e883e4107ae4a411cd9be63b,ID13-20200917
/Users/zcm361/Documents/Github/OxygenDynamicsV2/reference-validation/local-timing-rerun-20260909/ID13-20200917/Recording,sink,8,6,61,1037,1049,1045,1047,317,20,20,0,0,0,4.06246056782334,4.06246056782334,valid,valid,0.16601956825594,0.16601956825594,0,1,0,Awake_mobile,19211dc232042f969c35fc18d135b54793a9c162e883e4107ae4a411cd9be63b,ID13-20200917
/Users/zcm361/Documents/Github/OxygenDynamicsV2/reference-validation/local-timing-rerun-20260909/ID13-20200917/Recording,sink,8,7,62,1094,1112,1094,1100,589,20,20,0,0,0,3.73140916808149,3.73140916808149,valid,valid,0.0613340613340615,0.0613340613340615,0,1,0,Awake_mobile,19211dc232042f969c35fc18d135b54793a9c162e883e4107ae4a411cd9be63b,ID13-20200917
/Users/zcm361/Documents/Github/OxygenDynamicsV2/reference-validation/local-timing-rerun-20260909/ID13-20200917/Recording,sink,9,1,63,30,37,30,35,319,20,20,0,0,0,10.1584639498433,10.1584639498433,valid,valid,0.15909336378084,0.15909336378084,0,1,0,Awake_mobile,19211dc232042f969c35fc18d135b54793a9c162e883e4107ae4a411cd9be63b,ID13-20200917
/Users/zcm361/Documents/Github/OxygenDynamicsV2/reference-validation/local-timing-rerun-20260909/ID13-20200917/Recording,sink,9,2,64,63,99,76,99,2386,20,13,0,7,0,NaN,NaN,insufficient_clean_prebaseline,insufficient_clean_prebaseline,NaN,NaN,NaN,1,0,Awake_mobile,19211dc232042f969c35fc18d135b54793a9c162e883e4107ae4a411cd9be63b,ID13-20200917
/Users/zcm361/Documents/Github/OxygenDynamicsV2/reference-validation/local-timing-rerun-20260909/ID13-20200917/Recording,sink,9,3,65,269,289,285,289,372,20,13,0,7,0,NaN,NaN,insufficient_clean_prebaseline,insufficient_clean_prebaseline,NaN,NaN,NaN,1,0,Awake_mobile,19211dc232042f969c35fc18d135b54793a9c162e883e4107ae4a411cd9be63b,ID13-20200917
/Users/zcm361/Documents/Github/OxygenDynamicsV2/reference-validation/local-timing-rerun-20260909/ID13-20200917/Recording,sink,10,1,66,30,49,30,36,363,20,20,0,0,0,8.31845730027548,8.31845730027548,valid,valid,0.170419923168632,0.170419923168632,0,1,0,Awake_mobile,19211dc232042f969c35fc18d135b54793a9c162e883e4107ae4a411cd9be63b,ID13-20200917
/Users/zcm361/Documents/Github/OxygenDynamicsV2/reference-validation/local-timing-rerun-20260909/ID13-20200917/Recording,sink,10,2,67,62,64,62,64,178,20,20,0,0,0,7.6185393258427,7.6185393258427,valid,valid,0.0944620603200352,0.0944620603200352,0,1,0,Awake_mobile,19211dc232042f969c35fc18d135b54793a9c162e883e4107ae4a411cd9be63b,ID13-20200917
/Users/zcm361/Documents/Github/OxygenDynamicsV2/reference-validation/local-timing-rerun-20260909/ID13-20200917/Recording,sink,10,3,68,354,359,354,358,387,20,20,0,0,0,8.09405684754522,8.09405684754522,valid,valid,0.0748308006640278,0.0748308006640278,0,1,0,Awake_mobile,19211dc232042f969c35fc18d135b54793a9c162e883e4107ae4a411cd9be63b,ID13-20200917
/Users/zcm361/Documents/Github/OxygenDynamicsV2/reference-validation/local-timing-rerun-20260909/ID13-20200917/Recording,sink,10,4,69,432,439,434,436,283,20,20,0,0,0,8.46448763250883,8.46448763250883,valid,valid,0.0861842242584898,0.0861842242584898,0,1,0,Awake_mobile,19211dc232042f969c35fc18d135b54793a9c162e883e4107ae4a411cd9be63b,ID13-20200917
/Users/zcm361/Documents/Github/OxygenDynamicsV2/reference-validation/local-timing-rerun-20260909/ID13-20200917/Recording,sink,10,5,70,641,663,641,662,2393,20,20,0,0,0,8.29283326368575,8.29283326368575,valid,valid,0.0212524723163555,0.0212524723163555,0,1,0,Awake_mobile,19211dc232042f969c35fc18d135b54793a9c162e883e4107ae4a411cd9be63b,ID13-20200917
/Users/zcm361/Documents/Github/OxygenDynamicsV2/reference-validation/local-timing-rerun-20260909/ID13-20200917/Recording,sink,10,6,71,743,748,743,748,489,20,20,0,0,0,8.26850715746422,8.26850715746422,valid,valid,0.107412262261025,0.107412262261025,0,1,0,Awake_mobile,19211dc232042f969c35fc18d135b54793a9c162e883e4107ae4a411cd9be63b,ID13-20200917
/Users/zcm361/Documents/Github/OxygenDynamicsV2/reference-validation/local-timing-rerun-20260909/ID13-20200917/Recording,sink,10,7,72,837,861,851,861,966,20,4,0,16,0,NaN,NaN,insufficient_clean_prebaseline,insufficient_clean_prebaseline,NaN,NaN,NaN,1,0,Awake_mobile,19211dc232042f969c35fc18d135b54793a9c162e883e4107ae4a411cd9be63b,ID13-20200917
/Users/zcm361/Documents/Github/OxygenDynamicsV2/reference-validation/local-timing-rerun-20260909/ID13-20200917/Recording,sink,10,8,73,890,903,895,901,1546,20,20,0,0,0,9.50640362225097,9.50640362225097,valid,valid,0.129884533473045,0.129884533473045,0,1,0,Awake_mobile,19211dc232042f969c35fc18d135b54793a9c162e883e4107ae4a411cd9be63b,ID13-20200917
/Users/zcm361/Documents/Github/OxygenDynamicsV2/reference-validation/local-timing-rerun-20260909/ID13-20200917/Recording,sink,10,9,74,937,951,940,949,1009,20,12,0,8,0,NaN,NaN,insufficient_clean_prebaseline,insufficient_clean_prebaseline,NaN,NaN,NaN,1,0,Awake_mobile,19211dc232042f969c35fc18d135b54793a9c162e883e4107ae4a411cd9be63b,ID13-20200917
/Users/zcm361/Documents/Github/OxygenDynamicsV2/reference-validation/local-timing-rerun-20260909/ID13-20200917/Recording,sink,10,10,75,972,991,975,983,1089,20,9,0,11,0,NaN,NaN,insufficient_clean_prebaseline,insufficient_clean_prebaseline,NaN,NaN,NaN,1,0,Awake_mobile,19211dc232042f969c35fc18d135b54793a9c162e883e4107ae4a411cd9be63b,ID13-20200917
/Users/zcm361/Documents/Github/OxygenDynamicsV2/reference-validation/local-timing-rerun-20260909/ID13-20200917/Recording,sink,10,11,76,1000,1021,1013,1019,295,20,18,0,2,0,NaN,NaN,insufficient_clean_prebaseline,insufficient_clean_prebaseline,NaN,NaN,NaN,1,0,Awake_mobile,19211dc232042f969c35fc18d135b54793a9c162e883e4107ae4a411cd9be63b,ID13-20200917
/Users/zcm361/Documents/Github/OxygenDynamicsV2/reference-validation/local-timing-rerun-20260909/ID13-20200917/Recording,sink,10,12,77,1133,1155,1133,1151,2340,20,20,0,0,0,8.11818376068376,8.11818376068376,valid,valid,0.0657777333252616,0.0657777333252616,0,1,0,Awake_mobile,19211dc232042f969c35fc18d135b54793a9c162e883e4107ae4a411cd9be63b,ID13-20200917
/Users/zcm361/Documents/Github/OxygenDynamicsV2/reference-validation/local-timing-rerun-20260909/ID13-20200917/Recording,sink,11,1,78,30,37,31,35,591,20,20,0,0,0,9.83747884940778,9.83747884940778,valid,valid,0.147739488643693,0.147739488643693,0,1,0,Awake_mobile,19211dc232042f969c35fc18d135b54793a9c162e883e4107ae4a411cd9be63b,ID13-20200917
/Users/zcm361/Documents/Github/OxygenDynamicsV2/reference-validation/local-timing-rerun-20260909/ID13-20200917/Recording,sink,11,2,79,59,69,63,65,219,20,20,0,0,0,8.13470319634703,8.13470319634703,valid,valid,0.0648330058939099,0.0648330058939099,0,1,0,Awake_mobile,19211dc232042f969c35fc18d135b54793a9c162e883e4107ae4a411cd9be63b,ID13-20200917
/Users/zcm361/Documents/Github/OxygenDynamicsV2/reference-validation/local-timing-rerun-20260909/ID13-20200917/Recording,sink,11,3,80,86,97,86,92,1081,20,20,0,0,0,9.19745605920444,9.19745605920444,valid,valid,0.141660254766179,0.141660254766179,0,1,0,Awake_mobile,19211dc232042f969c35fc18d135b54793a9c162e883e4107ae4a411cd9be63b,ID13-20200917
/Users/zcm361/Documents/Github/OxygenDynamicsV2/reference-validation/local-timing-rerun-20260909/ID13-20200917/Recording,sink,11,4,81,308,314,308,310,269,20,20,0,0,0,10.9185873605948,10.9185873605948,valid,valid,0.0551904940247181,0.0551904940247181,0,1,0,Awake_mobile,19211dc232042f969c35fc18d135b54793a9c162e883e4107ae4a411cd9be63b,ID13-20200917
/Users/zcm361/Documents/Github/OxygenDynamicsV2/reference-validation/local-timing-rerun-20260909/ID13-20200917/Recording,sink,11,5,82,343,366,344,357,806,20,20,0,0,0,9.75086848635236,9.75086848635236,valid,valid,0.094564332247557,0.094564332247557,0,1,0,Awake_mobile,19211dc232042f969c35fc18d135b54793a9c162e883e4107ae4a411cd9be63b,ID13-20200917
/Users/zcm361/Documents/Github/OxygenDynamicsV2/reference-validation/local-timing-rerun-20260909/ID13-20200917/Recording,sink,11,6,83,419,461,438,443,276,20,20,0,0,0,10.2103260869565,10.2103260869565,valid,valid,0.193768740795941,0.193768740795941,0,1,0,Awake_mobile,19211dc232042f969c35fc18d135b54793a9c162e883e4107ae4a411cd9be63b,ID13-20200917
/Users/zcm361/Documents/Github/OxygenDynamicsV2/reference-validation/local-timing-rerun-20260909/ID13-20200917/Recording,sink,11,7,84,624,642,635,642,1366,20,20,0,0,0,8.47251098096632,8.47251098096632,valid,valid,0.122560688472322,0.122560688472322,0,1,0,Awake_mobile,19211dc232042f969c35fc18d135b54793a9c162e883e4107ae4a411cd9be63b,ID13-20200917
/Users/zcm361/Documents/Github/OxygenDynamicsV2/reference-validation/local-timing-rerun-20260909/ID13-20200917/Recording,sink,11,8,85,734,748,746,748,158,20,20,0,0,0,10.3683544303797,10.3683544303797,valid,valid,0.153949456720791,0.153949456720791,0,1,0,Awake_mobile,19211dc232042f969c35fc18d135b54793a9c162e883e4107ae4a411cd9be63b,ID13-20200917
/Users/zcm361/Documents/Github/OxygenDynamicsV2/reference-validation/local-timing-rerun-20260909/ID13-20200917/Recording,sink,11,9,86,770,774,772,774,213,20,20,0,0,0,7.24037558685446,7.24037558685446,valid,valid,0.0571910258072883,0.0571910258072883,0,1,0,Awake_mobile,19211dc232042f969c35fc18d135b54793a9c162e883e4107ae4a411cd9be63b,ID13-20200917
/Users/zcm361/Documents/Github/OxygenDynamicsV2/reference-validation/local-timing-rerun-20260909/ID13-20200917/Recording,sink,11,10,87,877,893,879,881,259,20,20,0,0,0,10.8312741312741,10.8312741312741,valid,valid,0.247495811499661,0.247495811499661,0,1,0,Awake_mobile,19211dc232042f969c35fc18d135b54793a9c162e883e4107ae4a411cd9be63b,ID13-20200917
/Users/zcm361/Documents/Github/OxygenDynamicsV2/reference-validation/local-timing-rerun-20260909/ID13-20200917/Recording,sink,11,11,88,970,988,979,988,536,20,9,0,11,0,NaN,NaN,insufficient_clean_prebaseline,insufficient_clean_prebaseline,NaN,NaN,NaN,1,0,Awake_mobile,19211dc232042f969c35fc18d135b54793a9c162e883e4107ae4a411cd9be63b,ID13-20200917
/Users/zcm361/Documents/Github/OxygenDynamicsV2/reference-validation/local-timing-rerun-20260909/ID13-20200917/Recording,sink,11,12,89,1010,1013,1010,1012,386,20,20,0,0,0,8.7639896373057,8.7639896373057,valid,valid,0.0286440627863668,0.0286440627863668,0,1,0,Awake_mobile,19211dc232042f969c35fc18d135b54793a9c162e883e4107ae4a411cd9be63b,ID13-20200917
/Users/zcm361/Documents/Github/OxygenDynamicsV2/reference-validation/local-timing-rerun-20260909/ID13-20200917/Recording,sink,11,13,90,1059,1068,1059,1068,539,20,20,0,0,0,8.37235621521336,8.37235621521336,valid,valid,0.08170275001662,0.08170275001662,0,1,0,Awake_mobile,19211dc232042f969c35fc18d135b54793a9c162e883e4107ae4a411cd9be63b,ID13-20200917
/Users/zcm361/Documents/Github/OxygenDynamicsV2/reference-validation/local-timing-rerun-20260909/ID13-20200917/Recording,sink,11,14,91,1094,1107,1095,1099,423,20,20,0,0,0,8.32600472813239,8.32600472813239,valid,valid,0.0229705556659755,0.0229705556659755,0,1,0,Awake_mobile,19211dc232042f969c35fc18d135b54793a9c162e883e4107ae4a411cd9be63b,ID13-20200917
/Users/zcm361/Documents/Github/OxygenDynamicsV2/reference-validation/local-timing-rerun-20260909/ID13-20200917/Recording,sink,11,15,92,1159,1163,1159,1163,1472,20,20,0,0,0,7.99544836956522,7.99544836956522,valid,valid,0.116090166789868,0.116090166789868,0,1,0,Awake_mobile,19211dc232042f969c35fc18d135b54793a9c162e883e4107ae4a411cd9be63b,ID13-20200917
/Users/zcm361/Documents/Github/OxygenDynamicsV2/reference-validation/local-timing-rerun-20260909/ID13-20200917/Recording,sink,11,16,93,1183,1195,1192,1195,315,20,15,0,5,0,NaN,NaN,insufficient_clean_prebaseline,insufficient_clean_prebaseline,NaN,NaN,NaN,1,0,Awake_mobile,19211dc232042f969c35fc18d135b54793a9c162e883e4107ae4a411cd9be63b,ID13-20200917
/Users/zcm361/Documents/Github/OxygenDynamicsV2/reference-validation/local-timing-rerun-20260909/ID13-20200917/Recording,sink,12,1,94,446,476,446,465,1435,20,20,0,0,0,8.21808362369338,8.21808362369338,valid,valid,0.133210943826608,0.133210943826608,0,1,0,Awake_mobile,19211dc232042f969c35fc18d135b54793a9c162e883e4107ae4a411cd9be63b,ID13-20200917
/Users/zcm361/Documents/Github/OxygenDynamicsV2/reference-validation/local-timing-rerun-20260909/ID13-20200917/Recording,sink,12,2,95,561,563,561,563,1365,20,7,0,13,0,NaN,NaN,insufficient_clean_prebaseline,insufficient_clean_prebaseline,NaN,NaN,NaN,1,0,Awake_mobile,19211dc232042f969c35fc18d135b54793a9c162e883e4107ae4a411cd9be63b,ID13-20200917
/Users/zcm361/Documents/Github/OxygenDynamicsV2/reference-validation/local-timing-rerun-20260909/ID13-20200917/Recording,sink,12,3,96,602,631,621,631,1376,20,7,0,13,0,NaN,NaN,insufficient_clean_prebaseline,insufficient_clean_prebaseline,NaN,NaN,NaN,1,0,Awake_mobile,19211dc232042f969c35fc18d135b54793a9c162e883e4107ae4a411cd9be63b,ID13-20200917
/Users/zcm361/Documents/Github/OxygenDynamicsV2/reference-validation/local-timing-rerun-20260909/ID13-20200917/Recording,sink,12,4,97,745,754,749,754,1624,20,20,0,0,0,8.5806342364532,8.5806342364532,valid,valid,0.261640694799766,0.261640694799766,0,1,0,Awake_mobile,19211dc232042f969c35fc18d135b54793a9c162e883e4107ae4a411cd9be63b,ID13-20200917
/Users/zcm361/Documents/Github/OxygenDynamicsV2/reference-validation/local-timing-rerun-20260909/ID13-20200917/Recording,sink,12,5,98,879,893,881,886,1797,20,20,0,0,0,8.52943795214246,8.52943795214246,valid,valid,0.175267821026397,0.175267821026397,0,1,0,Awake_mobile,19211dc232042f969c35fc18d135b54793a9c162e883e4107ae4a411cd9be63b,ID13-20200917
/Users/zcm361/Documents/Github/OxygenDynamicsV2/reference-validation/local-timing-rerun-20260909/ID13-20200917/Recording,sink,12,6,99,997,1038,997,1034,3011,20,20,0,0,0,6.44425440053138,6.44425440053138,valid,valid,0.0218850577082146,0.0218850577082146,0,1,0,Awake_mobile,19211dc232042f969c35fc18d135b54793a9c162e883e4107ae4a411cd9be63b,ID13-20200917
/Users/zcm361/Documents/Github/OxygenDynamicsV2/reference-validation/local-timing-rerun-20260909/ID13-20200917/Recording,sink,12,7,100,1062,1067,1062,1064,304,20,20,0,0,0,6.01200657894737,6.01200657894737,valid,valid,0.0813339534374747,0.0813339534374747,0,1,0,Awake_mobile,19211dc232042f969c35fc18d135b54793a9c162e883e4107ae4a411cd9be63b,ID13-20200917
/Users/zcm361/Documents/Github/OxygenDynamicsV2/reference-validation/local-timing-rerun-20260909/ID13-20200917/Recording,sink,12,8,101,1184,1200,1196,1200,839,20,7,0,13,0,NaN,NaN,insufficient_clean_prebaseline,insufficient_clean_prebaseline,NaN,NaN,NaN,1,0,Awake_mobile,19211dc232042f969c35fc18d135b54793a9c162e883e4107ae4a411cd9be63b,ID13-20200917
/Users/zcm361/Documents/Github/OxygenDynamicsV2/reference-validation/local-timing-rerun-20260909/ID13-20200917/Recording,sink,13,1,102,32,39,35,38,758,20,20,0,0,0,5.67974934036939,5.67974934036939,valid,valid,0.154288368851983,0.154288368851983,0,1,0,Awake_mobile,19211dc232042f969c35fc18d135b54793a9c162e883e4107ae4a411cd9be63b,ID13-20200917
/Users/zcm361/Documents/Github/OxygenDynamicsV2/reference-validation/local-timing-rerun-20260909/ID13-20200917/Recording,sink,13,2,103,461,473,461,464,996,20,20,0,0,0,4.53303212851406,4.53303212851406,valid,valid,0.0247846020952845,0.0247846020952845,0,1,0,Awake_mobile,19211dc232042f969c35fc18d135b54793a9c162e883e4107ae4a411cd9be63b,ID13-20200917
/Users/zcm361/Documents/Github/OxygenDynamicsV2/reference-validation/local-timing-rerun-20260909/ID13-20200917/Recording,sink,13,3,104,875,891,880,882,275,20,20,0,0,0,5.31254545454545,5.31254545454545,valid,valid,0.253910126972176,0.253910126972176,0,1,0,Awake_mobile,19211dc232042f969c35fc18d135b54793a9c162e883e4107ae4a411cd9be63b,ID13-20200917
/Users/zcm361/Documents/Github/OxygenDynamicsV2/reference-validation/local-timing-rerun-20260909/ID13-20200917/Recording,sink,14,1,105,32,45,36,38,370,20,13,0,7,0,NaN,NaN,insufficient_clean_prebaseline,insufficient_clean_prebaseline,NaN,NaN,NaN,1,0,Awake_mobile,19211dc232042f969c35fc18d135b54793a9c162e883e4107ae4a411cd9be63b,ID13-20200917
/Users/zcm361/Documents/Github/OxygenDynamicsV2/reference-validation/local-timing-rerun-20260909/ID13-20200917/Recording,sink,15,1,106,32,38,36,38,393,20,20,0,0,0,7.85559796437659,7.85559796437659,valid,valid,0.128998299457446,0.128998299457446,0,1,0,Awake_mobile,19211dc232042f969c35fc18d135b54793a9c162e883e4107ae4a411cd9be63b,ID13-20200917
/Users/zcm361/Documents/Github/OxygenDynamicsV2/reference-validation/local-timing-rerun-20260909/ID13-20200917/Recording,sink,15,2,107,312,335,312,334,2845,20,20,0,0,0,6.09569420035149,6.09569420035149,valid,valid,0.0511035188628926,0.0511035188628926,0,1,0,Awake_mobile,19211dc232042f969c35fc18d135b54793a9c162e883e4107ae4a411cd9be63b,ID13-20200917
/Users/zcm361/Documents/Github/OxygenDynamicsV2/reference-validation/local-timing-rerun-20260909/ID13-20200917/Recording,sink,15,3,108,453,465,453,465,828,20,20,0,0,0,5.2030193236715,5.2030193236715,valid,valid,0.0357698289269049,0.0357698289269049,0,1,0,Awake_mobile,19211dc232042f969c35fc18d135b54793a9c162e883e4107ae4a411cd9be63b,ID13-20200917
/Users/zcm361/Documents/Github/OxygenDynamicsV2/reference-validation/local-timing-rerun-20260909/ID13-20200917/Recording,sink,16,1,109,35,50,37,43,476,20,20,0,0,0,13.9900210084034,13.9900210084034,valid,valid,0.134136727108909,0.134136727108909,0,1,0,Awake_mobile,19211dc232042f969c35fc18d135b54793a9c162e883e4107ae4a411cd9be63b,ID13-20200917
/Users/zcm361/Documents/Github/OxygenDynamicsV2/reference-validation/local-timing-rerun-20260909/ID13-20200917/Recording,sink,17,1,110,32,51,39,45,647,20,20,0,0,0,7.57797527047913,7.57797527047913,valid,valid,0.15459060361619,0.15459060361619,0,1,0,Awake_mobile,19211dc232042f969c35fc18d135b54793a9c162e883e4107ae4a411cd9be63b,ID13-20200917
/Users/zcm361/Documents/Github/OxygenDynamicsV2/reference-validation/local-timing-rerun-20260909/ID13-20200917/Recording,sink,17,2,111,168,202,182,191,1018,20,20,0,0,0,6.74042239685658,6.74042239685658,valid,valid,0.130396764673735,0.130396764673735,0,1,0,Awake_mobile,19211dc232042f969c35fc18d135b54793a9c162e883e4107ae4a411cd9be63b,ID13-20200917
/Users/zcm361/Documents/Github/OxygenDynamicsV2/reference-validation/local-timing-rerun-20260909/ID13-20200917/Recording,sink,17,3,112,331,343,339,341,304,20,20,0,0,0,4.93305921052632,4.93305921052632,valid,valid,0.0604474377354717,0.0604474377354717,0,1,0,Awake_mobile,19211dc232042f969c35fc18d135b54793a9c162e883e4107ae4a411cd9be63b,ID13-20200917
/Users/zcm361/Documents/Github/OxygenDynamicsV2/reference-validation/local-timing-rerun-20260909/ID13-20200917/Recording,sink,17,4,113,573,600,579,581,514,20,20,0,0,0,7.06128404669261,7.06128404669261,valid,valid,0.0508334481333518,0.0508334481333518,0,1,0,Awake_mobile,19211dc232042f969c35fc18d135b54793a9c162e883e4107ae4a411cd9be63b,ID13-20200917
/Users/zcm361/Documents/Github/OxygenDynamicsV2/reference-validation/local-timing-rerun-20260909/ID13-20200917/Recording,sink,17,5,114,1162,1183,1172,1176,602,20,20,0,0,0,6.73480066445183,6.73480066445183,valid,valid,0.120450873752883,0.120450873752883,0,1,0,Awake_mobile,19211dc232042f969c35fc18d135b54793a9c162e883e4107ae4a411cd9be63b,ID13-20200917
/Users/zcm361/Documents/Github/OxygenDynamicsV2/reference-validation/local-timing-rerun-20260909/ID13-20200917/Recording,sink,18,1,115,35,58,39,42,845,20,13,0,7,0,NaN,NaN,insufficient_clean_prebaseline,insufficient_clean_prebaseline,NaN,NaN,NaN,1,0,Awake_mobile,19211dc232042f969c35fc18d135b54793a9c162e883e4107ae4a411cd9be63b,ID13-20200917
/Users/zcm361/Documents/Github/OxygenDynamicsV2/reference-validation/local-timing-rerun-20260909/ID13-20200917/Recording,sink,18,2,116,445,475,465,468,351,20,20,0,0,0,13.5958689458689,13.5958689458689,valid,valid,0.122617688044173,0.122617688044173,0,1,0,Awake_mobile,19211dc232042f969c35fc18d135b54793a9c162e883e4107ae4a411cd9be63b,ID13-20200917
/Users/zcm361/Documents/Github/OxygenDynamicsV2/reference-validation/local-timing-rerun-20260909/ID13-20200917/Recording,sink,18,3,117,604,621,615,621,1039,20,1,0,19,0,NaN,NaN,insufficient_clean_prebaseline,insufficient_clean_prebaseline,NaN,NaN,NaN,1,0,Awake_mobile,19211dc232042f969c35fc18d135b54793a9c162e883e4107ae4a411cd9be63b,ID13-20200917
/Users/zcm361/Documents/Github/OxygenDynamicsV2/reference-validation/local-timing-rerun-20260909/ID13-20200917/Recording,sink,18,4,118,673,687,673,677,917,20,20,0,0,0,10.4272082878953,10.4272082878953,valid,valid,0.0492326195518607,0.0492326195518607,0,1,0,Awake_mobile,19211dc232042f969c35fc18d135b54793a9c162e883e4107ae4a411cd9be63b,ID13-20200917
/Users/zcm361/Documents/Github/OxygenDynamicsV2/reference-validation/local-timing-rerun-20260909/ID13-20200917/Recording,sink,18,5,119,761,778,770,772,413,20,20,0,0,0,9.09443099273608,9.09443099273608,valid,valid,0.0742811501597443,0.0742811501597443,0,1,0,Awake_mobile,19211dc232042f969c35fc18d135b54793a9c162e883e4107ae4a411cd9be63b,ID13-20200917
/Users/zcm361/Documents/Github/OxygenDynamicsV2/reference-validation/local-timing-rerun-20260909/ID13-20200917/Recording,sink,18,6,120,880,906,887,891,449,20,20,0,0,0,12.4810690423163,12.4810690423163,valid,valid,0.149536045681656,0.149536045681656,0,1,0,Awake_mobile,19211dc232042f969c35fc18d135b54793a9c162e883e4107ae4a411cd9be63b,ID13-20200917
/Users/zcm361/Documents/Github/OxygenDynamicsV2/reference-validation/local-timing-rerun-20260909/ID13-20200917/Recording,sink,18,7,121,973,979,974,979,499,20,9,0,11,0,NaN,NaN,insufficient_clean_prebaseline,insufficient_clean_prebaseline,NaN,NaN,NaN,1,0,Awake_mobile,19211dc232042f969c35fc18d135b54793a9c162e883e4107ae4a411cd9be63b,ID13-20200917
/Users/zcm361/Documents/Github/OxygenDynamicsV2/reference-validation/local-timing-rerun-20260909/ID13-20200917/Recording,sink,18,8,122,1001,1003,1001,1003,774,20,20,0,0,0,8.21453488372093,8.21453488372093,valid,valid,0.0300485211660807,0.0300485211660807,0,1,0,Awake_mobile,19211dc232042f969c35fc18d135b54793a9c162e883e4107ae4a411cd9be63b,ID13-20200917
/Users/zcm361/Documents/Github/OxygenDynamicsV2/reference-validation/local-timing-rerun-20260909/ID13-20200917/Recording,sink,18,9,123,1084,1089,1085,1088,2502,20,18,0,2,0,NaN,NaN,insufficient_clean_prebaseline,insufficient_clean_prebaseline,NaN,NaN,NaN,1,0,Awake_mobile,19211dc232042f969c35fc18d135b54793a9c162e883e4107ae4a411cd9be63b,ID13-20200917
/Users/zcm361/Documents/Github/OxygenDynamicsV2/reference-validation/local-timing-rerun-20260909/ID13-20200917/Recording,sink,18,10,124,1186,1198,1196,1198,969,20,17,0,3,0,NaN,NaN,insufficient_clean_prebaseline,insufficient_clean_prebaseline,NaN,NaN,NaN,1,0,Awake_mobile,19211dc232042f969c35fc18d135b54793a9c162e883e4107ae4a411cd9be63b,ID13-20200917
/Users/zcm361/Documents/Github/OxygenDynamicsV2/reference-validation/local-timing-rerun-20260909/ID13-20200917/Recording,sink,19,1,125,36,60,55,59,882,20,15,0,5,0,NaN,NaN,insufficient_clean_prebaseline,insufficient_clean_prebaseline,NaN,NaN,NaN,1,0,Awake_mobile,19211dc232042f969c35fc18d135b54793a9c162e883e4107ae4a411cd9be63b,ID13-20200917
/Users/zcm361/Documents/Github/OxygenDynamicsV2/reference-validation/local-timing-rerun-20260909/ID13-20200917/Recording,sink,19,2,126,462,470,464,468,648,20,17,0,3,0,NaN,NaN,insufficient_clean_prebaseline,insufficient_clean_prebaseline,NaN,NaN,NaN,1,0,Awake_mobile,19211dc232042f969c35fc18d135b54793a9c162e883e4107ae4a411cd9be63b,ID13-20200917
/Users/zcm361/Documents/Github/OxygenDynamicsV2/reference-validation/local-timing-rerun-20260909/ID13-20200917/Recording,sink,19,3,127,679,681,679,681,306,20,20,0,0,0,8.52401960784314,8.52401960784314,valid,valid,0.030421530852838,0.030421530852838,0,1,0,Awake_mobile,19211dc232042f969c35fc18d135b54793a9c162e883e4107ae4a411cd9be63b,ID13-20200917
/Users/zcm361/Documents/Github/OxygenDynamicsV2/reference-validation/local-timing-rerun-20260909/ID13-20200917/Recording,sink,19,4,128,982,1011,989,991,389,20,19,0,1,0,NaN,NaN,insufficient_clean_prebaseline,insufficient_clean_prebaseline,NaN,NaN,NaN,1,0,Awake_mobile,19211dc232042f969c35fc18d135b54793a9c162e883e4107ae4a411cd9be63b,ID13-20200917
/Users/zcm361/Documents/Github/OxygenDynamicsV2/reference-validation/local-timing-rerun-20260909/ID13-20200917/Recording,sink,20,1,129,156,171,156,158,292,20,20,0,0,0,13.6191780821918,13.6191780821918,valid,valid,0.0600482800241399,0.0600482800241399,0,1,0,Awake_mobile,19211dc232042f969c35fc18d135b54793a9c162e883e4107ae4a411cd9be63b,ID13-20200917
/Users/zcm361/Documents/Github/OxygenDynamicsV2/reference-validation/local-timing-rerun-20260909/ID13-20200917/Recording,sink,20,2,130,213,268,213,268,1327,20,19,0,1,0,NaN,NaN,insufficient_clean_prebaseline,insufficient_clean_prebaseline,NaN,NaN,NaN,1,0,Awake_mobile,19211dc232042f969c35fc18d135b54793a9c162e883e4107ae4a411cd9be63b,ID13-20200917
/Users/zcm361/Documents/Github/OxygenDynamicsV2/reference-validation/local-timing-rerun-20260909/ID13-20200917/Recording,sink,21,1,131,61,73,68,71,382,20,20,0,0,0,13.2164921465969,13.2164921465969,valid,valid,0.0815457444490662,0.0815457444490662,0,1,0,Awake_mobile,19211dc232042f969c35fc18d135b54793a9c162e883e4107ae4a411cd9be63b,ID13-20200917
/Users/zcm361/Documents/Github/OxygenDynamicsV2/reference-validation/local-timing-rerun-20260909/ID13-20200917/Recording,sink,21,2,132,259,265,260,264,669,20,10,0,10,0,NaN,NaN,insufficient_clean_prebaseline,insufficient_clean_prebaseline,NaN,NaN,NaN,1,0,Awake_mobile,19211dc232042f969c35fc18d135b54793a9c162e883e4107ae4a411cd9be63b,ID13-20200917
/Users/zcm361/Documents/Github/OxygenDynamicsV2/reference-validation/local-timing-rerun-20260909/ID13-20200917/Recording,sink,21,3,133,318,333,318,329,530,20,20,0,0,0,12.4732075471698,12.4732075471698,valid,valid,0.0582077812065107,0.0582077812065107,0,1,0,Awake_mobile,19211dc232042f969c35fc18d135b54793a9c162e883e4107ae4a411cd9be63b,ID13-20200917
/Users/zcm361/Documents/Github/OxygenDynamicsV2/reference-validation/local-timing-rerun-20260909/ID13-20200917/Recording,sink,21,4,134,344,366,351,356,596,20,14,0,6,0,NaN,NaN,insufficient_clean_prebaseline,insufficient_clean_prebaseline,NaN,NaN,NaN,1,0,Awake_mobile,19211dc232042f969c35fc18d135b54793a9c162e883e4107ae4a411cd9be63b,ID13-20200917
/Users/zcm361/Documents/Github/OxygenDynamicsV2/reference-validation/local-timing-rerun-20260909/ID13-20200917/Recording,sink,21,5,135,417,435,419,430,532,20,20,0,0,0,12.890037593985,12.890037593985,valid,valid,0.131899380240612,0.131899380240612,0,1,0,Awake_mobile,19211dc232042f969c35fc18d135b54793a9c162e883e4107ae4a411cd9be63b,ID13-20200917
/Users/zcm361/Documents/Github/OxygenDynamicsV2/reference-validation/local-timing-rerun-20260909/ID13-20200917/Recording,sink,21,6,136,522,533,527,531,253,20,20,0,0,0,14.6118577075099,14.6118577075099,valid,valid,0.125189352953906,0.125189352953906,0,1,0,Awake_mobile,19211dc232042f969c35fc18d135b54793a9c162e883e4107ae4a411cd9be63b,ID13-20200917
/Users/zcm361/Documents/Github/OxygenDynamicsV2/reference-validation/local-timing-rerun-20260909/ID13-20200917/Recording,sink,21,7,137,744,750,744,750,315,20,20,0,0,0,10.7812698412698,10.7812698412698,valid,valid,0.179058331615677,0.179058331615677,0,1,0,Awake_mobile,19211dc232042f969c35fc18d135b54793a9c162e883e4107ae4a411cd9be63b,ID13-20200917
/Users/zcm361/Documents/Github/OxygenDynamicsV2/reference-validation/local-timing-rerun-20260909/ID13-20200917/Recording,sink,21,8,138,851,870,852,855,533,20,18,0,2,0,NaN,NaN,insufficient_clean_prebaseline,insufficient_clean_prebaseline,NaN,NaN,NaN,1,0,Awake_mobile,19211dc232042f969c35fc18d135b54793a9c162e883e4107ae4a411cd9be63b,ID13-20200917
/Users/zcm361/Documents/Github/OxygenDynamicsV2/reference-validation/local-timing-rerun-20260909/ID13-20200917/Recording,sink,21,9,139,973,1004,978,1004,1245,20,16,0,4,0,NaN,NaN,insufficient_clean_prebaseline,insufficient_clean_prebaseline,NaN,NaN,NaN,1,0,Awake_mobile,19211dc232042f969c35fc18d135b54793a9c162e883e4107ae4a411cd9be63b,ID13-20200917
/Users/zcm361/Documents/Github/OxygenDynamicsV2/reference-validation/local-timing-rerun-20260909/ID13-20200917/Recording,sink,21,10,140,1093,1110,1095,1097,208,20,20,0,0,0,8.94038461538462,8.94038461538462,valid,valid,0.0745321574532158,0.0745321574532158,0,1,0,Awake_mobile,19211dc232042f969c35fc18d135b54793a9c162e883e4107ae4a411cd9be63b,ID13-20200917
/Users/zcm361/Documents/Github/OxygenDynamicsV2/reference-validation/local-timing-rerun-20260909/ID13-20200917/Recording,sink,21,11,141,1183,1195,1193,1195,210,20,18,0,2,0,NaN,NaN,insufficient_clean_prebaseline,insufficient_clean_prebaseline,NaN,NaN,NaN,1,0,Awake_mobile,19211dc232042f969c35fc18d135b54793a9c162e883e4107ae4a411cd9be63b,ID13-20200917
/Users/zcm361/Documents/Github/OxygenDynamicsV2/reference-validation/local-timing-rerun-20260909/ID13-20200917/Recording,sink,22,1,142,53,61,57,59,267,20,6,0,14,0,NaN,NaN,insufficient_clean_prebaseline,insufficient_clean_prebaseline,NaN,NaN,NaN,1,0,Awake_mobile,19211dc232042f969c35fc18d135b54793a9c162e883e4107ae4a411cd9be63b,ID13-20200917
/Users/zcm361/Documents/Github/OxygenDynamicsV2/reference-validation/local-timing-rerun-20260909/ID13-20200917/Recording,sink,22,2,143,363,387,363,387,933,20,17,0,3,0,NaN,NaN,insufficient_clean_prebaseline,insufficient_clean_prebaseline,NaN,NaN,NaN,1,0,Awake_mobile,19211dc232042f969c35fc18d135b54793a9c162e883e4107ae4a411cd9be63b,ID13-20200917
/Users/zcm361/Documents/Github/OxygenDynamicsV2/reference-validation/local-timing-rerun-20260909/ID13-20200917/Recording,sink,22,3,144,464,470,465,468,647,20,5,0,15,0,NaN,NaN,insufficient_clean_prebaseline,insufficient_clean_prebaseline,NaN,NaN,NaN,1,0,Awake_mobile,19211dc232042f969c35fc18d135b54793a9c162e883e4107ae4a411cd9be63b,ID13-20200917
/Users/zcm361/Documents/Github/OxygenDynamicsV2/reference-validation/local-timing-rerun-20260909/ID13-20200917/Recording,sink,22,4,145,525,537,526,529,390,20,18,0,2,0,NaN,NaN,insufficient_clean_prebaseline,insufficient_clean_prebaseline,NaN,NaN,NaN,1,0,Awake_mobile,19211dc232042f969c35fc18d135b54793a9c162e883e4107ae4a411cd9be63b,ID13-20200917
/Users/zcm361/Documents/Github/OxygenDynamicsV2/reference-validation/local-timing-rerun-20260909/ID13-20200917/Recording,sink,22,5,146,586,599,587,592,288,20,20,0,0,0,9.21215277777778,9.21215277777778,valid,valid,0.075044287814255,0.075044287814255,0,1,0,Awake_mobile,19211dc232042f969c35fc18d135b54793a9c162e883e4107ae4a411cd9be63b,ID13-20200917
/Users/zcm361/Documents/Github/OxygenDynamicsV2/reference-validation/local-timing-rerun-20260909/ID13-20200917/Recording,sink,22,6,147,722,744,733,744,674,20,20,0,0,0,10.2603115727003,10.2603115727003,valid,valid,0.102444526386569,0.102444526386569,0,1,0,Awake_mobile,19211dc232042f969c35fc18d135b54793a9c162e883e4107ae4a411cd9be63b,ID13-20200917
/Users/zcm361/Documents/Github/OxygenDynamicsV2/reference-validation/local-timing-rerun-20260909/ID13-20200917/Recording,sink,22,7,148,805,807,805,807,396,20,20,0,0,0,8.80593434343434,8.80593434343434,valid,valid,0.0691538935807179,0.0691538935807179,0,1,0,Awake_mobile,19211dc232042f969c35fc18d135b54793a9c162e883e4107ae4a411cd9be63b,ID13-20200917
/Users/zcm361/Documents/Github/OxygenDynamicsV2/reference-validation/local-timing-rerun-20260909/ID13-20200917/Recording,sink,22,8,149,852,865,852,862,940,20,10,0,10,0,NaN,NaN,insufficient_clean_prebaseline,insufficient_clean_prebaseline,NaN,NaN,NaN,1,0,Awake_mobile,19211dc232042f969c35fc18d135b54793a9c162e883e4107ae4a411cd9be63b,ID13-20200917
/Users/zcm361/Documents/Github/OxygenDynamicsV2/reference-validation/local-timing-rerun-20260909/ID13-20200917/Recording,sink,22,9,150,888,917,890,898,683,20,20,0,0,0,10.5994143484627,10.5994143484627,valid,valid,0.110699781749869,0.110699781749869,0,1,0,Awake_mobile,19211dc232042f969c35fc18d135b54793a9c162e883e4107ae4a411cd9be63b,ID13-20200917
/Users/zcm361/Documents/Github/OxygenDynamicsV2/reference-validation/local-timing-rerun-20260909/ID13-20200917/Recording,sink,22,10,151,1090,1095,1090,1093,260,20,20,0,0,0,8.82807692307692,8.82807692307692,valid,valid,0.0528471223805166,0.0528471223805166,0,1,0,Awake_mobile,19211dc232042f969c35fc18d135b54793a9c162e883e4107ae4a411cd9be63b,ID13-20200917
/Users/zcm361/Documents/Github/OxygenDynamicsV2/reference-validation/local-timing-rerun-20260909/ID13-20200917/Recording,sink,23,1,152,87,112,93,96,1343,20,20,0,0,0,6.67606105733433,6.67606105733433,valid,valid,0.149337214684445,0.149337214684445,0,1,0,Awake_mobile,19211dc232042f969c35fc18d135b54793a9c162e883e4107ae4a411cd9be63b,ID13-20200917
/Users/zcm361/Documents/Github/OxygenDynamicsV2/reference-validation/local-timing-rerun-20260909/ID13-20200917/Recording,sink,23,2,153,445,465,447,459,967,20,20,0,0,0,6.80351602895553,6.80351602895553,valid,valid,0.120535035719714,0.120535035719714,0,1,0,Awake_mobile,19211dc232042f969c35fc18d135b54793a9c162e883e4107ae4a411cd9be63b,ID13-20200917
/Users/zcm361/Documents/Github/OxygenDynamicsV2/reference-validation/local-timing-rerun-20260909/ID13-20200917/Recording,sink,23,3,154,480,487,481,487,1354,20,20,0,0,0,6.69132200886263,6.69132200886263,valid,valid,0.0308000507723467,0.0308000507723467,0,1,0,Awake_mobile,19211dc232042f969c35fc18d135b54793a9c162e883e4107ae4a411cd9be63b,ID13-20200917
/Users/zcm361/Documents/Github/OxygenDynamicsV2/reference-validation/local-timing-rerun-20260909/ID13-20200917/Recording,sink,23,4,155,581,588,583,587,1398,20,20,0,0,0,7.1516452074392,7.1516452074392,valid,valid,0.085617123424685,0.085617123424685,0,1,0,Awake_mobile,19211dc232042f969c35fc18d135b54793a9c162e883e4107ae4a411cd9be63b,ID13-20200917
/Users/zcm361/Documents/Github/OxygenDynamicsV2/reference-validation/local-timing-rerun-20260909/ID13-20200917/Recording,sink,23,5,156,610,613,610,613,840,20,20,0,0,0,6.80208333333333,6.80208333333333,valid,valid,0.11791730474732,0.11791730474732,0,1,0,Awake_mobile,19211dc232042f969c35fc18d135b54793a9c162e883e4107ae4a411cd9be63b,ID13-20200917
/Users/zcm361/Documents/Github/OxygenDynamicsV2/reference-validation/local-timing-rerun-20260909/ID13-20200917/Recording,sink,23,6,157,658,672,663,669,1628,20,20,0,0,0,7.15175061425061,7.15175061425061,valid,valid,0.124370332515964,0.124370332515964,0,1,0,Awake_mobile,19211dc232042f969c35fc18d135b54793a9c162e883e4107ae4a411cd9be63b,ID13-20200917
/Users/zcm361/Documents/Github/OxygenDynamicsV2/reference-validation/local-timing-rerun-20260909/ID13-20200917/Recording,sink,24,1,158,125,128,125,127,911,20,20,0,0,0,8.44110867178924,8.44110867178924,valid,valid,0.0380826674122381,0.0380826674122381,0,1,0,Awake_mobile,19211dc232042f969c35fc18d135b54793a9c162e883e4107ae4a411cd9be63b,ID13-20200917
/Users/zcm361/Documents/Github/OxygenDynamicsV2/reference-validation/local-timing-rerun-20260909/ID13-20200917/Recording,sink,25,1,159,161,177,165,171,1371,20,20,0,0,0,7.27618526622903,7.27618526622903,valid,valid,0.0857738593475112,0.0857738593475112,0,1,0,Awake_mobile,19211dc232042f969c35fc18d135b54793a9c162e883e4107ae4a411cd9be63b,ID13-20200917
/Users/zcm361/Documents/Github/OxygenDynamicsV2/reference-validation/local-timing-rerun-20260909/ID13-20200917/Recording,sink,25,2,160,704,758,706,743,2914,20,20,0,0,0,7.97107069320522,7.97107069320522,valid,valid,0.163240441369572,0.163240441369572,0,1,0,Awake_mobile,19211dc232042f969c35fc18d135b54793a9c162e883e4107ae4a411cd9be63b,ID13-20200917
/Users/zcm361/Documents/Github/OxygenDynamicsV2/reference-validation/local-timing-rerun-20260909/ID13-20200917/Recording,sink,25,3,161,887,895,892,895,254,20,20,0,0,0,8.48346456692913,8.48346456692913,valid,valid,0.0764804158158528,0.0764804158158528,0,1,0,Awake_mobile,19211dc232042f969c35fc18d135b54793a9c162e883e4107ae4a411cd9be63b,ID13-20200917
/Users/zcm361/Documents/Github/OxygenDynamicsV2/reference-validation/local-timing-rerun-20260909/ID13-20200917/Recording,sink,26,1,162,93,104,98,101,2489,20,20,0,0,0,7.65106468461229,7.65106468461229,valid,valid,0.108304670885079,0.108304670885079,0,1,0,Awake_mobile,19211dc232042f969c35fc18d135b54793a9c162e883e4107ae4a411cd9be63b,ID13-20200917
/Users/zcm361/Documents/Github/OxygenDynamicsV2/reference-validation/local-timing-rerun-20260909/ID13-20200917/Recording,sink,26,2,163,148,161,149,151,200,20,20,0,0,0,6.73225,6.73225,valid,valid,0.0567789372052435,0.0567789372052435,0,1,0,Awake_mobile,19211dc232042f969c35fc18d135b54793a9c162e883e4107ae4a411cd9be63b,ID13-20200917
/Users/zcm361/Documents/Github/OxygenDynamicsV2/reference-validation/local-timing-rerun-20260909/ID13-20200917/Recording,sink,26,3,164,748,796,765,796,1314,20,20,0,0,0,7.62073820395738,7.62073820395738,valid,valid,0.174526770957643,0.174526770957643,0,1,0,Awake_mobile,19211dc232042f969c35fc18d135b54793a9c162e883e4107ae4a411cd9be63b,ID13-20200917
/Users/zcm361/Documents/Github/OxygenDynamicsV2/reference-validation/local-timing-rerun-20260909/ID13-20200917/Recording,sink,27,1,165,98,106,101,103,931,20,20,0,0,0,8.47534908700322,8.47534908700322,valid,valid,0.124268903942057,0.124268903942057,0,1,0,Awake_mobile,19211dc232042f969c35fc18d135b54793a9c162e883e4107ae4a411cd9be63b,ID13-20200917
/Users/zcm361/Documents/Github/OxygenDynamicsV2/reference-validation/local-timing-rerun-20260909/ID13-20200917/Recording,sink,27,2,166,197,237,210,224,710,20,20,0,0,0,7.2180985915493,7.2180985915493,valid,valid,0.0692410509575889,0.0692410509575889,0,1,0,Awake_mobile,19211dc232042f969c35fc18d135b54793a9c162e883e4107ae4a411cd9be63b,ID13-20200917
/Users/zcm361/Documents/Github/OxygenDynamicsV2/reference-validation/local-timing-rerun-20260909/ID13-20200917/Recording,sink,28,1,167,92,124,104,123,1960,20,20,0,0,0,9.04691326530612,9.04691326530612,valid,valid,0.0903425737158068,0.0903425737158068,0,1,0,Awake_mobile,19211dc232042f969c35fc18d135b54793a9c162e883e4107ae4a411cd9be63b,ID13-20200917
/Users/zcm361/Documents/Github/OxygenDynamicsV2/reference-validation/local-timing-rerun-20260909/ID13-20200917/Recording,sink,28,2,168,456,487,474,476,224,20,20,0,0,0,8.73772321428571,8.73772321428571,valid,valid,0.0839187635713372,0.0839187635713372,0,1,0,Awake_mobile,19211dc232042f969c35fc18d135b54793a9c162e883e4107ae4a411cd9be63b,ID13-20200917
/Users/zcm361/Documents/Github/OxygenDynamicsV2/reference-validation/local-timing-rerun-20260909/ID13-20200917/Recording,sink,28,3,169,879,910,888,890,641,20,20,0,0,0,7.82262090483619,7.82262090483619,valid,valid,0.102367229722992,0.102367229722992,0,1,0,Awake_mobile,19211dc232042f969c35fc18d135b54793a9c162e883e4107ae4a411cd9be63b,ID13-20200917
/Users/zcm361/Documents/Github/OxygenDynamicsV2/reference-validation/local-timing-rerun-20260909/ID13-20200917/Recording,sink,29,1,170,120,126,120,126,1213,20,20,0,0,0,4.65659521846661,4.65659521846661,valid,valid,0.000433747311209319,0.000433747311209319,0,1,0,Awake_mobile,19211dc232042f969c35fc18d135b54793a9c162e883e4107ae4a411cd9be63b,ID13-20200917
/Users/zcm361/Documents/Github/OxygenDynamicsV2/reference-validation/local-timing-rerun-20260909/ID13-20200917/Recording,sink,29,2,171,146,164,146,164,767,20,19,0,1,0,NaN,NaN,insufficient_clean_prebaseline,insufficient_clean_prebaseline,NaN,NaN,NaN,1,0,Awake_mobile,19211dc232042f969c35fc18d135b54793a9c162e883e4107ae4a411cd9be63b,ID13-20200917
/Users/zcm361/Documents/Github/OxygenDynamicsV2/reference-validation/local-timing-rerun-20260909/ID13-20200917/Recording,sink,29,3,172,461,484,467,472,822,20,20,0,0,0,5.56843065693431,5.56843065693431,valid,valid,0.0380687093779016,0.0380687093779016,0,1,0,Awake_mobile,19211dc232042f969c35fc18d135b54793a9c162e883e4107ae4a411cd9be63b,ID13-20200917
/Users/zcm361/Documents/Github/OxygenDynamicsV2/reference-validation/local-timing-rerun-20260909/ID13-20200917/Recording,sink,29,4,173,756,772,758,760,750,20,20,0,0,0,5.7948,5.7948,valid,valid,0.125652884195025,0.125652884195025,0,1,0,Awake_mobile,19211dc232042f969c35fc18d135b54793a9c162e883e4107ae4a411cd9be63b,ID13-20200917
/Users/zcm361/Documents/Github/OxygenDynamicsV2/reference-validation/local-timing-rerun-20260909/ID13-20200917/Recording,sink,29,5,174,886,890,888,890,510,20,20,0,0,0,5.26823529411765,5.26823529411765,valid,valid,0.0888789638231353,0.0888789638231353,0,1,0,Awake_mobile,19211dc232042f969c35fc18d135b54793a9c162e883e4107ae4a411cd9be63b,ID13-20200917
/Users/zcm361/Documents/Github/OxygenDynamicsV2/reference-validation/local-timing-rerun-20260909/ID13-20200917/Recording,sink,29,6,175,1109,1134,1115,1124,2243,20,20,0,0,0,5.27369594293357,5.27369594293357,valid,valid,0.0958584483764341,0.0958584483764341,0,1,0,Awake_mobile,19211dc232042f969c35fc18d135b54793a9c162e883e4107ae4a411cd9be63b,ID13-20200917
/Users/zcm361/Documents/Github/OxygenDynamicsV2/reference-validation/local-timing-rerun-20260909/ID13-20200917/Recording,sink,30,1,176,104,125,117,119,529,20,20,0,0,0,3.99035916824197,3.99035916824197,valid,valid,0.0691174380595956,0.0691174380595956,0,1,0,Awake_mobile,19211dc232042f969c35fc18d135b54793a9c162e883e4107ae4a411cd9be63b,ID13-20200917
/Users/zcm361/Documents/Github/OxygenDynamicsV2/reference-validation/local-timing-rerun-20260909/ID13-20200917/Recording,sink,30,2,177,504,506,504,506,219,20,20,0,0,0,4.15228310502283,4.15228310502283,valid,valid,0.102655743113213,0.102655743113213,0,1,0,Awake_mobile,19211dc232042f969c35fc18d135b54793a9c162e883e4107ae4a411cd9be63b,ID13-20200917
/Users/zcm361/Documents/Github/OxygenDynamicsV2/reference-validation/local-timing-rerun-20260909/ID13-20200917/Recording,sink,31,1,178,436,469,454,456,776,20,20,0,0,0,8.81868556701031,8.81868556701031,valid,valid,0.100872386129499,0.100872386129499,0,1,0,Awake_mobile,19211dc232042f969c35fc18d135b54793a9c162e883e4107ae4a411cd9be63b,ID13-20200917
/Users/zcm361/Documents/Github/OxygenDynamicsV2/reference-validation/local-timing-rerun-20260909/ID13-20200917/Recording,sink,32,1,179,127,155,139,147,1016,20,20,0,0,0,7.90959645669291,7.90959645669291,valid,valid,0.0313769653378793,0.0313769653378793,0,1,0,Awake_mobile,19211dc232042f969c35fc18d135b54793a9c162e883e4107ae4a411cd9be63b,ID13-20200917
/Users/zcm361/Documents/Github/OxygenDynamicsV2/reference-validation/local-timing-rerun-20260909/ID13-20200917/Recording,sink,32,2,180,381,394,388,392,580,20,20,0,0,0,8.47775862068965,8.47775862068965,valid,valid,0.0714038762685321,0.0714038762685321,0,1,0,Awake_mobile,19211dc232042f969c35fc18d135b54793a9c162e883e4107ae4a411cd9be63b,ID13-20200917
/Users/zcm361/Documents/Github/OxygenDynamicsV2/reference-validation/local-timing-rerun-20260909/ID13-20200917/Recording,sink,32,3,181,773,802,789,796,555,20,13,0,7,0,NaN,NaN,insufficient_clean_prebaseline,insufficient_clean_prebaseline,NaN,NaN,NaN,1,0,Awake_mobile,19211dc232042f969c35fc18d135b54793a9c162e883e4107ae4a411cd9be63b,ID13-20200917
/Users/zcm361/Documents/Github/OxygenDynamicsV2/reference-validation/local-timing-rerun-20260909/ID13-20200917/Recording,sink,32,4,182,1090,1115,1106,1110,735,20,20,0,0,0,7.8865306122449,7.8865306122449,valid,valid,0.108097850464065,0.108097850464065,0,1,0,Awake_mobile,19211dc232042f969c35fc18d135b54793a9c162e883e4107ae4a411cd9be63b,ID13-20200917
/Users/zcm361/Documents/Github/OxygenDynamicsV2/reference-validation/local-timing-rerun-20260909/ID13-20200917/Recording,sink,33,1,183,137,157,147,157,613,20,20,0,0,0,8.50538336052202,8.50538336052202,valid,valid,0.0575012466914724,0.0575012466914724,0,1,0,Awake_mobile,19211dc232042f969c35fc18d135b54793a9c162e883e4107ae4a411cd9be63b,ID13-20200917
/Users/zcm361/Documents/Github/OxygenDynamicsV2/reference-validation/local-timing-rerun-20260909/ID13-20200917/Recording,sink,33,2,184,204,231,204,231,912,20,20,0,0,0,8.47894736842105,8.47894736842105,valid,valid,0.072392923649907,0.072392923649907,0,1,0,Awake_mobile,19211dc232042f969c35fc18d135b54793a9c162e883e4107ae4a411cd9be63b,ID13-20200917
/Users/zcm361/Documents/Github/OxygenDynamicsV2/reference-validation/local-timing-rerun-20260909/ID13-20200917/Recording,sink,33,3,185,259,269,259,269,656,20,20,0,0,0,7.28818597560976,7.28818597560976,valid,valid,0.0309660011922068,0.0309660011922068,0,1,0,Awake_mobile,19211dc232042f969c35fc18d135b54793a9c162e883e4107ae4a411cd9be63b,ID13-20200917
/Users/zcm361/Documents/Github/OxygenDynamicsV2/reference-validation/local-timing-rerun-20260909/ID13-20200917/Recording,sink,33,4,186,402,413,405,408,268,20,20,0,0,0,8.83022388059701,8.83022388059701,valid,valid,0.0910627508979505,0.0910627508979505,0,1,0,Awake_mobile,19211dc232042f969c35fc18d135b54793a9c162e883e4107ae4a411cd9be63b,ID13-20200917
/Users/zcm361/Documents/Github/OxygenDynamicsV2/reference-validation/local-timing-rerun-20260909/ID13-20200917/Recording,sink,33,5,187,835,842,836,842,997,20,5,0,15,0,NaN,NaN,insufficient_clean_prebaseline,insufficient_clean_prebaseline,NaN,NaN,NaN,1,0,Awake_mobile,19211dc232042f969c35fc18d135b54793a9c162e883e4107ae4a411cd9be63b,ID13-20200917
/Users/zcm361/Documents/Github/OxygenDynamicsV2/reference-validation/local-timing-rerun-20260909/ID13-20200917/Recording,sink,34,1,188,127,148,137,139,193,20,20,0,0,0,11.8870466321244,11.8870466321244,valid,valid,0.0898788248626975,0.0898788248626975,0,1,0,Awake_mobile,19211dc232042f969c35fc18d135b54793a9c162e883e4107ae4a411cd9be63b,ID13-20200917
/Users/zcm361/Documents/Github/OxygenDynamicsV2/reference-validation/local-timing-rerun-20260909/ID13-20200917/Recording,sink,34,2,189,794,817,794,797,260,20,20,0,0,0,10.4855769230769,10.4855769230769,valid,valid,0.0415405777166437,0.0415405777166437,0,1,0,Awake_mobile,19211dc232042f969c35fc18d135b54793a9c162e883e4107ae4a411cd9be63b,ID13-20200917
/Users/zcm361/Documents/Github/OxygenDynamicsV2/reference-validation/local-timing-rerun-20260909/ID13-20200917/Recording,sink,35,1,190,688,702,690,692,228,20,20,0,0,0,12.1605263157895,12.1605263157895,valid,valid,0.0553992642285221,0.0553992642285221,0,1,0,Awake_mobile,19211dc232042f969c35fc18d135b54793a9c162e883e4107ae4a411cd9be63b,ID13-20200917
/Users/zcm361/Documents/Github/OxygenDynamicsV2/reference-validation/local-timing-rerun-20260909/ID13-20200917/Recording,sink,36,1,191,367,395,378,380,275,20,20,0,0,0,7.20872727272727,7.20872727272727,valid,valid,0.0910008071025021,0.0910008071025021,0,1,0,Awake_mobile,19211dc232042f969c35fc18d135b54793a9c162e883e4107ae4a411cd9be63b,ID13-20200917
/Users/zcm361/Documents/Github/OxygenDynamicsV2/reference-validation/local-timing-rerun-20260909/ID13-20200917/Recording,sink,36,2,192,555,572,563,572,615,20,20,0,0,0,6.97195121951219,6.97195121951219,valid,valid,0.106291178356947,0.106291178356947,0,1,0,Awake_mobile,19211dc232042f969c35fc18d135b54793a9c162e883e4107ae4a411cd9be63b,ID13-20200917
/Users/zcm361/Documents/Github/OxygenDynamicsV2/reference-validation/local-timing-rerun-20260909/ID13-20200917/Recording,sink,36,3,193,698,705,700,702,341,20,20,0,0,0,6.44325513196481,6.44325513196481,valid,valid,0.0792617709305235,0.0792617709305235,0,1,0,Awake_mobile,19211dc232042f969c35fc18d135b54793a9c162e883e4107ae4a411cd9be63b,ID13-20200917
/Users/zcm361/Documents/Github/OxygenDynamicsV2/reference-validation/local-timing-rerun-20260909/ID13-20200917/Recording,sink,36,4,194,1177,1182,1177,1182,719,20,20,0,0,0,6.30556328233658,6.30556328233658,valid,valid,0.097205373094823,0.097205373094823,0,1,0,Awake_mobile,19211dc232042f969c35fc18d135b54793a9c162e883e4107ae4a411cd9be63b,ID13-20200917
/Users/zcm361/Documents/Github/OxygenDynamicsV2/reference-validation/local-timing-rerun-20260909/ID13-20200917/Recording,sink,37,1,195,167,169,167,169,276,20,20,0,0,0,4.90688405797101,4.90688405797101,valid,valid,0.0341874030864654,0.0341874030864654,0,1,0,Awake_mobile,19211dc232042f969c35fc18d135b54793a9c162e883e4107ae4a411cd9be63b,ID13-20200917
/Users/zcm361/Documents/Github/OxygenDynamicsV2/reference-validation/local-timing-rerun-20260909/ID13-20200917/Recording,sink,37,2,196,924,944,926,931,468,20,20,0,0,0,5.26848290598291,5.26848290598291,valid,valid,0.11260722324742,0.11260722324742,0,1,0,Awake_mobile,19211dc232042f969c35fc18d135b54793a9c162e883e4107ae4a411cd9be63b,ID13-20200917
/Users/zcm361/Documents/Github/OxygenDynamicsV2/reference-validation/local-timing-rerun-20260909/ID13-20200917/Recording,sink,38,1,197,366,396,377,391,2124,20,20,0,0,0,4.7265065913371,4.7265065913371,valid,valid,0.104003346913568,0.104003346913568,0,1,0,Awake_mobile,19211dc232042f969c35fc18d135b54793a9c162e883e4107ae4a411cd9be63b,ID13-20200917
/Users/zcm361/Documents/Github/OxygenDynamicsV2/reference-validation/local-timing-rerun-20260909/ID13-20200917/Recording,sink,39,1,198,202,224,204,208,299,20,20,0,0,0,5.71438127090301,5.71438127090301,valid,valid,0.0512700456514104,0.0512700456514104,0,1,0,Awake_mobile,19211dc232042f969c35fc18d135b54793a9c162e883e4107ae4a411cd9be63b,ID13-20200917
/Users/zcm361/Documents/Github/OxygenDynamicsV2/reference-validation/local-timing-rerun-20260909/ID13-20200917/Recording,sink,39,2,199,241,269,254,257,338,20,20,0,0,0,5.84955621301775,5.84955621301775,valid,valid,0.0643097387653946,0.0643097387653946,0,1,0,Awake_mobile,19211dc232042f969c35fc18d135b54793a9c162e883e4107ae4a411cd9be63b,ID13-20200917
/Users/zcm361/Documents/Github/OxygenDynamicsV2/reference-validation/local-timing-rerun-20260909/ID13-20200917/Recording,sink,39,3,200,405,413,406,409,423,20,20,0,0,0,5.43699763593381,5.43699763593381,valid,valid,0.0755918864273755,0.0755918864273755,0,1,0,Awake_mobile,19211dc232042f969c35fc18d135b54793a9c162e883e4107ae4a411cd9be63b,ID13-20200917
/Users/zcm361/Documents/Github/OxygenDynamicsV2/reference-validation/local-timing-rerun-20260909/ID13-20200917/Recording,sink,39,4,201,895,910,907,910,2470,20,20,0,0,0,7.14684210526316,7.14684210526316,valid,valid,0.106029106029106,0.106029106029106,0,1,0,Awake_mobile,19211dc232042f969c35fc18d135b54793a9c162e883e4107ae4a411cd9be63b,ID13-20200917
/Users/zcm361/Documents/Github/OxygenDynamicsV2/reference-validation/local-timing-rerun-20260909/ID13-20200917/Recording,sink,39,5,202,945,958,945,956,1818,20,20,0,0,0,6.39353685368537,6.39353685368537,valid,valid,0.0420228073420541,0.0420228073420541,0,1,0,Awake_mobile,19211dc232042f969c35fc18d135b54793a9c162e883e4107ae4a411cd9be63b,ID13-20200917
/Users/zcm361/Documents/Github/OxygenDynamicsV2/reference-validation/local-timing-rerun-20260909/ID13-20200917/Recording,sink,39,6,203,1116,1135,1133,1135,389,20,16,0,4,0,NaN,NaN,insufficient_clean_prebaseline,insufficient_clean_prebaseline,NaN,NaN,NaN,1,0,Awake_mobile,19211dc232042f969c35fc18d135b54793a9c162e883e4107ae4a411cd9be63b,ID13-20200917
/Users/zcm361/Documents/Github/OxygenDynamicsV2/reference-validation/local-timing-rerun-20260909/ID13-20200917/Recording,sink,39,7,204,1162,1180,1169,1171,202,20,20,0,0,0,5.14504950495049,5.14504950495049,valid,valid,0.0849610314634848,0.0849610314634848,0,1,0,Awake_mobile,19211dc232042f969c35fc18d135b54793a9c162e883e4107ae4a411cd9be63b,ID13-20200917
/Users/zcm361/Documents/Github/OxygenDynamicsV2/reference-validation/local-timing-rerun-20260909/ID13-20200917/Recording,sink,40,1,205,247,249,247,249,176,20,20,0,0,0,5.74289772727273,5.74289772727273,valid,valid,0.0393272322532771,0.0393272322532771,0,1,0,Awake_mobile,19211dc232042f969c35fc18d135b54793a9c162e883e4107ae4a411cd9be63b,ID13-20200917
/Users/zcm361/Documents/Github/OxygenDynamicsV2/reference-validation/local-timing-rerun-20260909/ID13-20200917/Recording,sink,41,1,206,242,261,252,254,225,20,20,0,0,0,12.9106666666667,12.9106666666667,valid,valid,0.0505697270129782,0.0505697270129782,0,1,0,Awake_mobile,19211dc232042f969c35fc18d135b54793a9c162e883e4107ae4a411cd9be63b,ID13-20200917
/Users/zcm361/Documents/Github/OxygenDynamicsV2/reference-validation/local-timing-rerun-20260909/ID13-20200917/Recording,sink,41,2,207,883,893,887,893,1090,20,20,0,0,0,12.8104587155963,12.8104587155963,valid,valid,0.0873999169256771,0.0873999169256771,0,1,0,Awake_mobile,19211dc232042f969c35fc18d135b54793a9c162e883e4107ae4a411cd9be63b,ID13-20200917
/Users/zcm361/Documents/Github/OxygenDynamicsV2/reference-validation/local-timing-rerun-20260909/ID13-20200917/Recording,sink,41,3,208,1024,1029,1025,1027,955,20,20,0,0,0,11.5971204188482,11.5971204188482,valid,valid,0.130222794067854,0.130222794067854,0,1,0,Awake_mobile,19211dc232042f969c35fc18d135b54793a9c162e883e4107ae4a411cd9be63b,ID13-20200917
/Users/zcm361/Documents/Github/OxygenDynamicsV2/reference-validation/local-timing-rerun-20260909/ID13-20200917/Recording,sink,41,4,209,1049,1058,1050,1053,386,20,20,0,0,0,12.2420984455959,12.2420984455959,valid,valid,0.181241998116582,0.181241998116582,0,1,0,Awake_mobile,19211dc232042f969c35fc18d135b54793a9c162e883e4107ae4a411cd9be63b,ID13-20200917
/Users/zcm361/Documents/Github/OxygenDynamicsV2/reference-validation/local-timing-rerun-20260909/ID13-20200917/Recording,sink,41,5,210,1074,1094,1088,1092,710,20,20,0,0,0,10.8096478873239,10.8096478873239,valid,valid,0.067603927112582,0.067603927112582,0,1,0,Awake_mobile,19211dc232042f969c35fc18d135b54793a9c162e883e4107ae4a411cd9be63b,ID13-20200917
/Users/zcm361/Documents/Github/OxygenDynamicsV2/reference-validation/local-timing-rerun-20260909/ID13-20200917/Recording,sink,42,1,211,268,276,268,273,1532,20,20,0,0,0,4.51468668407311,4.51468668407311,valid,valid,0.0740981710402659,0.0740981710402659,0,1,0,Awake_mobile,19211dc232042f969c35fc18d135b54793a9c162e883e4107ae4a411cd9be63b,ID13-20200917
/Users/zcm361/Documents/Github/OxygenDynamicsV2/reference-validation/local-timing-rerun-20260909/ID13-20200917/Recording,sink,43,1,212,360,381,360,363,448,20,20,0,0,0,6.46261160714286,6.46261160714286,valid,valid,0.0398065797426819,0.0398065797426819,0,1,0,Awake_mobile,19211dc232042f969c35fc18d135b54793a9c162e883e4107ae4a411cd9be63b,ID13-20200917
/Users/zcm361/Documents/Github/OxygenDynamicsV2/reference-validation/local-timing-rerun-20260909/ID13-20200917/Recording,sink,44,1,213,603,615,613,615,207,20,20,0,0,0,8.55628019323672,8.55628019323672,valid,valid,0.240606385681619,0.240606385681619,0,1,0,Awake_mobile,19211dc232042f969c35fc18d135b54793a9c162e883e4107ae4a411cd9be63b,ID13-20200917
/Users/zcm361/Documents/Github/OxygenDynamicsV2/reference-validation/local-timing-rerun-20260909/ID13-20200917/Recording,sink,45,1,214,392,397,392,395,555,20,20,0,0,0,4.66324324324324,4.66324324324324,valid,valid,0.0390634055871102,0.0390634055871102,0,1,0,Awake_mobile,19211dc232042f969c35fc18d135b54793a9c162e883e4107ae4a411cd9be63b,ID13-20200917
/Users/zcm361/Documents/Github/OxygenDynamicsV2/reference-validation/local-timing-rerun-20260909/ID13-20200917/Recording,sink,46,1,215,1103,1115,1113,1115,248,20,20,0,0,0,2.86471774193548,2.86471774193548,valid,valid,0.0667886550777675,0.0667886550777675,0,1,0,Awake_mobile,19211dc232042f969c35fc18d135b54793a9c162e883e4107ae4a411cd9be63b,ID13-20200917
/Users/zcm361/Documents/Github/OxygenDynamicsV2/reference-validation/local-timing-rerun-20260909/ID13-20200917/Recording,sink,47,1,216,416,439,436,439,296,20,20,0,0,0,5.80472972972973,5.80472972972973,valid,valid,0.170061692468863,0.170061692468863,0,1,0,Awake_mobile,19211dc232042f969c35fc18d135b54793a9c162e883e4107ae4a411cd9be63b,ID13-20200917
/Users/zcm361/Documents/Github/OxygenDynamicsV2/reference-validation/local-timing-rerun-20260909/ID13-20200917/Recording,sink,48,1,217,442,460,442,444,220,20,20,0,0,0,6.67954545454545,6.67954545454545,valid,valid,0.0745151412044914,0.0745151412044914,0,1,0,Awake_mobile,19211dc232042f969c35fc18d135b54793a9c162e883e4107ae4a411cd9be63b,ID13-20200917
/Users/zcm361/Documents/Github/OxygenDynamicsV2/reference-validation/local-timing-rerun-20260909/ID13-20200917/Recording,sink,48,2,218,972,999,987,999,967,20,17,0,3,0,NaN,NaN,insufficient_clean_prebaseline,insufficient_clean_prebaseline,NaN,NaN,NaN,1,0,Awake_mobile,19211dc232042f969c35fc18d135b54793a9c162e883e4107ae4a411cd9be63b,ID13-20200917
/Users/zcm361/Documents/Github/OxygenDynamicsV2/reference-validation/local-timing-rerun-20260909/ID13-20200917/Recording,sink,49,1,219,468,503,479,484,564,20,20,0,0,0,3.93732269503546,3.93732269503546,valid,valid,0.0246099115123949,0.0246099115123949,0,1,0,Awake_mobile,19211dc232042f969c35fc18d135b54793a9c162e883e4107ae4a411cd9be63b,ID13-20200917
/Users/zcm361/Documents/Github/OxygenDynamicsV2/reference-validation/local-timing-rerun-20260909/ID13-20200917/Recording,sink,50,1,220,688,700,698,700,257,20,20,0,0,0,5.2295719844358,5.2295719844358,valid,valid,0.0617559523809523,0.0617559523809523,0,1,0,Awake_mobile,19211dc232042f969c35fc18d135b54793a9c162e883e4107ae4a411cd9be63b,ID13-20200917
/Users/zcm361/Documents/Github/OxygenDynamicsV2/reference-validation/local-timing-rerun-20260909/ID13-20200917/Recording,sink,50,2,221,1154,1182,1154,1162,829,20,11,0,9,0,NaN,NaN,insufficient_clean_prebaseline,insufficient_clean_prebaseline,NaN,NaN,NaN,1,0,Awake_mobile,19211dc232042f969c35fc18d135b54793a9c162e883e4107ae4a411cd9be63b,ID13-20200917
/Users/zcm361/Documents/Github/OxygenDynamicsV2/reference-validation/local-timing-rerun-20260909/ID13-20200917/Recording,sink,51,1,222,600,604,602,604,339,20,20,0,0,0,7.99144542772861,7.99144542772861,valid,valid,0.268760843084419,0.268760843084419,0,1,0,Awake_mobile,19211dc232042f969c35fc18d135b54793a9c162e883e4107ae4a411cd9be63b,ID13-20200917
/Users/zcm361/Documents/Github/OxygenDynamicsV2/reference-validation/local-timing-rerun-20260909/ID13-20200917/Recording,sink,51,2,223,993,1007,993,995,153,20,20,0,0,0,6.38986928104575,6.38986928104575,valid,valid,0.0497621848309723,0.0497621848309723,0,1,0,Awake_mobile,19211dc232042f969c35fc18d135b54793a9c162e883e4107ae4a411cd9be63b,ID13-20200917
/Users/zcm361/Documents/Github/OxygenDynamicsV2/reference-validation/local-timing-rerun-20260909/ID13-20200917/Recording,sink,52,1,224,654,656,654,656,181,20,20,0,0,0,11.667955801105,11.667955801105,valid,valid,0.0454093470334769,0.0454093470334769,0,1,0,Awake_mobile,19211dc232042f969c35fc18d135b54793a9c162e883e4107ae4a411cd9be63b,ID13-20200917
/Users/zcm361/Documents/Github/OxygenDynamicsV2/reference-validation/local-timing-rerun-20260909/ID13-20200917/Recording,sink,53,1,225,662,683,662,667,331,20,18,0,2,0,NaN,NaN,insufficient_clean_prebaseline,insufficient_clean_prebaseline,NaN,NaN,NaN,1,0,Awake_mobile,19211dc232042f969c35fc18d135b54793a9c162e883e4107ae4a411cd9be63b,ID13-20200917
/Users/zcm361/Documents/Github/OxygenDynamicsV2/reference-validation/local-timing-rerun-20260909/ID13-20200917/Recording,sink,54,1,226,683,700,683,694,1758,20,20,0,0,0,3.90893060295791,3.90893060295791,valid,valid,-0.000887672987092289,-0.000887672987092289,0,1,1,Awake_mobile,19211dc232042f969c35fc18d135b54793a9c162e883e4107ae4a411cd9be63b,ID13-20200917
/Users/zcm361/Documents/Github/OxygenDynamicsV2/reference-validation/local-timing-rerun-20260909/ID13-20200917/Recording,sink,55,1,227,834,843,834,843,245,20,20,0,0,0,4.77836734693877,4.77836734693877,valid,valid,0.0826001537541638,0.0826001537541638,0,1,0,Awake_mobile,19211dc232042f969c35fc18d135b54793a9c162e883e4107ae4a411cd9be63b,ID13-20200917
/Users/zcm361/Documents/Github/OxygenDynamicsV2/reference-validation/local-timing-rerun-20260909/ID13-20200917/Recording,sink,55,2,228,963,971,963,967,214,20,20,0,0,0,4.62242990654206,4.62242990654206,valid,valid,0.0558026688232916,0.0558026688232916,0,1,0,Awake_mobile,19211dc232042f969c35fc18d135b54793a9c162e883e4107ae4a411cd9be63b,ID13-20200917
/Users/zcm361/Documents/Github/OxygenDynamicsV2/reference-validation/local-timing-rerun-20260909/ID13-20200917/Recording,sink,55,3,229,1099,1123,1110,1112,286,20,20,0,0,0,4.94702797202797,4.94702797202797,valid,valid,0.132770258331272,0.132770258331272,0,1,0,Awake_mobile,19211dc232042f969c35fc18d135b54793a9c162e883e4107ae4a411cd9be63b,ID13-20200917
/Users/zcm361/Documents/Github/OxygenDynamicsV2/reference-validation/local-timing-rerun-20260909/ID13-20200917/Recording,sink,55,4,230,1147,1163,1147,1153,538,20,15,0,5,0,NaN,NaN,insufficient_clean_prebaseline,insufficient_clean_prebaseline,NaN,NaN,NaN,1,0,Awake_mobile,19211dc232042f969c35fc18d135b54793a9c162e883e4107ae4a411cd9be63b,ID13-20200917
/Users/zcm361/Documents/Github/OxygenDynamicsV2/reference-validation/local-timing-rerun-20260909/ID13-20200917/Recording,sink,56,1,231,696,714,710,712,780,20,20,0,0,0,9.58,9.58,valid,valid,0.091590385953643,0.091590385953643,0,1,0,Awake_mobile,19211dc232042f969c35fc18d135b54793a9c162e883e4107ae4a411cd9be63b,ID13-20200917
/Users/zcm361/Documents/Github/OxygenDynamicsV2/reference-validation/local-timing-rerun-20260909/ID13-20200917/Recording,sink,57,1,232,714,726,723,726,545,20,20,0,0,0,6.49330275229358,6.49330275229358,valid,valid,0.0771013182248471,0.0771013182248471,0,1,0,Awake_mobile,19211dc232042f969c35fc18d135b54793a9c162e883e4107ae4a411cd9be63b,ID13-20200917
/Users/zcm361/Documents/Github/OxygenDynamicsV2/reference-validation/local-timing-rerun-20260909/ID13-20200917/Recording,sink,58,1,233,733,743,739,741,222,20,20,0,0,0,9.23648648648649,9.23648648648649,valid,valid,0.102657888319922,0.102657888319922,0,1,0,Awake_mobile,19211dc232042f969c35fc18d135b54793a9c162e883e4107ae4a411cd9be63b,ID13-20200917
/Users/zcm361/Documents/Github/OxygenDynamicsV2/reference-validation/local-timing-rerun-20260909/ID13-20200917/Recording,sink,59,1,234,751,768,759,768,1655,20,20,0,0,0,9.43915407854985,9.43915407854985,valid,valid,0.113994546083038,0.113994546083038,0,1,0,Awake_mobile,19211dc232042f969c35fc18d135b54793a9c162e883e4107ae4a411cd9be63b,ID13-20200917
/Users/zcm361/Documents/Github/OxygenDynamicsV2/reference-validation/local-timing-rerun-20260909/ID13-20200917/Recording,sink,60,1,235,1033,1037,1033,1037,499,20,20,0,0,0,10.1279559118236,10.1279559118236,valid,valid,0.0444908337208269,0.0444908337208269,0,1,0,Awake_mobile,19211dc232042f969c35fc18d135b54793a9c162e883e4107ae4a411cd9be63b,ID13-20200917
/Users/zcm361/Documents/Github/OxygenDynamicsV2/reference-validation/local-timing-rerun-20260909/ID13-20200917/Recording,surge,1,1,1,11,20,11,20,4953,20,7,1,3,0,NaN,NaN,insufficient_clean_prebaseline,insufficient_clean_prebaseline,NaN,NaN,NaN,1,0,Awake_mobile,19211dc232042f969c35fc18d135b54793a9c162e883e4107ae4a411cd9be63b,ID13-20200917
/Users/zcm361/Documents/Github/OxygenDynamicsV2/reference-validation/local-timing-rerun-20260909/ID13-20200917/Recording,surge,1,2,2,23,34,23,34,5452,20,10,0,10,0,NaN,NaN,insufficient_clean_prebaseline,insufficient_clean_prebaseline,NaN,NaN,NaN,1,0,Awake_mobile,19211dc232042f969c35fc18d135b54793a9c162e883e4107ae4a411cd9be63b,ID13-20200917
/Users/zcm361/Documents/Github/OxygenDynamicsV2/reference-validation/local-timing-rerun-20260909/ID13-20200917/Recording,surge,1,3,3,50,59,50,59,4767,20,15,0,5,0,NaN,NaN,insufficient_clean_prebaseline,insufficient_clean_prebaseline,NaN,NaN,NaN,1,0,Awake_mobile,19211dc232042f969c35fc18d135b54793a9c162e883e4107ae4a411cd9be63b,ID13-20200917
/Users/zcm361/Documents/Github/OxygenDynamicsV2/reference-validation/local-timing-rerun-20260909/ID13-20200917/Recording,surge,1,4,4,237,250,237,250,3342,20,0,0,20,0,NaN,NaN,insufficient_clean_prebaseline,insufficient_clean_prebaseline,NaN,NaN,NaN,1,0,Awake_mobile,19211dc232042f969c35fc18d135b54793a9c162e883e4107ae4a411cd9be63b,ID13-20200917
/Users/zcm361/Documents/Github/OxygenDynamicsV2/reference-validation/local-timing-rerun-20260909/ID13-20200917/Recording,surge,1,5,5,262,272,262,272,2623,20,11,0,9,0,NaN,NaN,insufficient_clean_prebaseline,insufficient_clean_prebaseline,NaN,NaN,NaN,1,0,Awake_mobile,19211dc232042f969c35fc18d135b54793a9c162e883e4107ae4a411cd9be63b,ID13-20200917
/Users/zcm361/Documents/Github/OxygenDynamicsV2/reference-validation/local-timing-rerun-20260909/ID13-20200917/Recording,surge,1,6,6,323,343,323,343,4798,20,20,0,0,0,8.23584827011254,8.23584827011254,valid,valid,0.0518630616769076,0.0518630616769076,0,1,0,Awake_mobile,19211dc232042f969c35fc18d135b54793a9c162e883e4107ae4a411cd9be63b,ID13-20200917
/Users/zcm361/Documents/Github/OxygenDynamicsV2/reference-validation/local-timing-rerun-20260909/ID13-20200917/Recording,surge,1,7,7,377,409,377,409,4522,20,20,0,0,0,7.78800309597523,7.78800309597523,valid,valid,0.0809444776509306,0.0809444776509306,0,1,0,Awake_mobile,19211dc232042f969c35fc18d135b54793a9c162e883e4107ae4a411cd9be63b,ID13-20200917
/Users/zcm361/Documents/Github/OxygenDynamicsV2/reference-validation/local-timing-rerun-20260909/ID13-20200917/Recording,surge,1,8,8,485,498,485,498,8230,20,14,0,6,0,NaN,NaN,insufficient_clean_prebaseline,insufficient_clean_prebaseline,NaN,NaN,NaN,1,0,Awake_mobile,19211dc232042f969c35fc18d135b54793a9c162e883e4107ae4a411cd9be63b,ID13-20200917
/Users/zcm361/Documents/Github/OxygenDynamicsV2/reference-validation/local-timing-rerun-20260909/ID13-20200917/Recording,surge,1,9,9,529,554,529,554,4855,20,20,0,0,0,8.49157569515963,8.49157569515963,valid,valid,0.0389166217927262,0.0389166217927262,0,1,0,Awake_mobile,19211dc232042f969c35fc18d135b54793a9c162e883e4107ae4a411cd9be63b,ID13-20200917
/Users/zcm361/Documents/Github/OxygenDynamicsV2/reference-validation/local-timing-rerun-20260909/ID13-20200917/Recording,surge,1,10,10,566,594,566,594,8198,20,8,0,12,0,NaN,NaN,insufficient_clean_prebaseline,insufficient_clean_prebaseline,NaN,NaN,NaN,1,0,Awake_mobile,19211dc232042f969c35fc18d135b54793a9c162e883e4107ae4a411cd9be63b,ID13-20200917
/Users/zcm361/Documents/Github/OxygenDynamicsV2/reference-validation/local-timing-rerun-20260909/ID13-20200917/Recording,surge,1,11,11,817,838,817,838,6137,20,16,0,4,0,NaN,NaN,insufficient_clean_prebaseline,insufficient_clean_prebaseline,NaN,NaN,NaN,1,0,Awake_mobile,19211dc232042f969c35fc18d135b54793a9c162e883e4107ae4a411cd9be63b,ID13-20200917
/Users/zcm361/Documents/Github/OxygenDynamicsV2/reference-validation/local-timing-rerun-20260909/ID13-20200917/Recording,surge,1,12,12,907,920,907,920,4379,20,20,0,0,0,6.99529572961864,6.99529572961864,valid,valid,0.09335213695303,0.09335213695303,0,1,0,Awake_mobile,19211dc232042f969c35fc18d135b54793a9c162e883e4107ae4a411cd9be63b,ID13-20200917
/Users/zcm361/Documents/Github/OxygenDynamicsV2/reference-validation/local-timing-rerun-20260909/ID13-20200917/Recording,surge,1,13,13,1077,1088,1077,1088,6195,20,18,0,2,0,NaN,NaN,insufficient_clean_prebaseline,insufficient_clean_prebaseline,NaN,NaN,NaN,1,0,Awake_mobile,19211dc232042f969c35fc18d135b54793a9c162e883e4107ae4a411cd9be63b,ID13-20200917
/Users/zcm361/Documents/Github/OxygenDynamicsV2/reference-validation/local-timing-rerun-20260909/ID13-20200917/Recording,surge,1,14,14,1105,1116,1105,1116,15397,20,16,0,4,0,NaN,NaN,insufficient_clean_prebaseline,insufficient_clean_prebaseline,NaN,NaN,NaN,1,0,Awake_mobile,19211dc232042f969c35fc18d135b54793a9c162e883e4107ae4a411cd9be63b,ID13-20200917
/Users/zcm361/Documents/Github/OxygenDynamicsV2/reference-validation/local-timing-rerun-20260909/ID13-20200917/Recording,surge,1,15,15,1120,1156,1120,1156,5227,20,5,0,15,0,NaN,NaN,insufficient_clean_prebaseline,insufficient_clean_prebaseline,NaN,NaN,NaN,1,0,Awake_mobile,19211dc232042f969c35fc18d135b54793a9c162e883e4107ae4a411cd9be63b,ID13-20200917
/Users/zcm361/Documents/Github/OxygenDynamicsV2/reference-validation/local-timing-rerun-20260909/ID13-20200917/Recording,surge,1,16,16,1170,1182,1170,1182,1900,20,13,0,7,0,NaN,NaN,insufficient_clean_prebaseline,insufficient_clean_prebaseline,NaN,NaN,NaN,1,0,Awake_mobile,19211dc232042f969c35fc18d135b54793a9c162e883e4107ae4a411cd9be63b,ID13-20200917
/Users/zcm361/Documents/Github/OxygenDynamicsV2/reference-validation/local-timing-rerun-20260909/ID13-20200917/Recording,surge,2,1,17,3,12,3,12,15354,20,2,1,0,0,NaN,NaN,insufficient_clean_prebaseline,insufficient_clean_prebaseline,NaN,NaN,NaN,1,0,Awake_mobile,19211dc232042f969c35fc18d135b54793a9c162e883e4107ae4a411cd9be63b,ID13-20200917
/Users/zcm361/Documents/Github/OxygenDynamicsV2/reference-validation/local-timing-rerun-20260909/ID13-20200917/Recording,surge,2,2,18,26,36,26,36,9173,20,13,0,7,0,NaN,NaN,insufficient_clean_prebaseline,insufficient_clean_prebaseline,NaN,NaN,NaN,1,0,Awake_mobile,19211dc232042f969c35fc18d135b54793a9c162e883e4107ae4a411cd9be63b,ID13-20200917
/Users/zcm361/Documents/Github/OxygenDynamicsV2/reference-validation/local-timing-rerun-20260909/ID13-20200917/Recording,surge,2,3,19,80,90,80,90,7009,20,20,0,0,0,8.64197460408047,8.64197460408047,valid,valid,0.0412470530743783,0.0412470530743783,0,1,0,Awake_mobile,19211dc232042f969c35fc18d135b54793a9c162e883e4107ae4a411cd9be63b,ID13-20200917
/Users/zcm361/Documents/Github/OxygenDynamicsV2/reference-validation/local-timing-rerun-20260909/ID13-20200917/Recording,surge,2,4,20,166,175,166,175,9937,20,20,0,0,0,8.33362181744993,8.33362181744993,valid,valid,0.0386034739262322,0.0386034739262322,0,1,0,Awake_mobile,19211dc232042f969c35fc18d135b54793a9c162e883e4107ae4a411cd9be63b,ID13-20200917
/Users/zcm361/Documents/Github/OxygenDynamicsV2/reference-validation/local-timing-rerun-20260909/ID13-20200917/Recording,surge,2,5,21,324,346,324,346,11516,20,8,0,12,0,NaN,NaN,insufficient_clean_prebaseline,insufficient_clean_prebaseline,NaN,NaN,NaN,1,0,Awake_mobile,19211dc232042f969c35fc18d135b54793a9c162e883e4107ae4a411cd9be63b,ID13-20200917
/Users/zcm361/Documents/Github/OxygenDynamicsV2/reference-validation/local-timing-rerun-20260909/ID13-20200917/Recording,surge,2,6,22,470,482,470,482,13736,20,12,0,8,0,NaN,NaN,insufficient_clean_prebaseline,insufficient_clean_prebaseline,NaN,NaN,NaN,1,0,Awake_mobile,19211dc232042f969c35fc18d135b54793a9c162e883e4107ae4a411cd9be63b,ID13-20200917
/Users/zcm361/Documents/Github/OxygenDynamicsV2/reference-validation/local-timing-rerun-20260909/ID13-20200917/Recording,surge,2,7,23,487,513,487,513,17719,20,5,0,15,0,NaN,NaN,insufficient_clean_prebaseline,insufficient_clean_prebaseline,NaN,NaN,NaN,1,0,Awake_mobile,19211dc232042f969c35fc18d135b54793a9c162e883e4107ae4a411cd9be63b,ID13-20200917
/Users/zcm361/Documents/Github/OxygenDynamicsV2/reference-validation/local-timing-rerun-20260909/ID13-20200917/Recording,surge,2,8,24,532,557,532,557,22892,20,18,0,2,0,NaN,NaN,insufficient_clean_prebaseline,insufficient_clean_prebaseline,NaN,NaN,NaN,1,0,Awake_mobile,19211dc232042f969c35fc18d135b54793a9c162e883e4107ae4a411cd9be63b,ID13-20200917
/Users/zcm361/Documents/Github/OxygenDynamicsV2/reference-validation/local-timing-rerun-20260909/ID13-20200917/Recording,surge,2,9,25,559,580,559,580,19313,20,1,0,19,0,NaN,NaN,insufficient_clean_prebaseline,insufficient_clean_prebaseline,NaN,NaN,NaN,1,0,Awake_mobile,19211dc232042f969c35fc18d135b54793a9c162e883e4107ae4a411cd9be63b,ID13-20200917
/Users/zcm361/Documents/Github/OxygenDynamicsV2/reference-validation/local-timing-rerun-20260909/ID13-20200917/Recording,surge,2,10,26,582,604,582,604,19525,20,1,0,19,0,NaN,NaN,insufficient_clean_prebaseline,insufficient_clean_prebaseline,NaN,NaN,NaN,1,0,Awake_mobile,19211dc232042f969c35fc18d135b54793a9c162e883e4107ae4a411cd9be63b,ID13-20200917
/Users/zcm361/Documents/Github/OxygenDynamicsV2/reference-validation/local-timing-rerun-20260909/ID13-20200917/Recording,surge,2,11,27,664,675,664,675,6980,20,5,0,15,0,NaN,NaN,insufficient_clean_prebaseline,insufficient_clean_prebaseline,NaN,NaN,NaN,1,0,Awake_mobile,19211dc232042f969c35fc18d135b54793a9c162e883e4107ae4a411cd9be63b,ID13-20200917
/Users/zcm361/Documents/Github/OxygenDynamicsV2/reference-validation/local-timing-rerun-20260909/ID13-20200917/Recording,surge,2,12,28,685,695,685,695,4102,20,13,0,7,0,NaN,NaN,insufficient_clean_prebaseline,insufficient_clean_prebaseline,NaN,NaN,NaN,1,0,Awake_mobile,19211dc232042f969c35fc18d135b54793a9c162e883e4107ae4a411cd9be63b,ID13-20200917
/Users/zcm361/Documents/Github/OxygenDynamicsV2/reference-validation/local-timing-rerun-20260909/ID13-20200917/Recording,surge,2,13,29,707,716,707,716,17483,20,11,0,9,0,NaN,NaN,insufficient_clean_prebaseline,insufficient_clean_prebaseline,NaN,NaN,NaN,1,0,Awake_mobile,19211dc232042f969c35fc18d135b54793a9c162e883e4107ae4a411cd9be63b,ID13-20200917
/Users/zcm361/Documents/Github/OxygenDynamicsV2/reference-validation/local-timing-rerun-20260909/ID13-20200917/Recording,surge,2,14,30,721,740,721,740,13072,20,10,0,10,0,NaN,NaN,insufficient_clean_prebaseline,insufficient_clean_prebaseline,NaN,NaN,NaN,1,0,Awake_mobile,19211dc232042f969c35fc18d135b54793a9c162e883e4107ae4a411cd9be63b,ID13-20200917
/Users/zcm361/Documents/Github/OxygenDynamicsV2/reference-validation/local-timing-rerun-20260909/ID13-20200917/Recording,surge,2,15,31,781,802,781,802,14261,20,18,0,2,0,NaN,NaN,insufficient_clean_prebaseline,insufficient_clean_prebaseline,NaN,NaN,NaN,1,0,Awake_mobile,19211dc232042f969c35fc18d135b54793a9c162e883e4107ae4a411cd9be63b,ID13-20200917
/Users/zcm361/Documents/Github/OxygenDynamicsV2/reference-validation/local-timing-rerun-20260909/ID13-20200917/Recording,surge,2,16,32,819,840,819,840,15580,20,14,0,6,0,NaN,NaN,insufficient_clean_prebaseline,insufficient_clean_prebaseline,NaN,NaN,NaN,1,0,Awake_mobile,19211dc232042f969c35fc18d135b54793a9c162e883e4107ae4a411cd9be63b,ID13-20200917
/Users/zcm361/Documents/Github/OxygenDynamicsV2/reference-validation/local-timing-rerun-20260909/ID13-20200917/Recording,surge,2,17,33,925,943,925,943,6955,20,20,0,0,0,9.35396117900791,9.35396117900791,valid,valid,0.0577679812102656,0.0577679812102656,0,1,0,Awake_mobile,19211dc232042f969c35fc18d135b54793a9c162e883e4107ae4a411cd9be63b,ID13-20200917
/Users/zcm361/Documents/Github/OxygenDynamicsV2/reference-validation/local-timing-rerun-20260909/ID13-20200917/Recording,surge,2,18,34,947,963,947,963,9767,20,0,0,20,0,NaN,NaN,insufficient_clean_prebaseline,insufficient_clean_prebaseline,NaN,NaN,NaN,1,0,Awake_mobile,19211dc232042f969c35fc18d135b54793a9c162e883e4107ae4a411cd9be63b,ID13-20200917
/Users/zcm361/Documents/Github/OxygenDynamicsV2/reference-validation/local-timing-rerun-20260909/ID13-20200917/Recording,surge,2,19,35,1038,1048,1038,1048,4902,20,18,0,2,0,NaN,NaN,insufficient_clean_prebaseline,insufficient_clean_prebaseline,NaN,NaN,NaN,1,0,Awake_mobile,19211dc232042f969c35fc18d135b54793a9c162e883e4107ae4a411cd9be63b,ID13-20200917
/Users/zcm361/Documents/Github/OxygenDynamicsV2/reference-validation/local-timing-rerun-20260909/ID13-20200917/Recording,surge,2,20,36,1071,1086,1071,1086,10019,20,20,0,0,0,6.68542269687594,6.68542269687594,valid,valid,0.0689707940655032,0.0689707940655032,0,1,0,Awake_mobile,19211dc232042f969c35fc18d135b54793a9c162e883e4107ae4a411cd9be63b,ID13-20200917
/Users/zcm361/Documents/Github/OxygenDynamicsV2/reference-validation/local-timing-rerun-20260909/ID13-20200917/Recording,surge,2,21,37,1090,1119,1090,1119,14878,20,2,0,18,0,NaN,NaN,insufficient_clean_prebaseline,insufficient_clean_prebaseline,NaN,NaN,NaN,1,0,Awake_mobile,19211dc232042f969c35fc18d135b54793a9c162e883e4107ae4a411cd9be63b,ID13-20200917
/Users/zcm361/Documents/Github/OxygenDynamicsV2/reference-validation/local-timing-rerun-20260909/ID13-20200917/Recording,surge,2,22,38,1125,1142,1125,1142,12664,20,7,0,13,0,NaN,NaN,insufficient_clean_prebaseline,insufficient_clean_prebaseline,NaN,NaN,NaN,1,0,Awake_mobile,19211dc232042f969c35fc18d135b54793a9c162e883e4107ae4a411cd9be63b,ID13-20200917
/Users/zcm361/Documents/Github/OxygenDynamicsV2/reference-validation/local-timing-rerun-20260909/ID13-20200917/Recording,surge,2,23,39,1154,1178,1154,1178,13918,20,2,0,18,0,NaN,NaN,insufficient_clean_prebaseline,insufficient_clean_prebaseline,NaN,NaN,NaN,1,0,Awake_mobile,19211dc232042f969c35fc18d135b54793a9c162e883e4107ae4a411cd9be63b,ID13-20200917
/Users/zcm361/Documents/Github/OxygenDynamicsV2/reference-validation/local-timing-rerun-20260909/ID13-20200917/Recording,surge,3,1,40,26,46,26,46,4053,20,20,0,0,0,7.22757216876388,7.22757216876388,valid,valid,0.0825323836297315,0.0825323836297315,0,1,0,Awake_mobile,19211dc232042f969c35fc18d135b54793a9c162e883e4107ae4a411cd9be63b,ID13-20200917
/Users/zcm361/Documents/Github/OxygenDynamicsV2/reference-validation/local-timing-rerun-20260909/ID13-20200917/Recording,surge,3,2,41,91,101,91,101,1697,20,20,0,0,0,7.75533294048321,7.75533294048321,valid,valid,0.0927907118108322,0.0927907118108322,0,1,0,Awake_mobile,19211dc232042f969c35fc18d135b54793a9c162e883e4107ae4a411cd9be63b,ID13-20200917
/Users/zcm361/Documents/Github/OxygenDynamicsV2/reference-validation/local-timing-rerun-20260909/ID13-20200917/Recording,surge,3,3,42,164,185,164,185,21203,20,14,0,6,0,NaN,NaN,insufficient_clean_prebaseline,insufficient_clean_prebaseline,NaN,NaN,NaN,1,0,Awake_mobile,19211dc232042f969c35fc18d135b54793a9c162e883e4107ae4a411cd9be63b,ID13-20200917
/Users/zcm361/Documents/Github/OxygenDynamicsV2/reference-validation/local-timing-rerun-20260909/ID13-20200917/Recording,surge,3,4,43,238,255,238,255,12525,20,18,0,2,0,NaN,NaN,insufficient_clean_prebaseline,insufficient_clean_prebaseline,NaN,NaN,NaN,1,0,Awake_mobile,19211dc232042f969c35fc18d135b54793a9c162e883e4107ae4a411cd9be63b,ID13-20200917
/Users/zcm361/Documents/Github/OxygenDynamicsV2/reference-validation/local-timing-rerun-20260909/ID13-20200917/Recording,surge,3,5,44,360,369,360,369,12038,20,0,0,20,0,NaN,NaN,insufficient_clean_prebaseline,insufficient_clean_prebaseline,NaN,NaN,NaN,1,0,Awake_mobile,19211dc232042f969c35fc18d135b54793a9c162e883e4107ae4a411cd9be63b,ID13-20200917
/Users/zcm361/Documents/Github/OxygenDynamicsV2/reference-validation/local-timing-rerun-20260909/ID13-20200917/Recording,surge,3,6,45,417,458,417,458,7936,20,17,0,3,0,NaN,NaN,insufficient_clean_prebaseline,insufficient_clean_prebaseline,NaN,NaN,NaN,1,0,Awake_mobile,19211dc232042f969c35fc18d135b54793a9c162e883e4107ae4a411cd9be63b,ID13-20200917
/Users/zcm361/Documents/Github/OxygenDynamicsV2/reference-validation/local-timing-rerun-20260909/ID13-20200917/Recording,surge,3,7,46,485,495,485,495,1418,20,16,0,4,0,NaN,NaN,insufficient_clean_prebaseline,insufficient_clean_prebaseline,NaN,NaN,NaN,1,0,Awake_mobile,19211dc232042f969c35fc18d135b54793a9c162e883e4107ae4a411cd9be63b,ID13-20200917
/Users/zcm361/Documents/Github/OxygenDynamicsV2/reference-validation/local-timing-rerun-20260909/ID13-20200917/Recording,surge,3,8,47,506,524,506,524,3887,20,10,0,10,0,NaN,NaN,insufficient_clean_prebaseline,insufficient_clean_prebaseline,NaN,NaN,NaN,1,0,Awake_mobile,19211dc232042f969c35fc18d135b54793a9c162e883e4107ae4a411cd9be63b,ID13-20200917
/Users/zcm361/Documents/Github/OxygenDynamicsV2/reference-validation/local-timing-rerun-20260909/ID13-20200917/Recording,surge,3,9,48,559,568,559,568,3947,20,20,0,0,0,8.43202432227008,8.43202432227008,valid,valid,0.0468372534644182,0.0468372534644182,0,1,0,Awake_mobile,19211dc232042f969c35fc18d135b54793a9c162e883e4107ae4a411cd9be63b,ID13-20200917
/Users/zcm361/Documents/Github/OxygenDynamicsV2/reference-validation/local-timing-rerun-20260909/ID13-20200917/Recording,surge,3,10,49,601,625,601,625,8115,20,7,0,13,0,NaN,NaN,insufficient_clean_prebaseline,insufficient_clean_prebaseline,NaN,NaN,NaN,1,0,Awake_mobile,19211dc232042f969c35fc18d135b54793a9c162e883e4107ae4a411cd9be63b,ID13-20200917
/Users/zcm361/Documents/Github/OxygenDynamicsV2/reference-validation/local-timing-rerun-20260909/ID13-20200917/Recording,surge,3,11,50,745,754,745,754,1792,20,8,0,12,0,NaN,NaN,insufficient_clean_prebaseline,insufficient_clean_prebaseline,NaN,NaN,NaN,1,0,Awake_mobile,19211dc232042f969c35fc18d135b54793a9c162e883e4107ae4a411cd9be63b,ID13-20200917
/Users/zcm361/Documents/Github/OxygenDynamicsV2/reference-validation/local-timing-rerun-20260909/ID13-20200917/Recording,surge,3,12,51,798,807,798,807,4512,20,20,0,0,0,7.22695035460993,7.22695035460993,valid,valid,0.075993621197252,0.075993621197252,0,1,0,Awake_mobile,19211dc232042f969c35fc18d135b54793a9c162e883e4107ae4a411cd9be63b,ID13-20200917
/Users/zcm361/Documents/Github/OxygenDynamicsV2/reference-validation/local-timing-rerun-20260909/ID13-20200917/Recording,surge,3,13,52,812,821,812,821,4275,20,10,0,10,0,NaN,NaN,insufficient_clean_prebaseline,insufficient_clean_prebaseline,NaN,NaN,NaN,1,0,Awake_mobile,19211dc232042f969c35fc18d135b54793a9c162e883e4107ae4a411cd9be63b,ID13-20200917
/Users/zcm361/Documents/Github/OxygenDynamicsV2/reference-validation/local-timing-rerun-20260909/ID13-20200917/Recording,surge,3,14,53,828,845,828,845,4204,20,10,0,10,0,NaN,NaN,insufficient_clean_prebaseline,insufficient_clean_prebaseline,NaN,NaN,NaN,1,0,Awake_mobile,19211dc232042f969c35fc18d135b54793a9c162e883e4107ae4a411cd9be63b,ID13-20200917
/Users/zcm361/Documents/Github/OxygenDynamicsV2/reference-validation/local-timing-rerun-20260909/ID13-20200917/Recording,surge,3,15,54,921,959,921,959,14569,20,17,0,3,0,NaN,NaN,insufficient_clean_prebaseline,insufficient_clean_prebaseline,NaN,NaN,NaN,1,0,Awake_mobile,19211dc232042f969c35fc18d135b54793a9c162e883e4107ae4a411cd9be63b,ID13-20200917
/Users/zcm361/Documents/Github/OxygenDynamicsV2/reference-validation/local-timing-rerun-20260909/ID13-20200917/Recording,surge,3,16,55,1121,1153,1121,1153,6721,20,11,0,9,0,NaN,NaN,insufficient_clean_prebaseline,insufficient_clean_prebaseline,NaN,NaN,NaN,1,0,Awake_mobile,19211dc232042f969c35fc18d135b54793a9c162e883e4107ae4a411cd9be63b,ID13-20200917
/Users/zcm361/Documents/Github/OxygenDynamicsV2/reference-validation/local-timing-rerun-20260909/ID13-20200917/Recording,surge,3,17,56,1159,1187,1159,1187,11403,20,3,0,17,0,NaN,NaN,insufficient_clean_prebaseline,insufficient_clean_prebaseline,NaN,NaN,NaN,1,0,Awake_mobile,19211dc232042f969c35fc18d135b54793a9c162e883e4107ae4a411cd9be63b,ID13-20200917
/Users/zcm361/Documents/Github/OxygenDynamicsV2/reference-validation/local-timing-rerun-20260909/ID13-20200917/Recording,surge,4,1,57,1,20,1,20,3521,20,0,1,0,0,NaN,NaN,insufficient_clean_prebaseline,insufficient_clean_prebaseline,NaN,NaN,NaN,1,0,Awake_mobile,19211dc232042f969c35fc18d135b54793a9c162e883e4107ae4a411cd9be63b,ID13-20200917
/Users/zcm361/Documents/Github/OxygenDynamicsV2/reference-validation/local-timing-rerun-20260909/ID13-20200917/Recording,surge,4,2,58,24,37,24,37,4323,20,3,0,17,0,NaN,NaN,insufficient_clean_prebaseline,insufficient_clean_prebaseline,NaN,NaN,NaN,1,0,Awake_mobile,19211dc232042f969c35fc18d135b54793a9c162e883e4107ae4a411cd9be63b,ID13-20200917
/Users/zcm361/Documents/Github/OxygenDynamicsV2/reference-validation/local-timing-rerun-20260909/ID13-20200917/Recording,surge,4,3,59,87,98,87,98,12495,20,7,0,13,0,NaN,NaN,insufficient_clean_prebaseline,insufficient_clean_prebaseline,NaN,NaN,NaN,1,0,Awake_mobile,19211dc232042f969c35fc18d135b54793a9c162e883e4107ae4a411cd9be63b,ID13-20200917
/Users/zcm361/Documents/Github/OxygenDynamicsV2/reference-validation/local-timing-rerun-20260909/ID13-20200917/Recording,surge,4,4,60,338,347,338,347,9901,20,20,0,0,0,10.1443945056055,10.1443945056055,valid,valid,0.048659568208372,0.048659568208372,0,1,0,Awake_mobile,19211dc232042f969c35fc18d135b54793a9c162e883e4107ae4a411cd9be63b,ID13-20200917
/Users/zcm361/Documents/Github/OxygenDynamicsV2/reference-validation/local-timing-rerun-20260909/ID13-20200917/Recording,surge,4,5,61,350,359,350,359,3288,20,10,0,10,0,NaN,NaN,insufficient_clean_prebaseline,insufficient_clean_prebaseline,NaN,NaN,NaN,1,0,Awake_mobile,19211dc232042f969c35fc18d135b54793a9c162e883e4107ae4a411cd9be63b,ID13-20200917
/Users/zcm361/Documents/Github/OxygenDynamicsV2/reference-validation/local-timing-rerun-20260909/ID13-20200917/Recording,surge,4,6,62,450,460,450,460,7432,20,12,0,8,0,NaN,NaN,insufficient_clean_prebaseline,insufficient_clean_prebaseline,NaN,NaN,NaN,1,0,Awake_mobile,19211dc232042f969c35fc18d135b54793a9c162e883e4107ae4a411cd9be63b,ID13-20200917
/Users/zcm361/Documents/Github/OxygenDynamicsV2/reference-validation/local-timing-rerun-20260909/ID13-20200917/Recording,surge,4,7,63,594,620,594,620,6456,20,20,0,0,0,10.789699504337,10.789699504337,valid,valid,0.0648838688282661,0.0648838688282661,0,1,0,Awake_mobile,19211dc232042f969c35fc18d135b54793a9c162e883e4107ae4a411cd9be63b,ID13-20200917
/Users/zcm361/Documents/Github/OxygenDynamicsV2/reference-validation/local-timing-rerun-20260909/ID13-20200917/Recording,surge,4,8,64,743,753,743,753,3562,20,20,0,0,0,11.2370578326783,11.2370578326783,valid,valid,0.0763396158535367,0.0763396158535367,0,1,0,Awake_mobile,19211dc232042f969c35fc18d135b54793a9c162e883e4107ae4a411cd9be63b,ID13-20200917
/Users/zcm361/Documents/Github/OxygenDynamicsV2/reference-validation/local-timing-rerun-20260909/ID13-20200917/Recording,surge,4,9,65,969,984,969,984,4723,20,8,0,12,0,NaN,NaN,insufficient_clean_prebaseline,insufficient_clean_prebaseline,NaN,NaN,NaN,1,0,Awake_mobile,19211dc232042f969c35fc18d135b54793a9c162e883e4107ae4a411cd9be63b,ID13-20200917
/Users/zcm361/Documents/Github/OxygenDynamicsV2/reference-validation/local-timing-rerun-20260909/ID13-20200917/Recording,surge,4,10,66,1039,1048,1039,1048,3599,20,20,0,0,0,9.33980272297861,9.33980272297861,valid,valid,0.0551571594531435,0.0551571594531435,0,1,0,Awake_mobile,19211dc232042f969c35fc18d135b54793a9c162e883e4107ae4a411cd9be63b,ID13-20200917
/Users/zcm361/Documents/Github/OxygenDynamicsV2/reference-validation/local-timing-rerun-20260909/ID13-20200917/Recording,surge,4,11,67,1077,1087,1077,1087,2108,20,20,0,0,0,7.71902277039848,7.71902277039848,valid,valid,0.0935550680014996,0.0935550680014996,0,1,0,Awake_mobile,19211dc232042f969c35fc18d135b54793a9c162e883e4107ae4a411cd9be63b,ID13-20200917
/Users/zcm361/Documents/Github/OxygenDynamicsV2/reference-validation/local-timing-rerun-20260909/ID13-20200917/Recording,surge,4,12,68,1094,1117,1094,1117,13408,20,6,0,14,0,NaN,NaN,insufficient_clean_prebaseline,insufficient_clean_prebaseline,NaN,NaN,NaN,1,0,Awake_mobile,19211dc232042f969c35fc18d135b54793a9c162e883e4107ae4a411cd9be63b,ID13-20200917
/Users/zcm361/Documents/Github/OxygenDynamicsV2/reference-validation/local-timing-rerun-20260909/ID13-20200917/Recording,surge,4,13,69,1187,1198,1187,1198,2969,20,3,0,17,0,NaN,NaN,insufficient_clean_prebaseline,insufficient_clean_prebaseline,NaN,NaN,NaN,1,0,Awake_mobile,19211dc232042f969c35fc18d135b54793a9c162e883e4107ae4a411cd9be63b,ID13-20200917
/Users/zcm361/Documents/Github/OxygenDynamicsV2/reference-validation/local-timing-rerun-20260909/ID13-20200917/Recording,surge,5,1,70,1,13,1,13,6624,20,0,1,0,0,NaN,NaN,insufficient_clean_prebaseline,insufficient_clean_prebaseline,NaN,NaN,NaN,1,0,Awake_mobile,19211dc232042f969c35fc18d135b54793a9c162e883e4107ae4a411cd9be63b,ID13-20200917
/Users/zcm361/Documents/Github/OxygenDynamicsV2/reference-validation/local-timing-rerun-20260909/ID13-20200917/Recording,surge,5,2,71,187,197,187,197,2394,20,20,0,0,0,10.1719507101086,10.1719507101086,valid,valid,0.073027905706595,0.073027905706595,0,1,0,Awake_mobile,19211dc232042f969c35fc18d135b54793a9c162e883e4107ae4a411cd9be63b,ID13-20200917
/Users/zcm361/Documents/Github/OxygenDynamicsV2/reference-validation/local-timing-rerun-20260909/ID13-20200917/Recording,surge,5,3,72,537,566,537,566,13956,20,12,0,8,0,NaN,NaN,insufficient_clean_prebaseline,insufficient_clean_prebaseline,NaN,NaN,NaN,1,0,Awake_mobile,19211dc232042f969c35fc18d135b54793a9c162e883e4107ae4a411cd9be63b,ID13-20200917
/Users/zcm361/Documents/Github/OxygenDynamicsV2/reference-validation/local-timing-rerun-20260909/ID13-20200917/Recording,surge,5,4,73,610,623,610,623,6431,20,12,0,8,0,NaN,NaN,insufficient_clean_prebaseline,insufficient_clean_prebaseline,NaN,NaN,NaN,1,0,Awake_mobile,19211dc232042f969c35fc18d135b54793a9c162e883e4107ae4a411cd9be63b,ID13-20200917
/Users/zcm361/Documents/Github/OxygenDynamicsV2/reference-validation/local-timing-rerun-20260909/ID13-20200917/Recording,surge,5,5,74,921,932,921,932,5665,20,14,0,6,0,NaN,NaN,insufficient_clean_prebaseline,insufficient_clean_prebaseline,NaN,NaN,NaN,1,0,Awake_mobile,19211dc232042f969c35fc18d135b54793a9c162e883e4107ae4a411cd9be63b,ID13-20200917
/Users/zcm361/Documents/Github/OxygenDynamicsV2/reference-validation/local-timing-rerun-20260909/ID13-20200917/Recording,surge,5,6,75,961,971,961,971,16361,20,1,0,19,0,NaN,NaN,insufficient_clean_prebaseline,insufficient_clean_prebaseline,NaN,NaN,NaN,1,0,Awake_mobile,19211dc232042f969c35fc18d135b54793a9c162e883e4107ae4a411cd9be63b,ID13-20200917
/Users/zcm361/Documents/Github/OxygenDynamicsV2/reference-validation/local-timing-rerun-20260909/ID13-20200917/Recording,surge,5,7,76,1161,1176,1161,1176,9779,20,18,0,2,0,NaN,NaN,insufficient_clean_prebaseline,insufficient_clean_prebaseline,NaN,NaN,NaN,1,0,Awake_mobile,19211dc232042f969c35fc18d135b54793a9c162e883e4107ae4a411cd9be63b,ID13-20200917
/Users/zcm361/Documents/Github/OxygenDynamicsV2/reference-validation/local-timing-rerun-20260909/ID13-20200917/Recording,surge,6,1,77,24,37,24,37,3147,20,20,0,0,0,4.45351128058468,4.45351128058468,valid,valid,0.270335064786803,0.270335064786803,0,1,0,Awake_mobile,19211dc232042f969c35fc18d135b54793a9c162e883e4107ae4a411cd9be63b,ID13-20200917
/Users/zcm361/Documents/Github/OxygenDynamicsV2/reference-validation/local-timing-rerun-20260909/ID13-20200917/Recording,surge,6,2,78,72,85,72,85,7415,20,20,0,0,0,5.5872016183412,5.5872016183412,valid,valid,0.0642519388545732,0.0642519388545732,0,1,0,Awake_mobile,19211dc232042f969c35fc18d135b54793a9c162e883e4107ae4a411cd9be63b,ID13-20200917
/Users/zcm361/Documents/Github/OxygenDynamicsV2/reference-validation/local-timing-rerun-20260909/ID13-20200917/Recording,surge,6,3,79,293,313,293,313,3742,20,20,0,0,0,5.23551576696953,5.23551576696953,valid,valid,0.0703730737623334,0.0703730737623334,0,1,0,Awake_mobile,19211dc232042f969c35fc18d135b54793a9c162e883e4107ae4a411cd9be63b,ID13-20200917
/Users/zcm361/Documents/Github/OxygenDynamicsV2/reference-validation/local-timing-rerun-20260909/ID13-20200917/Recording,surge,6,4,80,318,329,318,329,3371,20,4,0,16,0,NaN,NaN,insufficient_clean_prebaseline,insufficient_clean_prebaseline,NaN,NaN,NaN,1,0,Awake_mobile,19211dc232042f969c35fc18d135b54793a9c162e883e4107ae4a411cd9be63b,ID13-20200917
/Users/zcm361/Documents/Github/OxygenDynamicsV2/reference-validation/local-timing-rerun-20260909/ID13-20200917/Recording,surge,6,5,81,339,363,339,363,3944,20,9,0,11,0,NaN,NaN,insufficient_clean_prebaseline,insufficient_clean_prebaseline,NaN,NaN,NaN,1,0,Awake_mobile,19211dc232042f969c35fc18d135b54793a9c162e883e4107ae4a411cd9be63b,ID13-20200917
/Users/zcm361/Documents/Github/OxygenDynamicsV2/reference-validation/local-timing-rerun-20260909/ID13-20200917/Recording,surge,7,1,82,588,600,588,600,12583,20,20,0,0,0,9.7650997377414,9.7650997377414,valid,valid,0.028197527146656,0.028197527146656,0,1,0,Awake_mobile,19211dc232042f969c35fc18d135b54793a9c162e883e4107ae4a411cd9be63b,ID13-20200917
/Users/zcm361/Documents/Github/OxygenDynamicsV2/reference-validation/local-timing-rerun-20260909/ID13-20200917/Recording,surge,7,2,83,919,931,919,931,4227,20,7,0,13,0,NaN,NaN,insufficient_clean_prebaseline,insufficient_clean_prebaseline,NaN,NaN,NaN,1,0,Awake_mobile,19211dc232042f969c35fc18d135b54793a9c162e883e4107ae4a411cd9be63b,ID13-20200917
/Users/zcm361/Documents/Github/OxygenDynamicsV2/reference-validation/local-timing-rerun-20260909/ID13-20200917/Recording,surge,8,1,84,544,556,544,556,8010,20,20,0,0,0,8.07559925093633,8.07559925093633,valid,valid,0.0427831254430088,0.0427831254430088,0,1,0,Awake_mobile,19211dc232042f969c35fc18d135b54793a9c162e883e4107ae4a411cd9be63b,ID13-20200917
/Users/zcm361/Documents/Github/OxygenDynamicsV2/reference-validation/local-timing-rerun-20260909/ID13-20200917/Recording,surge,9,1,85,78,88,78,88,3223,20,20,0,0,0,8.87753645671734,8.87753645671734,valid,valid,0.0990727763933696,0.0990727763933696,0,1,0,Awake_mobile,19211dc232042f969c35fc18d135b54793a9c162e883e4107ae4a411cd9be63b,ID13-20200917
/Users/zcm361/Documents/Github/OxygenDynamicsV2/reference-validation/local-timing-rerun-20260909/ID13-20200917/Recording,surge,10,1,86,821,834,821,834,7581,20,17,0,3,0,NaN,NaN,insufficient_clean_prebaseline,insufficient_clean_prebaseline,NaN,NaN,NaN,1,0,Awake_mobile,19211dc232042f969c35fc18d135b54793a9c162e883e4107ae4a411cd9be63b,ID13-20200917
/Users/zcm361/Documents/Github/OxygenDynamicsV2/reference-validation/local-timing-rerun-20260909/ID13-20200917/Recording,surge,11,1,87,647,656,647,656,5162,20,20,0,0,0,4.00855288647811,4.00855288647811,valid,valid,0.0276360842155116,0.0276360842155116,0,1,0,Awake_mobile,19211dc232042f969c35fc18d135b54793a9c162e883e4107ae4a411cd9be63b,ID13-20200917
/Users/zcm361/Documents/Github/OxygenDynamicsV2/reference-validation/local-timing-rerun-20260909/ID13-20200917/Recording,surge,12,1,88,198,222,198,222,2977,20,20,0,0,0,5.40342626805509,5.40342626805509,valid,valid,0.0879025239338556,0.0879025239338556,0,1,0,Awake_mobile,19211dc232042f969c35fc18d135b54793a9c162e883e4107ae4a411cd9be63b,ID13-20200917
/Users/zcm361/Documents/Github/OxygenDynamicsV2/reference-validation/local-timing-rerun-20260909/ID13-20200917/Recording,surge,12,2,89,225,236,225,236,2672,20,2,0,18,0,NaN,NaN,insufficient_clean_prebaseline,insufficient_clean_prebaseline,NaN,NaN,NaN,1,0,Awake_mobile,19211dc232042f969c35fc18d135b54793a9c162e883e4107ae4a411cd9be63b,ID13-20200917
/Users/zcm361/Documents/Github/OxygenDynamicsV2/reference-validation/local-timing-rerun-20260909/ID13-20200917/Recording,surge,13,1,90,108,118,108,118,3754,20,20,0,0,0,4.43637453383058,4.43637453383058,valid,valid,0.105189997688264,0.105189997688264,0,1,0,Awake_mobile,19211dc232042f969c35fc18d135b54793a9c162e883e4107ae4a411cd9be63b,ID13-20200917
/Users/zcm361/Documents/Github/OxygenDynamicsV2/reference-validation/local-timing-rerun-20260909/ID13-20200917/Recording,surge,14,1,91,335,344,335,344,2919,20,20,0,0,0,7.73030147310723,7.73030147310723,valid,valid,0.0373259176370222,0.0373259176370222,0,1,0,Awake_mobile,19211dc232042f969c35fc18d135b54793a9c162e883e4107ae4a411cd9be63b,ID13-20200917
/Users/zcm361/Documents/Github/OxygenDynamicsV2/reference-validation/local-timing-rerun-20260909/ID13-20200917/Recording,surge,15,1,92,243,252,243,252,1492,20,20,0,0,0,10.7133378016086,10.7133378016086,valid,valid,0.0419599231746149,0.0419599231746149,0,1,0,Awake_mobile,19211dc232042f969c35fc18d135b54793a9c162e883e4107ae4a411cd9be63b,ID13-20200917
/Users/zcm361/Documents/Github/OxygenDynamicsV2/reference-validation/local-timing-rerun-20260909/ID13-20200917/Recording,surge,15,2,93,934,943,934,943,1775,20,19,0,1,0,NaN,NaN,insufficient_clean_prebaseline,insufficient_clean_prebaseline,NaN,NaN,NaN,1,0,Awake_mobile,19211dc232042f969c35fc18d135b54793a9c162e883e4107ae4a411cd9be63b,ID13-20200917
/Users/zcm361/Documents/Github/OxygenDynamicsV2/reference-validation/local-timing-rerun-20260909/ID13-20200917/Recording,surge,16,1,94,26,35,26,35,4249,20,18,0,2,0,NaN,NaN,insufficient_clean_prebaseline,insufficient_clean_prebaseline,NaN,NaN,NaN,1,0,Awake_mobile,19211dc232042f969c35fc18d135b54793a9c162e883e4107ae4a411cd9be63b,ID13-20200917
/Users/zcm361/Documents/Github/OxygenDynamicsV2/reference-validation/local-timing-rerun-20260909/ID13-20200917/Recording,surge,16,2,95,80,89,80,89,3173,20,20,0,0,0,8.48156318941065,8.48156318941065,valid,valid,0.0468564209274673,0.0468564209274673,0,1,0,Awake_mobile,19211dc232042f969c35fc18d135b54793a9c162e883e4107ae4a411cd9be63b,ID13-20200917
/Users/zcm361/Documents/Github/OxygenDynamicsV2/reference-validation/local-timing-rerun-20260909/ID13-20200917/Recording,surge,17,1,96,800,812,800,812,1350,20,20,0,0,0,8.00551851851852,8.00551851851852,valid,valid,0.0698175795400394,0.0698175795400394,0,1,0,Awake_mobile,19211dc232042f969c35fc18d135b54793a9c162e883e4107ae4a411cd9be63b,ID13-20200917
/Users/zcm361/Documents/Github/OxygenDynamicsV2/reference-validation/local-timing-rerun-20260909/ID13-20200917/Recording,surge,17,2,97,906,918,906,918,2607,20,20,0,0,0,7.09551208285385,7.09551208285385,valid,valid,0.0500054059898369,0.0500054059898369,0,1,0,Awake_mobile,19211dc232042f969c35fc18d135b54793a9c162e883e4107ae4a411cd9be63b,ID13-20200917
/Users/zcm361/Documents/Github/OxygenDynamicsV2/reference-validation/local-timing-rerun-20260909/ID13-20200917/Recording,surge,17,3,98,957,971,957,971,3161,20,4,0,16,0,NaN,NaN,insufficient_clean_prebaseline,insufficient_clean_prebaseline,NaN,NaN,NaN,1,0,Awake_mobile,19211dc232042f969c35fc18d135b54793a9c162e883e4107ae4a411cd9be63b,ID13-20200917
/Users/zcm361/Documents/Github/OxygenDynamicsV2/reference-validation/local-timing-rerun-20260909/ID13-20200917/Recording,surge,18,1,99,641,657,641,657,5103,20,20,0,0,0,5.12978640015677,5.12978640015677,valid,valid,0.0899137802599963,0.0899137802599963,0,1,0,Awake_mobile,19211dc232042f969c35fc18d135b54793a9c162e883e4107ae4a411cd9be63b,ID13-20200917
/Users/zcm361/Documents/Github/OxygenDynamicsV2/reference-validation/local-timing-rerun-20260909/ID13-20200917/Recording,surge,18,2,100,1049,1059,1049,1059,5013,20,20,0,0,0,4.64067424695791,4.64067424695791,valid,valid,0.0353039284378668,0.0353039284378668,0,1,0,Awake_mobile,19211dc232042f969c35fc18d135b54793a9c162e883e4107ae4a411cd9be63b,ID13-20200917
/Users/zcm361/Documents/Github/OxygenDynamicsV2/reference-validation/local-timing-rerun-20260909/ID13-20200917/Recording,surge,19,1,101,416,428,416,428,2513,20,16,0,4,0,NaN,NaN,insufficient_clean_prebaseline,insufficient_clean_prebaseline,NaN,NaN,NaN,1,0,Awake_mobile,19211dc232042f969c35fc18d135b54793a9c162e883e4107ae4a411cd9be63b,ID13-20200917
/Users/zcm361/Documents/Github/OxygenDynamicsV2/reference-validation/local-timing-rerun-20260909/ID13-20200917/Recording,surge,19,2,102,434,449,434,449,2383,20,7,0,13,0,NaN,NaN,insufficient_clean_prebaseline,insufficient_clean_prebaseline,NaN,NaN,NaN,1,0,Awake_mobile,19211dc232042f969c35fc18d135b54793a9c162e883e4107ae4a411cd9be63b,ID13-20200917
/Users/zcm361/Documents/Github/OxygenDynamicsV2/reference-validation/local-timing-rerun-20260909/ID13-20200917/Recording,surge,20,1,103,649,659,649,659,1333,20,20,0,0,0,9.63304576144036,9.63304576144036,valid,valid,0.00227009894204818,0.00227009894204818,0,1,0,Awake_mobile,19211dc232042f969c35fc18d135b54793a9c162e883e4107ae4a411cd9be63b,ID13-20200917
/Users/zcm361/Documents/Github/OxygenDynamicsV2/reference-validation/local-timing-rerun-20260909/ID13-20200917/Recording,surge,21,1,104,690,700,690,700,2222,20,20,0,0,0,4.01635913591359,4.01635913591359,valid,valid,0.16411839517724,0.16411839517724,0,1,0,Awake_mobile,19211dc232042f969c35fc18d135b54793a9c162e883e4107ae4a411cd9be63b,ID13-20200917
/Users/zcm361/Documents/Github/OxygenDynamicsV2/reference-validation/local-timing-rerun-20260909/ID13-20200917/Recording,surge,21,2,105,772,781,772,781,4430,20,17,0,3,0,NaN,NaN,insufficient_clean_prebaseline,insufficient_clean_prebaseline,NaN,NaN,NaN,1,0,Awake_mobile,19211dc232042f969c35fc18d135b54793a9c162e883e4107ae4a411cd9be63b,ID13-20200917
/Users/zcm361/Documents/Github/OxygenDynamicsV2/reference-validation/local-timing-rerun-20260909/ID13-20200917/Recording,surge,21,3,106,853,868,853,868,4024,20,20,0,0,0,3.70557902584493,3.70557902584493,valid,valid,0.0405566267080224,0.0405566267080224,0,1,0,Awake_mobile,19211dc232042f969c35fc18d135b54793a9c162e883e4107ae4a411cd9be63b,ID13-20200917
/Users/zcm361/Documents/Github/OxygenDynamicsV2/reference-validation/local-timing-rerun-20260909/ID13-20200917/Recording,surge,22,1,107,727,742,727,742,5669,20,20,0,0,0,6.21358264244135,6.21358264244135,valid,valid,0.0330505780018623,0.0330505780018623,0,1,0,Awake_mobile,19211dc232042f969c35fc18d135b54793a9c162e883e4107ae4a411cd9be63b,ID13-20200917
/Users/zcm361/Documents/Github/OxygenDynamicsV2/reference-validation/local-timing-rerun-20260909/ID13-20200917/Recording,surge,23,1,108,199,210,199,210,2717,20,20,0,0,0,8.63787265366213,8.63787265366213,valid,valid,0.0273508570844216,0.0273508570844216,0,1,0,Awake_mobile,19211dc232042f969c35fc18d135b54793a9c162e883e4107ae4a411cd9be63b,ID13-20200917
/Users/zcm361/Documents/Github/OxygenDynamicsV2/reference-validation/local-timing-rerun-20260909/ID13-20200917/Recording,surge,23,2,109,217,241,217,241,3424,20,8,0,12,0,NaN,NaN,insufficient_clean_prebaseline,insufficient_clean_prebaseline,NaN,NaN,NaN,1,0,Awake_mobile,19211dc232042f969c35fc18d135b54793a9c162e883e4107ae4a411cd9be63b,ID13-20200917
/Users/zcm361/Documents/Github/OxygenDynamicsV2/reference-validation/local-timing-rerun-20260909/ID13-20200917/Recording,surge,24,1,110,236,245,236,245,1298,20,20,0,0,0,5.30065485362096,5.30065485362096,valid,valid,0.0367355837360561,0.0367355837360561,0,1,0,Awake_mobile,19211dc232042f969c35fc18d135b54793a9c162e883e4107ae4a411cd9be63b,ID13-20200917
/Users/zcm361/Documents/Github/OxygenDynamicsV2/reference-validation/local-timing-rerun-20260909/ID13-20200917/Recording,surge,25,1,111,141,151,141,151,3414,20,20,0,0,0,8.89526947861745,8.89526947861745,valid,valid,0.0324860175609889,0.0324860175609889,0,1,0,Awake_mobile,19211dc232042f969c35fc18d135b54793a9c162e883e4107ae4a411cd9be63b,ID13-20200917
/Users/zcm361/Documents/Github/OxygenDynamicsV2/reference-validation/local-timing-rerun-20260909/ID13-20200917/Recording,surge,25,2,112,164,173,164,173,2292,20,12,0,8,0,NaN,NaN,insufficient_clean_prebaseline,insufficient_clean_prebaseline,NaN,NaN,NaN,1,0,Awake_mobile,19211dc232042f969c35fc18d135b54793a9c162e883e4107ae4a411cd9be63b,ID13-20200917
/Users/zcm361/Documents/Github/OxygenDynamicsV2/reference-validation/local-timing-rerun-20260909/ID13-20200917/Recording,surge,25,3,113,228,245,228,245,2499,20,20,0,0,0,9.34495798319328,9.34495798319328,valid,valid,0.0344259101059602,0.0344259101059602,0,1,0,Awake_mobile,19211dc232042f969c35fc18d135b54793a9c162e883e4107ae4a411cd9be63b,ID13-20200917
/Users/zcm361/Documents/Github/OxygenDynamicsV2/reference-validation/local-timing-rerun-20260909/ID13-20200917/Recording,surge,25,4,114,800,816,800,816,3221,20,20,0,0,0,9.09393045638,9.09393045638,valid,valid,0.0477424376654702,0.0477424376654702,0,1,0,Awake_mobile,19211dc232042f969c35fc18d135b54793a9c162e883e4107ae4a411cd9be63b,ID13-20200917
/Users/zcm361/Documents/Github/OxygenDynamicsV2/reference-validation/local-timing-rerun-20260909/ID13-20200917/Recording,surge,25,5,115,932,942,932,942,2994,20,20,0,0,0,8.99859719438878,8.99859719438878,valid,valid,0.0444736431864241,0.0444736431864241,0,1,0,Awake_mobile,19211dc232042f969c35fc18d135b54793a9c162e883e4107ae4a411cd9be63b,ID13-20200917
/Users/zcm361/Documents/Github/OxygenDynamicsV2/reference-validation/local-timing-rerun-20260909/ID13-20200917/Recording,surge,25,6,116,951,961,951,961,2695,20,9,0,11,0,NaN,NaN,insufficient_clean_prebaseline,insufficient_clean_prebaseline,NaN,NaN,NaN,1,0,Awake_mobile,19211dc232042f969c35fc18d135b54793a9c162e883e4107ae4a411cd9be63b,ID13-20200917
/Users/zcm361/Documents/Github/OxygenDynamicsV2/reference-validation/local-timing-rerun-20260909/ID13-20200917/Recording,surge,26,1,117,894,906,894,906,1464,20,20,0,0,0,9.06492486338798,9.06492486338798,valid,valid,0.077156668085796,0.077156668085796,0,1,0,Awake_mobile,19211dc232042f969c35fc18d135b54793a9c162e883e4107ae4a411cd9be63b,ID13-20200917
/Users/zcm361/Documents/Github/OxygenDynamicsV2/reference-validation/local-timing-rerun-20260909/ID13-20200917/Recording,surge,27,1,118,255,266,255,266,2465,20,18,0,2,0,NaN,NaN,insufficient_clean_prebaseline,insufficient_clean_prebaseline,NaN,NaN,NaN,1,0,Awake_mobile,19211dc232042f969c35fc18d135b54793a9c162e883e4107ae4a411cd9be63b,ID13-20200917
/Users/zcm361/Documents/Github/OxygenDynamicsV2/reference-validation/local-timing-rerun-20260909/ID13-20200917/Recording,surge,28,1,119,158,167,158,167,620,20,20,0,0,0,6.97217741935484,6.97217741935484,valid,valid,0.0430859984963278,0.0430859984963278,0,1,0,Awake_mobile,19211dc232042f969c35fc18d135b54793a9c162e883e4107ae4a411cd9be63b,ID13-20200917
/Users/zcm361/Documents/Github/OxygenDynamicsV2/reference-validation/local-timing-rerun-20260909/ID13-20200917/Recording,surge,29,1,120,808,823,808,823,1409,20,20,0,0,0,7.49638041163946,7.49638041163946,valid,valid,0.0409566007725518,0.0409566007725518,0,1,0,Awake_mobile,19211dc232042f969c35fc18d135b54793a9c162e883e4107ae4a411cd9be63b,ID13-20200917
/Users/zcm361/Documents/Github/OxygenDynamicsV2/reference-validation/local-timing-rerun-20260909/ID13-20200917/Recording,surge,29,2,121,829,845,829,845,2626,20,5,0,15,0,NaN,NaN,insufficient_clean_prebaseline,insufficient_clean_prebaseline,NaN,NaN,NaN,1,0,Awake_mobile,19211dc232042f969c35fc18d135b54793a9c162e883e4107ae4a411cd9be63b,ID13-20200917
/Users/zcm361/Documents/Github/OxygenDynamicsV2/reference-validation/local-timing-rerun-20260909/ID13-20200917/Recording,surge,29,3,122,1142,1159,1142,1159,1254,20,20,0,0,0,6.8231658692185,6.8231658692185,valid,valid,0.0437983929875821,0.0437983929875821,0,1,0,Awake_mobile,19211dc232042f969c35fc18d135b54793a9c162e883e4107ae4a411cd9be63b,ID13-20200917
/Users/zcm361/Documents/Github/OxygenDynamicsV2/reference-validation/local-timing-rerun-20260909/ID13-20200917/Recording,surge,30,1,123,817,826,817,826,1374,20,19,0,1,0,NaN,NaN,insufficient_clean_prebaseline,insufficient_clean_prebaseline,NaN,NaN,NaN,1,0,Awake_mobile,19211dc232042f969c35fc18d135b54793a9c162e883e4107ae4a411cd9be63b,ID13-20200917
/Users/zcm361/Documents/Github/OxygenDynamicsV2/reference-validation/local-timing-rerun-20260909/ID13-20200917/Recording,surge,30,2,124,828,847,828,847,1315,20,10,0,10,0,NaN,NaN,insufficient_clean_prebaseline,insufficient_clean_prebaseline,NaN,NaN,NaN,1,0,Awake_mobile,19211dc232042f969c35fc18d135b54793a9c162e883e4107ae4a411cd9be63b,ID13-20200917
/Users/zcm361/Documents/Github/OxygenDynamicsV2/reference-validation/local-timing-rerun-20260909/ID13-20200917/Recording,surge,30,3,125,855,864,855,864,1767,20,7,0,13,0,NaN,NaN,insufficient_clean_prebaseline,insufficient_clean_prebaseline,NaN,NaN,NaN,1,0,Awake_mobile,19211dc232042f969c35fc18d135b54793a9c162e883e4107ae4a411cd9be63b,ID13-20200917
/Users/zcm361/Documents/Github/OxygenDynamicsV2/reference-validation/local-timing-rerun-20260909/ID13-20200917/Recording,surge,30,4,126,1144,1153,1144,1153,2378,20,20,0,0,0,9.92819596299411,9.92819596299411,valid,valid,0.0215064010927919,0.0215064010927919,0,1,0,Awake_mobile,19211dc232042f969c35fc18d135b54793a9c162e883e4107ae4a411cd9be63b,ID13-20200917
/Users/zcm361/Documents/Github/OxygenDynamicsV2/reference-validation/local-timing-rerun-20260909/ID13-20200917/Recording,surge,31,1,127,177,187,177,187,754,20,20,0,0,0,4.57380636604775,4.57380636604775,valid,valid,0.0296782799066299,0.0296782799066299,0,1,0,Awake_mobile,19211dc232042f969c35fc18d135b54793a9c162e883e4107ae4a411cd9be63b,ID13-20200917
/Users/zcm361/Documents/Github/OxygenDynamicsV2/reference-validation/local-timing-rerun-20260909/ID13-20200917/Recording,surge,31,2,128,238,258,238,258,1622,20,20,0,0,0,3.86131319358816,3.86131319358816,valid,valid,0.0173956778247018,0.0173956778247018,0,1,0,Awake_mobile,19211dc232042f969c35fc18d135b54793a9c162e883e4107ae4a411cd9be63b,ID13-20200917
/Users/zcm361/Documents/Github/OxygenDynamicsV2/reference-validation/local-timing-rerun-20260909/ID13-20200917/Recording,surge,32,1,129,1154,1164,1154,1164,1005,20,20,0,0,0,10.0530845771144,10.0530845771144,valid,valid,0.0402490263130544,0.0402490263130544,0,1,0,Awake_mobile,19211dc232042f969c35fc18d135b54793a9c162e883e4107ae4a411cd9be63b,ID13-20200917
/Users/zcm361/Documents/Github/OxygenDynamicsV2/reference-validation/local-timing-rerun-20260909/ID13-20200917/Recording,surge,33,1,130,894,903,894,903,1309,20,20,0,0,0,8.16249045072574,8.16249045072574,valid,valid,0.0590844852920532,0.0590844852920532,0,1,0,Awake_mobile,19211dc232042f969c35fc18d135b54793a9c162e883e4107ae4a411cd9be63b,ID13-20200917
/Users/zcm361/Documents/Github/OxygenDynamicsV2/reference-validation/local-timing-rerun-20260909/ID13-20200917/Recording,surge,34,1,131,953,967,953,967,1752,20,19,0,1,0,NaN,NaN,insufficient_clean_prebaseline,insufficient_clean_prebaseline,NaN,NaN,NaN,1,0,Awake_mobile,19211dc232042f969c35fc18d135b54793a9c162e883e4107ae4a411cd9be63b,ID13-20200917
/Users/zcm361/Documents/Github/OxygenDynamicsV2/reference-validation/local-timing-rerun-20260909/FB2411/Recording,sink,1,1,1,1,4,1,4,801,20,0,1,0,0,NaN,NaN,insufficient_clean_prebaseline,insufficient_clean_prebaseline,NaN,NaN,NaN,1,0,mNeongreen KX,15edc9f8854a50d1fc478841d8cefd717043cb4ebbf5471a58f017870915a5db,FB2411
/Users/zcm361/Documents/Github/OxygenDynamicsV2/reference-validation/local-timing-rerun-20260909/FB2411/Recording,sink,1,2,2,48,66,48,52,441,20,20,0,0,0,21550.6553287982,21550.6553287982,valid,valid,0.00334170223211886,0.00334170223211886,0,1,0,mNeongreen KX,15edc9f8854a50d1fc478841d8cefd717043cb4ebbf5471a58f017870915a5db,FB2411
/Users/zcm361/Documents/Github/OxygenDynamicsV2/reference-validation/local-timing-rerun-20260909/FB2411/Recording,sink,1,3,3,102,119,102,110,792,20,20,0,0,0,21578.2778409091,21578.2778409091,valid,valid,0.00553277190488301,0.00553277190488301,0,1,0,mNeongreen KX,15edc9f8854a50d1fc478841d8cefd717043cb4ebbf5471a58f017870915a5db,FB2411
/Users/zcm361/Documents/Github/OxygenDynamicsV2/reference-validation/local-timing-rerun-20260909/FB2411/Recording,sink,1,4,4,187,198,188,198,1012,20,20,0,0,0,21536.5436264822,21536.5436264822,valid,valid,0.00248314725047847,0.00248314725047847,0,1,0,mNeongreen KX,15edc9f8854a50d1fc478841d8cefd717043cb4ebbf5471a58f017870915a5db,FB2411
/Users/zcm361/Documents/Github/OxygenDynamicsV2/reference-validation/local-timing-rerun-20260909/FB2411/Recording,sink,1,5,5,294,301,294,301,725,20,20,0,0,0,21575.6075172414,21575.6075172414,valid,valid,0.00261281330955376,0.00261281330955376,0,1,0,mNeongreen KX,15edc9f8854a50d1fc478841d8cefd717043cb4ebbf5471a58f017870915a5db,FB2411
/Users/zcm361/Documents/Github/OxygenDynamicsV2/reference-validation/local-timing-rerun-20260909/FB2411/Recording,sink,2,1,6,130,142,132,137,381,20,20,0,0,0,16121.9295275591,16121.9295275591,valid,valid,0.00409366440388238,0.00409366440388238,0,1,0,mNeongreen KX,15edc9f8854a50d1fc478841d8cefd717043cb4ebbf5471a58f017870915a5db,FB2411
/Users/zcm361/Documents/Github/OxygenDynamicsV2/reference-validation/local-timing-rerun-20260909/FB2411/Recording,sink,3,1,7,279,286,281,283,580,20,20,0,0,0,15784.7043103448,15784.7043103448,valid,valid,0.00146240437804884,0.00146240437804884,0,1,0,mNeongreen KX,15edc9f8854a50d1fc478841d8cefd717043cb4ebbf5471a58f017870915a5db,FB2411
/Users/zcm361/Documents/Github/OxygenDynamicsV2/reference-validation/local-timing-rerun-20260909/FB2411/Recording,sink,4,1,8,22,29,22,25,430,20,20,0,0,0,15515.4290697674,15515.4290697674,valid,valid,0.00155486635246594,0.00155486635246594,0,1,0,mNeongreen KX,15edc9f8854a50d1fc478841d8cefd717043cb4ebbf5471a58f017870915a5db,FB2411
/Users/zcm361/Documents/Github/OxygenDynamicsV2/reference-validation/local-timing-rerun-20260909/FB2411/Recording,sink,4,2,9,199,203,200,202,337,20,20,0,0,0,14443.5172106825,14443.5172106825,valid,valid,0.000889230787120406,0.000889230787120406,0,1,0,mNeongreen KX,15edc9f8854a50d1fc478841d8cefd717043cb4ebbf5471a58f017870915a5db,FB2411
/Users/zcm361/Documents/Github/OxygenDynamicsV2/reference-validation/local-timing-rerun-20260909/FB2411/Recording,sink,5,1,10,20,28,21,24,368,20,19,1,0,0,NaN,NaN,insufficient_clean_prebaseline,insufficient_clean_prebaseline,NaN,NaN,NaN,1,0,mNeongreen KX,15edc9f8854a50d1fc478841d8cefd717043cb4ebbf5471a58f017870915a5db,FB2411
/Users/zcm361/Documents/Github/OxygenDynamicsV2/reference-validation/local-timing-rerun-20260909/FB2411/Recording,sink,6,1,11,128,142,129,134,331,20,20,0,0,0,22659.6028700906,22659.6028700906,valid,valid,0.00242623371478862,0.00242623371478862,0,1,0,mNeongreen KX,15edc9f8854a50d1fc478841d8cefd717043cb4ebbf5471a58f017870915a5db,FB2411
/Users/zcm361/Documents/Github/OxygenDynamicsV2/reference-validation/local-timing-rerun-20260909/FB2411/Recording,sink,7,1,12,211,235,227,230,591,20,20,0,0,0,23556.6359560068,23556.6359560068,valid,valid,0.00361513803807883,0.00361513803807883,0,1,0,mNeongreen KX,15edc9f8854a50d1fc478841d8cefd717043cb4ebbf5471a58f017870915a5db,FB2411
/Users/zcm361/Documents/Github/OxygenDynamicsV2/reference-validation/local-timing-rerun-20260909/FB2411/Recording,sink,8,1,13,180,187,184,186,568,20,20,0,0,0,26284.4877640845,26284.4877640845,valid,valid,0.00182249155746185,0.00182249155746185,0,1,0,mNeongreen KX,15edc9f8854a50d1fc478841d8cefd717043cb4ebbf5471a58f017870915a5db,FB2411
/Users/zcm361/Documents/Github/OxygenDynamicsV2/reference-validation/local-timing-rerun-20260909/FB2411/Recording,sink,9,1,14,46,60,49,60,493,20,20,0,0,0,16536.4451318458,16536.4451318458,valid,valid,0.00248727764009643,0.00248727764009643,0,1,0,mNeongreen KX,15edc9f8854a50d1fc478841d8cefd717043cb4ebbf5471a58f017870915a5db,FB2411
/Users/zcm361/Documents/Github/OxygenDynamicsV2/reference-validation/local-timing-rerun-20260909/FB2411/Recording,sink,9,2,15,192,208,199,203,345,20,20,0,0,0,16092.1373913043,16092.1373913043,valid,valid,0.00257996190560156,0.00257996190560156,0,1,0,mNeongreen KX,15edc9f8854a50d1fc478841d8cefd717043cb4ebbf5471a58f017870915a5db,FB2411
/Users/zcm361/Documents/Github/OxygenDynamicsV2/reference-validation/local-timing-rerun-20260909/FB2411/Recording,sink,10,1,16,104,131,123,126,294,20,20,0,0,0,22294.6076530612,22294.6076530612,valid,valid,0.00371931094377898,0.00371931094377898,0,1,0,mNeongreen KX,15edc9f8854a50d1fc478841d8cefd717043cb4ebbf5471a58f017870915a5db,FB2411
/Users/zcm361/Documents/Github/OxygenDynamicsV2/reference-validation/local-timing-rerun-20260909/FB2411/Recording,sink,11,1,17,71,77,72,74,534,20,20,0,0,0,24906.8060861423,24906.8060861423,valid,valid,0.001801355464076,0.001801355464076,0,1,0,mNeongreen KX,15edc9f8854a50d1fc478841d8cefd717043cb4ebbf5471a58f017870915a5db,FB2411
/Users/zcm361/Documents/Github/OxygenDynamicsV2/reference-validation/local-timing-rerun-20260909/FB2411/Recording,sink,12,1,18,73,81,75,79,309,20,20,0,0,0,25772.2038834951,25772.2038834951,valid,valid,0.00196757475974158,0.00196757475974158,0,1,0,mNeongreen KX,15edc9f8854a50d1fc478841d8cefd717043cb4ebbf5471a58f017870915a5db,FB2411
/Users/zcm361/Documents/Github/OxygenDynamicsV2/reference-validation/local-timing-rerun-20260909/FB2411/Recording,sink,13,1,19,242,252,243,245,166,20,20,0,0,0,18383.6394578313,18383.6394578313,valid,valid,0.0048298412533943,0.0048298412533943,0,1,0,mNeongreen KX,15edc9f8854a50d1fc478841d8cefd717043cb4ebbf5471a58f017870915a5db,FB2411
/Users/zcm361/Documents/Github/OxygenDynamicsV2/reference-validation/local-timing-rerun-20260909/FB2411/Recording,sink,14,1,20,80,104,86,88,378,20,20,0,0,0,24014.8886243386,24014.8886243386,valid,valid,0.00377123851926145,0.00377123851926145,0,1,0,mNeongreen KX,15edc9f8854a50d1fc478841d8cefd717043cb4ebbf5471a58f017870915a5db,FB2411
/Users/zcm361/Documents/Github/OxygenDynamicsV2/reference-validation/local-timing-rerun-20260909/FB2411/Recording,sink,15,1,21,131,156,140,142,335,20,20,0,0,0,21781.3765671642,21781.3765671642,valid,valid,0.00421997505016323,0.00421997505016323,0,1,0,mNeongreen KX,15edc9f8854a50d1fc478841d8cefd717043cb4ebbf5471a58f017870915a5db,FB2411
/Users/zcm361/Documents/Github/OxygenDynamicsV2/reference-validation/local-timing-rerun-20260909/FB2411/Recording,sink,16,1,22,140,163,148,159,1027,20,20,0,0,0,24043.6321324245,24043.6321324245,valid,valid,0.00524679851951424,0.00524679851951424,0,1,0,mNeongreen KX,15edc9f8854a50d1fc478841d8cefd717043cb4ebbf5471a58f017870915a5db,FB2411
/Users/zcm361/Documents/Github/OxygenDynamicsV2/reference-validation/local-timing-rerun-20260909/FB2411/Recording,sink,17,1,23,139,159,143,146,272,20,20,0,0,0,26594.3490808823,26594.3490808823,valid,valid,0.00515602541309977,0.00515602541309977,0,1,0,mNeongreen KX,15edc9f8854a50d1fc478841d8cefd717043cb4ebbf5471a58f017870915a5db,FB2411
/Users/zcm361/Documents/Github/OxygenDynamicsV2/reference-validation/local-timing-rerun-20260909/FB2411/Recording,sink,18,1,24,165,186,170,173,687,20,20,0,0,0,20525.4432314411,20525.4432314411,valid,valid,0.00339171473868194,0.00339171473868194,0,1,0,mNeongreen KX,15edc9f8854a50d1fc478841d8cefd717043cb4ebbf5471a58f017870915a5db,FB2411
/Users/zcm361/Documents/Github/OxygenDynamicsV2/reference-validation/local-timing-rerun-20260909/FB2411/Recording,sink,19,1,25,206,218,211,214,260,20,20,0,0,0,19571.3330769231,19571.3330769231,valid,valid,0.00256548697028731,0.00256548697028731,0,1,0,mNeongreen KX,15edc9f8854a50d1fc478841d8cefd717043cb4ebbf5471a58f017870915a5db,FB2411
/Users/zcm361/Documents/Github/OxygenDynamicsV2/reference-validation/local-timing-rerun-20260909/FB2411/Recording,sink,20,1,26,242,251,242,245,358,20,20,0,0,0,26181.5601955307,26181.5601955307,valid,valid,0.00380471092679309,0.00380471092679309,0,1,0,mNeongreen KX,15edc9f8854a50d1fc478841d8cefd717043cb4ebbf5471a58f017870915a5db,FB2411
/Users/zcm361/Documents/Github/OxygenDynamicsV2/reference-validation/local-timing-rerun-20260909/FB2411/Recording,surge,1,1,1,8,25,8,25,3494,20,7,1,0,0,NaN,NaN,insufficient_clean_prebaseline,insufficient_clean_prebaseline,NaN,NaN,NaN,1,0,mNeongreen KX,15edc9f8854a50d1fc478841d8cefd717043cb4ebbf5471a58f017870915a5db,FB2411
