StartFrame,EndFrame,NativeStartFrame,NativeEndFrame,TimingSearchStartFrame,TimingSearchEndFrame,StartBoundaryStatus,EndBoundaryStatus,TimingResolved,NativeTraceCrossesReturnLevel,TimingMaxExtensionFrames,SiteID,EventID,Session,SearchLimitSec
5,8,5,8,1,13,seed_not_below_return_level,seed_not_below_return_level,0,1,5,1,1,M400-01-baseline-awake,5
431,440,436,440,431,445,return_crossing,search_limit_unresolved,0,0,5,1,2,M400-01-baseline-awake,5
578,600,582,600,577,600,return_crossing,recording_boundary_unresolved,0,1,5,1,3,M400-01-baseline-awake,5
2,8,2,8,1,13,seed_not_below_return_level,return_crossing,0,1,5,2,1,M400-01-baseline-awake,5
31,44,35,39,30,44,return_crossing,return_crossing,1,0,5,2,2,M400-01-baseline-awake,5
287,291,287,289,282,294,search_limit_unresolved,return_crossing,0,0,5,2,3,M400-01-baseline-awake,5
4,17,4,16,1,21,seed_not_below_return_level,return_crossing,0,1,5,3,1,M400-01-baseline-awake,5
242,257,244,256,239,261,return_crossing,return_crossing,1,0,5,3,2,M400-01-baseline-awake,5
456,461,457,461,452,466,return_crossing,return_crossing,1,0,5,3,3,M400-01-baseline-awake,5
17,46,18,46,13,51,return_crossing,search_limit_unresolved,0,1,5,4,1,M400-01-baseline-awake,5
219,227,219,227,214,232,return_crossing,seed_not_below_return_level,0,1,5,4,2,M400-01-baseline-awake,5
252,332,252,332,247,337,seed_not_below_return_level,seed_not_below_return_level,0,1,5,4,3,M400-01-baseline-awake,5
403,408,405,408,400,413,return_crossing,return_crossing,1,0,5,4,4,M400-01-baseline-awake,5
481,486,482,486,477,491,return_crossing,return_crossing,1,0,5,4,5,M400-01-baseline-awake,5
546,550,546,549,541,554,return_crossing,return_crossing,1,0,5,4,6,M400-01-baseline-awake,5
580,600,580,600,575,600,seed_not_below_return_level,seed_not_below_return_level,0,1,5,4,7,M400-01-baseline-awake,5
23,37,23,33,18,38,search_limit_unresolved,return_crossing,0,0,5,5,1,M400-01-baseline-awake,5
90,108,90,108,85,113,seed_not_below_return_level,return_crossing,0,1,5,5,2,M400-01-baseline-awake,5
28,30,28,30,23,35,search_limit_unresolved,search_limit_unresolved,0,0,5,6,1,M400-01-baseline-awake,5
123,131,125,128,120,133,return_crossing,return_crossing,1,0,5,6,2,M400-01-baseline-awake,5
11,14,11,13,6,18,return_crossing,return_crossing,1,0,5,7,1,M400-01-baseline-awake,5
102,105,102,104,97,109,search_limit_unresolved,return_crossing,0,0,5,7,2,M400-01-baseline-awake,5
122,131,124,130,119,135,return_crossing,return_crossing,1,0,5,7,3,M400-01-baseline-awake,5
194,208,199,208,194,213,return_crossing,return_crossing,1,0,5,7,4,M400-01-baseline-awake,5
241,254,245,254,240,259,return_crossing,return_crossing,1,0,5,7,5,M400-01-baseline-awake,5
335,347,335,347,330,352,search_limit_unresolved,return_crossing,0,0,5,7,6,M400-01-baseline-awake,5
394,401,394,399,389,404,search_limit_unresolved,return_crossing,0,0,5,7,7,M400-01-baseline-awake,5
567,570,567,570,562,575,search_limit_unresolved,return_crossing,0,0,5,7,8,M400-01-baseline-awake,5
155,160,157,160,152,165,return_crossing,search_limit_unresolved,0,0,5,8,1,M400-01-baseline-awake,5
229,234,232,234,227,239,return_crossing,search_limit_unresolved,0,0,5,8,2,M400-01-baseline-awake,5
486,500,488,500,483,505,return_crossing,return_crossing,1,0,5,8,3,M400-01-baseline-awake,5
220,243,225,242,220,247,return_crossing,return_crossing,1,0,5,9,1,M400-01-baseline-awake,5
361,374,361,371,356,376,search_limit_unresolved,return_crossing,0,0,5,9,2,M400-01-baseline-awake,5
451,460,454,458,449,463,return_crossing,return_crossing,1,0,5,9,3,M400-01-baseline-awake,5
28,41,28,39,23,44,search_limit_unresolved,return_crossing,0,0,5,10,1,M400-01-baseline-awake,5
94,106,98,103,93,108,return_crossing,return_crossing,1,0,5,10,2,M400-01-baseline-awake,5
226,233,226,232,221,237,search_limit_unresolved,return_crossing,0,0,5,10,3,M400-01-baseline-awake,5
394,402,394,399,389,404,search_limit_unresolved,return_crossing,0,0,5,10,4,M400-01-baseline-awake,5
446,451,448,451,443,456,return_crossing,search_limit_unresolved,0,0,5,10,5,M400-01-baseline-awake,5
588,596,592,596,587,600,return_crossing,seed_not_below_return_level,0,1,5,10,6,M400-01-baseline-awake,5
82,97,85,96,80,101,return_crossing,return_crossing,1,0,5,11,1,M400-01-baseline-awake,5
311,315,312,315,307,320,return_crossing,return_crossing,1,0,5,11,2,M400-01-baseline-awake,5
399,403,399,401,394,406,search_limit_unresolved,return_crossing,0,0,5,11,3,M400-01-baseline-awake,5
468,477,472,475,467,480,return_crossing,return_crossing,1,0,5,11,4,M400-01-baseline-awake,5
531,536,533,536,528,541,return_crossing,search_limit_unresolved,0,0,5,11,5,M400-01-baseline-awake,5
41,47,41,43,36,48,seed_not_below_return_level,return_crossing,0,1,5,12,1,M400-01-baseline-awake,5
465,473,465,471,460,476,search_limit_unresolved,return_crossing,0,0,5,12,2,M400-01-baseline-awake,5
107,124,109,124,104,129,return_crossing,seed_not_below_return_level,0,1,5,13,1,M400-01-baseline-awake,5
311,324,312,324,307,329,return_crossing,return_crossing,1,0,5,13,2,M400-01-baseline-awake,5
365,372,365,369,360,374,search_limit_unresolved,return_crossing,0,0,5,13,3,M400-01-baseline-awake,5
504,512,507,511,502,516,return_crossing,return_crossing,1,0,5,13,4,M400-01-baseline-awake,5
66,76,67,76,62,81,return_crossing,return_crossing,1,0,5,14,1,M400-01-baseline-awake,5
106,113,107,109,102,114,return_crossing,return_crossing,1,0,5,14,2,M400-01-baseline-awake,5
209,221,211,219,206,224,return_crossing,return_crossing,1,0,5,14,3,M400-01-baseline-awake,5
292,297,292,296,287,301,return_crossing,return_crossing,1,0,5,14,4,M400-01-baseline-awake,5
348,361,349,358,344,363,return_crossing,return_crossing,1,0,5,14,5,M400-01-baseline-awake,5
403,411,404,409,399,414,return_crossing,return_crossing,1,0,5,14,6,M400-01-baseline-awake,5
480,486,480,485,475,490,return_crossing,return_crossing,1,0,5,14,7,M400-01-baseline-awake,5
512,516,513,515,508,520,return_crossing,return_crossing,1,0,5,14,8,M400-01-baseline-awake,5
546,552,546,550,541,555,return_crossing,return_crossing,1,0,5,14,9,M400-01-baseline-awake,5
571,579,572,575,567,580,return_crossing,return_crossing,1,0,5,14,10,M400-01-baseline-awake,5
57,76,57,76,52,81,search_limit_unresolved,seed_not_below_return_level,0,1,5,15,1,M400-01-baseline-awake,5
106,112,106,108,101,113,return_crossing,return_crossing,1,0,5,15,2,M400-01-baseline-awake,5
188,192,189,191,184,196,return_crossing,return_crossing,1,0,5,15,3,M400-01-baseline-awake,5
404,412,405,412,400,417,return_crossing,search_limit_unresolved,0,0,5,15,4,M400-01-baseline-awake,5
479,482,479,482,474,487,seed_not_below_return_level,return_crossing,0,1,5,15,5,M400-01-baseline-awake,5
512,514,512,514,507,519,return_crossing,return_crossing,1,0,5,15,6,M400-01-baseline-awake,5
546,549,546,548,541,553,return_crossing,return_crossing,1,0,5,15,7,M400-01-baseline-awake,5
49,56,49,55,44,60,search_limit_unresolved,return_crossing,0,0,5,16,1,M400-01-baseline-awake,5
234,241,234,240,229,245,search_limit_unresolved,return_crossing,0,0,5,16,2,M400-01-baseline-awake,5
70,81,70,80,65,85,search_limit_unresolved,return_crossing,0,0,5,17,1,M400-01-baseline-awake,5
301,304,301,304,296,309,seed_not_below_return_level,seed_not_below_return_level,0,1,5,17,2,M400-01-baseline-awake,5
360,371,360,371,355,376,search_limit_unresolved,search_limit_unresolved,0,0,5,17,3,M400-01-baseline-awake,5
488,519,488,519,483,524,search_limit_unresolved,seed_not_below_return_level,0,1,5,17,4,M400-01-baseline-awake,5
553,557,555,557,550,562,return_crossing,search_limit_unresolved,0,0,5,17,5,M400-01-baseline-awake,5
71,78,71,78,66,83,search_limit_unresolved,return_crossing,0,0,5,18,1,M400-01-baseline-awake,5
110,117,113,115,108,120,return_crossing,return_crossing,1,0,5,18,2,M400-01-baseline-awake,5
261,266,263,266,258,271,return_crossing,return_crossing,1,0,5,18,3,M400-01-baseline-awake,5
297,302,297,301,292,306,return_crossing,return_crossing,1,0,5,18,4,M400-01-baseline-awake,5
324,333,324,333,319,338,search_limit_unresolved,search_limit_unresolved,0,0,5,18,5,M400-01-baseline-awake,5
482,486,483,486,478,491,return_crossing,search_limit_unresolved,0,0,5,18,6,M400-01-baseline-awake,5
537,542,537,542,532,547,seed_not_below_return_level,seed_not_below_return_level,0,1,5,18,7,M400-01-baseline-awake,5
468,480,471,478,466,483,return_crossing,return_crossing,1,0,5,19,1,M400-01-baseline-awake,5
54,56,54,56,49,61,search_limit_unresolved,search_limit_unresolved,0,0,5,20,1,M400-01-baseline-awake,5
55,60,55,57,50,62,search_limit_unresolved,return_crossing,0,0,5,21,1,M400-01-baseline-awake,5
71,76,71,76,66,81,search_limit_unresolved,search_limit_unresolved,0,0,5,22,1,M400-01-baseline-awake,5
369,371,369,371,364,376,search_limit_unresolved,search_limit_unresolved,0,0,5,22,2,M400-01-baseline-awake,5
483,512,488,512,483,517,return_crossing,search_limit_unresolved,0,0,5,22,3,M400-01-baseline-awake,5
133,146,136,146,131,151,return_crossing,search_limit_unresolved,0,0,5,23,1,M400-01-baseline-awake,5
214,223,216,223,211,228,return_crossing,search_limit_unresolved,0,0,5,23,2,M400-01-baseline-awake,5
245,257,245,257,240,262,search_limit_unresolved,search_limit_unresolved,0,1,5,23,3,M400-01-baseline-awake,5
357,368,357,368,352,373,search_limit_unresolved,search_limit_unresolved,0,0,5,23,4,M400-01-baseline-awake,5
500,531,500,531,495,536,seed_not_below_return_level,seed_not_below_return_level,0,1,5,23,5,M400-01-baseline-awake,5
553,558,553,557,548,562,seed_not_below_return_level,return_crossing,0,1,5,23,6,M400-01-baseline-awake,5
59,63,61,63,56,68,return_crossing,search_limit_unresolved,0,0,5,24,1,M400-01-baseline-awake,5
518,545,519,545,514,550,return_crossing,return_crossing,1,0,5,25,1,M400-01-baseline-awake,5
94,96,94,96,89,101,search_limit_unresolved,search_limit_unresolved,0,0,5,26,1,M400-01-baseline-awake,5
449,461,449,461,444,466,search_limit_unresolved,return_crossing,0,0,5,27,1,M400-01-baseline-awake,5
102,105,102,105,97,110,search_limit_unresolved,search_limit_unresolved,0,0,5,28,1,M400-01-baseline-awake,5
542,546,542,545,537,550,search_limit_unresolved,return_crossing,0,0,5,28,2,M400-01-baseline-awake,5
285,290,285,287,280,292,search_limit_unresolved,return_crossing,0,0,5,29,1,M400-01-baseline-awake,5
137,142,137,142,132,147,search_limit_unresolved,search_limit_unresolved,0,0,5,30,1,M400-01-baseline-awake,5
139,143,141,143,136,148,return_crossing,search_limit_unresolved,0,0,5,31,1,M400-01-baseline-awake,5
142,145,142,145,137,150,search_limit_unresolved,search_limit_unresolved,0,0,5,32,1,M400-01-baseline-awake,5
137,147,138,147,133,152,return_crossing,search_limit_unresolved,0,1,5,33,1,M400-01-baseline-awake,5
156,165,159,161,154,166,return_crossing,return_crossing,1,0,5,34,1,M400-01-baseline-awake,5
209,222,212,218,207,223,return_crossing,return_crossing,1,0,5,34,2,M400-01-baseline-awake,5
256,265,258,264,253,269,return_crossing,return_crossing,1,0,5,34,3,M400-01-baseline-awake,5
356,379,356,374,351,379,search_limit_unresolved,return_crossing,0,0,5,34,4,M400-01-baseline-awake,5
576,580,577,579,572,584,return_crossing,return_crossing,1,0,5,34,5,M400-01-baseline-awake,5
179,187,180,184,175,189,return_crossing,return_crossing,1,0,5,35,1,M400-01-baseline-awake,5
182,193,183,189,178,194,return_crossing,return_crossing,1,0,5,36,1,M400-01-baseline-awake,5
192,198,193,196,188,201,return_crossing,return_crossing,1,0,5,37,1,M400-01-baseline-awake,5
192,196,194,196,189,201,return_crossing,search_limit_unresolved,0,0,5,38,1,M400-01-baseline-awake,5
426,428,426,428,421,433,search_limit_unresolved,search_limit_unresolved,0,0,5,38,2,M400-01-baseline-awake,5
449,454,449,454,444,459,search_limit_unresolved,search_limit_unresolved,0,0,5,39,1,M400-01-baseline-awake,5
207,213,209,211,204,216,return_crossing,return_crossing,1,0,5,40,1,M400-01-baseline-awake,5
232,234,232,234,227,239,search_limit_unresolved,search_limit_unresolved,0,0,5,41,1,M400-01-baseline-awake,5
277,291,280,290,275,295,return_crossing,return_crossing,1,0,5,42,1,M400-01-baseline-awake,5
395,408,398,404,393,409,return_crossing,return_crossing,1,0,5,42,2,M400-01-baseline-awake,5
438,441,438,441,433,446,search_limit_unresolved,search_limit_unresolved,0,0,5,42,3,M400-01-baseline-awake,5
461,464,461,463,456,468,search_limit_unresolved,return_crossing,0,0,5,42,4,M400-01-baseline-awake,5
568,576,572,574,567,579,return_crossing,return_crossing,1,0,5,42,5,M400-01-baseline-awake,5
264,279,269,279,264,284,return_crossing,search_limit_unresolved,0,0,5,43,1,M400-01-baseline-awake,5
295,311,297,311,292,316,return_crossing,search_limit_unresolved,0,0,5,44,1,M400-01-baseline-awake,5
307,311,307,309,302,314,search_limit_unresolved,return_crossing,0,0,5,45,1,M400-01-baseline-awake,5
351,360,351,358,346,363,search_limit_unresolved,return_crossing,0,0,5,46,1,M400-01-baseline-awake,5
339,341,339,341,334,346,search_limit_unresolved,search_limit_unresolved,0,0,5,47,1,M400-01-baseline-awake,5
370,374,370,372,365,377,search_limit_unresolved,return_crossing,0,0,5,48,1,M400-01-baseline-awake,5
421,428,421,428,416,433,search_limit_unresolved,search_limit_unresolved,0,0,5,49,1,M400-01-baseline-awake,5
404,409,404,406,399,411,search_limit_unresolved,return_crossing,0,0,5,50,1,M400-01-baseline-awake,5
411,417,411,413,406,418,search_limit_unresolved,return_crossing,0,0,5,51,1,M400-01-baseline-awake,5
412,414,412,414,407,419,search_limit_unresolved,search_limit_unresolved,0,0,5,52,1,M400-01-baseline-awake,5
454,458,456,458,451,463,return_crossing,search_limit_unresolved,0,0,5,53,1,M400-01-baseline-awake,5
467,472,468,470,463,475,return_crossing,return_crossing,1,0,5,54,1,M400-01-baseline-awake,5
486,490,488,490,483,495,return_crossing,search_limit_unresolved,0,0,5,55,1,M400-01-baseline-awake,5
549,567,549,567,544,572,search_limit_unresolved,return_crossing,0,1,5,56,1,M400-01-baseline-awake,5
5,8,5,8,1,18,seed_not_below_return_level,seed_not_below_return_level,0,1,10,1,1,M400-01-baseline-awake,10
431,440,436,440,426,450,return_crossing,search_limit_unresolved,0,0,10,1,2,M400-01-baseline-awake,10
578,600,582,600,572,600,return_crossing,recording_boundary_unresolved,0,1,10,1,3,M400-01-baseline-awake,10
2,8,2,8,1,18,seed_not_below_return_level,return_crossing,0,1,10,2,1,M400-01-baseline-awake,10
31,44,35,39,25,49,return_crossing,return_crossing,1,0,10,2,2,M400-01-baseline-awake,10
277,291,287,289,277,299,return_crossing,return_crossing,1,0,10,2,3,M400-01-baseline-awake,10
4,17,4,16,1,26,seed_not_below_return_level,return_crossing,0,1,10,3,1,M400-01-baseline-awake,10
242,257,244,256,234,266,return_crossing,return_crossing,1,0,10,3,2,M400-01-baseline-awake,10
456,461,457,461,447,471,return_crossing,return_crossing,1,0,10,3,3,M400-01-baseline-awake,10
17,53,18,46,8,56,return_crossing,return_crossing,0,1,10,4,1,M400-01-baseline-awake,10
219,227,219,227,209,237,return_crossing,seed_not_below_return_level,0,1,10,4,2,M400-01-baseline-awake,10
252,332,252,332,242,342,seed_not_below_return_level,seed_not_below_return_level,0,1,10,4,3,M400-01-baseline-awake,10
403,408,405,408,395,418,return_crossing,return_crossing,1,0,10,4,4,M400-01-baseline-awake,10
481,486,482,486,472,496,return_crossing,return_crossing,1,0,10,4,5,M400-01-baseline-awake,10
546,550,546,549,536,559,return_crossing,return_crossing,1,0,10,4,6,M400-01-baseline-awake,10
580,600,580,600,570,600,seed_not_below_return_level,seed_not_below_return_level,0,1,10,4,7,M400-01-baseline-awake,10
14,37,23,33,13,43,return_crossing,return_crossing,1,0,10,5,1,M400-01-baseline-awake,10
90,108,90,108,80,118,seed_not_below_return_level,return_crossing,0,1,10,5,2,M400-01-baseline-awake,10
28,40,28,30,18,40,search_limit_unresolved,return_crossing,0,0,10,6,1,M400-01-baseline-awake,10
123,131,125,128,115,138,return_crossing,return_crossing,1,0,10,6,2,M400-01-baseline-awake,10
11,14,11,13,1,23,return_crossing,return_crossing,1,0,10,7,1,M400-01-baseline-awake,10
95,105,102,104,92,114,return_crossing,return_crossing,1,0,10,7,2,M400-01-baseline-awake,10
122,131,124,130,115,140,return_crossing,return_crossing,1,0,10,7,3,M400-01-baseline-awake,10
194,208,199,208,189,218,return_crossing,return_crossing,1,0,10,7,4,M400-01-baseline-awake,10
241,254,245,254,235,264,return_crossing,return_crossing,1,0,10,7,5,M400-01-baseline-awake,10
335,347,335,347,325,357,search_limit_unresolved,return_crossing,0,0,10,7,6,M400-01-baseline-awake,10
394,401,394,399,384,409,search_limit_unresolved,return_crossing,0,0,10,7,7,M400-01-baseline-awake,10
557,570,567,570,557,580,return_crossing,return_crossing,1,0,10,7,8,M400-01-baseline-awake,10
155,167,157,160,147,170,return_crossing,return_crossing,1,0,10,8,1,M400-01-baseline-awake,10
229,240,232,234,222,244,return_crossing,return_crossing,1,0,10,8,2,M400-01-baseline-awake,10
486,500,488,500,478,510,return_crossing,return_crossing,1,0,10,8,3,M400-01-baseline-awake,10
220,243,225,242,215,252,return_crossing,return_crossing,1,0,10,9,1,M400-01-baseline-awake,10
354,374,361,371,351,381,return_crossing,return_crossing,1,0,10,9,2,M400-01-baseline-awake,10
451,460,454,458,444,468,return_crossing,return_crossing,1,0,10,9,3,M400-01-baseline-awake,10
18,41,28,39,18,49,return_crossing,return_crossing,1,0,10,10,1,M400-01-baseline-awake,10
94,106,98,103,88,113,return_crossing,return_crossing,1,0,10,10,2,M400-01-baseline-awake,10
220,233,226,232,216,242,return_crossing,return_crossing,1,0,10,10,3,M400-01-baseline-awake,10
394,402,394,399,384,409,search_limit_unresolved,return_crossing,0,0,10,10,4,M400-01-baseline-awake,10
446,461,448,451,438,461,return_crossing,return_crossing,1,0,10,10,5,M400-01-baseline-awake,10
588,596,592,596,582,600,return_crossing,seed_not_below_return_level,0,1,10,10,6,M400-01-baseline-awake,10
82,97,85,96,75,106,return_crossing,return_crossing,1,0,10,11,1,M400-01-baseline-awake,10
311,315,312,315,302,325,return_crossing,return_crossing,1,0,10,11,2,M400-01-baseline-awake,10
393,403,399,401,389,411,return_crossing,return_crossing,1,0,10,11,3,M400-01-baseline-awake,10
468,477,472,475,462,485,return_crossing,return_crossing,1,0,10,11,4,M400-01-baseline-awake,10
531,546,533,536,523,546,return_crossing,return_crossing,1,0,10,11,5,M400-01-baseline-awake,10
41,47,41,43,31,53,seed_not_below_return_level,return_crossing,0,1,10,12,1,M400-01-baseline-awake,10
465,473,465,471,455,481,search_limit_unresolved,return_crossing,0,0,10,12,2,M400-01-baseline-awake,10
107,124,109,124,99,134,return_crossing,seed_not_below_return_level,0,1,10,13,1,M400-01-baseline-awake,10
311,324,312,324,302,334,return_crossing,return_crossing,1,0,10,13,2,M400-01-baseline-awake,10
365,372,365,369,355,379,search_limit_unresolved,return_crossing,0,0,10,13,3,M400-01-baseline-awake,10
504,512,507,511,497,521,return_crossing,return_crossing,1,0,10,13,4,M400-01-baseline-awake,10
66,76,67,76,57,86,return_crossing,return_crossing,1,0,10,14,1,M400-01-baseline-awake,10
106,113,107,109,97,119,return_crossing,return_crossing,1,0,10,14,2,M400-01-baseline-awake,10
209,221,211,219,201,229,return_crossing,return_crossing,1,0,10,14,3,M400-01-baseline-awake,10
292,297,292,296,282,306,return_crossing,return_crossing,1,0,10,14,4,M400-01-baseline-awake,10
348,361,349,358,339,368,return_crossing,return_crossing,1,0,10,14,5,M400-01-baseline-awake,10
403,411,404,409,394,419,return_crossing,return_crossing,1,0,10,14,6,M400-01-baseline-awake,10
480,486,480,485,470,495,return_crossing,return_crossing,1,0,10,14,7,M400-01-baseline-awake,10
512,516,513,515,503,525,return_crossing,return_crossing,1,0,10,14,8,M400-01-baseline-awake,10
546,552,546,550,536,560,return_crossing,return_crossing,1,0,10,14,9,M400-01-baseline-awake,10
571,579,572,575,562,585,return_crossing,return_crossing,1,0,10,14,10,M400-01-baseline-awake,10
57,76,57,76,47,86,search_limit_unresolved,seed_not_below_return_level,0,1,10,15,1,M400-01-baseline-awake,10
106,112,106,108,96,118,return_crossing,return_crossing,1,0,10,15,2,M400-01-baseline-awake,10
188,192,189,191,179,201,return_crossing,return_crossing,1,0,10,15,3,M400-01-baseline-awake,10
404,412,405,412,395,422,return_crossing,search_limit_unresolved,0,0,10,15,4,M400-01-baseline-awake,10
479,482,479,482,469,492,seed_not_below_return_level,return_crossing,0,1,10,15,5,M400-01-baseline-awake,10
512,514,512,514,502,524,return_crossing,return_crossing,1,0,10,15,6,M400-01-baseline-awake,10
546,549,546,548,536,558,return_crossing,return_crossing,1,0,10,15,7,M400-01-baseline-awake,10
43,56,49,55,39,65,return_crossing,return_crossing,1,0,10,16,1,M400-01-baseline-awake,10
234,241,234,240,224,250,search_limit_unresolved,return_crossing,0,0,10,16,2,M400-01-baseline-awake,10
70,81,70,80,60,90,search_limit_unresolved,return_crossing,0,0,10,17,1,M400-01-baseline-awake,10
301,304,301,304,291,314,seed_not_below_return_level,seed_not_below_return_level,0,1,10,17,2,M400-01-baseline-awake,10
351,377,360,371,350,381,return_crossing,return_crossing,1,0,10,17,3,M400-01-baseline-awake,10
488,519,488,519,478,529,search_limit_unresolved,seed_not_below_return_level,0,1,10,17,4,M400-01-baseline-awake,10
553,565,555,557,545,567,return_crossing,return_crossing,1,0,10,17,5,M400-01-baseline-awake,10
71,78,71,78,61,88,search_limit_unresolved,return_crossing,0,0,10,18,1,M400-01-baseline-awake,10
110,117,113,115,103,125,return_crossing,return_crossing,1,0,10,18,2,M400-01-baseline-awake,10
261,266,263,266,253,276,return_crossing,return_crossing,1,0,10,18,3,M400-01-baseline-awake,10
297,302,297,301,287,311,return_crossing,return_crossing,1,0,10,18,4,M400-01-baseline-awake,10
314,333,324,333,314,343,return_crossing,search_limit_unresolved,0,0,10,18,5,M400-01-baseline-awake,10
482,486,483,486,473,496,return_crossing,search_limit_unresolved,0,0,10,18,6,M400-01-baseline-awake,10
537,542,537,542,527,552,seed_not_below_return_level,seed_not_below_return_level,0,1,10,18,7,M400-01-baseline-awake,10
468,480,471,478,461,488,return_crossing,return_crossing,1,0,10,19,1,M400-01-baseline-awake,10
44,63,54,56,44,66,return_crossing,return_crossing,1,0,10,20,1,M400-01-baseline-awake,10
46,60,55,57,45,67,return_crossing,return_crossing,1,0,10,21,1,M400-01-baseline-awake,10
71,83,71,76,61,86,search_limit_unresolved,return_crossing,0,0,10,22,1,M400-01-baseline-awake,10
369,377,369,371,359,381,search_limit_unresolved,return_crossing,0,0,10,22,2,M400-01-baseline-awake,10
483,520,488,512,478,522,return_crossing,return_crossing,1,0,10,22,3,M400-01-baseline-awake,10
133,153,136,146,126,156,return_crossing,return_crossing,1,0,10,23,1,M400-01-baseline-awake,10
214,223,216,223,206,233,return_crossing,search_limit_unresolved,0,0,10,23,2,M400-01-baseline-awake,10
245,257,245,257,235,267,search_limit_unresolved,search_limit_unresolved,0,1,10,23,3,M400-01-baseline-awake,10
357,368,357,368,347,378,search_limit_unresolved,search_limit_unresolved,0,0,10,23,4,M400-01-baseline-awake,10
500,531,500,531,490,541,seed_not_below_return_level,seed_not_below_return_level,0,1,10,23,5,M400-01-baseline-awake,10
553,558,553,557,543,567,seed_not_below_return_level,return_crossing,0,1,10,23,6,M400-01-baseline-awake,10
59,72,61,63,51,73,return_crossing,return_crossing,1,0,10,24,1,M400-01-baseline-awake,10
518,545,519,545,509,555,return_crossing,return_crossing,1,0,10,25,1,M400-01-baseline-awake,10
94,96,94,96,84,106,search_limit_unresolved,search_limit_unresolved,0,0,10,26,1,M400-01-baseline-awake,10
449,461,449,461,439,471,search_limit_unresolved,return_crossing,0,0,10,27,1,M400-01-baseline-awake,10
95,111,102,105,92,115,return_crossing,return_crossing,1,0,10,28,1,M400-01-baseline-awake,10
542,546,542,545,532,555,search_limit_unresolved,return_crossing,0,0,10,28,2,M400-01-baseline-awake,10
276,290,285,287,275,297,return_crossing,return_crossing,1,0,10,29,1,M400-01-baseline-awake,10
137,151,137,142,127,152,search_limit_unresolved,return_crossing,0,0,10,30,1,M400-01-baseline-awake,10
139,150,141,143,131,153,return_crossing,return_crossing,1,0,10,31,1,M400-01-baseline-awake,10
142,145,142,145,132,155,search_limit_unresolved,search_limit_unresolved,0,0,10,32,1,M400-01-baseline-awake,10
137,147,138,147,128,157,return_crossing,search_limit_unresolved,0,1,10,33,1,M400-01-baseline-awake,10
156,165,159,161,149,171,return_crossing,return_crossing,1,0,10,34,1,M400-01-baseline-awake,10
209,222,212,218,202,228,return_crossing,return_crossing,1,0,10,34,2,M400-01-baseline-awake,10
256,265,258,264,248,274,return_crossing,return_crossing,1,0,10,34,3,M400-01-baseline-awake,10
349,379,356,374,346,384,return_crossing,return_crossing,1,0,10,34,4,M400-01-baseline-awake,10
576,580,577,579,567,589,return_crossing,return_crossing,1,0,10,34,5,M400-01-baseline-awake,10
179,187,180,184,170,194,return_crossing,return_crossing,1,0,10,35,1,M400-01-baseline-awake,10
182,193,183,189,173,199,return_crossing,return_crossing,1,0,10,36,1,M400-01-baseline-awake,10
192,198,193,196,183,206,return_crossing,return_crossing,1,0,10,37,1,M400-01-baseline-awake,10
192,196,194,196,184,206,return_crossing,search_limit_unresolved,0,0,10,38,1,M400-01-baseline-awake,10
426,434,426,428,416,438,search_limit_unresolved,return_crossing,0,0,10,38,2,M400-01-baseline-awake,10
449,464,449,454,439,464,search_limit_unresolved,return_crossing,0,0,10,39,1,M400-01-baseline-awake,10
207,213,209,211,199,221,return_crossing,return_crossing,1,0,10,40,1,M400-01-baseline-awake,10
223,234,232,234,222,244,return_crossing,search_limit_unresolved,0,0,10,41,1,M400-01-baseline-awake,10
277,291,280,290,270,300,return_crossing,return_crossing,1,0,10,42,1,M400-01-baseline-awake,10
395,408,398,404,388,414,return_crossing,return_crossing,1,0,10,42,2,M400-01-baseline-awake,10
431,441,438,441,428,451,return_crossing,search_limit_unresolved,0,0,10,42,3,M400-01-baseline-awake,10
461,464,461,463,452,473,search_limit_unresolved,return_crossing,0,0,10,42,4,M400-01-baseline-awake,10
568,576,572,574,562,584,return_crossing,return_crossing,1,0,10,42,5,M400-01-baseline-awake,10
264,286,269,279,259,289,return_crossing,return_crossing,1,0,10,43,1,M400-01-baseline-awake,10
295,311,297,311,287,321,return_crossing,search_limit_unresolved,0,0,10,44,1,M400-01-baseline-awake,10
297,311,307,309,297,319,return_crossing,return_crossing,1,0,10,45,1,M400-01-baseline-awake,10
342,360,351,358,341,368,return_crossing,return_crossing,1,0,10,46,1,M400-01-baseline-awake,10
331,349,339,341,329,351,return_crossing,return_crossing,1,0,10,47,1,M400-01-baseline-awake,10
370,374,370,372,360,382,search_limit_unresolved,return_crossing,0,0,10,48,1,M400-01-baseline-awake,10
421,435,421,428,411,438,search_limit_unresolved,return_crossing,0,0,10,49,1,M400-01-baseline-awake,10
394,409,404,406,394,416,return_crossing,return_crossing,1,0,10,50,1,M400-01-baseline-awake,10
404,417,411,413,401,423,return_crossing,return_crossing,1,0,10,51,1,M400-01-baseline-awake,10
404,414,412,414,402,424,return_crossing,search_limit_unresolved,0,0,10,52,1,M400-01-baseline-awake,10
454,468,456,458,446,468,return_crossing,return_crossing,1,0,10,53,1,M400-01-baseline-awake,10
467,472,468,470,458,480,return_crossing,return_crossing,1,0,10,54,1,M400-01-baseline-awake,10
486,499,488,490,478,500,return_crossing,return_crossing,1,0,10,55,1,M400-01-baseline-awake,10
549,567,549,567,539,577,search_limit_unresolved,return_crossing,0,1,10,56,1,M400-01-baseline-awake,10
5,8,5,8,1,28,seed_not_below_return_level,seed_not_below_return_level,0,1,20,1,1,M400-01-baseline-awake,20
431,457,436,440,416,460,return_crossing,return_crossing,1,0,20,1,2,M400-01-baseline-awake,20
578,600,582,600,562,600,return_crossing,recording_boundary_unresolved,0,1,20,1,3,M400-01-baseline-awake,20
2,8,2,8,1,21,seed_not_below_return_level,return_crossing,0,1,20,2,1,M400-01-baseline-awake,20
31,44,35,39,22,59,return_crossing,return_crossing,1,0,20,2,2,M400-01-baseline-awake,20
277,291,287,289,267,309,return_crossing,return_crossing,1,0,20,2,3,M400-01-baseline-awake,20
4,17,4,16,1,36,seed_not_below_return_level,return_crossing,0,1,20,3,1,M400-01-baseline-awake,20
242,257,244,256,224,276,return_crossing,return_crossing,1,0,20,3,2,M400-01-baseline-awake,20
456,461,457,461,437,481,return_crossing,return_crossing,1,0,20,3,3,M400-01-baseline-awake,20
17,53,18,46,1,66,return_crossing,return_crossing,0,1,20,4,1,M400-01-baseline-awake,20
219,227,219,227,199,239,return_crossing,seed_not_below_return_level,0,1,20,4,2,M400-01-baseline-awake,20
252,332,252,332,240,352,seed_not_below_return_level,seed_not_below_return_level,0,1,20,4,3,M400-01-baseline-awake,20
403,408,405,408,385,428,return_crossing,return_crossing,1,0,20,4,4,M400-01-baseline-awake,20
481,486,482,486,462,506,return_crossing,return_crossing,1,0,20,4,5,M400-01-baseline-awake,20
546,550,546,549,526,564,return_crossing,return_crossing,1,0,20,4,6,M400-01-baseline-awake,20
580,600,580,600,565,600,seed_not_below_return_level,seed_not_below_return_level,0,1,20,4,7,M400-01-baseline-awake,20
14,37,23,33,3,53,return_crossing,return_crossing,1,0,20,5,1,M400-01-baseline-awake,20
90,108,90,108,70,128,seed_not_below_return_level,return_crossing,0,1,20,5,2,M400-01-baseline-awake,20
14,40,28,30,8,50,return_crossing,return_crossing,1,0,20,6,1,M400-01-baseline-awake,20
123,131,125,128,105,148,return_crossing,return_crossing,1,0,20,6,2,M400-01-baseline-awake,20
11,14,11,13,1,33,return_crossing,return_crossing,1,0,20,7,1,M400-01-baseline-awake,20
95,105,102,104,82,114,return_crossing,return_crossing,1,0,20,7,2,M400-01-baseline-awake,20
122,131,124,130,115,150,return_crossing,return_crossing,1,0,20,7,3,M400-01-baseline-awake,20
194,208,199,208,179,226,return_crossing,return_crossing,1,0,20,7,4,M400-01-baseline-awake,20
241,254,245,254,227,274,return_crossing,return_crossing,1,0,20,7,5,M400-01-baseline-awake,20
318,347,335,347,315,367,return_crossing,return_crossing,1,0,20,7,6,M400-01-baseline-awake,20
374,401,394,399,374,419,return_crossing,return_crossing,1,0,20,7,7,M400-01-baseline-awake,20
557,570,567,570,547,590,return_crossing,return_crossing,1,0,20,7,8,M400-01-baseline-awake,20
155,167,157,160,137,180,return_crossing,return_crossing,1,0,20,8,1,M400-01-baseline-awake,20
229,240,232,234,212,254,return_crossing,return_crossing,1,0,20,8,2,M400-01-baseline-awake,20
486,500,488,500,468,520,return_crossing,return_crossing,1,0,20,8,3,M400-01-baseline-awake,20
220,243,225,242,205,262,return_crossing,return_crossing,1,0,20,9,1,M400-01-baseline-awake,20
354,374,361,371,341,391,return_crossing,return_crossing,1,0,20,9,2,M400-01-baseline-awake,20
451,460,454,458,434,478,return_crossing,return_crossing,1,0,20,9,3,M400-01-baseline-awake,20
18,41,28,39,8,59,return_crossing,return_crossing,1,0,20,10,1,M400-01-baseline-awake,20
94,106,98,103,78,123,return_crossing,return_crossing,1,0,20,10,2,M400-01-baseline-awake,20
220,233,226,232,206,252,return_crossing,return_crossing,1,0,20,10,3,M400-01-baseline-awake,20
381,402,394,399,374,419,return_crossing,return_crossing,1,0,20,10,4,M400-01-baseline-awake,20
446,461,448,451,428,471,return_crossing,return_crossing,1,0,20,10,5,M400-01-baseline-awake,20
588,596,592,596,572,600,return_crossing,seed_not_below_return_level,0,1,20,10,6,M400-01-baseline-awake,20
82,97,85,96,65,116,return_crossing,return_crossing,1,0,20,11,1,M400-01-baseline-awake,20
311,315,312,315,292,335,return_crossing,return_crossing,1,0,20,11,2,M400-01-baseline-awake,20
393,403,399,401,379,421,return_crossing,return_crossing,1,0,20,11,3,M400-01-baseline-awake,20
468,477,472,475,452,495,return_crossing,return_crossing,1,0,20,11,4,M400-01-baseline-awake,20
531,546,533,536,513,556,return_crossing,return_crossing,1,0,20,11,5,M400-01-baseline-awake,20
41,47,41,43,21,63,seed_not_below_return_level,return_crossing,0,1,20,12,1,M400-01-baseline-awake,20
453,473,465,471,445,491,return_crossing,return_crossing,1,0,20,12,2,M400-01-baseline-awake,20
107,124,109,124,89,144,return_crossing,seed_not_below_return_level,0,1,20,13,1,M400-01-baseline-awake,20
311,324,312,324,292,344,return_crossing,return_crossing,1,0,20,13,2,M400-01-baseline-awake,20
349,372,365,369,345,389,return_crossing,return_crossing,1,0,20,13,3,M400-01-baseline-awake,20
504,512,507,511,487,531,return_crossing,return_crossing,1,0,20,13,4,M400-01-baseline-awake,20
66,76,67,76,47,91,return_crossing,return_crossing,1,0,20,14,1,M400-01-baseline-awake,20
106,113,107,109,92,129,return_crossing,return_crossing,1,0,20,14,2,M400-01-baseline-awake,20
209,221,211,219,191,239,return_crossing,return_crossing,1,0,20,14,3,M400-01-baseline-awake,20
292,297,292,296,272,316,return_crossing,return_crossing,1,0,20,14,4,M400-01-baseline-awake,20
348,361,349,358,329,378,return_crossing,return_crossing,1,0,20,14,5,M400-01-baseline-awake,20
403,411,404,409,384,429,return_crossing,return_crossing,1,0,20,14,6,M400-01-baseline-awake,20
480,486,480,485,460,499,return_crossing,return_crossing,1,0,20,14,7,M400-01-baseline-awake,20
512,516,513,515,500,530,return_crossing,return_crossing,1,0,20,14,8,M400-01-baseline-awake,20
546,552,546,550,531,561,return_crossing,return_crossing,1,0,20,14,9,M400-01-baseline-awake,20
571,579,572,575,562,595,return_crossing,return_crossing,1,0,20,14,10,M400-01-baseline-awake,20
44,76,57,76,37,91,return_crossing,seed_not_below_return_level,0,1,20,15,1,M400-01-baseline-awake,20
106,112,106,108,92,128,return_crossing,return_crossing,1,0,20,15,2,M400-01-baseline-awake,20
188,192,189,191,169,211,return_crossing,return_crossing,1,0,20,15,3,M400-01-baseline-awake,20
404,426,405,412,385,432,return_crossing,return_crossing,1,0,20,15,4,M400-01-baseline-awake,20
479,482,479,482,459,497,seed_not_below_return_level,return_crossing,0,1,20,15,5,M400-01-baseline-awake,20
512,514,512,514,498,530,return_crossing,return_crossing,1,0,20,15,6,M400-01-baseline-awake,20
546,549,546,548,531,568,return_crossing,return_crossing,1,0,20,15,7,M400-01-baseline-awake,20
43,56,49,55,29,75,return_crossing,return_crossing,1,0,20,16,1,M400-01-baseline-awake,20
219,241,234,240,214,260,return_crossing,return_crossing,1,0,20,16,2,M400-01-baseline-awake,20
51,81,70,80,50,100,return_crossing,return_crossing,1,0,20,17,1,M400-01-baseline-awake,20
301,304,301,304,281,324,seed_not_below_return_level,seed_not_below_return_level,0,1,20,17,2,M400-01-baseline-awake,20
351,377,360,371,340,391,return_crossing,return_crossing,1,0,20,17,3,M400-01-baseline-awake,20
469,519,488,519,468,537,return_crossing,seed_not_below_return_level,0,1,20,17,4,M400-01-baseline-awake,20
553,565,555,557,538,577,return_crossing,return_crossing,1,0,20,17,5,M400-01-baseline-awake,20
60,78,71,78,51,95,return_crossing,return_crossing,1,0,20,18,1,M400-01-baseline-awake,20
110,117,113,115,96,135,return_crossing,return_crossing,1,0,20,18,2,M400-01-baseline-awake,20
261,266,263,266,243,281,return_crossing,return_crossing,1,0,20,18,3,M400-01-baseline-awake,20
297,302,297,301,282,312,return_crossing,return_crossing,1,0,20,18,4,M400-01-baseline-awake,20
314,353,324,333,313,353,return_crossing,return_crossing,1,0,20,18,5,M400-01-baseline-awake,20
482,498,483,486,463,506,return_crossing,return_crossing,1,0,20,18,6,M400-01-baseline-awake,20
537,542,537,542,517,562,seed_not_below_return_level,seed_not_below_return_level,0,1,20,18,7,M400-01-baseline-awake,20
468,480,471,478,451,498,return_crossing,return_crossing,1,0,20,19,1,M400-01-baseline-awake,20
44,63,54,56,34,76,return_crossing,return_crossing,1,0,20,20,1,M400-01-baseline-awake,20
46,60,55,57,35,77,return_crossing,return_crossing,1,0,20,21,1,M400-01-baseline-awake,20
71,83,71,76,51,96,search_limit_unresolved,return_crossing,0,0,20,22,1,M400-01-baseline-awake,20
356,377,369,371,349,391,return_crossing,return_crossing,1,0,20,22,2,M400-01-baseline-awake,20
483,520,488,512,468,532,return_crossing,return_crossing,1,0,20,22,3,M400-01-baseline-awake,20
133,153,136,146,116,166,return_crossing,return_crossing,1,0,20,23,1,M400-01-baseline-awake,20
214,223,216,223,196,234,return_crossing,search_limit_unresolved,0,0,20,23,2,M400-01-baseline-awake,20
245,270,245,257,235,277,search_limit_unresolved,return_crossing,0,1,20,23,3,M400-01-baseline-awake,20
346,368,357,368,337,388,return_crossing,search_limit_unresolved,0,0,20,23,4,M400-01-baseline-awake,20
500,531,500,531,480,542,seed_not_below_return_level,seed_not_below_return_level,0,1,20,23,5,M400-01-baseline-awake,20
553,558,553,557,543,577,seed_not_below_return_level,return_crossing,0,1,20,23,6,M400-01-baseline-awake,20
59,72,61,63,41,83,return_crossing,return_crossing,1,0,20,24,1,M400-01-baseline-awake,20
518,545,519,545,499,565,return_crossing,return_crossing,1,0,20,25,1,M400-01-baseline-awake,20
83,108,94,96,74,116,return_crossing,return_crossing,1,0,20,26,1,M400-01-baseline-awake,20
432,461,449,461,429,481,return_crossing,return_crossing,1,0,20,27,1,M400-01-baseline-awake,20
95,111,102,105,82,125,return_crossing,return_crossing,1,0,20,28,1,M400-01-baseline-awake,20
542,546,542,545,522,565,search_limit_unresolved,return_crossing,0,0,20,28,2,M400-01-baseline-awake,20
276,290,285,287,265,307,return_crossing,return_crossing,1,0,20,29,1,M400-01-baseline-awake,20
117,151,137,142,117,162,return_crossing,return_crossing,1,0,20,30,1,M400-01-baseline-awake,20
139,150,141,143,121,163,return_crossing,return_crossing,1,0,20,31,1,M400-01-baseline-awake,20
122,164,142,145,122,165,return_crossing,return_crossing,1,0,20,32,1,M400-01-baseline-awake,20
137,162,138,147,118,167,return_crossing,return_crossing,0,1,20,33,1,M400-01-baseline-awake,20
156,165,159,161,139,181,return_crossing,return_crossing,1,0,20,34,1,M400-01-baseline-awake,20
209,222,212,218,192,238,return_crossing,return_crossing,1,0,20,34,2,M400-01-baseline-awake,20
256,265,258,264,239,284,return_crossing,return_crossing,1,0,20,34,3,M400-01-baseline-awake,20
349,379,356,374,336,394,return_crossing,return_crossing,1,0,20,34,4,M400-01-baseline-awake,20
576,580,577,579,557,599,return_crossing,return_crossing,1,0,20,34,5,M400-01-baseline-awake,20
179,187,180,184,160,204,return_crossing,return_crossing,1,0,20,35,1,M400-01-baseline-awake,20
182,193,183,189,163,209,return_crossing,return_crossing,1,0,20,36,1,M400-01-baseline-awake,20
192,198,193,196,173,216,return_crossing,return_crossing,1,0,20,37,1,M400-01-baseline-awake,20
192,208,194,196,174,216,return_crossing,return_crossing,1,0,20,38,1,M400-01-baseline-awake,20
409,434,426,428,406,448,return_crossing,return_crossing,1,0,20,38,2,M400-01-baseline-awake,20
433,464,449,454,429,474,return_crossing,return_crossing,1,0,20,39,1,M400-01-baseline-awake,20
207,213,209,211,189,231,return_crossing,return_crossing,1,0,20,40,1,M400-01-baseline-awake,20
223,234,232,234,212,254,return_crossing,search_limit_unresolved,0,0,20,41,1,M400-01-baseline-awake,20
277,291,280,290,260,310,return_crossing,return_crossing,1,0,20,42,1,M400-01-baseline-awake,20
395,408,398,404,378,421,return_crossing,return_crossing,1,0,20,42,2,M400-01-baseline-awake,20
431,441,438,441,422,451,return_crossing,search_limit_unresolved,0,0,20,42,3,M400-01-baseline-awake,20
461,464,461,463,452,483,search_limit_unresolved,return_crossing,0,0,20,42,4,M400-01-baseline-awake,20
568,576,572,574,552,594,return_crossing,return_crossing,1,0,20,42,5,M400-01-baseline-awake,20
264,286,269,279,249,299,return_crossing,return_crossing,1,0,20,43,1,M400-01-baseline-awake,20
295,311,297,311,277,331,return_crossing,search_limit_unresolved,0,0,20,44,1,M400-01-baseline-awake,20
297,311,307,309,287,329,return_crossing,return_crossing,1,0,20,45,1,M400-01-baseline-awake,20
342,360,351,358,331,378,return_crossing,return_crossing,1,0,20,46,1,M400-01-baseline-awake,20
331,349,339,341,319,361,return_crossing,return_crossing,1,0,20,47,1,M400-01-baseline-awake,20
355,374,370,372,350,392,return_crossing,return_crossing,1,0,20,48,1,M400-01-baseline-awake,20
421,435,421,428,401,448,search_limit_unresolved,return_crossing,0,0,20,49,1,M400-01-baseline-awake,20
394,409,404,406,384,426,return_crossing,return_crossing,1,0,20,50,1,M400-01-baseline-awake,20
404,417,411,413,391,433,return_crossing,return_crossing,1,0,20,51,1,M400-01-baseline-awake,20
404,426,412,414,392,434,return_crossing,return_crossing,1,0,20,52,1,M400-01-baseline-awake,20
454,468,456,458,436,478,return_crossing,return_crossing,1,0,20,53,1,M400-01-baseline-awake,20
467,472,468,470,448,490,return_crossing,return_crossing,1,0,20,54,1,M400-01-baseline-awake,20
486,499,488,490,468,510,return_crossing,return_crossing,1,0,20,55,1,M400-01-baseline-awake,20
535,567,549,567,529,587,return_crossing,return_crossing,0,1,20,56,1,M400-01-baseline-awake,20
5,8,5,8,1,48,seed_not_below_return_level,seed_not_below_return_level,0,1,40,1,1,M400-01-baseline-awake,40
431,457,436,440,396,480,return_crossing,return_crossing,1,0,40,1,2,M400-01-baseline-awake,40
578,600,582,600,542,600,return_crossing,recording_boundary_unresolved,0,1,40,1,3,M400-01-baseline-awake,40
2,8,2,8,1,21,seed_not_below_return_level,return_crossing,0,1,40,2,1,M400-01-baseline-awake,40
31,44,35,39,22,79,return_crossing,return_crossing,1,0,40,2,2,M400-01-baseline-awake,40
277,291,287,289,247,329,return_crossing,return_crossing,1,0,40,2,3,M400-01-baseline-awake,40
4,17,4,16,1,56,seed_not_below_return_level,return_crossing,0,1,40,3,1,M400-01-baseline-awake,40
242,257,244,256,204,296,return_crossing,return_crossing,1,0,40,3,2,M400-01-baseline-awake,40
456,461,457,461,417,501,return_crossing,return_crossing,1,0,40,3,3,M400-01-baseline-awake,40
17,53,18,46,1,86,return_crossing,return_crossing,0,1,40,4,1,M400-01-baseline-awake,40
219,227,219,227,179,239,return_crossing,seed_not_below_return_level,0,1,40,4,2,M400-01-baseline-awake,40
252,332,252,332,240,368,seed_not_below_return_level,seed_not_below_return_level,0,1,40,4,3,M400-01-baseline-awake,40
403,408,405,408,369,445,return_crossing,return_crossing,1,0,40,4,4,M400-01-baseline-awake,40
481,486,482,486,446,516,return_crossing,return_crossing,1,0,40,4,5,M400-01-baseline-awake,40
546,550,546,549,517,564,return_crossing,return_crossing,1,0,40,4,6,M400-01-baseline-awake,40
580,600,580,600,565,600,seed_not_below_return_level,seed_not_below_return_level,0,1,40,4,7,M400-01-baseline-awake,40
14,37,23,33,1,61,return_crossing,return_crossing,1,0,40,5,1,M400-01-baseline-awake,40
90,108,90,108,62,148,seed_not_below_return_level,return_crossing,0,1,40,5,2,M400-01-baseline-awake,40
14,40,28,30,1,70,return_crossing,return_crossing,1,0,40,6,1,M400-01-baseline-awake,40
123,131,125,128,85,168,return_crossing,return_crossing,1,0,40,6,2,M400-01-baseline-awake,40
11,14,11,13,1,53,return_crossing,return_crossing,1,0,40,7,1,M400-01-baseline-awake,40
95,105,102,104,62,114,return_crossing,return_crossing,1,0,40,7,2,M400-01-baseline-awake,40
122,131,124,130,115,164,return_crossing,return_crossing,1,0,40,7,3,M400-01-baseline-awake,40
194,208,199,208,165,226,return_crossing,return_crossing,1,0,40,7,4,M400-01-baseline-awake,40
241,254,245,254,227,294,return_crossing,return_crossing,1,0,40,7,5,M400-01-baseline-awake,40
318,347,335,347,295,370,return_crossing,return_crossing,1,0,40,7,6,M400-01-baseline-awake,40
374,401,394,399,371,439,return_crossing,return_crossing,1,0,40,7,7,M400-01-baseline-awake,40
557,570,567,570,527,600,return_crossing,return_crossing,1,0,40,7,8,M400-01-baseline-awake,40
155,167,157,160,117,196,return_crossing,return_crossing,1,0,40,8,1,M400-01-baseline-awake,40
229,240,232,234,197,274,return_crossing,return_crossing,1,0,40,8,2,M400-01-baseline-awake,40
486,500,488,500,448,540,return_crossing,return_crossing,1,0,40,8,3,M400-01-baseline-awake,40
220,243,225,242,185,282,return_crossing,return_crossing,1,0,40,9,1,M400-01-baseline-awake,40
354,374,361,371,321,411,return_crossing,return_crossing,1,0,40,9,2,M400-01-baseline-awake,40
451,460,454,458,414,498,return_crossing,return_crossing,1,0,40,9,3,M400-01-baseline-awake,40
18,41,28,39,1,68,return_crossing,return_crossing,1,0,40,10,1,M400-01-baseline-awake,40
94,106,98,103,69,143,return_crossing,return_crossing,1,0,40,10,2,M400-01-baseline-awake,40
220,233,226,232,186,272,return_crossing,return_crossing,1,0,40,10,3,M400-01-baseline-awake,40
381,402,394,399,354,423,return_crossing,return_crossing,1,0,40,10,4,M400-01-baseline-awake,40
446,461,448,451,424,491,return_crossing,return_crossing,1,0,40,10,5,M400-01-baseline-awake,40
588,596,592,596,552,600,return_crossing,seed_not_below_return_level,0,1,40,10,6,M400-01-baseline-awake,40
82,97,85,96,45,136,return_crossing,return_crossing,1,0,40,11,1,M400-01-baseline-awake,40
311,315,312,315,272,355,return_crossing,return_crossing,1,0,40,11,2,M400-01-baseline-awake,40
393,403,399,401,359,436,return_crossing,return_crossing,1,0,40,11,3,M400-01-baseline-awake,40
468,477,472,475,437,504,return_crossing,return_crossing,1,0,40,11,4,M400-01-baseline-awake,40
531,546,533,536,505,576,return_crossing,return_crossing,1,0,40,11,5,M400-01-baseline-awake,40
41,47,41,43,1,83,seed_not_below_return_level,return_crossing,0,1,40,12,1,M400-01-baseline-awake,40
453,473,465,471,425,511,return_crossing,return_crossing,1,0,40,12,2,M400-01-baseline-awake,40
107,124,109,124,69,164,return_crossing,seed_not_below_return_level,0,1,40,13,1,M400-01-baseline-awake,40
311,324,312,324,272,344,return_crossing,return_crossing,1,0,40,13,2,M400-01-baseline-awake,40
349,372,365,369,345,409,return_crossing,return_crossing,1,0,40,13,3,M400-01-baseline-awake,40
504,512,507,511,467,551,return_crossing,return_crossing,1,0,40,13,4,M400-01-baseline-awake,40
66,76,67,76,27,91,return_crossing,return_crossing,1,0,40,14,1,M400-01-baseline-awake,40
106,113,107,109,92,149,return_crossing,return_crossing,1,0,40,14,2,M400-01-baseline-awake,40
209,221,211,219,171,255,return_crossing,return_crossing,1,0,40,14,3,M400-01-baseline-awake,40
292,297,292,296,256,322,return_crossing,return_crossing,1,0,40,14,4,M400-01-baseline-awake,40
348,361,349,358,323,381,return_crossing,return_crossing,1,0,40,14,5,M400-01-baseline-awake,40
403,411,404,409,382,444,return_crossing,return_crossing,1,0,40,14,6,M400-01-baseline-awake,40
480,486,480,485,445,499,return_crossing,return_crossing,1,0,40,14,7,M400-01-baseline-awake,40
512,516,513,515,500,530,return_crossing,return_crossing,1,0,40,14,8,M400-01-baseline-awake,40
546,552,546,550,531,561,return_crossing,return_crossing,1,0,40,14,9,M400-01-baseline-awake,40
571,579,572,575,562,600,return_crossing,return_crossing,1,0,40,14,10,M400-01-baseline-awake,40
44,76,57,76,17,91,return_crossing,seed_not_below_return_level,0,1,40,15,1,M400-01-baseline-awake,40
106,112,106,108,92,148,return_crossing,return_crossing,1,0,40,15,2,M400-01-baseline-awake,40
188,192,189,191,149,231,return_crossing,return_crossing,1,0,40,15,3,M400-01-baseline-awake,40
404,426,405,412,365,445,return_crossing,return_crossing,1,0,40,15,4,M400-01-baseline-awake,40
479,482,479,482,446,497,seed_not_below_return_level,return_crossing,0,1,40,15,5,M400-01-baseline-awake,40
512,514,512,514,498,530,return_crossing,return_crossing,1,0,40,15,6,M400-01-baseline-awake,40
546,549,546,548,531,588,return_crossing,return_crossing,1,0,40,15,7,M400-01-baseline-awake,40
43,56,49,55,9,95,return_crossing,return_crossing,1,0,40,16,1,M400-01-baseline-awake,40
219,241,234,240,194,280,return_crossing,return_crossing,1,0,40,16,2,M400-01-baseline-awake,40
51,81,70,80,30,120,return_crossing,return_crossing,1,0,40,17,1,M400-01-baseline-awake,40
301,304,301,304,261,332,seed_not_below_return_level,seed_not_below_return_level,0,1,40,17,2,M400-01-baseline-awake,40
351,377,360,371,333,411,return_crossing,return_crossing,1,0,40,17,3,M400-01-baseline-awake,40
469,519,488,519,448,537,return_crossing,seed_not_below_return_level,0,1,40,17,4,M400-01-baseline-awake,40
553,565,555,557,538,597,return_crossing,return_crossing,1,0,40,17,5,M400-01-baseline-awake,40
60,78,71,78,31,95,return_crossing,return_crossing,1,0,40,18,1,M400-01-baseline-awake,40
110,117,113,115,96,155,return_crossing,return_crossing,1,0,40,18,2,M400-01-baseline-awake,40
261,266,263,266,223,281,return_crossing,return_crossing,1,0,40,18,3,M400-01-baseline-awake,40
297,302,297,301,282,312,return_crossing,return_crossing,1,0,40,18,4,M400-01-baseline-awake,40
314,353,324,333,313,373,return_crossing,return_crossing,1,0,40,18,5,M400-01-baseline-awake,40
482,498,483,486,443,511,return_crossing,return_crossing,1,0,40,18,6,M400-01-baseline-awake,40
537,542,537,542,512,582,seed_not_below_return_level,seed_not_below_return_level,0,1,40,18,7,M400-01-baseline-awake,40
468,480,471,478,431,518,return_crossing,return_crossing,1,0,40,19,1,M400-01-baseline-awake,40
44,63,54,56,14,96,return_crossing,return_crossing,1,0,40,20,1,M400-01-baseline-awake,40
46,60,55,57,15,97,return_crossing,return_crossing,1,0,40,21,1,M400-01-baseline-awake,40
46,83,71,76,31,116,return_crossing,return_crossing,1,0,40,22,1,M400-01-baseline-awake,40
356,377,369,371,329,411,return_crossing,return_crossing,1,0,40,22,2,M400-01-baseline-awake,40
483,520,488,512,448,552,return_crossing,return_crossing,1,0,40,22,3,M400-01-baseline-awake,40
133,153,136,146,96,181,return_crossing,return_crossing,1,0,40,23,1,M400-01-baseline-awake,40
214,223,216,223,182,234,return_crossing,search_limit_unresolved,0,0,40,23,2,M400-01-baseline-awake,40
245,270,245,257,235,297,search_limit_unresolved,return_crossing,0,1,40,23,3,M400-01-baseline-awake,40
346,391,357,368,317,408,return_crossing,return_crossing,1,0,40,23,4,M400-01-baseline-awake,40
500,531,500,531,460,542,seed_not_below_return_level,seed_not_below_return_level,0,1,40,23,5,M400-01-baseline-awake,40
553,558,553,557,543,597,seed_not_below_return_level,return_crossing,0,1,40,23,6,M400-01-baseline-awake,40
59,72,61,63,21,103,return_crossing,return_crossing,1,0,40,24,1,M400-01-baseline-awake,40
518,545,519,545,479,585,return_crossing,return_crossing,1,0,40,25,1,M400-01-baseline-awake,40
83,108,94,96,54,136,return_crossing,return_crossing,1,0,40,26,1,M400-01-baseline-awake,40
432,461,449,461,409,501,return_crossing,return_crossing,1,0,40,27,1,M400-01-baseline-awake,40
95,111,102,105,62,145,return_crossing,return_crossing,1,0,40,28,1,M400-01-baseline-awake,40
520,546,542,545,502,585,return_crossing,return_crossing,1,0,40,28,2,M400-01-baseline-awake,40
276,290,285,287,245,327,return_crossing,return_crossing,1,0,40,29,1,M400-01-baseline-awake,40
117,151,137,142,97,182,return_crossing,return_crossing,1,0,40,30,1,M400-01-baseline-awake,40
139,150,141,143,101,183,return_crossing,return_crossing,1,0,40,31,1,M400-01-baseline-awake,40
122,164,142,145,102,185,return_crossing,return_crossing,1,0,40,32,1,M400-01-baseline-awake,40
137,162,138,147,98,187,return_crossing,return_crossing,0,1,40,33,1,M400-01-baseline-awake,40
156,165,159,161,119,186,return_crossing,return_crossing,1,0,40,34,1,M400-01-baseline-awake,40
209,222,212,218,187,238,return_crossing,return_crossing,1,0,40,34,2,M400-01-baseline-awake,40
256,265,258,264,239,304,return_crossing,return_crossing,1,0,40,34,3,M400-01-baseline-awake,40
349,379,356,374,316,414,return_crossing,return_crossing,1,0,40,34,4,M400-01-baseline-awake,40
576,580,577,579,537,600,return_crossing,return_crossing,1,0,40,34,5,M400-01-baseline-awake,40
179,187,180,184,140,224,return_crossing,return_crossing,1,0,40,35,1,M400-01-baseline-awake,40
182,193,183,189,143,229,return_crossing,return_crossing,1,0,40,36,1,M400-01-baseline-awake,40
192,198,193,196,153,236,return_crossing,return_crossing,1,0,40,37,1,M400-01-baseline-awake,40
192,208,194,196,154,236,return_crossing,return_crossing,1,0,40,38,1,M400-01-baseline-awake,40
409,434,426,428,386,468,return_crossing,return_crossing,1,0,40,38,2,M400-01-baseline-awake,40
433,464,449,454,409,494,return_crossing,return_crossing,1,0,40,39,1,M400-01-baseline-awake,40
207,213,209,211,169,251,return_crossing,return_crossing,1,0,40,40,1,M400-01-baseline-awake,40
223,256,232,234,192,274,return_crossing,return_crossing,1,0,40,41,1,M400-01-baseline-awake,40
277,291,280,290,240,330,return_crossing,return_crossing,1,0,40,42,1,M400-01-baseline-awake,40
395,408,398,404,358,421,return_crossing,return_crossing,1,0,40,42,2,M400-01-baseline-awake,40
431,441,438,441,422,451,return_crossing,search_limit_unresolved,0,0,40,42,3,M400-01-baseline-awake,40
461,464,461,463,452,503,search_limit_unresolved,return_crossing,0,0,40,42,4,M400-01-baseline-awake,40
568,576,572,574,532,600,return_crossing,return_crossing,1,0,40,42,5,M400-01-baseline-awake,40
264,286,269,279,229,319,return_crossing,return_crossing,1,0,40,43,1,M400-01-baseline-awake,40
295,351,297,311,257,351,return_crossing,return_crossing,1,0,40,44,1,M400-01-baseline-awake,40
297,311,307,309,267,349,return_crossing,return_crossing,1,0,40,45,1,M400-01-baseline-awake,40
342,360,351,358,311,398,return_crossing,return_crossing,1,0,40,46,1,M400-01-baseline-awake,40
331,349,339,341,299,381,return_crossing,return_crossing,1,0,40,47,1,M400-01-baseline-awake,40
355,374,370,372,330,412,return_crossing,return_crossing,1,0,40,48,1,M400-01-baseline-awake,40
397,435,421,428,381,468,return_crossing,return_crossing,1,0,40,49,1,M400-01-baseline-awake,40
394,409,404,406,364,446,return_crossing,return_crossing,1,0,40,50,1,M400-01-baseline-awake,40
404,417,411,413,371,453,return_crossing,return_crossing,1,0,40,51,1,M400-01-baseline-awake,40
404,426,412,414,372,454,return_crossing,return_crossing,1,0,40,52,1,M400-01-baseline-awake,40
454,468,456,458,416,498,return_crossing,return_crossing,1,0,40,53,1,M400-01-baseline-awake,40
467,472,468,470,428,510,return_crossing,return_crossing,1,0,40,54,1,M400-01-baseline-awake,40
486,499,488,490,448,530,return_crossing,return_crossing,1,0,40,55,1,M400-01-baseline-awake,40
535,567,549,567,509,600,return_crossing,return_crossing,0,1,40,56,1,M400-01-baseline-awake,40
6,11,7,9,2,14,return_crossing,return_crossing,1,0,5,1,1,M400-03-baseline-iso,5
572,578,573,575,568,580,return_crossing,return_crossing,1,0,5,2,1,M400-03-baseline-iso,5
39,43,39,43,34,48,search_limit_unresolved,seed_not_below_return_level,0,1,5,3,1,M400-03-baseline-iso,5
173,176,173,176,168,181,search_limit_unresolved,seed_not_below_return_level,0,1,5,3,2,M400-03-baseline-iso,5
246,250,246,248,241,253,seed_not_below_return_level,return_crossing,0,1,5,3,3,M400-03-baseline-iso,5
296,298,296,298,291,303,seed_not_below_return_level,seed_not_below_return_level,0,1,5,3,4,M400-03-baseline-iso,5
352,360,356,360,351,365,return_crossing,return_crossing,1,0,5,3,5,M400-03-baseline-iso,5
500,504,501,503,496,508,return_crossing,return_crossing,1,0,5,3,6,M400-03-baseline-iso,5
565,569,565,569,560,574,seed_not_below_return_level,seed_not_below_return_level,0,1,5,3,7,M400-03-baseline-iso,5
10,13,11,13,6,18,return_crossing,seed_not_below_return_level,0,1,5,4,1,M400-03-baseline-iso,5
250,258,254,258,249,263,return_crossing,return_crossing,1,0,5,4,2,M400-03-baseline-iso,5
278,282,278,280,273,285,seed_not_below_return_level,return_crossing,0,1,5,4,3,M400-03-baseline-iso,5
364,367,364,366,359,371,seed_not_below_return_level,return_crossing,0,1,5,4,4,M400-03-baseline-iso,5
593,595,593,595,588,600,seed_not_below_return_level,seed_not_below_return_level,0,1,5,4,5,M400-03-baseline-iso,5
497,499,497,499,492,504,search_limit_unresolved,search_limit_unresolved,0,0,5,5,1,M400-03-baseline-iso,5
13,16,14,16,9,21,return_crossing,return_crossing,1,0,5,6,1,M400-03-baseline-iso,5
185,195,185,190,180,195,search_limit_unresolved,return_crossing,0,0,5,6,2,M400-03-baseline-iso,5
231,233,231,233,226,238,seed_not_below_return_level,seed_not_below_return_level,0,1,5,6,3,M400-03-baseline-iso,5
401,408,406,408,401,413,return_crossing,return_crossing,1,0,5,6,4,M400-03-baseline-iso,5
428,431,428,430,423,435,search_limit_unresolved,return_crossing,0,0,5,6,5,M400-03-baseline-iso,5
17,21,18,20,13,25,return_crossing,return_crossing,1,0,5,7,1,M400-03-baseline-iso,5
237,245,238,240,233,245,return_crossing,return_crossing,1,0,5,8,1,M400-03-baseline-iso,5
573,580,577,579,572,584,return_crossing,return_crossing,1,0,5,8,2,M400-03-baseline-iso,5
214,219,215,217,210,222,return_crossing,return_crossing,1,0,5,9,1,M400-03-baseline-iso,5
581,587,582,584,577,589,return_crossing,return_crossing,1,0,5,9,2,M400-03-baseline-iso,5
20,25,22,25,17,30,return_crossing,seed_not_below_return_level,0,1,5,10,1,M400-03-baseline-iso,5
216,219,216,219,211,224,return_crossing,return_crossing,1,0,5,10,2,M400-03-baseline-iso,5
23,26,24,26,19,31,return_crossing,search_limit_unresolved,0,0,5,11,1,M400-03-baseline-iso,5
24,27,25,27,20,32,return_crossing,search_limit_unresolved,0,0,5,12,1,M400-03-baseline-iso,5
28,42,32,38,27,43,return_crossing,return_crossing,1,0,5,13,1,M400-03-baseline-iso,5
33,37,33,35,28,40,search_limit_unresolved,return_crossing,0,0,5,14,1,M400-03-baseline-iso,5
171,174,171,174,166,179,search_limit_unresolved,search_limit_unresolved,0,0,5,14,2,M400-03-baseline-iso,5
181,188,185,187,180,192,return_crossing,return_crossing,1,0,5,15,1,M400-03-baseline-iso,5
350,359,351,354,346,359,return_crossing,return_crossing,1,0,5,15,2,M400-03-baseline-iso,5
524,528,524,526,519,531,search_limit_unresolved,return_crossing,0,0,5,16,1,M400-03-baseline-iso,5
88,100,89,100,84,105,return_crossing,search_limit_unresolved,0,0,5,17,1,M400-03-baseline-iso,5
326,331,326,331,321,336,search_limit_unresolved,search_limit_unresolved,0,0,5,18,1,M400-03-baseline-iso,5
42,47,43,45,38,50,return_crossing,return_crossing,1,0,5,19,1,M400-03-baseline-iso,5
46,48,46,48,41,53,return_crossing,search_limit_unresolved,0,0,5,20,1,M400-03-baseline-iso,5
202,211,205,207,200,212,return_crossing,return_crossing,1,0,5,20,2,M400-03-baseline-iso,5
269,274,271,273,266,278,return_crossing,return_crossing,1,0,5,20,3,M400-03-baseline-iso,5
388,392,388,391,383,396,search_limit_unresolved,return_crossing,0,0,5,21,1,M400-03-baseline-iso,5
50,57,54,56,49,61,return_crossing,return_crossing,1,0,5,22,1,M400-03-baseline-iso,5
274,282,276,278,271,283,return_crossing,return_crossing,1,0,5,23,1,M400-03-baseline-iso,5
59,64,61,63,56,68,return_crossing,return_crossing,1,0,5,24,1,M400-03-baseline-iso,5
61,66,62,64,57,69,return_crossing,return_crossing,1,0,5,25,1,M400-03-baseline-iso,5
63,72,63,72,58,77,return_crossing,search_limit_unresolved,0,0,5,26,1,M400-03-baseline-iso,5
267,272,267,269,262,274,return_crossing,return_crossing,1,0,5,26,2,M400-03-baseline-iso,5
445,447,445,447,440,452,return_crossing,search_limit_unresolved,0,0,5,26,3,M400-03-baseline-iso,5
579,586,583,585,578,590,return_crossing,return_crossing,1,0,5,26,4,M400-03-baseline-iso,5
62,71,66,69,61,74,return_crossing,return_crossing,1,0,5,27,1,M400-03-baseline-iso,5
65,68,65,67,60,72,return_crossing,return_crossing,1,0,5,28,1,M400-03-baseline-iso,5
104,109,105,107,100,112,return_crossing,return_crossing,1,0,5,29,1,M400-03-baseline-iso,5
77,84,82,84,77,89,return_crossing,return_crossing,1,0,5,30,1,M400-03-baseline-iso,5
228,234,228,232,223,237,search_limit_unresolved,return_crossing,0,0,5,31,1,M400-03-baseline-iso,5
80,86,82,86,77,91,return_crossing,search_limit_unresolved,0,0,5,32,1,M400-03-baseline-iso,5
403,407,404,406,399,411,return_crossing,return_crossing,1,0,5,33,1,M400-03-baseline-iso,5
159,170,162,165,157,170,return_crossing,return_crossing,1,0,5,34,1,M400-03-baseline-iso,5
112,118,115,118,110,123,return_crossing,search_limit_unresolved,0,0,5,35,1,M400-03-baseline-iso,5
114,120,116,118,111,123,return_crossing,return_crossing,1,0,5,36,1,M400-03-baseline-iso,5
121,128,121,124,116,129,search_limit_unresolved,return_crossing,0,0,5,37,1,M400-03-baseline-iso,5
121,127,123,125,118,130,return_crossing,return_crossing,1,0,5,38,1,M400-03-baseline-iso,5
123,127,124,127,119,132,return_crossing,search_limit_unresolved,0,0,5,39,1,M400-03-baseline-iso,5
142,146,144,146,139,151,return_crossing,search_limit_unresolved,0,0,5,40,1,M400-03-baseline-iso,5
485,493,488,490,483,495,return_crossing,return_crossing,1,0,5,40,2,M400-03-baseline-iso,5
161,169,163,169,158,174,return_crossing,search_limit_unresolved,0,0,5,41,1,M400-03-baseline-iso,5
218,223,218,220,213,225,search_limit_unresolved,return_crossing,0,0,5,41,2,M400-03-baseline-iso,5
343,347,344,346,339,351,return_crossing,return_crossing,1,0,5,41,3,M400-03-baseline-iso,5
160,164,161,163,156,168,return_crossing,return_crossing,1,0,5,42,1,M400-03-baseline-iso,5
164,167,164,166,159,171,search_limit_unresolved,return_crossing,0,0,5,43,1,M400-03-baseline-iso,5
176,184,177,179,172,184,return_crossing,return_crossing,1,0,5,44,1,M400-03-baseline-iso,5
199,203,199,203,194,208,search_limit_unresolved,search_limit_unresolved,0,0,5,45,1,M400-03-baseline-iso,5
223,227,223,225,218,230,return_crossing,return_crossing,1,0,5,46,1,M400-03-baseline-iso,5
272,277,273,275,268,280,return_crossing,return_crossing,1,0,5,46,2,M400-03-baseline-iso,5
527,532,527,529,522,534,return_crossing,return_crossing,1,0,5,47,1,M400-03-baseline-iso,5
297,302,298,301,293,306,return_crossing,return_crossing,1,0,5,48,1,M400-03-baseline-iso,5
303,311,306,308,301,313,return_crossing,return_crossing,1,0,5,49,1,M400-03-baseline-iso,5
356,362,356,361,351,366,search_limit_unresolved,return_crossing,0,0,5,50,1,M400-03-baseline-iso,5
352,362,355,357,350,362,return_crossing,return_crossing,1,0,5,51,1,M400-03-baseline-iso,5
362,366,362,364,357,369,return_crossing,return_crossing,1,0,5,52,1,M400-03-baseline-iso,5
362,366,363,365,358,370,return_crossing,return_crossing,1,0,5,53,1,M400-03-baseline-iso,5
538,542,539,541,534,546,return_crossing,return_crossing,1,0,5,54,1,M400-03-baseline-iso,5
567,573,570,572,565,577,return_crossing,return_crossing,1,0,5,55,1,M400-03-baseline-iso,5
577,586,581,583,576,588,return_crossing,return_crossing,1,0,5,56,1,M400-03-baseline-iso,5
6,11,7,9,1,19,return_crossing,return_crossing,1,0,10,1,1,M400-03-baseline-iso,10
572,578,573,575,563,585,return_crossing,return_crossing,1,0,10,2,1,M400-03-baseline-iso,10
39,43,39,43,29,53,search_limit_unresolved,seed_not_below_return_level,0,1,10,3,1,M400-03-baseline-iso,10
165,176,173,176,163,186,return_crossing,seed_not_below_return_level,0,1,10,3,2,M400-03-baseline-iso,10
246,250,246,248,236,258,seed_not_below_return_level,return_crossing,0,1,10,3,3,M400-03-baseline-iso,10
296,298,296,298,286,308,seed_not_below_return_level,seed_not_below_return_level,0,1,10,3,4,M400-03-baseline-iso,10
352,360,356,360,346,370,return_crossing,return_crossing,1,0,10,3,5,M400-03-baseline-iso,10
500,504,501,503,491,513,return_crossing,return_crossing,1,0,10,3,6,M400-03-baseline-iso,10
565,569,565,569,555,579,seed_not_below_return_level,seed_not_below_return_level,0,1,10,3,7,M400-03-baseline-iso,10
10,13,11,13,1,23,return_crossing,seed_not_below_return_level,0,1,10,4,1,M400-03-baseline-iso,10
250,258,254,258,244,268,return_crossing,return_crossing,1,0,10,4,2,M400-03-baseline-iso,10
278,282,278,280,269,290,seed_not_below_return_level,return_crossing,0,1,10,4,3,M400-03-baseline-iso,10
364,367,364,366,354,376,seed_not_below_return_level,return_crossing,0,1,10,4,4,M400-03-baseline-iso,10
593,595,593,595,583,600,seed_not_below_return_level,seed_not_below_return_level,0,1,10,4,5,M400-03-baseline-iso,10
490,499,497,499,487,509,return_crossing,search_limit_unresolved,0,0,10,5,1,M400-03-baseline-iso,10
13,16,14,16,4,26,return_crossing,return_crossing,1,0,10,6,1,M400-03-baseline-iso,10
185,195,185,190,175,200,search_limit_unresolved,return_crossing,0,0,10,6,2,M400-03-baseline-iso,10
231,233,231,233,221,243,seed_not_below_return_level,seed_not_below_return_level,0,1,10,6,3,M400-03-baseline-iso,10
401,408,406,408,396,418,return_crossing,return_crossing,1,0,10,6,4,M400-03-baseline-iso,10
422,431,428,430,419,440,return_crossing,return_crossing,1,0,10,6,5,M400-03-baseline-iso,10
17,21,18,20,8,30,return_crossing,return_crossing,1,0,10,7,1,M400-03-baseline-iso,10
237,245,238,240,228,250,return_crossing,return_crossing,1,0,10,8,1,M400-03-baseline-iso,10
573,580,577,579,567,589,return_crossing,return_crossing,1,0,10,8,2,M400-03-baseline-iso,10
214,219,215,217,205,227,return_crossing,return_crossing,1,0,10,9,1,M400-03-baseline-iso,10
581,587,582,584,572,594,return_crossing,return_crossing,1,0,10,9,2,M400-03-baseline-iso,10
20,25,22,25,12,35,return_crossing,seed_not_below_return_level,0,1,10,10,1,M400-03-baseline-iso,10
216,219,216,219,206,229,return_crossing,return_crossing,1,0,10,10,2,M400-03-baseline-iso,10
23,36,24,26,14,36,return_crossing,return_crossing,1,0,10,11,1,M400-03-baseline-iso,10
24,27,25,27,15,37,return_crossing,search_limit_unresolved,0,0,10,12,1,M400-03-baseline-iso,10
28,42,32,38,22,48,return_crossing,return_crossing,1,0,10,13,1,M400-03-baseline-iso,10
25,37,33,35,23,45,return_crossing,return_crossing,1,0,10,14,1,M400-03-baseline-iso,10
165,174,171,174,161,184,return_crossing,search_limit_unresolved,0,0,10,14,2,M400-03-baseline-iso,10
181,188,185,187,175,197,return_crossing,return_crossing,1,0,10,15,1,M400-03-baseline-iso,10
350,359,351,354,341,364,return_crossing,return_crossing,1,0,10,15,2,M400-03-baseline-iso,10
517,528,524,526,514,536,return_crossing,return_crossing,1,0,10,16,1,M400-03-baseline-iso,10
88,106,89,100,79,110,return_crossing,return_crossing,1,0,10,17,1,M400-03-baseline-iso,10
320,341,326,331,316,341,return_crossing,return_crossing,1,0,10,18,1,M400-03-baseline-iso,10
42,47,43,45,33,55,return_crossing,return_crossing,1,0,10,19,1,M400-03-baseline-iso,10
46,54,46,48,36,58,return_crossing,return_crossing,1,0,10,20,1,M400-03-baseline-iso,10
202,211,205,207,195,217,return_crossing,return_crossing,1,0,10,20,2,M400-03-baseline-iso,10
269,274,271,273,261,283,return_crossing,return_crossing,1,0,10,20,3,M400-03-baseline-iso,10
388,392,388,391,378,401,search_limit_unresolved,return_crossing,0,0,10,21,1,M400-03-baseline-iso,10
50,57,54,56,44,66,return_crossing,return_crossing,1,0,10,22,1,M400-03-baseline-iso,10
274,282,276,278,266,288,return_crossing,return_crossing,1,0,10,23,1,M400-03-baseline-iso,10
59,64,61,63,51,73,return_crossing,return_crossing,1,0,10,24,1,M400-03-baseline-iso,10
61,66,62,64,52,74,return_crossing,return_crossing,1,0,10,25,1,M400-03-baseline-iso,10
63,72,63,72,53,82,return_crossing,search_limit_unresolved,0,0,10,26,1,M400-03-baseline-iso,10
267,272,267,269,257,279,return_crossing,return_crossing,1,0,10,26,2,M400-03-baseline-iso,10
445,456,445,447,435,457,return_crossing,return_crossing,1,0,10,26,3,M400-03-baseline-iso,10
579,586,583,585,573,595,return_crossing,return_crossing,1,0,10,26,4,M400-03-baseline-iso,10
62,71,66,69,56,79,return_crossing,return_crossing,1,0,10,27,1,M400-03-baseline-iso,10
65,68,65,67,55,77,return_crossing,return_crossing,1,0,10,28,1,M400-03-baseline-iso,10
104,109,105,107,95,117,return_crossing,return_crossing,1,0,10,29,1,M400-03-baseline-iso,10
77,84,82,84,72,94,return_crossing,return_crossing,1,0,10,30,1,M400-03-baseline-iso,10
228,234,228,232,218,242,search_limit_unresolved,return_crossing,0,0,10,31,1,M400-03-baseline-iso,10
80,86,82,86,72,96,return_crossing,search_limit_unresolved,0,0,10,32,1,M400-03-baseline-iso,10
403,407,404,406,394,416,return_crossing,return_crossing,1,0,10,33,1,M400-03-baseline-iso,10
159,170,162,165,152,175,return_crossing,return_crossing,1,0,10,34,1,M400-03-baseline-iso,10
112,126,115,118,105,128,return_crossing,return_crossing,1,0,10,35,1,M400-03-baseline-iso,10
114,120,116,118,106,128,return_crossing,return_crossing,1,0,10,36,1,M400-03-baseline-iso,10
112,128,121,124,111,134,return_crossing,return_crossing,1,0,10,37,1,M400-03-baseline-iso,10
121,127,123,125,113,135,return_crossing,return_crossing,1,0,10,38,1,M400-03-baseline-iso,10
123,133,124,127,114,137,return_crossing,return_crossing,1,0,10,39,1,M400-03-baseline-iso,10
142,154,144,146,134,156,return_crossing,return_crossing,1,0,10,40,1,M400-03-baseline-iso,10
485,493,488,490,478,500,return_crossing,return_crossing,1,0,10,40,2,M400-03-baseline-iso,10
161,177,163,169,153,179,return_crossing,return_crossing,1,0,10,41,1,M400-03-baseline-iso,10
218,223,218,220,208,230,search_limit_unresolved,return_crossing,0,0,10,41,2,M400-03-baseline-iso,10
343,347,344,346,334,356,return_crossing,return_crossing,1,0,10,41,3,M400-03-baseline-iso,10
160,164,161,163,151,173,return_crossing,return_crossing,1,0,10,42,1,M400-03-baseline-iso,10
155,167,164,166,154,176,return_crossing,return_crossing,1,0,10,43,1,M400-03-baseline-iso,10
176,184,177,179,167,189,return_crossing,return_crossing,1,0,10,44,1,M400-03-baseline-iso,10
199,209,199,203,189,213,search_limit_unresolved,return_crossing,0,0,10,45,1,M400-03-baseline-iso,10
223,227,223,225,213,235,return_crossing,return_crossing,1,0,10,46,1,M400-03-baseline-iso,10
272,277,273,275,263,285,return_crossing,return_crossing,1,0,10,46,2,M400-03-baseline-iso,10
527,532,527,529,517,539,return_crossing,return_crossing,1,0,10,47,1,M400-03-baseline-iso,10
297,302,298,301,288,311,return_crossing,return_crossing,1,0,10,48,1,M400-03-baseline-iso,10
303,311,306,308,296,318,return_crossing,return_crossing,1,0,10,49,1,M400-03-baseline-iso,10
350,362,356,361,346,371,return_crossing,return_crossing,1,0,10,50,1,M400-03-baseline-iso,10
352,362,355,357,345,367,return_crossing,return_crossing,1,0,10,51,1,M400-03-baseline-iso,10
362,366,362,364,352,374,return_crossing,return_crossing,1,0,10,52,1,M400-03-baseline-iso,10
362,366,363,365,353,375,return_crossing,return_crossing,1,0,10,53,1,M400-03-baseline-iso,10
538,542,539,541,529,551,return_crossing,return_crossing,1,0,10,54,1,M400-03-baseline-iso,10
567,573,570,572,560,582,return_crossing,return_crossing,1,0,10,55,1,M400-03-baseline-iso,10
577,586,581,583,571,593,return_crossing,return_crossing,1,0,10,56,1,M400-03-baseline-iso,10
6,11,7,9,1,29,return_crossing,return_crossing,1,0,20,1,1,M400-03-baseline-iso,20
572,578,573,575,553,595,return_crossing,return_crossing,1,0,20,2,1,M400-03-baseline-iso,20
26,43,39,43,19,63,return_crossing,seed_not_below_return_level,0,1,20,3,1,M400-03-baseline-iso,20
165,176,173,176,153,196,return_crossing,seed_not_below_return_level,0,1,20,3,2,M400-03-baseline-iso,20
246,250,246,248,226,268,seed_not_below_return_level,return_crossing,0,1,20,3,3,M400-03-baseline-iso,20
296,298,296,298,276,318,seed_not_below_return_level,seed_not_below_return_level,0,1,20,3,4,M400-03-baseline-iso,20
352,360,356,360,336,380,return_crossing,return_crossing,1,0,20,3,5,M400-03-baseline-iso,20
500,504,501,503,481,523,return_crossing,return_crossing,1,0,20,3,6,M400-03-baseline-iso,20
565,569,565,569,545,589,seed_not_below_return_level,seed_not_below_return_level,0,1,20,3,7,M400-03-baseline-iso,20
10,13,11,13,1,33,return_crossing,seed_not_below_return_level,0,1,20,4,1,M400-03-baseline-iso,20
250,258,254,258,234,268,return_crossing,return_crossing,1,0,20,4,2,M400-03-baseline-iso,20
278,282,278,280,269,300,seed_not_below_return_level,return_crossing,0,1,20,4,3,M400-03-baseline-iso,20
364,367,364,366,344,386,seed_not_below_return_level,return_crossing,0,1,20,4,4,M400-03-baseline-iso,20
593,595,593,595,573,600,seed_not_below_return_level,seed_not_below_return_level,0,1,20,4,5,M400-03-baseline-iso,20
490,499,497,499,477,519,return_crossing,search_limit_unresolved,0,0,20,5,1,M400-03-baseline-iso,20
13,16,14,16,1,36,return_crossing,return_crossing,1,0,20,6,1,M400-03-baseline-iso,20
185,195,185,190,165,210,search_limit_unresolved,return_crossing,0,0,20,6,2,M400-03-baseline-iso,20
231,233,231,233,211,253,seed_not_below_return_level,seed_not_below_return_level,0,1,20,6,3,M400-03-baseline-iso,20
401,408,406,408,386,418,return_crossing,return_crossing,1,0,20,6,4,M400-03-baseline-iso,20
422,431,428,430,419,450,return_crossing,return_crossing,1,0,20,6,5,M400-03-baseline-iso,20
17,21,18,20,1,40,return_crossing,return_crossing,1,0,20,7,1,M400-03-baseline-iso,20
237,245,238,240,218,260,return_crossing,return_crossing,1,0,20,8,1,M400-03-baseline-iso,20
573,580,577,579,557,599,return_crossing,return_crossing,1,0,20,8,2,M400-03-baseline-iso,20
214,219,215,217,195,237,return_crossing,return_crossing,1,0,20,9,1,M400-03-baseline-iso,20
581,587,582,584,562,600,return_crossing,return_crossing,1,0,20,9,2,M400-03-baseline-iso,20
20,25,22,25,2,45,return_crossing,seed_not_below_return_level,0,1,20,10,1,M400-03-baseline-iso,20
216,219,216,219,196,239,return_crossing,return_crossing,1,0,20,10,2,M400-03-baseline-iso,20
23,36,24,26,4,46,return_crossing,return_crossing,1,0,20,11,1,M400-03-baseline-iso,20
24,38,25,27,5,47,return_crossing,return_crossing,1,0,20,12,1,M400-03-baseline-iso,20
28,42,32,38,12,58,return_crossing,return_crossing,1,0,20,13,1,M400-03-baseline-iso,20
25,37,33,35,13,55,return_crossing,return_crossing,1,0,20,14,1,M400-03-baseline-iso,20
165,189,171,174,151,194,return_crossing,return_crossing,1,0,20,14,2,M400-03-baseline-iso,20
181,188,185,187,165,207,return_crossing,return_crossing,1,0,20,15,1,M400-03-baseline-iso,20
350,359,351,354,331,374,return_crossing,return_crossing,1,0,20,15,2,M400-03-baseline-iso,20
517,528,524,526,504,546,return_crossing,return_crossing,1,0,20,16,1,M400-03-baseline-iso,20
88,106,89,100,69,120,return_crossing,return_crossing,1,0,20,17,1,M400-03-baseline-iso,20
320,341,326,331,306,351,return_crossing,return_crossing,1,0,20,18,1,M400-03-baseline-iso,20
42,47,43,45,23,65,return_crossing,return_crossing,1,0,20,19,1,M400-03-baseline-iso,20
46,54,46,48,26,68,return_crossing,return_crossing,1,0,20,20,1,M400-03-baseline-iso,20
202,211,205,207,185,227,return_crossing,return_crossing,1,0,20,20,2,M400-03-baseline-iso,20
269,274,271,273,251,293,return_crossing,return_crossing,1,0,20,20,3,M400-03-baseline-iso,20
377,392,388,391,368,411,return_crossing,return_crossing,1,0,20,21,1,M400-03-baseline-iso,20
50,57,54,56,34,76,return_crossing,return_crossing,1,0,20,22,1,M400-03-baseline-iso,20
274,282,276,278,256,298,return_crossing,return_crossing,1,0,20,23,1,M400-03-baseline-iso,20
59,64,61,63,41,83,return_crossing,return_crossing,1,0,20,24,1,M400-03-baseline-iso,20
61,66,62,64,42,84,return_crossing,return_crossing,1,0,20,25,1,M400-03-baseline-iso,20
63,72,63,72,43,92,return_crossing,search_limit_unresolved,0,0,20,26,1,M400-03-baseline-iso,20
267,272,267,269,247,289,return_crossing,return_crossing,1,0,20,26,2,M400-03-baseline-iso,20
445,456,445,447,425,467,return_crossing,return_crossing,1,0,20,26,3,M400-03-baseline-iso,20
579,586,583,585,563,600,return_crossing,return_crossing,1,0,20,26,4,M400-03-baseline-iso,20
62,71,66,69,46,89,return_crossing,return_crossing,1,0,20,27,1,M400-03-baseline-iso,20
65,68,65,67,45,87,return_crossing,return_crossing,1,0,20,28,1,M400-03-baseline-iso,20
104,109,105,107,85,127,return_crossing,return_crossing,1,0,20,29,1,M400-03-baseline-iso,20
77,84,82,84,62,104,return_crossing,return_crossing,1,0,20,30,1,M400-03-baseline-iso,20
208,234,228,232,208,252,return_crossing,return_crossing,1,0,20,31,1,M400-03-baseline-iso,20
80,97,82,86,62,106,return_crossing,return_crossing,1,0,20,32,1,M400-03-baseline-iso,20
403,407,404,406,384,426,return_crossing,return_crossing,1,0,20,33,1,M400-03-baseline-iso,20
159,170,162,165,142,185,return_crossing,return_crossing,1,0,20,34,1,M400-03-baseline-iso,20
112,126,115,118,95,138,return_crossing,return_crossing,1,0,20,35,1,M400-03-baseline-iso,20
114,120,116,118,96,138,return_crossing,return_crossing,1,0,20,36,1,M400-03-baseline-iso,20
112,128,121,124,101,144,return_crossing,return_crossing,1,0,20,37,1,M400-03-baseline-iso,20
121,127,123,125,103,145,return_crossing,return_crossing,1,0,20,38,1,M400-03-baseline-iso,20
123,133,124,127,104,147,return_crossing,return_crossing,1,0,20,39,1,M400-03-baseline-iso,20
142,154,144,146,124,166,return_crossing,return_crossing,1,0,20,40,1,M400-03-baseline-iso,20
485,493,488,490,468,510,return_crossing,return_crossing,1,0,20,40,2,M400-03-baseline-iso,20
161,177,163,169,143,189,return_crossing,return_crossing,1,0,20,41,1,M400-03-baseline-iso,20
218,223,218,220,198,240,search_limit_unresolved,return_crossing,0,0,20,41,2,M400-03-baseline-iso,20
343,347,344,346,324,366,return_crossing,return_crossing,1,0,20,41,3,M400-03-baseline-iso,20
160,164,161,163,141,183,return_crossing,return_crossing,1,0,20,42,1,M400-03-baseline-iso,20
155,167,164,166,144,186,return_crossing,return_crossing,1,0,20,43,1,M400-03-baseline-iso,20
176,184,177,179,157,199,return_crossing,return_crossing,1,0,20,44,1,M400-03-baseline-iso,20
187,209,199,203,179,223,return_crossing,return_crossing,1,0,20,45,1,M400-03-baseline-iso,20
223,227,223,225,203,245,return_crossing,return_crossing,1,0,20,46,1,M400-03-baseline-iso,20
272,277,273,275,253,295,return_crossing,return_crossing,1,0,20,46,2,M400-03-baseline-iso,20
527,532,527,529,507,549,return_crossing,return_crossing,1,0,20,47,1,M400-03-baseline-iso,20
297,302,298,301,278,321,return_crossing,return_crossing,1,0,20,48,1,M400-03-baseline-iso,20
303,311,306,308,286,328,return_crossing,return_crossing,1,0,20,49,1,M400-03-baseline-iso,20
350,362,356,361,336,381,return_crossing,return_crossing,1,0,20,50,1,M400-03-baseline-iso,20
352,362,355,357,335,377,return_crossing,return_crossing,1,0,20,51,1,M400-03-baseline-iso,20
362,366,362,364,342,384,return_crossing,return_crossing,1,0,20,52,1,M400-03-baseline-iso,20
362,366,363,365,343,385,return_crossing,return_crossing,1,0,20,53,1,M400-03-baseline-iso,20
538,542,539,541,519,561,return_crossing,return_crossing,1,0,20,54,1,M400-03-baseline-iso,20
567,573,570,572,550,592,return_crossing,return_crossing,1,0,20,55,1,M400-03-baseline-iso,20
577,586,581,583,561,600,return_crossing,return_crossing,1,0,20,56,1,M400-03-baseline-iso,20
6,11,7,9,1,49,return_crossing,return_crossing,1,0,40,1,1,M400-03-baseline-iso,40
572,578,573,575,533,600,return_crossing,return_crossing,1,0,40,2,1,M400-03-baseline-iso,40
26,43,39,43,1,83,return_crossing,seed_not_below_return_level,0,1,40,3,1,M400-03-baseline-iso,40
165,176,173,176,133,211,return_crossing,seed_not_below_return_level,0,1,40,3,2,M400-03-baseline-iso,40
246,250,246,248,212,272,seed_not_below_return_level,return_crossing,0,1,40,3,3,M400-03-baseline-iso,40
296,298,296,298,273,327,seed_not_below_return_level,seed_not_below_return_level,0,1,40,3,4,M400-03-baseline-iso,40
352,360,356,360,328,400,return_crossing,return_crossing,1,0,40,3,5,M400-03-baseline-iso,40
500,504,501,503,461,534,return_crossing,return_crossing,1,0,40,3,6,M400-03-baseline-iso,40
565,569,565,569,535,600,seed_not_below_return_level,seed_not_below_return_level,0,1,40,3,7,M400-03-baseline-iso,40
10,13,11,13,1,53,return_crossing,seed_not_below_return_level,0,1,40,4,1,M400-03-baseline-iso,40
250,258,254,258,214,268,return_crossing,return_crossing,1,0,40,4,2,M400-03-baseline-iso,40
278,282,278,280,269,320,seed_not_below_return_level,return_crossing,0,1,40,4,3,M400-03-baseline-iso,40
364,367,364,366,324,406,seed_not_below_return_level,return_crossing,0,1,40,4,4,M400-03-baseline-iso,40
593,595,593,595,553,600,seed_not_below_return_level,seed_not_below_return_level,0,1,40,4,5,M400-03-baseline-iso,40
490,537,497,499,457,539,return_crossing,return_crossing,1,0,40,5,1,M400-03-baseline-iso,40
13,16,14,16,1,56,return_crossing,return_crossing,1,0,40,6,1,M400-03-baseline-iso,40
158,195,185,190,145,210,return_crossing,return_crossing,1,0,40,6,2,M400-03-baseline-iso,40
231,233,231,233,211,273,seed_not_below_return_level,seed_not_below_return_level,0,1,40,6,3,M400-03-baseline-iso,40
401,408,406,408,366,418,return_crossing,return_crossing,1,0,40,6,4,M400-03-baseline-iso,40
422,431,428,430,419,470,return_crossing,return_crossing,1,0,40,6,5,M400-03-baseline-iso,40
17,21,18,20,1,60,return_crossing,return_crossing,1,0,40,7,1,M400-03-baseline-iso,40
237,245,238,240,198,280,return_crossing,return_crossing,1,0,40,8,1,M400-03-baseline-iso,40
573,580,577,579,537,600,return_crossing,return_crossing,1,0,40,8,2,M400-03-baseline-iso,40
214,219,215,217,175,257,return_crossing,return_crossing,1,0,40,9,1,M400-03-baseline-iso,40
581,587,582,584,542,600,return_crossing,return_crossing,1,0,40,9,2,M400-03-baseline-iso,40
20,25,22,25,1,65,return_crossing,seed_not_below_return_level,0,1,40,10,1,M400-03-baseline-iso,40
216,219,216,219,176,259,return_crossing,return_crossing,1,0,40,10,2,M400-03-baseline-iso,40
23,36,24,26,1,66,return_crossing,return_crossing,1,0,40,11,1,M400-03-baseline-iso,40
24,38,25,27,1,67,return_crossing,return_crossing,1,0,40,12,1,M400-03-baseline-iso,40
28,42,32,38,1,78,return_crossing,return_crossing,1,0,40,13,1,M400-03-baseline-iso,40
25,37,33,35,1,75,return_crossing,return_crossing,1,0,40,14,1,M400-03-baseline-iso,40
165,189,171,174,131,214,return_crossing,return_crossing,1,0,40,14,2,M400-03-baseline-iso,40
181,188,185,187,145,227,return_crossing,return_crossing,1,0,40,15,1,M400-03-baseline-iso,40
350,359,351,354,311,394,return_crossing,return_crossing,1,0,40,15,2,M400-03-baseline-iso,40
517,528,524,526,484,566,return_crossing,return_crossing,1,0,40,16,1,M400-03-baseline-iso,40
88,106,89,100,49,140,return_crossing,return_crossing,1,0,40,17,1,M400-03-baseline-iso,40
320,341,326,331,286,371,return_crossing,return_crossing,1,0,40,18,1,M400-03-baseline-iso,40
42,47,43,45,3,85,return_crossing,return_crossing,1,0,40,19,1,M400-03-baseline-iso,40
46,54,46,48,6,88,return_crossing,return_crossing,1,0,40,20,1,M400-03-baseline-iso,40
202,211,205,207,165,239,return_crossing,return_crossing,1,0,40,20,2,M400-03-baseline-iso,40
269,274,271,273,240,313,return_crossing,return_crossing,1,0,40,20,3,M400-03-baseline-iso,40
377,392,388,391,348,431,return_crossing,return_crossing,1,0,40,21,1,M400-03-baseline-iso,40
50,57,54,56,14,96,return_crossing,return_crossing,1,0,40,22,1,M400-03-baseline-iso,40
274,282,276,278,236,318,return_crossing,return_crossing,1,0,40,23,1,M400-03-baseline-iso,40
59,64,61,63,21,103,return_crossing,return_crossing,1,0,40,24,1,M400-03-baseline-iso,40
61,66,62,64,22,104,return_crossing,return_crossing,1,0,40,25,1,M400-03-baseline-iso,40
63,95,63,72,23,112,return_crossing,return_crossing,1,0,40,26,1,M400-03-baseline-iso,40
267,272,267,269,227,309,return_crossing,return_crossing,1,0,40,26,2,M400-03-baseline-iso,40
445,456,445,447,405,487,return_crossing,return_crossing,1,0,40,26,3,M400-03-baseline-iso,40
579,586,583,585,543,600,return_crossing,return_crossing,1,0,40,26,4,M400-03-baseline-iso,40
62,71,66,69,26,109,return_crossing,return_crossing,1,0,40,27,1,M400-03-baseline-iso,40
65,68,65,67,25,107,return_crossing,return_crossing,1,0,40,28,1,M400-03-baseline-iso,40
104,109,105,107,65,147,return_crossing,return_crossing,1,0,40,29,1,M400-03-baseline-iso,40
77,84,82,84,42,124,return_crossing,return_crossing,1,0,40,30,1,M400-03-baseline-iso,40
208,234,228,232,188,272,return_crossing,return_crossing,1,0,40,31,1,M400-03-baseline-iso,40
80,97,82,86,42,126,return_crossing,return_crossing,1,0,40,32,1,M400-03-baseline-iso,40
403,407,404,406,364,446,return_crossing,return_crossing,1,0,40,33,1,M400-03-baseline-iso,40
159,170,162,165,122,205,return_crossing,return_crossing,1,0,40,34,1,M400-03-baseline-iso,40
112,126,115,118,75,158,return_crossing,return_crossing,1,0,40,35,1,M400-03-baseline-iso,40
114,120,116,118,76,158,return_crossing,return_crossing,1,0,40,36,1,M400-03-baseline-iso,40
112,128,121,124,81,164,return_crossing,return_crossing,1,0,40,37,1,M400-03-baseline-iso,40
121,127,123,125,83,165,return_crossing,return_crossing,1,0,40,38,1,M400-03-baseline-iso,40
123,133,124,127,84,167,return_crossing,return_crossing,1,0,40,39,1,M400-03-baseline-iso,40
142,154,144,146,104,186,return_crossing,return_crossing,1,0,40,40,1,M400-03-baseline-iso,40
485,493,488,490,448,530,return_crossing,return_crossing,1,0,40,40,2,M400-03-baseline-iso,40
161,177,163,169,123,193,return_crossing,return_crossing,1,0,40,41,1,M400-03-baseline-iso,40
218,223,218,220,194,260,search_limit_unresolved,return_crossing,0,0,40,41,2,M400-03-baseline-iso,40
343,347,344,346,304,386,return_crossing,return_crossing,1,0,40,41,3,M400-03-baseline-iso,40
160,164,161,163,121,203,return_crossing,return_crossing,1,0,40,42,1,M400-03-baseline-iso,40
155,167,164,166,124,206,return_crossing,return_crossing,1,0,40,43,1,M400-03-baseline-iso,40
176,184,177,179,137,219,return_crossing,return_crossing,1,0,40,44,1,M400-03-baseline-iso,40
187,209,199,203,159,243,return_crossing,return_crossing,1,0,40,45,1,M400-03-baseline-iso,40
223,227,223,225,183,249,return_crossing,return_crossing,1,0,40,46,1,M400-03-baseline-iso,40
272,277,273,275,250,315,return_crossing,return_crossing,1,0,40,46,2,M400-03-baseline-iso,40
527,532,527,529,487,569,return_crossing,return_crossing,1,0,40,47,1,M400-03-baseline-iso,40
297,302,298,301,258,341,return_crossing,return_crossing,1,0,40,48,1,M400-03-baseline-iso,40
303,311,306,308,266,348,return_crossing,return_crossing,1,0,40,49,1,M400-03-baseline-iso,40
350,362,356,361,316,401,return_crossing,return_crossing,1,0,40,50,1,M400-03-baseline-iso,40
352,362,355,357,315,397,return_crossing,return_crossing,1,0,40,51,1,M400-03-baseline-iso,40
362,366,362,364,322,404,return_crossing,return_crossing,1,0,40,52,1,M400-03-baseline-iso,40
362,366,363,365,323,405,return_crossing,return_crossing,1,0,40,53,1,M400-03-baseline-iso,40
538,542,539,541,499,581,return_crossing,return_crossing,1,0,40,54,1,M400-03-baseline-iso,40
567,573,570,572,530,600,return_crossing,return_crossing,1,0,40,55,1,M400-03-baseline-iso,40
577,586,581,583,541,600,return_crossing,return_crossing,1,0,40,56,1,M400-03-baseline-iso,40
1,6,1,6,1,11,seed_not_below_return_level,seed_not_below_return_level,0,1,5,1,1,M401-01-baseline-awake,5
130,140,130,140,125,145,search_limit_unresolved,search_limit_unresolved,0,0,5,1,2,M401-01-baseline-awake,5
228,231,229,231,224,236,return_crossing,return_crossing,1,0,5,1,3,M401-01-baseline-awake,5
1,6,1,6,1,11,recording_boundary_unresolved,seed_not_below_return_level,0,1,5,2,1,M401-01-baseline-awake,5
1,7,1,7,1,12,seed_not_below_return_level,seed_not_below_return_level,0,1,5,3,1,M401-01-baseline-awake,5
1,3,1,3,1,8,seed_not_below_return_level,return_crossing,0,1,5,4,1,M401-01-baseline-awake,5
253,262,254,259,249,264,return_crossing,return_crossing,1,0,5,4,2,M401-01-baseline-awake,5
358,367,358,367,353,372,search_limit_unresolved,search_limit_unresolved,0,0,5,5,1,M401-01-baseline-awake,5
388,392,388,392,383,397,search_limit_unresolved,search_limit_unresolved,0,0,5,5,2,M401-01-baseline-awake,5
535,546,535,544,530,549,search_limit_unresolved,return_crossing,0,0,5,5,3,M401-01-baseline-awake,5
2,17,2,15,1,20,seed_not_below_return_level,return_crossing,0,1,5,6,1,M401-01-baseline-awake,5
201,203,201,203,196,208,search_limit_unresolved,seed_not_below_return_level,0,1,5,6,2,M401-01-baseline-awake,5
242,245,242,245,237,250,return_crossing,seed_not_below_return_level,0,1,5,6,3,M401-01-baseline-awake,5
403,410,407,409,402,414,return_crossing,return_crossing,1,0,5,6,4,M401-01-baseline-awake,5
597,599,597,599,592,600,seed_not_below_return_level,recording_boundary_unresolved,0,1,5,6,5,M401-01-baseline-awake,5
8,12,8,12,3,17,seed_not_below_return_level,seed_not_below_return_level,0,1,5,7,1,M401-01-baseline-awake,5
142,153,143,153,138,158,return_crossing,return_crossing,1,0,5,7,2,M401-01-baseline-awake,5
206,210,206,210,201,215,return_crossing,return_crossing,1,0,5,7,3,M401-01-baseline-awake,5
242,248,244,248,239,253,return_crossing,search_limit_unresolved,0,0,5,7,4,M401-01-baseline-awake,5
412,417,413,415,408,420,return_crossing,return_crossing,1,0,5,7,5,M401-01-baseline-awake,5
579,582,579,582,574,587,search_limit_unresolved,search_limit_unresolved,0,0,5,7,6,M401-01-baseline-awake,5
4,6,4,6,1,11,seed_not_below_return_level,return_crossing,0,1,5,8,1,M401-01-baseline-awake,5
212,263,212,263,207,268,return_crossing,return_crossing,1,0,5,9,1,M401-01-baseline-awake,5
457,463,458,462,453,467,return_crossing,return_crossing,1,0,5,9,2,M401-01-baseline-awake,5
497,500,497,500,492,505,return_crossing,return_crossing,1,0,5,9,3,M401-01-baseline-awake,5
330,346,330,346,325,351,return_crossing,search_limit_unresolved,0,1,5,10,1,M401-01-baseline-awake,5
598,600,598,600,593,600,return_crossing,recording_boundary_unresolved,0,0,5,10,2,M401-01-baseline-awake,5
17,19,17,19,12,24,return_crossing,return_crossing,1,0,5,11,1,M401-01-baseline-awake,5
38,40,38,40,33,45,seed_not_below_return_level,seed_not_below_return_level,0,1,5,12,1,M401-01-baseline-awake,5
249,266,249,266,244,271,seed_not_below_return_level,search_limit_unresolved,0,1,5,12,2,M401-01-baseline-awake,5
294,302,294,302,289,307,search_limit_unresolved,seed_not_below_return_level,0,1,5,12,3,M401-01-baseline-awake,5
325,329,325,329,320,334,seed_not_below_return_level,seed_not_below_return_level,0,1,5,12,4,M401-01-baseline-awake,5
587,591,587,591,582,596,search_limit_unresolved,seed_not_below_return_level,0,1,5,12,5,M401-01-baseline-awake,5
251,254,252,254,247,259,return_crossing,return_crossing,1,0,5,13,1,M401-01-baseline-awake,5
378,387,379,387,374,392,return_crossing,search_limit_unresolved,0,0,5,14,1,M401-01-baseline-awake,5
431,440,433,435,428,440,return_crossing,return_crossing,1,0,5,14,2,M401-01-baseline-awake,5
243,251,246,251,241,256,return_crossing,search_limit_unresolved,0,0,5,15,1,M401-01-baseline-awake,5
505,510,505,508,500,513,search_limit_unresolved,return_crossing,0,0,5,15,2,M401-01-baseline-awake,5
27,31,28,30,23,35,return_crossing,return_crossing,1,0,5,16,1,M401-01-baseline-awake,5
30,37,35,37,30,42,return_crossing,return_crossing,1,0,5,17,1,M401-01-baseline-awake,5
39,43,39,41,34,46,search_limit_unresolved,return_crossing,0,0,5,18,1,M401-01-baseline-awake,5
266,269,266,269,261,274,search_limit_unresolved,search_limit_unresolved,0,0,5,19,1,M401-01-baseline-awake,5
579,582,579,582,574,587,return_crossing,search_limit_unresolved,0,0,5,19,2,M401-01-baseline-awake,5
56,68,56,67,51,72,seed_not_below_return_level,return_crossing,0,1,5,20,1,M401-01-baseline-awake,5
238,240,238,240,233,245,search_limit_unresolved,search_limit_unresolved,0,0,5,20,2,M401-01-baseline-awake,5
176,180,176,180,171,185,search_limit_unresolved,search_limit_unresolved,0,0,5,21,1,M401-01-baseline-awake,5
180,190,180,190,175,195,return_crossing,return_crossing,1,0,5,22,1,M401-01-baseline-awake,5
334,340,336,339,331,344,return_crossing,return_crossing,1,0,5,22,2,M401-01-baseline-awake,5
62,65,63,65,58,70,return_crossing,return_crossing,1,0,5,23,1,M401-01-baseline-awake,5
76,78,76,78,71,83,seed_not_below_return_level,seed_not_below_return_level,0,1,5,24,1,M401-01-baseline-awake,5
113,131,113,131,108,136,search_limit_unresolved,search_limit_unresolved,0,0,5,24,2,M401-01-baseline-awake,5
327,336,330,336,325,341,return_crossing,seed_not_below_return_level,0,1,5,24,3,M401-01-baseline-awake,5
464,502,464,502,459,507,search_limit_unresolved,seed_not_below_return_level,0,1,5,24,4,M401-01-baseline-awake,5
329,340,334,338,329,343,return_crossing,return_crossing,1,0,5,25,1,M401-01-baseline-awake,5
82,87,82,84,77,89,return_crossing,return_crossing,1,0,5,26,1,M401-01-baseline-awake,5
106,109,106,109,101,114,seed_not_below_return_level,seed_not_below_return_level,0,1,5,26,2,M401-01-baseline-awake,5
155,165,156,161,151,166,return_crossing,return_crossing,1,0,5,26,3,M401-01-baseline-awake,5
348,364,348,364,343,369,search_limit_unresolved,search_limit_unresolved,0,0,5,26,4,M401-01-baseline-awake,5
452,461,457,461,452,466,return_crossing,search_limit_unresolved,0,0,5,26,5,M401-01-baseline-awake,5
514,525,519,525,514,530,return_crossing,search_limit_unresolved,0,0,5,26,6,M401-01-baseline-awake,5
82,90,83,87,78,92,return_crossing,return_crossing,1,0,5,27,1,M401-01-baseline-awake,5
167,173,167,173,162,178,search_limit_unresolved,search_limit_unresolved,0,0,5,27,2,M401-01-baseline-awake,5
342,355,342,355,337,360,return_crossing,search_limit_unresolved,0,0,5,27,3,M401-01-baseline-awake,5
472,477,472,477,467,482,seed_not_below_return_level,seed_not_below_return_level,0,1,5,27,4,M401-01-baseline-awake,5
517,537,518,534,513,539,return_crossing,return_crossing,1,0,5,27,5,M401-01-baseline-awake,5
572,574,572,574,567,579,seed_not_below_return_level,seed_not_below_return_level,0,1,5,27,6,M401-01-baseline-awake,5
91,96,91,93,86,98,search_limit_unresolved,return_crossing,0,0,5,28,1,M401-01-baseline-awake,5
103,106,103,105,98,110,return_crossing,return_crossing,1,0,5,29,1,M401-01-baseline-awake,5
93,98,95,97,90,102,return_crossing,return_crossing,1,0,5,30,1,M401-01-baseline-awake,5
218,230,223,226,218,231,return_crossing,return_crossing,1,0,5,31,1,M401-01-baseline-awake,5
106,113,108,110,103,115,return_crossing,return_crossing,1,0,5,32,1,M401-01-baseline-awake,5
126,135,128,130,123,135,return_crossing,return_crossing,1,0,5,33,1,M401-01-baseline-awake,5
136,142,139,141,134,146,return_crossing,return_crossing,1,0,5,34,1,M401-01-baseline-awake,5
136,146,139,142,134,147,return_crossing,return_crossing,1,0,5,35,1,M401-01-baseline-awake,5
149,156,151,156,146,161,return_crossing,return_crossing,1,0,5,36,1,M401-01-baseline-awake,5
488,514,488,514,483,519,return_crossing,return_crossing,1,0,5,36,2,M401-01-baseline-awake,5
482,492,483,492,478,497,return_crossing,search_limit_unresolved,0,0,5,37,1,M401-01-baseline-awake,5
534,557,535,557,530,562,return_crossing,seed_not_below_return_level,0,1,5,37,2,M401-01-baseline-awake,5
264,279,264,274,259,279,search_limit_unresolved,return_crossing,0,0,5,38,1,M401-01-baseline-awake,5
219,223,219,222,214,227,search_limit_unresolved,return_crossing,0,0,5,39,1,M401-01-baseline-awake,5
558,570,558,570,553,575,return_crossing,return_crossing,1,0,5,40,1,M401-01-baseline-awake,5
217,222,217,219,212,224,search_limit_unresolved,return_crossing,0,0,5,41,1,M401-01-baseline-awake,5
226,235,231,233,226,238,return_crossing,return_crossing,1,0,5,42,1,M401-01-baseline-awake,5
241,250,246,248,241,253,return_crossing,return_crossing,1,0,5,43,1,M401-01-baseline-awake,5
325,333,327,329,322,334,return_crossing,return_crossing,1,0,5,44,1,M401-01-baseline-awake,5
440,448,442,445,437,450,return_crossing,return_crossing,1,0,5,44,2,M401-01-baseline-awake,5
370,372,370,372,365,377,search_limit_unresolved,search_limit_unresolved,0,0,5,45,1,M401-01-baseline-awake,5
405,409,405,407,400,412,return_crossing,return_crossing,1,0,5,46,1,M401-01-baseline-awake,5
430,433,431,433,426,438,return_crossing,search_limit_unresolved,0,0,5,46,2,M401-01-baseline-awake,5
560,566,564,566,559,571,return_crossing,search_limit_unresolved,0,0,5,47,1,M401-01-baseline-awake,5
443,450,443,446,438,451,search_limit_unresolved,return_crossing,0,0,5,48,1,M401-01-baseline-awake,5
585,590,585,587,580,592,search_limit_unresolved,return_crossing,0,0,5,49,1,M401-01-baseline-awake,5
1,6,1,6,1,16,seed_not_below_return_level,seed_not_below_return_level,0,1,10,1,1,M401-01-baseline-awake,10
130,148,130,140,120,150,search_limit_unresolved,return_crossing,0,0,10,1,2,M401-01-baseline-awake,10
228,231,229,231,219,241,return_crossing,return_crossing,1,0,10,1,3,M401-01-baseline-awake,10
1,6,1,6,1,16,recording_boundary_unresolved,seed_not_below_return_level,0,1,10,2,1,M401-01-baseline-awake,10
1,7,1,7,1,17,seed_not_below_return_level,seed_not_below_return_level,0,1,10,3,1,M401-01-baseline-awake,10
1,3,1,3,1,13,seed_not_below_return_level,return_crossing,0,1,10,4,1,M401-01-baseline-awake,10
253,262,254,259,244,269,return_crossing,return_crossing,1,0,10,4,2,M401-01-baseline-awake,10
358,376,358,367,348,377,search_limit_unresolved,return_crossing,0,0,10,5,1,M401-01-baseline-awake,10
378,399,388,392,378,402,return_crossing,return_crossing,1,0,10,5,2,M401-01-baseline-awake,10
535,546,535,544,525,554,search_limit_unresolved,return_crossing,0,0,10,5,3,M401-01-baseline-awake,10
2,17,2,15,1,25,seed_not_below_return_level,return_crossing,0,1,10,6,1,M401-01-baseline-awake,10
194,203,201,203,191,213,return_crossing,seed_not_below_return_level,0,1,10,6,2,M401-01-baseline-awake,10
242,245,242,245,232,255,return_crossing,seed_not_below_return_level,0,1,10,6,3,M401-01-baseline-awake,10
403,410,407,409,397,419,return_crossing,return_crossing,1,0,10,6,4,M401-01-baseline-awake,10
597,599,597,599,587,600,seed_not_below_return_level,recording_boundary_unresolved,0,1,10,6,5,M401-01-baseline-awake,10
8,12,8,12,1,22,seed_not_below_return_level,seed_not_below_return_level,0,1,10,7,1,M401-01-baseline-awake,10
142,153,143,153,133,163,return_crossing,return_crossing,1,0,10,7,2,M401-01-baseline-awake,10
206,210,206,210,196,220,return_crossing,return_crossing,1,0,10,7,3,M401-01-baseline-awake,10
242,255,244,248,234,258,return_crossing,return_crossing,1,0,10,7,4,M401-01-baseline-awake,10
412,417,413,415,403,425,return_crossing,return_crossing,1,0,10,7,5,M401-01-baseline-awake,10
572,591,579,582,569,592,return_crossing,return_crossing,1,0,10,7,6,M401-01-baseline-awake,10
4,6,4,6,1,16,seed_not_below_return_level,return_crossing,0,1,10,8,1,M401-01-baseline-awake,10
212,263,212,263,202,273,return_crossing,return_crossing,1,0,10,9,1,M401-01-baseline-awake,10
457,463,458,462,448,472,return_crossing,return_crossing,1,0,10,9,2,M401-01-baseline-awake,10
497,500,497,500,487,510,return_crossing,return_crossing,1,0,10,9,3,M401-01-baseline-awake,10
330,354,330,346,320,356,return_crossing,return_crossing,0,1,10,10,1,M401-01-baseline-awake,10
598,600,598,600,588,600,return_crossing,recording_boundary_unresolved,0,0,10,10,2,M401-01-baseline-awake,10
17,19,17,19,7,29,return_crossing,return_crossing,1,0,10,11,1,M401-01-baseline-awake,10
38,40,38,40,28,50,seed_not_below_return_level,seed_not_below_return_level,0,1,10,12,1,M401-01-baseline-awake,10
249,266,249,266,239,276,seed_not_below_return_level,search_limit_unresolved,0,1,10,12,2,M401-01-baseline-awake,10
287,302,294,302,284,312,return_crossing,seed_not_below_return_level,0,1,10,12,3,M401-01-baseline-awake,10
325,329,325,329,315,339,seed_not_below_return_level,seed_not_below_return_level,0,1,10,12,4,M401-01-baseline-awake,10
581,591,587,591,577,600,return_crossing,seed_not_below_return_level,0,1,10,12,5,M401-01-baseline-awake,10
251,254,252,254,242,264,return_crossing,return_crossing,1,0,10,13,1,M401-01-baseline-awake,10
378,393,379,387,369,397,return_crossing,return_crossing,1,0,10,14,1,M401-01-baseline-awake,10
431,440,433,435,423,445,return_crossing,return_crossing,1,0,10,14,2,M401-01-baseline-awake,10
243,251,246,251,236,261,return_crossing,search_limit_unresolved,0,0,10,15,1,M401-01-baseline-awake,10
497,510,505,508,495,518,return_crossing,return_crossing,1,0,10,15,2,M401-01-baseline-awake,10
27,31,28,30,18,40,return_crossing,return_crossing,1,0,10,16,1,M401-01-baseline-awake,10
30,37,35,37,25,47,return_crossing,return_crossing,1,0,10,17,1,M401-01-baseline-awake,10
33,43,39,41,29,51,return_crossing,return_crossing,1,0,10,18,1,M401-01-baseline-awake,10
256,269,266,269,256,279,return_crossing,search_limit_unresolved,0,0,10,19,1,M401-01-baseline-awake,10
579,590,579,582,569,592,return_crossing,return_crossing,1,0,10,19,2,M401-01-baseline-awake,10
56,68,56,67,46,77,seed_not_below_return_level,return_crossing,0,1,10,20,1,M401-01-baseline-awake,10
238,240,238,240,228,250,search_limit_unresolved,search_limit_unresolved,0,0,10,20,2,M401-01-baseline-awake,10
176,180,176,180,166,190,search_limit_unresolved,search_limit_unresolved,0,0,10,21,1,M401-01-baseline-awake,10
180,190,180,190,170,200,return_crossing,return_crossing,1,0,10,22,1,M401-01-baseline-awake,10
334,340,336,339,326,349,return_crossing,return_crossing,1,0,10,22,2,M401-01-baseline-awake,10
62,65,63,65,53,75,return_crossing,return_crossing,1,0,10,23,1,M401-01-baseline-awake,10
76,78,76,78,66,88,seed_not_below_return_level,seed_not_below_return_level,0,1,10,24,1,M401-01-baseline-awake,10
104,137,113,131,103,141,return_crossing,return_crossing,1,0,10,24,2,M401-01-baseline-awake,10
327,336,330,336,320,346,return_crossing,seed_not_below_return_level,0,1,10,24,3,M401-01-baseline-awake,10
456,502,464,502,454,512,return_crossing,seed_not_below_return_level,0,1,10,24,4,M401-01-baseline-awake,10
329,340,334,338,324,348,return_crossing,return_crossing,1,0,10,25,1,M401-01-baseline-awake,10
82,87,82,84,72,94,return_crossing,return_crossing,1,0,10,26,1,M401-01-baseline-awake,10
106,109,106,109,96,119,seed_not_below_return_level,seed_not_below_return_level,0,1,10,26,2,M401-01-baseline-awake,10
155,165,156,161,146,171,return_crossing,return_crossing,1,0,10,26,3,M401-01-baseline-awake,10
342,364,348,364,338,374,return_crossing,search_limit_unresolved,0,0,10,26,4,M401-01-baseline-awake,10
452,470,457,461,447,471,return_crossing,return_crossing,1,0,10,26,5,M401-01-baseline-awake,10
514,525,519,525,509,535,return_crossing,search_limit_unresolved,0,0,10,26,6,M401-01-baseline-awake,10
82,90,83,87,73,97,return_crossing,return_crossing,1,0,10,27,1,M401-01-baseline-awake,10
167,173,167,173,157,183,search_limit_unresolved,search_limit_unresolved,0,0,10,27,2,M401-01-baseline-awake,10
342,362,342,355,332,365,return_crossing,return_crossing,1,0,10,27,3,M401-01-baseline-awake,10
472,477,472,477,462,487,seed_not_below_return_level,seed_not_below_return_level,0,1,10,27,4,M401-01-baseline-awake,10
517,537,518,534,508,544,return_crossing,return_crossing,1,0,10,27,5,M401-01-baseline-awake,10
572,574,572,574,562,584,seed_not_below_return_level,seed_not_below_return_level,0,1,10,27,6,M401-01-baseline-awake,10
83,96,91,93,81,103,return_crossing,return_crossing,1,0,10,28,1,M401-01-baseline-awake,10
103,106,103,105,93,115,return_crossing,return_crossing,1,0,10,29,1,M401-01-baseline-awake,10
93,98,95,97,85,107,return_crossing,return_crossing,1,0,10,30,1,M401-01-baseline-awake,10
218,230,223,226,213,236,return_crossing,return_crossing,1,0,10,31,1,M401-01-baseline-awake,10
106,113,108,110,98,120,return_crossing,return_crossing,1,0,10,32,1,M401-01-baseline-awake,10
126,135,128,130,118,140,return_crossing,return_crossing,1,0,10,33,1,M401-01-baseline-awake,10
136,142,139,141,129,151,return_crossing,return_crossing,1,0,10,34,1,M401-01-baseline-awake,10
136,146,139,142,129,152,return_crossing,return_crossing,1,0,10,35,1,M401-01-baseline-awake,10
149,156,151,156,141,166,return_crossing,return_crossing,1,0,10,36,1,M401-01-baseline-awake,10
488,514,488,514,478,524,return_crossing,return_crossing,1,0,10,36,2,M401-01-baseline-awake,10
482,492,483,492,473,502,return_crossing,search_limit_unresolved,0,0,10,37,1,M401-01-baseline-awake,10
534,557,535,557,525,567,return_crossing,seed_not_below_return_level,0,1,10,37,2,M401-01-baseline-awake,10
264,279,264,274,254,284,search_limit_unresolved,return_crossing,0,0,10,38,1,M401-01-baseline-awake,10
219,223,219,222,209,232,search_limit_unresolved,return_crossing,0,0,10,39,1,M401-01-baseline-awake,10
558,570,558,570,548,580,return_crossing,return_crossing,1,0,10,40,1,M401-01-baseline-awake,10
217,222,217,219,207,229,search_limit_unresolved,return_crossing,0,0,10,41,1,M401-01-baseline-awake,10
226,235,231,233,221,243,return_crossing,return_crossing,1,0,10,42,1,M401-01-baseline-awake,10
241,250,246,248,236,258,return_crossing,return_crossing,1,0,10,43,1,M401-01-baseline-awake,10
325,333,327,329,317,339,return_crossing,return_crossing,1,0,10,44,1,M401-01-baseline-awake,10
440,448,442,445,432,455,return_crossing,return_crossing,1,0,10,44,2,M401-01-baseline-awake,10
370,372,370,372,360,382,search_limit_unresolved,search_limit_unresolved,0,0,10,45,1,M401-01-baseline-awake,10
405,409,405,407,395,417,return_crossing,return_crossing,1,0,10,46,1,M401-01-baseline-awake,10
430,442,431,433,421,443,return_crossing,return_crossing,1,0,10,46,2,M401-01-baseline-awake,10
560,573,564,566,554,576,return_crossing,return_crossing,1,0,10,47,1,M401-01-baseline-awake,10
443,450,443,446,433,456,search_limit_unresolved,return_crossing,0,0,10,48,1,M401-01-baseline-awake,10
578,590,585,587,575,597,return_crossing,return_crossing,1,0,10,49,1,M401-01-baseline-awake,10
1,6,1,6,1,26,seed_not_below_return_level,seed_not_below_return_level,0,1,20,1,1,M401-01-baseline-awake,20
119,148,130,140,110,160,return_crossing,return_crossing,1,0,20,1,2,M401-01-baseline-awake,20
228,231,229,231,209,251,return_crossing,return_crossing,1,0,20,1,3,M401-01-baseline-awake,20
1,6,1,6,1,26,recording_boundary_unresolved,seed_not_below_return_level,0,1,20,2,1,M401-01-baseline-awake,20
1,7,1,7,1,27,seed_not_below_return_level,seed_not_below_return_level,0,1,20,3,1,M401-01-baseline-awake,20
1,3,1,3,1,23,seed_not_below_return_level,return_crossing,0,1,20,4,1,M401-01-baseline-awake,20
253,262,254,259,234,279,return_crossing,return_crossing,1,0,20,4,2,M401-01-baseline-awake,20
343,376,358,367,338,377,return_crossing,return_crossing,1,0,20,5,1,M401-01-baseline-awake,20
378,399,388,392,378,412,return_crossing,return_crossing,1,0,20,5,2,M401-01-baseline-awake,20
520,546,535,544,515,564,return_crossing,return_crossing,1,0,20,5,3,M401-01-baseline-awake,20
2,17,2,15,1,35,seed_not_below_return_level,return_crossing,0,1,20,6,1,M401-01-baseline-awake,20
194,203,201,203,181,222,return_crossing,seed_not_below_return_level,0,1,20,6,2,M401-01-baseline-awake,20
242,245,242,245,223,265,return_crossing,seed_not_below_return_level,0,1,20,6,3,M401-01-baseline-awake,20
403,410,407,409,387,429,return_crossing,return_crossing,1,0,20,6,4,M401-01-baseline-awake,20
597,599,597,599,577,600,seed_not_below_return_level,recording_boundary_unresolved,0,1,20,6,5,M401-01-baseline-awake,20
8,12,8,12,1,32,seed_not_below_return_level,seed_not_below_return_level,0,1,20,7,1,M401-01-baseline-awake,20
142,153,143,153,123,173,return_crossing,return_crossing,1,0,20,7,2,M401-01-baseline-awake,20
206,210,206,210,186,227,return_crossing,return_crossing,1,0,20,7,3,M401-01-baseline-awake,20
242,255,244,248,228,268,return_crossing,return_crossing,1,0,20,7,4,M401-01-baseline-awake,20
412,417,413,415,393,435,return_crossing,return_crossing,1,0,20,7,5,M401-01-baseline-awake,20
572,591,579,582,559,600,return_crossing,return_crossing,1,0,20,7,6,M401-01-baseline-awake,20
4,6,4,6,1,26,seed_not_below_return_level,return_crossing,0,1,20,8,1,M401-01-baseline-awake,20
212,263,212,263,192,283,return_crossing,return_crossing,1,0,20,9,1,M401-01-baseline-awake,20
457,463,458,462,438,479,return_crossing,return_crossing,1,0,20,9,2,M401-01-baseline-awake,20
497,500,497,500,480,520,return_crossing,return_crossing,1,0,20,9,3,M401-01-baseline-awake,20
330,354,330,346,310,366,return_crossing,return_crossing,0,1,20,10,1,M401-01-baseline-awake,20
598,600,598,600,578,600,return_crossing,recording_boundary_unresolved,0,0,20,10,2,M401-01-baseline-awake,20
17,19,17,19,1,39,return_crossing,return_crossing,1,0,20,11,1,M401-01-baseline-awake,20
38,40,38,40,18,60,seed_not_below_return_level,seed_not_below_return_level,0,1,20,12,1,M401-01-baseline-awake,20
249,266,249,266,229,280,seed_not_below_return_level,search_limit_unresolved,0,1,20,12,2,M401-01-baseline-awake,20
287,302,294,302,281,313,return_crossing,seed_not_below_return_level,0,1,20,12,3,M401-01-baseline-awake,20
325,329,325,329,314,349,seed_not_below_return_level,seed_not_below_return_level,0,1,20,12,4,M401-01-baseline-awake,20
581,591,587,591,567,600,return_crossing,seed_not_below_return_level,0,1,20,12,5,M401-01-baseline-awake,20
251,254,252,254,232,274,return_crossing,return_crossing,1,0,20,13,1,M401-01-baseline-awake,20
378,393,379,387,359,407,return_crossing,return_crossing,1,0,20,14,1,M401-01-baseline-awake,20
431,440,433,435,413,455,return_crossing,return_crossing,1,0,20,14,2,M401-01-baseline-awake,20
243,251,246,251,226,271,return_crossing,search_limit_unresolved,0,0,20,15,1,M401-01-baseline-awake,20
497,510,505,508,485,528,return_crossing,return_crossing,1,0,20,15,2,M401-01-baseline-awake,20
27,31,28,30,8,50,return_crossing,return_crossing,1,0,20,16,1,M401-01-baseline-awake,20
30,37,35,37,15,57,return_crossing,return_crossing,1,0,20,17,1,M401-01-baseline-awake,20
33,43,39,41,19,61,return_crossing,return_crossing,1,0,20,18,1,M401-01-baseline-awake,20
256,287,266,269,246,289,return_crossing,return_crossing,1,0,20,19,1,M401-01-baseline-awake,20
579,590,579,582,559,600,return_crossing,return_crossing,1,0,20,19,2,M401-01-baseline-awake,20
56,68,56,67,36,87,seed_not_below_return_level,return_crossing,0,1,20,20,1,M401-01-baseline-awake,20
221,240,238,240,218,260,return_crossing,search_limit_unresolved,0,0,20,20,2,M401-01-baseline-awake,20
158,180,176,180,156,200,return_crossing,search_limit_unresolved,0,0,20,21,1,M401-01-baseline-awake,20
180,190,180,190,160,210,return_crossing,return_crossing,1,0,20,22,1,M401-01-baseline-awake,20
334,340,336,339,316,359,return_crossing,return_crossing,1,0,20,22,2,M401-01-baseline-awake,20
62,65,63,65,43,85,return_crossing,return_crossing,1,0,20,23,1,M401-01-baseline-awake,20
76,78,76,78,56,95,seed_not_below_return_level,seed_not_below_return_level,0,1,20,24,1,M401-01-baseline-awake,20
104,137,113,131,96,151,return_crossing,return_crossing,1,0,20,24,2,M401-01-baseline-awake,20
327,336,330,336,310,356,return_crossing,seed_not_below_return_level,0,1,20,24,3,M401-01-baseline-awake,20
456,502,464,502,444,522,return_crossing,seed_not_below_return_level,0,1,20,24,4,M401-01-baseline-awake,20
329,340,334,338,314,358,return_crossing,return_crossing,1,0,20,25,1,M401-01-baseline-awake,20
82,87,82,84,62,95,return_crossing,return_crossing,1,0,20,26,1,M401-01-baseline-awake,20
106,109,106,109,96,129,seed_not_below_return_level,seed_not_below_return_level,0,1,20,26,2,M401-01-baseline-awake,20
155,165,156,161,136,181,return_crossing,return_crossing,1,0,20,26,3,M401-01-baseline-awake,20
342,364,348,364,328,384,return_crossing,search_limit_unresolved,0,0,20,26,4,M401-01-baseline-awake,20
452,470,457,461,437,481,return_crossing,return_crossing,1,0,20,26,5,M401-01-baseline-awake,20
514,541,519,525,499,545,return_crossing,return_crossing,1,0,20,26,6,M401-01-baseline-awake,20
82,90,83,87,63,107,return_crossing,return_crossing,1,0,20,27,1,M401-01-baseline-awake,20
155,187,167,173,147,193,return_crossing,return_crossing,1,0,20,27,2,M401-01-baseline-awake,20
342,362,342,355,322,375,return_crossing,return_crossing,1,0,20,27,3,M401-01-baseline-awake,20
472,477,472,477,452,497,seed_not_below_return_level,seed_not_below_return_level,0,1,20,27,4,M401-01-baseline-awake,20
517,537,518,534,498,553,return_crossing,return_crossing,1,0,20,27,5,M401-01-baseline-awake,20
572,574,572,574,554,594,seed_not_below_return_level,seed_not_below_return_level,0,1,20,27,6,M401-01-baseline-awake,20
83,96,91,93,71,113,return_crossing,return_crossing,1,0,20,28,1,M401-01-baseline-awake,20
103,106,103,105,83,125,return_crossing,return_crossing,1,0,20,29,1,M401-01-baseline-awake,20
93,98,95,97,75,117,return_crossing,return_crossing,1,0,20,30,1,M401-01-baseline-awake,20
218,230,223,226,203,246,return_crossing,return_crossing,1,0,20,31,1,M401-01-baseline-awake,20
106,113,108,110,88,130,return_crossing,return_crossing,1,0,20,32,1,M401-01-baseline-awake,20
126,135,128,130,108,150,return_crossing,return_crossing,1,0,20,33,1,M401-01-baseline-awake,20
136,142,139,141,119,161,return_crossing,return_crossing,1,0,20,34,1,M401-01-baseline-awake,20
136,146,139,142,119,162,return_crossing,return_crossing,1,0,20,35,1,M401-01-baseline-awake,20
149,156,151,156,131,176,return_crossing,return_crossing,1,0,20,36,1,M401-01-baseline-awake,20
488,514,488,514,468,534,return_crossing,return_crossing,1,0,20,36,2,M401-01-baseline-awake,20
482,512,483,492,463,512,return_crossing,return_crossing,1,0,20,37,1,M401-01-baseline-awake,20
534,557,535,557,515,577,return_crossing,seed_not_below_return_level,0,1,20,37,2,M401-01-baseline-awake,20
253,279,264,274,244,294,return_crossing,return_crossing,1,0,20,38,1,M401-01-baseline-awake,20
204,223,219,222,199,242,return_crossing,return_crossing,1,0,20,39,1,M401-01-baseline-awake,20
558,570,558,570,538,590,return_crossing,return_crossing,1,0,20,40,1,M401-01-baseline-awake,20
206,222,217,219,197,239,return_crossing,return_crossing,1,0,20,41,1,M401-01-baseline-awake,20
226,235,231,233,211,253,return_crossing,return_crossing,1,0,20,42,1,M401-01-baseline-awake,20
241,250,246,248,226,268,return_crossing,return_crossing,1,0,20,43,1,M401-01-baseline-awake,20
325,333,327,329,307,349,return_crossing,return_crossing,1,0,20,44,1,M401-01-baseline-awake,20
440,448,442,445,422,465,return_crossing,return_crossing,1,0,20,44,2,M401-01-baseline-awake,20
370,372,370,372,350,392,search_limit_unresolved,search_limit_unresolved,0,0,20,45,1,M401-01-baseline-awake,20
405,409,405,407,385,419,return_crossing,return_crossing,1,0,20,46,1,M401-01-baseline-awake,20
430,442,431,433,420,453,return_crossing,return_crossing,1,0,20,46,2,M401-01-baseline-awake,20
560,573,564,566,544,586,return_crossing,return_crossing,1,0,20,47,1,M401-01-baseline-awake,20
429,450,443,446,423,466,return_crossing,return_crossing,1,0,20,48,1,M401-01-baseline-awake,20
578,590,585,587,565,600,return_crossing,return_crossing,1,0,20,49,1,M401-01-baseline-awake,20
1,6,1,6,1,46,seed_not_below_return_level,seed_not_below_return_level,0,1,40,1,1,M401-01-baseline-awake,40
119,148,130,140,90,180,return_crossing,return_crossing,1,0,40,1,2,M401-01-baseline-awake,40
228,231,229,231,189,271,return_crossing,return_crossing,1,0,40,1,3,M401-01-baseline-awake,40
1,6,1,6,1,46,recording_boundary_unresolved,seed_not_below_return_level,0,1,40,2,1,M401-01-baseline-awake,40
1,7,1,7,1,47,seed_not_below_return_level,seed_not_below_return_level,0,1,40,3,1,M401-01-baseline-awake,40
1,3,1,3,1,43,seed_not_below_return_level,return_crossing,0,1,40,4,1,M401-01-baseline-awake,40
253,262,254,259,214,299,return_crossing,return_crossing,1,0,40,4,2,M401-01-baseline-awake,40
343,376,358,367,318,377,return_crossing,return_crossing,1,0,40,5,1,M401-01-baseline-awake,40
378,399,388,392,378,432,return_crossing,return_crossing,1,0,40,5,2,M401-01-baseline-awake,40
520,546,535,544,495,584,return_crossing,return_crossing,1,0,40,5,3,M401-01-baseline-awake,40
2,17,2,15,1,55,seed_not_below_return_level,return_crossing,0,1,40,6,1,M401-01-baseline-awake,40
194,203,201,203,161,222,return_crossing,seed_not_below_return_level,0,1,40,6,2,M401-01-baseline-awake,40
242,245,242,245,223,285,return_crossing,seed_not_below_return_level,0,1,40,6,3,M401-01-baseline-awake,40
403,410,407,409,367,449,return_crossing,return_crossing,1,0,40,6,4,M401-01-baseline-awake,40
597,599,597,599,557,600,seed_not_below_return_level,recording_boundary_unresolved,0,1,40,6,5,M401-01-baseline-awake,40
8,12,8,12,1,52,seed_not_below_return_level,seed_not_below_return_level,0,1,40,7,1,M401-01-baseline-awake,40
142,153,143,153,103,179,return_crossing,return_crossing,1,0,40,7,2,M401-01-baseline-awake,40
206,210,206,210,180,227,return_crossing,return_crossing,1,0,40,7,3,M401-01-baseline-awake,40
242,255,244,248,228,288,return_crossing,return_crossing,1,0,40,7,4,M401-01-baseline-awake,40
412,417,413,415,373,455,return_crossing,return_crossing,1,0,40,7,5,M401-01-baseline-awake,40
572,591,579,582,539,600,return_crossing,return_crossing,1,0,40,7,6,M401-01-baseline-awake,40
4,6,4,6,1,46,seed_not_below_return_level,return_crossing,0,1,40,8,1,M401-01-baseline-awake,40
212,263,212,263,172,303,return_crossing,return_crossing,1,0,40,9,1,M401-01-baseline-awake,40
457,463,458,462,418,479,return_crossing,return_crossing,1,0,40,9,2,M401-01-baseline-awake,40
497,500,497,500,480,540,return_crossing,return_crossing,1,0,40,9,3,M401-01-baseline-awake,40
330,354,330,346,290,386,return_crossing,return_crossing,0,1,40,10,1,M401-01-baseline-awake,40
598,600,598,600,558,600,return_crossing,recording_boundary_unresolved,0,0,40,10,2,M401-01-baseline-awake,40
17,19,17,19,1,59,return_crossing,return_crossing,1,0,40,11,1,M401-01-baseline-awake,40
38,40,38,40,1,80,seed_not_below_return_level,seed_not_below_return_level,0,1,40,12,1,M401-01-baseline-awake,40
249,266,249,266,209,280,seed_not_below_return_level,search_limit_unresolved,0,1,40,12,2,M401-01-baseline-awake,40
287,302,294,302,281,313,return_crossing,seed_not_below_return_level,0,1,40,12,3,M401-01-baseline-awake,40
325,329,325,329,314,369,seed_not_below_return_level,seed_not_below_return_level,0,1,40,12,4,M401-01-baseline-awake,40
581,591,587,591,547,600,return_crossing,seed_not_below_return_level,0,1,40,12,5,M401-01-baseline-awake,40
251,254,252,254,212,294,return_crossing,return_crossing,1,0,40,13,1,M401-01-baseline-awake,40
378,393,379,387,339,410,return_crossing,return_crossing,1,0,40,14,1,M401-01-baseline-awake,40
431,440,433,435,411,475,return_crossing,return_crossing,1,0,40,14,2,M401-01-baseline-awake,40
243,272,246,251,206,291,return_crossing,return_crossing,1,0,40,15,1,M401-01-baseline-awake,40
497,510,505,508,465,548,return_crossing,return_crossing,1,0,40,15,2,M401-01-baseline-awake,40
27,31,28,30,1,70,return_crossing,return_crossing,1,0,40,16,1,M401-01-baseline-awake,40
30,37,35,37,1,77,return_crossing,return_crossing,1,0,40,17,1,M401-01-baseline-awake,40
33,43,39,41,1,81,return_crossing,return_crossing,1,0,40,18,1,M401-01-baseline-awake,40
256,287,266,269,226,309,return_crossing,return_crossing,1,0,40,19,1,M401-01-baseline-awake,40
579,590,579,582,539,600,return_crossing,return_crossing,1,0,40,19,2,M401-01-baseline-awake,40
56,68,56,67,16,107,seed_not_below_return_level,return_crossing,0,1,40,20,1,M401-01-baseline-awake,40
221,280,238,240,198,280,return_crossing,return_crossing,1,0,40,20,2,M401-01-baseline-awake,40
158,202,176,180,136,220,return_crossing,return_crossing,1,0,40,21,1,M401-01-baseline-awake,40
180,190,180,190,140,230,return_crossing,return_crossing,1,0,40,22,1,M401-01-baseline-awake,40
334,340,336,339,296,379,return_crossing,return_crossing,1,0,40,22,2,M401-01-baseline-awake,40
62,65,63,65,23,105,return_crossing,return_crossing,1,0,40,23,1,M401-01-baseline-awake,40
76,78,76,78,36,95,seed_not_below_return_level,seed_not_below_return_level,0,1,40,24,1,M401-01-baseline-awake,40
104,137,113,131,96,171,return_crossing,return_crossing,1,0,40,24,2,M401-01-baseline-awake,40
327,336,330,336,290,376,return_crossing,seed_not_below_return_level,0,1,40,24,3,M401-01-baseline-awake,40
456,502,464,502,424,542,return_crossing,seed_not_below_return_level,0,1,40,24,4,M401-01-baseline-awake,40
329,340,334,338,294,378,return_crossing,return_crossing,1,0,40,25,1,M401-01-baseline-awake,40
82,87,82,84,42,95,return_crossing,return_crossing,1,0,40,26,1,M401-01-baseline-awake,40
106,109,106,109,96,132,seed_not_below_return_level,seed_not_below_return_level,0,1,40,26,2,M401-01-baseline-awake,40
155,165,156,161,133,201,return_crossing,return_crossing,1,0,40,26,3,M401-01-baseline-awake,40
342,388,348,364,308,404,return_crossing,return_crossing,1,0,40,26,4,M401-01-baseline-awake,40
452,470,457,461,417,490,return_crossing,return_crossing,1,0,40,26,5,M401-01-baseline-awake,40
514,541,519,525,491,565,return_crossing,return_crossing,1,0,40,26,6,M401-01-baseline-awake,40
82,90,83,87,43,127,return_crossing,return_crossing,1,0,40,27,1,M401-01-baseline-awake,40
155,187,167,173,128,213,return_crossing,return_crossing,1,0,40,27,2,M401-01-baseline-awake,40
342,362,342,355,302,395,return_crossing,return_crossing,1,0,40,27,3,M401-01-baseline-awake,40
472,477,472,477,432,497,seed_not_below_return_level,seed_not_below_return_level,0,1,40,27,4,M401-01-baseline-awake,40
517,537,518,534,498,553,return_crossing,return_crossing,1,0,40,27,5,M401-01-baseline-awake,40
572,574,572,574,554,600,seed_not_below_return_level,seed_not_below_return_level,0,1,40,27,6,M401-01-baseline-awake,40
83,96,91,93,51,133,return_crossing,return_crossing,1,0,40,28,1,M401-01-baseline-awake,40
103,106,103,105,63,145,return_crossing,return_crossing,1,0,40,29,1,M401-01-baseline-awake,40
93,98,95,97,55,137,return_crossing,return_crossing,1,0,40,30,1,M401-01-baseline-awake,40
218,230,223,226,183,266,return_crossing,return_crossing,1,0,40,31,1,M401-01-baseline-awake,40
106,113,108,110,68,150,return_crossing,return_crossing,1,0,40,32,1,M401-01-baseline-awake,40
126,135,128,130,88,170,return_crossing,return_crossing,1,0,40,33,1,M401-01-baseline-awake,40
136,142,139,141,99,181,return_crossing,return_crossing,1,0,40,34,1,M401-01-baseline-awake,40
136,146,139,142,99,182,return_crossing,return_crossing,1,0,40,35,1,M401-01-baseline-awake,40
149,156,151,156,111,196,return_crossing,return_crossing,1,0,40,36,1,M401-01-baseline-awake,40
488,514,488,514,448,554,return_crossing,return_crossing,1,0,40,36,2,M401-01-baseline-awake,40
482,512,483,492,443,513,return_crossing,return_crossing,1,0,40,37,1,M401-01-baseline-awake,40
534,557,535,557,514,597,return_crossing,seed_not_below_return_level,0,1,40,37,2,M401-01-baseline-awake,40
253,279,264,274,224,314,return_crossing,return_crossing,1,0,40,38,1,M401-01-baseline-awake,40
204,223,219,222,179,262,return_crossing,return_crossing,1,0,40,39,1,M401-01-baseline-awake,40
558,570,558,570,518,600,return_crossing,return_crossing,1,0,40,40,1,M401-01-baseline-awake,40
206,222,217,219,177,259,return_crossing,return_crossing,1,0,40,41,1,M401-01-baseline-awake,40
226,235,231,233,191,273,return_crossing,return_crossing,1,0,40,42,1,M401-01-baseline-awake,40
241,250,246,248,206,288,return_crossing,return_crossing,1,0,40,43,1,M401-01-baseline-awake,40
325,333,327,329,287,369,return_crossing,return_crossing,1,0,40,44,1,M401-01-baseline-awake,40
440,448,442,445,402,485,return_crossing,return_crossing,1,0,40,44,2,M401-01-baseline-awake,40
348,393,370,372,330,412,return_crossing,return_crossing,1,0,40,45,1,M401-01-baseline-awake,40
405,409,405,407,365,419,return_crossing,return_crossing,1,0,40,46,1,M401-01-baseline-awake,40
430,442,431,433,420,473,return_crossing,return_crossing,1,0,40,46,2,M401-01-baseline-awake,40
560,573,564,566,524,600,return_crossing,return_crossing,1,0,40,47,1,M401-01-baseline-awake,40
429,450,443,446,403,486,return_crossing,return_crossing,1,0,40,48,1,M401-01-baseline-awake,40
578,590,585,587,545,600,return_crossing,return_crossing,1,0,40,49,1,M401-01-baseline-awake,40
2,12,7,12,2,17,return_crossing,seed_not_below_return_level,0,1,5,1,1,M401-03-baseline-iso,5
217,221,217,221,212,226,seed_not_below_return_level,seed_not_below_return_level,0,1,5,1,2,M401-03-baseline-iso,5
25,32,27,29,22,34,return_crossing,return_crossing,1,0,5,2,1,M401-03-baseline-iso,5
241,245,243,245,238,250,return_crossing,return_crossing,1,0,5,2,2,M401-03-baseline-iso,5
246,249,246,249,241,254,return_crossing,seed_not_below_return_level,0,1,5,3,1,M401-03-baseline-iso,5
281,285,281,283,276,288,return_crossing,return_crossing,1,0,5,3,2,M401-03-baseline-iso,5
307,311,309,311,304,316,return_crossing,seed_not_below_return_level,0,1,5,4,1,M401-03-baseline-iso,5
12,15,12,15,7,20,return_crossing,seed_not_below_return_level,0,1,5,5,1,M401-03-baseline-iso,5
36,40,37,40,32,45,return_crossing,return_crossing,1,0,5,5,2,M401-03-baseline-iso,5
255,259,255,258,250,263,seed_not_below_return_level,return_crossing,0,1,5,5,3,M401-03-baseline-iso,5
19,24,22,24,17,29,return_crossing,search_limit_unresolved,0,0,5,6,1,M401-03-baseline-iso,5
9,18,14,16,9,21,return_crossing,return_crossing,1,0,5,7,1,M401-03-baseline-iso,5
274,277,274,276,269,281,search_limit_unresolved,return_crossing,0,0,5,8,1,M401-03-baseline-iso,5
20,28,22,24,17,29,return_crossing,return_crossing,1,0,5,9,1,M401-03-baseline-iso,5
233,238,236,238,231,243,return_crossing,search_limit_unresolved,0,0,5,10,1,M401-03-baseline-iso,5
235,241,236,239,231,244,return_crossing,return_crossing,1,0,5,11,1,M401-03-baseline-iso,5
34,40,36,38,31,43,return_crossing,return_crossing,1,0,5,12,1,M401-03-baseline-iso,5
550,557,550,554,545,559,search_limit_unresolved,return_crossing,0,0,5,13,1,M401-03-baseline-iso,5
39,42,40,42,35,47,return_crossing,return_crossing,1,0,5,14,1,M401-03-baseline-iso,5
45,51,47,50,42,55,return_crossing,return_crossing,1,0,5,15,1,M401-03-baseline-iso,5
116,121,118,120,113,125,return_crossing,return_crossing,1,0,5,16,1,M401-03-baseline-iso,5
57,63,60,63,55,68,return_crossing,search_limit_unresolved,0,0,5,17,1,M401-03-baseline-iso,5
141,165,142,164,137,169,return_crossing,return_crossing,1,0,5,17,2,M401-03-baseline-iso,5
288,293,288,293,283,298,search_limit_unresolved,search_limit_unresolved,0,0,5,17,3,M401-03-baseline-iso,5
361,366,361,366,356,371,seed_not_below_return_level,seed_not_below_return_level,0,1,5,17,4,M401-03-baseline-iso,5
462,473,462,470,457,475,search_limit_unresolved,return_crossing,0,0,5,17,5,M401-03-baseline-iso,5
559,568,563,566,558,571,return_crossing,return_crossing,1,0,5,17,6,M401-03-baseline-iso,5
72,79,72,74,67,79,search_limit_unresolved,return_crossing,0,0,5,18,1,M401-03-baseline-iso,5
167,170,168,170,163,175,return_crossing,search_limit_unresolved,0,0,5,19,1,M401-03-baseline-iso,5
93,113,93,113,88,118,return_crossing,search_limit_unresolved,0,0,5,20,1,M401-03-baseline-iso,5
125,133,130,132,125,137,return_crossing,return_crossing,1,0,5,21,1,M401-03-baseline-iso,5
506,511,507,511,502,516,return_crossing,return_crossing,1,0,5,22,1,M401-03-baseline-iso,5
214,218,215,217,210,222,return_crossing,return_crossing,1,0,5,23,1,M401-03-baseline-iso,5
222,229,227,229,222,234,return_crossing,return_crossing,1,0,5,24,1,M401-03-baseline-iso,5
519,522,519,521,514,526,return_crossing,return_crossing,1,0,5,25,1,M401-03-baseline-iso,5
272,278,272,276,267,281,return_crossing,return_crossing,1,0,5,26,1,M401-03-baseline-iso,5
321,325,322,324,317,329,return_crossing,return_crossing,1,0,5,27,1,M401-03-baseline-iso,5
415,424,419,421,414,426,return_crossing,return_crossing,1,0,5,28,1,M401-03-baseline-iso,5
464,471,465,470,460,475,return_crossing,return_crossing,1,0,5,29,1,M401-03-baseline-iso,5
475,481,476,478,471,483,return_crossing,return_crossing,1,0,5,30,1,M401-03-baseline-iso,5
486,489,486,488,481,493,return_crossing,return_crossing,1,0,5,31,1,M401-03-baseline-iso,5
538,543,540,542,535,547,return_crossing,return_crossing,1,0,5,32,1,M401-03-baseline-iso,5
576,582,576,578,571,583,return_crossing,return_crossing,1,0,5,33,1,M401-03-baseline-iso,5
2,12,7,12,1,22,return_crossing,seed_not_below_return_level,0,1,10,1,1,M401-03-baseline-iso,10
217,221,217,221,207,231,seed_not_below_return_level,seed_not_below_return_level,0,1,10,1,2,M401-03-baseline-iso,10
25,32,27,29,17,39,return_crossing,return_crossing,1,0,10,2,1,M401-03-baseline-iso,10
241,245,243,245,233,255,return_crossing,return_crossing,1,0,10,2,2,M401-03-baseline-iso,10
246,249,246,249,236,259,return_crossing,seed_not_below_return_level,0,1,10,3,1,M401-03-baseline-iso,10
281,285,281,283,271,293,return_crossing,return_crossing,1,0,10,3,2,M401-03-baseline-iso,10
307,311,309,311,299,321,return_crossing,seed_not_below_return_level,0,1,10,4,1,M401-03-baseline-iso,10
12,15,12,15,2,25,return_crossing,seed_not_below_return_level,0,1,10,5,1,M401-03-baseline-iso,10
36,40,37,40,27,50,return_crossing,return_crossing,1,0,10,5,2,M401-03-baseline-iso,10
255,259,255,258,245,268,seed_not_below_return_level,return_crossing,0,1,10,5,3,M401-03-baseline-iso,10
19,32,22,24,12,34,return_crossing,return_crossing,1,0,10,6,1,M401-03-baseline-iso,10
9,18,14,16,4,26,return_crossing,return_crossing,1,0,10,7,1,M401-03-baseline-iso,10
266,277,274,276,264,286,return_crossing,return_crossing,1,0,10,8,1,M401-03-baseline-iso,10
20,28,22,24,12,34,return_crossing,return_crossing,1,0,10,9,1,M401-03-baseline-iso,10
233,245,236,238,226,248,return_crossing,return_crossing,1,0,10,10,1,M401-03-baseline-iso,10
235,241,236,239,226,249,return_crossing,return_crossing,1,0,10,11,1,M401-03-baseline-iso,10
34,40,36,38,26,48,return_crossing,return_crossing,1,0,10,12,1,M401-03-baseline-iso,10
550,557,550,554,540,564,search_limit_unresolved,return_crossing,0,0,10,13,1,M401-03-baseline-iso,10
39,42,40,42,30,52,return_crossing,return_crossing,1,0,10,14,1,M401-03-baseline-iso,10
45,51,47,50,37,60,return_crossing,return_crossing,1,0,10,15,1,M401-03-baseline-iso,10
116,121,118,120,108,130,return_crossing,return_crossing,1,0,10,16,1,M401-03-baseline-iso,10
57,72,60,63,50,73,return_crossing,return_crossing,1,0,10,17,1,M401-03-baseline-iso,10
141,165,142,164,132,174,return_crossing,return_crossing,1,0,10,17,2,M401-03-baseline-iso,10
279,300,288,293,278,303,return_crossing,return_crossing,1,0,10,17,3,M401-03-baseline-iso,10
361,366,361,366,351,376,seed_not_below_return_level,seed_not_below_return_level,0,1,10,17,4,M401-03-baseline-iso,10
462,473,462,470,452,480,search_limit_unresolved,return_crossing,0,0,10,17,5,M401-03-baseline-iso,10
559,568,563,566,553,576,return_crossing,return_crossing,1,0,10,17,6,M401-03-baseline-iso,10
72,79,72,74,62,84,search_limit_unresolved,return_crossing,0,0,10,18,1,M401-03-baseline-iso,10
167,176,168,170,158,180,return_crossing,return_crossing,1,0,10,19,1,M401-03-baseline-iso,10
93,113,93,113,83,123,return_crossing,search_limit_unresolved,0,0,10,20,1,M401-03-baseline-iso,10
125,133,130,132,120,142,return_crossing,return_crossing,1,0,10,21,1,M401-03-baseline-iso,10
506,511,507,511,497,521,return_crossing,return_crossing,1,0,10,22,1,M401-03-baseline-iso,10
214,218,215,217,205,227,return_crossing,return_crossing,1,0,10,23,1,M401-03-baseline-iso,10
222,229,227,229,217,239,return_crossing,return_crossing,1,0,10,24,1,M401-03-baseline-iso,10
519,522,519,521,509,531,return_crossing,return_crossing,1,0,10,25,1,M401-03-baseline-iso,10
272,278,272,276,262,286,return_crossing,return_crossing,1,0,10,26,1,M401-03-baseline-iso,10
321,325,322,324,312,334,return_crossing,return_crossing,1,0,10,27,1,M401-03-baseline-iso,10
415,424,419,421,409,431,return_crossing,return_crossing,1,0,10,28,1,M401-03-baseline-iso,10
464,471,465,470,455,480,return_crossing,return_crossing,1,0,10,29,1,M401-03-baseline-iso,10
475,481,476,478,466,488,return_crossing,return_crossing,1,0,10,30,1,M401-03-baseline-iso,10
486,489,486,488,476,498,return_crossing,return_crossing,1,0,10,31,1,M401-03-baseline-iso,10
538,543,540,542,530,552,return_crossing,return_crossing,1,0,10,32,1,M401-03-baseline-iso,10
576,582,576,578,566,588,return_crossing,return_crossing,1,0,10,33,1,M401-03-baseline-iso,10
2,12,7,12,1,32,return_crossing,seed_not_below_return_level,0,1,20,1,1,M401-03-baseline-iso,20
217,221,217,221,197,241,seed_not_below_return_level,seed_not_below_return_level,0,1,20,1,2,M401-03-baseline-iso,20
25,32,27,29,7,49,return_crossing,return_crossing,1,0,20,2,1,M401-03-baseline-iso,20
241,245,243,245,223,265,return_crossing,return_crossing,1,0,20,2,2,M401-03-baseline-iso,20
246,249,246,249,226,265,return_crossing,seed_not_below_return_level,0,1,20,3,1,M401-03-baseline-iso,20
281,285,281,283,266,303,return_crossing,return_crossing,1,0,20,3,2,M401-03-baseline-iso,20
307,311,309,311,289,331,return_crossing,seed_not_below_return_level,0,1,20,4,1,M401-03-baseline-iso,20
12,15,12,15,1,26,return_crossing,seed_not_below_return_level,0,1,20,5,1,M401-03-baseline-iso,20
36,40,37,40,27,60,return_crossing,return_crossing,1,0,20,5,2,M401-03-baseline-iso,20
255,259,255,258,235,278,seed_not_below_return_level,return_crossing,0,1,20,5,3,M401-03-baseline-iso,20
19,32,22,24,2,44,return_crossing,return_crossing,1,0,20,6,1,M401-03-baseline-iso,20
9,18,14,16,1,36,return_crossing,return_crossing,1,0,20,7,1,M401-03-baseline-iso,20
266,277,274,276,254,296,return_crossing,return_crossing,1,0,20,8,1,M401-03-baseline-iso,20
20,28,22,24,2,44,return_crossing,return_crossing,1,0,20,9,1,M401-03-baseline-iso,20
233,245,236,238,216,258,return_crossing,return_crossing,1,0,20,10,1,M401-03-baseline-iso,20
235,241,236,239,216,259,return_crossing,return_crossing,1,0,20,11,1,M401-03-baseline-iso,20
34,40,36,38,16,58,return_crossing,return_crossing,1,0,20,12,1,M401-03-baseline-iso,20
531,557,550,554,530,574,return_crossing,return_crossing,1,0,20,13,1,M401-03-baseline-iso,20
39,42,40,42,20,62,return_crossing,return_crossing,1,0,20,14,1,M401-03-baseline-iso,20
45,51,47,50,27,70,return_crossing,return_crossing,1,0,20,15,1,M401-03-baseline-iso,20
116,121,118,120,98,140,return_crossing,return_crossing,1,0,20,16,1,M401-03-baseline-iso,20
57,72,60,63,40,83,return_crossing,return_crossing,1,0,20,17,1,M401-03-baseline-iso,20
141,165,142,164,122,184,return_crossing,return_crossing,1,0,20,17,2,M401-03-baseline-iso,20
279,300,288,293,268,313,return_crossing,return_crossing,1,0,20,17,3,M401-03-baseline-iso,20
361,366,361,366,341,386,seed_not_below_return_level,seed_not_below_return_level,0,1,20,17,4,M401-03-baseline-iso,20
443,473,462,470,442,490,return_crossing,return_crossing,1,0,20,17,5,M401-03-baseline-iso,20
559,568,563,566,543,586,return_crossing,return_crossing,1,0,20,17,6,M401-03-baseline-iso,20
59,79,72,74,52,94,return_crossing,return_crossing,1,0,20,18,1,M401-03-baseline-iso,20
167,176,168,170,148,190,return_crossing,return_crossing,1,0,20,19,1,M401-03-baseline-iso,20
93,132,93,113,73,133,return_crossing,return_crossing,1,0,20,20,1,M401-03-baseline-iso,20
125,133,130,132,110,152,return_crossing,return_crossing,1,0,20,21,1,M401-03-baseline-iso,20
506,511,507,511,487,531,return_crossing,return_crossing,1,0,20,22,1,M401-03-baseline-iso,20
214,218,215,217,195,237,return_crossing,return_crossing,1,0,20,23,1,M401-03-baseline-iso,20
222,229,227,229,207,249,return_crossing,return_crossing,1,0,20,24,1,M401-03-baseline-iso,20
519,522,519,521,499,541,return_crossing,return_crossing,1,0,20,25,1,M401-03-baseline-iso,20
272,278,272,276,252,296,return_crossing,return_crossing,1,0,20,26,1,M401-03-baseline-iso,20
321,325,322,324,302,344,return_crossing,return_crossing,1,0,20,27,1,M401-03-baseline-iso,20
415,424,419,421,399,441,return_crossing,return_crossing,1,0,20,28,1,M401-03-baseline-iso,20
464,471,465,470,445,490,return_crossing,return_crossing,1,0,20,29,1,M401-03-baseline-iso,20
475,481,476,478,456,498,return_crossing,return_crossing,1,0,20,30,1,M401-03-baseline-iso,20
486,489,486,488,466,508,return_crossing,return_crossing,1,0,20,31,1,M401-03-baseline-iso,20
538,543,540,542,520,562,return_crossing,return_crossing,1,0,20,32,1,M401-03-baseline-iso,20
576,582,576,578,556,598,return_crossing,return_crossing,1,0,20,33,1,M401-03-baseline-iso,20
2,12,7,12,1,52,return_crossing,seed_not_below_return_level,0,1,40,1,1,M401-03-baseline-iso,40
217,221,217,221,177,261,seed_not_below_return_level,seed_not_below_return_level,0,1,40,1,2,M401-03-baseline-iso,40
25,32,27,29,1,69,return_crossing,return_crossing,1,0,40,2,1,M401-03-baseline-iso,40
241,245,243,245,203,285,return_crossing,return_crossing,1,0,40,2,2,M401-03-baseline-iso,40
246,249,246,249,206,265,return_crossing,seed_not_below_return_level,0,1,40,3,1,M401-03-baseline-iso,40
281,285,281,283,266,323,return_crossing,return_crossing,1,0,40,3,2,M401-03-baseline-iso,40
307,311,309,311,269,351,return_crossing,seed_not_below_return_level,0,1,40,4,1,M401-03-baseline-iso,40
12,15,12,15,1,26,return_crossing,seed_not_below_return_level,0,1,40,5,1,M401-03-baseline-iso,40
36,40,37,40,27,80,return_crossing,return_crossing,1,0,40,5,2,M401-03-baseline-iso,40
255,259,255,258,215,298,seed_not_below_return_level,return_crossing,0,1,40,5,3,M401-03-baseline-iso,40
19,32,22,24,1,64,return_crossing,return_crossing,1,0,40,6,1,M401-03-baseline-iso,40
9,18,14,16,1,56,return_crossing,return_crossing,1,0,40,7,1,M401-03-baseline-iso,40
266,277,274,276,234,316,return_crossing,return_crossing,1,0,40,8,1,M401-03-baseline-iso,40
20,28,22,24,1,64,return_crossing,return_crossing,1,0,40,9,1,M401-03-baseline-iso,40
233,245,236,238,196,278,return_crossing,return_crossing,1,0,40,10,1,M401-03-baseline-iso,40
235,241,236,239,196,279,return_crossing,return_crossing,1,0,40,11,1,M401-03-baseline-iso,40
34,40,36,38,1,78,return_crossing,return_crossing,1,0,40,12,1,M401-03-baseline-iso,40
531,557,550,554,510,594,return_crossing,return_crossing,1,0,40,13,1,M401-03-baseline-iso,40
39,42,40,42,1,82,return_crossing,return_crossing,1,0,40,14,1,M401-03-baseline-iso,40
45,51,47,50,7,90,return_crossing,return_crossing,1,0,40,15,1,M401-03-baseline-iso,40
116,121,118,120,78,160,return_crossing,return_crossing,1,0,40,16,1,M401-03-baseline-iso,40
57,72,60,63,20,102,return_crossing,return_crossing,1,0,40,17,1,M401-03-baseline-iso,40
141,165,142,164,103,204,return_crossing,return_crossing,1,0,40,17,2,M401-03-baseline-iso,40
279,300,288,293,248,327,return_crossing,return_crossing,1,0,40,17,3,M401-03-baseline-iso,40
361,366,361,366,328,406,seed_not_below_return_level,seed_not_below_return_level,0,1,40,17,4,M401-03-baseline-iso,40
443,473,462,470,422,510,return_crossing,return_crossing,1,0,40,17,5,M401-03-baseline-iso,40
559,568,563,566,523,600,return_crossing,return_crossing,1,0,40,17,6,M401-03-baseline-iso,40
59,79,72,74,32,114,return_crossing,return_crossing,1,0,40,18,1,M401-03-baseline-iso,40
167,176,168,170,128,210,return_crossing,return_crossing,1,0,40,19,1,M401-03-baseline-iso,40
93,132,93,113,53,153,return_crossing,return_crossing,1,0,40,20,1,M401-03-baseline-iso,40
125,133,130,132,90,172,return_crossing,return_crossing,1,0,40,21,1,M401-03-baseline-iso,40
506,511,507,511,467,551,return_crossing,return_crossing,1,0,40,22,1,M401-03-baseline-iso,40
214,218,215,217,175,257,return_crossing,return_crossing,1,0,40,23,1,M401-03-baseline-iso,40
222,229,227,229,187,269,return_crossing,return_crossing,1,0,40,24,1,M401-03-baseline-iso,40
519,522,519,521,479,561,return_crossing,return_crossing,1,0,40,25,1,M401-03-baseline-iso,40
272,278,272,276,232,316,return_crossing,return_crossing,1,0,40,26,1,M401-03-baseline-iso,40
321,325,322,324,282,364,return_crossing,return_crossing,1,0,40,27,1,M401-03-baseline-iso,40
415,424,419,421,379,461,return_crossing,return_crossing,1,0,40,28,1,M401-03-baseline-iso,40
464,471,465,470,425,510,return_crossing,return_crossing,1,0,40,29,1,M401-03-baseline-iso,40
475,481,476,478,436,518,return_crossing,return_crossing,1,0,40,30,1,M401-03-baseline-iso,40
486,489,486,488,446,528,return_crossing,return_crossing,1,0,40,31,1,M401-03-baseline-iso,40
538,543,540,542,500,582,return_crossing,return_crossing,1,0,40,32,1,M401-03-baseline-iso,40
576,582,576,578,536,600,return_crossing,return_crossing,1,0,40,33,1,M401-03-baseline-iso,40
1,15,1,15,1,20,recording_boundary_unresolved,search_limit_unresolved,0,1,5,1,1,FB2312-baseline-awake,5
125,131,125,131,120,136,search_limit_unresolved,return_crossing,0,0,5,1,2,FB2312-baseline-awake,5
306,313,306,310,301,315,search_limit_unresolved,return_crossing,0,0,5,1,3,FB2312-baseline-awake,5
367,374,370,374,365,379,return_crossing,return_crossing,1,0,5,1,4,FB2312-baseline-awake,5
487,490,487,490,482,495,search_limit_unresolved,return_crossing,0,0,5,1,5,FB2312-baseline-awake,5
528,540,529,540,524,545,return_crossing,search_limit_unresolved,0,0,5,1,6,FB2312-baseline-awake,5
585,594,585,594,580,599,search_limit_unresolved,search_limit_unresolved,0,0,5,1,7,FB2312-baseline-awake,5
636,646,640,646,635,651,return_crossing,search_limit_unresolved,0,0,5,1,8,FB2312-baseline-awake,5
774,779,776,779,771,784,return_crossing,search_limit_unresolved,0,0,5,1,9,FB2312-baseline-awake,5
929,935,929,932,924,937,search_limit_unresolved,return_crossing,0,0,5,1,10,FB2312-baseline-awake,5
1097,1107,1102,1107,1097,1112,return_crossing,search_limit_unresolved,0,0,5,1,11,FB2312-baseline-awake,5
1167,1174,1172,1174,1167,1179,return_crossing,seed_not_below_return_level,0,1,5,1,12,FB2312-baseline-awake,5
15,20,15,20,10,25,return_crossing,search_limit_unresolved,0,0,5,2,1,FB2312-baseline-awake,5
694,696,694,696,689,701,search_limit_unresolved,search_limit_unresolved,0,0,5,2,2,FB2312-baseline-awake,5
1189,1195,1193,1195,1188,1200,return_crossing,recording_boundary_unresolved,0,0,5,2,3,FB2312-baseline-awake,5
10,17,10,13,5,18,search_limit_unresolved,return_crossing,0,0,5,3,1,FB2312-baseline-awake,5
320,344,320,342,315,347,search_limit_unresolved,return_crossing,0,0,5,3,2,FB2312-baseline-awake,5
34,37,34,36,29,41,seed_not_below_return_level,return_crossing,0,1,5,4,1,FB2312-baseline-awake,5
428,440,433,440,428,445,return_crossing,search_limit_unresolved,0,0,5,4,2,FB2312-baseline-awake,5
489,511,489,511,484,516,search_limit_unresolved,return_crossing,0,0,5,4,3,FB2312-baseline-awake,5
551,569,551,569,546,574,search_limit_unresolved,return_crossing,0,0,5,4,4,FB2312-baseline-awake,5
855,870,860,869,855,874,return_crossing,return_crossing,1,0,5,4,5,FB2312-baseline-awake,5
890,899,890,898,885,903,search_limit_unresolved,return_crossing,0,0,5,4,6,FB2312-baseline-awake,5
944,954,945,953,940,958,return_crossing,return_crossing,1,0,5,4,7,FB2312-baseline-awake,5
977,987,977,987,972,992,seed_not_below_return_level,seed_not_below_return_level,0,1,5,4,8,FB2312-baseline-awake,5
1038,1058,1038,1058,1033,1063,search_limit_unresolved,seed_not_below_return_level,0,1,5,4,9,FB2312-baseline-awake,5
1100,1112,1101,1112,1096,1117,return_crossing,search_limit_unresolved,0,0,5,4,10,FB2312-baseline-awake,5
205,216,210,215,205,220,return_crossing,return_crossing,1,0,5,5,1,FB2312-baseline-awake,5
238,250,238,250,233,255,return_crossing,return_crossing,1,0,5,5,2,FB2312-baseline-awake,5
299,309,304,308,299,313,return_crossing,return_crossing,1,0,5,5,3,FB2312-baseline-awake,5
408,412,408,410,403,415,seed_not_below_return_level,return_crossing,0,1,5,5,4,FB2312-baseline-awake,5
1050,1058,1051,1058,1046,1063,return_crossing,return_crossing,1,0,5,5,5,FB2312-baseline-awake,5
1139,1143,1140,1142,1135,1147,return_crossing,return_crossing,1,0,5,5,6,FB2312-baseline-awake,5
1179,1184,1180,1183,1175,1188,return_crossing,return_crossing,1,0,5,5,7,FB2312-baseline-awake,5
29,35,30,32,25,37,return_crossing,return_crossing,1,0,5,6,1,FB2312-baseline-awake,5
67,73,68,73,63,78,return_crossing,search_limit_unresolved,0,0,5,6,2,FB2312-baseline-awake,5
204,209,206,209,201,214,return_crossing,search_limit_unresolved,0,0,5,6,3,FB2312-baseline-awake,5
522,526,522,524,517,529,search_limit_unresolved,return_crossing,0,0,5,7,1,FB2312-baseline-awake,5
894,906,899,902,894,907,return_crossing,return_crossing,1,0,5,7,2,FB2312-baseline-awake,5
1010,1017,1011,1014,1006,1019,return_crossing,return_crossing,1,0,5,7,3,FB2312-baseline-awake,5
27,36,32,34,27,39,return_crossing,return_crossing,1,0,5,8,1,FB2312-baseline-awake,5
42,53,47,51,42,56,return_crossing,return_crossing,1,0,5,9,1,FB2312-baseline-awake,5
209,217,209,217,204,222,search_limit_unresolved,search_limit_unresolved,0,0,5,9,2,FB2312-baseline-awake,5
48,50,48,50,43,55,seed_not_below_return_level,return_crossing,0,1,5,10,1,FB2312-baseline-awake,5
71,118,74,118,69,123,return_crossing,search_limit_unresolved,0,1,5,10,2,FB2312-baseline-awake,5
279,283,279,283,274,288,search_limit_unresolved,search_limit_unresolved,0,0,5,10,3,FB2312-baseline-awake,5
646,654,646,654,641,659,search_limit_unresolved,return_crossing,0,0,5,10,4,FB2312-baseline-awake,5
1120,1125,1120,1122,1115,1127,search_limit_unresolved,return_crossing,0,0,5,10,5,FB2312-baseline-awake,5
48,52,48,50,43,55,search_limit_unresolved,return_crossing,0,0,5,11,1,FB2312-baseline-awake,5
371,374,371,374,366,379,search_limit_unresolved,search_limit_unresolved,0,0,5,11,2,FB2312-baseline-awake,5
51,56,51,53,46,58,search_limit_unresolved,return_crossing,0,0,5,12,1,FB2312-baseline-awake,5
246,250,247,249,242,254,return_crossing,return_crossing,1,0,5,13,1,FB2312-baseline-awake,5
373,375,373,375,368,380,search_limit_unresolved,search_limit_unresolved,0,0,5,13,2,FB2312-baseline-awake,5
515,522,517,520,512,525,return_crossing,return_crossing,1,0,5,13,3,FB2312-baseline-awake,5
728,734,728,730,723,735,search_limit_unresolved,return_crossing,0,0,5,13,4,FB2312-baseline-awake,5
765,772,768,772,763,777,return_crossing,return_crossing,1,0,5,13,5,FB2312-baseline-awake,5
797,806,800,804,795,809,return_crossing,return_crossing,1,0,5,13,6,FB2312-baseline-awake,5
713,723,713,722,708,727,search_limit_unresolved,return_crossing,0,0,5,14,1,FB2312-baseline-awake,5
1131,1135,1133,1135,1128,1140,return_crossing,return_crossing,1,0,5,14,2,FB2312-baseline-awake,5
1179,1185,1182,1184,1177,1189,return_crossing,return_crossing,1,0,5,14,3,FB2312-baseline-awake,5
67,85,67,85,62,90,return_crossing,search_limit_unresolved,0,1,5,15,1,FB2312-baseline-awake,5
67,75,68,75,63,80,return_crossing,search_limit_unresolved,0,0,5,16,1,FB2312-baseline-awake,5
113,119,117,119,112,124,return_crossing,search_limit_unresolved,0,0,5,16,2,FB2312-baseline-awake,5
279,289,280,289,275,294,return_crossing,search_limit_unresolved,0,0,5,16,3,FB2312-baseline-awake,5
484,490,484,487,479,492,search_limit_unresolved,return_crossing,0,0,5,17,1,FB2312-baseline-awake,5
541,546,541,546,536,551,search_limit_unresolved,search_limit_unresolved,0,0,5,17,2,FB2312-baseline-awake,5
573,583,577,582,572,587,return_crossing,return_crossing,1,0,5,17,3,FB2312-baseline-awake,5
639,651,640,650,635,655,return_crossing,return_crossing,1,0,5,17,4,FB2312-baseline-awake,5
676,682,677,682,672,687,return_crossing,search_limit_unresolved,0,0,5,17,5,FB2312-baseline-awake,5
1063,1071,1065,1071,1060,1076,return_crossing,seed_not_below_return_level,0,1,5,17,6,FB2312-baseline-awake,5
1197,1200,1198,1200,1193,1200,return_crossing,recording_boundary_unresolved,0,0,5,17,7,FB2312-baseline-awake,5
203,212,204,209,199,214,return_crossing,return_crossing,1,0,5,18,1,FB2312-baseline-awake,5
313,321,313,321,308,326,search_limit_unresolved,return_crossing,0,0,5,18,2,FB2312-baseline-awake,5
577,584,578,584,573,589,return_crossing,search_limit_unresolved,0,0,5,18,3,FB2312-baseline-awake,5
703,706,703,706,698,711,search_limit_unresolved,search_limit_unresolved,0,0,5,18,4,FB2312-baseline-awake,5
726,734,726,734,721,739,search_limit_unresolved,search_limit_unresolved,0,0,5,18,5,FB2312-baseline-awake,5
797,805,799,804,794,809,return_crossing,return_crossing,1,0,5,18,6,FB2312-baseline-awake,5
847,850,847,850,842,855,return_crossing,return_crossing,1,0,5,18,7,FB2312-baseline-awake,5
893,900,893,900,888,905,return_crossing,return_crossing,1,0,5,18,8,FB2312-baseline-awake,5
958,967,963,967,958,972,return_crossing,search_limit_unresolved,0,0,5,18,9,FB2312-baseline-awake,5
1061,1073,1062,1073,1057,1078,return_crossing,seed_not_below_return_level,0,1,5,18,10,FB2312-baseline-awake,5
1095,1098,1095,1098,1090,1103,seed_not_below_return_level,seed_not_below_return_level,0,1,5,18,11,FB2312-baseline-awake,5
1128,1131,1128,1131,1123,1136,seed_not_below_return_level,return_crossing,0,1,5,18,12,FB2312-baseline-awake,5
1177,1181,1177,1179,1172,1184,search_limit_unresolved,return_crossing,0,0,5,18,13,FB2312-baseline-awake,5
98,107,100,106,95,111,return_crossing,return_crossing,1,0,5,19,1,FB2312-baseline-awake,5
415,423,415,418,410,423,search_limit_unresolved,return_crossing,0,0,5,20,1,FB2312-baseline-awake,5
546,563,546,561,541,566,search_limit_unresolved,return_crossing,0,0,5,20,2,FB2312-baseline-awake,5
646,660,646,658,641,663,search_limit_unresolved,return_crossing,0,0,5,20,3,FB2312-baseline-awake,5
1119,1127,1119,1127,1114,1132,search_limit_unresolved,seed_not_below_return_level,0,1,5,20,4,FB2312-baseline-awake,5
125,132,125,132,120,137,search_limit_unresolved,search_limit_unresolved,0,0,5,21,1,FB2312-baseline-awake,5
349,355,349,352,344,357,search_limit_unresolved,return_crossing,0,0,5,21,2,FB2312-baseline-awake,5
675,683,675,681,670,686,search_limit_unresolved,return_crossing,0,0,5,21,3,FB2312-baseline-awake,5
714,718,714,718,709,723,search_limit_unresolved,search_limit_unresolved,0,0,5,21,4,FB2312-baseline-awake,5
875,884,880,882,875,887,return_crossing,return_crossing,1,0,5,21,5,FB2312-baseline-awake,5
960,983,960,983,955,988,search_limit_unresolved,search_limit_unresolved,0,0,5,21,6,FB2312-baseline-awake,5
1037,1051,1039,1050,1034,1055,return_crossing,return_crossing,1,0,5,21,7,FB2312-baseline-awake,5
1108,1123,1108,1118,1103,1123,return_crossing,return_crossing,1,0,5,21,8,FB2312-baseline-awake,5
1157,1163,1159,1163,1154,1168,return_crossing,search_limit_unresolved,0,0,5,21,9,FB2312-baseline-awake,5
112,118,113,118,108,123,return_crossing,search_limit_unresolved,0,0,5,22,1,FB2312-baseline-awake,5
136,144,139,142,134,147,return_crossing,return_crossing,1,0,5,22,2,FB2312-baseline-awake,5
1116,1125,1117,1120,1112,1125,return_crossing,return_crossing,1,0,5,23,1,FB2312-baseline-awake,5
403,414,407,414,402,419,return_crossing,seed_not_below_return_level,0,1,5,24,1,FB2312-baseline-awake,5
901,906,901,903,896,908,search_limit_unresolved,return_crossing,0,0,5,24,2,FB2312-baseline-awake,5
125,132,125,132,120,137,search_limit_unresolved,search_limit_unresolved,0,0,5,25,1,FB2312-baseline-awake,5
763,772,767,772,762,777,return_crossing,search_limit_unresolved,0,0,5,25,2,FB2312-baseline-awake,5
796,800,797,800,792,805,return_crossing,search_limit_unresolved,0,0,5,25,3,FB2312-baseline-awake,5
310,312,310,312,305,317,search_limit_unresolved,search_limit_unresolved,0,0,5,26,1,FB2312-baseline-awake,5
332,334,332,334,327,339,search_limit_unresolved,search_limit_unresolved,0,0,5,26,2,FB2312-baseline-awake,5
739,741,739,741,734,746,search_limit_unresolved,search_limit_unresolved,0,0,5,27,1,FB2312-baseline-awake,5
998,1002,998,1000,993,1005,search_limit_unresolved,return_crossing,0,0,5,27,2,FB2312-baseline-awake,5
1030,1035,1030,1033,1025,1038,search_limit_unresolved,return_crossing,0,0,5,27,3,FB2312-baseline-awake,5
1159,1163,1159,1162,1154,1167,search_limit_unresolved,return_crossing,0,0,5,27,4,FB2312-baseline-awake,5
166,177,166,177,161,182,search_limit_unresolved,search_limit_unresolved,0,0,5,28,1,FB2312-baseline-awake,5
201,211,204,207,199,212,return_crossing,return_crossing,1,0,5,28,2,FB2312-baseline-awake,5
400,408,401,406,396,411,return_crossing,return_crossing,1,0,5,28,3,FB2312-baseline-awake,5
425,434,427,433,422,438,return_crossing,return_crossing,1,0,5,28,4,FB2312-baseline-awake,5
467,478,469,476,464,481,return_crossing,return_crossing,1,0,5,28,5,FB2312-baseline-awake,5
538,546,540,543,535,548,return_crossing,return_crossing,1,0,5,28,6,FB2312-baseline-awake,5
574,580,574,579,569,584,search_limit_unresolved,return_crossing,0,0,5,28,7,FB2312-baseline-awake,5
659,669,659,669,654,674,seed_not_below_return_level,search_limit_unresolved,0,1,5,28,8,FB2312-baseline-awake,5
707,718,711,718,706,723,return_crossing,return_crossing,1,0,5,28,9,FB2312-baseline-awake,5
936,941,936,941,931,946,return_crossing,search_limit_unresolved,0,0,5,28,10,FB2312-baseline-awake,5
976,1000,976,999,971,1004,search_limit_unresolved,return_crossing,0,1,5,28,11,FB2312-baseline-awake,5
1093,1096,1093,1096,1088,1101,return_crossing,return_crossing,1,0,5,28,12,FB2312-baseline-awake,5
165,168,165,168,160,173,search_limit_unresolved,search_limit_unresolved,0,0,5,29,1,FB2312-baseline-awake,5
322,330,323,326,318,331,return_crossing,return_crossing,1,0,5,29,2,FB2312-baseline-awake,5
398,410,400,407,395,412,return_crossing,return_crossing,1,0,5,29,3,FB2312-baseline-awake,5
467,477,470,475,465,480,return_crossing,return_crossing,1,0,5,29,4,FB2312-baseline-awake,5
539,547,539,545,534,550,search_limit_unresolved,return_crossing,0,0,5,29,5,FB2312-baseline-awake,5
572,578,574,578,569,583,return_crossing,search_limit_unresolved,0,0,5,29,6,FB2312-baseline-awake,5
636,650,640,646,635,651,return_crossing,return_crossing,1,0,5,29,7,FB2312-baseline-awake,5
674,687,675,682,670,687,return_crossing,return_crossing,1,0,5,29,8,FB2312-baseline-awake,5
711,719,713,715,708,720,return_crossing,return_crossing,1,0,5,29,9,FB2312-baseline-awake,5
1106,1111,1107,1111,1102,1116,return_crossing,search_limit_unresolved,0,0,5,29,10,FB2312-baseline-awake,5
153,162,158,162,153,167,return_crossing,search_limit_unresolved,0,0,5,30,1,FB2312-baseline-awake,5
171,183,171,183,166,188,search_limit_unresolved,search_limit_unresolved,0,0,5,31,1,FB2312-baseline-awake,5
201,218,203,214,198,219,return_crossing,return_crossing,1,0,5,31,2,FB2312-baseline-awake,5
232,238,236,238,231,243,return_crossing,search_limit_unresolved,0,0,5,31,3,FB2312-baseline-awake,5
319,325,319,325,314,330,search_limit_unresolved,search_limit_unresolved,0,0,5,31,4,FB2312-baseline-awake,5
400,410,400,407,395,412,return_crossing,return_crossing,1,0,5,31,5,FB2312-baseline-awake,5
571,583,574,578,569,583,return_crossing,return_crossing,1,0,5,31,6,FB2312-baseline-awake,5
803,807,803,807,798,812,search_limit_unresolved,search_limit_unresolved,0,0,5,31,7,FB2312-baseline-awake,5
987,992,987,992,982,997,search_limit_unresolved,search_limit_unresolved,0,0,5,31,8,FB2312-baseline-awake,5
192,199,192,196,187,201,search_limit_unresolved,return_crossing,0,0,5,32,1,FB2312-baseline-awake,5
187,197,187,193,182,198,search_limit_unresolved,return_crossing,0,0,5,33,1,FB2312-baseline-awake,5
225,232,225,232,220,237,search_limit_unresolved,return_crossing,0,0,5,33,2,FB2312-baseline-awake,5
575,582,579,582,574,587,return_crossing,search_limit_unresolved,0,0,5,33,3,FB2312-baseline-awake,5
714,723,719,723,714,728,return_crossing,search_limit_unresolved,0,0,5,33,4,FB2312-baseline-awake,5
978,981,978,981,973,986,search_limit_unresolved,search_limit_unresolved,0,0,5,33,5,FB2312-baseline-awake,5
1061,1070,1063,1070,1058,1075,return_crossing,return_crossing,1,0,5,33,6,FB2312-baseline-awake,5
192,194,192,194,187,199,search_limit_unresolved,search_limit_unresolved,0,0,5,34,1,FB2312-baseline-awake,5
225,233,227,232,222,237,return_crossing,return_crossing,1,0,5,35,1,FB2312-baseline-awake,5
236,243,236,238,231,243,search_limit_unresolved,return_crossing,0,0,5,36,1,FB2312-baseline-awake,5
242,246,242,244,237,249,search_limit_unresolved,return_crossing,0,0,5,37,1,FB2312-baseline-awake,5
283,289,283,289,278,294,search_limit_unresolved,search_limit_unresolved,0,0,5,38,1,FB2312-baseline-awake,5
286,289,286,289,281,294,search_limit_unresolved,search_limit_unresolved,0,0,5,39,1,FB2312-baseline-awake,5
292,320,293,320,288,325,return_crossing,return_crossing,1,0,5,40,1,FB2312-baseline-awake,5
331,336,334,336,329,341,return_crossing,search_limit_unresolved,0,0,5,41,1,FB2312-baseline-awake,5
433,449,433,448,428,453,search_limit_unresolved,return_crossing,0,0,5,42,1,FB2312-baseline-awake,5
953,958,953,955,948,960,search_limit_unresolved,return_crossing,0,0,5,42,2,FB2312-baseline-awake,5
979,986,979,981,974,986,search_limit_unresolved,return_crossing,0,0,5,42,3,FB2312-baseline-awake,5
1107,1115,1112,1115,1107,1120,return_crossing,search_limit_unresolved,0,0,5,42,4,FB2312-baseline-awake,5
751,759,751,756,746,761,search_limit_unresolved,return_crossing,0,0,5,43,1,FB2312-baseline-awake,5
348,353,350,353,345,358,return_crossing,search_limit_unresolved,0,0,5,44,1,FB2312-baseline-awake,5
407,412,407,410,402,415,search_limit_unresolved,return_crossing,0,0,5,45,1,FB2312-baseline-awake,5
407,409,407,409,402,414,search_limit_unresolved,search_limit_unresolved,0,0,5,46,1,FB2312-baseline-awake,5
1139,1143,1140,1142,1135,1147,return_crossing,return_crossing,1,0,5,47,1,FB2312-baseline-awake,5
409,418,411,418,406,423,return_crossing,search_limit_unresolved,0,0,5,48,1,FB2312-baseline-awake,5
880,886,880,886,875,891,search_limit_unresolved,return_crossing,0,0,5,48,2,FB2312-baseline-awake,5
414,420,414,416,409,421,search_limit_unresolved,return_crossing,0,0,5,49,1,FB2312-baseline-awake,5
413,418,416,418,411,423,return_crossing,search_limit_unresolved,0,0,5,50,1,FB2312-baseline-awake,5
447,453,447,453,442,458,search_limit_unresolved,search_limit_unresolved,0,0,5,50,2,FB2312-baseline-awake,5
416,424,418,423,413,428,return_crossing,return_crossing,1,0,5,51,1,FB2312-baseline-awake,5
567,572,567,569,562,574,search_limit_unresolved,return_crossing,0,0,5,52,1,FB2312-baseline-awake,5
865,870,865,869,860,874,search_limit_unresolved,return_crossing,0,0,5,52,2,FB2312-baseline-awake,5
891,901,896,899,891,904,return_crossing,return_crossing,1,0,5,52,3,FB2312-baseline-awake,5
962,968,962,968,957,973,search_limit_unresolved,search_limit_unresolved,0,0,5,52,4,FB2312-baseline-awake,5
1078,1086,1079,1081,1074,1086,return_crossing,return_crossing,1,0,5,52,5,FB2312-baseline-awake,5
1116,1124,1116,1119,1111,1124,search_limit_unresolved,return_crossing,0,0,5,52,6,FB2312-baseline-awake,5
437,444,437,444,432,449,search_limit_unresolved,search_limit_unresolved,0,0,5,53,1,FB2312-baseline-awake,5
553,566,555,564,550,569,return_crossing,return_crossing,1,0,5,53,2,FB2312-baseline-awake,5
754,762,756,758,751,763,return_crossing,return_crossing,1,0,5,54,1,FB2312-baseline-awake,5
778,780,778,780,773,785,search_limit_unresolved,search_limit_unresolved,0,0,5,55,1,FB2312-baseline-awake,5
918,922,918,922,913,927,search_limit_unresolved,search_limit_unresolved,0,0,5,55,2,FB2312-baseline-awake,5
795,810,797,810,792,815,return_crossing,search_limit_unresolved,0,0,5,56,1,FB2312-baseline-awake,5
855,862,860,862,855,867,return_crossing,search_limit_unresolved,0,0,5,56,2,FB2312-baseline-awake,5
1169,1178,1169,1173,1164,1178,search_limit_unresolved,return_crossing,0,0,5,56,3,FB2312-baseline-awake,5
928,933,928,933,923,938,search_limit_unresolved,search_limit_unresolved,0,0,5,57,1,FB2312-baseline-awake,5
1040,1053,1040,1049,1035,1054,search_limit_unresolved,return_crossing,0,0,5,57,2,FB2312-baseline-awake,5
1108,1110,1108,1110,1103,1115,search_limit_unresolved,search_limit_unresolved,0,0,5,57,3,FB2312-baseline-awake,5
936,940,938,940,933,945,return_crossing,search_limit_unresolved,0,0,5,58,1,FB2312-baseline-awake,5
1105,1107,1105,1107,1100,1112,search_limit_unresolved,search_limit_unresolved,0,0,5,59,1,FB2312-baseline-awake,5
1,22,1,15,1,25,recording_boundary_unresolved,return_crossing,0,1,10,1,1,FB2312-baseline-awake,10
125,131,125,131,115,141,search_limit_unresolved,return_crossing,0,0,10,1,2,FB2312-baseline-awake,10
298,313,306,310,296,320,return_crossing,return_crossing,1,0,10,1,3,FB2312-baseline-awake,10
367,374,370,374,360,384,return_crossing,return_crossing,1,0,10,1,4,FB2312-baseline-awake,10
487,490,487,490,477,500,search_limit_unresolved,return_crossing,0,0,10,1,5,FB2312-baseline-awake,10
528,540,529,540,519,550,return_crossing,search_limit_unresolved,0,0,10,1,6,FB2312-baseline-awake,10
576,594,585,594,575,604,return_crossing,search_limit_unresolved,0,0,10,1,7,FB2312-baseline-awake,10
636,653,640,646,630,656,return_crossing,return_crossing,1,0,10,1,8,FB2312-baseline-awake,10
774,786,776,779,766,789,return_crossing,return_crossing,1,0,10,1,9,FB2312-baseline-awake,10
929,935,929,932,919,942,search_limit_unresolved,return_crossing,0,0,10,1,10,FB2312-baseline-awake,10
1097,1107,1102,1107,1092,1117,return_crossing,search_limit_unresolved,0,0,10,1,11,FB2312-baseline-awake,10
1167,1174,1172,1174,1162,1184,return_crossing,seed_not_below_return_level,0,1,10,1,12,FB2312-baseline-awake,10
15,26,15,20,5,30,return_crossing,return_crossing,1,0,10,2,1,FB2312-baseline-awake,10
694,696,694,696,684,706,search_limit_unresolved,search_limit_unresolved,0,0,10,2,2,FB2312-baseline-awake,10
1189,1195,1193,1195,1183,1200,return_crossing,recording_boundary_unresolved,0,0,10,2,3,FB2312-baseline-awake,10
10,17,10,13,1,23,recording_boundary_unresolved,return_crossing,0,0,10,3,1,FB2312-baseline-awake,10
320,344,320,342,310,352,search_limit_unresolved,return_crossing,0,0,10,3,2,FB2312-baseline-awake,10
34,37,34,36,24,46,seed_not_below_return_level,return_crossing,0,1,10,4,1,FB2312-baseline-awake,10
428,448,433,440,423,450,return_crossing,return_crossing,1,0,10,4,2,FB2312-baseline-awake,10
482,511,489,511,479,521,return_crossing,return_crossing,1,0,10,4,3,FB2312-baseline-awake,10
541,569,551,569,541,579,return_crossing,return_crossing,1,0,10,4,4,FB2312-baseline-awake,10
855,870,860,869,850,879,return_crossing,return_crossing,1,0,10,4,5,FB2312-baseline-awake,10
890,899,890,898,880,908,search_limit_unresolved,return_crossing,0,0,10,4,6,FB2312-baseline-awake,10
944,954,945,953,935,963,return_crossing,return_crossing,1,0,10,4,7,FB2312-baseline-awake,10
977,987,977,987,967,997,seed_not_below_return_level,seed_not_below_return_level,0,1,10,4,8,FB2312-baseline-awake,10
1032,1058,1038,1058,1028,1068,return_crossing,seed_not_below_return_level,0,1,10,4,9,FB2312-baseline-awake,10
1100,1120,1101,1112,1091,1122,return_crossing,return_crossing,1,0,10,4,10,FB2312-baseline-awake,10
205,216,210,215,200,225,return_crossing,return_crossing,1,0,10,5,1,FB2312-baseline-awake,10
238,250,238,250,228,260,return_crossing,return_crossing,1,0,10,5,2,FB2312-baseline-awake,10
299,309,304,308,294,318,return_crossing,return_crossing,1,0,10,5,3,FB2312-baseline-awake,10
408,412,408,410,398,420,seed_not_below_return_level,return_crossing,0,1,10,5,4,FB2312-baseline-awake,10
1050,1058,1051,1058,1041,1068,return_crossing,return_crossing,1,0,10,5,5,FB2312-baseline-awake,10
1139,1143,1140,1142,1130,1152,return_crossing,return_crossing,1,0,10,5,6,FB2312-baseline-awake,10
1179,1184,1180,1183,1170,1193,return_crossing,return_crossing,1,0,10,5,7,FB2312-baseline-awake,10
29,35,30,32,20,42,return_crossing,return_crossing,1,0,10,6,1,FB2312-baseline-awake,10
67,79,68,73,58,83,return_crossing,return_crossing,1,0,10,6,2,FB2312-baseline-awake,10
204,217,206,209,196,219,return_crossing,return_crossing,1,0,10,6,3,FB2312-baseline-awake,10
522,526,522,524,512,534,search_limit_unresolved,return_crossing,0,0,10,7,1,FB2312-baseline-awake,10
894,906,899,902,889,912,return_crossing,return_crossing,1,0,10,7,2,FB2312-baseline-awake,10
1010,1017,1011,1014,1001,1024,return_crossing,return_crossing,1,0,10,7,3,FB2312-baseline-awake,10
27,36,32,34,22,44,return_crossing,return_crossing,1,0,10,8,1,FB2312-baseline-awake,10
42,53,47,51,37,61,return_crossing,return_crossing,1,0,10,9,1,FB2312-baseline-awake,10
209,217,209,217,199,227,search_limit_unresolved,search_limit_unresolved,0,0,10,9,2,FB2312-baseline-awake,10
48,50,48,50,38,60,seed_not_below_return_level,return_crossing,0,1,10,10,1,FB2312-baseline-awake,10
71,127,74,118,64,128,return_crossing,return_crossing,0,1,10,10,2,FB2312-baseline-awake,10
272,289,279,283,269,293,return_crossing,return_crossing,1,0,10,10,3,FB2312-baseline-awake,10
636,654,646,654,636,664,return_crossing,return_crossing,1,0,10,10,4,FB2312-baseline-awake,10
1120,1125,1120,1122,1110,1132,search_limit_unresolved,return_crossing,0,0,10,10,5,FB2312-baseline-awake,10
42,52,48,50,38,60,return_crossing,return_crossing,1,0,10,11,1,FB2312-baseline-awake,10
361,374,371,374,361,384,return_crossing,search_limit_unresolved,0,0,10,11,2,FB2312-baseline-awake,10
51,56,51,53,41,63,search_limit_unresolved,return_crossing,0,0,10,12,1,FB2312-baseline-awake,10
246,250,247,249,237,259,return_crossing,return_crossing,1,0,10,13,1,FB2312-baseline-awake,10
373,375,373,375,363,385,search_limit_unresolved,search_limit_unresolved,0,0,10,13,2,FB2312-baseline-awake,10
515,522,517,520,507,530,return_crossing,return_crossing,1,0,10,13,3,FB2312-baseline-awake,10
719,734,728,730,718,740,return_crossing,return_crossing,1,0,10,13,4,FB2312-baseline-awake,10
765,772,768,772,758,782,return_crossing,return_crossing,1,0,10,13,5,FB2312-baseline-awake,10
797,806,800,804,790,814,return_crossing,return_crossing,1,0,10,13,6,FB2312-baseline-awake,10
713,723,713,722,703,732,search_limit_unresolved,return_crossing,0,0,10,14,1,FB2312-baseline-awake,10
1131,1135,1133,1135,1123,1145,return_crossing,return_crossing,1,0,10,14,2,FB2312-baseline-awake,10
1179,1185,1182,1184,1172,1194,return_crossing,return_crossing,1,0,10,14,3,FB2312-baseline-awake,10
67,85,67,85,57,95,return_crossing,search_limit_unresolved,0,1,10,15,1,FB2312-baseline-awake,10
67,81,68,75,58,85,return_crossing,return_crossing,1,0,10,16,1,FB2312-baseline-awake,10
113,126,117,119,107,129,return_crossing,return_crossing,1,0,10,16,2,FB2312-baseline-awake,10
279,289,280,289,270,299,return_crossing,search_limit_unresolved,0,0,10,16,3,FB2312-baseline-awake,10
484,490,484,487,474,497,search_limit_unresolved,return_crossing,0,0,10,17,1,FB2312-baseline-awake,10
541,552,541,546,531,556,search_limit_unresolved,return_crossing,0,0,10,17,2,FB2312-baseline-awake,10
573,583,577,582,567,592,return_crossing,return_crossing,1,0,10,17,3,FB2312-baseline-awake,10
639,651,640,650,630,660,return_crossing,return_crossing,1,0,10,17,4,FB2312-baseline-awake,10
676,690,677,682,667,692,return_crossing,return_crossing,1,0,10,17,5,FB2312-baseline-awake,10
1063,1071,1065,1071,1055,1081,return_crossing,seed_not_below_return_level,0,1,10,17,6,FB2312-baseline-awake,10
1197,1200,1198,1200,1188,1200,return_crossing,recording_boundary_unresolved,0,0,10,17,7,FB2312-baseline-awake,10
203,212,204,209,194,219,return_crossing,return_crossing,1,0,10,18,1,FB2312-baseline-awake,10
307,321,313,321,303,331,return_crossing,return_crossing,1,0,10,18,2,FB2312-baseline-awake,10
577,590,578,584,568,594,return_crossing,return_crossing,1,0,10,18,3,FB2312-baseline-awake,10
703,706,703,706,693,716,search_limit_unresolved,search_limit_unresolved,0,0,10,18,4,FB2312-baseline-awake,10
726,734,726,734,717,744,search_limit_unresolved,search_limit_unresolved,0,0,10,18,5,FB2312-baseline-awake,10
797,805,799,804,789,814,return_crossing,return_crossing,1,0,10,18,6,FB2312-baseline-awake,10
847,850,847,850,837,860,return_crossing,return_crossing,1,0,10,18,7,FB2312-baseline-awake,10
893,900,893,900,883,910,return_crossing,return_crossing,1,0,10,18,8,FB2312-baseline-awake,10
958,967,963,967,953,977,return_crossing,search_limit_unresolved,0,0,10,18,9,FB2312-baseline-awake,10
1061,1073,1062,1073,1052,1083,return_crossing,seed_not_below_return_level,0,1,10,18,10,FB2312-baseline-awake,10
1095,1098,1095,1098,1085,1108,seed_not_below_return_level,seed_not_below_return_level,0,1,10,18,11,FB2312-baseline-awake,10
1128,1131,1128,1131,1118,1141,seed_not_below_return_level,return_crossing,0,1,10,18,12,FB2312-baseline-awake,10
1168,1181,1177,1179,1167,1189,return_crossing,return_crossing,1,0,10,18,13,FB2312-baseline-awake,10
98,107,100,106,90,116,return_crossing,return_crossing,1,0,10,19,1,FB2312-baseline-awake,10
415,423,415,418,405,428,search_limit_unresolved,return_crossing,0,0,10,20,1,FB2312-baseline-awake,10
540,563,546,561,536,571,return_crossing,return_crossing,1,0,10,20,2,FB2312-baseline-awake,10
640,660,646,658,636,668,return_crossing,return_crossing,1,0,10,20,3,FB2312-baseline-awake,10
1111,1127,1119,1127,1109,1137,return_crossing,seed_not_below_return_level,0,1,10,20,4,FB2312-baseline-awake,10
125,132,125,132,115,142,search_limit_unresolved,search_limit_unresolved,0,0,10,21,1,FB2312-baseline-awake,10
349,355,349,352,339,362,search_limit_unresolved,return_crossing,0,0,10,21,2,FB2312-baseline-awake,10
675,683,675,681,665,691,search_limit_unresolved,return_crossing,0,0,10,21,3,FB2312-baseline-awake,10
714,718,714,718,704,728,search_limit_unresolved,search_limit_unresolved,0,0,10,21,4,FB2312-baseline-awake,10
875,884,880,882,870,892,return_crossing,return_crossing,1,0,10,21,5,FB2312-baseline-awake,10
960,983,960,983,950,993,search_limit_unresolved,search_limit_unresolved,0,0,10,21,6,FB2312-baseline-awake,10
1037,1051,1039,1050,1029,1060,return_crossing,return_crossing,1,0,10,21,7,FB2312-baseline-awake,10
1108,1123,1108,1118,1098,1128,return_crossing,return_crossing,1,0,10,21,8,FB2312-baseline-awake,10
1157,1163,1159,1163,1149,1173,return_crossing,search_limit_unresolved,0,0,10,21,9,FB2312-baseline-awake,10
112,118,113,118,103,128,return_crossing,search_limit_unresolved,0,0,10,22,1,FB2312-baseline-awake,10
136,144,139,142,129,152,return_crossing,return_crossing,1,0,10,22,2,FB2312-baseline-awake,10
1116,1125,1117,1120,1107,1130,return_crossing,return_crossing,1,0,10,23,1,FB2312-baseline-awake,10
403,414,407,414,397,424,return_crossing,seed_not_below_return_level,0,1,10,24,1,FB2312-baseline-awake,10
895,906,901,903,891,913,return_crossing,return_crossing,1,0,10,24,2,FB2312-baseline-awake,10
125,132,125,132,115,142,search_limit_unresolved,search_limit_unresolved,0,0,10,25,1,FB2312-baseline-awake,10
763,772,767,772,757,782,return_crossing,search_limit_unresolved,0,0,10,25,2,FB2312-baseline-awake,10
796,808,797,800,787,810,return_crossing,return_crossing,1,0,10,25,3,FB2312-baseline-awake,10
310,312,310,312,300,322,search_limit_unresolved,search_limit_unresolved,0,0,10,26,1,FB2312-baseline-awake,10
332,344,332,334,323,344,search_limit_unresolved,return_crossing,0,0,10,26,2,FB2312-baseline-awake,10
739,741,739,741,729,751,search_limit_unresolved,search_limit_unresolved,0,0,10,27,1,FB2312-baseline-awake,10
989,1002,998,1000,988,1010,return_crossing,return_crossing,1,0,10,27,2,FB2312-baseline-awake,10
1022,1035,1030,1033,1020,1043,return_crossing,return_crossing,1,0,10,27,3,FB2312-baseline-awake,10
1159,1163,1159,1162,1149,1172,search_limit_unresolved,return_crossing,0,0,10,27,4,FB2312-baseline-awake,10
166,186,166,177,156,187,search_limit_unresolved,return_crossing,0,0,10,28,1,FB2312-baseline-awake,10
201,211,204,207,194,217,return_crossing,return_crossing,1,0,10,28,2,FB2312-baseline-awake,10
400,408,401,406,391,416,return_crossing,return_crossing,1,0,10,28,3,FB2312-baseline-awake,10
425,434,427,433,417,443,return_crossing,return_crossing,1,0,10,28,4,FB2312-baseline-awake,10
467,478,469,476,459,486,return_crossing,return_crossing,1,0,10,28,5,FB2312-baseline-awake,10
538,546,540,543,530,553,return_crossing,return_crossing,1,0,10,28,6,FB2312-baseline-awake,10
564,580,574,579,564,589,return_crossing,return_crossing,1,0,10,28,7,FB2312-baseline-awake,10
659,669,659,669,649,679,seed_not_below_return_level,search_limit_unresolved,0,1,10,28,8,FB2312-baseline-awake,10
707,718,711,718,701,728,return_crossing,return_crossing,1,0,10,28,9,FB2312-baseline-awake,10
936,948,936,941,926,951,return_crossing,return_crossing,1,0,10,28,10,FB2312-baseline-awake,10
967,1000,976,999,966,1009,return_crossing,return_crossing,0,1,10,28,11,FB2312-baseline-awake,10
1093,1096,1093,1096,1083,1106,return_crossing,return_crossing,1,0,10,28,12,FB2312-baseline-awake,10
155,177,165,168,155,178,return_crossing,return_crossing,1,0,10,29,1,FB2312-baseline-awake,10
322,330,323,326,313,336,return_crossing,return_crossing,1,0,10,29,2,FB2312-baseline-awake,10
398,410,400,407,390,417,return_crossing,return_crossing,1,0,10,29,3,FB2312-baseline-awake,10
467,477,470,475,460,485,return_crossing,return_crossing,1,0,10,29,4,FB2312-baseline-awake,10
539,547,539,545,529,555,search_limit_unresolved,return_crossing,0,0,10,29,5,FB2312-baseline-awake,10
572,584,574,578,564,588,return_crossing,return_crossing,1,0,10,29,6,FB2312-baseline-awake,10
636,650,640,646,630,656,return_crossing,return_crossing,1,0,10,29,7,FB2312-baseline-awake,10
674,687,675,682,665,692,return_crossing,return_crossing,1,0,10,29,8,FB2312-baseline-awake,10
711,719,713,715,703,725,return_crossing,return_crossing,1,0,10,29,9,FB2312-baseline-awake,10
1106,1111,1107,1111,1097,1121,return_crossing,search_limit_unresolved,0,0,10,29,10,FB2312-baseline-awake,10
153,162,158,162,148,172,return_crossing,search_limit_unresolved,0,0,10,30,1,FB2312-baseline-awake,10
171,189,171,183,161,193,search_limit_unresolved,return_crossing,0,0,10,31,1,FB2312-baseline-awake,10
201,218,203,214,194,224,return_crossing,return_crossing,1,0,10,31,2,FB2312-baseline-awake,10
232,246,236,238,226,248,return_crossing,return_crossing,1,0,10,31,3,FB2312-baseline-awake,10
312,332,319,325,309,335,return_crossing,return_crossing,1,0,10,31,4,FB2312-baseline-awake,10
400,410,400,407,390,417,return_crossing,return_crossing,1,0,10,31,5,FB2312-baseline-awake,10
571,583,574,578,564,588,return_crossing,return_crossing,1,0,10,31,6,FB2312-baseline-awake,10
803,807,803,807,793,817,search_limit_unresolved,search_limit_unresolved,0,0,10,31,7,FB2312-baseline-awake,10
987,992,987,992,977,1002,search_limit_unresolved,search_limit_unresolved,0,0,10,31,8,FB2312-baseline-awake,10
192,199,192,196,182,206,search_limit_unresolved,return_crossing,0,0,10,32,1,FB2312-baseline-awake,10
187,197,187,193,177,203,search_limit_unresolved,return_crossing,0,0,10,33,1,FB2312-baseline-awake,10
225,232,225,232,215,242,search_limit_unresolved,return_crossing,0,0,10,33,2,FB2312-baseline-awake,10
575,582,579,582,569,592,return_crossing,search_limit_unresolved,0,0,10,33,3,FB2312-baseline-awake,10
714,723,719,723,709,733,return_crossing,search_limit_unresolved,0,0,10,33,4,FB2312-baseline-awake,10
978,987,978,981,968,991,search_limit_unresolved,return_crossing,0,0,10,33,5,FB2312-baseline-awake,10
1061,1070,1063,1070,1053,1080,return_crossing,return_crossing,1,0,10,33,6,FB2312-baseline-awake,10
192,194,192,194,182,204,search_limit_unresolved,search_limit_unresolved,0,0,10,34,1,FB2312-baseline-awake,10
225,233,227,232,217,242,return_crossing,return_crossing,1,0,10,35,1,FB2312-baseline-awake,10
230,243,236,238,226,248,return_crossing,return_crossing,1,0,10,36,1,FB2312-baseline-awake,10
235,246,242,244,232,254,return_crossing,return_crossing,1,0,10,37,1,FB2312-baseline-awake,10
283,289,283,289,273,299,search_limit_unresolved,search_limit_unresolved,0,0,10,38,1,FB2312-baseline-awake,10
286,289,286,289,276,299,search_limit_unresolved,search_limit_unresolved,0,0,10,39,1,FB2312-baseline-awake,10
292,320,293,320,283,330,return_crossing,return_crossing,1,0,10,40,1,FB2312-baseline-awake,10
331,336,334,336,324,346,return_crossing,search_limit_unresolved,0,0,10,41,1,FB2312-baseline-awake,10
433,449,433,448,423,458,search_limit_unresolved,return_crossing,0,0,10,42,1,FB2312-baseline-awake,10
945,958,953,955,943,965,return_crossing,return_crossing,1,0,10,42,2,FB2312-baseline-awake,10
979,986,979,981,969,991,search_limit_unresolved,return_crossing,0,0,10,42,3,FB2312-baseline-awake,10
1107,1115,1112,1115,1102,1125,return_crossing,search_limit_unresolved,0,0,10,42,4,FB2312-baseline-awake,10
751,759,751,756,741,766,search_limit_unresolved,return_crossing,0,0,10,43,1,FB2312-baseline-awake,10
348,363,350,353,340,363,return_crossing,return_crossing,1,0,10,44,1,FB2312-baseline-awake,10
407,412,407,410,397,420,search_limit_unresolved,return_crossing,0,0,10,45,1,FB2312-baseline-awake,10
407,415,407,409,397,419,search_limit_unresolved,return_crossing,0,0,10,46,1,FB2312-baseline-awake,10
1139,1143,1140,1142,1130,1152,return_crossing,return_crossing,1,0,10,47,1,FB2312-baseline-awake,10
409,418,411,418,401,428,return_crossing,search_limit_unresolved,0,0,10,48,1,FB2312-baseline-awake,10
873,886,880,886,870,896,return_crossing,return_crossing,1,0,10,48,2,FB2312-baseline-awake,10
407,420,414,416,404,426,return_crossing,return_crossing,1,0,10,49,1,FB2312-baseline-awake,10
413,425,416,418,406,428,return_crossing,return_crossing,1,0,10,50,1,FB2312-baseline-awake,10
447,459,447,453,437,463,search_limit_unresolved,return_crossing,0,0,10,50,2,FB2312-baseline-awake,10
416,424,418,423,408,433,return_crossing,return_crossing,1,0,10,51,1,FB2312-baseline-awake,10
567,572,567,569,557,579,search_limit_unresolved,return_crossing,0,0,10,52,1,FB2312-baseline-awake,10
857,870,865,869,855,879,return_crossing,return_crossing,1,0,10,52,2,FB2312-baseline-awake,10
891,901,896,899,886,909,return_crossing,return_crossing,1,0,10,52,3,FB2312-baseline-awake,10
962,968,962,968,952,978,search_limit_unresolved,search_limit_unresolved,0,0,10,52,4,FB2312-baseline-awake,10
1078,1086,1079,1081,1069,1091,return_crossing,return_crossing,1,0,10,52,5,FB2312-baseline-awake,10
1116,1124,1116,1119,1106,1129,search_limit_unresolved,return_crossing,0,0,10,52,6,FB2312-baseline-awake,10
437,454,437,444,427,454,search_limit_unresolved,return_crossing,0,0,10,53,1,FB2312-baseline-awake,10
553,566,555,564,545,574,return_crossing,return_crossing,1,0,10,53,2,FB2312-baseline-awake,10
754,762,756,758,746,768,return_crossing,return_crossing,1,0,10,54,1,FB2312-baseline-awake,10
778,787,778,780,768,790,search_limit_unresolved,return_crossing,0,0,10,55,1,FB2312-baseline-awake,10
910,922,918,922,908,932,return_crossing,search_limit_unresolved,0,0,10,55,2,FB2312-baseline-awake,10
795,819,797,810,787,820,return_crossing,return_crossing,1,0,10,56,1,FB2312-baseline-awake,10
855,869,860,862,850,872,return_crossing,return_crossing,1,0,10,56,2,FB2312-baseline-awake,10
1169,1178,1169,1173,1159,1183,search_limit_unresolved,return_crossing,0,0,10,56,3,FB2312-baseline-awake,10
928,933,928,933,918,943,search_limit_unresolved,search_limit_unresolved,0,0,10,57,1,FB2312-baseline-awake,10
1040,1053,1040,1049,1030,1059,search_limit_unresolved,return_crossing,0,0,10,57,2,FB2312-baseline-awake,10
1099,1110,1108,1110,1098,1120,return_crossing,search_limit_unresolved,0,0,10,57,3,FB2312-baseline-awake,10
936,940,938,940,928,950,return_crossing,search_limit_unresolved,0,0,10,58,1,FB2312-baseline-awake,10
1098,1107,1105,1107,1095,1117,return_crossing,search_limit_unresolved,0,0,10,59,1,FB2312-baseline-awake,10
1,22,1,15,1,35,recording_boundary_unresolved,return_crossing,0,1,20,1,1,FB2312-baseline-awake,20
107,131,125,131,105,151,return_crossing,return_crossing,1,0,20,1,2,FB2312-baseline-awake,20
298,313,306,310,286,330,return_crossing,return_crossing,1,0,20,1,3,FB2312-baseline-awake,20
367,374,370,374,350,394,return_crossing,return_crossing,1,0,20,1,4,FB2312-baseline-awake,20
469,490,487,490,467,509,return_crossing,return_crossing,1,0,20,1,5,FB2312-baseline-awake,20
528,552,529,540,510,560,return_crossing,return_crossing,1,0,20,1,6,FB2312-baseline-awake,20
576,594,585,594,565,614,return_crossing,search_limit_unresolved,0,0,20,1,7,FB2312-baseline-awake,20
636,653,640,646,620,666,return_crossing,return_crossing,1,0,20,1,8,FB2312-baseline-awake,20
774,786,776,779,756,799,return_crossing,return_crossing,1,0,20,1,9,FB2312-baseline-awake,20
929,935,929,932,909,952,search_limit_unresolved,return_crossing,0,0,20,1,10,FB2312-baseline-awake,20
1097,1125,1102,1107,1082,1127,return_crossing,return_crossing,1,0,20,1,11,FB2312-baseline-awake,20
1167,1174,1172,1174,1152,1194,return_crossing,seed_not_below_return_level,0,1,20,1,12,FB2312-baseline-awake,20
15,26,15,20,1,40,return_crossing,return_crossing,1,0,20,2,1,FB2312-baseline-awake,20
677,709,694,696,674,716,return_crossing,return_crossing,1,0,20,2,2,FB2312-baseline-awake,20
1189,1195,1193,1195,1173,1200,return_crossing,recording_boundary_unresolved,0,0,20,2,3,FB2312-baseline-awake,20
10,17,10,13,1,33,recording_boundary_unresolved,return_crossing,0,0,20,3,1,FB2312-baseline-awake,20
320,344,320,342,300,362,search_limit_unresolved,return_crossing,0,0,20,3,2,FB2312-baseline-awake,20
34,37,34,36,14,56,seed_not_below_return_level,return_crossing,0,1,20,4,1,FB2312-baseline-awake,20
428,448,433,440,413,460,return_crossing,return_crossing,1,0,20,4,2,FB2312-baseline-awake,20
482,511,489,511,469,531,return_crossing,return_crossing,1,0,20,4,3,FB2312-baseline-awake,20
541,569,551,569,532,589,return_crossing,return_crossing,1,0,20,4,4,FB2312-baseline-awake,20
855,870,860,869,840,879,return_crossing,return_crossing,1,0,20,4,5,FB2312-baseline-awake,20
890,899,890,898,880,918,search_limit_unresolved,return_crossing,0,0,20,4,6,FB2312-baseline-awake,20
944,954,945,953,925,965,return_crossing,return_crossing,1,0,20,4,7,FB2312-baseline-awake,20
977,987,977,987,966,1007,seed_not_below_return_level,seed_not_below_return_level,0,1,20,4,8,FB2312-baseline-awake,20
1032,1058,1038,1058,1018,1078,return_crossing,seed_not_below_return_level,0,1,20,4,9,FB2312-baseline-awake,20
1100,1120,1101,1112,1081,1132,return_crossing,return_crossing,1,0,20,4,10,FB2312-baseline-awake,20
205,216,210,215,190,226,return_crossing,return_crossing,1,0,20,5,1,FB2312-baseline-awake,20
238,250,238,250,227,270,return_crossing,return_crossing,1,0,20,5,2,FB2312-baseline-awake,20
299,309,304,308,284,328,return_crossing,return_crossing,1,0,20,5,3,FB2312-baseline-awake,20
408,412,408,410,388,430,seed_not_below_return_level,return_crossing,0,1,20,5,4,FB2312-baseline-awake,20
1050,1058,1051,1058,1031,1078,return_crossing,return_crossing,1,0,20,5,5,FB2312-baseline-awake,20
1139,1143,1140,1142,1120,1161,return_crossing,return_crossing,1,0,20,5,6,FB2312-baseline-awake,20
1179,1184,1180,1183,1162,1200,return_crossing,return_crossing,1,0,20,5,7,FB2312-baseline-awake,20
29,35,30,32,10,50,return_crossing,return_crossing,1,0,20,6,1,FB2312-baseline-awake,20
67,79,68,73,51,93,return_crossing,return_crossing,1,0,20,6,2,FB2312-baseline-awake,20
204,217,206,209,186,229,return_crossing,return_crossing,1,0,20,6,3,FB2312-baseline-awake,20
507,526,522,524,502,544,return_crossing,return_crossing,1,0,20,7,1,FB2312-baseline-awake,20
894,906,899,902,879,922,return_crossing,return_crossing,1,0,20,7,2,FB2312-baseline-awake,20
1010,1017,1011,1014,991,1034,return_crossing,return_crossing,1,0,20,7,3,FB2312-baseline-awake,20
27,36,32,34,12,54,return_crossing,return_crossing,1,0,20,8,1,FB2312-baseline-awake,20
42,53,47,51,27,71,return_crossing,return_crossing,1,0,20,9,1,FB2312-baseline-awake,20
209,233,209,217,189,237,search_limit_unresolved,return_crossing,0,0,20,9,2,FB2312-baseline-awake,20
48,50,48,50,28,62,seed_not_below_return_level,return_crossing,0,1,20,10,1,FB2312-baseline-awake,20
71,127,74,118,63,138,return_crossing,return_crossing,0,1,20,10,2,FB2312-baseline-awake,20
272,289,279,283,259,303,return_crossing,return_crossing,1,0,20,10,3,FB2312-baseline-awake,20
636,654,646,654,626,674,return_crossing,return_crossing,1,0,20,10,4,FB2312-baseline-awake,20
1120,1125,1120,1122,1100,1142,search_limit_unresolved,return_crossing,0,0,20,10,5,FB2312-baseline-awake,20
42,52,48,50,28,70,return_crossing,return_crossing,1,0,20,11,1,FB2312-baseline-awake,20
361,374,371,374,351,394,return_crossing,search_limit_unresolved,0,0,20,11,2,FB2312-baseline-awake,20
36,56,51,53,31,73,return_crossing,return_crossing,1,0,20,12,1,FB2312-baseline-awake,20
246,250,247,249,227,269,return_crossing,return_crossing,1,0,20,13,1,FB2312-baseline-awake,20
361,390,373,375,353,395,return_crossing,return_crossing,1,0,20,13,2,FB2312-baseline-awake,20
515,522,517,520,497,540,return_crossing,return_crossing,1,0,20,13,3,FB2312-baseline-awake,20
719,734,728,730,708,749,return_crossing,return_crossing,1,0,20,13,4,FB2312-baseline-awake,20
765,772,768,772,750,786,return_crossing,return_crossing,1,0,20,13,5,FB2312-baseline-awake,20
797,806,800,804,787,824,return_crossing,return_crossing,1,0,20,13,6,FB2312-baseline-awake,20
694,723,713,722,693,742,return_crossing,return_crossing,1,0,20,14,1,FB2312-baseline-awake,20
1131,1135,1133,1135,1113,1155,return_crossing,return_crossing,1,0,20,14,2,FB2312-baseline-awake,20
1179,1185,1182,1184,1162,1200,return_crossing,return_crossing,1,0,20,14,3,FB2312-baseline-awake,20
67,104,67,85,47,105,return_crossing,return_crossing,0,1,20,15,1,FB2312-baseline-awake,20
67,81,68,75,48,95,return_crossing,return_crossing,1,0,20,16,1,FB2312-baseline-awake,20
113,126,117,119,97,139,return_crossing,return_crossing,1,0,20,16,2,FB2312-baseline-awake,20
279,289,280,289,260,309,return_crossing,search_limit_unresolved,0,0,20,16,3,FB2312-baseline-awake,20
469,490,484,487,464,507,return_crossing,return_crossing,1,0,20,17,1,FB2312-baseline-awake,20
529,552,541,546,521,561,return_crossing,return_crossing,1,0,20,17,2,FB2312-baseline-awake,20
573,583,577,582,562,602,return_crossing,return_crossing,1,0,20,17,3,FB2312-baseline-awake,20
639,651,640,650,620,663,return_crossing,return_crossing,1,0,20,17,4,FB2312-baseline-awake,20
676,690,677,682,664,702,return_crossing,return_crossing,1,0,20,17,5,FB2312-baseline-awake,20
1063,1071,1065,1071,1045,1091,return_crossing,seed_not_below_return_level,0,1,20,17,6,FB2312-baseline-awake,20
1197,1200,1198,1200,1178,1200,return_crossing,recording_boundary_unresolved,0,0,20,17,7,FB2312-baseline-awake,20
203,212,204,209,184,229,return_crossing,return_crossing,1,0,20,18,1,FB2312-baseline-awake,20
307,321,313,321,293,341,return_crossing,return_crossing,1,0,20,18,2,FB2312-baseline-awake,20
577,590,578,584,558,604,return_crossing,return_crossing,1,0,20,18,3,FB2312-baseline-awake,20
685,706,703,706,683,716,return_crossing,search_limit_unresolved,0,0,20,18,4,FB2312-baseline-awake,20
726,734,726,734,717,754,search_limit_unresolved,search_limit_unresolved,0,0,20,18,5,FB2312-baseline-awake,20
797,805,799,804,779,824,return_crossing,return_crossing,1,0,20,18,6,FB2312-baseline-awake,20
847,850,847,850,827,870,return_crossing,return_crossing,1,0,20,18,7,FB2312-baseline-awake,20
893,900,893,900,873,920,return_crossing,return_crossing,1,0,20,18,8,FB2312-baseline-awake,20
958,967,963,967,943,987,return_crossing,search_limit_unresolved,0,0,20,18,9,FB2312-baseline-awake,20
1061,1073,1062,1073,1042,1084,return_crossing,seed_not_below_return_level,0,1,20,18,10,FB2312-baseline-awake,20
1095,1098,1095,1098,1085,1113,seed_not_below_return_level,seed_not_below_return_level,0,1,20,18,11,FB2312-baseline-awake,20
1128,1131,1128,1131,1114,1151,seed_not_below_return_level,return_crossing,0,1,20,18,12,FB2312-baseline-awake,20
1168,1181,1177,1179,1157,1199,return_crossing,return_crossing,1,0,20,18,13,FB2312-baseline-awake,20
98,107,100,106,80,126,return_crossing,return_crossing,1,0,20,19,1,FB2312-baseline-awake,20
401,423,415,418,395,438,return_crossing,return_crossing,1,0,20,20,1,FB2312-baseline-awake,20
540,563,546,561,526,581,return_crossing,return_crossing,1,0,20,20,2,FB2312-baseline-awake,20
640,660,646,658,626,678,return_crossing,return_crossing,1,0,20,20,3,FB2312-baseline-awake,20
1111,1127,1119,1127,1099,1147,return_crossing,seed_not_below_return_level,0,1,20,20,4,FB2312-baseline-awake,20
125,132,125,132,105,152,search_limit_unresolved,search_limit_unresolved,0,0,20,21,1,FB2312-baseline-awake,20
337,355,349,352,329,372,return_crossing,return_crossing,1,0,20,21,2,FB2312-baseline-awake,20
675,683,675,681,655,697,search_limit_unresolved,return_crossing,0,0,20,21,3,FB2312-baseline-awake,20
714,718,714,718,698,738,search_limit_unresolved,search_limit_unresolved,0,0,20,21,4,FB2312-baseline-awake,20
875,884,880,882,860,902,return_crossing,return_crossing,1,0,20,21,5,FB2312-baseline-awake,20
960,1002,960,983,940,1003,search_limit_unresolved,return_crossing,0,0,20,21,6,FB2312-baseline-awake,20
1037,1051,1039,1050,1019,1070,return_crossing,return_crossing,1,0,20,21,7,FB2312-baseline-awake,20
1108,1123,1108,1118,1088,1138,return_crossing,return_crossing,1,0,20,21,8,FB2312-baseline-awake,20
1157,1180,1159,1163,1139,1183,return_crossing,return_crossing,1,0,20,21,9,FB2312-baseline-awake,20
112,118,113,118,93,128,return_crossing,search_limit_unresolved,0,0,20,22,1,FB2312-baseline-awake,20
136,144,139,142,129,162,return_crossing,return_crossing,1,0,20,22,2,FB2312-baseline-awake,20
1116,1125,1117,1120,1097,1140,return_crossing,return_crossing,1,0,20,23,1,FB2312-baseline-awake,20
403,414,407,414,387,434,return_crossing,seed_not_below_return_level,0,1,20,24,1,FB2312-baseline-awake,20
895,906,901,903,881,923,return_crossing,return_crossing,1,0,20,24,2,FB2312-baseline-awake,20
107,150,125,132,105,152,return_crossing,return_crossing,1,0,20,25,1,FB2312-baseline-awake,20
763,772,767,772,747,784,return_crossing,search_limit_unresolved,0,0,20,25,2,FB2312-baseline-awake,20
796,808,797,800,785,820,return_crossing,return_crossing,1,0,20,25,3,FB2312-baseline-awake,20
299,312,310,312,290,322,return_crossing,search_limit_unresolved,0,0,20,26,1,FB2312-baseline-awake,20
332,344,332,334,323,354,search_limit_unresolved,return_crossing,0,0,20,26,2,FB2312-baseline-awake,20
739,755,739,741,719,761,search_limit_unresolved,return_crossing,0,0,20,27,1,FB2312-baseline-awake,20
989,1002,998,1000,978,1015,return_crossing,return_crossing,1,0,20,27,2,FB2312-baseline-awake,20
1022,1035,1030,1033,1016,1053,return_crossing,return_crossing,1,0,20,27,3,FB2312-baseline-awake,20
1146,1163,1159,1162,1139,1182,return_crossing,return_crossing,1,0,20,27,4,FB2312-baseline-awake,20
154,186,166,177,146,190,return_crossing,return_crossing,1,0,20,28,1,FB2312-baseline-awake,20
201,211,204,207,191,227,return_crossing,return_crossing,1,0,20,28,2,FB2312-baseline-awake,20
400,408,401,406,381,416,return_crossing,return_crossing,1,0,20,28,3,FB2312-baseline-awake,20
425,434,427,433,417,451,return_crossing,return_crossing,1,0,20,28,4,FB2312-baseline-awake,20
467,478,469,476,452,496,return_crossing,return_crossing,1,0,20,28,5,FB2312-baseline-awake,20
538,546,540,543,520,558,return_crossing,return_crossing,1,0,20,28,6,FB2312-baseline-awake,20
564,580,574,579,559,599,return_crossing,return_crossing,1,0,20,28,7,FB2312-baseline-awake,20
659,684,659,669,639,689,seed_not_below_return_level,return_crossing,0,1,20,28,8,FB2312-baseline-awake,20
707,718,711,718,691,738,return_crossing,return_crossing,1,0,20,28,9,FB2312-baseline-awake,20
936,948,936,941,916,958,return_crossing,return_crossing,1,0,20,28,10,FB2312-baseline-awake,20
967,1000,976,999,959,1019,return_crossing,return_crossing,0,1,20,28,11,FB2312-baseline-awake,20
1093,1096,1093,1096,1073,1116,return_crossing,return_crossing,1,0,20,28,12,FB2312-baseline-awake,20
155,177,165,168,145,188,return_crossing,return_crossing,1,0,20,29,1,FB2312-baseline-awake,20
322,330,323,326,303,346,return_crossing,return_crossing,1,0,20,29,2,FB2312-baseline-awake,20
398,410,400,407,380,427,return_crossing,return_crossing,1,0,20,29,3,FB2312-baseline-awake,20
467,477,470,475,450,495,return_crossing,return_crossing,1,0,20,29,4,FB2312-baseline-awake,20
528,547,539,545,519,559,return_crossing,return_crossing,1,0,20,29,5,FB2312-baseline-awake,20
572,584,574,578,560,598,return_crossing,return_crossing,1,0,20,29,6,FB2312-baseline-awake,20
636,650,640,646,620,660,return_crossing,return_crossing,1,0,20,29,7,FB2312-baseline-awake,20
674,687,675,682,661,697,return_crossing,return_crossing,1,0,20,29,8,FB2312-baseline-awake,20
711,719,713,715,698,735,return_crossing,return_crossing,1,0,20,29,9,FB2312-baseline-awake,20
1106,1125,1107,1111,1087,1131,return_crossing,return_crossing,1,0,20,29,10,FB2312-baseline-awake,20
153,174,158,162,138,182,return_crossing,return_crossing,1,0,20,30,1,FB2312-baseline-awake,20
156,189,171,183,151,193,return_crossing,return_crossing,1,0,20,31,1,FB2312-baseline-awake,20
201,218,203,214,194,225,return_crossing,return_crossing,1,0,20,31,2,FB2312-baseline-awake,20
232,246,236,238,226,258,return_crossing,return_crossing,1,0,20,31,3,FB2312-baseline-awake,20
312,332,319,325,299,345,return_crossing,return_crossing,1,0,20,31,4,FB2312-baseline-awake,20
400,410,400,407,380,427,return_crossing,return_crossing,1,0,20,31,5,FB2312-baseline-awake,20
571,583,574,578,554,598,return_crossing,return_crossing,1,0,20,31,6,FB2312-baseline-awake,20
790,822,803,807,783,827,return_crossing,return_crossing,1,0,20,31,7,FB2312-baseline-awake,20
969,992,987,992,967,1012,return_crossing,search_limit_unresolved,0,0,20,31,8,FB2312-baseline-awake,20
192,199,192,196,172,216,search_limit_unresolved,return_crossing,0,0,20,32,1,FB2312-baseline-awake,20
170,197,187,193,167,209,return_crossing,return_crossing,1,0,20,33,1,FB2312-baseline-awake,20
225,232,225,232,210,252,search_limit_unresolved,return_crossing,0,0,20,33,2,FB2312-baseline-awake,20
575,594,579,582,559,602,return_crossing,return_crossing,1,0,20,33,3,FB2312-baseline-awake,20
714,734,719,723,699,743,return_crossing,return_crossing,1,0,20,33,4,FB2312-baseline-awake,20
958,987,978,981,958,1001,return_crossing,return_crossing,1,0,20,33,5,FB2312-baseline-awake,20
1061,1070,1063,1070,1043,1090,return_crossing,return_crossing,1,0,20,33,6,FB2312-baseline-awake,20
172,194,192,194,172,214,return_crossing,search_limit_unresolved,0,0,20,34,1,FB2312-baseline-awake,20
225,233,227,232,207,252,return_crossing,return_crossing,1,0,20,35,1,FB2312-baseline-awake,20
230,243,236,238,216,258,return_crossing,return_crossing,1,0,20,36,1,FB2312-baseline-awake,20
235,246,242,244,222,264,return_crossing,return_crossing,1,0,20,37,1,FB2312-baseline-awake,20
266,289,283,289,263,309,return_crossing,search_limit_unresolved,0,0,20,38,1,FB2312-baseline-awake,20
286,289,286,289,266,309,search_limit_unresolved,search_limit_unresolved,0,0,20,39,1,FB2312-baseline-awake,20
292,320,293,320,273,340,return_crossing,return_crossing,1,0,20,40,1,FB2312-baseline-awake,20
331,352,334,336,314,356,return_crossing,return_crossing,1,0,20,41,1,FB2312-baseline-awake,20
433,449,433,448,413,468,search_limit_unresolved,return_crossing,0,0,20,42,1,FB2312-baseline-awake,20
945,958,953,955,933,967,return_crossing,return_crossing,1,0,20,42,2,FB2312-baseline-awake,20
979,986,979,981,968,1001,search_limit_unresolved,return_crossing,0,0,20,42,3,FB2312-baseline-awake,20
1107,1129,1112,1115,1092,1135,return_crossing,return_crossing,1,0,20,42,4,FB2312-baseline-awake,20
751,759,751,756,731,776,search_limit_unresolved,return_crossing,0,0,20,43,1,FB2312-baseline-awake,20
348,363,350,353,330,373,return_crossing,return_crossing,1,0,20,44,1,FB2312-baseline-awake,20
407,412,407,410,387,430,search_limit_unresolved,return_crossing,0,0,20,45,1,FB2312-baseline-awake,20
395,415,407,409,387,429,return_crossing,return_crossing,1,0,20,46,1,FB2312-baseline-awake,20
1139,1143,1140,1142,1120,1162,return_crossing,return_crossing,1,0,20,47,1,FB2312-baseline-awake,20
409,418,411,418,391,438,return_crossing,search_limit_unresolved,0,0,20,48,1,FB2312-baseline-awake,20
873,886,880,886,860,906,return_crossing,return_crossing,1,0,20,48,2,FB2312-baseline-awake,20
407,420,414,416,394,436,return_crossing,return_crossing,1,0,20,49,1,FB2312-baseline-awake,20
413,425,416,418,396,432,return_crossing,return_crossing,1,0,20,50,1,FB2312-baseline-awake,20
447,459,447,453,433,473,search_limit_unresolved,return_crossing,0,0,20,50,2,FB2312-baseline-awake,20
416,424,418,423,398,443,return_crossing,return_crossing,1,0,20,51,1,FB2312-baseline-awake,20
551,572,567,569,547,589,return_crossing,return_crossing,1,0,20,52,1,FB2312-baseline-awake,20
857,870,865,869,845,882,return_crossing,return_crossing,1,0,20,52,2,FB2312-baseline-awake,20
891,901,896,899,883,919,return_crossing,return_crossing,1,0,20,52,3,FB2312-baseline-awake,20
962,983,962,968,942,988,search_limit_unresolved,return_crossing,0,0,20,52,4,FB2312-baseline-awake,20
1078,1086,1079,1081,1059,1098,return_crossing,return_crossing,1,0,20,52,5,FB2312-baseline-awake,20
1100,1124,1116,1119,1099,1139,return_crossing,return_crossing,1,0,20,52,6,FB2312-baseline-awake,20
421,454,437,444,417,464,return_crossing,return_crossing,1,0,20,53,1,FB2312-baseline-awake,20
553,566,555,564,535,584,return_crossing,return_crossing,1,0,20,53,2,FB2312-baseline-awake,20
754,762,756,758,736,778,return_crossing,return_crossing,1,0,20,54,1,FB2312-baseline-awake,20
765,787,778,780,758,800,return_crossing,return_crossing,1,0,20,55,1,FB2312-baseline-awake,20
910,935,918,922,898,942,return_crossing,return_crossing,1,0,20,55,2,FB2312-baseline-awake,20
795,819,797,810,777,830,return_crossing,return_crossing,1,0,20,56,1,FB2312-baseline-awake,20
855,869,860,862,840,882,return_crossing,return_crossing,1,0,20,56,2,FB2312-baseline-awake,20
1169,1178,1169,1173,1149,1193,search_limit_unresolved,return_crossing,0,0,20,56,3,FB2312-baseline-awake,20
917,933,928,933,908,953,return_crossing,search_limit_unresolved,0,0,20,57,1,FB2312-baseline-awake,20
1027,1053,1040,1049,1020,1069,return_crossing,return_crossing,1,0,20,57,2,FB2312-baseline-awake,20
1099,1122,1108,1110,1088,1130,return_crossing,return_crossing,1,0,20,57,3,FB2312-baseline-awake,20
936,940,938,940,918,960,return_crossing,search_limit_unresolved,0,0,20,58,1,FB2312-baseline-awake,20
1098,1125,1105,1107,1085,1127,return_crossing,return_crossing,1,0,20,59,1,FB2312-baseline-awake,20
1,22,1,15,1,55,recording_boundary_unresolved,return_crossing,0,1,40,1,1,FB2312-baseline-awake,40
107,131,125,131,85,171,return_crossing,return_crossing,1,0,40,1,2,FB2312-baseline-awake,40
298,313,306,310,266,340,return_crossing,return_crossing,1,0,40,1,3,FB2312-baseline-awake,40
367,374,370,374,341,414,return_crossing,return_crossing,1,0,40,1,4,FB2312-baseline-awake,40
469,490,487,490,447,509,return_crossing,return_crossing,1,0,40,1,5,FB2312-baseline-awake,40
528,552,529,540,510,562,return_crossing,return_crossing,1,0,40,1,6,FB2312-baseline-awake,40
576,616,585,594,563,617,return_crossing,return_crossing,1,0,40,1,7,FB2312-baseline-awake,40
636,653,640,646,618,686,return_crossing,return_crossing,1,0,40,1,8,FB2312-baseline-awake,40
774,786,776,779,736,819,return_crossing,return_crossing,1,0,40,1,9,FB2312-baseline-awake,40
907,935,929,932,889,972,return_crossing,return_crossing,1,0,40,1,10,FB2312-baseline-awake,40
1097,1125,1102,1107,1062,1139,return_crossing,return_crossing,1,0,40,1,11,FB2312-baseline-awake,40
1167,1174,1172,1174,1140,1200,return_crossing,seed_not_below_return_level,0,1,40,1,12,FB2312-baseline-awake,40
15,26,15,20,1,60,return_crossing,return_crossing,1,0,40,2,1,FB2312-baseline-awake,40
677,709,694,696,654,736,return_crossing,return_crossing,1,0,40,2,2,FB2312-baseline-awake,40
1189,1195,1193,1195,1153,1200,return_crossing,recording_boundary_unresolved,0,0,40,2,3,FB2312-baseline-awake,40
10,17,10,13,1,53,recording_boundary_unresolved,return_crossing,0,0,40,3,1,FB2312-baseline-awake,40
296,344,320,342,280,382,return_crossing,return_crossing,1,0,40,3,2,FB2312-baseline-awake,40
34,37,34,36,1,76,seed_not_below_return_level,return_crossing,0,1,40,4,1,FB2312-baseline-awake,40
428,448,433,440,393,464,return_crossing,return_crossing,1,0,40,4,2,FB2312-baseline-awake,40
482,511,489,511,465,531,return_crossing,return_crossing,1,0,40,4,3,FB2312-baseline-awake,40
541,569,551,569,532,609,return_crossing,return_crossing,1,0,40,4,4,FB2312-baseline-awake,40
855,870,860,869,820,879,return_crossing,return_crossing,1,0,40,4,5,FB2312-baseline-awake,40
890,899,890,898,880,921,search_limit_unresolved,return_crossing,0,0,40,4,6,FB2312-baseline-awake,40
944,954,945,953,922,965,return_crossing,return_crossing,1,0,40,4,7,FB2312-baseline-awake,40
977,987,977,987,966,1012,seed_not_below_return_level,seed_not_below_return_level,0,1,40,4,8,FB2312-baseline-awake,40
1032,1058,1038,1058,1013,1079,return_crossing,seed_not_below_return_level,0,1,40,4,9,FB2312-baseline-awake,40
1100,1120,1101,1112,1080,1152,return_crossing,return_crossing,1,0,40,4,10,FB2312-baseline-awake,40
205,216,210,215,170,226,return_crossing,return_crossing,1,0,40,5,1,FB2312-baseline-awake,40
238,250,238,250,227,277,return_crossing,return_crossing,1,0,40,5,2,FB2312-baseline-awake,40
299,309,304,308,278,348,return_crossing,return_crossing,1,0,40,5,3,FB2312-baseline-awake,40
408,412,408,410,368,450,seed_not_below_return_level,return_crossing,0,1,40,5,4,FB2312-baseline-awake,40
1050,1058,1051,1058,1011,1098,return_crossing,return_crossing,1,0,40,5,5,FB2312-baseline-awake,40
1139,1143,1140,1142,1100,1161,return_crossing,return_crossing,1,0,40,5,6,FB2312-baseline-awake,40
1179,1184,1180,1183,1162,1200,return_crossing,return_crossing,1,0,40,5,7,FB2312-baseline-awake,40
29,35,30,32,1,50,return_crossing,return_crossing,1,0,40,6,1,FB2312-baseline-awake,40
67,79,68,73,51,113,return_crossing,return_crossing,1,0,40,6,2,FB2312-baseline-awake,40
204,217,206,209,166,249,return_crossing,return_crossing,1,0,40,6,3,FB2312-baseline-awake,40
507,526,522,524,482,564,return_crossing,return_crossing,1,0,40,7,1,FB2312-baseline-awake,40
894,906,899,902,859,942,return_crossing,return_crossing,1,0,40,7,2,FB2312-baseline-awake,40
1010,1017,1011,1014,971,1054,return_crossing,return_crossing,1,0,40,7,3,FB2312-baseline-awake,40
27,36,32,34,1,74,return_crossing,return_crossing,1,0,40,8,1,FB2312-baseline-awake,40
42,53,47,51,7,91,return_crossing,return_crossing,1,0,40,9,1,FB2312-baseline-awake,40
185,233,209,217,169,257,return_crossing,return_crossing,1,0,40,9,2,FB2312-baseline-awake,40
48,50,48,50,8,62,seed_not_below_return_level,return_crossing,0,1,40,10,1,FB2312-baseline-awake,40
71,127,74,118,63,158,return_crossing,return_crossing,0,1,40,10,2,FB2312-baseline-awake,40
272,289,279,283,239,323,return_crossing,return_crossing,1,0,40,10,3,FB2312-baseline-awake,40
636,654,646,654,606,694,return_crossing,return_crossing,1,0,40,10,4,FB2312-baseline-awake,40
1096,1125,1120,1122,1080,1162,return_crossing,return_crossing,1,0,40,10,5,FB2312-baseline-awake,40
42,52,48,50,8,90,return_crossing,return_crossing,1,0,40,11,1,FB2312-baseline-awake,40
361,374,371,374,331,414,return_crossing,search_limit_unresolved,0,0,40,11,2,FB2312-baseline-awake,40
36,56,51,53,11,93,return_crossing,return_crossing,1,0,40,12,1,FB2312-baseline-awake,40
246,250,247,249,207,289,return_crossing,return_crossing,1,0,40,13,1,FB2312-baseline-awake,40
361,390,373,375,333,415,return_crossing,return_crossing,1,0,40,13,2,FB2312-baseline-awake,40
515,522,517,520,477,560,return_crossing,return_crossing,1,0,40,13,3,FB2312-baseline-awake,40
719,734,728,730,688,749,return_crossing,return_crossing,1,0,40,13,4,FB2312-baseline-awake,40
765,772,768,772,750,786,return_crossing,return_crossing,1,0,40,13,5,FB2312-baseline-awake,40
797,806,800,804,787,844,return_crossing,return_crossing,1,0,40,13,6,FB2312-baseline-awake,40
694,723,713,722,673,762,return_crossing,return_crossing,1,0,40,14,1,FB2312-baseline-awake,40
1131,1135,1133,1135,1093,1158,return_crossing,return_crossing,1,0,40,14,2,FB2312-baseline-awake,40
1179,1185,1182,1184,1159,1200,return_crossing,return_crossing,1,0,40,14,3,FB2312-baseline-awake,40
67,104,67,85,27,125,return_crossing,return_crossing,0,1,40,15,1,FB2312-baseline-awake,40
67,81,68,75,28,96,return_crossing,return_crossing,1,0,40,16,1,FB2312-baseline-awake,40
113,126,117,119,97,159,return_crossing,return_crossing,1,0,40,16,2,FB2312-baseline-awake,40
279,310,280,289,240,329,return_crossing,return_crossing,1,0,40,16,3,FB2312-baseline-awake,40
469,490,484,487,444,514,return_crossing,return_crossing,1,0,40,17,1,FB2312-baseline-awake,40
529,552,541,546,515,561,return_crossing,return_crossing,1,0,40,17,2,FB2312-baseline-awake,40
573,583,577,582,562,611,return_crossing,return_crossing,1,0,40,17,3,FB2312-baseline-awake,40
639,651,640,650,612,663,return_crossing,return_crossing,1,0,40,17,4,FB2312-baseline-awake,40
676,690,677,682,664,722,return_crossing,return_crossing,1,0,40,17,5,FB2312-baseline-awake,40
1063,1071,1065,1071,1025,1111,return_crossing,seed_not_below_return_level,0,1,40,17,6,FB2312-baseline-awake,40
1197,1200,1198,1200,1158,1200,return_crossing,recording_boundary_unresolved,0,0,40,17,7,FB2312-baseline-awake,40
203,212,204,209,164,249,return_crossing,return_crossing,1,0,40,18,1,FB2312-baseline-awake,40
307,321,313,321,273,361,return_crossing,return_crossing,1,0,40,18,2,FB2312-baseline-awake,40
577,590,578,584,538,624,return_crossing,return_crossing,1,0,40,18,3,FB2312-baseline-awake,40
685,706,703,706,663,716,return_crossing,search_limit_unresolved,0,0,40,18,4,FB2312-baseline-awake,40
726,756,726,734,717,766,search_limit_unresolved,return_crossing,0,0,40,18,5,FB2312-baseline-awake,40
797,805,799,804,767,825,return_crossing,return_crossing,1,0,40,18,6,FB2312-baseline-awake,40
847,850,847,850,826,871,return_crossing,return_crossing,1,0,40,18,7,FB2312-baseline-awake,40
893,900,893,900,872,931,return_crossing,return_crossing,1,0,40,18,8,FB2312-baseline-awake,40
958,1002,963,967,932,1007,return_crossing,return_crossing,1,0,40,18,9,FB2312-baseline-awake,40
1061,1073,1062,1073,1022,1084,return_crossing,seed_not_below_return_level,0,1,40,18,10,FB2312-baseline-awake,40
1095,1098,1095,1098,1085,1113,seed_not_below_return_level,seed_not_below_return_level,0,1,40,18,11,FB2312-baseline-awake,40
1128,1131,1128,1131,1114,1154,seed_not_below_return_level,return_crossing,0,1,40,18,12,FB2312-baseline-awake,40
1168,1181,1177,1179,1155,1200,return_crossing,return_crossing,1,0,40,18,13,FB2312-baseline-awake,40
98,107,100,106,60,146,return_crossing,return_crossing,1,0,40,19,1,FB2312-baseline-awake,40
401,423,415,418,375,458,return_crossing,return_crossing,1,0,40,20,1,FB2312-baseline-awake,40
540,563,546,561,506,601,return_crossing,return_crossing,1,0,40,20,2,FB2312-baseline-awake,40
640,660,646,658,606,698,return_crossing,return_crossing,1,0,40,20,3,FB2312-baseline-awake,40
1111,1127,1119,1127,1079,1167,return_crossing,seed_not_below_return_level,0,1,40,20,4,FB2312-baseline-awake,40
104,164,125,132,85,172,return_crossing,return_crossing,1,0,40,21,1,FB2312-baseline-awake,40
337,355,349,352,309,392,return_crossing,return_crossing,1,0,40,21,2,FB2312-baseline-awake,40
654,683,675,681,635,697,return_crossing,return_crossing,1,0,40,21,3,FB2312-baseline-awake,40
714,742,714,718,698,758,search_limit_unresolved,return_crossing,0,0,40,21,4,FB2312-baseline-awake,40
875,884,880,882,840,921,return_crossing,return_crossing,1,0,40,21,5,FB2312-baseline-awake,40
923,1002,960,983,922,1011,return_crossing,return_crossing,1,0,40,21,6,FB2312-baseline-awake,40
1037,1051,1039,1050,1012,1079,return_crossing,return_crossing,1,0,40,21,7,FB2312-baseline-awake,40
1108,1123,1108,1118,1080,1138,return_crossing,return_crossing,1,0,40,21,8,FB2312-baseline-awake,40
1157,1180,1159,1163,1139,1200,return_crossing,return_crossing,1,0,40,21,9,FB2312-baseline-awake,40
112,118,113,118,73,128,return_crossing,search_limit_unresolved,0,0,40,22,1,FB2312-baseline-awake,40
136,144,139,142,129,182,return_crossing,return_crossing,1,0,40,22,2,FB2312-baseline-awake,40
1116,1125,1117,1120,1077,1160,return_crossing,return_crossing,1,0,40,23,1,FB2312-baseline-awake,40
403,414,407,414,367,454,return_crossing,seed_not_below_return_level,0,1,40,24,1,FB2312-baseline-awake,40
895,906,901,903,861,943,return_crossing,return_crossing,1,0,40,24,2,FB2312-baseline-awake,40
107,150,125,132,85,172,return_crossing,return_crossing,1,0,40,25,1,FB2312-baseline-awake,40
763,772,767,772,727,784,return_crossing,search_limit_unresolved,0,0,40,25,2,FB2312-baseline-awake,40
796,808,797,800,785,840,return_crossing,return_crossing,1,0,40,25,3,FB2312-baseline-awake,40
299,312,310,312,270,322,return_crossing,search_limit_unresolved,0,0,40,26,1,FB2312-baseline-awake,40
332,344,332,334,323,374,search_limit_unresolved,return_crossing,0,0,40,26,2,FB2312-baseline-awake,40
714,755,739,741,699,781,return_crossing,return_crossing,1,0,40,27,1,FB2312-baseline-awake,40
989,1002,998,1000,958,1015,return_crossing,return_crossing,1,0,40,27,2,FB2312-baseline-awake,40
1022,1035,1030,1033,1016,1073,return_crossing,return_crossing,1,0,40,27,3,FB2312-baseline-awake,40
1146,1163,1159,1162,1119,1200,return_crossing,return_crossing,1,0,40,27,4,FB2312-baseline-awake,40
154,186,166,177,126,190,return_crossing,return_crossing,1,0,40,28,1,FB2312-baseline-awake,40
201,211,204,207,191,247,return_crossing,return_crossing,1,0,40,28,2,FB2312-baseline-awake,40
400,408,401,406,361,416,return_crossing,return_crossing,1,0,40,28,3,FB2312-baseline-awake,40
425,434,427,433,417,451,return_crossing,return_crossing,1,0,40,28,4,FB2312-baseline-awake,40
467,478,469,476,452,508,return_crossing,return_crossing,1,0,40,28,5,FB2312-baseline-awake,40
538,546,540,543,509,558,return_crossing,return_crossing,1,0,40,28,6,FB2312-baseline-awake,40
564,580,574,579,559,619,return_crossing,return_crossing,1,0,40,28,7,FB2312-baseline-awake,40
659,684,659,669,620,690,seed_not_below_return_level,return_crossing,0,1,40,28,8,FB2312-baseline-awake,40
707,718,711,718,691,758,return_crossing,return_crossing,1,0,40,28,9,FB2312-baseline-awake,40
936,948,936,941,896,958,return_crossing,return_crossing,1,0,40,28,10,FB2312-baseline-awake,40
967,1000,976,999,959,1039,return_crossing,return_crossing,0,1,40,28,11,FB2312-baseline-awake,40
1093,1096,1093,1096,1053,1136,return_crossing,return_crossing,1,0,40,28,12,FB2312-baseline-awake,40
155,177,165,168,125,208,return_crossing,return_crossing,1,0,40,29,1,FB2312-baseline-awake,40
322,330,323,326,283,363,return_crossing,return_crossing,1,0,40,29,2,FB2312-baseline-awake,40
398,410,400,407,364,438,return_crossing,return_crossing,1,0,40,29,3,FB2312-baseline-awake,40
467,477,470,475,439,507,return_crossing,return_crossing,1,0,40,29,4,FB2312-baseline-awake,40
528,547,539,545,508,559,return_crossing,return_crossing,1,0,40,29,5,FB2312-baseline-awake,40
572,584,574,578,560,609,return_crossing,return_crossing,1,0,40,29,6,FB2312-baseline-awake,40
636,650,640,646,610,660,return_crossing,return_crossing,1,0,40,29,7,FB2312-baseline-awake,40
674,687,675,682,661,697,return_crossing,return_crossing,1,0,40,29,8,FB2312-baseline-awake,40
711,719,713,715,698,755,return_crossing,return_crossing,1,0,40,29,9,FB2312-baseline-awake,40
1106,1125,1107,1111,1067,1151,return_crossing,return_crossing,1,0,40,29,10,FB2312-baseline-awake,40
153,174,158,162,118,202,return_crossing,return_crossing,1,0,40,30,1,FB2312-baseline-awake,40
156,189,171,183,131,193,return_crossing,return_crossing,1,0,40,31,1,FB2312-baseline-awake,40
201,218,203,214,194,225,return_crossing,return_crossing,1,0,40,31,2,FB2312-baseline-awake,40
232,246,236,238,226,278,return_crossing,return_crossing,1,0,40,31,3,FB2312-baseline-awake,40
312,332,319,325,279,362,return_crossing,return_crossing,1,0,40,31,4,FB2312-baseline-awake,40
400,410,400,407,363,447,return_crossing,return_crossing,1,0,40,31,5,FB2312-baseline-awake,40
571,583,574,578,534,618,return_crossing,return_crossing,1,0,40,31,6,FB2312-baseline-awake,40
790,822,803,807,763,847,return_crossing,return_crossing,1,0,40,31,7,FB2312-baseline-awake,40
969,1028,987,992,947,1032,return_crossing,return_crossing,1,0,40,31,8,FB2312-baseline-awake,40
169,199,192,196,152,236,return_crossing,return_crossing,1,0,40,32,1,FB2312-baseline-awake,40
170,197,187,193,147,209,return_crossing,return_crossing,1,0,40,33,1,FB2312-baseline-awake,40
225,232,225,232,210,272,search_limit_unresolved,return_crossing,0,0,40,33,2,FB2312-baseline-awake,40
575,594,579,582,539,622,return_crossing,return_crossing,1,0,40,33,3,FB2312-baseline-awake,40
714,734,719,723,679,763,return_crossing,return_crossing,1,0,40,33,4,FB2312-baseline-awake,40
958,987,978,981,938,1021,return_crossing,return_crossing,1,0,40,33,5,FB2312-baseline-awake,40
1061,1070,1063,1070,1023,1110,return_crossing,return_crossing,1,0,40,33,6,FB2312-baseline-awake,40
172,233,192,194,152,234,return_crossing,return_crossing,1,0,40,34,1,FB2312-baseline-awake,40
225,233,227,232,187,272,return_crossing,return_crossing,1,0,40,35,1,FB2312-baseline-awake,40
230,243,236,238,196,278,return_crossing,return_crossing,1,0,40,36,1,FB2312-baseline-awake,40
235,246,242,244,202,284,return_crossing,return_crossing,1,0,40,37,1,FB2312-baseline-awake,40
266,310,283,289,243,329,return_crossing,return_crossing,1,0,40,38,1,FB2312-baseline-awake,40
264,311,286,289,246,329,return_crossing,return_crossing,1,0,40,39,1,FB2312-baseline-awake,40
292,320,293,320,253,360,return_crossing,return_crossing,1,0,40,40,1,FB2312-baseline-awake,40
331,352,334,336,294,376,return_crossing,return_crossing,1,0,40,41,1,FB2312-baseline-awake,40
398,449,433,448,393,488,return_crossing,return_crossing,1,0,40,42,1,FB2312-baseline-awake,40
945,958,953,955,913,967,return_crossing,return_crossing,1,0,40,42,2,FB2312-baseline-awake,40
979,986,979,981,968,1021,search_limit_unresolved,return_crossing,0,0,40,42,3,FB2312-baseline-awake,40
1107,1129,1112,1115,1072,1155,return_crossing,return_crossing,1,0,40,42,4,FB2312-baseline-awake,40
723,759,751,756,711,796,return_crossing,return_crossing,1,0,40,43,1,FB2312-baseline-awake,40
348,363,350,353,310,393,return_crossing,return_crossing,1,0,40,44,1,FB2312-baseline-awake,40
407,412,407,410,367,450,search_limit_unresolved,return_crossing,0,0,40,45,1,FB2312-baseline-awake,40
395,415,407,409,367,449,return_crossing,return_crossing,1,0,40,46,1,FB2312-baseline-awake,40
1139,1143,1140,1142,1100,1182,return_crossing,return_crossing,1,0,40,47,1,FB2312-baseline-awake,40
409,456,411,418,371,458,return_crossing,return_crossing,1,0,40,48,1,FB2312-baseline-awake,40
873,886,880,886,840,926,return_crossing,return_crossing,1,0,40,48,2,FB2312-baseline-awake,40
407,420,414,416,374,456,return_crossing,return_crossing,1,0,40,49,1,FB2312-baseline-awake,40
413,425,416,418,376,432,return_crossing,return_crossing,1,0,40,50,1,FB2312-baseline-awake,40
447,459,447,453,433,493,search_limit_unresolved,return_crossing,0,0,40,50,2,FB2312-baseline-awake,40
416,424,418,423,378,463,return_crossing,return_crossing,1,0,40,51,1,FB2312-baseline-awake,40
551,572,567,569,527,609,return_crossing,return_crossing,1,0,40,52,1,FB2312-baseline-awake,40
857,870,865,869,825,882,return_crossing,return_crossing,1,0,40,52,2,FB2312-baseline-awake,40
891,901,896,899,883,930,return_crossing,return_crossing,1,0,40,52,3,FB2312-baseline-awake,40
935,983,962,968,931,1008,return_crossing,return_crossing,1,0,40,52,4,FB2312-baseline-awake,40
1078,1086,1079,1081,1039,1098,return_crossing,return_crossing,1,0,40,52,5,FB2312-baseline-awake,40
1100,1124,1116,1119,1099,1159,return_crossing,return_crossing,1,0,40,52,6,FB2312-baseline-awake,40
421,454,437,444,397,484,return_crossing,return_crossing,1,0,40,53,1,FB2312-baseline-awake,40
553,566,555,564,515,604,return_crossing,return_crossing,1,0,40,53,2,FB2312-baseline-awake,40
754,762,756,758,716,798,return_crossing,return_crossing,1,0,40,54,1,FB2312-baseline-awake,40
765,787,778,780,738,820,return_crossing,return_crossing,1,0,40,55,1,FB2312-baseline-awake,40
910,935,918,922,878,962,return_crossing,return_crossing,1,0,40,55,2,FB2312-baseline-awake,40
795,819,797,810,757,835,return_crossing,return_crossing,1,0,40,56,1,FB2312-baseline-awake,40
855,869,860,862,836,902,return_crossing,return_crossing,1,0,40,56,2,FB2312-baseline-awake,40
1144,1178,1169,1173,1129,1200,return_crossing,return_crossing,1,0,40,56,3,FB2312-baseline-awake,40
917,959,928,933,888,973,return_crossing,return_crossing,1,0,40,57,1,FB2312-baseline-awake,40
1027,1053,1040,1049,1000,1078,return_crossing,return_crossing,1,0,40,57,2,FB2312-baseline-awake,40
1099,1122,1108,1110,1079,1150,return_crossing,return_crossing,1,0,40,57,3,FB2312-baseline-awake,40
936,940,938,940,898,980,return_crossing,search_limit_unresolved,0,0,40,58,1,FB2312-baseline-awake,40
1098,1125,1105,1107,1065,1147,return_crossing,return_crossing,1,0,40,59,1,FB2312-baseline-awake,40
52,64,52,64,47,69,search_limit_unresolved,search_limit_unresolved,0,0,5,1,1,FB2316-baseline,5
278,291,278,291,273,296,search_limit_unresolved,search_limit_unresolved,0,0,5,1,2,FB2316-baseline,5
321,367,323,362,318,367,return_crossing,return_crossing,1,0,5,1,3,FB2316-baseline,5
404,427,404,427,399,432,seed_not_below_return_level,seed_not_below_return_level,0,1,5,1,4,FB2316-baseline,5
455,458,455,458,450,463,seed_not_below_return_level,seed_not_below_return_level,0,1,5,1,5,FB2316-baseline,5
558,572,558,567,553,572,return_crossing,return_crossing,0,1,5,1,6,FB2316-baseline,5
602,688,602,688,597,693,seed_not_below_return_level,seed_not_below_return_level,0,1,5,1,7,FB2316-baseline,5
736,744,736,742,731,747,return_crossing,return_crossing,1,0,5,1,8,FB2316-baseline,5
762,766,763,766,758,771,return_crossing,return_crossing,1,0,5,1,9,FB2316-baseline,5
1090,1097,1091,1095,1086,1100,return_crossing,return_crossing,1,0,5,1,10,FB2316-baseline,5
1138,1153,1138,1153,1133,1158,search_limit_unresolved,seed_not_below_return_level,0,1,5,1,11,FB2316-baseline,5
1176,1186,1176,1186,1171,1191,seed_not_below_return_level,seed_not_below_return_level,0,1,5,1,12,FB2316-baseline,5
20,27,20,27,15,32,seed_not_below_return_level,seed_not_below_return_level,0,1,5,2,1,FB2316-baseline,5
444,447,444,447,439,452,seed_not_below_return_level,seed_not_below_return_level,0,1,5,2,2,FB2316-baseline,5
510,516,510,516,505,521,seed_not_below_return_level,seed_not_below_return_level,0,1,5,2,3,FB2316-baseline,5
1179,1200,1179,1200,1174,1200,seed_not_below_return_level,seed_not_below_return_level,0,1,5,2,4,FB2316-baseline,5
3,8,3,8,1,13,recording_boundary_unresolved,search_limit_unresolved,0,0,5,3,1,FB2316-baseline,5
161,174,161,174,156,179,search_limit_unresolved,seed_not_below_return_level,0,1,5,3,2,FB2316-baseline,5
198,206,198,206,193,211,seed_not_below_return_level,return_crossing,0,1,5,3,3,FB2316-baseline,5
274,305,274,305,269,310,search_limit_unresolved,seed_not_below_return_level,0,1,5,3,4,FB2316-baseline,5
333,339,333,338,328,343,seed_not_below_return_level,return_crossing,0,1,5,3,5,FB2316-baseline,5
386,422,386,422,381,427,return_crossing,seed_not_below_return_level,0,1,5,3,6,FB2316-baseline,5
462,477,462,477,457,482,seed_not_below_return_level,seed_not_below_return_level,0,1,5,3,7,FB2316-baseline,5
517,546,517,546,512,551,seed_not_below_return_level,seed_not_below_return_level,0,1,5,3,8,FB2316-baseline,5
583,666,583,662,578,667,seed_not_below_return_level,return_crossing,0,1,5,3,9,FB2316-baseline,5
687,706,687,706,682,711,seed_not_below_return_level,return_crossing,0,1,5,3,10,FB2316-baseline,5
733,768,733,768,728,773,seed_not_below_return_level,seed_not_below_return_level,0,1,5,3,11,FB2316-baseline,5
796,801,796,801,791,806,seed_not_below_return_level,seed_not_below_return_level,0,1,5,3,12,FB2316-baseline,5
1016,1033,1016,1032,1011,1037,search_limit_unresolved,return_crossing,0,0,5,3,13,FB2316-baseline,5
1074,1121,1074,1121,1069,1126,return_crossing,seed_not_below_return_level,0,1,5,3,14,FB2316-baseline,5
1185,1200,1185,1200,1180,1200,search_limit_unresolved,recording_boundary_unresolved,0,1,5,3,15,FB2316-baseline,5
20,22,20,22,15,27,return_crossing,return_crossing,1,0,5,4,1,FB2316-baseline,5
72,74,72,74,67,79,search_limit_unresolved,search_limit_unresolved,0,0,5,4,2,FB2316-baseline,5
271,278,274,278,269,283,return_crossing,search_limit_unresolved,0,0,5,4,3,FB2316-baseline,5
349,351,349,351,344,356,search_limit_unresolved,search_limit_unresolved,0,0,5,4,4,FB2316-baseline,5
388,397,388,397,383,402,search_limit_unresolved,search_limit_unresolved,0,0,5,4,5,FB2316-baseline,5
1196,1199,1196,1199,1191,1200,seed_not_below_return_level,recording_boundary_unresolved,0,1,5,5,1,FB2316-baseline,5
1112,1126,1112,1126,1107,1131,search_limit_unresolved,search_limit_unresolved,0,0,5,6,1,FB2316-baseline,5
43,80,43,80,38,85,search_limit_unresolved,search_limit_unresolved,0,0,5,7,1,FB2316-baseline,5
436,443,436,443,431,448,seed_not_below_return_level,seed_not_below_return_level,0,1,5,7,2,FB2316-baseline,5
1108,1120,1108,1120,1103,1125,search_limit_unresolved,search_limit_unresolved,0,0,5,7,3,FB2316-baseline,5
1140,1142,1140,1142,1135,1147,search_limit_unresolved,search_limit_unresolved,0,0,5,7,4,FB2316-baseline,5
47,51,47,50,42,55,search_limit_unresolved,return_crossing,0,0,5,8,1,FB2316-baseline,5
99,103,99,102,94,107,search_limit_unresolved,return_crossing,0,0,5,8,2,FB2316-baseline,5
369,377,372,376,367,381,return_crossing,return_crossing,1,0,5,8,3,FB2316-baseline,5
533,538,533,538,528,543,return_crossing,return_crossing,0,1,5,8,4,FB2316-baseline,5
67,103,67,103,62,108,return_crossing,seed_not_below_return_level,0,1,5,9,1,FB2316-baseline,5
443,452,447,451,442,456,return_crossing,return_crossing,1,0,5,9,2,FB2316-baseline,5
477,487,477,487,472,492,search_limit_unresolved,seed_not_below_return_level,0,1,5,9,3,FB2316-baseline,5
553,580,553,580,548,585,return_crossing,seed_not_below_return_level,0,1,5,9,4,FB2316-baseline,5
661,775,661,775,656,780,return_crossing,seed_not_below_return_level,0,1,5,9,5,FB2316-baseline,5
1036,1059,1038,1058,1033,1063,return_crossing,return_crossing,1,0,5,9,6,FB2316-baseline,5
1089,1108,1089,1107,1084,1112,seed_not_below_return_level,return_crossing,0,1,5,9,7,FB2316-baseline,5
1164,1178,1164,1178,1159,1183,return_crossing,seed_not_below_return_level,0,1,5,9,8,FB2316-baseline,5
88,92,88,90,83,95,search_limit_unresolved,return_crossing,0,0,5,10,1,FB2316-baseline,5
87,101,89,97,84,102,return_crossing,return_crossing,1,0,5,11,1,FB2316-baseline,5
132,144,132,141,127,146,search_limit_unresolved,return_crossing,0,0,5,11,2,FB2316-baseline,5
470,482,470,481,465,486,return_crossing,return_crossing,1,0,5,11,3,FB2316-baseline,5
552,559,552,557,547,562,search_limit_unresolved,return_crossing,0,0,5,11,4,FB2316-baseline,5
704,712,707,712,702,717,return_crossing,search_limit_unresolved,0,0,5,11,5,FB2316-baseline,5
737,749,740,749,735,754,return_crossing,search_limit_unresolved,0,0,5,11,6,FB2316-baseline,5
1082,1094,1082,1092,1077,1097,search_limit_unresolved,return_crossing,0,0,5,11,7,FB2316-baseline,5
1112,1121,1114,1121,1109,1126,return_crossing,search_limit_unresolved,0,0,5,11,8,FB2316-baseline,5
328,351,328,349,323,354,search_limit_unresolved,return_crossing,0,0,5,12,1,FB2316-baseline,5
464,467,464,466,459,471,return_crossing,return_crossing,1,0,5,12,2,FB2316-baseline,5
536,552,539,552,534,557,return_crossing,search_limit_unresolved,0,0,5,12,3,FB2316-baseline,5
575,580,575,580,570,585,search_limit_unresolved,return_crossing,0,0,5,12,4,FB2316-baseline,5
109,111,109,111,104,116,search_limit_unresolved,search_limit_unresolved,0,0,5,13,1,FB2316-baseline,5
709,722,710,721,705,726,return_crossing,return_crossing,1,0,5,13,2,FB2316-baseline,5
770,787,772,785,767,790,return_crossing,return_crossing,1,0,5,13,3,FB2316-baseline,5
809,811,809,811,804,816,search_limit_unresolved,search_limit_unresolved,0,0,5,13,4,FB2316-baseline,5
109,113,109,112,104,117,search_limit_unresolved,return_crossing,0,0,5,14,1,FB2316-baseline,5
268,273,268,272,263,277,search_limit_unresolved,return_crossing,0,0,5,14,2,FB2316-baseline,5
310,314,311,314,306,319,return_crossing,seed_not_below_return_level,0,1,5,14,3,FB2316-baseline,5
451,458,452,458,447,463,return_crossing,search_limit_unresolved,0,0,5,14,4,FB2316-baseline,5
481,497,481,497,476,502,search_limit_unresolved,search_limit_unresolved,0,0,5,14,5,FB2316-baseline,5
741,772,741,772,736,777,search_limit_unresolved,search_limit_unresolved,0,1,5,14,6,FB2316-baseline,5
813,815,813,815,808,820,search_limit_unresolved,search_limit_unresolved,0,0,5,14,7,FB2316-baseline,5
109,112,109,112,104,117,search_limit_unresolved,search_limit_unresolved,0,0,5,15,1,FB2316-baseline,5
318,330,318,326,313,331,search_limit_unresolved,return_crossing,0,0,5,16,1,FB2316-baseline,5
733,744,738,740,733,745,return_crossing,return_crossing,1,0,5,16,2,FB2316-baseline,5
144,152,146,152,141,157,return_crossing,search_limit_unresolved,0,0,5,17,1,FB2316-baseline,5
179,187,179,182,174,187,search_limit_unresolved,return_crossing,0,0,5,17,2,FB2316-baseline,5
447,457,447,456,442,461,search_limit_unresolved,return_crossing,0,0,5,18,1,FB2316-baseline,5
539,586,544,583,539,588,return_crossing,return_crossing,1,0,5,18,2,FB2316-baseline,5
798,809,798,806,793,811,search_limit_unresolved,return_crossing,0,0,5,18,3,FB2316-baseline,5
1090,1110,1091,1110,1086,1115,return_crossing,seed_not_below_return_level,0,1,5,18,4,FB2316-baseline,5
1153,1155,1153,1155,1148,1160,return_crossing,seed_not_below_return_level,0,1,5,18,5,FB2316-baseline,5
204,206,204,206,199,211,search_limit_unresolved,search_limit_unresolved,0,0,5,19,1,FB2316-baseline,5
421,446,421,446,416,451,search_limit_unresolved,search_limit_unresolved,0,0,5,19,2,FB2316-baseline,5
220,236,225,236,220,241,return_crossing,search_limit_unresolved,0,0,5,20,1,FB2316-baseline,5
279,285,279,285,274,290,search_limit_unresolved,search_limit_unresolved,0,0,5,21,1,FB2316-baseline,5
515,517,515,517,510,522,search_limit_unresolved,search_limit_unresolved,0,0,5,22,1,FB2316-baseline,5
807,815,807,814,802,819,search_limit_unresolved,return_crossing,0,0,5,22,2,FB2316-baseline,5
870,874,870,874,865,879,search_limit_unresolved,return_crossing,0,0,5,22,3,FB2316-baseline,5
480,486,482,485,477,490,return_crossing,return_crossing,1,0,5,23,1,FB2316-baseline,5
513,522,518,521,513,526,return_crossing,return_crossing,1,0,5,23,2,FB2316-baseline,5
538,546,543,545,538,550,return_crossing,return_crossing,1,0,5,23,3,FB2316-baseline,5
748,754,750,753,745,758,return_crossing,return_crossing,1,0,5,24,1,FB2316-baseline,5
311,323,311,323,306,328,search_limit_unresolved,search_limit_unresolved,0,0,5,25,1,FB2316-baseline,5
1034,1041,1038,1041,1033,1046,return_crossing,search_limit_unresolved,0,0,5,25,2,FB2316-baseline,5
293,300,293,295,288,300,search_limit_unresolved,return_crossing,0,0,5,26,1,FB2316-baseline,5
626,637,626,633,621,638,search_limit_unresolved,return_crossing,0,0,5,27,1,FB2316-baseline,5
713,733,713,733,708,738,search_limit_unresolved,return_crossing,0,0,5,27,2,FB2316-baseline,5
757,781,757,781,752,786,return_crossing,search_limit_unresolved,0,0,5,27,3,FB2316-baseline,5
1127,1131,1127,1131,1122,1136,search_limit_unresolved,search_limit_unresolved,0,0,5,27,4,FB2316-baseline,5
312,330,317,330,312,335,return_crossing,search_limit_unresolved,0,0,5,28,1,FB2316-baseline,5
787,790,787,790,782,795,search_limit_unresolved,search_limit_unresolved,0,0,5,28,2,FB2316-baseline,5
318,324,322,324,317,329,return_crossing,search_limit_unresolved,0,0,5,29,1,FB2316-baseline,5
795,801,795,801,790,806,search_limit_unresolved,search_limit_unresolved,0,0,5,29,2,FB2316-baseline,5
327,331,327,329,322,334,search_limit_unresolved,return_crossing,0,0,5,30,1,FB2316-baseline,5
594,600,594,596,589,601,search_limit_unresolved,return_crossing,0,0,5,30,2,FB2316-baseline,5
645,652,649,652,644,657,return_crossing,search_limit_unresolved,0,0,5,30,3,FB2316-baseline,5
722,744,726,743,721,748,return_crossing,return_crossing,1,0,5,30,4,FB2316-baseline,5
845,850,845,850,840,855,search_limit_unresolved,search_limit_unresolved,0,0,5,30,5,FB2316-baseline,5
1075,1089,1075,1089,1070,1094,search_limit_unresolved,search_limit_unresolved,0,0,5,30,6,FB2316-baseline,5
328,331,328,331,323,336,search_limit_unresolved,search_limit_unresolved,0,0,5,31,1,FB2316-baseline,5
480,492,485,492,480,497,return_crossing,search_limit_unresolved,0,0,5,32,1,FB2316-baseline,5
749,768,749,763,744,768,search_limit_unresolved,return_crossing,0,0,5,32,2,FB2316-baseline,5
365,374,365,374,360,379,search_limit_unresolved,search_limit_unresolved,0,0,5,33,1,FB2316-baseline,5
381,386,381,383,376,388,search_limit_unresolved,return_crossing,0,0,5,34,1,FB2316-baseline,5
1187,1193,1191,1193,1186,1198,return_crossing,return_crossing,1,0,5,35,1,FB2316-baseline,5
1191,1196,1191,1196,1186,1200,seed_not_below_return_level,return_crossing,0,1,5,36,1,FB2316-baseline,5
776,785,779,781,774,786,return_crossing,return_crossing,1,0,5,37,1,FB2316-baseline,5
389,408,393,408,388,413,return_crossing,search_limit_unresolved,0,0,5,38,1,FB2316-baseline,5
756,758,756,758,751,763,search_limit_unresolved,search_limit_unresolved,0,0,5,38,2,FB2316-baseline,5
779,782,779,782,774,787,search_limit_unresolved,search_limit_unresolved,0,0,5,38,3,FB2316-baseline,5
398,404,401,404,396,409,return_crossing,search_limit_unresolved,0,0,5,39,1,FB2316-baseline,5
515,527,515,527,510,532,seed_not_below_return_level,seed_not_below_return_level,0,1,5,39,2,FB2316-baseline,5
580,660,580,658,575,663,return_crossing,return_crossing,1,0,5,39,3,FB2316-baseline,5
1189,1193,1189,1193,1184,1198,search_limit_unresolved,search_limit_unresolved,0,0,5,39,4,FB2316-baseline,5
418,427,423,425,418,430,return_crossing,return_crossing,1,0,5,40,1,FB2316-baseline,5
520,556,523,555,518,560,return_crossing,return_crossing,1,0,5,40,2,FB2316-baseline,5
417,428,420,426,415,431,return_crossing,return_crossing,1,0,5,41,1,FB2316-baseline,5
1109,1113,1109,1112,1104,1117,search_limit_unresolved,return_crossing,0,0,5,41,2,FB2316-baseline,5
1167,1170,1168,1170,1163,1175,return_crossing,search_limit_unresolved,0,0,5,41,3,FB2316-baseline,5
420,433,422,433,417,438,return_crossing,search_limit_unresolved,0,0,5,42,1,FB2316-baseline,5
504,512,504,512,499,517,seed_not_below_return_level,return_crossing,0,1,5,42,2,FB2316-baseline,5
449,456,449,452,444,457,search_limit_unresolved,return_crossing,0,0,5,43,1,FB2316-baseline,5
425,470,427,470,422,475,return_crossing,search_limit_unresolved,0,0,5,44,1,FB2316-baseline,5
434,444,436,441,431,446,return_crossing,return_crossing,1,0,5,45,1,FB2316-baseline,5
473,480,475,480,470,485,return_crossing,search_limit_unresolved,0,0,5,45,2,FB2316-baseline,5
1085,1090,1085,1090,1080,1095,search_limit_unresolved,search_limit_unresolved,0,0,5,45,3,FB2316-baseline,5
438,456,438,456,433,461,return_crossing,seed_not_below_return_level,0,1,5,46,1,FB2316-baseline,5
582,593,582,593,577,598,search_limit_unresolved,return_crossing,0,0,5,46,2,FB2316-baseline,5
439,445,441,443,436,448,return_crossing,return_crossing,1,0,5,47,1,FB2316-baseline,5
443,446,443,446,438,451,search_limit_unresolved,return_crossing,0,0,5,48,1,FB2316-baseline,5
446,450,446,448,441,453,search_limit_unresolved,return_crossing,0,0,5,49,1,FB2316-baseline,5
486,512,487,512,482,517,return_crossing,return_crossing,0,1,5,50,1,FB2316-baseline,5
1157,1160,1158,1160,1153,1165,return_crossing,return_crossing,1,0,5,50,2,FB2316-baseline,5
1197,1199,1197,1199,1192,1200,seed_not_below_return_level,recording_boundary_unresolved,0,1,5,50,3,FB2316-baseline,5
498,500,498,500,493,505,search_limit_unresolved,search_limit_unresolved,0,0,5,51,1,FB2316-baseline,5
546,555,548,550,543,555,return_crossing,return_crossing,1,0,5,52,1,FB2316-baseline,5
975,982,975,979,970,984,search_limit_unresolved,return_crossing,0,0,5,52,2,FB2316-baseline,5
470,476,471,475,466,480,return_crossing,return_crossing,1,0,5,53,1,FB2316-baseline,5
519,527,519,527,514,532,seed_not_below_return_level,seed_not_below_return_level,0,1,5,53,2,FB2316-baseline,5
478,489,481,488,476,493,return_crossing,return_crossing,1,0,5,54,1,FB2316-baseline,5
486,494,486,494,481,499,search_limit_unresolved,search_limit_unresolved,0,0,5,55,1,FB2316-baseline,5
1195,1198,1196,1198,1191,1200,return_crossing,recording_boundary_unresolved,0,0,5,55,2,FB2316-baseline,5
496,500,496,500,491,505,search_limit_unresolved,search_limit_unresolved,0,0,5,56,1,FB2316-baseline,5
526,533,526,528,521,533,search_limit_unresolved,return_crossing,0,0,5,56,2,FB2316-baseline,5
495,503,497,500,492,505,return_crossing,return_crossing,1,0,5,57,1,FB2316-baseline,5
695,704,695,704,690,709,search_limit_unresolved,search_limit_unresolved,0,0,5,58,1,FB2316-baseline,5
1073,1079,1073,1077,1068,1082,search_limit_unresolved,return_crossing,0,0,5,58,2,FB2316-baseline,5
1123,1127,1123,1127,1118,1132,seed_not_below_return_level,return_crossing,0,1,5,58,3,FB2316-baseline,5
513,516,513,516,508,521,search_limit_unresolved,search_limit_unresolved,0,0,5,59,1,FB2316-baseline,5
775,784,780,784,775,789,return_crossing,search_limit_unresolved,0,0,5,59,2,FB2316-baseline,5
516,520,516,519,511,524,return_crossing,return_crossing,1,0,5,60,1,FB2316-baseline,5
525,528,525,528,520,533,search_limit_unresolved,search_limit_unresolved,0,0,5,61,1,FB2316-baseline,5
524,529,527,529,522,534,return_crossing,search_limit_unresolved,0,0,5,62,1,FB2316-baseline,5
529,534,530,532,525,537,return_crossing,return_crossing,1,0,5,63,1,FB2316-baseline,5
556,560,556,558,551,563,search_limit_unresolved,return_crossing,0,0,5,64,1,FB2316-baseline,5
556,562,556,558,551,563,return_crossing,return_crossing,1,0,5,65,1,FB2316-baseline,5
580,599,582,597,577,602,return_crossing,return_crossing,1,0,5,66,1,FB2316-baseline,5
597,601,597,601,592,606,search_limit_unresolved,search_limit_unresolved,0,0,5,67,1,FB2316-baseline,5
653,676,653,674,648,679,return_crossing,return_crossing,1,0,5,68,1,FB2316-baseline,5
698,704,698,704,693,709,search_limit_unresolved,search_limit_unresolved,0,0,5,68,2,FB2316-baseline,5
729,738,729,738,724,743,search_limit_unresolved,search_limit_unresolved,0,0,5,68,3,FB2316-baseline,5
1137,1142,1137,1141,1132,1146,seed_not_below_return_level,return_crossing,0,1,5,68,4,FB2316-baseline,5
647,664,652,664,647,669,return_crossing,search_limit_unresolved,0,0,5,69,1,FB2316-baseline,5
775,781,775,781,770,786,search_limit_unresolved,search_limit_unresolved,0,0,5,70,1,FB2316-baseline,5
1189,1196,1189,1196,1184,1200,return_crossing,seed_not_below_return_level,0,1,5,70,2,FB2316-baseline,5
792,795,792,795,787,800,search_limit_unresolved,search_limit_unresolved,0,0,5,71,1,FB2316-baseline,5
789,793,789,793,784,798,search_limit_unresolved,search_limit_unresolved,0,0,5,72,1,FB2316-baseline,5
873,875,873,875,868,880,search_limit_unresolved,search_limit_unresolved,0,0,5,73,1,FB2316-baseline,5
1080,1082,1080,1082,1075,1087,search_limit_unresolved,search_limit_unresolved,0,0,5,74,1,FB2316-baseline,5
1076,1087,1078,1087,1073,1092,return_crossing,search_limit_unresolved,0,0,5,75,1,FB2316-baseline,5
1085,1087,1085,1087,1080,1092,search_limit_unresolved,search_limit_unresolved,0,0,5,76,1,FB2316-baseline,5
1103,1111,1103,1111,1098,1116,search_limit_unresolved,search_limit_unresolved,0,0,5,77,1,FB2316-baseline,5
1088,1091,1088,1091,1083,1096,search_limit_unresolved,search_limit_unresolved,0,0,5,78,1,FB2316-baseline,5
1123,1131,1123,1131,1118,1136,search_limit_unresolved,search_limit_unresolved,0,0,5,79,1,FB2316-baseline,5
1120,1128,1120,1128,1115,1133,search_limit_unresolved,search_limit_unresolved,0,0,5,80,1,FB2316-baseline,5
1123,1130,1125,1128,1120,1133,return_crossing,return_crossing,1,0,5,81,1,FB2316-baseline,5
52,64,52,64,42,74,search_limit_unresolved,search_limit_unresolved,0,0,10,1,1,FB2316-baseline,10
278,291,278,291,268,301,search_limit_unresolved,search_limit_unresolved,0,0,10,1,2,FB2316-baseline,10
321,367,323,362,313,372,return_crossing,return_crossing,1,0,10,1,3,FB2316-baseline,10
404,427,404,427,394,437,seed_not_below_return_level,seed_not_below_return_level,0,1,10,1,4,FB2316-baseline,10
455,458,455,458,445,468,seed_not_below_return_level,seed_not_below_return_level,0,1,10,1,5,FB2316-baseline,10
558,572,558,567,548,577,return_crossing,return_crossing,0,1,10,1,6,FB2316-baseline,10
602,688,602,688,592,698,seed_not_below_return_level,seed_not_below_return_level,0,1,10,1,7,FB2316-baseline,10
736,744,736,742,726,752,return_crossing,return_crossing,1,0,10,1,8,FB2316-baseline,10
762,766,763,766,753,776,return_crossing,return_crossing,1,0,10,1,9,FB2316-baseline,10
1090,1097,1091,1095,1081,1105,return_crossing,return_crossing,1,0,10,1,10,FB2316-baseline,10
1138,1153,1138,1153,1128,1163,search_limit_unresolved,seed_not_below_return_level,0,1,10,1,11,FB2316-baseline,10
1176,1186,1176,1186,1166,1196,seed_not_below_return_level,seed_not_below_return_level,0,1,10,1,12,FB2316-baseline,10
20,27,20,27,10,37,seed_not_below_return_level,seed_not_below_return_level,0,1,10,2,1,FB2316-baseline,10
444,447,444,447,434,457,seed_not_below_return_level,seed_not_below_return_level,0,1,10,2,2,FB2316-baseline,10
510,516,510,516,500,526,seed_not_below_return_level,seed_not_below_return_level,0,1,10,2,3,FB2316-baseline,10
1179,1200,1179,1200,1169,1200,seed_not_below_return_level,seed_not_below_return_level,0,1,10,2,4,FB2316-baseline,10
3,14,3,8,1,18,recording_boundary_unresolved,return_crossing,0,0,10,3,1,FB2316-baseline,10
161,174,161,174,151,184,search_limit_unresolved,seed_not_below_return_level,0,1,10,3,2,FB2316-baseline,10
198,206,198,206,188,216,seed_not_below_return_level,return_crossing,0,1,10,3,3,FB2316-baseline,10
266,305,274,305,264,315,return_crossing,seed_not_below_return_level,0,1,10,3,4,FB2316-baseline,10
333,339,333,338,323,348,seed_not_below_return_level,return_crossing,0,1,10,3,5,FB2316-baseline,10
386,422,386,422,376,432,return_crossing,seed_not_below_return_level,0,1,10,3,6,FB2316-baseline,10
462,477,462,477,452,487,seed_not_below_return_level,seed_not_below_return_level,0,1,10,3,7,FB2316-baseline,10
517,546,517,546,507,556,seed_not_below_return_level,seed_not_below_return_level,0,1,10,3,8,FB2316-baseline,10
583,666,583,662,573,672,seed_not_below_return_level,return_crossing,0,1,10,3,9,FB2316-baseline,10
687,706,687,706,677,716,seed_not_below_return_level,return_crossing,0,1,10,3,10,FB2316-baseline,10
733,768,733,768,723,778,seed_not_below_return_level,seed_not_below_return_level,0,1,10,3,11,FB2316-baseline,10
796,801,796,801,786,811,seed_not_below_return_level,seed_not_below_return_level,0,1,10,3,12,FB2316-baseline,10
1009,1033,1016,1032,1006,1042,return_crossing,return_crossing,1,0,10,3,13,FB2316-baseline,10
1074,1121,1074,1121,1064,1131,return_crossing,seed_not_below_return_level,0,1,10,3,14,FB2316-baseline,10
1179,1200,1185,1200,1175,1200,return_crossing,recording_boundary_unresolved,0,1,10,3,15,FB2316-baseline,10
20,22,20,22,10,32,return_crossing,return_crossing,1,0,10,4,1,FB2316-baseline,10
72,74,72,74,62,84,search_limit_unresolved,search_limit_unresolved,0,0,10,4,2,FB2316-baseline,10
271,278,274,278,264,288,return_crossing,search_limit_unresolved,0,0,10,4,3,FB2316-baseline,10
349,351,349,351,339,361,search_limit_unresolved,search_limit_unresolved,0,0,10,4,4,FB2316-baseline,10
388,397,388,397,378,407,search_limit_unresolved,search_limit_unresolved,0,0,10,4,5,FB2316-baseline,10
1196,1199,1196,1199,1186,1200,seed_not_below_return_level,recording_boundary_unresolved,0,1,10,5,1,FB2316-baseline,10
1112,1126,1112,1126,1102,1136,search_limit_unresolved,search_limit_unresolved,0,0,10,6,1,FB2316-baseline,10
35,80,43,80,33,90,return_crossing,search_limit_unresolved,0,0,10,7,1,FB2316-baseline,10
436,443,436,443,426,453,seed_not_below_return_level,seed_not_below_return_level,0,1,10,7,2,FB2316-baseline,10
1108,1120,1108,1120,1098,1130,search_limit_unresolved,search_limit_unresolved,0,0,10,7,3,FB2316-baseline,10
1140,1142,1140,1142,1131,1152,search_limit_unresolved,search_limit_unresolved,0,0,10,7,4,FB2316-baseline,10
38,51,47,50,37,60,return_crossing,return_crossing,1,0,10,8,1,FB2316-baseline,10
90,103,99,102,89,112,return_crossing,return_crossing,1,0,10,8,2,FB2316-baseline,10
369,377,372,376,362,386,return_crossing,return_crossing,1,0,10,8,3,FB2316-baseline,10
533,538,533,538,523,548,return_crossing,return_crossing,0,1,10,8,4,FB2316-baseline,10
67,103,67,103,57,113,return_crossing,seed_not_below_return_level,0,1,10,9,1,FB2316-baseline,10
443,452,447,451,437,461,return_crossing,return_crossing,1,0,10,9,2,FB2316-baseline,10
469,487,477,487,467,497,return_crossing,seed_not_below_return_level,0,1,10,9,3,FB2316-baseline,10
553,580,553,580,543,590,return_crossing,seed_not_below_return_level,0,1,10,9,4,FB2316-baseline,10
661,775,661,775,651,785,return_crossing,seed_not_below_return_level,0,1,10,9,5,FB2316-baseline,10
1036,1059,1038,1058,1028,1068,return_crossing,return_crossing,1,0,10,9,6,FB2316-baseline,10
1089,1108,1089,1107,1079,1117,seed_not_below_return_level,return_crossing,0,1,10,9,7,FB2316-baseline,10
1164,1178,1164,1178,1154,1188,return_crossing,seed_not_below_return_level,0,1,10,9,8,FB2316-baseline,10
88,92,88,90,78,100,search_limit_unresolved,return_crossing,0,0,10,10,1,FB2316-baseline,10
87,101,89,97,79,107,return_crossing,return_crossing,1,0,10,11,1,FB2316-baseline,10
132,144,132,141,122,151,search_limit_unresolved,return_crossing,0,0,10,11,2,FB2316-baseline,10
470,482,470,481,460,491,return_crossing,return_crossing,1,0,10,11,3,FB2316-baseline,10
552,559,552,557,542,567,search_limit_unresolved,return_crossing,0,0,10,11,4,FB2316-baseline,10
704,722,707,712,697,722,return_crossing,return_crossing,1,0,10,11,5,FB2316-baseline,10
737,756,740,749,730,759,return_crossing,return_crossing,1,0,10,11,6,FB2316-baseline,10
1082,1094,1082,1092,1072,1102,search_limit_unresolved,return_crossing,0,0,10,11,7,FB2316-baseline,10
1112,1127,1114,1121,1104,1131,return_crossing,return_crossing,1,0,10,11,8,FB2316-baseline,10
328,351,328,349,318,359,search_limit_unresolved,return_crossing,0,0,10,12,1,FB2316-baseline,10
464,467,464,466,454,476,return_crossing,return_crossing,1,0,10,12,2,FB2316-baseline,10
536,562,539,552,529,562,return_crossing,return_crossing,1,0,10,12,3,FB2316-baseline,10
565,580,575,580,565,590,return_crossing,return_crossing,1,0,10,12,4,FB2316-baseline,10
103,111,109,111,99,121,return_crossing,search_limit_unresolved,0,0,10,13,1,FB2316-baseline,10
709,722,710,721,700,731,return_crossing,return_crossing,1,0,10,13,2,FB2316-baseline,10
770,787,772,785,762,795,return_crossing,return_crossing,1,0,10,13,3,FB2316-baseline,10
799,811,809,811,799,821,return_crossing,search_limit_unresolved,0,0,10,13,4,FB2316-baseline,10
102,113,109,112,99,122,return_crossing,return_crossing,1,0,10,14,1,FB2316-baseline,10
268,273,268,272,258,282,search_limit_unresolved,return_crossing,0,0,10,14,2,FB2316-baseline,10
310,314,311,314,301,324,return_crossing,seed_not_below_return_level,0,1,10,14,3,FB2316-baseline,10
451,458,452,458,442,468,return_crossing,search_limit_unresolved,0,0,10,14,4,FB2316-baseline,10
481,497,481,497,471,507,search_limit_unresolved,search_limit_unresolved,0,0,10,14,5,FB2316-baseline,10
741,778,741,772,731,782,search_limit_unresolved,return_crossing,0,1,10,14,6,FB2316-baseline,10
813,823,813,815,803,825,search_limit_unresolved,return_crossing,0,0,10,14,7,FB2316-baseline,10
109,112,109,112,99,122,search_limit_unresolved,search_limit_unresolved,0,0,10,15,1,FB2316-baseline,10
308,330,318,326,308,336,return_crossing,return_crossing,1,0,10,16,1,FB2316-baseline,10
733,744,738,740,728,750,return_crossing,return_crossing,1,0,10,16,2,FB2316-baseline,10
144,152,146,152,136,162,return_crossing,search_limit_unresolved,0,0,10,17,1,FB2316-baseline,10
179,187,179,182,169,192,search_limit_unresolved,return_crossing,0,0,10,17,2,FB2316-baseline,10
447,457,447,456,437,466,search_limit_unresolved,return_crossing,0,0,10,18,1,FB2316-baseline,10
539,586,544,583,534,593,return_crossing,return_crossing,1,0,10,18,2,FB2316-baseline,10
798,809,798,806,788,816,search_limit_unresolved,return_crossing,0,0,10,18,3,FB2316-baseline,10
1090,1110,1091,1110,1081,1120,return_crossing,seed_not_below_return_level,0,1,10,18,4,FB2316-baseline,10
1153,1155,1153,1155,1143,1165,return_crossing,seed_not_below_return_level,0,1,10,18,5,FB2316-baseline,10
194,212,204,206,194,216,return_crossing,return_crossing,1,0,10,19,1,FB2316-baseline,10
421,446,421,446,411,456,search_limit_unresolved,search_limit_unresolved,0,0,10,19,2,FB2316-baseline,10
220,236,225,236,215,246,return_crossing,search_limit_unresolved,0,0,10,20,1,FB2316-baseline,10
279,285,279,285,269,295,search_limit_unresolved,search_limit_unresolved,0,0,10,21,1,FB2316-baseline,10
509,517,515,517,505,527,return_crossing,search_limit_unresolved,0,0,10,22,1,FB2316-baseline,10
801,815,807,814,797,824,return_crossing,return_crossing,1,0,10,22,2,FB2316-baseline,10
870,874,870,874,860,884,search_limit_unresolved,return_crossing,0,0,10,22,3,FB2316-baseline,10
480,486,482,485,472,495,return_crossing,return_crossing,1,0,10,23,1,FB2316-baseline,10
513,522,518,521,508,531,return_crossing,return_crossing,1,0,10,23,2,FB2316-baseline,10
538,546,543,545,533,555,return_crossing,return_crossing,1,0,10,23,3,FB2316-baseline,10
748,754,750,753,740,763,return_crossing,return_crossing,1,0,10,24,1,FB2316-baseline,10
311,330,311,323,301,333,search_limit_unresolved,return_crossing,0,0,10,25,1,FB2316-baseline,10
1034,1047,1038,1041,1028,1051,return_crossing,return_crossing,1,0,10,25,2,FB2316-baseline,10
293,300,293,295,283,305,search_limit_unresolved,return_crossing,0,0,10,26,1,FB2316-baseline,10
617,637,626,633,616,643,return_crossing,return_crossing,1,0,10,27,1,FB2316-baseline,10
706,733,713,733,703,743,return_crossing,return_crossing,1,0,10,27,2,FB2316-baseline,10
757,790,757,781,747,791,return_crossing,return_crossing,1,0,10,27,3,FB2316-baseline,10
1117,1131,1127,1131,1117,1141,return_crossing,search_limit_unresolved,0,0,10,27,4,FB2316-baseline,10
312,330,317,330,307,340,return_crossing,search_limit_unresolved,0,0,10,28,1,FB2316-baseline,10
787,790,787,790,777,800,search_limit_unresolved,search_limit_unresolved,0,0,10,28,2,FB2316-baseline,10
318,324,322,324,312,334,return_crossing,search_limit_unresolved,0,0,10,29,1,FB2316-baseline,10
795,801,795,801,785,811,search_limit_unresolved,search_limit_unresolved,0,0,10,29,2,FB2316-baseline,10
321,331,327,329,317,339,return_crossing,return_crossing,1,0,10,30,1,FB2316-baseline,10
594,600,594,596,584,606,search_limit_unresolved,return_crossing,0,0,10,30,2,FB2316-baseline,10
645,658,649,652,639,662,return_crossing,return_crossing,1,0,10,30,3,FB2316-baseline,10
722,744,726,743,716,753,return_crossing,return_crossing,1,0,10,30,4,FB2316-baseline,10
835,856,845,850,835,860,return_crossing,return_crossing,1,0,10,30,5,FB2316-baseline,10
1075,1095,1075,1089,1065,1099,search_limit_unresolved,return_crossing,0,0,10,30,6,FB2316-baseline,10
328,340,328,331,318,341,search_limit_unresolved,return_crossing,0,0,10,31,1,FB2316-baseline,10
480,492,485,492,475,502,return_crossing,search_limit_unresolved,0,0,10,32,1,FB2316-baseline,10
749,768,749,763,739,773,search_limit_unresolved,return_crossing,0,0,10,32,2,FB2316-baseline,10
365,374,365,374,355,384,search_limit_unresolved,search_limit_unresolved,0,0,10,33,1,FB2316-baseline,10
381,386,381,383,371,393,search_limit_unresolved,return_crossing,0,0,10,34,1,FB2316-baseline,10
1187,1193,1191,1193,1181,1200,return_crossing,return_crossing,1,0,10,35,1,FB2316-baseline,10
1191,1196,1191,1196,1181,1200,seed_not_below_return_level,return_crossing,0,1,10,36,1,FB2316-baseline,10
776,785,779,781,769,791,return_crossing,return_crossing,1,0,10,37,1,FB2316-baseline,10
389,408,393,408,383,418,return_crossing,search_limit_unresolved,0,0,10,38,1,FB2316-baseline,10
756,758,756,758,746,768,search_limit_unresolved,search_limit_unresolved,0,0,10,38,2,FB2316-baseline,10
779,782,779,782,769,792,search_limit_unresolved,search_limit_unresolved,0,0,10,38,3,FB2316-baseline,10
398,411,401,404,391,414,return_crossing,return_crossing,1,0,10,39,1,FB2316-baseline,10
515,527,515,527,505,537,seed_not_below_return_level,seed_not_below_return_level,0,1,10,39,2,FB2316-baseline,10
580,660,580,658,570,668,return_crossing,return_crossing,1,0,10,39,3,FB2316-baseline,10
1183,1193,1189,1193,1179,1200,return_crossing,recording_boundary_unresolved,0,0,10,39,4,FB2316-baseline,10
418,427,423,425,413,435,return_crossing,return_crossing,1,0,10,40,1,FB2316-baseline,10
520,556,523,555,513,565,return_crossing,return_crossing,1,0,10,40,2,FB2316-baseline,10
417,428,420,426,410,436,return_crossing,return_crossing,1,0,10,41,1,FB2316-baseline,10
1109,1113,1109,1112,1099,1122,search_limit_unresolved,return_crossing,0,0,10,41,2,FB2316-baseline,10
1167,1170,1168,1170,1158,1180,return_crossing,search_limit_unresolved,0,0,10,41,3,FB2316-baseline,10
420,441,422,433,412,443,return_crossing,return_crossing,1,0,10,42,1,FB2316-baseline,10
504,512,504,512,494,522,seed_not_below_return_level,return_crossing,0,1,10,42,2,FB2316-baseline,10
449,456,449,452,439,462,search_limit_unresolved,return_crossing,0,0,10,43,1,FB2316-baseline,10
425,470,427,470,417,480,return_crossing,search_limit_unresolved,0,0,10,44,1,FB2316-baseline,10
434,444,436,441,426,451,return_crossing,return_crossing,1,0,10,45,1,FB2316-baseline,10
473,480,475,480,465,490,return_crossing,search_limit_unresolved,0,0,10,45,2,FB2316-baseline,10
1085,1097,1085,1090,1075,1100,search_limit_unresolved,return_crossing,0,0,10,45,3,FB2316-baseline,10
438,456,438,456,428,466,return_crossing,seed_not_below_return_level,0,1,10,46,1,FB2316-baseline,10
582,593,582,593,572,603,search_limit_unresolved,return_crossing,0,0,10,46,2,FB2316-baseline,10
439,445,441,443,431,453,return_crossing,return_crossing,1,0,10,47,1,FB2316-baseline,10
443,446,443,446,433,456,search_limit_unresolved,return_crossing,0,0,10,48,1,FB2316-baseline,10
446,450,446,448,436,458,search_limit_unresolved,return_crossing,0,0,10,49,1,FB2316-baseline,10
486,512,487,512,477,522,return_crossing,return_crossing,0,1,10,50,1,FB2316-baseline,10
1157,1160,1158,1160,1148,1170,return_crossing,return_crossing,1,0,10,50,2,FB2316-baseline,10
1197,1199,1197,1199,1187,1200,seed_not_below_return_level,recording_boundary_unresolved,0,1,10,50,3,FB2316-baseline,10
498,506,498,500,488,510,search_limit_unresolved,return_crossing,0,0,10,51,1,FB2316-baseline,10
546,555,548,550,538,560,return_crossing,return_crossing,1,0,10,52,1,FB2316-baseline,10
975,982,975,979,965,989,search_limit_unresolved,return_crossing,0,0,10,52,2,FB2316-baseline,10
470,476,471,475,461,485,return_crossing,return_crossing,1,0,10,53,1,FB2316-baseline,10
519,527,519,527,509,537,seed_not_below_return_level,seed_not_below_return_level,0,1,10,53,2,FB2316-baseline,10
478,489,481,488,471,498,return_crossing,return_crossing,1,0,10,54,1,FB2316-baseline,10
478,494,486,494,476,504,return_crossing,search_limit_unresolved,0,0,10,55,1,FB2316-baseline,10
1195,1198,1196,1198,1186,1200,return_crossing,recording_boundary_unresolved,0,0,10,55,2,FB2316-baseline,10
487,500,496,500,486,510,return_crossing,search_limit_unresolved,0,0,10,56,1,FB2316-baseline,10
526,533,526,528,516,538,search_limit_unresolved,return_crossing,0,0,10,56,2,FB2316-baseline,10
495,503,497,500,487,510,return_crossing,return_crossing,1,0,10,57,1,FB2316-baseline,10
695,704,695,704,685,714,search_limit_unresolved,search_limit_unresolved,0,0,10,58,1,FB2316-baseline,10
1073,1079,1073,1077,1063,1087,search_limit_unresolved,return_crossing,0,0,10,58,2,FB2316-baseline,10
1123,1127,1123,1127,1113,1137,seed_not_below_return_level,return_crossing,0,1,10,58,3,FB2316-baseline,10
513,516,513,516,503,526,search_limit_unresolved,search_limit_unresolved,0,0,10,59,1,FB2316-baseline,10
775,784,780,784,770,794,return_crossing,search_limit_unresolved,0,0,10,59,2,FB2316-baseline,10
516,520,516,519,506,529,return_crossing,return_crossing,1,0,10,60,1,FB2316-baseline,10
525,528,525,528,515,538,search_limit_unresolved,search_limit_unresolved,0,0,10,61,1,FB2316-baseline,10
524,538,527,529,517,539,return_crossing,return_crossing,1,0,10,62,1,FB2316-baseline,10
529,534,530,532,520,542,return_crossing,return_crossing,1,0,10,63,1,FB2316-baseline,10
546,560,556,558,546,568,return_crossing,return_crossing,1,0,10,64,1,FB2316-baseline,10
556,562,556,558,546,568,return_crossing,return_crossing,1,0,10,65,1,FB2316-baseline,10
580,599,582,597,572,607,return_crossing,return_crossing,1,0,10,66,1,FB2316-baseline,10
590,601,597,601,587,611,return_crossing,search_limit_unresolved,0,0,10,67,1,FB2316-baseline,10
653,676,653,674,643,684,return_crossing,return_crossing,1,0,10,68,1,FB2316-baseline,10
698,704,698,704,688,714,search_limit_unresolved,search_limit_unresolved,0,0,10,68,2,FB2316-baseline,10
729,744,729,738,719,748,search_limit_unresolved,return_crossing,0,0,10,68,3,FB2316-baseline,10
1137,1142,1137,1141,1127,1151,seed_not_below_return_level,return_crossing,0,1,10,68,4,FB2316-baseline,10
647,664,652,664,642,674,return_crossing,search_limit_unresolved,0,0,10,69,1,FB2316-baseline,10
775,789,775,781,765,791,search_limit_unresolved,return_crossing,0,0,10,70,1,FB2316-baseline,10
1189,1196,1189,1196,1179,1200,return_crossing,seed_not_below_return_level,0,1,10,70,2,FB2316-baseline,10
792,795,792,795,782,805,search_limit_unresolved,search_limit_unresolved,0,0,10,71,1,FB2316-baseline,10
789,793,789,793,779,803,search_limit_unresolved,search_limit_unresolved,0,0,10,72,1,FB2316-baseline,10
873,875,873,875,863,885,search_limit_unresolved,search_limit_unresolved,0,0,10,73,1,FB2316-baseline,10
1080,1082,1080,1082,1070,1092,search_limit_unresolved,search_limit_unresolved,0,0,10,74,1,FB2316-baseline,10
1076,1096,1078,1087,1068,1097,return_crossing,return_crossing,1,0,10,75,1,FB2316-baseline,10
1085,1087,1085,1087,1075,1097,search_limit_unresolved,search_limit_unresolved,0,0,10,76,1,FB2316-baseline,10
1103,1118,1103,1111,1093,1121,search_limit_unresolved,return_crossing,0,0,10,77,1,FB2316-baseline,10
1082,1091,1088,1091,1078,1101,return_crossing,search_limit_unresolved,0,0,10,78,1,FB2316-baseline,10
1123,1131,1123,1131,1113,1141,search_limit_unresolved,search_limit_unresolved,0,0,10,79,1,FB2316-baseline,10
1120,1128,1120,1128,1110,1138,search_limit_unresolved,search_limit_unresolved,0,0,10,80,1,FB2316-baseline,10
1123,1130,1125,1128,1115,1138,return_crossing,return_crossing,1,0,10,81,1,FB2316-baseline,10
52,64,52,64,32,84,search_limit_unresolved,search_limit_unresolved,0,0,20,1,1,FB2316-baseline,20
278,291,278,291,258,307,search_limit_unresolved,search_limit_unresolved,0,0,20,1,2,FB2316-baseline,20
321,367,323,362,308,382,return_crossing,return_crossing,1,0,20,1,3,FB2316-baseline,20
404,427,404,427,384,441,seed_not_below_return_level,seed_not_below_return_level,0,1,20,1,4,FB2316-baseline,20
455,458,455,458,442,478,seed_not_below_return_level,seed_not_below_return_level,0,1,20,1,5,FB2316-baseline,20
558,572,558,567,538,584,return_crossing,return_crossing,0,1,20,1,6,FB2316-baseline,20
602,688,602,688,585,708,seed_not_below_return_level,seed_not_below_return_level,0,1,20,1,7,FB2316-baseline,20
736,744,736,742,716,752,return_crossing,return_crossing,1,0,20,1,8,FB2316-baseline,20
762,766,763,766,753,786,return_crossing,return_crossing,1,0,20,1,9,FB2316-baseline,20
1090,1097,1091,1095,1071,1115,return_crossing,return_crossing,1,0,20,1,10,FB2316-baseline,20
1127,1153,1138,1153,1118,1164,return_crossing,seed_not_below_return_level,0,1,20,1,11,FB2316-baseline,20
1176,1186,1176,1186,1165,1200,seed_not_below_return_level,seed_not_below_return_level,0,1,20,1,12,FB2316-baseline,20
20,27,20,27,1,47,seed_not_below_return_level,seed_not_below_return_level,0,1,20,2,1,FB2316-baseline,20
444,447,444,447,424,467,seed_not_below_return_level,seed_not_below_return_level,0,1,20,2,2,FB2316-baseline,20
510,516,510,516,490,536,seed_not_below_return_level,seed_not_below_return_level,0,1,20,2,3,FB2316-baseline,20
1179,1200,1179,1200,1159,1200,seed_not_below_return_level,seed_not_below_return_level,0,1,20,2,4,FB2316-baseline,20
3,14,3,8,1,28,recording_boundary_unresolved,return_crossing,0,0,20,3,1,FB2316-baseline,20
145,174,161,174,141,186,return_crossing,seed_not_below_return_level,0,1,20,3,2,FB2316-baseline,20
198,206,198,206,187,226,seed_not_below_return_level,return_crossing,0,1,20,3,3,FB2316-baseline,20
266,305,274,305,254,319,return_crossing,seed_not_below_return_level,0,1,20,3,4,FB2316-baseline,20
333,339,333,338,320,358,seed_not_below_return_level,return_crossing,0,1,20,3,5,FB2316-baseline,20
386,422,386,422,366,442,return_crossing,seed_not_below_return_level,0,1,20,3,6,FB2316-baseline,20
462,477,462,477,443,497,seed_not_below_return_level,seed_not_below_return_level,0,1,20,3,7,FB2316-baseline,20
517,546,517,546,498,564,seed_not_below_return_level,seed_not_below_return_level,0,1,20,3,8,FB2316-baseline,20
583,666,583,662,565,674,seed_not_below_return_level,return_crossing,0,1,20,3,9,FB2316-baseline,20
687,706,687,706,675,719,seed_not_below_return_level,return_crossing,0,1,20,3,10,FB2316-baseline,20
733,768,733,768,720,782,seed_not_below_return_level,seed_not_below_return_level,0,1,20,3,11,FB2316-baseline,20
796,801,796,801,783,821,seed_not_below_return_level,seed_not_below_return_level,0,1,20,3,12,FB2316-baseline,20
1009,1033,1016,1032,996,1052,return_crossing,return_crossing,1,0,20,3,13,FB2316-baseline,20
1074,1121,1074,1121,1054,1141,return_crossing,seed_not_below_return_level,0,1,20,3,14,FB2316-baseline,20
1179,1200,1185,1200,1165,1200,return_crossing,recording_boundary_unresolved,0,1,20,3,15,FB2316-baseline,20
20,22,20,22,1,42,return_crossing,return_crossing,1,0,20,4,1,FB2316-baseline,20
72,74,72,74,52,94,search_limit_unresolved,search_limit_unresolved,0,0,20,4,2,FB2316-baseline,20
271,295,274,278,254,298,return_crossing,return_crossing,1,0,20,4,3,FB2316-baseline,20
334,365,349,351,329,369,return_crossing,return_crossing,1,0,20,4,4,FB2316-baseline,20
370,397,388,397,370,417,return_crossing,search_limit_unresolved,0,0,20,4,5,FB2316-baseline,20
1196,1199,1196,1199,1176,1200,seed_not_below_return_level,recording_boundary_unresolved,0,1,20,5,1,FB2316-baseline,20
1112,1126,1112,1126,1092,1146,search_limit_unresolved,search_limit_unresolved,0,0,20,6,1,FB2316-baseline,20
35,99,43,80,23,100,return_crossing,return_crossing,1,0,20,7,1,FB2316-baseline,20
436,443,436,443,416,463,seed_not_below_return_level,seed_not_below_return_level,0,1,20,7,2,FB2316-baseline,20
1108,1120,1108,1120,1088,1130,search_limit_unresolved,search_limit_unresolved,0,0,20,7,3,FB2316-baseline,20
1140,1142,1140,1142,1131,1162,search_limit_unresolved,search_limit_unresolved,0,0,20,7,4,FB2316-baseline,20
38,51,47,50,27,70,return_crossing,return_crossing,1,0,20,8,1,FB2316-baseline,20
90,103,99,102,79,122,return_crossing,return_crossing,1,0,20,8,2,FB2316-baseline,20
369,377,372,376,352,396,return_crossing,return_crossing,1,0,20,8,3,FB2316-baseline,20
533,538,533,538,513,558,return_crossing,return_crossing,0,1,20,8,4,FB2316-baseline,20
67,103,67,103,47,123,return_crossing,seed_not_below_return_level,0,1,20,9,1,FB2316-baseline,20
443,452,447,451,427,464,return_crossing,return_crossing,1,0,20,9,2,FB2316-baseline,20
469,487,477,487,465,507,return_crossing,seed_not_below_return_level,0,1,20,9,3,FB2316-baseline,20
553,580,553,580,533,600,return_crossing,seed_not_below_return_level,0,1,20,9,4,FB2316-baseline,20
661,775,661,775,641,795,return_crossing,seed_not_below_return_level,0,1,20,9,5,FB2316-baseline,20
1036,1059,1038,1058,1018,1073,return_crossing,return_crossing,1,0,20,9,6,FB2316-baseline,20
1089,1108,1089,1107,1074,1127,seed_not_below_return_level,return_crossing,0,1,20,9,7,FB2316-baseline,20
1164,1178,1164,1178,1144,1198,return_crossing,seed_not_below_return_level,0,1,20,9,8,FB2316-baseline,20
88,92,88,90,68,110,search_limit_unresolved,return_crossing,0,0,20,10,1,FB2316-baseline,20
87,101,89,97,69,114,return_crossing,return_crossing,1,0,20,11,1,FB2316-baseline,20
120,144,132,141,115,161,return_crossing,return_crossing,1,0,20,11,2,FB2316-baseline,20
470,482,470,481,450,501,return_crossing,return_crossing,1,0,20,11,3,FB2316-baseline,20
540,559,552,557,532,577,return_crossing,return_crossing,1,0,20,11,4,FB2316-baseline,20
704,722,707,712,687,726,return_crossing,return_crossing,1,0,20,11,5,FB2316-baseline,20
737,756,740,749,727,769,return_crossing,return_crossing,1,0,20,11,6,FB2316-baseline,20
1071,1094,1082,1092,1062,1103,return_crossing,return_crossing,1,0,20,11,7,FB2316-baseline,20
1112,1127,1114,1121,1104,1141,return_crossing,return_crossing,1,0,20,11,8,FB2316-baseline,20
328,351,328,349,308,369,search_limit_unresolved,return_crossing,0,0,20,12,1,FB2316-baseline,20
464,467,464,466,444,486,return_crossing,return_crossing,1,0,20,12,2,FB2316-baseline,20
536,562,539,552,519,563,return_crossing,return_crossing,1,0,20,12,3,FB2316-baseline,20
565,580,575,580,564,600,return_crossing,return_crossing,1,0,20,12,4,FB2316-baseline,20
103,111,109,111,89,131,return_crossing,search_limit_unresolved,0,0,20,13,1,FB2316-baseline,20
709,722,710,721,690,741,return_crossing,return_crossing,1,0,20,13,2,FB2316-baseline,20
770,787,772,785,752,797,return_crossing,return_crossing,1,0,20,13,3,FB2316-baseline,20
799,831,809,811,798,831,return_crossing,return_crossing,1,0,20,13,4,FB2316-baseline,20
102,113,109,112,89,132,return_crossing,return_crossing,1,0,20,14,1,FB2316-baseline,20
251,273,268,272,248,291,return_crossing,return_crossing,1,0,20,14,2,FB2316-baseline,20
310,314,311,314,292,334,return_crossing,seed_not_below_return_level,0,1,20,14,3,FB2316-baseline,20
451,458,452,458,432,469,return_crossing,search_limit_unresolved,0,0,20,14,4,FB2316-baseline,20
481,509,481,497,470,517,search_limit_unresolved,return_crossing,0,0,20,14,5,FB2316-baseline,20
741,778,741,772,721,792,search_limit_unresolved,return_crossing,0,1,20,14,6,FB2316-baseline,20
813,823,813,815,793,835,search_limit_unresolved,return_crossing,0,0,20,14,7,FB2316-baseline,20
109,112,109,112,89,132,search_limit_unresolved,search_limit_unresolved,0,0,20,15,1,FB2316-baseline,20
308,330,318,326,298,346,return_crossing,return_crossing,1,0,20,16,1,FB2316-baseline,20
733,744,738,740,718,760,return_crossing,return_crossing,1,0,20,16,2,FB2316-baseline,20
144,152,146,152,126,165,return_crossing,search_limit_unresolved,0,0,20,17,1,FB2316-baseline,20
179,187,179,182,166,202,search_limit_unresolved,return_crossing,0,0,20,17,2,FB2316-baseline,20
427,457,447,456,427,476,return_crossing,return_crossing,1,0,20,18,1,FB2316-baseline,20
539,586,544,583,524,603,return_crossing,return_crossing,1,0,20,18,2,FB2316-baseline,20
798,809,798,806,778,826,search_limit_unresolved,return_crossing,0,0,20,18,3,FB2316-baseline,20
1090,1110,1091,1110,1071,1130,return_crossing,seed_not_below_return_level,0,1,20,18,4,FB2316-baseline,20
1153,1155,1153,1155,1133,1175,return_crossing,seed_not_below_return_level,0,1,20,18,5,FB2316-baseline,20
194,212,204,206,184,226,return_crossing,return_crossing,1,0,20,19,1,FB2316-baseline,20
421,457,421,446,401,466,search_limit_unresolved,return_crossing,0,0,20,19,2,FB2316-baseline,20
220,236,225,236,205,256,return_crossing,search_limit_unresolved,0,0,20,20,1,FB2316-baseline,20
279,285,279,285,259,305,search_limit_unresolved,search_limit_unresolved,0,0,20,21,1,FB2316-baseline,20
509,535,515,517,495,537,return_crossing,return_crossing,1,0,20,22,1,FB2316-baseline,20
801,815,807,814,787,834,return_crossing,return_crossing,1,0,20,22,2,FB2316-baseline,20
852,874,870,874,850,894,return_crossing,return_crossing,1,0,20,22,3,FB2316-baseline,20
480,486,482,485,462,501,return_crossing,return_crossing,1,0,20,23,1,FB2316-baseline,20
513,522,518,521,502,532,return_crossing,return_crossing,1,0,20,23,2,FB2316-baseline,20
538,546,543,545,533,565,return_crossing,return_crossing,1,0,20,23,3,FB2316-baseline,20
748,754,750,753,730,773,return_crossing,return_crossing,1,0,20,24,1,FB2316-baseline,20
311,330,311,323,291,343,search_limit_unresolved,return_crossing,0,0,20,25,1,FB2316-baseline,20
1034,1047,1038,1041,1018,1061,return_crossing,return_crossing,1,0,20,25,2,FB2316-baseline,20
293,300,293,295,273,315,search_limit_unresolved,return_crossing,0,0,20,26,1,FB2316-baseline,20
617,637,626,633,606,653,return_crossing,return_crossing,1,0,20,27,1,FB2316-baseline,20
706,733,713,733,693,745,return_crossing,return_crossing,1,0,20,27,2,FB2316-baseline,20
757,790,757,781,746,801,return_crossing,return_crossing,1,0,20,27,3,FB2316-baseline,20
1117,1144,1127,1131,1107,1151,return_crossing,return_crossing,1,0,20,27,4,FB2316-baseline,20
312,330,317,330,297,350,return_crossing,search_limit_unresolved,0,0,20,28,1,FB2316-baseline,20
774,802,787,790,767,810,return_crossing,return_crossing,1,0,20,28,2,FB2316-baseline,20
318,324,322,324,302,344,return_crossing,search_limit_unresolved,0,0,20,29,1,FB2316-baseline,20
795,801,795,801,775,821,search_limit_unresolved,search_limit_unresolved,0,0,20,29,2,FB2316-baseline,20
321,331,327,329,307,349,return_crossing,return_crossing,1,0,20,30,1,FB2316-baseline,20
594,600,594,596,574,616,search_limit_unresolved,return_crossing,0,0,20,30,2,FB2316-baseline,20
645,658,649,652,629,672,return_crossing,return_crossing,1,0,20,30,3,FB2316-baseline,20
722,744,726,743,706,763,return_crossing,return_crossing,1,0,20,30,4,FB2316-baseline,20
835,856,845,850,825,870,return_crossing,return_crossing,1,0,20,30,5,FB2316-baseline,20
1075,1095,1075,1089,1055,1109,search_limit_unresolved,return_crossing,0,0,20,30,6,FB2316-baseline,20
328,340,328,331,308,351,search_limit_unresolved,return_crossing,0,0,20,31,1,FB2316-baseline,20
480,492,485,492,465,512,return_crossing,search_limit_unresolved,0,0,20,32,1,FB2316-baseline,20
749,768,749,763,729,783,search_limit_unresolved,return_crossing,0,0,20,32,2,FB2316-baseline,20
365,385,365,374,345,394,search_limit_unresolved,return_crossing,0,0,20,33,1,FB2316-baseline,20
369,386,381,383,361,403,return_crossing,return_crossing,1,0,20,34,1,FB2316-baseline,20
1187,1193,1191,1193,1171,1200,return_crossing,return_crossing,1,0,20,35,1,FB2316-baseline,20
1191,1196,1191,1196,1171,1200,seed_not_below_return_level,return_crossing,0,1,20,36,1,FB2316-baseline,20
776,785,779,781,759,801,return_crossing,return_crossing,1,0,20,37,1,FB2316-baseline,20
389,408,393,408,373,428,return_crossing,search_limit_unresolved,0,0,20,38,1,FB2316-baseline,20
756,758,756,758,736,768,search_limit_unresolved,search_limit_unresolved,0,0,20,38,2,FB2316-baseline,20
779,782,779,782,769,802,search_limit_unresolved,search_limit_unresolved,0,0,20,38,3,FB2316-baseline,20
398,411,401,404,381,424,return_crossing,return_crossing,1,0,20,39,1,FB2316-baseline,20
515,527,515,527,495,547,seed_not_below_return_level,seed_not_below_return_level,0,1,20,39,2,FB2316-baseline,20
580,660,580,658,560,678,return_crossing,return_crossing,1,0,20,39,3,FB2316-baseline,20
1183,1193,1189,1193,1169,1200,return_crossing,recording_boundary_unresolved,0,0,20,39,4,FB2316-baseline,20
418,427,423,425,403,445,return_crossing,return_crossing,1,0,20,40,1,FB2316-baseline,20
520,556,523,555,503,575,return_crossing,return_crossing,1,0,20,40,2,FB2316-baseline,20
417,428,420,426,400,446,return_crossing,return_crossing,1,0,20,41,1,FB2316-baseline,20
1098,1113,1109,1112,1089,1132,return_crossing,return_crossing,1,0,20,41,2,FB2316-baseline,20
1167,1186,1168,1170,1148,1190,return_crossing,return_crossing,1,0,20,41,3,FB2316-baseline,20
420,441,422,433,402,453,return_crossing,return_crossing,1,0,20,42,1,FB2316-baseline,20
504,512,504,512,484,532,seed_not_below_return_level,return_crossing,0,1,20,42,2,FB2316-baseline,20
449,456,449,452,429,472,search_limit_unresolved,return_crossing,0,0,20,43,1,FB2316-baseline,20
425,470,427,470,407,490,return_crossing,search_limit_unresolved,0,0,20,44,1,FB2316-baseline,20
434,444,436,441,416,458,return_crossing,return_crossing,1,0,20,45,1,FB2316-baseline,20
473,491,475,480,459,500,return_crossing,return_crossing,1,0,20,45,2,FB2316-baseline,20
1073,1097,1085,1090,1065,1110,return_crossing,return_crossing,1,0,20,45,3,FB2316-baseline,20
438,456,438,456,418,476,return_crossing,seed_not_below_return_level,0,1,20,46,1,FB2316-baseline,20
582,593,582,593,562,613,search_limit_unresolved,return_crossing,0,0,20,46,2,FB2316-baseline,20
439,445,441,443,421,463,return_crossing,return_crossing,1,0,20,47,1,FB2316-baseline,20
443,446,443,446,423,466,search_limit_unresolved,return_crossing,0,0,20,48,1,FB2316-baseline,20
427,450,446,448,426,468,return_crossing,return_crossing,1,0,20,49,1,FB2316-baseline,20
486,512,487,512,467,532,return_crossing,return_crossing,0,1,20,50,1,FB2316-baseline,20
1157,1160,1158,1160,1138,1178,return_crossing,return_crossing,1,0,20,50,2,FB2316-baseline,20
1197,1199,1197,1199,1179,1200,seed_not_below_return_level,recording_boundary_unresolved,0,1,20,50,3,FB2316-baseline,20
479,506,498,500,478,520,return_crossing,return_crossing,1,0,20,51,1,FB2316-baseline,20
546,555,548,550,528,570,return_crossing,return_crossing,1,0,20,52,1,FB2316-baseline,20
957,982,975,979,955,999,return_crossing,return_crossing,1,0,20,52,2,FB2316-baseline,20
470,476,471,475,451,495,return_crossing,return_crossing,1,0,20,53,1,FB2316-baseline,20
519,527,519,527,499,547,seed_not_below_return_level,seed_not_below_return_level,0,1,20,53,2,FB2316-baseline,20
478,489,481,488,461,508,return_crossing,return_crossing,1,0,20,54,1,FB2316-baseline,20
478,512,486,494,466,514,return_crossing,return_crossing,1,0,20,55,1,FB2316-baseline,20
1195,1198,1196,1198,1176,1200,return_crossing,recording_boundary_unresolved,0,0,20,55,2,FB2316-baseline,20
487,500,496,500,476,513,return_crossing,search_limit_unresolved,0,0,20,56,1,FB2316-baseline,20
526,533,526,528,514,548,search_limit_unresolved,return_crossing,0,0,20,56,2,FB2316-baseline,20
495,503,497,500,477,520,return_crossing,return_crossing,1,0,20,57,1,FB2316-baseline,20
695,716,695,704,675,724,search_limit_unresolved,return_crossing,0,0,20,58,1,FB2316-baseline,20
1055,1079,1073,1077,1053,1097,return_crossing,return_crossing,1,0,20,58,2,FB2316-baseline,20
1123,1127,1123,1127,1103,1147,seed_not_below_return_level,return_crossing,0,1,20,58,3,FB2316-baseline,20
493,516,513,516,493,536,return_crossing,search_limit_unresolved,0,0,20,59,1,FB2316-baseline,20
775,784,780,784,760,804,return_crossing,search_limit_unresolved,0,0,20,59,2,FB2316-baseline,20
516,520,516,519,496,539,return_crossing,return_crossing,1,0,20,60,1,FB2316-baseline,20
511,542,525,528,505,548,return_crossing,return_crossing,1,0,20,61,1,FB2316-baseline,20
524,538,527,529,507,549,return_crossing,return_crossing,1,0,20,62,1,FB2316-baseline,20
529,534,530,532,510,552,return_crossing,return_crossing,1,0,20,63,1,FB2316-baseline,20
546,560,556,558,536,578,return_crossing,return_crossing,1,0,20,64,1,FB2316-baseline,20
556,562,556,558,536,578,return_crossing,return_crossing,1,0,20,65,1,FB2316-baseline,20
580,599,582,597,562,617,return_crossing,return_crossing,1,0,20,66,1,FB2316-baseline,20
590,601,597,601,577,621,return_crossing,search_limit_unresolved,0,0,20,67,1,FB2316-baseline,20
653,676,653,674,633,686,return_crossing,return_crossing,1,0,20,68,1,FB2316-baseline,20
698,704,698,704,687,716,search_limit_unresolved,search_limit_unresolved,0,0,20,68,2,FB2316-baseline,20
729,744,729,738,717,758,search_limit_unresolved,return_crossing,0,0,20,68,3,FB2316-baseline,20
1137,1142,1137,1141,1117,1161,seed_not_below_return_level,return_crossing,0,1,20,68,4,FB2316-baseline,20
647,677,652,664,632,684,return_crossing,return_crossing,1,0,20,69,1,FB2316-baseline,20
775,789,775,781,755,801,search_limit_unresolved,return_crossing,0,0,20,70,1,FB2316-baseline,20
1189,1196,1189,1196,1169,1200,return_crossing,seed_not_below_return_level,0,1,20,70,2,FB2316-baseline,20
792,795,792,795,772,815,search_limit_unresolved,search_limit_unresolved,0,0,20,71,1,FB2316-baseline,20
789,809,789,793,769,813,search_limit_unresolved,return_crossing,0,0,20,72,1,FB2316-baseline,20
873,891,873,875,853,895,search_limit_unresolved,return_crossing,0,0,20,73,1,FB2316-baseline,20
1080,1098,1080,1082,1060,1102,search_limit_unresolved,return_crossing,0,0,20,74,1,FB2316-baseline,20
1076,1096,1078,1087,1058,1107,return_crossing,return_crossing,1,0,20,75,1,FB2316-baseline,20
1073,1098,1085,1087,1065,1107,return_crossing,return_crossing,1,0,20,76,1,FB2316-baseline,20
1103,1118,1103,1111,1083,1131,search_limit_unresolved,return_crossing,0,0,20,77,1,FB2316-baseline,20
1082,1102,1088,1091,1068,1111,return_crossing,return_crossing,1,0,20,78,1,FB2316-baseline,20
1123,1148,1123,1131,1103,1151,search_limit_unresolved,return_crossing,0,0,20,79,1,FB2316-baseline,20
1100,1140,1120,1128,1100,1148,return_crossing,return_crossing,1,0,20,80,1,FB2316-baseline,20
1123,1130,1125,1128,1105,1148,return_crossing,return_crossing,1,0,20,81,1,FB2316-baseline,20
29,87,52,64,12,104,return_crossing,return_crossing,1,0,40,1,1,FB2316-baseline,40
278,291,278,291,238,307,search_limit_unresolved,search_limit_unresolved,0,0,40,1,2,FB2316-baseline,40
321,367,323,362,308,383,return_crossing,return_crossing,1,0,40,1,3,FB2316-baseline,40
404,427,404,427,384,441,seed_not_below_return_level,seed_not_below_return_level,0,1,40,1,4,FB2316-baseline,40
455,458,455,458,442,498,seed_not_below_return_level,seed_not_below_return_level,0,1,40,1,5,FB2316-baseline,40
558,572,558,567,518,584,return_crossing,return_crossing,0,1,40,1,6,FB2316-baseline,40
602,688,602,688,585,712,seed_not_below_return_level,seed_not_below_return_level,0,1,40,1,7,FB2316-baseline,40
736,744,736,742,713,752,return_crossing,return_crossing,1,0,40,1,8,FB2316-baseline,40
762,766,763,766,753,806,return_crossing,return_crossing,1,0,40,1,9,FB2316-baseline,40
1090,1097,1091,1095,1051,1116,return_crossing,return_crossing,1,0,40,1,10,FB2316-baseline,40
1127,1153,1138,1153,1117,1164,return_crossing,seed_not_below_return_level,0,1,40,1,11,FB2316-baseline,40
1176,1186,1176,1186,1165,1200,seed_not_below_return_level,seed_not_below_return_level,0,1,40,1,12,FB2316-baseline,40
20,27,20,27,1,67,seed_not_below_return_level,seed_not_below_return_level,0,1,40,2,1,FB2316-baseline,40
444,447,444,447,404,478,seed_not_below_return_level,seed_not_below_return_level,0,1,40,2,2,FB2316-baseline,40
510,516,510,516,479,556,seed_not_below_return_level,seed_not_below_return_level,0,1,40,2,3,FB2316-baseline,40
1179,1200,1179,1200,1139,1200,seed_not_below_return_level,seed_not_below_return_level,0,1,40,2,4,FB2316-baseline,40
3,14,3,8,1,48,recording_boundary_unresolved,return_crossing,0,0,40,3,1,FB2316-baseline,40
145,174,161,174,121,186,return_crossing,seed_not_below_return_level,0,1,40,3,2,FB2316-baseline,40
198,206,198,206,187,240,seed_not_below_return_level,return_crossing,0,1,40,3,3,FB2316-baseline,40
266,305,274,305,241,319,return_crossing,seed_not_below_return_level,0,1,40,3,4,FB2316-baseline,40
333,339,333,338,320,362,seed_not_below_return_level,return_crossing,0,1,40,3,5,FB2316-baseline,40
386,422,386,422,363,442,return_crossing,seed_not_below_return_level,0,1,40,3,6,FB2316-baseline,40
462,477,462,477,443,497,seed_not_below_return_level,seed_not_below_return_level,0,1,40,3,7,FB2316-baseline,40
517,546,517,546,498,564,seed_not_below_return_level,seed_not_below_return_level,0,1,40,3,8,FB2316-baseline,40
583,666,583,662,565,674,seed_not_below_return_level,return_crossing,0,1,40,3,9,FB2316-baseline,40
687,706,687,706,675,719,seed_not_below_return_level,return_crossing,0,1,40,3,10,FB2316-baseline,40
733,768,733,768,720,782,seed_not_below_return_level,seed_not_below_return_level,0,1,40,3,11,FB2316-baseline,40
796,801,796,801,783,841,seed_not_below_return_level,seed_not_below_return_level,0,1,40,3,12,FB2316-baseline,40
1009,1033,1016,1032,976,1053,return_crossing,return_crossing,1,0,40,3,13,FB2316-baseline,40
1074,1121,1074,1121,1054,1153,return_crossing,seed_not_below_return_level,0,1,40,3,14,FB2316-baseline,40
1179,1200,1185,1200,1154,1200,return_crossing,recording_boundary_unresolved,0,1,40,3,15,FB2316-baseline,40
20,22,20,22,1,47,return_crossing,return_crossing,1,0,40,4,1,FB2316-baseline,40
72,96,72,74,48,114,search_limit_unresolved,return_crossing,0,0,40,4,2,FB2316-baseline,40
271,295,274,278,234,313,return_crossing,return_crossing,1,0,40,4,3,FB2316-baseline,40
334,365,349,351,314,369,return_crossing,return_crossing,1,0,40,4,4,FB2316-baseline,40
370,419,388,397,370,437,return_crossing,return_crossing,1,0,40,4,5,FB2316-baseline,40
1196,1199,1196,1199,1156,1200,seed_not_below_return_level,recording_boundary_unresolved,0,1,40,5,1,FB2316-baseline,40
1091,1126,1112,1126,1072,1166,return_crossing,search_limit_unresolved,0,0,40,6,1,FB2316-baseline,40
35,99,43,80,3,120,return_crossing,return_crossing,1,0,40,7,1,FB2316-baseline,40
436,443,436,443,396,483,seed_not_below_return_level,seed_not_below_return_level,0,1,40,7,2,FB2316-baseline,40
1086,1120,1108,1120,1068,1130,return_crossing,search_limit_unresolved,0,0,40,7,3,FB2316-baseline,40
1140,1167,1140,1142,1131,1182,search_limit_unresolved,return_crossing,0,0,40,7,4,FB2316-baseline,40
38,51,47,50,7,74,return_crossing,return_crossing,1,0,40,8,1,FB2316-baseline,40
90,103,99,102,75,142,return_crossing,return_crossing,1,0,40,8,2,FB2316-baseline,40
369,377,372,376,332,416,return_crossing,return_crossing,1,0,40,8,3,FB2316-baseline,40
533,538,533,538,493,578,return_crossing,return_crossing,0,1,40,8,4,FB2316-baseline,40
67,103,67,103,27,143,return_crossing,seed_not_below_return_level,0,1,40,9,1,FB2316-baseline,40
443,452,447,451,407,464,return_crossing,return_crossing,1,0,40,9,2,FB2316-baseline,40
469,487,477,487,465,520,return_crossing,seed_not_below_return_level,0,1,40,9,3,FB2316-baseline,40
553,580,553,580,521,620,return_crossing,seed_not_below_return_level,0,1,40,9,4,FB2316-baseline,40
661,775,661,775,621,815,return_crossing,seed_not_below_return_level,0,1,40,9,5,FB2316-baseline,40
1036,1059,1038,1058,998,1073,return_crossing,return_crossing,1,0,40,9,6,FB2316-baseline,40
1089,1108,1089,1107,1074,1135,seed_not_below_return_level,return_crossing,0,1,40,9,7,FB2316-baseline,40
1164,1178,1164,1178,1136,1200,return_crossing,seed_not_below_return_level,0,1,40,9,8,FB2316-baseline,40
88,92,88,90,48,130,search_limit_unresolved,return_crossing,0,0,40,10,1,FB2316-baseline,40
87,101,89,97,49,114,return_crossing,return_crossing,1,0,40,11,1,FB2316-baseline,40
120,144,132,141,115,181,return_crossing,return_crossing,1,0,40,11,2,FB2316-baseline,40
470,482,470,481,430,516,return_crossing,return_crossing,1,0,40,11,3,FB2316-baseline,40
540,559,552,557,517,597,return_crossing,return_crossing,1,0,40,11,4,FB2316-baseline,40
704,722,707,712,667,726,return_crossing,return_crossing,1,0,40,11,5,FB2316-baseline,40
737,756,740,749,727,789,return_crossing,return_crossing,1,0,40,11,6,FB2316-baseline,40
1071,1094,1082,1092,1042,1103,return_crossing,return_crossing,1,0,40,11,7,FB2316-baseline,40
1112,1127,1114,1121,1104,1161,return_crossing,return_crossing,1,0,40,11,8,FB2316-baseline,40
328,351,328,349,288,389,search_limit_unresolved,return_crossing,0,0,40,12,1,FB2316-baseline,40
464,467,464,466,424,502,return_crossing,return_crossing,1,0,40,12,2,FB2316-baseline,40
536,562,539,552,503,563,return_crossing,return_crossing,1,0,40,12,3,FB2316-baseline,40
565,580,575,580,564,620,return_crossing,return_crossing,1,0,40,12,4,FB2316-baseline,40
103,144,109,111,69,151,return_crossing,return_crossing,1,0,40,13,1,FB2316-baseline,40
709,722,710,721,670,746,return_crossing,return_crossing,1,0,40,13,2,FB2316-baseline,40
770,787,772,785,747,797,return_crossing,return_crossing,1,0,40,13,3,FB2316-baseline,40
799,831,809,811,798,851,return_crossing,return_crossing,1,0,40,13,4,FB2316-baseline,40
102,113,109,112,69,152,return_crossing,return_crossing,1,0,40,14,1,FB2316-baseline,40
251,273,268,272,228,291,return_crossing,return_crossing,1,0,40,14,2,FB2316-baseline,40
310,314,311,314,292,354,return_crossing,seed_not_below_return_level,0,1,40,14,3,FB2316-baseline,40
451,458,452,458,412,469,return_crossing,search_limit_unresolved,0,0,40,14,4,FB2316-baseline,40
481,509,481,497,470,537,search_limit_unresolved,return_crossing,0,0,40,14,5,FB2316-baseline,40
717,778,741,772,701,792,return_crossing,return_crossing,0,1,40,14,6,FB2316-baseline,40
813,823,813,815,793,855,search_limit_unresolved,return_crossing,0,0,40,14,7,FB2316-baseline,40
84,112,109,112,69,152,return_crossing,search_limit_unresolved,0,0,40,15,1,FB2316-baseline,40
308,330,318,326,278,366,return_crossing,return_crossing,1,0,40,16,1,FB2316-baseline,40
733,744,738,740,698,780,return_crossing,return_crossing,1,0,40,16,2,FB2316-baseline,40
144,152,146,152,106,165,return_crossing,search_limit_unresolved,0,0,40,17,1,FB2316-baseline,40
179,187,179,182,166,222,search_limit_unresolved,return_crossing,0,0,40,17,2,FB2316-baseline,40
427,457,447,456,407,496,return_crossing,return_crossing,1,0,40,18,1,FB2316-baseline,40
539,586,544,583,504,623,return_crossing,return_crossing,1,0,40,18,2,FB2316-baseline,40
775,809,798,806,758,846,return_crossing,return_crossing,1,0,40,18,3,FB2316-baseline,40
1090,1110,1091,1110,1051,1131,return_crossing,seed_not_below_return_level,0,1,40,18,4,FB2316-baseline,40
1153,1155,1153,1155,1132,1195,return_crossing,seed_not_below_return_level,0,1,40,18,5,FB2316-baseline,40
194,212,204,206,164,246,return_crossing,return_crossing,1,0,40,19,1,FB2316-baseline,40
391,457,421,446,381,486,return_crossing,return_crossing,1,0,40,19,2,FB2316-baseline,40
220,236,225,236,185,276,return_crossing,search_limit_unresolved,0,0,40,20,1,FB2316-baseline,40
257,306,279,285,239,325,return_crossing,return_crossing,1,0,40,21,1,FB2316-baseline,40
509,535,515,517,475,557,return_crossing,return_crossing,1,0,40,22,1,FB2316-baseline,40
801,815,807,814,767,842,return_crossing,return_crossing,1,0,40,22,2,FB2316-baseline,40
852,874,870,874,843,914,return_crossing,return_crossing,1,0,40,22,3,FB2316-baseline,40
480,486,482,485,442,501,return_crossing,return_crossing,1,0,40,23,1,FB2316-baseline,40
513,522,518,521,502,532,return_crossing,return_crossing,1,0,40,23,2,FB2316-baseline,40
538,546,543,545,533,585,return_crossing,return_crossing,1,0,40,23,3,FB2316-baseline,40
748,754,750,753,710,793,return_crossing,return_crossing,1,0,40,24,1,FB2316-baseline,40
282,330,311,323,271,363,return_crossing,return_crossing,1,0,40,25,1,FB2316-baseline,40
1034,1047,1038,1041,998,1081,return_crossing,return_crossing,1,0,40,25,2,FB2316-baseline,40
265,300,293,295,253,335,return_crossing,return_crossing,1,0,40,26,1,FB2316-baseline,40
617,637,626,633,586,673,return_crossing,return_crossing,1,0,40,27,1,FB2316-baseline,40
706,733,713,733,674,745,return_crossing,return_crossing,1,0,40,27,2,FB2316-baseline,40
757,790,757,781,746,821,return_crossing,return_crossing,1,0,40,27,3,FB2316-baseline,40
1117,1144,1127,1131,1087,1171,return_crossing,return_crossing,1,0,40,27,4,FB2316-baseline,40
312,351,317,330,277,370,return_crossing,return_crossing,1,0,40,28,1,FB2316-baseline,40
774,802,787,790,747,830,return_crossing,return_crossing,1,0,40,28,2,FB2316-baseline,40
318,346,322,324,282,364,return_crossing,return_crossing,1,0,40,29,1,FB2316-baseline,40
766,824,795,801,755,841,return_crossing,return_crossing,1,0,40,29,2,FB2316-baseline,40
321,331,327,329,287,369,return_crossing,return_crossing,1,0,40,30,1,FB2316-baseline,40
562,600,594,596,554,622,return_crossing,return_crossing,1,0,40,30,2,FB2316-baseline,40
645,658,649,652,623,689,return_crossing,return_crossing,1,0,40,30,3,FB2316-baseline,40
722,744,726,743,690,783,return_crossing,return_crossing,1,0,40,30,4,FB2316-baseline,40
835,856,845,850,805,890,return_crossing,return_crossing,1,0,40,30,5,FB2316-baseline,40
1054,1095,1075,1089,1035,1129,return_crossing,return_crossing,1,0,40,30,6,FB2316-baseline,40
305,340,328,331,288,371,return_crossing,return_crossing,1,0,40,31,1,FB2316-baseline,40
480,520,485,492,445,532,return_crossing,return_crossing,1,0,40,32,1,FB2316-baseline,40
711,768,749,763,709,803,return_crossing,return_crossing,1,0,40,32,2,FB2316-baseline,40
329,385,365,374,325,414,return_crossing,return_crossing,1,0,40,33,1,FB2316-baseline,40
369,386,381,383,341,423,return_crossing,return_crossing,1,0,40,34,1,FB2316-baseline,40
1187,1193,1191,1193,1151,1200,return_crossing,return_crossing,1,0,40,35,1,FB2316-baseline,40
1191,1196,1191,1196,1151,1200,seed_not_below_return_level,return_crossing,0,1,40,36,1,FB2316-baseline,40
776,785,779,781,739,821,return_crossing,return_crossing,1,0,40,37,1,FB2316-baseline,40
389,442,393,408,353,448,return_crossing,return_crossing,1,0,40,38,1,FB2316-baseline,40
732,758,756,758,716,768,return_crossing,search_limit_unresolved,0,0,40,38,2,FB2316-baseline,40
779,807,779,782,769,822,search_limit_unresolved,return_crossing,0,0,40,38,3,FB2316-baseline,40
398,411,401,404,361,444,return_crossing,return_crossing,1,0,40,39,1,FB2316-baseline,40
515,527,515,527,475,553,seed_not_below_return_level,seed_not_below_return_level,0,1,40,39,2,FB2316-baseline,40
580,660,580,658,554,698,return_crossing,return_crossing,1,0,40,39,3,FB2316-baseline,40
1183,1193,1189,1193,1149,1200,return_crossing,recording_boundary_unresolved,0,0,40,39,4,FB2316-baseline,40
418,427,423,425,383,465,return_crossing,return_crossing,1,0,40,40,1,FB2316-baseline,40
520,556,523,555,483,595,return_crossing,return_crossing,1,0,40,40,2,FB2316-baseline,40
417,428,420,426,380,466,return_crossing,return_crossing,1,0,40,41,1,FB2316-baseline,40
1098,1113,1109,1112,1069,1140,return_crossing,return_crossing,1,0,40,41,2,FB2316-baseline,40
1167,1186,1168,1170,1141,1200,return_crossing,return_crossing,1,0,40,41,3,FB2316-baseline,40
420,441,422,433,382,468,return_crossing,return_crossing,1,0,40,42,1,FB2316-baseline,40
504,512,504,512,469,552,seed_not_below_return_level,return_crossing,0,1,40,42,2,FB2316-baseline,40
417,456,449,452,409,492,return_crossing,return_crossing,1,0,40,43,1,FB2316-baseline,40
425,494,427,470,387,510,return_crossing,return_crossing,1,0,40,44,1,FB2316-baseline,40
434,444,436,441,396,458,return_crossing,return_crossing,1,0,40,45,1,FB2316-baseline,40
473,491,475,480,459,520,return_crossing,return_crossing,1,0,40,45,2,FB2316-baseline,40
1073,1097,1085,1090,1045,1130,return_crossing,return_crossing,1,0,40,45,3,FB2316-baseline,40
438,456,438,456,398,496,return_crossing,seed_not_below_return_level,0,1,40,46,1,FB2316-baseline,40
556,593,582,593,542,633,return_crossing,return_crossing,1,0,40,46,2,FB2316-baseline,40
439,445,441,443,401,483,return_crossing,return_crossing,1,0,40,47,1,FB2316-baseline,40
443,446,443,446,403,486,search_limit_unresolved,return_crossing,0,0,40,48,1,FB2316-baseline,40
427,450,446,448,406,488,return_crossing,return_crossing,1,0,40,49,1,FB2316-baseline,40
486,512,487,512,447,552,return_crossing,return_crossing,0,1,40,50,1,FB2316-baseline,40
1157,1160,1158,1160,1118,1178,return_crossing,return_crossing,1,0,40,50,2,FB2316-baseline,40
1197,1199,1197,1199,1179,1200,seed_not_below_return_level,recording_boundary_unresolved,0,1,40,50,3,FB2316-baseline,40
479,506,498,500,458,540,return_crossing,return_crossing,1,0,40,51,1,FB2316-baseline,40
546,555,548,550,508,590,return_crossing,return_crossing,1,0,40,52,1,FB2316-baseline,40
957,982,975,979,935,1019,return_crossing,return_crossing,1,0,40,52,2,FB2316-baseline,40
470,476,471,475,431,497,return_crossing,return_crossing,1,0,40,53,1,FB2316-baseline,40
519,527,519,527,498,567,seed_not_below_return_level,seed_not_below_return_level,0,1,40,53,2,FB2316-baseline,40
478,489,481,488,441,528,return_crossing,return_crossing,1,0,40,54,1,FB2316-baseline,40
478,512,486,494,446,534,return_crossing,return_crossing,1,0,40,55,1,FB2316-baseline,40
1195,1198,1196,1198,1156,1200,return_crossing,recording_boundary_unresolved,0,0,40,55,2,FB2316-baseline,40
487,500,496,500,456,513,return_crossing,search_limit_unresolved,0,0,40,56,1,FB2316-baseline,40
526,533,526,528,514,568,search_limit_unresolved,return_crossing,0,0,40,56,2,FB2316-baseline,40
495,503,497,500,457,540,return_crossing,return_crossing,1,0,40,57,1,FB2316-baseline,40
695,716,695,704,655,744,search_limit_unresolved,return_crossing,0,0,40,58,1,FB2316-baseline,40
1055,1079,1073,1077,1033,1100,return_crossing,return_crossing,1,0,40,58,2,FB2316-baseline,40
1123,1127,1123,1127,1101,1167,seed_not_below_return_level,return_crossing,0,1,40,58,3,FB2316-baseline,40
493,540,513,516,473,556,return_crossing,return_crossing,1,0,40,59,1,FB2316-baseline,40
775,822,780,784,740,824,return_crossing,return_crossing,1,0,40,59,2,FB2316-baseline,40
516,520,516,519,476,559,return_crossing,return_crossing,1,0,40,60,1,FB2316-baseline,40
511,542,525,528,485,568,return_crossing,return_crossing,1,0,40,61,1,FB2316-baseline,40
524,538,527,529,487,569,return_crossing,return_crossing,1,0,40,62,1,FB2316-baseline,40
529,534,530,532,490,572,return_crossing,return_crossing,1,0,40,63,1,FB2316-baseline,40
546,560,556,558,516,598,return_crossing,return_crossing,1,0,40,64,1,FB2316-baseline,40
556,562,556,558,516,598,return_crossing,return_crossing,1,0,40,65,1,FB2316-baseline,40
580,599,582,597,542,637,return_crossing,return_crossing,1,0,40,66,1,FB2316-baseline,40
590,629,597,601,557,641,return_crossing,return_crossing,1,0,40,67,1,FB2316-baseline,40
653,676,653,674,613,686,return_crossing,return_crossing,1,0,40,68,1,FB2316-baseline,40
698,704,698,704,687,716,search_limit_unresolved,search_limit_unresolved,0,0,40,68,2,FB2316-baseline,40
729,744,729,738,717,778,search_limit_unresolved,return_crossing,0,0,40,68,3,FB2316-baseline,40
1137,1142,1137,1141,1097,1181,seed_not_below_return_level,return_crossing,0,1,40,68,4,FB2316-baseline,40
647,677,652,664,612,704,return_crossing,return_crossing,1,0,40,69,1,FB2316-baseline,40
775,789,775,781,735,821,search_limit_unresolved,return_crossing,0,0,40,70,1,FB2316-baseline,40
1189,1196,1189,1196,1149,1200,return_crossing,seed_not_below_return_level,0,1,40,70,2,FB2316-baseline,40
761,825,792,795,752,835,return_crossing,return_crossing,1,0,40,71,1,FB2316-baseline,40
756,809,789,793,749,833,return_crossing,return_crossing,1,0,40,72,1,FB2316-baseline,40
852,891,873,875,833,915,return_crossing,return_crossing,1,0,40,73,1,FB2316-baseline,40
1045,1098,1080,1082,1040,1122,return_crossing,return_crossing,1,0,40,74,1,FB2316-baseline,40
1076,1096,1078,1087,1038,1127,return_crossing,return_crossing,1,0,40,75,1,FB2316-baseline,40
1073,1098,1085,1087,1045,1127,return_crossing,return_crossing,1,0,40,76,1,FB2316-baseline,40
1076,1118,1103,1111,1063,1151,return_crossing,return_crossing,1,0,40,77,1,FB2316-baseline,40
1082,1102,1088,1091,1048,1131,return_crossing,return_crossing,1,0,40,78,1,FB2316-baseline,40
1102,1148,1123,1131,1083,1171,return_crossing,return_crossing,1,0,40,79,1,FB2316-baseline,40
1100,1140,1120,1128,1080,1168,return_crossing,return_crossing,1,0,40,80,1,FB2316-baseline,40
1123,1130,1125,1128,1085,1168,return_crossing,return_crossing,1,0,40,81,1,FB2316-baseline,40
1,12,1,12,1,17,seed_not_below_return_level,seed_not_below_return_level,0,1,5,1,1,ID13-20200917,5
79,91,79,89,74,94,search_limit_unresolved,return_crossing,0,0,5,1,2,ID13-20200917,5
225,243,227,243,222,248,return_crossing,search_limit_unresolved,0,0,5,1,3,ID13-20200917,5
291,301,292,301,287,306,return_crossing,return_crossing,1,0,5,1,4,ID13-20200917,5
346,354,346,354,341,359,seed_not_below_return_level,return_crossing,0,1,5,1,5,ID13-20200917,5
420,441,420,441,415,446,return_crossing,seed_not_below_return_level,0,1,5,1,6,ID13-20200917,5
473,477,473,477,468,482,seed_not_below_return_level,seed_not_below_return_level,0,1,5,1,7,ID13-20200917,5
531,540,531,537,526,542,search_limit_unresolved,return_crossing,0,0,5,1,8,ID13-20200917,5
554,560,557,559,552,564,return_crossing,return_crossing,1,0,5,1,9,ID13-20200917,5
647,665,647,665,642,670,return_crossing,search_limit_unresolved,0,1,5,1,10,ID13-20200917,5
690,701,694,701,689,706,return_crossing,seed_not_below_return_level,0,1,5,1,11,ID13-20200917,5
774,816,774,811,769,816,seed_not_below_return_level,return_crossing,0,1,5,1,12,ID13-20200917,5
853,862,853,862,848,867,return_crossing,return_crossing,0,1,5,1,13,ID13-20200917,5
891,898,891,898,886,903,return_crossing,search_limit_unresolved,0,0,5,1,14,ID13-20200917,5
951,953,951,953,946,958,search_limit_unresolved,return_crossing,0,0,5,1,15,ID13-20200917,5
983,992,983,992,978,997,seed_not_below_return_level,return_crossing,0,1,5,1,16,ID13-20200917,5
1025,1030,1025,1030,1020,1035,return_crossing,return_crossing,1,0,5,1,17,ID13-20200917,5
1059,1084,1059,1084,1054,1089,seed_not_below_return_level,return_crossing,0,1,5,1,18,ID13-20200917,5
1164,1182,1164,1181,1159,1186,seed_not_below_return_level,return_crossing,0,1,5,1,19,ID13-20200917,5
75,87,80,87,75,92,return_crossing,search_limit_unresolved,0,0,5,2,1,ID13-20200917,5
431,433,431,433,426,438,search_limit_unresolved,search_limit_unresolved,0,0,5,2,2,ID13-20200917,5
747,754,747,754,742,759,search_limit_unresolved,search_limit_unresolved,0,0,5,2,3,ID13-20200917,5
997,1017,997,1017,992,1022,search_limit_unresolved,search_limit_unresolved,0,0,5,2,4,ID13-20200917,5
1037,1044,1037,1044,1032,1049,search_limit_unresolved,search_limit_unresolved,0,0,5,2,5,ID13-20200917,5
8,10,8,10,3,15,return_crossing,return_crossing,1,0,5,3,1,ID13-20200917,5
85,92,86,92,81,97,return_crossing,return_crossing,0,1,5,4,1,ID13-20200917,5
188,193,188,193,183,198,seed_not_below_return_level,seed_not_below_return_level,0,1,5,4,2,ID13-20200917,5
305,312,305,307,300,312,search_limit_unresolved,return_crossing,0,0,5,4,3,ID13-20200917,5
401,406,402,404,397,409,return_crossing,return_crossing,1,0,5,4,4,ID13-20200917,5
523,540,527,540,522,545,return_crossing,search_limit_unresolved,0,0,5,4,5,ID13-20200917,5
594,599,594,599,589,604,search_limit_unresolved,return_crossing,0,0,5,4,6,ID13-20200917,5
726,733,726,733,721,738,return_crossing,search_limit_unresolved,0,0,5,4,7,ID13-20200917,5
776,785,776,785,771,790,search_limit_unresolved,search_limit_unresolved,0,0,5,4,8,ID13-20200917,5
852,865,852,864,847,869,return_crossing,return_crossing,1,0,5,4,9,ID13-20200917,5
1096,1106,1096,1106,1091,1111,seed_not_below_return_level,return_crossing,0,1,5,4,10,ID13-20200917,5
1183,1195,1183,1195,1178,1200,seed_not_below_return_level,seed_not_below_return_level,0,1,5,4,11,ID13-20200917,5
17,21,17,19,12,24,return_crossing,return_crossing,1,0,5,5,1,ID13-20200917,5
1185,1191,1186,1190,1181,1195,return_crossing,return_crossing,1,0,5,5,2,ID13-20200917,5
20,30,20,27,15,32,return_crossing,return_crossing,1,0,5,6,1,ID13-20200917,5
75,84,80,84,75,89,return_crossing,search_limit_unresolved,0,0,5,6,2,ID13-20200917,5
476,495,480,495,475,500,return_crossing,search_limit_unresolved,0,0,5,6,3,ID13-20200917,5
28,36,28,36,23,41,seed_not_below_return_level,return_crossing,0,1,5,7,1,ID13-20200917,5
58,69,60,66,55,71,return_crossing,return_crossing,1,0,5,7,2,ID13-20200917,5
87,92,87,92,82,97,search_limit_unresolved,search_limit_unresolved,0,0,5,7,3,ID13-20200917,5
112,115,112,115,107,120,search_limit_unresolved,search_limit_unresolved,0,0,5,7,4,ID13-20200917,5
309,313,309,313,304,318,search_limit_unresolved,search_limit_unresolved,0,0,5,7,5,ID13-20200917,5
343,356,343,356,338,361,search_limit_unresolved,search_limit_unresolved,0,0,5,7,6,ID13-20200917,5
415,452,415,452,410,457,return_crossing,search_limit_unresolved,0,0,5,7,7,ID13-20200917,5
602,611,607,610,602,615,return_crossing,return_crossing,1,0,5,7,8,ID13-20200917,5
656,658,656,658,651,663,search_limit_unresolved,search_limit_unresolved,0,0,5,7,9,ID13-20200917,5
678,682,678,681,673,686,search_limit_unresolved,return_crossing,0,0,5,7,10,ID13-20200917,5
743,765,743,765,738,770,search_limit_unresolved,search_limit_unresolved,0,0,5,7,11,ID13-20200917,5
979,993,979,988,974,993,search_limit_unresolved,return_crossing,0,0,5,7,12,ID13-20200917,5
1054,1077,1054,1077,1049,1082,search_limit_unresolved,search_limit_unresolved,0,0,5,7,13,ID13-20200917,5
1183,1196,1184,1196,1179,1200,return_crossing,recording_boundary_unresolved,0,0,5,7,14,ID13-20200917,5
29,36,29,34,24,39,search_limit_unresolved,return_crossing,0,0,5,8,1,ID13-20200917,5
60,66,62,65,57,70,return_crossing,return_crossing,1,0,5,8,2,ID13-20200917,5
442,444,442,444,437,449,search_limit_unresolved,search_limit_unresolved,0,0,5,8,3,ID13-20200917,5
741,747,743,747,738,752,return_crossing,search_limit_unresolved,0,0,5,8,4,ID13-20200917,5
878,880,878,880,873,885,search_limit_unresolved,search_limit_unresolved,0,0,5,8,5,ID13-20200917,5
1045,1049,1045,1047,1040,1052,search_limit_unresolved,return_crossing,0,0,5,8,6,ID13-20200917,5
1094,1100,1094,1100,1089,1105,search_limit_unresolved,search_limit_unresolved,0,0,5,8,7,ID13-20200917,5
30,37,30,35,25,40,seed_not_below_return_level,return_crossing,0,1,5,9,1,ID13-20200917,5
76,99,76,99,71,104,search_limit_unresolved,search_limit_unresolved,0,0,5,9,2,ID13-20200917,5
285,289,285,289,280,294,search_limit_unresolved,search_limit_unresolved,0,0,5,9,3,ID13-20200917,5
30,36,30,36,25,41,seed_not_below_return_level,search_limit_unresolved,0,1,5,10,1,ID13-20200917,5
62,64,62,64,57,69,seed_not_below_return_level,seed_not_below_return_level,0,1,5,10,2,ID13-20200917,5
354,359,354,358,349,363,seed_not_below_return_level,return_crossing,0,1,5,10,3,ID13-20200917,5
432,439,434,436,429,441,return_crossing,return_crossing,1,0,5,10,4,ID13-20200917,5
641,663,641,662,636,667,search_limit_unresolved,return_crossing,0,0,5,10,5,ID13-20200917,5
743,748,743,748,738,753,seed_not_below_return_level,seed_not_below_return_level,0,1,5,10,6,ID13-20200917,5
851,861,851,861,846,866,search_limit_unresolved,seed_not_below_return_level,0,1,5,10,7,ID13-20200917,5
890,903,895,901,890,906,return_crossing,return_crossing,1,0,5,10,8,ID13-20200917,5
937,951,940,949,935,954,return_crossing,return_crossing,1,0,5,10,9,ID13-20200917,5
972,983,975,983,970,988,return_crossing,search_limit_unresolved,0,0,5,10,10,ID13-20200917,5
1013,1021,1013,1019,1008,1024,search_limit_unresolved,return_crossing,0,0,5,10,11,ID13-20200917,5
1133,1155,1133,1151,1128,1156,seed_not_below_return_level,return_crossing,0,1,5,10,12,ID13-20200917,5
30,37,31,35,26,40,return_crossing,return_crossing,1,0,5,11,1,ID13-20200917,5
59,69,63,65,58,70,return_crossing,return_crossing,1,0,5,11,2,ID13-20200917,5
86,97,86,92,81,97,search_limit_unresolved,return_crossing,0,0,5,11,3,ID13-20200917,5
308,314,308,310,303,315,search_limit_unresolved,return_crossing,0,0,5,11,4,ID13-20200917,5
343,357,344,357,339,362,return_crossing,search_limit_unresolved,0,0,5,11,5,ID13-20200917,5
438,443,438,443,433,448,search_limit_unresolved,search_limit_unresolved,0,0,5,11,6,ID13-20200917,5
635,642,635,642,630,647,search_limit_unresolved,search_limit_unresolved,0,0,5,11,7,ID13-20200917,5
746,748,746,748,741,753,search_limit_unresolved,search_limit_unresolved,0,0,5,11,8,ID13-20200917,5
770,774,772,774,767,779,return_crossing,return_crossing,1,0,5,11,9,ID13-20200917,5
877,881,879,881,874,886,return_crossing,search_limit_unresolved,0,0,5,11,10,ID13-20200917,5
979,988,979,988,974,993,search_limit_unresolved,search_limit_unresolved,0,0,5,11,11,ID13-20200917,5
1010,1013,1010,1012,1005,1017,search_limit_unresolved,return_crossing,0,0,5,11,12,ID13-20200917,5
1059,1068,1059,1068,1054,1073,search_limit_unresolved,search_limit_unresolved,0,0,5,11,13,ID13-20200917,5
1094,1099,1095,1099,1090,1104,return_crossing,search_limit_unresolved,0,0,5,11,14,ID13-20200917,5
1159,1163,1159,1163,1154,1168,return_crossing,return_crossing,1,0,5,11,15,ID13-20200917,5
1192,1195,1192,1195,1187,1200,search_limit_unresolved,recording_boundary_unresolved,0,0,5,11,16,ID13-20200917,5
446,465,446,465,441,470,return_crossing,search_limit_unresolved,0,0,5,12,1,ID13-20200917,5
561,563,561,563,556,568,return_crossing,return_crossing,1,0,5,12,2,ID13-20200917,5
621,631,621,631,616,636,search_limit_unresolved,search_limit_unresolved,0,0,5,12,3,ID13-20200917,5
745,754,749,754,744,759,return_crossing,search_limit_unresolved,0,0,5,12,4,ID13-20200917,5
879,886,881,886,876,891,return_crossing,search_limit_unresolved,0,0,5,12,5,ID13-20200917,5
997,1038,997,1034,992,1039,search_limit_unresolved,return_crossing,0,0,5,12,6,ID13-20200917,5
1062,1067,1062,1064,1057,1069,return_crossing,return_crossing,1,0,5,12,7,ID13-20200917,5
1196,1200,1196,1200,1191,1200,search_limit_unresolved,recording_boundary_unresolved,0,0,5,12,8,ID13-20200917,5
32,39,35,38,30,43,return_crossing,return_crossing,1,0,5,13,1,ID13-20200917,5
461,464,461,464,456,469,search_limit_unresolved,search_limit_unresolved,0,0,5,13,2,ID13-20200917,5
875,882,880,882,875,887,return_crossing,search_limit_unresolved,0,0,5,13,3,ID13-20200917,5
32,38,36,38,31,43,return_crossing,search_limit_unresolved,0,0,5,14,1,ID13-20200917,5
32,38,36,38,31,43,return_crossing,search_limit_unresolved,0,0,5,15,1,ID13-20200917,5
312,335,312,334,307,339,search_limit_unresolved,return_crossing,0,0,5,15,2,ID13-20200917,5
453,465,453,465,448,470,search_limit_unresolved,return_crossing,0,0,5,15,3,ID13-20200917,5
35,43,37,43,32,48,return_crossing,search_limit_unresolved,0,0,5,16,1,ID13-20200917,5
39,45,39,45,34,50,search_limit_unresolved,search_limit_unresolved,0,0,5,17,1,ID13-20200917,5
182,191,182,191,177,196,search_limit_unresolved,search_limit_unresolved,0,0,5,17,2,ID13-20200917,5
339,343,339,341,334,346,search_limit_unresolved,return_crossing,0,0,5,17,3,ID13-20200917,5
579,581,579,581,574,586,search_limit_unresolved,search_limit_unresolved,0,0,5,17,4,ID13-20200917,5
1172,1176,1172,1176,1167,1181,search_limit_unresolved,search_limit_unresolved,0,0,5,17,5,ID13-20200917,5
35,42,39,42,34,47,return_crossing,search_limit_unresolved,0,0,5,18,1,ID13-20200917,5
465,468,465,468,460,473,search_limit_unresolved,search_limit_unresolved,0,0,5,18,2,ID13-20200917,5
615,621,615,621,610,626,search_limit_unresolved,search_limit_unresolved,0,0,5,18,3,ID13-20200917,5
673,677,673,677,668,682,search_limit_unresolved,search_limit_unresolved,0,0,5,18,4,ID13-20200917,5
770,772,770,772,765,777,search_limit_unresolved,search_limit_unresolved,0,0,5,18,5,ID13-20200917,5
887,891,887,891,882,896,search_limit_unresolved,search_limit_unresolved,0,0,5,18,6,ID13-20200917,5
973,979,974,979,969,984,return_crossing,search_limit_unresolved,0,0,5,18,7,ID13-20200917,5
1001,1003,1001,1003,996,1008,search_limit_unresolved,search_limit_unresolved,0,0,5,18,8,ID13-20200917,5
1084,1089,1085,1088,1080,1093,return_crossing,return_crossing,1,0,5,18,9,ID13-20200917,5
1196,1198,1196,1198,1191,1200,search_limit_unresolved,recording_boundary_unresolved,0,0,5,18,10,ID13-20200917,5
55,60,55,59,50,64,search_limit_unresolved,return_crossing,0,0,5,19,1,ID13-20200917,5
462,470,464,468,459,473,return_crossing,return_crossing,1,0,5,19,2,ID13-20200917,5
679,681,679,681,674,686,search_limit_unresolved,search_limit_unresolved,0,0,5,19,3,ID13-20200917,5
989,991,989,991,984,996,search_limit_unresolved,search_limit_unresolved,0,0,5,19,4,ID13-20200917,5
156,158,156,158,151,163,return_crossing,search_limit_unresolved,0,0,5,20,1,ID13-20200917,5
213,268,213,268,208,273,return_crossing,return_crossing,0,1,5,20,2,ID13-20200917,5
68,73,68,71,63,76,search_limit_unresolved,return_crossing,0,0,5,21,1,ID13-20200917,5
259,265,260,264,255,269,return_crossing,return_crossing,1,0,5,21,2,ID13-20200917,5
318,333,318,329,313,334,search_limit_unresolved,return_crossing,0,0,5,21,3,ID13-20200917,5
351,356,351,356,346,361,search_limit_unresolved,search_limit_unresolved,0,0,5,21,4,ID13-20200917,5
417,435,419,430,414,435,return_crossing,return_crossing,1,0,5,21,5,ID13-20200917,5
522,533,527,531,522,536,return_crossing,return_crossing,1,0,5,21,6,ID13-20200917,5
744,750,744,750,739,755,return_crossing,search_limit_unresolved,0,0,5,21,7,ID13-20200917,5
851,855,852,855,847,860,return_crossing,search_limit_unresolved,0,0,5,21,8,ID13-20200917,5
973,1004,978,1004,973,1009,return_crossing,search_limit_unresolved,0,0,5,21,9,ID13-20200917,5
1093,1097,1095,1097,1090,1102,return_crossing,search_limit_unresolved,0,0,5,21,10,ID13-20200917,5
1193,1195,1193,1195,1188,1200,search_limit_unresolved,recording_boundary_unresolved,0,0,5,21,11,ID13-20200917,5
53,61,57,59,52,64,return_crossing,return_crossing,1,0,5,22,1,ID13-20200917,5
363,387,363,387,358,392,seed_not_below_return_level,return_crossing,0,1,5,22,2,ID13-20200917,5
464,470,465,468,460,473,return_crossing,return_crossing,1,0,5,22,3,ID13-20200917,5
525,529,526,529,521,534,return_crossing,search_limit_unresolved,0,0,5,22,4,ID13-20200917,5
586,592,587,592,582,597,return_crossing,search_limit_unresolved,0,0,5,22,5,ID13-20200917,5
733,744,733,744,728,749,search_limit_unresolved,seed_not_below_return_level,0,1,5,22,6,ID13-20200917,5
805,807,805,807,800,812,return_crossing,seed_not_below_return_level,0,1,5,22,7,ID13-20200917,5
852,865,852,862,847,867,return_crossing,return_crossing,1,0,5,22,8,ID13-20200917,5
888,898,890,898,885,903,return_crossing,search_limit_unresolved,0,0,5,22,9,ID13-20200917,5
1090,1095,1090,1093,1085,1098,search_limit_unresolved,return_crossing,0,0,5,22,10,ID13-20200917,5
93,96,93,96,88,101,search_limit_unresolved,search_limit_unresolved,0,0,5,23,1,ID13-20200917,5
445,459,447,459,442,464,return_crossing,search_limit_unresolved,0,0,5,23,2,ID13-20200917,5
480,487,481,487,476,492,return_crossing,return_crossing,1,0,5,23,3,ID13-20200917,5
581,588,583,587,578,592,return_crossing,return_crossing,1,0,5,23,4,ID13-20200917,5
610,613,610,613,605,618,search_limit_unresolved,search_limit_unresolved,0,0,5,23,5,ID13-20200917,5
658,672,663,669,658,674,return_crossing,return_crossing,1,0,5,23,6,ID13-20200917,5
125,128,125,127,120,132,search_limit_unresolved,return_crossing,0,0,5,24,1,ID13-20200917,5
161,171,165,171,160,176,return_crossing,search_limit_unresolved,0,0,5,25,1,ID13-20200917,5
704,743,706,743,701,748,return_crossing,search_limit_unresolved,0,0,5,25,2,ID13-20200917,5
887,895,892,895,887,900,return_crossing,search_limit_unresolved,0,0,5,25,3,ID13-20200917,5
93,104,98,101,93,106,return_crossing,return_crossing,1,0,5,26,1,ID13-20200917,5
148,151,149,151,144,156,return_crossing,search_limit_unresolved,0,0,5,26,2,ID13-20200917,5
765,796,765,796,760,801,search_limit_unresolved,return_crossing,0,0,5,26,3,ID13-20200917,5
98,106,101,103,96,108,return_crossing,return_crossing,1,0,5,27,1,ID13-20200917,5
210,224,210,224,205,229,search_limit_unresolved,search_limit_unresolved,0,0,5,27,2,ID13-20200917,5
104,124,104,123,99,128,search_limit_unresolved,return_crossing,0,0,5,28,1,ID13-20200917,5
474,476,474,476,469,481,search_limit_unresolved,search_limit_unresolved,0,0,5,28,2,ID13-20200917,5
888,890,888,890,883,895,search_limit_unresolved,search_limit_unresolved,0,0,5,28,3,ID13-20200917,5
120,126,120,126,115,131,search_limit_unresolved,search_limit_unresolved,0,0,5,29,1,ID13-20200917,5
146,164,146,164,141,169,search_limit_unresolved,search_limit_unresolved,0,0,5,29,2,ID13-20200917,5
467,472,467,472,462,477,search_limit_unresolved,search_limit_unresolved,0,0,5,29,3,ID13-20200917,5
756,760,758,760,753,765,return_crossing,search_limit_unresolved,0,0,5,29,4,ID13-20200917,5
886,890,888,890,883,895,return_crossing,search_limit_unresolved,0,0,5,29,5,ID13-20200917,5
1115,1124,1115,1124,1110,1129,search_limit_unresolved,search_limit_unresolved,0,0,5,29,6,ID13-20200917,5
117,119,117,119,112,124,search_limit_unresolved,search_limit_unresolved,0,0,5,30,1,ID13-20200917,5
504,506,504,506,499,511,search_limit_unresolved,search_limit_unresolved,0,0,5,30,2,ID13-20200917,5
454,456,454,456,449,461,search_limit_unresolved,search_limit_unresolved,0,0,5,31,1,ID13-20200917,5
139,147,139,147,134,152,search_limit_unresolved,search_limit_unresolved,0,0,5,32,1,ID13-20200917,5
388,394,388,392,383,397,search_limit_unresolved,return_crossing,0,0,5,32,2,ID13-20200917,5
789,796,789,796,784,801,search_limit_unresolved,search_limit_unresolved,0,0,5,32,3,ID13-20200917,5
1106,1115,1106,1110,1101,1115,search_limit_unresolved,return_crossing,0,0,5,32,4,ID13-20200917,5
147,157,147,157,142,162,search_limit_unresolved,search_limit_unresolved,0,0,5,33,1,ID13-20200917,5
204,231,204,231,199,236,seed_not_below_return_level,search_limit_unresolved,0,1,5,33,2,ID13-20200917,5
259,269,259,269,254,274,search_limit_unresolved,return_crossing,0,0,5,33,3,ID13-20200917,5
402,413,405,408,400,413,return_crossing,return_crossing,1,0,5,33,4,ID13-20200917,5
835,842,836,842,831,847,return_crossing,search_limit_unresolved,0,0,5,33,5,ID13-20200917,5
137,139,137,139,132,144,search_limit_unresolved,search_limit_unresolved,0,0,5,34,1,ID13-20200917,5
794,797,794,797,789,802,search_limit_unresolved,search_limit_unresolved,0,0,5,34,2,ID13-20200917,5
688,692,690,692,685,697,return_crossing,search_limit_unresolved,0,0,5,35,1,ID13-20200917,5
378,380,378,380,373,385,search_limit_unresolved,search_limit_unresolved,0,0,5,36,1,ID13-20200917,5
563,572,563,572,558,577,search_limit_unresolved,search_limit_unresolved,0,0,5,36,2,ID13-20200917,5
698,705,700,702,695,707,return_crossing,return_crossing,1,0,5,36,3,ID13-20200917,5
1177,1182,1177,1182,1172,1187,search_limit_unresolved,return_crossing,0,0,5,36,4,ID13-20200917,5
167,169,167,169,162,174,search_limit_unresolved,search_limit_unresolved,0,0,5,37,1,ID13-20200917,5
924,931,926,931,921,936,return_crossing,search_limit_unresolved,0,0,5,37,2,ID13-20200917,5
377,396,377,391,372,396,search_limit_unresolved,return_crossing,0,0,5,38,1,ID13-20200917,5
202,208,204,208,199,213,return_crossing,search_limit_unresolved,0,0,5,39,1,ID13-20200917,5
254,257,254,257,249,262,search_limit_unresolved,search_limit_unresolved,0,0,5,39,2,ID13-20200917,5
405,413,406,409,401,414,return_crossing,return_crossing,1,0,5,39,3,ID13-20200917,5
907,910,907,910,902,915,search_limit_unresolved,search_limit_unresolved,0,0,5,39,4,ID13-20200917,5
945,958,945,956,940,961,search_limit_unresolved,return_crossing,0,0,5,39,5,ID13-20200917,5
1133,1135,1133,1135,1128,1140,search_limit_unresolved,search_limit_unresolved,0,0,5,39,6,ID13-20200917,5
1169,1171,1169,1171,1164,1176,search_limit_unresolved,search_limit_unresolved,0,0,5,39,7,ID13-20200917,5
247,249,247,249,242,254,search_limit_unresolved,search_limit_unresolved,0,0,5,40,1,ID13-20200917,5
252,254,252,254,247,259,search_limit_unresolved,search_limit_unresolved,0,0,5,41,1,ID13-20200917,5
883,893,887,893,882,898,return_crossing,search_limit_unresolved,0,0,5,41,2,ID13-20200917,5
1024,1029,1025,1027,1020,1032,return_crossing,return_crossing,1,0,5,41,3,ID13-20200917,5
1049,1058,1050,1053,1045,1058,return_crossing,return_crossing,1,0,5,41,4,ID13-20200917,5
1088,1094,1088,1092,1083,1097,search_limit_unresolved,return_crossing,0,0,5,41,5,ID13-20200917,5
268,276,268,273,263,278,search_limit_unresolved,return_crossing,0,0,5,42,1,ID13-20200917,5
360,363,360,363,355,368,search_limit_unresolved,search_limit_unresolved,0,0,5,43,1,ID13-20200917,5
613,615,613,615,608,620,search_limit_unresolved,search_limit_unresolved,0,0,5,44,1,ID13-20200917,5
392,397,392,395,387,400,search_limit_unresolved,return_crossing,0,0,5,45,1,ID13-20200917,5
1113,1115,1113,1115,1108,1120,search_limit_unresolved,search_limit_unresolved,0,0,5,46,1,ID13-20200917,5
436,439,436,439,431,444,search_limit_unresolved,search_limit_unresolved,0,0,5,47,1,ID13-20200917,5
442,444,442,444,437,449,search_limit_unresolved,search_limit_unresolved,0,0,5,48,1,ID13-20200917,5
987,999,987,999,982,1004,search_limit_unresolved,search_limit_unresolved,0,0,5,48,2,ID13-20200917,5
479,484,479,484,474,489,search_limit_unresolved,search_limit_unresolved,0,0,5,49,1,ID13-20200917,5
698,700,698,700,693,705,search_limit_unresolved,search_limit_unresolved,0,0,5,50,1,ID13-20200917,5
1154,1162,1154,1162,1149,1167,search_limit_unresolved,search_limit_unresolved,0,0,5,50,2,ID13-20200917,5
600,604,602,604,597,609,return_crossing,search_limit_unresolved,0,0,5,51,1,ID13-20200917,5
993,995,993,995,988,1000,search_limit_unresolved,search_limit_unresolved,0,0,5,51,2,ID13-20200917,5
654,656,654,656,649,661,search_limit_unresolved,search_limit_unresolved,0,0,5,52,1,ID13-20200917,5
662,667,662,667,657,672,search_limit_unresolved,search_limit_unresolved,0,0,5,53,1,ID13-20200917,5
683,694,683,694,678,699,search_limit_unresolved,search_limit_unresolved,0,0,5,54,1,ID13-20200917,5
834,843,834,843,829,848,search_limit_unresolved,search_limit_unresolved,0,0,5,55,1,ID13-20200917,5
963,971,963,967,958,972,search_limit_unresolved,return_crossing,0,0,5,55,2,ID13-20200917,5
1110,1112,1110,1112,1105,1117,search_limit_unresolved,search_limit_unresolved,0,0,5,55,3,ID13-20200917,5
1147,1153,1147,1153,1142,1158,search_limit_unresolved,search_limit_unresolved,0,0,5,55,4,ID13-20200917,5
710,714,710,712,705,717,search_limit_unresolved,return_crossing,0,0,5,56,1,ID13-20200917,5
723,726,723,726,718,731,search_limit_unresolved,search_limit_unresolved,0,0,5,57,1,ID13-20200917,5
739,743,739,741,734,746,search_limit_unresolved,return_crossing,0,0,5,58,1,ID13-20200917,5
759,768,759,768,754,773,search_limit_unresolved,search_limit_unresolved,0,0,5,59,1,ID13-20200917,5
1033,1037,1033,1037,1028,1042,search_limit_unresolved,search_limit_unresolved,0,0,5,60,1,ID13-20200917,5
1,12,1,12,1,22,seed_not_below_return_level,seed_not_below_return_level,0,1,10,1,1,ID13-20200917,10
79,91,79,89,69,99,search_limit_unresolved,return_crossing,0,0,10,1,2,ID13-20200917,10
225,243,227,243,217,253,return_crossing,search_limit_unresolved,0,0,10,1,3,ID13-20200917,10
291,301,292,301,282,311,return_crossing,return_crossing,1,0,10,1,4,ID13-20200917,10
346,354,346,354,336,364,seed_not_below_return_level,return_crossing,0,1,10,1,5,ID13-20200917,10
420,441,420,441,410,451,return_crossing,seed_not_below_return_level,0,1,10,1,6,ID13-20200917,10
473,477,473,477,463,487,seed_not_below_return_level,seed_not_below_return_level,0,1,10,1,7,ID13-20200917,10
522,540,531,537,521,547,return_crossing,return_crossing,1,0,10,1,8,ID13-20200917,10
554,560,557,559,548,569,return_crossing,return_crossing,1,0,10,1,9,ID13-20200917,10
647,672,647,665,637,675,return_crossing,return_crossing,0,1,10,1,10,ID13-20200917,10
690,701,694,701,684,711,return_crossing,seed_not_below_return_level,0,1,10,1,11,ID13-20200917,10
774,816,774,811,764,821,seed_not_below_return_level,return_crossing,0,1,10,1,12,ID13-20200917,10
853,862,853,862,843,872,return_crossing,return_crossing,0,1,10,1,13,ID13-20200917,10
891,905,891,898,881,908,return_crossing,return_crossing,1,0,10,1,14,ID13-20200917,10
944,953,951,953,941,963,return_crossing,return_crossing,1,0,10,1,15,ID13-20200917,10
983,992,983,992,973,1002,seed_not_below_return_level,return_crossing,0,1,10,1,16,ID13-20200917,10
1025,1030,1025,1030,1015,1040,return_crossing,return_crossing,1,0,10,1,17,ID13-20200917,10
1059,1084,1059,1084,1049,1094,seed_not_below_return_level,return_crossing,0,1,10,1,18,ID13-20200917,10
1164,1182,1164,1181,1154,1191,seed_not_below_return_level,return_crossing,0,1,10,1,19,ID13-20200917,10
75,87,80,87,70,97,return_crossing,search_limit_unresolved,0,0,10,2,1,ID13-20200917,10
431,440,431,433,421,443,search_limit_unresolved,return_crossing,0,0,10,2,2,ID13-20200917,10
747,754,747,754,737,764,search_limit_unresolved,search_limit_unresolved,0,0,10,2,3,ID13-20200917,10
997,1017,997,1017,987,1027,search_limit_unresolved,search_limit_unresolved,0,0,10,2,4,ID13-20200917,10
1037,1044,1037,1044,1028,1054,search_limit_unresolved,search_limit_unresolved,0,0,10,2,5,ID13-20200917,10
8,10,8,10,1,20,return_crossing,return_crossing,1,0,10,3,1,ID13-20200917,10
85,92,86,92,76,102,return_crossing,return_crossing,0,1,10,4,1,ID13-20200917,10
188,193,188,193,178,203,seed_not_below_return_level,seed_not_below_return_level,0,1,10,4,2,ID13-20200917,10
305,312,305,307,295,317,search_limit_unresolved,return_crossing,0,0,10,4,3,ID13-20200917,10
401,406,402,404,392,414,return_crossing,return_crossing,1,0,10,4,4,ID13-20200917,10
523,540,527,540,517,550,return_crossing,search_limit_unresolved,0,0,10,4,5,ID13-20200917,10
594,599,594,599,584,609,search_limit_unresolved,return_crossing,0,0,10,4,6,ID13-20200917,10
726,741,726,733,716,743,return_crossing,return_crossing,1,0,10,4,7,ID13-20200917,10
767,792,776,785,766,795,return_crossing,return_crossing,1,0,10,4,8,ID13-20200917,10
852,865,852,864,842,874,return_crossing,return_crossing,1,0,10,4,9,ID13-20200917,10
1096,1106,1096,1106,1086,1116,seed_not_below_return_level,return_crossing,0,1,10,4,10,ID13-20200917,10
1183,1195,1183,1195,1173,1200,seed_not_below_return_level,seed_not_below_return_level,0,1,10,4,11,ID13-20200917,10
17,21,17,19,7,29,return_crossing,return_crossing,1,0,10,5,1,ID13-20200917,10
1185,1191,1186,1190,1176,1200,return_crossing,return_crossing,1,0,10,5,2,ID13-20200917,10
20,30,20,27,10,37,return_crossing,return_crossing,1,0,10,6,1,ID13-20200917,10
75,84,80,84,70,94,return_crossing,search_limit_unresolved,0,0,10,6,2,ID13-20200917,10
476,504,480,495,470,505,return_crossing,return_crossing,1,0,10,6,3,ID13-20200917,10
28,36,28,36,18,46,seed_not_below_return_level,return_crossing,0,1,10,7,1,ID13-20200917,10
58,69,60,66,50,76,return_crossing,return_crossing,1,0,10,7,2,ID13-20200917,10
87,92,87,92,77,102,search_limit_unresolved,search_limit_unresolved,0,0,10,7,3,ID13-20200917,10
112,115,112,115,103,125,search_limit_unresolved,search_limit_unresolved,0,0,10,7,4,ID13-20200917,10
309,313,309,313,299,323,search_limit_unresolved,search_limit_unresolved,0,0,10,7,5,ID13-20200917,10
343,356,343,356,333,366,search_limit_unresolved,search_limit_unresolved,0,0,10,7,6,ID13-20200917,10
415,461,415,452,405,462,return_crossing,return_crossing,1,0,10,7,7,ID13-20200917,10
602,611,607,610,597,620,return_crossing,return_crossing,1,0,10,7,8,ID13-20200917,10
656,658,656,658,646,668,search_limit_unresolved,search_limit_unresolved,0,0,10,7,9,ID13-20200917,10
678,682,678,681,669,691,search_limit_unresolved,return_crossing,0,0,10,7,10,ID13-20200917,10
743,765,743,765,733,775,search_limit_unresolved,search_limit_unresolved,0,0,10,7,11,ID13-20200917,10
969,993,979,988,969,998,return_crossing,return_crossing,1,0,10,7,12,ID13-20200917,10
1054,1077,1054,1077,1044,1087,search_limit_unresolved,search_limit_unresolved,0,0,10,7,13,ID13-20200917,10
1183,1196,1184,1196,1174,1200,return_crossing,recording_boundary_unresolved,0,0,10,7,14,ID13-20200917,10
19,36,29,34,19,44,return_crossing,return_crossing,1,0,10,8,1,ID13-20200917,10
60,66,62,65,52,75,return_crossing,return_crossing,1,0,10,8,2,ID13-20200917,10
435,450,442,444,432,454,return_crossing,return_crossing,1,0,10,8,3,ID13-20200917,10
741,754,743,747,733,757,return_crossing,return_crossing,1,0,10,8,4,ID13-20200917,10
869,886,878,880,868,890,return_crossing,return_crossing,1,0,10,8,5,ID13-20200917,10
1037,1049,1045,1047,1035,1057,return_crossing,return_crossing,1,0,10,8,6,ID13-20200917,10
1094,1100,1094,1100,1084,1110,search_limit_unresolved,search_limit_unresolved,0,0,10,8,7,ID13-20200917,10
30,37,30,35,20,45,seed_not_below_return_level,return_crossing,0,1,10,9,1,ID13-20200917,10
76,99,76,99,66,109,search_limit_unresolved,search_limit_unresolved,0,0,10,9,2,ID13-20200917,10
285,289,285,289,275,299,search_limit_unresolved,search_limit_unresolved,0,0,10,9,3,ID13-20200917,10
30,36,30,36,20,46,seed_not_below_return_level,search_limit_unresolved,0,1,10,10,1,ID13-20200917,10
62,64,62,64,52,74,seed_not_below_return_level,seed_not_below_return_level,0,1,10,10,2,ID13-20200917,10
354,359,354,358,344,368,seed_not_below_return_level,return_crossing,0,1,10,10,3,ID13-20200917,10
432,439,434,436,424,446,return_crossing,return_crossing,1,0,10,10,4,ID13-20200917,10
641,663,641,662,631,672,search_limit_unresolved,return_crossing,0,0,10,10,5,ID13-20200917,10
743,748,743,748,733,758,seed_not_below_return_level,seed_not_below_return_level,0,1,10,10,6,ID13-20200917,10
851,861,851,861,841,871,search_limit_unresolved,seed_not_below_return_level,0,1,10,10,7,ID13-20200917,10
890,903,895,901,885,911,return_crossing,return_crossing,1,0,10,10,8,ID13-20200917,10
937,951,940,949,930,959,return_crossing,return_crossing,1,0,10,10,9,ID13-20200917,10
972,991,975,983,965,993,return_crossing,return_crossing,1,0,10,10,10,ID13-20200917,10
1013,1021,1013,1019,1003,1029,search_limit_unresolved,return_crossing,0,0,10,10,11,ID13-20200917,10
1133,1155,1133,1151,1123,1161,seed_not_below_return_level,return_crossing,0,1,10,10,12,ID13-20200917,10
30,37,31,35,21,45,return_crossing,return_crossing,1,0,10,11,1,ID13-20200917,10
59,69,63,65,53,75,return_crossing,return_crossing,1,0,10,11,2,ID13-20200917,10
86,97,86,92,76,102,search_limit_unresolved,return_crossing,0,0,10,11,3,ID13-20200917,10
308,314,308,310,298,320,search_limit_unresolved,return_crossing,0,0,10,11,4,ID13-20200917,10
343,366,344,357,334,367,return_crossing,return_crossing,1,0,10,11,5,ID13-20200917,10
438,443,438,443,428,453,search_limit_unresolved,search_limit_unresolved,0,0,10,11,6,ID13-20200917,10
635,642,635,642,625,652,search_limit_unresolved,search_limit_unresolved,0,0,10,11,7,ID13-20200917,10
746,748,746,748,736,758,search_limit_unresolved,search_limit_unresolved,0,0,10,11,8,ID13-20200917,10
770,774,772,774,762,784,return_crossing,return_crossing,1,0,10,11,9,ID13-20200917,10
877,881,879,881,869,891,return_crossing,search_limit_unresolved,0,0,10,11,10,ID13-20200917,10
970,988,979,988,969,998,return_crossing,search_limit_unresolved,0,0,10,11,11,ID13-20200917,10
1010,1013,1010,1012,1000,1022,search_limit_unresolved,return_crossing,0,0,10,11,12,ID13-20200917,10
1059,1068,1059,1068,1049,1078,search_limit_unresolved,search_limit_unresolved,0,0,10,11,13,ID13-20200917,10
1094,1107,1095,1099,1085,1109,return_crossing,return_crossing,1,0,10,11,14,ID13-20200917,10
1159,1163,1159,1163,1149,1173,return_crossing,return_crossing,1,0,10,11,15,ID13-20200917,10
1183,1195,1192,1195,1182,1200,return_crossing,recording_boundary_unresolved,0,0,10,11,16,ID13-20200917,10
446,465,446,465,436,475,return_crossing,search_limit_unresolved,0,0,10,12,1,ID13-20200917,10
561,563,561,563,551,573,return_crossing,return_crossing,1,0,10,12,2,ID13-20200917,10
621,631,621,631,611,641,search_limit_unresolved,search_limit_unresolved,0,0,10,12,3,ID13-20200917,10
745,754,749,754,739,764,return_crossing,search_limit_unresolved,0,0,10,12,4,ID13-20200917,10
879,893,881,886,871,896,return_crossing,return_crossing,1,0,10,12,5,ID13-20200917,10
997,1038,997,1034,987,1044,search_limit_unresolved,return_crossing,0,0,10,12,6,ID13-20200917,10
1062,1067,1062,1064,1052,1074,return_crossing,return_crossing,1,0,10,12,7,ID13-20200917,10
1196,1200,1196,1200,1186,1200,search_limit_unresolved,recording_boundary_unresolved,0,0,10,12,8,ID13-20200917,10
32,39,35,38,25,48,return_crossing,return_crossing,1,0,10,13,1,ID13-20200917,10
461,473,461,464,451,474,search_limit_unresolved,return_crossing,0,0,10,13,2,ID13-20200917,10
875,891,880,882,870,892,return_crossing,return_crossing,1,0,10,13,3,ID13-20200917,10
32,45,36,38,26,48,return_crossing,return_crossing,1,0,10,14,1,ID13-20200917,10
32,38,36,38,26,48,return_crossing,search_limit_unresolved,0,0,10,15,1,ID13-20200917,10
312,335,312,334,302,344,search_limit_unresolved,return_crossing,0,0,10,15,2,ID13-20200917,10
453,465,453,465,443,475,search_limit_unresolved,return_crossing,0,0,10,15,3,ID13-20200917,10
35,50,37,43,27,53,return_crossing,return_crossing,1,0,10,16,1,ID13-20200917,10
32,51,39,45,29,55,return_crossing,return_crossing,1,0,10,17,1,ID13-20200917,10
182,191,182,191,172,201,search_limit_unresolved,search_limit_unresolved,0,0,10,17,2,ID13-20200917,10
331,343,339,341,329,351,return_crossing,return_crossing,1,0,10,17,3,ID13-20200917,10
573,581,579,581,569,591,return_crossing,search_limit_unresolved,0,0,10,17,4,ID13-20200917,10
1162,1183,1172,1176,1162,1186,return_crossing,return_crossing,1,0,10,17,5,ID13-20200917,10
35,42,39,42,29,52,return_crossing,search_limit_unresolved,0,0,10,18,1,ID13-20200917,10
465,475,465,468,455,478,search_limit_unresolved,return_crossing,0,0,10,18,2,ID13-20200917,10
615,621,615,621,605,631,search_limit_unresolved,search_limit_unresolved,0,0,10,18,3,ID13-20200917,10
673,687,673,677,663,687,search_limit_unresolved,return_crossing,0,0,10,18,4,ID13-20200917,10
761,778,770,772,760,782,return_crossing,return_crossing,1,0,10,18,5,ID13-20200917,10
880,891,887,891,877,901,return_crossing,search_limit_unresolved,0,0,10,18,6,ID13-20200917,10
973,979,974,979,964,989,return_crossing,search_limit_unresolved,0,0,10,18,7,ID13-20200917,10
1001,1003,1001,1003,991,1013,search_limit_unresolved,search_limit_unresolved,0,0,10,18,8,ID13-20200917,10
1084,1089,1085,1088,1075,1098,return_crossing,return_crossing,1,0,10,18,9,ID13-20200917,10
1186,1198,1196,1198,1186,1200,return_crossing,recording_boundary_unresolved,0,0,10,18,10,ID13-20200917,10
55,60,55,59,45,69,search_limit_unresolved,return_crossing,0,0,10,19,1,ID13-20200917,10
462,470,464,468,454,478,return_crossing,return_crossing,1,0,10,19,2,ID13-20200917,10
679,681,679,681,669,691,search_limit_unresolved,search_limit_unresolved,0,0,10,19,3,ID13-20200917,10
982,991,989,991,979,1001,return_crossing,search_limit_unresolved,0,0,10,19,4,ID13-20200917,10
156,158,156,158,146,168,return_crossing,search_limit_unresolved,0,0,10,20,1,ID13-20200917,10
213,268,213,268,203,278,return_crossing,return_crossing,0,1,10,20,2,ID13-20200917,10
61,73,68,71,58,81,return_crossing,return_crossing,1,0,10,21,1,ID13-20200917,10
259,265,260,264,250,274,return_crossing,return_crossing,1,0,10,21,2,ID13-20200917,10
318,333,318,329,308,339,search_limit_unresolved,return_crossing,0,0,10,21,3,ID13-20200917,10
344,366,351,356,341,366,return_crossing,return_crossing,1,0,10,21,4,ID13-20200917,10
417,435,419,430,409,440,return_crossing,return_crossing,1,0,10,21,5,ID13-20200917,10
522,533,527,531,517,541,return_crossing,return_crossing,1,0,10,21,6,ID13-20200917,10
744,750,744,750,734,760,return_crossing,search_limit_unresolved,0,0,10,21,7,ID13-20200917,10
851,855,852,855,842,865,return_crossing,search_limit_unresolved,0,0,10,21,8,ID13-20200917,10
973,1004,978,1004,968,1014,return_crossing,search_limit_unresolved,0,0,10,21,9,ID13-20200917,10
1093,1097,1095,1097,1085,1107,return_crossing,search_limit_unresolved,0,0,10,21,10,ID13-20200917,10
1183,1195,1193,1195,1183,1200,return_crossing,recording_boundary_unresolved,0,0,10,21,11,ID13-20200917,10
53,61,57,59,47,69,return_crossing,return_crossing,1,0,10,22,1,ID13-20200917,10
363,387,363,387,353,397,seed_not_below_return_level,return_crossing,0,1,10,22,2,ID13-20200917,10
464,470,465,468,455,478,return_crossing,return_crossing,1,0,10,22,3,ID13-20200917,10
525,537,526,529,516,539,return_crossing,return_crossing,1,0,10,22,4,ID13-20200917,10
586,599,587,592,577,602,return_crossing,return_crossing,1,0,10,22,5,ID13-20200917,10
733,744,733,744,723,754,search_limit_unresolved,seed_not_below_return_level,0,1,10,22,6,ID13-20200917,10
805,807,805,807,795,817,return_crossing,seed_not_below_return_level,0,1,10,22,7,ID13-20200917,10
852,865,852,862,842,872,return_crossing,return_crossing,1,0,10,22,8,ID13-20200917,10
888,898,890,898,880,908,return_crossing,search_limit_unresolved,0,0,10,22,9,ID13-20200917,10
1090,1095,1090,1093,1080,1103,search_limit_unresolved,return_crossing,0,0,10,22,10,ID13-20200917,10
87,96,93,96,83,106,return_crossing,search_limit_unresolved,0,0,10,23,1,ID13-20200917,10
445,465,447,459,437,469,return_crossing,return_crossing,1,0,10,23,2,ID13-20200917,10
480,487,481,487,471,497,return_crossing,return_crossing,1,0,10,23,3,ID13-20200917,10
581,588,583,587,573,597,return_crossing,return_crossing,1,0,10,23,4,ID13-20200917,10
610,613,610,613,600,623,search_limit_unresolved,search_limit_unresolved,0,0,10,23,5,ID13-20200917,10
658,672,663,669,653,679,return_crossing,return_crossing,1,0,10,23,6,ID13-20200917,10
125,128,125,127,115,137,search_limit_unresolved,return_crossing,0,0,10,24,1,ID13-20200917,10
161,177,165,171,155,181,return_crossing,return_crossing,1,0,10,25,1,ID13-20200917,10
704,743,706,743,696,753,return_crossing,search_limit_unresolved,0,0,10,25,2,ID13-20200917,10
887,895,892,895,882,905,return_crossing,search_limit_unresolved,0,0,10,25,3,ID13-20200917,10
93,104,98,101,88,111,return_crossing,return_crossing,1,0,10,26,1,ID13-20200917,10
148,161,149,151,139,161,return_crossing,return_crossing,1,0,10,26,2,ID13-20200917,10
765,796,765,796,755,806,search_limit_unresolved,return_crossing,0,0,10,26,3,ID13-20200917,10
98,106,101,103,91,113,return_crossing,return_crossing,1,0,10,27,1,ID13-20200917,10
210,224,210,224,200,234,search_limit_unresolved,search_limit_unresolved,0,0,10,27,2,ID13-20200917,10
104,124,104,123,94,133,search_limit_unresolved,return_crossing,0,0,10,28,1,ID13-20200917,10
474,476,474,476,464,486,search_limit_unresolved,search_limit_unresolved,0,0,10,28,2,ID13-20200917,10
879,890,888,890,878,900,return_crossing,search_limit_unresolved,0,0,10,28,3,ID13-20200917,10
120,126,120,126,110,136,search_limit_unresolved,search_limit_unresolved,0,0,10,29,1,ID13-20200917,10
146,164,146,164,137,174,search_limit_unresolved,search_limit_unresolved,0,0,10,29,2,ID13-20200917,10
461,472,467,472,457,482,return_crossing,search_limit_unresolved,0,0,10,29,3,ID13-20200917,10
756,760,758,760,748,770,return_crossing,search_limit_unresolved,0,0,10,29,4,ID13-20200917,10
886,890,888,890,878,900,return_crossing,search_limit_unresolved,0,0,10,29,5,ID13-20200917,10
1109,1134,1115,1124,1105,1134,return_crossing,return_crossing,1,0,10,29,6,ID13-20200917,10
117,125,117,119,107,129,search_limit_unresolved,return_crossing,0,0,10,30,1,ID13-20200917,10
504,506,504,506,494,516,search_limit_unresolved,search_limit_unresolved,0,0,10,30,2,ID13-20200917,10
454,456,454,456,444,466,search_limit_unresolved,search_limit_unresolved,0,0,10,31,1,ID13-20200917,10
139,155,139,147,129,157,search_limit_unresolved,return_crossing,0,0,10,32,1,ID13-20200917,10
381,394,388,392,378,402,return_crossing,return_crossing,1,0,10,32,2,ID13-20200917,10
789,802,789,796,779,806,search_limit_unresolved,return_crossing,0,0,10,32,3,ID13-20200917,10
1106,1115,1106,1110,1096,1120,search_limit_unresolved,return_crossing,0,0,10,32,4,ID13-20200917,10
137,157,147,157,137,167,return_crossing,search_limit_unresolved,0,0,10,33,1,ID13-20200917,10
204,231,204,231,194,241,seed_not_below_return_level,search_limit_unresolved,0,1,10,33,2,ID13-20200917,10
259,269,259,269,249,279,search_limit_unresolved,return_crossing,0,0,10,33,3,ID13-20200917,10
402,413,405,408,395,418,return_crossing,return_crossing,1,0,10,33,4,ID13-20200917,10
835,842,836,842,826,852,return_crossing,search_limit_unresolved,0,0,10,33,5,ID13-20200917,10
127,148,137,139,127,149,return_crossing,return_crossing,1,0,10,34,1,ID13-20200917,10
794,797,794,797,784,807,search_limit_unresolved,search_limit_unresolved,0,0,10,34,2,ID13-20200917,10
688,702,690,692,680,702,return_crossing,return_crossing,1,0,10,35,1,ID13-20200917,10
378,380,378,380,368,390,search_limit_unresolved,search_limit_unresolved,0,0,10,36,1,ID13-20200917,10
555,572,563,572,553,582,return_crossing,search_limit_unresolved,0,0,10,36,2,ID13-20200917,10
698,705,700,702,690,712,return_crossing,return_crossing,1,0,10,36,3,ID13-20200917,10
1177,1182,1177,1182,1167,1192,search_limit_unresolved,return_crossing,0,0,10,36,4,ID13-20200917,10
167,169,167,169,157,179,search_limit_unresolved,search_limit_unresolved,0,0,10,37,1,ID13-20200917,10
924,931,926,931,916,941,return_crossing,search_limit_unresolved,0,0,10,37,2,ID13-20200917,10
377,396,377,391,367,401,search_limit_unresolved,return_crossing,0,0,10,38,1,ID13-20200917,10
202,208,204,208,194,218,return_crossing,search_limit_unresolved,0,0,10,39,1,ID13-20200917,10
254,257,254,257,244,267,search_limit_unresolved,search_limit_unresolved,0,0,10,39,2,ID13-20200917,10
405,413,406,409,396,419,return_crossing,return_crossing,1,0,10,39,3,ID13-20200917,10
907,910,907,910,897,920,search_limit_unresolved,search_limit_unresolved,0,0,10,39,4,ID13-20200917,10
945,958,945,956,935,966,search_limit_unresolved,return_crossing,0,0,10,39,5,ID13-20200917,10
1133,1135,1133,1135,1123,1145,search_limit_unresolved,search_limit_unresolved,0,0,10,39,6,ID13-20200917,10
1162,1180,1169,1171,1159,1181,return_crossing,return_crossing,1,0,10,39,7,ID13-20200917,10
247,249,247,249,237,259,search_limit_unresolved,search_limit_unresolved,0,0,10,40,1,ID13-20200917,10
242,261,252,254,242,264,return_crossing,return_crossing,1,0,10,41,1,ID13-20200917,10
883,893,887,893,877,903,return_crossing,search_limit_unresolved,0,0,10,41,2,ID13-20200917,10
1024,1029,1025,1027,1015,1037,return_crossing,return_crossing,1,0,10,41,3,ID13-20200917,10
1049,1058,1050,1053,1040,1063,return_crossing,return_crossing,1,0,10,41,4,ID13-20200917,10
1088,1094,1088,1092,1078,1102,search_limit_unresolved,return_crossing,0,0,10,41,5,ID13-20200917,10
268,276,268,273,258,283,search_limit_unresolved,return_crossing,0,0,10,42,1,ID13-20200917,10
360,363,360,363,350,373,search_limit_unresolved,search_limit_unresolved,0,0,10,43,1,ID13-20200917,10
603,615,613,615,603,625,return_crossing,search_limit_unresolved,0,0,10,44,1,ID13-20200917,10
392,397,392,395,382,405,search_limit_unresolved,return_crossing,0,0,10,45,1,ID13-20200917,10
1103,1115,1113,1115,1103,1125,return_crossing,search_limit_unresolved,0,0,10,46,1,ID13-20200917,10
436,439,436,439,426,449,search_limit_unresolved,search_limit_unresolved,0,0,10,47,1,ID13-20200917,10
442,444,442,444,432,454,search_limit_unresolved,search_limit_unresolved,0,0,10,48,1,ID13-20200917,10
987,999,987,999,977,1009,search_limit_unresolved,search_limit_unresolved,0,0,10,48,2,ID13-20200917,10
479,484,479,484,469,494,search_limit_unresolved,search_limit_unresolved,0,0,10,49,1,ID13-20200917,10
688,700,698,700,688,710,return_crossing,search_limit_unresolved,0,0,10,50,1,ID13-20200917,10
1154,1162,1154,1162,1144,1172,search_limit_unresolved,search_limit_unresolved,0,0,10,50,2,ID13-20200917,10
600,604,602,604,592,614,return_crossing,search_limit_unresolved,0,0,10,51,1,ID13-20200917,10
993,995,993,995,983,1005,search_limit_unresolved,search_limit_unresolved,0,0,10,51,2,ID13-20200917,10
654,656,654,656,644,666,search_limit_unresolved,search_limit_unresolved,0,0,10,52,1,ID13-20200917,10
662,667,662,667,652,677,search_limit_unresolved,search_limit_unresolved,0,0,10,53,1,ID13-20200917,10
683,700,683,694,673,704,search_limit_unresolved,return_crossing,0,0,10,54,1,ID13-20200917,10
834,843,834,843,824,853,search_limit_unresolved,search_limit_unresolved,0,0,10,55,1,ID13-20200917,10
963,971,963,967,953,977,search_limit_unresolved,return_crossing,0,0,10,55,2,ID13-20200917,10
1110,1112,1110,1112,1100,1122,search_limit_unresolved,search_limit_unresolved,0,0,10,55,3,ID13-20200917,10
1147,1163,1147,1153,1137,1163,search_limit_unresolved,return_crossing,0,0,10,55,4,ID13-20200917,10
710,714,710,712,700,722,search_limit_unresolved,return_crossing,0,0,10,56,1,ID13-20200917,10
714,726,723,726,713,736,return_crossing,search_limit_unresolved,0,0,10,57,1,ID13-20200917,10
733,743,739,741,729,751,return_crossing,return_crossing,1,0,10,58,1,ID13-20200917,10
751,768,759,768,749,778,return_crossing,search_limit_unresolved,0,0,10,59,1,ID13-20200917,10
1033,1037,1033,1037,1023,1047,search_limit_unresolved,search_limit_unresolved,0,0,10,60,1,ID13-20200917,10
1,12,1,12,1,32,seed_not_below_return_level,seed_not_below_return_level,0,1,20,1,1,ID13-20200917,20
67,91,79,89,59,109,return_crossing,return_crossing,1,0,20,1,2,ID13-20200917,20
225,243,227,243,207,263,return_crossing,search_limit_unresolved,0,0,20,1,3,ID13-20200917,20
291,301,292,301,272,321,return_crossing,return_crossing,1,0,20,1,4,ID13-20200917,20
346,354,346,354,326,374,seed_not_below_return_level,return_crossing,0,1,20,1,5,ID13-20200917,20
420,441,420,441,400,457,return_crossing,seed_not_below_return_level,0,1,20,1,6,ID13-20200917,20
473,477,473,477,458,497,seed_not_below_return_level,seed_not_below_return_level,0,1,20,1,7,ID13-20200917,20
522,540,531,537,511,547,return_crossing,return_crossing,1,0,20,1,8,ID13-20200917,20
554,560,557,559,548,579,return_crossing,return_crossing,1,0,20,1,9,ID13-20200917,20
647,672,647,665,627,679,return_crossing,return_crossing,0,1,20,1,10,ID13-20200917,20
690,701,694,701,680,721,return_crossing,seed_not_below_return_level,0,1,20,1,11,ID13-20200917,20
774,816,774,811,754,831,seed_not_below_return_level,return_crossing,0,1,20,1,12,ID13-20200917,20
853,862,853,862,833,876,return_crossing,return_crossing,0,1,20,1,13,ID13-20200917,20
891,905,891,898,877,918,return_crossing,return_crossing,1,0,20,1,14,ID13-20200917,20
944,953,951,953,931,968,return_crossing,return_crossing,1,0,20,1,15,ID13-20200917,20
983,992,983,992,969,1008,seed_not_below_return_level,return_crossing,0,1,20,1,16,ID13-20200917,20
1025,1030,1025,1030,1009,1044,return_crossing,return_crossing,1,0,20,1,17,ID13-20200917,20
1059,1084,1059,1084,1045,1104,seed_not_below_return_level,return_crossing,0,1,20,1,18,ID13-20200917,20
1164,1182,1164,1181,1144,1200,seed_not_below_return_level,return_crossing,0,1,20,1,19,ID13-20200917,20
75,103,80,87,60,107,return_crossing,return_crossing,1,0,20,2,1,ID13-20200917,20
414,440,431,433,411,453,return_crossing,return_crossing,1,0,20,2,2,ID13-20200917,20
736,754,747,754,727,774,return_crossing,search_limit_unresolved,0,0,20,2,3,ID13-20200917,20
997,1017,997,1017,977,1027,search_limit_unresolved,search_limit_unresolved,0,0,20,2,4,ID13-20200917,20
1037,1057,1037,1044,1028,1064,search_limit_unresolved,return_crossing,0,0,20,2,5,ID13-20200917,20
8,10,8,10,1,30,return_crossing,return_crossing,1,0,20,3,1,ID13-20200917,20
85,92,86,92,66,112,return_crossing,return_crossing,0,1,20,4,1,ID13-20200917,20
188,193,188,193,168,213,seed_not_below_return_level,seed_not_below_return_level,0,1,20,4,2,ID13-20200917,20
292,312,305,307,285,327,return_crossing,return_crossing,1,0,20,4,3,ID13-20200917,20
401,406,402,404,382,424,return_crossing,return_crossing,1,0,20,4,4,ID13-20200917,20
523,540,527,540,507,560,return_crossing,search_limit_unresolved,0,0,20,4,5,ID13-20200917,20
594,599,594,599,574,619,search_limit_unresolved,return_crossing,0,0,20,4,6,ID13-20200917,20
726,741,726,733,706,753,return_crossing,return_crossing,1,0,20,4,7,ID13-20200917,20
767,792,776,785,756,805,return_crossing,return_crossing,1,0,20,4,8,ID13-20200917,20
852,865,852,864,832,884,return_crossing,return_crossing,1,0,20,4,9,ID13-20200917,20
1096,1106,1096,1106,1076,1126,seed_not_below_return_level,return_crossing,0,1,20,4,10,ID13-20200917,20
1183,1195,1183,1195,1163,1200,seed_not_below_return_level,seed_not_below_return_level,0,1,20,4,11,ID13-20200917,20
17,21,17,19,1,39,return_crossing,return_crossing,1,0,20,5,1,ID13-20200917,20
1185,1191,1186,1190,1166,1200,return_crossing,return_crossing,1,0,20,5,2,ID13-20200917,20
20,30,20,27,1,47,return_crossing,return_crossing,1,0,20,6,1,ID13-20200917,20
75,100,80,84,60,104,return_crossing,return_crossing,1,0,20,6,2,ID13-20200917,20
476,504,480,495,460,515,return_crossing,return_crossing,1,0,20,6,3,ID13-20200917,20
28,36,28,36,8,48,seed_not_below_return_level,return_crossing,0,1,20,7,1,ID13-20200917,20
58,69,60,66,49,76,return_crossing,return_crossing,1,0,20,7,2,ID13-20200917,20
87,92,87,92,77,102,search_limit_unresolved,search_limit_unresolved,0,0,20,7,3,ID13-20200917,20
112,128,112,115,103,135,search_limit_unresolved,return_crossing,0,0,20,7,4,ID13-20200917,20
309,313,309,313,289,328,search_limit_unresolved,search_limit_unresolved,0,0,20,7,5,ID13-20200917,20
343,367,343,356,329,376,search_limit_unresolved,return_crossing,0,0,20,7,6,ID13-20200917,20
415,461,415,452,395,472,return_crossing,return_crossing,1,0,20,7,7,ID13-20200917,20
602,611,607,610,587,630,return_crossing,return_crossing,1,0,20,7,8,ID13-20200917,20
656,658,656,658,636,668,search_limit_unresolved,search_limit_unresolved,0,0,20,7,9,ID13-20200917,20
678,682,678,681,669,701,search_limit_unresolved,return_crossing,0,0,20,7,10,ID13-20200917,20
743,784,743,765,723,785,search_limit_unresolved,return_crossing,0,0,20,7,11,ID13-20200917,20
969,993,979,988,959,1008,return_crossing,return_crossing,1,0,20,7,12,ID13-20200917,20
1054,1090,1054,1077,1034,1097,search_limit_unresolved,return_crossing,0,0,20,7,13,ID13-20200917,20
1183,1196,1184,1196,1164,1200,return_crossing,recording_boundary_unresolved,0,0,20,7,14,ID13-20200917,20
19,36,29,34,9,48,return_crossing,return_crossing,1,0,20,8,1,ID13-20200917,20
60,66,62,65,49,85,return_crossing,return_crossing,1,0,20,8,2,ID13-20200917,20
435,450,442,444,422,464,return_crossing,return_crossing,1,0,20,8,3,ID13-20200917,20
741,754,743,747,723,767,return_crossing,return_crossing,1,0,20,8,4,ID13-20200917,20
869,886,878,880,858,900,return_crossing,return_crossing,1,0,20,8,5,ID13-20200917,20
1037,1049,1045,1047,1025,1067,return_crossing,return_crossing,1,0,20,8,6,ID13-20200917,20
1094,1112,1094,1100,1074,1120,search_limit_unresolved,return_crossing,0,0,20,8,7,ID13-20200917,20
30,37,30,35,10,55,seed_not_below_return_level,return_crossing,0,1,20,9,1,ID13-20200917,20
63,99,76,99,56,119,return_crossing,search_limit_unresolved,0,0,20,9,2,ID13-20200917,20
269,289,285,289,265,309,return_crossing,search_limit_unresolved,0,0,20,9,3,ID13-20200917,20
30,49,30,36,10,49,seed_not_below_return_level,return_crossing,0,1,20,10,1,ID13-20200917,20
62,64,62,64,50,84,seed_not_below_return_level,seed_not_below_return_level,0,1,20,10,2,ID13-20200917,20
354,359,354,358,334,378,seed_not_below_return_level,return_crossing,0,1,20,10,3,ID13-20200917,20
432,439,434,436,414,456,return_crossing,return_crossing,1,0,20,10,4,ID13-20200917,20
641,663,641,662,621,682,search_limit_unresolved,return_crossing,0,0,20,10,5,ID13-20200917,20
743,748,743,748,723,768,seed_not_below_return_level,seed_not_below_return_level,0,1,20,10,6,ID13-20200917,20
837,861,851,861,831,878,return_crossing,seed_not_below_return_level,0,1,20,10,7,ID13-20200917,20
890,903,895,901,879,920,return_crossing,return_crossing,1,0,20,10,8,ID13-20200917,20
937,951,940,949,921,962,return_crossing,return_crossing,1,0,20,10,9,ID13-20200917,20
972,991,975,983,963,998,return_crossing,return_crossing,1,0,20,10,10,ID13-20200917,20
1000,1021,1013,1019,999,1039,return_crossing,return_crossing,1,0,20,10,11,ID13-20200917,20
1133,1155,1133,1151,1113,1171,seed_not_below_return_level,return_crossing,0,1,20,10,12,ID13-20200917,20
30,37,31,35,11,49,return_crossing,return_crossing,1,0,20,11,1,ID13-20200917,20
59,69,63,65,50,75,return_crossing,return_crossing,1,0,20,11,2,ID13-20200917,20
86,97,86,92,76,112,search_limit_unresolved,return_crossing,0,0,20,11,3,ID13-20200917,20
308,314,308,310,288,327,search_limit_unresolved,return_crossing,0,0,20,11,4,ID13-20200917,20
343,366,344,357,328,377,return_crossing,return_crossing,1,0,20,11,5,ID13-20200917,20
419,461,438,443,418,463,return_crossing,return_crossing,1,0,20,11,6,ID13-20200917,20
624,642,635,642,615,662,return_crossing,search_limit_unresolved,0,0,20,11,7,ID13-20200917,20
734,748,746,748,726,760,return_crossing,search_limit_unresolved,0,0,20,11,8,ID13-20200917,20
770,774,772,774,761,794,return_crossing,return_crossing,1,0,20,11,9,ID13-20200917,20
877,893,879,881,859,901,return_crossing,return_crossing,1,0,20,11,10,ID13-20200917,20
970,988,979,988,959,999,return_crossing,search_limit_unresolved,0,0,20,11,11,ID13-20200917,20
1010,1013,1010,1012,1000,1032,search_limit_unresolved,return_crossing,0,0,20,11,12,ID13-20200917,20
1059,1068,1059,1068,1039,1081,search_limit_unresolved,search_limit_unresolved,0,0,20,11,13,ID13-20200917,20
1094,1107,1095,1099,1082,1119,return_crossing,return_crossing,1,0,20,11,14,ID13-20200917,20
1159,1163,1159,1163,1139,1177,return_crossing,return_crossing,1,0,20,11,15,ID13-20200917,20
1183,1195,1192,1195,1178,1200,return_crossing,recording_boundary_unresolved,0,0,20,11,16,ID13-20200917,20
446,476,446,465,426,485,return_crossing,return_crossing,1,0,20,12,1,ID13-20200917,20
561,563,561,563,541,583,return_crossing,return_crossing,1,0,20,12,2,ID13-20200917,20
602,631,621,631,601,651,return_crossing,search_limit_unresolved,0,0,20,12,3,ID13-20200917,20
745,754,749,754,729,774,return_crossing,search_limit_unresolved,0,0,20,12,4,ID13-20200917,20
879,893,881,886,861,906,return_crossing,return_crossing,1,0,20,12,5,ID13-20200917,20
997,1038,997,1034,977,1048,search_limit_unresolved,return_crossing,0,0,20,12,6,ID13-20200917,20
1062,1067,1062,1064,1049,1084,return_crossing,return_crossing,1,0,20,12,7,ID13-20200917,20
1184,1200,1196,1200,1176,1200,return_crossing,recording_boundary_unresolved,0,0,20,12,8,ID13-20200917,20
32,39,35,38,15,58,return_crossing,return_crossing,1,0,20,13,1,ID13-20200917,20
461,473,461,464,441,484,search_limit_unresolved,return_crossing,0,0,20,13,2,ID13-20200917,20
875,891,880,882,860,902,return_crossing,return_crossing,1,0,20,13,3,ID13-20200917,20
32,45,36,38,16,58,return_crossing,return_crossing,1,0,20,14,1,ID13-20200917,20
32,38,36,38,16,58,return_crossing,search_limit_unresolved,0,0,20,15,1,ID13-20200917,20
312,335,312,334,292,354,search_limit_unresolved,return_crossing,0,0,20,15,2,ID13-20200917,20
453,465,453,465,433,485,search_limit_unresolved,return_crossing,0,0,20,15,3,ID13-20200917,20
35,50,37,43,17,63,return_crossing,return_crossing,1,0,20,16,1,ID13-20200917,20
32,51,39,45,19,65,return_crossing,return_crossing,1,0,20,17,1,ID13-20200917,20
168,202,182,191,162,211,return_crossing,return_crossing,1,0,20,17,2,ID13-20200917,20
331,343,339,341,319,361,return_crossing,return_crossing,1,0,20,17,3,ID13-20200917,20
573,600,579,581,559,601,return_crossing,return_crossing,1,0,20,17,4,ID13-20200917,20
1162,1183,1172,1176,1152,1196,return_crossing,return_crossing,1,0,20,17,5,ID13-20200917,20
35,58,39,42,19,62,return_crossing,return_crossing,1,0,20,18,1,ID13-20200917,20
445,475,465,468,445,488,return_crossing,return_crossing,1,0,20,18,2,ID13-20200917,20
604,621,615,621,595,641,return_crossing,search_limit_unresolved,0,0,20,18,3,ID13-20200917,20
673,687,673,677,653,697,search_limit_unresolved,return_crossing,0,0,20,18,4,ID13-20200917,20
761,778,770,772,750,792,return_crossing,return_crossing,1,0,20,18,5,ID13-20200917,20
880,906,887,891,867,911,return_crossing,return_crossing,1,0,20,18,6,ID13-20200917,20
973,979,974,979,954,990,return_crossing,search_limit_unresolved,0,0,20,18,7,ID13-20200917,20
1001,1003,1001,1003,991,1023,search_limit_unresolved,search_limit_unresolved,0,0,20,18,8,ID13-20200917,20
1084,1089,1085,1088,1065,1108,return_crossing,return_crossing,1,0,20,18,9,ID13-20200917,20
1186,1198,1196,1198,1176,1200,return_crossing,recording_boundary_unresolved,0,0,20,18,10,ID13-20200917,20
36,60,55,59,35,79,return_crossing,return_crossing,1,0,20,19,1,ID13-20200917,20
462,470,464,468,444,488,return_crossing,return_crossing,1,0,20,19,2,ID13-20200917,20
679,681,679,681,659,701,search_limit_unresolved,search_limit_unresolved,0,0,20,19,3,ID13-20200917,20
982,1011,989,991,969,1011,return_crossing,return_crossing,1,0,20,19,4,ID13-20200917,20
156,171,156,158,136,178,return_crossing,return_crossing,1,0,20,20,1,ID13-20200917,20
213,268,213,268,193,288,return_crossing,return_crossing,0,1,20,20,2,ID13-20200917,20
61,73,68,71,48,91,return_crossing,return_crossing,1,0,20,21,1,ID13-20200917,20
259,265,260,264,240,284,return_crossing,return_crossing,1,0,20,21,2,ID13-20200917,20
318,333,318,329,298,340,search_limit_unresolved,return_crossing,0,0,20,21,3,ID13-20200917,20
344,366,351,356,341,376,return_crossing,return_crossing,1,0,20,21,4,ID13-20200917,20
417,435,419,430,399,450,return_crossing,return_crossing,1,0,20,21,5,ID13-20200917,20
522,533,527,531,507,551,return_crossing,return_crossing,1,0,20,21,6,ID13-20200917,20
744,750,744,750,724,770,return_crossing,search_limit_unresolved,0,0,20,21,7,ID13-20200917,20
851,870,852,855,832,875,return_crossing,return_crossing,1,0,20,21,8,ID13-20200917,20
973,1004,978,1004,958,1024,return_crossing,search_limit_unresolved,0,0,20,21,9,ID13-20200917,20
1093,1110,1095,1097,1075,1117,return_crossing,return_crossing,1,0,20,21,10,ID13-20200917,20
1183,1195,1193,1195,1173,1200,return_crossing,recording_boundary_unresolved,0,0,20,21,11,ID13-20200917,20
53,61,57,59,37,79,return_crossing,return_crossing,1,0,20,22,1,ID13-20200917,20
363,387,363,387,343,407,seed_not_below_return_level,return_crossing,0,1,20,22,2,ID13-20200917,20
464,470,465,468,445,488,return_crossing,return_crossing,1,0,20,22,3,ID13-20200917,20
525,537,526,529,506,549,return_crossing,return_crossing,1,0,20,22,4,ID13-20200917,20
586,599,587,592,567,612,return_crossing,return_crossing,1,0,20,22,5,ID13-20200917,20
722,744,733,744,713,764,return_crossing,seed_not_below_return_level,0,1,20,22,6,ID13-20200917,20
805,807,805,807,785,827,return_crossing,seed_not_below_return_level,0,1,20,22,7,ID13-20200917,20
852,865,852,862,832,876,return_crossing,return_crossing,1,0,20,22,8,ID13-20200917,20
888,917,890,898,877,918,return_crossing,return_crossing,1,0,20,22,9,ID13-20200917,20
1090,1095,1090,1093,1070,1113,search_limit_unresolved,return_crossing,0,0,20,22,10,ID13-20200917,20
87,112,93,96,73,116,return_crossing,return_crossing,1,0,20,23,1,ID13-20200917,20
445,465,447,459,427,470,return_crossing,return_crossing,1,0,20,23,2,ID13-20200917,20
480,487,481,487,471,507,return_crossing,return_crossing,1,0,20,23,3,ID13-20200917,20
581,588,583,587,563,598,return_crossing,return_crossing,1,0,20,23,4,ID13-20200917,20
610,613,610,613,599,633,search_limit_unresolved,search_limit_unresolved,0,0,20,23,5,ID13-20200917,20
658,672,663,669,643,689,return_crossing,return_crossing,1,0,20,23,6,ID13-20200917,20
125,128,125,127,105,147,search_limit_unresolved,return_crossing,0,0,20,24,1,ID13-20200917,20
161,177,165,171,145,191,return_crossing,return_crossing,1,0,20,25,1,ID13-20200917,20
704,758,706,743,686,763,return_crossing,return_crossing,1,0,20,25,2,ID13-20200917,20
887,895,892,895,872,915,return_crossing,search_limit_unresolved,0,0,20,25,3,ID13-20200917,20
93,104,98,101,78,121,return_crossing,return_crossing,1,0,20,26,1,ID13-20200917,20
148,161,149,151,129,171,return_crossing,return_crossing,1,0,20,26,2,ID13-20200917,20
748,796,765,796,745,816,return_crossing,return_crossing,1,0,20,26,3,ID13-20200917,20
98,106,101,103,81,123,return_crossing,return_crossing,1,0,20,27,1,ID13-20200917,20
197,237,210,224,190,244,return_crossing,return_crossing,1,0,20,27,2,ID13-20200917,20
92,124,104,123,84,143,return_crossing,return_crossing,1,0,20,28,1,ID13-20200917,20
456,487,474,476,454,496,return_crossing,return_crossing,1,0,20,28,2,ID13-20200917,20
879,910,888,890,868,910,return_crossing,return_crossing,1,0,20,28,3,ID13-20200917,20
120,126,120,126,100,136,search_limit_unresolved,search_limit_unresolved,0,0,20,29,1,ID13-20200917,20
146,164,146,164,137,184,search_limit_unresolved,search_limit_unresolved,0,0,20,29,2,ID13-20200917,20
461,484,467,472,447,492,return_crossing,return_crossing,1,0,20,29,3,ID13-20200917,20
756,772,758,760,738,780,return_crossing,return_crossing,1,0,20,29,4,ID13-20200917,20
886,890,888,890,868,910,return_crossing,search_limit_unresolved,0,0,20,29,5,ID13-20200917,20
1109,1134,1115,1124,1095,1144,return_crossing,return_crossing,1,0,20,29,6,ID13-20200917,20
104,125,117,119,97,139,return_crossing,return_crossing,1,0,20,30,1,ID13-20200917,20
504,506,504,506,484,526,search_limit_unresolved,search_limit_unresolved,0,0,20,30,2,ID13-20200917,20
436,469,454,456,434,476,return_crossing,return_crossing,1,0,20,31,1,ID13-20200917,20
127,155,139,147,119,167,return_crossing,return_crossing,1,0,20,32,1,ID13-20200917,20
381,394,388,392,368,412,return_crossing,return_crossing,1,0,20,32,2,ID13-20200917,20
773,802,789,796,769,816,return_crossing,return_crossing,1,0,20,32,3,ID13-20200917,20
1090,1115,1106,1110,1086,1130,return_crossing,return_crossing,1,0,20,32,4,ID13-20200917,20
137,157,147,157,127,177,return_crossing,search_limit_unresolved,0,0,20,33,1,ID13-20200917,20
204,231,204,231,184,245,seed_not_below_return_level,search_limit_unresolved,0,1,20,33,2,ID13-20200917,20
259,269,259,269,246,289,search_limit_unresolved,return_crossing,0,0,20,33,3,ID13-20200917,20
402,413,405,408,385,428,return_crossing,return_crossing,1,0,20,33,4,ID13-20200917,20
835,842,836,842,816,862,return_crossing,search_limit_unresolved,0,0,20,33,5,ID13-20200917,20
127,148,137,139,117,159,return_crossing,return_crossing,1,0,20,34,1,ID13-20200917,20
794,817,794,797,774,817,search_limit_unresolved,return_crossing,0,0,20,34,2,ID13-20200917,20
688,702,690,692,670,712,return_crossing,return_crossing,1,0,20,35,1,ID13-20200917,20
367,395,378,380,358,400,return_crossing,return_crossing,1,0,20,36,1,ID13-20200917,20
555,572,563,572,543,592,return_crossing,search_limit_unresolved,0,0,20,36,2,ID13-20200917,20
698,705,700,702,680,722,return_crossing,return_crossing,1,0,20,36,3,ID13-20200917,20
1177,1182,1177,1182,1157,1200,search_limit_unresolved,return_crossing,0,0,20,36,4,ID13-20200917,20
167,169,167,169,147,189,search_limit_unresolved,search_limit_unresolved,0,0,20,37,1,ID13-20200917,20
924,944,926,931,906,951,return_crossing,return_crossing,1,0,20,37,2,ID13-20200917,20
366,396,377,391,357,411,return_crossing,return_crossing,1,0,20,38,1,ID13-20200917,20
202,224,204,208,184,228,return_crossing,return_crossing,1,0,20,39,1,ID13-20200917,20
241,269,254,257,234,277,return_crossing,return_crossing,1,0,20,39,2,ID13-20200917,20
405,413,406,409,386,429,return_crossing,return_crossing,1,0,20,39,3,ID13-20200917,20
895,910,907,910,887,927,return_crossing,search_limit_unresolved,0,0,20,39,4,ID13-20200917,20
945,958,945,956,928,976,search_limit_unresolved,return_crossing,0,0,20,39,5,ID13-20200917,20
1116,1135,1133,1135,1113,1152,return_crossing,search_limit_unresolved,0,0,20,39,6,ID13-20200917,20
1162,1180,1169,1171,1153,1191,return_crossing,return_crossing,1,0,20,39,7,ID13-20200917,20
247,249,247,249,227,269,search_limit_unresolved,search_limit_unresolved,0,0,20,40,1,ID13-20200917,20
242,261,252,254,232,274,return_crossing,return_crossing,1,0,20,41,1,ID13-20200917,20
883,893,887,893,867,913,return_crossing,search_limit_unresolved,0,0,20,41,2,ID13-20200917,20
1024,1029,1025,1027,1005,1038,return_crossing,return_crossing,1,0,20,41,3,ID13-20200917,20
1049,1058,1050,1053,1039,1070,return_crossing,return_crossing,1,0,20,41,4,ID13-20200917,20
1074,1094,1088,1092,1071,1112,return_crossing,return_crossing,1,0,20,41,5,ID13-20200917,20
268,276,268,273,248,293,search_limit_unresolved,return_crossing,0,0,20,42,1,ID13-20200917,20
360,381,360,363,340,383,search_limit_unresolved,return_crossing,0,0,20,43,1,ID13-20200917,20
603,615,613,615,593,635,return_crossing,search_limit_unresolved,0,0,20,44,1,ID13-20200917,20
392,397,392,395,372,415,search_limit_unresolved,return_crossing,0,0,20,45,1,ID13-20200917,20
1103,1115,1113,1115,1093,1135,return_crossing,search_limit_unresolved,0,0,20,46,1,ID13-20200917,20
416,439,436,439,416,459,return_crossing,search_limit_unresolved,0,0,20,47,1,ID13-20200917,20
442,460,442,444,422,464,search_limit_unresolved,return_crossing,0,0,20,48,1,ID13-20200917,20
972,999,987,999,967,1019,return_crossing,search_limit_unresolved,0,0,20,48,2,ID13-20200917,20
468,503,479,484,459,504,return_crossing,return_crossing,1,0,20,49,1,ID13-20200917,20
688,700,698,700,678,720,return_crossing,search_limit_unresolved,0,0,20,50,1,ID13-20200917,20
1154,1182,1154,1162,1134,1182,search_limit_unresolved,return_crossing,0,0,20,50,2,ID13-20200917,20
600,604,602,604,582,624,return_crossing,search_limit_unresolved,0,0,20,51,1,ID13-20200917,20
993,1007,993,995,973,1015,search_limit_unresolved,return_crossing,0,0,20,51,2,ID13-20200917,20
654,656,654,656,634,676,search_limit_unresolved,search_limit_unresolved,0,0,20,52,1,ID13-20200917,20
662,683,662,667,642,687,search_limit_unresolved,return_crossing,0,0,20,53,1,ID13-20200917,20
683,700,683,694,663,714,search_limit_unresolved,return_crossing,0,0,20,54,1,ID13-20200917,20
834,843,834,843,814,863,search_limit_unresolved,search_limit_unresolved,0,0,20,55,1,ID13-20200917,20
963,971,963,967,943,987,search_limit_unresolved,return_crossing,0,0,20,55,2,ID13-20200917,20
1099,1123,1110,1112,1090,1129,return_crossing,return_crossing,1,0,20,55,3,ID13-20200917,20
1147,1163,1147,1153,1130,1173,search_limit_unresolved,return_crossing,0,0,20,55,4,ID13-20200917,20
696,714,710,712,690,732,return_crossing,return_crossing,1,0,20,56,1,ID13-20200917,20
714,726,723,726,703,746,return_crossing,search_limit_unresolved,0,0,20,57,1,ID13-20200917,20
733,743,739,741,719,761,return_crossing,return_crossing,1,0,20,58,1,ID13-20200917,20
751,768,759,768,739,788,return_crossing,search_limit_unresolved,0,0,20,59,1,ID13-20200917,20
1033,1037,1033,1037,1013,1057,search_limit_unresolved,search_limit_unresolved,0,0,20,60,1,ID13-20200917,20
1,12,1,12,1,45,seed_not_below_return_level,seed_not_below_return_level,0,1,40,1,1,ID13-20200917,40
67,91,79,89,46,129,return_crossing,return_crossing,1,0,40,1,2,ID13-20200917,40
225,243,227,243,187,267,return_crossing,search_limit_unresolved,0,0,40,1,3,ID13-20200917,40
291,301,292,301,268,323,return_crossing,return_crossing,1,0,40,1,4,ID13-20200917,40
346,354,346,354,324,387,seed_not_below_return_level,return_crossing,0,1,40,1,5,ID13-20200917,40
420,441,420,441,388,457,return_crossing,seed_not_below_return_level,0,1,40,1,6,ID13-20200917,40
473,477,473,477,458,504,seed_not_below_return_level,seed_not_below_return_level,0,1,40,1,7,ID13-20200917,40
522,540,531,537,505,547,return_crossing,return_crossing,1,0,40,1,8,ID13-20200917,40
554,560,557,559,548,599,return_crossing,return_crossing,1,0,40,1,9,ID13-20200917,40
647,672,647,665,607,679,return_crossing,return_crossing,0,1,40,1,10,ID13-20200917,40
690,701,694,701,680,737,return_crossing,seed_not_below_return_level,0,1,40,1,11,ID13-20200917,40
774,816,774,811,738,832,seed_not_below_return_level,return_crossing,0,1,40,1,12,ID13-20200917,40
853,862,853,862,833,876,return_crossing,return_crossing,0,1,40,1,13,ID13-20200917,40
891,905,891,898,877,924,return_crossing,return_crossing,1,0,40,1,14,ID13-20200917,40
944,953,951,953,925,968,return_crossing,return_crossing,1,0,40,1,15,ID13-20200917,40
983,992,983,992,969,1008,seed_not_below_return_level,return_crossing,0,1,40,1,16,ID13-20200917,40
1025,1030,1025,1030,1009,1044,return_crossing,return_crossing,1,0,40,1,17,ID13-20200917,40
1059,1084,1059,1084,1045,1124,seed_not_below_return_level,return_crossing,0,1,40,1,18,ID13-20200917,40
1164,1182,1164,1181,1125,1200,seed_not_below_return_level,return_crossing,0,1,40,1,19,ID13-20200917,40
75,103,80,87,40,127,return_crossing,return_crossing,1,0,40,2,1,ID13-20200917,40
414,440,431,433,391,473,return_crossing,return_crossing,1,0,40,2,2,ID13-20200917,40
736,785,747,754,707,794,return_crossing,return_crossing,1,0,40,2,3,ID13-20200917,40
972,1017,997,1017,957,1027,return_crossing,search_limit_unresolved,0,0,40,2,4,ID13-20200917,40
1037,1057,1037,1044,1028,1084,search_limit_unresolved,return_crossing,0,0,40,2,5,ID13-20200917,40
8,10,8,10,1,50,return_crossing,return_crossing,1,0,40,3,1,ID13-20200917,40
85,92,86,92,46,132,return_crossing,return_crossing,0,1,40,4,1,ID13-20200917,40
188,193,188,193,148,233,seed_not_below_return_level,seed_not_below_return_level,0,1,40,4,2,ID13-20200917,40
292,312,305,307,265,347,return_crossing,return_crossing,1,0,40,4,3,ID13-20200917,40
401,406,402,404,362,444,return_crossing,return_crossing,1,0,40,4,4,ID13-20200917,40
523,540,527,540,487,567,return_crossing,search_limit_unresolved,0,0,40,4,5,ID13-20200917,40
594,599,594,599,568,639,search_limit_unresolved,return_crossing,0,0,40,4,6,ID13-20200917,40
726,741,726,733,686,754,return_crossing,return_crossing,1,0,40,4,7,ID13-20200917,40
767,792,776,785,755,818,return_crossing,return_crossing,1,0,40,4,8,ID13-20200917,40
852,865,852,864,819,904,return_crossing,return_crossing,1,0,40,4,9,ID13-20200917,40
1096,1106,1096,1106,1056,1144,seed_not_below_return_level,return_crossing,0,1,40,4,10,ID13-20200917,40
1183,1195,1183,1195,1145,1200,seed_not_below_return_level,seed_not_below_return_level,0,1,40,4,11,ID13-20200917,40
17,21,17,19,1,59,return_crossing,return_crossing,1,0,40,5,1,ID13-20200917,40
1185,1191,1186,1190,1146,1200,return_crossing,return_crossing,1,0,40,5,2,ID13-20200917,40
20,30,20,27,1,53,return_crossing,return_crossing,1,0,40,6,1,ID13-20200917,40
75,100,80,84,54,124,return_crossing,return_crossing,1,0,40,6,2,ID13-20200917,40
476,504,480,495,440,535,return_crossing,return_crossing,1,0,40,6,3,ID13-20200917,40
28,36,28,36,1,48,seed_not_below_return_level,return_crossing,0,1,40,7,1,ID13-20200917,40
58,69,60,66,49,76,return_crossing,return_crossing,1,0,40,7,2,ID13-20200917,40
87,92,87,92,77,102,search_limit_unresolved,search_limit_unresolved,0,0,40,7,3,ID13-20200917,40
112,128,112,115,103,155,search_limit_unresolved,return_crossing,0,0,40,7,4,ID13-20200917,40
271,313,309,313,269,328,return_crossing,search_limit_unresolved,0,0,40,7,5,ID13-20200917,40
343,367,343,356,329,385,search_limit_unresolved,return_crossing,0,0,40,7,6,ID13-20200917,40
415,461,415,452,386,492,return_crossing,return_crossing,1,0,40,7,7,ID13-20200917,40
602,611,607,610,567,633,return_crossing,return_crossing,1,0,40,7,8,ID13-20200917,40
656,658,656,658,634,668,search_limit_unresolved,search_limit_unresolved,0,0,40,7,9,ID13-20200917,40
678,682,678,681,669,712,search_limit_unresolved,return_crossing,0,0,40,7,10,ID13-20200917,40
722,784,743,765,713,805,return_crossing,return_crossing,1,0,40,7,11,ID13-20200917,40
969,993,979,988,939,1021,return_crossing,return_crossing,1,0,40,7,12,ID13-20200917,40
1033,1090,1054,1077,1022,1117,return_crossing,return_crossing,1,0,40,7,13,ID13-20200917,40
1183,1196,1184,1196,1144,1200,return_crossing,recording_boundary_unresolved,0,0,40,7,14,ID13-20200917,40
19,36,29,34,1,48,return_crossing,return_crossing,1,0,40,8,1,ID13-20200917,40
60,66,62,65,49,105,return_crossing,return_crossing,1,0,40,8,2,ID13-20200917,40
435,450,442,444,402,484,return_crossing,return_crossing,1,0,40,8,3,ID13-20200917,40
741,754,743,747,703,787,return_crossing,return_crossing,1,0,40,8,4,ID13-20200917,40
869,886,878,880,838,920,return_crossing,return_crossing,1,0,40,8,5,ID13-20200917,40
1037,1049,1045,1047,1005,1070,return_crossing,return_crossing,1,0,40,8,6,ID13-20200917,40
1094,1112,1094,1100,1071,1140,search_limit_unresolved,return_crossing,0,0,40,8,7,ID13-20200917,40
30,37,30,35,1,55,seed_not_below_return_level,return_crossing,0,1,40,9,1,ID13-20200917,40
63,129,76,99,56,139,return_crossing,return_crossing,1,0,40,9,2,ID13-20200917,40
269,289,285,289,245,329,return_crossing,search_limit_unresolved,0,0,40,9,3,ID13-20200917,40
30,49,30,36,1,49,seed_not_below_return_level,return_crossing,0,1,40,10,1,ID13-20200917,40
62,64,62,64,50,104,seed_not_below_return_level,seed_not_below_return_level,0,1,40,10,2,ID13-20200917,40
354,359,354,358,314,396,seed_not_below_return_level,return_crossing,0,1,40,10,3,ID13-20200917,40
432,439,434,436,397,476,return_crossing,return_crossing,1,0,40,10,4,ID13-20200917,40
612,663,641,662,601,702,return_crossing,return_crossing,1,0,40,10,5,ID13-20200917,40
743,748,743,748,703,788,seed_not_below_return_level,seed_not_below_return_level,0,1,40,10,6,ID13-20200917,40
837,861,851,861,811,878,return_crossing,seed_not_below_return_level,0,1,40,10,7,ID13-20200917,40
890,903,895,901,879,920,return_crossing,return_crossing,1,0,40,10,8,ID13-20200917,40
937,951,940,949,921,962,return_crossing,return_crossing,1,0,40,10,9,ID13-20200917,40
972,991,975,983,963,998,return_crossing,return_crossing,1,0,40,10,10,ID13-20200917,40
1000,1021,1013,1019,999,1059,return_crossing,return_crossing,1,0,40,10,11,ID13-20200917,40
1133,1155,1133,1151,1093,1191,seed_not_below_return_level,return_crossing,0,1,40,10,12,ID13-20200917,40
30,37,31,35,1,49,return_crossing,return_crossing,1,0,40,11,1,ID13-20200917,40
59,69,63,65,50,75,return_crossing,return_crossing,1,0,40,11,2,ID13-20200917,40
86,97,86,92,76,132,search_limit_unresolved,return_crossing,0,0,40,11,3,ID13-20200917,40
270,314,308,310,268,327,return_crossing,return_crossing,1,0,40,11,4,ID13-20200917,40
343,366,344,357,328,397,return_crossing,return_crossing,1,0,40,11,5,ID13-20200917,40
419,461,438,443,398,483,return_crossing,return_crossing,1,0,40,11,6,ID13-20200917,40
624,667,635,642,595,682,return_crossing,return_crossing,1,0,40,11,7,ID13-20200917,40
734,748,746,748,706,760,return_crossing,search_limit_unresolved,0,0,40,11,8,ID13-20200917,40
770,774,772,774,761,814,return_crossing,return_crossing,1,0,40,11,9,ID13-20200917,40
877,893,879,881,839,921,return_crossing,return_crossing,1,0,40,11,10,ID13-20200917,40
970,988,979,988,939,999,return_crossing,search_limit_unresolved,0,0,40,11,11,ID13-20200917,40
1010,1013,1010,1012,1000,1035,search_limit_unresolved,return_crossing,0,0,40,11,12,ID13-20200917,40
1059,1068,1059,1068,1036,1081,search_limit_unresolved,search_limit_unresolved,0,0,40,11,13,ID13-20200917,40
1094,1107,1095,1099,1082,1129,return_crossing,return_crossing,1,0,40,11,14,ID13-20200917,40
1159,1163,1159,1163,1130,1177,return_crossing,return_crossing,1,0,40,11,15,ID13-20200917,40
1183,1195,1192,1195,1178,1200,return_crossing,recording_boundary_unresolved,0,0,40,11,16,ID13-20200917,40
446,476,446,465,406,505,return_crossing,return_crossing,1,0,40,12,1,ID13-20200917,40
561,563,561,563,521,592,return_crossing,return_crossing,1,0,40,12,2,ID13-20200917,40
602,652,621,631,593,671,return_crossing,return_crossing,1,0,40,12,3,ID13-20200917,40
745,779,749,754,709,794,return_crossing,return_crossing,1,0,40,12,4,ID13-20200917,40
879,893,881,886,841,926,return_crossing,return_crossing,1,0,40,12,5,ID13-20200917,40
971,1038,997,1034,957,1048,return_crossing,return_crossing,1,0,40,12,6,ID13-20200917,40
1062,1067,1062,1064,1049,1104,return_crossing,return_crossing,1,0,40,12,7,ID13-20200917,40
1184,1200,1196,1200,1156,1200,return_crossing,recording_boundary_unresolved,0,0,40,12,8,ID13-20200917,40
32,39,35,38,1,78,return_crossing,return_crossing,1,0,40,13,1,ID13-20200917,40
461,473,461,464,421,504,search_limit_unresolved,return_crossing,0,0,40,13,2,ID13-20200917,40
875,891,880,882,840,922,return_crossing,return_crossing,1,0,40,13,3,ID13-20200917,40
32,45,36,38,1,78,return_crossing,return_crossing,1,0,40,14,1,ID13-20200917,40
32,60,36,38,1,78,return_crossing,return_crossing,1,0,40,15,1,ID13-20200917,40
272,335,312,334,272,374,return_crossing,return_crossing,1,0,40,15,2,ID13-20200917,40
430,465,453,465,413,505,return_crossing,return_crossing,1,0,40,15,3,ID13-20200917,40
35,50,37,43,1,83,return_crossing,return_crossing,1,0,40,16,1,ID13-20200917,40
32,51,39,45,1,85,return_crossing,return_crossing,1,0,40,17,1,ID13-20200917,40
168,202,182,191,142,231,return_crossing,return_crossing,1,0,40,17,2,ID13-20200917,40
331,343,339,341,299,381,return_crossing,return_crossing,1,0,40,17,3,ID13-20200917,40
573,600,579,581,539,621,return_crossing,return_crossing,1,0,40,17,4,ID13-20200917,40
1162,1183,1172,1176,1132,1200,return_crossing,return_crossing,1,0,40,17,5,ID13-20200917,40
35,58,39,42,1,82,return_crossing,return_crossing,1,0,40,18,1,ID13-20200917,40
445,475,465,468,425,508,return_crossing,return_crossing,1,0,40,18,2,ID13-20200917,40
604,621,615,621,575,647,return_crossing,search_limit_unresolved,0,0,40,18,3,ID13-20200917,40
673,687,673,677,648,717,search_limit_unresolved,return_crossing,0,0,40,18,4,ID13-20200917,40
761,778,770,772,730,812,return_crossing,return_crossing,1,0,40,18,5,ID13-20200917,40
880,906,887,891,847,931,return_crossing,return_crossing,1,0,40,18,6,ID13-20200917,40
973,979,974,979,934,990,return_crossing,search_limit_unresolved,0,0,40,18,7,ID13-20200917,40
1001,1030,1001,1003,991,1043,search_limit_unresolved,return_crossing,0,0,40,18,8,ID13-20200917,40
1084,1089,1085,1088,1045,1128,return_crossing,return_crossing,1,0,40,18,9,ID13-20200917,40
1186,1198,1196,1198,1156,1200,return_crossing,recording_boundary_unresolved,0,0,40,18,10,ID13-20200917,40
36,60,55,59,15,99,return_crossing,return_crossing,1,0,40,19,1,ID13-20200917,40
462,470,464,468,424,508,return_crossing,return_crossing,1,0,40,19,2,ID13-20200917,40
679,702,679,681,639,721,search_limit_unresolved,return_crossing,0,0,40,19,3,ID13-20200917,40
982,1011,989,991,949,1031,return_crossing,return_crossing,1,0,40,19,4,ID13-20200917,40
156,171,156,158,116,185,return_crossing,return_crossing,1,0,40,20,1,ID13-20200917,40
213,268,213,268,186,308,return_crossing,return_crossing,0,1,40,20,2,ID13-20200917,40
61,73,68,71,28,111,return_crossing,return_crossing,1,0,40,21,1,ID13-20200917,40
259,265,260,264,220,291,return_crossing,return_crossing,1,0,40,21,2,ID13-20200917,40
292,333,318,329,292,340,return_crossing,return_crossing,1,0,40,21,3,ID13-20200917,40
344,366,351,356,341,387,return_crossing,return_crossing,1,0,40,21,4,ID13-20200917,40
417,435,419,430,388,470,return_crossing,return_crossing,1,0,40,21,5,ID13-20200917,40
522,533,527,531,487,571,return_crossing,return_crossing,1,0,40,21,6,ID13-20200917,40
744,785,744,750,704,790,return_crossing,return_crossing,1,0,40,21,7,ID13-20200917,40
851,870,852,855,812,895,return_crossing,return_crossing,1,0,40,21,8,ID13-20200917,40
973,1027,978,1004,938,1044,return_crossing,return_crossing,1,0,40,21,9,ID13-20200917,40
1093,1110,1095,1097,1055,1137,return_crossing,return_crossing,1,0,40,21,10,ID13-20200917,40
1183,1195,1193,1195,1153,1200,return_crossing,recording_boundary_unresolved,0,0,40,21,11,ID13-20200917,40
53,61,57,59,17,99,return_crossing,return_crossing,1,0,40,22,1,ID13-20200917,40
363,387,363,387,323,426,seed_not_below_return_level,return_crossing,0,1,40,22,2,ID13-20200917,40
464,470,465,468,427,497,return_crossing,return_crossing,1,0,40,22,3,ID13-20200917,40
525,537,526,529,498,558,return_crossing,return_crossing,1,0,40,22,4,ID13-20200917,40
586,599,587,592,559,632,return_crossing,return_crossing,1,0,40,22,5,ID13-20200917,40
722,744,733,744,693,774,return_crossing,seed_not_below_return_level,0,1,40,22,6,ID13-20200917,40
805,807,805,807,775,829,return_crossing,seed_not_below_return_level,0,1,40,22,7,ID13-20200917,40
852,865,852,862,830,876,return_crossing,return_crossing,1,0,40,22,8,ID13-20200917,40
888,917,890,898,877,938,return_crossing,return_crossing,1,0,40,22,9,ID13-20200917,40
1065,1095,1090,1093,1050,1133,return_crossing,return_crossing,1,0,40,22,10,ID13-20200917,40
87,112,93,96,53,136,return_crossing,return_crossing,1,0,40,23,1,ID13-20200917,40
445,465,447,459,407,470,return_crossing,return_crossing,1,0,40,23,2,ID13-20200917,40
480,487,481,487,471,527,return_crossing,return_crossing,1,0,40,23,3,ID13-20200917,40
581,588,583,587,543,598,return_crossing,return_crossing,1,0,40,23,4,ID13-20200917,40
610,613,610,613,599,638,search_limit_unresolved,search_limit_unresolved,0,0,40,23,5,ID13-20200917,40
658,672,663,669,639,709,return_crossing,return_crossing,1,0,40,23,6,ID13-20200917,40
89,128,125,127,85,167,return_crossing,return_crossing,1,0,40,24,1,ID13-20200917,40
161,177,165,171,125,211,return_crossing,return_crossing,1,0,40,25,1,ID13-20200917,40
704,758,706,743,666,783,return_crossing,return_crossing,1,0,40,25,2,ID13-20200917,40
887,924,892,895,852,935,return_crossing,return_crossing,1,0,40,25,3,ID13-20200917,40
93,104,98,101,58,125,return_crossing,return_crossing,1,0,40,26,1,ID13-20200917,40
148,161,149,151,126,191,return_crossing,return_crossing,1,0,40,26,2,ID13-20200917,40
748,796,765,796,725,836,return_crossing,return_crossing,1,0,40,26,3,ID13-20200917,40
98,106,101,103,61,143,return_crossing,return_crossing,1,0,40,27,1,ID13-20200917,40
197,237,210,224,170,264,return_crossing,return_crossing,1,0,40,27,2,ID13-20200917,40
92,124,104,123,64,163,return_crossing,return_crossing,1,0,40,28,1,ID13-20200917,40
456,487,474,476,434,516,return_crossing,return_crossing,1,0,40,28,2,ID13-20200917,40
879,910,888,890,848,930,return_crossing,return_crossing,1,0,40,28,3,ID13-20200917,40
99,126,120,126,80,136,return_crossing,search_limit_unresolved,0,0,40,29,1,ID13-20200917,40
146,189,146,164,137,204,search_limit_unresolved,return_crossing,0,0,40,29,2,ID13-20200917,40
461,484,467,472,427,512,return_crossing,return_crossing,1,0,40,29,3,ID13-20200917,40
756,772,758,760,718,800,return_crossing,return_crossing,1,0,40,29,4,ID13-20200917,40
886,911,888,890,848,930,return_crossing,return_crossing,1,0,40,29,5,ID13-20200917,40
1109,1134,1115,1124,1075,1164,return_crossing,return_crossing,1,0,40,29,6,ID13-20200917,40
104,125,117,119,77,159,return_crossing,return_crossing,1,0,40,30,1,ID13-20200917,40
464,533,504,506,464,546,return_crossing,return_crossing,1,0,40,30,2,ID13-20200917,40
436,469,454,456,414,496,return_crossing,return_crossing,1,0,40,31,1,ID13-20200917,40
127,155,139,147,99,187,return_crossing,return_crossing,1,0,40,32,1,ID13-20200917,40
381,394,388,392,348,432,return_crossing,return_crossing,1,0,40,32,2,ID13-20200917,40
773,802,789,796,749,836,return_crossing,return_crossing,1,0,40,32,3,ID13-20200917,40
1090,1115,1106,1110,1066,1150,return_crossing,return_crossing,1,0,40,32,4,ID13-20200917,40
137,180,147,157,107,180,return_crossing,return_crossing,1,0,40,33,1,ID13-20200917,40
204,231,204,231,181,245,seed_not_below_return_level,search_limit_unresolved,0,1,40,33,2,ID13-20200917,40
259,269,259,269,246,309,search_limit_unresolved,return_crossing,0,0,40,33,3,ID13-20200917,40
402,413,405,408,365,448,return_crossing,return_crossing,1,0,40,33,4,ID13-20200917,40
835,869,836,842,796,882,return_crossing,return_crossing,1,0,40,33,5,ID13-20200917,40
127,148,137,139,97,179,return_crossing,return_crossing,1,0,40,34,1,ID13-20200917,40
773,817,794,797,754,837,return_crossing,return_crossing,1,0,40,34,2,ID13-20200917,40
688,702,690,692,650,732,return_crossing,return_crossing,1,0,40,35,1,ID13-20200917,40
367,395,378,380,338,420,return_crossing,return_crossing,1,0,40,36,1,ID13-20200917,40
555,605,563,572,523,612,return_crossing,return_crossing,1,0,40,36,2,ID13-20200917,40
698,705,700,702,660,742,return_crossing,return_crossing,1,0,40,36,3,ID13-20200917,40
1147,1182,1177,1182,1137,1200,return_crossing,return_crossing,1,0,40,36,4,ID13-20200917,40
145,209,167,169,127,209,return_crossing,return_crossing,1,0,40,37,1,ID13-20200917,40
924,944,926,931,886,971,return_crossing,return_crossing,1,0,40,37,2,ID13-20200917,40
366,396,377,391,337,431,return_crossing,return_crossing,1,0,40,38,1,ID13-20200917,40
202,224,204,208,164,231,return_crossing,return_crossing,1,0,40,39,1,ID13-20200917,40
241,269,254,257,232,297,return_crossing,return_crossing,1,0,40,39,2,ID13-20200917,40
405,413,406,409,366,449,return_crossing,return_crossing,1,0,40,39,3,ID13-20200917,40
895,910,907,910,867,927,return_crossing,search_limit_unresolved,0,0,40,39,4,ID13-20200917,40
945,958,945,956,928,996,search_limit_unresolved,return_crossing,0,0,40,39,5,ID13-20200917,40
1116,1135,1133,1135,1093,1152,return_crossing,search_limit_unresolved,0,0,40,39,6,ID13-20200917,40
1162,1180,1169,1171,1153,1200,return_crossing,return_crossing,1,0,40,39,7,ID13-20200917,40
213,270,247,249,207,289,return_crossing,return_crossing,1,0,40,40,1,ID13-20200917,40
242,261,252,254,212,294,return_crossing,return_crossing,1,0,40,41,1,ID13-20200917,40
883,917,887,893,847,933,return_crossing,return_crossing,1,0,40,41,2,ID13-20200917,40
1024,1029,1025,1027,985,1038,return_crossing,return_crossing,1,0,40,41,3,ID13-20200917,40
1049,1058,1050,1053,1039,1070,return_crossing,return_crossing,1,0,40,41,4,ID13-20200917,40
1074,1094,1088,1092,1071,1132,return_crossing,return_crossing,1,0,40,41,5,ID13-20200917,40
228,276,268,273,228,313,return_crossing,return_crossing,1,0,40,42,1,ID13-20200917,40
339,381,360,363,320,403,return_crossing,return_crossing,1,0,40,43,1,ID13-20200917,40
603,645,613,615,573,655,return_crossing,return_crossing,1,0,40,44,1,ID13-20200917,40
366,397,392,395,352,435,return_crossing,return_crossing,1,0,40,45,1,ID13-20200917,40
1103,1115,1113,1115,1073,1155,return_crossing,search_limit_unresolved,0,0,40,46,1,ID13-20200917,40
416,463,436,439,396,479,return_crossing,return_crossing,1,0,40,47,1,ID13-20200917,40
416,460,442,444,402,484,return_crossing,return_crossing,1,0,40,48,1,ID13-20200917,40
972,1027,987,999,947,1039,return_crossing,return_crossing,1,0,40,48,2,ID13-20200917,40
468,503,479,484,439,524,return_crossing,return_crossing,1,0,40,49,1,ID13-20200917,40
688,733,698,700,658,740,return_crossing,return_crossing,1,0,40,50,1,ID13-20200917,40
1119,1182,1154,1162,1114,1200,return_crossing,return_crossing,1,0,40,50,2,ID13-20200917,40
600,637,602,604,562,644,return_crossing,return_crossing,1,0,40,51,1,ID13-20200917,40
971,1007,993,995,953,1035,return_crossing,return_crossing,1,0,40,51,2,ID13-20200917,40
632,686,654,656,614,696,return_crossing,return_crossing,1,0,40,52,1,ID13-20200917,40
662,683,662,667,622,707,search_limit_unresolved,return_crossing,0,0,40,53,1,ID13-20200917,40
654,700,683,694,643,734,return_crossing,return_crossing,1,0,40,54,1,ID13-20200917,40
834,878,834,843,794,883,search_limit_unresolved,return_crossing,0,0,40,55,1,ID13-20200917,40
963,971,963,967,923,1007,search_limit_unresolved,return_crossing,0,0,40,55,2,ID13-20200917,40
1099,1123,1110,1112,1070,1129,return_crossing,return_crossing,1,0,40,55,3,ID13-20200917,40
1147,1163,1147,1153,1130,1193,search_limit_unresolved,return_crossing,0,0,40,55,4,ID13-20200917,40
696,714,710,712,670,752,return_crossing,return_crossing,1,0,40,56,1,ID13-20200917,40
714,726,723,726,683,766,return_crossing,search_limit_unresolved,0,0,40,57,1,ID13-20200917,40
733,743,739,741,699,781,return_crossing,return_crossing,1,0,40,58,1,ID13-20200917,40
751,801,759,768,719,808,return_crossing,return_crossing,1,0,40,59,1,ID13-20200917,40
1012,1037,1033,1037,993,1077,return_crossing,search_limit_unresolved,0,0,40,60,1,ID13-20200917,40
1,4,1,4,1,9,seed_not_below_return_level,return_crossing,0,1,5,1,1,FB2411,5
48,52,48,52,43,57,return_crossing,search_limit_unresolved,0,0,5,1,2,FB2411,5
102,110,102,110,97,115,return_crossing,search_limit_unresolved,0,0,5,1,3,FB2411,5
187,198,188,198,183,203,return_crossing,return_crossing,1,0,5,1,4,FB2411,5
294,301,294,301,289,301,seed_not_below_return_level,seed_not_below_return_level,0,1,5,1,5,FB2411,5
130,142,132,137,127,142,return_crossing,return_crossing,1,0,5,2,1,FB2411,5
279,286,281,283,276,288,return_crossing,return_crossing,1,0,5,3,1,FB2411,5
22,29,22,25,17,30,return_crossing,return_crossing,1,0,5,4,1,FB2411,5
199,203,200,202,195,207,return_crossing,return_crossing,1,0,5,4,2,FB2411,5
20,28,21,24,16,29,return_crossing,return_crossing,1,0,5,5,1,FB2411,5
128,134,129,134,124,139,return_crossing,search_limit_unresolved,0,0,5,6,1,FB2411,5
227,235,227,230,222,235,search_limit_unresolved,return_crossing,0,0,5,7,1,FB2411,5
180,187,184,186,179,191,return_crossing,return_crossing,1,0,5,8,1,FB2411,5
46,60,49,60,44,65,return_crossing,return_crossing,1,0,5,9,1,FB2411,5
199,208,199,203,194,208,search_limit_unresolved,return_crossing,0,0,5,9,2,FB2411,5
123,131,123,126,118,131,search_limit_unresolved,return_crossing,0,0,5,10,1,FB2411,5
71,77,72,74,67,79,return_crossing,return_crossing,1,0,5,11,1,FB2411,5
73,81,75,79,70,84,return_crossing,return_crossing,1,0,5,12,1,FB2411,5
242,245,243,245,238,250,return_crossing,search_limit_unresolved,0,0,5,13,1,FB2411,5
86,88,86,88,81,93,search_limit_unresolved,search_limit_unresolved,0,0,5,14,1,FB2411,5
140,142,140,142,135,147,search_limit_unresolved,search_limit_unresolved,0,0,5,15,1,FB2411,5
148,163,148,159,143,164,search_limit_unresolved,return_crossing,0,0,5,16,1,FB2411,5
139,146,143,146,138,151,return_crossing,search_limit_unresolved,0,0,5,17,1,FB2411,5
165,173,170,173,165,178,return_crossing,search_limit_unresolved,0,0,5,18,1,FB2411,5
206,218,211,214,206,219,return_crossing,return_crossing,1,0,5,19,1,FB2411,5
242,245,242,245,237,250,return_crossing,search_limit_unresolved,0,0,5,20,1,FB2411,5
1,4,1,4,1,14,seed_not_below_return_level,return_crossing,0,1,10,1,1,FB2411,10
48,52,48,52,38,62,return_crossing,search_limit_unresolved,0,0,10,1,2,FB2411,10
102,119,102,110,92,120,return_crossing,return_crossing,1,0,10,1,3,FB2411,10
187,198,188,198,178,208,return_crossing,return_crossing,1,0,10,1,4,FB2411,10
294,301,294,301,284,301,seed_not_below_return_level,seed_not_below_return_level,0,1,10,1,5,FB2411,10
130,142,132,137,122,147,return_crossing,return_crossing,1,0,10,2,1,FB2411,10
279,286,281,283,271,293,return_crossing,return_crossing,1,0,10,3,1,FB2411,10
22,29,22,25,12,35,return_crossing,return_crossing,1,0,10,4,1,FB2411,10
199,203,200,202,190,212,return_crossing,return_crossing,1,0,10,4,2,FB2411,10
20,28,21,24,11,34,return_crossing,return_crossing,1,0,10,5,1,FB2411,10
128,142,129,134,119,144,return_crossing,return_crossing,1,0,10,6,1,FB2411,10
227,235,227,230,217,240,search_limit_unresolved,return_crossing,0,0,10,7,1,FB2411,10
180,187,184,186,174,196,return_crossing,return_crossing,1,0,10,8,1,FB2411,10
46,60,49,60,39,70,return_crossing,return_crossing,1,0,10,9,1,FB2411,10
192,208,199,203,189,213,return_crossing,return_crossing,1,0,10,9,2,FB2411,10
123,131,123,126,113,136,search_limit_unresolved,return_crossing,0,0,10,10,1,FB2411,10
71,77,72,74,62,84,return_crossing,return_crossing,1,0,10,11,1,FB2411,10
73,81,75,79,65,89,return_crossing,return_crossing,1,0,10,12,1,FB2411,10
242,252,243,245,233,255,return_crossing,return_crossing,1,0,10,13,1,FB2411,10
80,88,86,88,76,98,return_crossing,search_limit_unresolved,0,0,10,14,1,FB2411,10
131,142,140,142,130,152,return_crossing,search_limit_unresolved,0,0,10,15,1,FB2411,10
140,163,148,159,138,169,return_crossing,return_crossing,1,0,10,16,1,FB2411,10
139,146,143,146,133,156,return_crossing,search_limit_unresolved,0,0,10,17,1,FB2411,10
165,173,170,173,160,183,return_crossing,search_limit_unresolved,0,0,10,18,1,FB2411,10
206,218,211,214,201,224,return_crossing,return_crossing,1,0,10,19,1,FB2411,10
242,251,242,245,232,255,return_crossing,return_crossing,1,0,10,20,1,FB2411,10
1,4,1,4,1,24,seed_not_below_return_level,return_crossing,0,1,20,1,1,FB2411,20
48,66,48,52,28,72,return_crossing,return_crossing,1,0,20,1,2,FB2411,20
102,119,102,110,82,130,return_crossing,return_crossing,1,0,20,1,3,FB2411,20
187,198,188,198,168,218,return_crossing,return_crossing,1,0,20,1,4,FB2411,20
294,301,294,301,274,301,seed_not_below_return_level,seed_not_below_return_level,0,1,20,1,5,FB2411,20
130,142,132,137,112,157,return_crossing,return_crossing,1,0,20,2,1,FB2411,20
279,286,281,283,261,301,return_crossing,return_crossing,1,0,20,3,1,FB2411,20
22,29,22,25,2,45,return_crossing,return_crossing,1,0,20,4,1,FB2411,20
199,203,200,202,180,222,return_crossing,return_crossing,1,0,20,4,2,FB2411,20
20,28,21,24,1,44,return_crossing,return_crossing,1,0,20,5,1,FB2411,20
128,142,129,134,109,154,return_crossing,return_crossing,1,0,20,6,1,FB2411,20
211,235,227,230,207,250,return_crossing,return_crossing,1,0,20,7,1,FB2411,20
180,187,184,186,164,206,return_crossing,return_crossing,1,0,20,8,1,FB2411,20
46,60,49,60,29,80,return_crossing,return_crossing,1,0,20,9,1,FB2411,20
192,208,199,203,179,223,return_crossing,return_crossing,1,0,20,9,2,FB2411,20
104,131,123,126,103,146,return_crossing,return_crossing,1,0,20,10,1,FB2411,20
71,77,72,74,52,94,return_crossing,return_crossing,1,0,20,11,1,FB2411,20
73,81,75,79,55,99,return_crossing,return_crossing,1,0,20,12,1,FB2411,20
242,252,243,245,223,265,return_crossing,return_crossing,1,0,20,13,1,FB2411,20
80,104,86,88,66,108,return_crossing,return_crossing,1,0,20,14,1,FB2411,20
131,156,140,142,120,162,return_crossing,return_crossing,1,0,20,15,1,FB2411,20
140,163,148,159,128,179,return_crossing,return_crossing,1,0,20,16,1,FB2411,20
139,159,143,146,123,166,return_crossing,return_crossing,1,0,20,17,1,FB2411,20
165,186,170,173,150,193,return_crossing,return_crossing,1,0,20,18,1,FB2411,20
206,218,211,214,191,234,return_crossing,return_crossing,1,0,20,19,1,FB2411,20
242,251,242,245,222,265,return_crossing,return_crossing,1,0,20,20,1,FB2411,20
1,4,1,4,1,26,seed_not_below_return_level,return_crossing,0,1,40,1,1,FB2411,40
48,66,48,52,27,77,return_crossing,return_crossing,1,0,40,1,2,FB2411,40
102,119,102,110,78,149,return_crossing,return_crossing,1,0,40,1,3,FB2411,40
187,198,188,198,150,238,return_crossing,return_crossing,1,0,40,1,4,FB2411,40
294,301,294,301,254,301,seed_not_below_return_level,seed_not_below_return_level,0,1,40,1,5,FB2411,40
130,142,132,137,92,177,return_crossing,return_crossing,1,0,40,2,1,FB2411,40
279,286,281,283,241,301,return_crossing,return_crossing,1,0,40,3,1,FB2411,40
22,29,22,25,1,65,return_crossing,return_crossing,1,0,40,4,1,FB2411,40
199,203,200,202,160,242,return_crossing,return_crossing,1,0,40,4,2,FB2411,40
20,28,21,24,1,64,return_crossing,return_crossing,1,0,40,5,1,FB2411,40
128,142,129,134,89,174,return_crossing,return_crossing,1,0,40,6,1,FB2411,40
211,235,227,230,187,270,return_crossing,return_crossing,1,0,40,7,1,FB2411,40
180,187,184,186,144,226,return_crossing,return_crossing,1,0,40,8,1,FB2411,40
46,60,49,60,9,100,return_crossing,return_crossing,1,0,40,9,1,FB2411,40
192,208,199,203,159,243,return_crossing,return_crossing,1,0,40,9,2,FB2411,40
104,131,123,126,83,166,return_crossing,return_crossing,1,0,40,10,1,FB2411,40
71,77,72,74,32,114,return_crossing,return_crossing,1,0,40,11,1,FB2411,40
73,81,75,79,35,119,return_crossing,return_crossing,1,0,40,12,1,FB2411,40
242,252,243,245,203,285,return_crossing,return_crossing,1,0,40,13,1,FB2411,40
80,104,86,88,46,128,return_crossing,return_crossing,1,0,40,14,1,FB2411,40
131,156,140,142,100,182,return_crossing,return_crossing,1,0,40,15,1,FB2411,40
140,163,148,159,108,199,return_crossing,return_crossing,1,0,40,16,1,FB2411,40
139,159,143,146,103,186,return_crossing,return_crossing,1,0,40,17,1,FB2411,40
165,186,170,173,130,213,return_crossing,return_crossing,1,0,40,18,1,FB2411,40
206,218,211,214,171,254,return_crossing,return_crossing,1,0,40,19,1,FB2411,40
242,251,242,245,202,285,return_crossing,return_crossing,1,0,40,20,1,FB2411,40
