Session,SinkID,EventID,NativeStartFrame,NativeEndFrame,StartFrame,EndFrame,DurationSec,TimingSearchStartFrame,TimingSearchEndFrame,TimingMaxExtensionFrames,StartBoundaryStatus,EndBoundaryStatus,TimingResolved,NativeTraceCrossesReturnLevel,BaselineStatus,BaselineValidSamples,NormOxySinkAmp,EventArea_um2
M400-01-baseline-awake,1,1,5,8,5,8,4,1,28,20,seed_not_below_return_level,seed_not_below_return_level,0,1,insufficient_clean_prebaseline,4,NaN,5454.484375
M400-01-baseline-awake,1,2,436,440,431,457,27,416,460,20,return_crossing,return_crossing,1,0,valid,20,0.0526120470218696,13957.1625
M400-01-baseline-awake,1,3,582,600,578,600,23,562,600,20,return_crossing,recording_boundary_unresolved,0,1,valid,20,0.0833950136780547,7672.4375
M400-01-baseline-awake,2,1,2,8,2,8,7,1,21,20,seed_not_below_return_level,return_crossing,0,1,insufficient_clean_prebaseline,1,NaN,11906.5535714286
M400-01-baseline-awake,2,2,35,39,31,44,14,22,59,20,return_crossing,return_crossing,1,0,valid,20,0.0529562415663814,3758.9125
M400-01-baseline-awake,2,3,287,289,277,291,15,267,309,20,return_crossing,return_crossing,1,0,valid,20,0.0746025662547947,5054
M400-01-baseline-awake,3,1,4,16,4,17,14,1,36,20,seed_not_below_return_level,return_crossing,0,1,insufficient_clean_prebaseline,3,NaN,6770.48557692308
M400-01-baseline-awake,3,2,244,256,242,257,16,224,276,20,return_crossing,return_crossing,1,0,valid,20,0.059554172681421,12020.6057692308
M400-01-baseline-awake,3,3,457,461,456,461,6,437,481,20,return_crossing,return_crossing,1,0,valid,20,0.113069113800594,7689.3
M400-01-baseline-awake,4,1,18,46,17,53,37,1,66,20,return_crossing,return_crossing,0,1,insufficient_clean_prebaseline,16,NaN,27784.5517241379
M400-01-baseline-awake,4,2,219,227,219,227,9,199,239,20,return_crossing,seed_not_below_return_level,0,1,insufficient_clean_prebaseline,19,NaN,11065.6527777778
M400-01-baseline-awake,4,3,252,332,252,332,81,240,352,20,seed_not_below_return_level,seed_not_below_return_level,0,1,insufficient_clean_prebaseline,13,NaN,17015.4675925926
M400-01-baseline-awake,4,4,405,408,403,408,6,385,428,20,return_crossing,return_crossing,1,0,insufficient_clean_prebaseline,15,NaN,4213.546875
M400-01-baseline-awake,4,5,482,486,481,486,6,462,506,20,return_crossing,return_crossing,1,0,valid,20,0.0880163783680621,5739.9
M400-01-baseline-awake,4,6,546,549,546,550,5,526,564,20,return_crossing,return_crossing,1,0,valid,20,0.0721335432811552,6176.484375
M400-01-baseline-awake,4,7,580,600,580,600,21,565,600,20,seed_not_below_return_level,seed_not_below_return_level,0,1,insufficient_clean_prebaseline,19,NaN,17542.880952381
M400-01-baseline-awake,5,1,23,33,14,37,24,3,53,20,return_crossing,return_crossing,1,0,insufficient_clean_prebaseline,13,NaN,10048.5170454545
M400-01-baseline-awake,5,2,90,108,90,108,19,70,128,20,seed_not_below_return_level,return_crossing,0,1,insufficient_clean_prebaseline,6,NaN,9121.1875
M400-01-baseline-awake,6,1,28,30,14,40,27,8,50,20,return_crossing,return_crossing,1,0,insufficient_clean_prebaseline,13,NaN,7859.27083333333
M400-01-baseline-awake,6,2,125,128,123,131,9,105,148,20,return_crossing,return_crossing,1,0,valid,20,0.0826897877810023,13385.203125
M400-01-baseline-awake,7,1,11,13,11,14,4,1,33,20,return_crossing,return_crossing,1,0,insufficient_clean_prebaseline,10,NaN,4903.58333333333
M400-01-baseline-awake,7,2,102,104,95,105,11,82,114,20,return_crossing,return_crossing,1,0,valid,20,0.10869987895057,8438.375
M400-01-baseline-awake,7,3,124,130,122,131,10,115,150,20,return_crossing,return_crossing,1,0,insufficient_clean_prebaseline,17,NaN,8966.98214285714
M400-01-baseline-awake,7,4,199,208,194,208,15,179,226,20,return_crossing,return_crossing,1,0,valid,20,0.0844570288021909,11779.88125
M400-01-baseline-awake,7,5,245,254,241,254,14,227,274,20,return_crossing,return_crossing,1,0,insufficient_clean_prebaseline,19,NaN,7242.5625
M400-01-baseline-awake,7,6,335,347,318,347,30,315,367,20,return_crossing,return_crossing,1,0,valid,20,0.086086702474324,7672.98557692308
M400-01-baseline-awake,7,7,394,399,374,401,28,374,419,20,return_crossing,return_crossing,1,0,valid,20,0.0977135715762003,8141.30208333333
M400-01-baseline-awake,7,8,567,570,557,570,14,547,590,20,return_crossing,return_crossing,1,0,insufficient_clean_prebaseline,18,NaN,11817.109375
M400-01-baseline-awake,8,1,157,160,155,167,13,137,180,20,return_crossing,return_crossing,1,0,valid,20,0.102103561074712,6870.28125
M400-01-baseline-awake,8,2,232,234,229,240,12,212,254,20,return_crossing,return_crossing,1,0,valid,20,0.128313550939664,6663.45833333333
M400-01-baseline-awake,8,3,488,500,486,500,15,468,520,20,return_crossing,return_crossing,1,0,insufficient_clean_prebaseline,17,NaN,9479.72115384615
M400-01-baseline-awake,9,1,225,242,220,243,24,205,262,20,return_crossing,return_crossing,1,0,valid,20,0.132750311938821,26048.40625
M400-01-baseline-awake,9,2,361,371,354,374,21,341,391,20,return_crossing,return_crossing,1,0,valid,20,0.131592173581437,13613.3920454545
M400-01-baseline-awake,9,3,454,458,451,460,10,434,478,20,return_crossing,return_crossing,1,0,insufficient_clean_prebaseline,18,NaN,5202.9125
M400-01-baseline-awake,10,1,28,39,18,41,24,8,59,20,return_crossing,return_crossing,1,0,insufficient_clean_prebaseline,17,NaN,15573.765625
M400-01-baseline-awake,10,2,98,103,94,106,13,78,123,20,return_crossing,return_crossing,1,0,valid,20,0.0641619192083891,8607.59375
M400-01-baseline-awake,10,3,226,232,220,233,14,206,252,20,return_crossing,return_crossing,1,0,valid,20,0.116842287021958,9643.85714285714
M400-01-baseline-awake,10,4,394,399,381,402,22,374,419,20,return_crossing,return_crossing,1,0,valid,20,0.0786114553871251,13759.3645833333
M400-01-baseline-awake,10,5,448,451,446,461,16,428,471,20,return_crossing,return_crossing,1,0,valid,20,0.0662141188425231,5031.4375
M400-01-baseline-awake,10,6,592,596,588,596,9,572,600,20,return_crossing,seed_not_below_return_level,0,1,valid,20,0.0714568125134175,8397.7625
M400-01-baseline-awake,11,1,85,96,82,97,16,65,116,20,return_crossing,return_crossing,1,0,valid,20,0.0448373423896056,15475.9947916667
M400-01-baseline-awake,11,2,312,315,311,315,5,292,335,20,return_crossing,return_crossing,1,0,valid,20,0.107800966377837,3976.640625
M400-01-baseline-awake,11,3,399,401,393,403,11,379,421,20,return_crossing,return_crossing,1,0,valid,20,0.0852913129140532,4497.45833333333
M400-01-baseline-awake,11,4,472,475,468,477,10,452,495,20,return_crossing,return_crossing,1,0,valid,20,0.0553172926957852,9809.046875
M400-01-baseline-awake,11,5,533,536,531,546,16,513,556,20,return_crossing,return_crossing,1,0,valid,20,0.070253046009837,7084.625
M400-01-baseline-awake,12,1,41,43,41,47,7,21,63,20,seed_not_below_return_level,return_crossing,0,1,valid,20,0.0521229135025378,7129.75
M400-01-baseline-awake,12,2,465,471,453,473,21,445,491,20,return_crossing,return_crossing,1,0,valid,20,0.078199580371744,17911.4017857143
M400-01-baseline-awake,13,1,109,124,107,124,18,89,144,20,return_crossing,seed_not_below_return_level,0,1,valid,20,0.105562169477779,26056.8671875
M400-01-baseline-awake,13,2,312,324,311,324,14,292,344,20,return_crossing,return_crossing,1,0,valid,20,0.101659251871197,12789.4663461538
M400-01-baseline-awake,13,3,365,369,349,372,24,345,389,20,return_crossing,return_crossing,1,0,valid,20,0.0495553378541712,2702.9875
M400-01-baseline-awake,13,4,507,511,504,512,9,487,531,20,return_crossing,return_crossing,1,0,valid,20,0.0885473231517575,8573.75
M400-01-baseline-awake,14,1,67,76,66,76,11,47,91,20,return_crossing,return_crossing,1,0,insufficient_clean_prebaseline,17,NaN,18307.2125
M400-01-baseline-awake,14,2,107,109,106,113,8,92,129,20,return_crossing,return_crossing,1,0,valid,20,0.141228742071921,25976.9583333333
M400-01-baseline-awake,14,3,211,219,209,221,13,191,239,20,return_crossing,return_crossing,1,0,insufficient_clean_prebaseline,19,NaN,24116.8055555556
M400-01-baseline-awake,14,4,292,296,292,297,6,272,316,20,return_crossing,return_crossing,1,0,valid,20,0.116733496932886,17995.85
M400-01-baseline-awake,14,5,349,358,348,361,14,329,378,20,return_crossing,return_crossing,1,0,insufficient_clean_prebaseline,18,NaN,18756.20625
M400-01-baseline-awake,14,6,404,409,403,411,9,384,429,20,return_crossing,return_crossing,1,0,insufficient_clean_prebaseline,18,NaN,18937.4583333333
M400-01-baseline-awake,14,7,480,485,480,486,7,460,499,20,return_crossing,return_crossing,1,0,valid,20,0.119210808483312,14248.21875
M400-01-baseline-awake,14,8,513,515,512,516,5,500,530,20,return_crossing,return_crossing,1,0,valid,20,0.105889870403972,13913.5416666667
M400-01-baseline-awake,14,9,546,550,546,552,7,531,561,20,return_crossing,return_crossing,1,0,valid,20,0.140914627885188,24850.3375
M400-01-baseline-awake,14,10,572,575,571,579,9,562,595,20,return_crossing,return_crossing,1,0,valid,20,0.0959083048788328,23792.15625
M400-01-baseline-awake,15,1,57,76,44,76,33,37,91,20,return_crossing,seed_not_below_return_level,0,1,insufficient_clean_prebaseline,10,NaN,10761.184375
M400-01-baseline-awake,15,2,106,108,106,112,7,92,128,20,return_crossing,return_crossing,1,0,valid,20,0.109396076859148,7347.85416666667
M400-01-baseline-awake,15,3,189,191,188,192,5,169,211,20,return_crossing,return_crossing,1,0,valid,20,0.0919457803715657,5294.66666666667
M400-01-baseline-awake,15,4,405,412,404,426,23,385,432,20,return_crossing,return_crossing,1,0,insufficient_clean_prebaseline,16,NaN,19268.375
M400-01-baseline-awake,15,5,479,482,479,482,4,459,497,20,seed_not_below_return_level,return_crossing,0,1,valid,20,0.0827672578613658,10113.640625
M400-01-baseline-awake,15,6,512,514,512,514,3,498,530,20,return_crossing,return_crossing,1,0,valid,20,0.0837947526602576,6340.0625
M400-01-baseline-awake,15,7,546,548,546,549,4,531,568,20,return_crossing,return_crossing,1,0,insufficient_clean_prebaseline,18,NaN,9446.16666666667
M400-01-baseline-awake,16,1,49,55,43,56,14,29,75,20,return_crossing,return_crossing,1,0,insufficient_clean_prebaseline,14,NaN,8763.91964285714
M400-01-baseline-awake,16,2,234,240,219,241,23,214,260,20,return_crossing,return_crossing,1,0,valid,20,0.12246683156671,11229.6785714286
M400-01-baseline-awake,17,1,70,80,51,81,31,50,100,20,return_crossing,return_crossing,1,0,valid,20,0.0695612201196393,10103.8977272727
M400-01-baseline-awake,17,2,301,304,301,304,4,281,324,20,seed_not_below_return_level,seed_not_below_return_level,0,1,valid,20,0.0850990218686261,5195.015625
M400-01-baseline-awake,17,3,360,371,351,377,27,340,391,20,return_crossing,return_crossing,1,0,insufficient_clean_prebaseline,10,NaN,5507.13020833333
M400-01-baseline-awake,17,4,488,519,469,519,51,468,537,20,return_crossing,seed_not_below_return_level,0,1,insufficient_clean_prebaseline,9,NaN,7427.29296875
M400-01-baseline-awake,17,5,555,557,553,565,13,538,577,20,return_crossing,return_crossing,1,0,valid,20,0.0728605636397127,9070.125
M400-01-baseline-awake,18,1,71,78,60,78,19,51,95,20,return_crossing,return_crossing,1,0,valid,20,0.0246527714312985,5587.0390625
M400-01-baseline-awake,18,2,113,115,110,117,8,96,135,20,return_crossing,return_crossing,1,0,valid,20,0.0465416751501818,8588.79166666667
M400-01-baseline-awake,18,3,263,266,261,266,6,243,281,20,return_crossing,return_crossing,1,0,valid,20,0.0767672415768702,7693.8125
M400-01-baseline-awake,18,4,297,301,297,302,6,282,312,20,return_crossing,return_crossing,1,0,valid,20,0.0476779228807666,6791.3125
M400-01-baseline-awake,18,5,324,333,314,353,40,313,353,20,return_crossing,return_crossing,1,0,insufficient_clean_prebaseline,5,NaN,8020.96875
M400-01-baseline-awake,18,6,483,486,482,498,17,463,506,20,return_crossing,return_crossing,1,0,valid,20,0.0917760732149846,8844.5
M400-01-baseline-awake,18,7,537,542,537,542,6,517,562,20,seed_not_below_return_level,seed_not_below_return_level,0,1,valid,20,0.0728090886698026,4429.77083333333
M400-01-baseline-awake,19,1,471,478,468,480,13,451,498,20,return_crossing,return_crossing,1,0,insufficient_clean_prebaseline,8,NaN,23555.25
M400-01-baseline-awake,20,1,54,56,44,63,20,34,76,20,return_crossing,return_crossing,1,0,valid,20,0.074804153945675,9574.02083333333
M400-01-baseline-awake,21,1,55,57,46,60,15,35,77,20,return_crossing,return_crossing,1,0,valid,20,0.141646312350302,4512.5
M400-01-baseline-awake,22,1,71,76,71,83,13,51,96,20,search_limit_unresolved,return_crossing,0,0,valid,20,0.0299099210936713,4636.59375
M400-01-baseline-awake,22,2,369,371,356,377,22,349,391,20,return_crossing,return_crossing,1,0,valid,20,0.0941914914815183,4016.125
M400-01-baseline-awake,22,3,488,512,483,520,38,468,532,20,return_crossing,return_crossing,1,0,valid,20,0.0741714091879247,5573.84
M400-01-baseline-awake,23,1,136,146,133,153,21,116,166,20,return_crossing,return_crossing,1,0,valid,20,0.0971542118308709,7299.99431818182
M400-01-baseline-awake,23,2,216,223,214,223,10,196,234,20,return_crossing,search_limit_unresolved,0,0,insufficient_clean_prebaseline,6,NaN,6599.53125
M400-01-baseline-awake,23,3,245,257,245,270,26,235,277,20,search_limit_unresolved,return_crossing,0,1,valid,20,0.0392733581552427,5345.57692307692
M400-01-baseline-awake,23,4,357,368,346,368,23,337,388,20,return_crossing,search_limit_unresolved,0,0,insufficient_clean_prebaseline,11,NaN,5503.36979166667
M400-01-baseline-awake,23,5,500,531,500,531,32,480,542,20,seed_not_below_return_level,seed_not_below_return_level,0,1,valid,20,0.0988866801166102,15075.98046875
M400-01-baseline-awake,23,6,553,557,553,558,6,543,577,20,seed_not_below_return_level,return_crossing,0,1,insufficient_clean_prebaseline,9,NaN,9300.2625
M400-01-baseline-awake,24,1,61,63,59,72,14,41,83,20,return_crossing,return_crossing,1,0,valid,20,0.0628294688797336,4948.70833333333
M400-01-baseline-awake,25,1,519,545,518,545,28,499,565,20,return_crossing,return_crossing,1,0,valid,20,0.0901252364053499,19539.125
M400-01-baseline-awake,26,1,94,96,83,108,26,74,116,20,return_crossing,return_crossing,1,0,valid,20,0.0535024820739106,3564.875
M400-01-baseline-awake,27,1,449,461,432,461,30,429,481,20,return_crossing,return_crossing,1,0,valid,20,0.0847525658198724,11749.8557692308
M400-01-baseline-awake,28,1,102,105,95,111,17,82,125,20,return_crossing,return_crossing,1,0,valid,20,0.0716997174086621,5990.34375
M400-01-baseline-awake,28,2,542,545,542,546,5,522,565,20,search_limit_unresolved,return_crossing,0,0,valid,20,0.0296406961705512,10311.0625
M400-01-baseline-awake,29,1,285,287,276,290,15,265,307,20,return_crossing,return_crossing,1,0,valid,20,0.0758581846208571,3106.10416666667
M400-01-baseline-awake,30,1,137,142,117,151,35,117,162,20,return_crossing,return_crossing,1,0,valid,20,0.0765943052281721,4670.4375
M400-01-baseline-awake,31,1,141,143,139,150,12,121,163,20,return_crossing,return_crossing,1,0,valid,20,0.0484491357854662,5309.70833333333
M400-01-baseline-awake,32,1,142,145,122,164,43,122,165,20,return_crossing,return_crossing,1,0,valid,20,0.125240504888868,3705.890625
M400-01-baseline-awake,33,1,138,147,137,162,26,118,167,20,return_crossing,return_crossing,0,1,insufficient_clean_prebaseline,15,NaN,10473.5125
M400-01-baseline-awake,34,1,159,161,156,165,10,139,181,20,return_crossing,return_crossing,1,0,valid,20,0.110599744087176,3218.91666666667
M400-01-baseline-awake,34,2,212,218,209,222,14,192,238,20,return_crossing,return_crossing,1,0,insufficient_clean_prebaseline,11,NaN,6707.50892857143
M400-01-baseline-awake,34,3,258,264,256,265,10,239,284,20,return_crossing,return_crossing,1,0,valid,20,0.117199155983401,8638.21428571428
M400-01-baseline-awake,34,4,356,374,349,379,31,336,394,20,return_crossing,return_crossing,1,0,insufficient_clean_prebaseline,14,NaN,6925.5
M400-01-baseline-awake,34,5,577,579,576,580,5,557,599,20,return_crossing,return_crossing,1,0,valid,20,0.0774106110734643,3226.4375
M400-01-baseline-awake,35,1,180,184,179,187,9,160,204,20,return_crossing,return_crossing,1,0,valid,20,0.0563443810392319,5424.025
M400-01-baseline-awake,36,1,183,189,182,193,12,163,209,20,return_crossing,return_crossing,1,0,valid,20,0.06627663150481,7374.71428571429
M400-01-baseline-awake,37,1,193,196,192,198,7,173,216,20,return_crossing,return_crossing,1,0,valid,20,0.0671014772429136,5364.234375
M400-01-baseline-awake,38,1,194,196,192,208,17,174,216,20,return_crossing,return_crossing,1,0,valid,20,0.0724148061104583,3767.9375
M400-01-baseline-awake,38,2,426,428,409,434,26,406,448,20,return_crossing,return_crossing,1,0,insufficient_clean_prebaseline,16,NaN,6655.9375
M400-01-baseline-awake,39,1,449,454,433,464,32,429,474,20,return_crossing,return_crossing,1,0,valid,20,0.0845921357576156,9634.1875
M400-01-baseline-awake,40,1,209,211,207,213,7,189,231,20,return_crossing,return_crossing,1,0,valid,20,0.0742956552988691,13304.3541666667
M400-01-baseline-awake,41,1,232,234,223,234,12,212,254,20,return_crossing,search_limit_unresolved,0,0,valid,20,0.109283309123975,5347.3125
M400-01-baseline-awake,42,1,280,290,277,291,15,260,310,20,return_crossing,return_crossing,1,0,valid,20,0.0565797518466758,10479.2556818182
M400-01-baseline-awake,42,2,398,404,395,408,14,378,421,20,return_crossing,return_crossing,1,0,valid,20,0.129777640481109,8035.47321428571
M400-01-baseline-awake,42,3,438,441,431,441,11,422,451,20,return_crossing,search_limit_unresolved,0,0,valid,20,0.0594254829909181,6712.34375
M400-01-baseline-awake,42,4,461,463,461,464,4,452,483,20,search_limit_unresolved,return_crossing,0,0,insufficient_clean_prebaseline,19,NaN,4580.1875
M400-01-baseline-awake,42,5,572,574,568,576,9,552,594,20,return_crossing,return_crossing,1,0,valid,20,0.105212817801109,4956.22916666667
M400-01-baseline-awake,43,1,269,279,264,286,23,249,299,20,return_crossing,return_crossing,1,0,valid,20,0.0610542653327578,15775.2897727273
M400-01-baseline-awake,44,1,297,311,295,311,17,277,331,20,return_crossing,search_limit_unresolved,0,0,valid,20,0.0648614002621638,9676.30416666667
M400-01-baseline-awake,45,1,307,309,297,311,15,287,329,20,return_crossing,return_crossing,1,0,valid,20,0.076787425860447,4384.64583333333
M400-01-baseline-awake,46,1,351,358,342,360,19,331,378,20,return_crossing,return_crossing,1,0,valid,20,0.15676518520653,7812.265625
M400-01-baseline-awake,47,1,339,341,331,349,19,319,361,20,return_crossing,return_crossing,1,0,valid,20,0.0871107283178816,8257.875
M400-01-baseline-awake,48,1,370,372,355,374,20,350,392,20,return_crossing,return_crossing,1,0,valid,20,0.125556365028636,11063.1458333333
M400-01-baseline-awake,49,1,421,428,421,435,15,401,448,20,search_limit_unresolved,return_crossing,0,0,valid,20,0.000686004429319714,20664.4296875
M400-01-baseline-awake,50,1,404,406,394,409,16,384,426,20,return_crossing,return_crossing,1,0,valid,20,0.108104597920311,3346.77083333333
M400-01-baseline-awake,51,1,411,413,404,417,14,391,433,20,return_crossing,return_crossing,1,0,insufficient_clean_prebaseline,16,NaN,5339.79166666667
M400-01-baseline-awake,52,1,412,414,404,426,23,392,434,20,return_crossing,return_crossing,1,0,valid,20,0.113668069641335,4121.41666666667
M400-01-baseline-awake,53,1,456,458,454,468,15,436,478,20,return_crossing,return_crossing,1,0,valid,20,0.086379781379886,3918.35416666667
M400-01-baseline-awake,54,1,468,470,467,472,6,448,490,20,return_crossing,return_crossing,1,0,valid,20,0.0724001151631924,5415
M400-01-baseline-awake,55,1,488,490,486,499,14,468,510,20,return_crossing,return_crossing,1,0,valid,20,0.100446715729983,3489.66666666667
M400-01-baseline-awake,56,1,549,567,535,567,33,529,587,20,return_crossing,return_crossing,0,1,valid,20,0.0349744484005919,10597.25
M400-03-baseline-iso,1,1,7,9,6,11,6,1,29,20,return_crossing,return_crossing,1,0,insufficient_clean_prebaseline,5,NaN,4023.64583333333
M400-03-baseline-iso,2,1,573,575,572,578,7,553,595,20,return_crossing,return_crossing,1,0,valid,20,0.0389205206808102,6377.66666666667
M400-03-baseline-iso,3,1,39,43,26,43,18,19,63,20,return_crossing,seed_not_below_return_level,0,1,valid,20,0.0380354934077002,15374.0875
M400-03-baseline-iso,3,2,173,176,165,176,12,153,196,20,return_crossing,seed_not_below_return_level,0,1,valid,20,0.0517691789939027,7180.515625
M400-03-baseline-iso,3,3,246,248,246,250,5,226,268,20,seed_not_below_return_level,return_crossing,0,1,valid,20,0.049557046825658,9175.41666666667
M400-03-baseline-iso,3,4,296,298,296,298,3,276,318,20,seed_not_below_return_level,seed_not_below_return_level,0,1,valid,20,0.0467138795902232,4399.6875
M400-03-baseline-iso,3,5,356,360,352,360,9,336,380,20,return_crossing,return_crossing,1,0,valid,20,0.056327625727014,3998.075
M400-03-baseline-iso,3,6,501,503,500,504,5,481,523,20,return_crossing,return_crossing,1,0,valid,20,0.0683728789807051,3391.89583333333
M400-03-baseline-iso,3,7,565,569,565,569,5,545,589,20,seed_not_below_return_level,seed_not_below_return_level,0,1,valid,20,0.0580871580437048,4977.2875
M400-03-baseline-iso,4,1,11,13,10,13,4,1,33,20,return_crossing,seed_not_below_return_level,0,1,insufficient_clean_prebaseline,9,NaN,3414.45833333333
M400-03-baseline-iso,4,2,254,258,250,258,9,234,268,20,return_crossing,return_crossing,1,0,valid,20,0.0539632035269093,14868.6875
M400-03-baseline-iso,4,3,278,280,278,282,5,269,300,20,seed_not_below_return_level,return_crossing,0,1,insufficient_clean_prebaseline,18,NaN,6776.27083333333
M400-03-baseline-iso,4,4,364,366,364,367,4,344,386,20,seed_not_below_return_level,return_crossing,0,1,valid,20,0.0381112909568774,7069.58333333333
M400-03-baseline-iso,4,5,593,595,593,595,3,573,600,20,seed_not_below_return_level,seed_not_below_return_level,0,1,valid,20,0.0382822823981473,8167.625
M400-03-baseline-iso,5,1,497,499,490,499,10,477,519,20,return_crossing,search_limit_unresolved,0,0,insufficient_clean_prebaseline,18,NaN,10198.25
M400-03-baseline-iso,6,1,14,16,13,16,4,1,36,20,return_crossing,return_crossing,1,0,insufficient_clean_prebaseline,12,NaN,6956.77083333333
M400-03-baseline-iso,6,2,185,190,185,195,11,165,210,20,search_limit_unresolved,return_crossing,0,0,insufficient_clean_prebaseline,18,NaN,5633.10416666667
M400-03-baseline-iso,6,3,231,233,231,233,3,211,253,20,seed_not_below_return_level,seed_not_below_return_level,0,1,valid,20,0.0971992939786517,3218.91666666667
M400-03-baseline-iso,6,4,406,408,401,408,8,386,418,20,return_crossing,return_crossing,1,0,valid,20,0.056041873477123,5512.77083333333
M400-03-baseline-iso,6,5,428,430,422,431,10,419,450,20,return_crossing,return_crossing,1,0,insufficient_clean_prebaseline,17,NaN,8746.72916666667
M400-03-baseline-iso,7,1,18,20,17,21,5,1,40,20,return_crossing,return_crossing,1,0,insufficient_clean_prebaseline,16,NaN,5505.25
M400-03-baseline-iso,8,1,238,240,237,245,9,218,260,20,return_crossing,return_crossing,1,0,valid,20,0.0556106865450325,8806.89583333333
M400-03-baseline-iso,8,2,577,579,573,580,8,557,599,20,return_crossing,return_crossing,1,0,valid,20,0.0563445312858099,7287.6875
M400-03-baseline-iso,9,1,215,217,214,219,6,195,237,20,return_crossing,return_crossing,1,0,valid,20,0.081116345111433,6678.5
M400-03-baseline-iso,9,2,582,584,581,587,7,562,600,20,return_crossing,return_crossing,1,0,valid,20,0.0605844707504983,4482.41666666667
M400-03-baseline-iso,10,1,22,25,20,25,6,2,45,20,return_crossing,seed_not_below_return_level,0,1,insufficient_clean_prebaseline,19,NaN,4202.265625
M400-03-baseline-iso,10,2,216,219,216,219,4,196,239,20,return_crossing,return_crossing,1,0,valid,20,0.0376133976098448,6616.453125
M400-03-baseline-iso,11,1,24,26,23,36,14,4,46,20,return_crossing,return_crossing,1,0,valid,20,0.0431987526762661,5610.54166666667
M400-03-baseline-iso,12,1,25,27,24,38,15,5,47,20,return_crossing,return_crossing,1,0,valid,20,0.0552149208693139,3497.1875
M400-03-baseline-iso,13,1,32,38,28,42,15,12,58,20,return_crossing,return_crossing,1,0,valid,20,0.0474123151701159,5908.15178571429
M400-03-baseline-iso,14,1,33,35,25,37,13,13,55,20,return_crossing,return_crossing,1,0,insufficient_clean_prebaseline,19,NaN,6302.45833333333
M400-03-baseline-iso,14,2,171,174,165,189,25,151,194,20,return_crossing,return_crossing,1,0,valid,20,0.0364524861063864,4771.96875
M400-03-baseline-iso,15,1,185,187,181,188,8,165,207,20,return_crossing,return_crossing,1,0,insufficient_clean_prebaseline,16,NaN,6934.20833333333
M400-03-baseline-iso,15,2,351,354,350,359,10,331,374,20,return_crossing,return_crossing,1,0,valid,20,0.0569242693066956,3688.96875
M400-03-baseline-iso,16,1,524,526,517,528,12,504,546,20,return_crossing,return_crossing,1,0,valid,20,0.0604304851878216,3963.47916666667
M400-03-baseline-iso,17,1,89,100,88,106,19,69,120,20,return_crossing,return_crossing,1,0,valid,20,0.0491336651729021,5074.68229166667
M400-03-baseline-iso,18,1,326,331,320,341,22,306,351,20,return_crossing,return_crossing,1,0,valid,20,0.0471403348800084,14778.4375
M400-03-baseline-iso,19,1,43,45,42,47,6,23,65,20,return_crossing,return_crossing,1,0,valid,20,0.0292756472370211,2880.47916666667
M400-03-baseline-iso,20,1,46,48,46,54,9,26,68,20,return_crossing,return_crossing,1,0,valid,20,0.0153584653675712,7926.95833333333
M400-03-baseline-iso,20,2,205,207,202,211,10,185,227,20,return_crossing,return_crossing,1,0,valid,20,0.043196895180454,3121.14583333333
M400-03-baseline-iso,20,3,271,273,269,274,6,251,293,20,return_crossing,return_crossing,1,0,valid,20,0.0622911713572965,4001.08333333333
M400-03-baseline-iso,21,1,388,391,377,392,16,368,411,20,return_crossing,return_crossing,1,0,insufficient_clean_prebaseline,15,NaN,4991.953125
M400-03-baseline-iso,22,1,54,56,50,57,8,34,76,20,return_crossing,return_crossing,1,0,valid,20,0.0298584531178396,4708.04166666667
M400-03-baseline-iso,23,1,276,278,274,282,9,256,298,20,return_crossing,return_crossing,1,0,valid,20,0.0855458775885937,4098.85416666667
M400-03-baseline-iso,24,1,61,63,59,64,6,41,83,20,return_crossing,return_crossing,1,0,valid,20,0.0328842890870775,4294.39583333333
M400-03-baseline-iso,25,1,62,64,61,66,6,42,84,20,return_crossing,return_crossing,1,0,valid,20,0.0201150084099118,4384.64583333333
M400-03-baseline-iso,26,1,63,72,63,72,10,43,92,20,return_crossing,search_limit_unresolved,0,0,valid,20,0.0468733124527485,10965.375
M400-03-baseline-iso,26,2,267,269,267,272,6,247,289,20,return_crossing,return_crossing,1,0,valid,20,0.0570682559710156,4700.52083333333
M400-03-baseline-iso,26,3,445,447,445,456,12,425,467,20,return_crossing,return_crossing,1,0,valid,20,0.0345414483143703,4933.66666666667
M400-03-baseline-iso,26,4,583,585,579,586,8,563,600,20,return_crossing,return_crossing,1,0,valid,20,0.050878872803348,6212.20833333333
M400-03-baseline-iso,27,1,66,69,62,71,10,46,89,20,return_crossing,return_crossing,1,0,valid,20,0.0291572291566533,16070.140625
M400-03-baseline-iso,28,1,65,67,65,68,4,45,87,20,return_crossing,return_crossing,1,0,valid,20,0.0482154537288999,4347.04166666667
M400-03-baseline-iso,29,1,105,107,104,109,6,85,127,20,return_crossing,return_crossing,1,0,valid,20,0.0589781911787926,5986.58333333333
M400-03-baseline-iso,30,1,82,84,77,84,8,62,104,20,return_crossing,return_crossing,1,0,valid,20,0.0422170587925626,5745.91666666667
M400-03-baseline-iso,31,1,228,232,208,234,27,208,252,20,return_crossing,return_crossing,1,0,valid,20,0.057732215092427,3713.7875
M400-03-baseline-iso,32,1,82,86,80,97,18,62,106,20,return_crossing,return_crossing,1,0,valid,20,0.0528475050142832,5766.975
M400-03-baseline-iso,33,1,404,406,403,407,5,384,426,20,return_crossing,return_crossing,1,0,valid,20,0.0404055696618667,7317.77083333333
M400-03-baseline-iso,34,1,162,165,159,170,12,142,185,20,return_crossing,return_crossing,1,0,valid,20,0.0438389560058711,8105.578125
M400-03-baseline-iso,35,1,115,118,112,126,15,95,138,20,return_crossing,return_crossing,1,0,valid,20,0.0841592770508647,3440.78125
M400-03-baseline-iso,36,1,116,118,114,120,7,96,138,20,return_crossing,return_crossing,1,0,valid,20,0.0387553060527796,7911.91666666667
M400-03-baseline-iso,37,1,121,124,112,128,17,101,144,20,return_crossing,return_crossing,1,0,valid,20,0.0682003811598148,4698.640625
M400-03-baseline-iso,38,1,123,125,121,127,7,103,145,20,return_crossing,return_crossing,1,0,valid,20,0.0356165234174892,3324.20833333333
M400-03-baseline-iso,39,1,124,127,123,133,11,104,147,20,return_crossing,return_crossing,1,0,valid,20,0.0419233396569031,6108.796875
M400-03-baseline-iso,40,1,144,146,142,154,13,124,166,20,return_crossing,return_crossing,1,0,valid,20,0.0502513379411957,4835.89583333333
M400-03-baseline-iso,40,2,488,490,485,493,9,468,510,20,return_crossing,return_crossing,1,0,valid,20,0.050469019350313,7701.33333333333
M400-03-baseline-iso,41,1,163,169,161,177,17,143,189,20,return_crossing,return_crossing,1,0,valid,20,0.0325195629158218,4857.38392857143
M400-03-baseline-iso,41,2,218,220,218,223,6,198,240,20,search_limit_unresolved,return_crossing,0,0,valid,20,0.0202688903481624,10860.0833333333
M400-03-baseline-iso,41,3,344,346,343,347,5,324,366,20,return_crossing,return_crossing,1,0,valid,20,0.058527604322902,3226.4375
M400-03-baseline-iso,42,1,161,163,160,164,5,141,183,20,return_crossing,return_crossing,1,0,valid,20,0.0584149830217275,3091.0625
M400-03-baseline-iso,43,1,164,166,155,167,13,144,186,20,return_crossing,return_crossing,1,0,valid,20,0.0441941165553731,8340.60416666667
M400-03-baseline-iso,44,1,177,179,176,184,9,157,199,20,return_crossing,return_crossing,1,0,valid,20,0.0515734470557913,6174.60416666667
M400-03-baseline-iso,45,1,199,203,187,209,23,179,223,20,return_crossing,return_crossing,1,0,valid,20,0.0404538164519478,5712.825
M400-03-baseline-iso,46,1,223,225,223,227,5,203,245,20,return_crossing,return_crossing,1,0,valid,20,0.0518981589126803,4805.8125
M400-03-baseline-iso,46,2,273,275,272,277,6,253,295,20,return_crossing,return_crossing,1,0,insufficient_clean_prebaseline,18,NaN,5941.45833333333
M400-03-baseline-iso,47,1,527,529,527,532,6,507,549,20,return_crossing,return_crossing,1,0,valid,20,0.0627402107318094,4768.20833333333
M400-03-baseline-iso,48,1,298,301,297,302,6,278,321,20,return_crossing,return_crossing,1,0,valid,20,0.0541456931941271,4952.46875
M400-03-baseline-iso,49,1,306,308,303,311,9,286,328,20,return_crossing,return_crossing,1,0,valid,20,0.0580661327473715,5242.02083333333
M400-03-baseline-iso,50,1,356,361,350,362,13,336,381,20,return_crossing,return_crossing,1,0,valid,20,0.0492822520359768,3497.1875
M400-03-baseline-iso,51,1,355,357,352,362,11,335,377,20,return_crossing,return_crossing,1,0,valid,20,0.0551407743322544,4369.60416666667
M400-03-baseline-iso,52,1,362,364,362,366,5,342,384,20,return_crossing,return_crossing,1,0,valid,20,0.0564024077781345,5527.8125
M400-03-baseline-iso,53,1,363,365,362,366,5,343,385,20,return_crossing,return_crossing,1,0,valid,20,0.0498080165297599,3474.625
M400-03-baseline-iso,54,1,539,541,538,542,5,519,561,20,return_crossing,return_crossing,1,0,valid,20,0.0568833652007648,4708.04166666667
M400-03-baseline-iso,55,1,570,572,567,573,7,550,592,20,return_crossing,return_crossing,1,0,valid,20,0.051021607373705,3730.33333333333
M400-03-baseline-iso,56,1,581,583,577,586,10,561,600,20,return_crossing,return_crossing,1,0,valid,20,0.0426140018597924,4414.72916666667
M401-01-baseline-awake,1,1,1,6,1,6,6,1,26,20,seed_not_below_return_level,seed_not_below_return_level,0,1,insufficient_clean_prebaseline,0,NaN,5997.86458333333
M401-01-baseline-awake,1,2,130,140,119,148,30,110,160,20,return_crossing,return_crossing,1,0,valid,20,0.027726422583727,4994.51704545455
M401-01-baseline-awake,1,3,229,231,228,231,4,209,251,20,return_crossing,return_crossing,1,0,valid,20,0.0547593954600748,3361.8125
M401-01-baseline-awake,2,1,1,6,1,6,6,1,26,20,recording_boundary_unresolved,seed_not_below_return_level,0,1,insufficient_clean_prebaseline,0,NaN,4140.21875
M401-01-baseline-awake,3,1,1,7,1,7,7,1,27,20,seed_not_below_return_level,seed_not_below_return_level,0,1,insufficient_clean_prebaseline,0,NaN,4731.67857142857
M401-01-baseline-awake,4,1,1,3,1,3,3,1,23,20,seed_not_below_return_level,return_crossing,0,1,insufficient_clean_prebaseline,0,NaN,17929.6666666667
M401-01-baseline-awake,4,2,254,259,253,262,10,234,279,20,return_crossing,return_crossing,1,0,insufficient_clean_prebaseline,18,NaN,5666.94791666667
M401-01-baseline-awake,5,1,358,367,343,376,34,338,377,20,return_crossing,return_crossing,1,0,valid,20,0.0862683209486876,13025.33125
M401-01-baseline-awake,5,2,388,392,378,399,22,378,412,20,return_crossing,return_crossing,1,0,insufficient_clean_prebaseline,10,NaN,8063.8375
M401-01-baseline-awake,5,3,535,544,520,546,27,515,564,20,return_crossing,return_crossing,1,0,insufficient_clean_prebaseline,19,NaN,7784.0625
M401-01-baseline-awake,6,1,2,15,2,17,16,1,35,20,seed_not_below_return_level,return_crossing,0,1,insufficient_clean_prebaseline,0,NaN,10654.3348214286
M401-01-baseline-awake,6,2,201,203,194,203,10,181,222,20,return_crossing,seed_not_below_return_level,0,1,insufficient_clean_prebaseline,15,NaN,7385.45833333333
M401-01-baseline-awake,6,3,242,245,242,245,4,223,265,20,return_crossing,seed_not_below_return_level,0,1,valid,20,0.0227831156593189,3700.25
M401-01-baseline-awake,6,4,407,409,403,410,8,387,429,20,return_crossing,return_crossing,1,0,valid,20,0.0197959279635116,8671.52083333333
M401-01-baseline-awake,6,5,597,599,597,599,3,577,600,20,seed_not_below_return_level,recording_boundary_unresolved,0,1,valid,20,0.0706739932465299,9235.58333333333
M401-01-baseline-awake,7,1,8,12,8,12,5,1,32,20,seed_not_below_return_level,seed_not_below_return_level,0,1,insufficient_clean_prebaseline,7,NaN,4661.4125
M401-01-baseline-awake,7,2,143,153,142,153,12,123,173,20,return_crossing,return_crossing,1,0,valid,20,0.0492027547764611,6817.97727272727
M401-01-baseline-awake,7,3,206,210,206,210,5,186,227,20,return_crossing,return_crossing,1,0,valid,20,0.0221336847208581,5044.975
M401-01-baseline-awake,7,4,244,248,242,255,14,228,268,20,return_crossing,return_crossing,1,0,valid,20,0.0449948447937533,6272.375
M401-01-baseline-awake,7,5,413,415,412,417,6,393,435,20,return_crossing,return_crossing,1,0,valid,20,0.0407398513490805,7799.10416666667
M401-01-baseline-awake,7,6,579,582,572,591,20,559,600,20,return_crossing,return_crossing,1,0,valid,20,0.0365905874964829,11670.453125
M401-01-baseline-awake,8,1,4,6,4,6,3,1,26,20,seed_not_below_return_level,return_crossing,0,1,insufficient_clean_prebaseline,3,NaN,5309.70833333333
M401-01-baseline-awake,9,1,212,263,212,263,52,192,283,20,return_crossing,return_crossing,1,0,valid,20,0.0539055406719028,21614.0072115385
M401-01-baseline-awake,9,2,458,462,457,463,7,438,479,20,return_crossing,return_crossing,1,0,valid,20,0.109067127394915,6367.1375
M401-01-baseline-awake,9,3,497,500,497,500,4,480,520,20,return_crossing,return_crossing,1,0,valid,20,0.0415839714632279,4027.40625
M401-01-baseline-awake,10,1,330,346,330,354,25,310,366,20,return_crossing,return_crossing,0,1,valid,20,0.0715586637227637,25131.9705882353
M401-01-baseline-awake,10,2,598,600,598,600,3,578,600,20,return_crossing,recording_boundary_unresolved,0,0,valid,20,0.0820807403147353,5971.54166666667
M401-01-baseline-awake,11,1,17,19,17,19,3,1,39,20,return_crossing,return_crossing,1,0,insufficient_clean_prebaseline,16,NaN,3316.6875
M401-01-baseline-awake,12,1,38,40,38,40,3,18,60,20,seed_not_below_return_level,seed_not_below_return_level,0,1,valid,20,-0.000688140271757087,7543.39583333333
M401-01-baseline-awake,12,2,249,266,249,266,18,229,280,20,seed_not_below_return_level,search_limit_unresolved,0,1,insufficient_clean_prebaseline,17,NaN,16845.4131944444
M401-01-baseline-awake,12,3,294,302,287,302,16,281,313,20,return_crossing,seed_not_below_return_level,0,1,valid,20,0.0455901702449903,10727.2152777778
M401-01-baseline-awake,12,4,325,329,325,329,5,314,349,20,seed_not_below_return_level,seed_not_below_return_level,0,1,valid,20,0.0357660705654904,9002.4375
M401-01-baseline-awake,12,5,587,591,581,591,11,567,600,20,return_crossing,seed_not_below_return_level,0,1,valid,20,0.0512527004133352,8488.0125
M401-01-baseline-awake,13,1,252,254,251,254,4,232,274,20,return_crossing,return_crossing,1,0,valid,20,0.0637406969465117,6309.97916666667
M401-01-baseline-awake,14,1,379,387,378,393,16,359,407,20,return_crossing,return_crossing,1,0,valid,20,0.0897572732771726,6430.3125
M401-01-baseline-awake,14,2,433,435,431,440,10,413,455,20,return_crossing,return_crossing,1,0,valid,20,0.100752264267494,9716.91666666667
M401-01-baseline-awake,15,1,246,251,243,251,9,226,271,20,return_crossing,search_limit_unresolved,0,0,valid,20,0.0678947611212769,7859.27083333333
M401-01-baseline-awake,15,2,505,508,497,510,14,485,528,20,return_crossing,return_crossing,1,0,valid,20,0.0897767645801636,3948.4375
M401-01-baseline-awake,16,1,28,30,27,31,5,8,50,20,return_crossing,return_crossing,1,0,valid,20,0.0459428334561842,3166.27083333333
M401-01-baseline-awake,17,1,35,37,30,37,8,15,57,20,return_crossing,return_crossing,1,0,valid,20,0.0103211173793838,6490.47916666667
M401-01-baseline-awake,18,1,39,41,33,43,11,19,61,20,return_crossing,return_crossing,1,0,valid,20,0.0431658309314911,3294.125
M401-01-baseline-awake,19,1,266,269,256,287,32,246,289,20,return_crossing,return_crossing,1,0,valid,20,0.0738989932206819,6932.328125
M401-01-baseline-awake,19,2,579,582,579,590,12,559,600,20,return_crossing,return_crossing,1,0,valid,20,0.0629727992652248,5922.65625
M401-01-baseline-awake,20,1,56,67,56,68,13,36,87,20,seed_not_below_return_level,return_crossing,0,1,insufficient_clean_prebaseline,18,NaN,5087.84375
M401-01-baseline-awake,20,2,238,240,221,240,20,218,260,20,return_crossing,search_limit_unresolved,0,0,valid,20,0.0645455256866907,6197.16666666667
M401-01-baseline-awake,21,1,176,180,158,180,23,156,200,20,return_crossing,search_limit_unresolved,0,0,valid,20,0.0593506013353342,4864.475
M401-01-baseline-awake,22,1,180,190,180,190,11,160,210,20,return_crossing,return_crossing,1,0,valid,20,0.0905435054193698,12194.0056818182
M401-01-baseline-awake,22,2,336,339,334,340,7,316,359,20,return_crossing,return_crossing,1,0,valid,20,0.0474482798726444,4033.046875
M401-01-baseline-awake,23,1,63,65,62,65,4,43,85,20,return_crossing,return_crossing,1,0,valid,20,0.0323658867897349,4933.66666666667
M401-01-baseline-awake,24,1,76,78,76,78,3,56,95,20,seed_not_below_return_level,seed_not_below_return_level,0,1,valid,20,0.0821547921400882,2797.75
M401-01-baseline-awake,24,2,113,131,104,137,34,96,151,20,return_crossing,return_crossing,1,0,insufficient_clean_prebaseline,19,NaN,40941.4375
M401-01-baseline-awake,24,3,330,336,327,336,10,310,356,20,return_crossing,seed_not_below_return_level,0,1,valid,20,0.0816680562572939,6846.10714285714
M401-01-baseline-awake,24,4,464,502,456,502,47,444,522,20,return_crossing,seed_not_below_return_level,0,1,insufficient_clean_prebaseline,16,NaN,9138.96955128205
M401-01-baseline-awake,25,1,334,338,329,340,12,314,358,20,return_crossing,return_crossing,1,0,valid,20,0.0330923581047477,6863.5125
M401-01-baseline-awake,26,1,82,84,82,87,6,62,95,20,return_crossing,return_crossing,1,0,valid,20,0.0669359125929335,14688.1875
M401-01-baseline-awake,26,2,106,109,106,109,4,96,129,20,seed_not_below_return_level,seed_not_below_return_level,0,1,valid,20,0.0282847405140426,3717.171875
M401-01-baseline-awake,26,3,156,161,155,165,11,136,181,20,return_crossing,return_crossing,1,0,valid,20,0.0791551751876849,8904.66666666667
M401-01-baseline-awake,26,4,348,364,342,364,23,328,384,20,return_crossing,search_limit_unresolved,0,0,valid,20,0.0869718264107173,9980.58823529412
M401-01-baseline-awake,26,5,457,461,452,470,19,437,481,20,return_crossing,return_crossing,1,0,valid,20,0.0986141359099923,10969.8875
M401-01-baseline-awake,26,6,519,525,514,541,28,499,545,20,return_crossing,return_crossing,1,0,valid,20,0.102760660318962,19532.6785714286
M401-01-baseline-awake,27,1,83,87,82,90,9,63,107,20,return_crossing,return_crossing,1,0,valid,20,0.0585783919867161,9552.9625
M401-01-baseline-awake,27,2,167,173,155,187,33,147,193,20,return_crossing,return_crossing,1,0,valid,20,0.0616821220751243,23071.7678571429
M401-01-baseline-awake,27,3,342,355,342,362,21,322,375,20,return_crossing,return_crossing,1,0,valid,20,0.0926230027187752,11203.8928571429
M401-01-baseline-awake,27,4,472,477,472,477,6,452,497,20,seed_not_below_return_level,seed_not_below_return_level,0,1,valid,20,0.036686126142594,5666.94791666667
M401-01-baseline-awake,27,5,518,534,517,537,21,498,553,20,return_crossing,return_crossing,1,0,valid,20,0.0941214193005757,20567.7095588235
M401-01-baseline-awake,27,6,572,574,572,574,3,554,594,20,seed_not_below_return_level,seed_not_below_return_level,0,1,insufficient_clean_prebaseline,14,NaN,4843.41666666667
M401-01-baseline-awake,28,1,91,93,83,96,14,71,113,20,return_crossing,return_crossing,1,0,valid,20,0.0241010390753928,9664.27083333333
M401-01-baseline-awake,29,1,103,105,103,106,4,83,125,20,return_crossing,return_crossing,1,0,valid,20,0.0667291786209117,7370.41666666667
M401-01-baseline-awake,30,1,95,97,93,98,6,75,117,20,return_crossing,return_crossing,1,0,valid,20,0.0295162174325704,5918.89583333333
M401-01-baseline-awake,31,1,223,226,218,230,13,203,246,20,return_crossing,return_crossing,1,0,valid,20,0.0378120584697645,4399.6875
M401-01-baseline-awake,32,1,108,110,106,113,8,88,130,20,return_crossing,return_crossing,1,0,valid,20,0.0657923848985259,4324.47916666667
M401-01-baseline-awake,33,1,128,130,126,135,10,108,150,20,return_crossing,return_crossing,1,0,valid,20,0.0395325576627052,5595.5
M401-01-baseline-awake,34,1,139,141,136,142,7,119,161,20,return_crossing,return_crossing,1,0,valid,20,0.048008984585008,3452.0625
M401-01-baseline-awake,35,1,139,142,136,146,11,119,162,20,return_crossing,return_crossing,1,0,valid,20,0.0290714706852151,4410.96875
M401-01-baseline-awake,36,1,151,156,149,156,8,131,176,20,return_crossing,return_crossing,1,0,valid,20,0.037112433448168,13872.1770833333
M401-01-baseline-awake,36,2,488,514,488,514,27,468,534,20,return_crossing,return_crossing,1,0,valid,20,0.068509328005223,14968.9652777778
M401-01-baseline-awake,37,1,483,492,482,512,31,463,512,20,return_crossing,return_crossing,1,0,valid,20,0.0685949370283435,18341.05625
M401-01-baseline-awake,37,2,535,557,534,557,24,515,577,20,return_crossing,seed_not_below_return_level,0,1,valid,20,0.0303080922501905,9775.44836956522
M401-01-baseline-awake,38,1,264,274,253,279,27,244,294,20,return_crossing,return_crossing,1,0,insufficient_clean_prebaseline,16,NaN,12801.1420454545
M401-01-baseline-awake,39,1,219,222,204,223,20,199,242,20,return_crossing,return_crossing,1,0,valid,20,0.0511627470221187,5076.5625
M401-01-baseline-awake,40,1,558,570,558,570,13,538,590,20,return_crossing,return_crossing,1,0,valid,20,0.0725926385682964,24402.2115384615
M401-01-baseline-awake,41,1,217,219,206,222,17,197,239,20,return_crossing,return_crossing,1,0,valid,20,0.0516840662574289,7092.14583333333
M401-01-baseline-awake,42,1,231,233,226,235,10,211,253,20,return_crossing,return_crossing,1,0,valid,20,0.0791281359819088,3151.22916666667
M401-01-baseline-awake,43,1,246,248,241,250,10,226,268,20,return_crossing,return_crossing,1,0,valid,20,0.0728450868114956,6738.66666666667
M401-01-baseline-awake,44,1,327,329,325,333,9,307,349,20,return_crossing,return_crossing,1,0,valid,20,0.0621085718720903,16485.6666666667
M401-01-baseline-awake,44,2,442,445,440,448,9,422,465,20,return_crossing,return_crossing,1,0,valid,20,0.0765169530817668,19138.640625
M401-01-baseline-awake,45,1,370,372,370,372,3,350,392,20,search_limit_unresolved,search_limit_unresolved,0,0,valid,20,-0.004184771066442,4444.8125
M401-01-baseline-awake,46,1,405,407,405,409,5,385,419,20,return_crossing,return_crossing,1,0,valid,20,0.0465871756743558,5249.54166666667
M401-01-baseline-awake,46,2,431,433,430,442,13,420,453,20,return_crossing,return_crossing,1,0,valid,20,0.112725005133197,6407.75
M401-01-baseline-awake,47,1,564,566,560,573,14,544,586,20,return_crossing,return_crossing,1,0,valid,20,0.0641762818608035,7761.5
M401-01-baseline-awake,48,1,443,446,429,450,22,423,466,20,return_crossing,return_crossing,1,0,valid,20,0.0894955432951656,4535.0625
M401-01-baseline-awake,49,1,585,587,578,590,13,565,600,20,return_crossing,return_crossing,1,0,valid,20,0.057109268473174,6896.60416666667
M401-03-baseline-iso,1,1,7,12,2,12,11,1,32,20,return_crossing,seed_not_below_return_level,0,1,insufficient_clean_prebaseline,1,NaN,19415.03125
M401-03-baseline-iso,1,2,217,221,217,221,5,197,241,20,seed_not_below_return_level,seed_not_below_return_level,0,1,valid,20,0.0322624517909015,4219.1875
M401-03-baseline-iso,2,1,27,29,25,32,8,7,49,20,return_crossing,return_crossing,1,0,valid,20,0.0198699100062373,5114.16666666667
M401-03-baseline-iso,2,2,243,245,241,245,5,223,265,20,return_crossing,return_crossing,1,0,valid,20,0.0378905794981248,5738.39583333333
M401-03-baseline-iso,3,1,246,249,246,249,4,226,265,20,return_crossing,seed_not_below_return_level,0,1,valid,20,0.0657198991743161,5725.234375
M401-03-baseline-iso,3,2,281,283,281,285,5,266,303,20,return_crossing,return_crossing,1,0,valid,20,0.0370869363501254,15583.1666666667
M401-03-baseline-iso,4,1,309,311,307,311,5,289,331,20,return_crossing,seed_not_below_return_level,0,1,valid,20,0.0613428685488365,8498.54166666667
M401-03-baseline-iso,5,1,12,15,12,15,4,1,26,20,return_crossing,seed_not_below_return_level,0,1,insufficient_clean_prebaseline,11,NaN,6644.65625
M401-03-baseline-iso,5,2,37,40,36,40,5,27,60,20,return_crossing,return_crossing,1,0,valid,20,0.0297618994376431,3942.796875
M401-03-baseline-iso,5,3,255,258,255,259,5,235,278,20,seed_not_below_return_level,return_crossing,0,1,insufficient_clean_prebaseline,18,NaN,6701.0625
M401-03-baseline-iso,6,1,22,24,19,32,14,2,44,20,return_crossing,return_crossing,1,0,insufficient_clean_prebaseline,18,NaN,3136.1875
M401-03-baseline-iso,7,1,14,16,9,18,10,1,36,20,return_crossing,return_crossing,1,0,insufficient_clean_prebaseline,8,NaN,3181.3125
M401-03-baseline-iso,8,1,274,276,266,277,12,254,296,20,return_crossing,return_crossing,1,0,valid,20,0.0635072897240807,3534.79166666667
M401-03-baseline-iso,9,1,22,24,20,28,9,2,44,20,return_crossing,return_crossing,1,0,insufficient_clean_prebaseline,19,NaN,5948.97916666667
M401-03-baseline-iso,10,1,236,238,233,245,13,216,258,20,return_crossing,return_crossing,1,0,valid,20,0.043263730628124,5287.14583333333
M401-03-baseline-iso,11,1,236,239,235,241,7,216,259,20,return_crossing,return_crossing,1,0,valid,20,0.0483085442514208,5663.1875
M401-03-baseline-iso,12,1,36,38,34,40,7,16,58,20,return_crossing,return_crossing,1,0,valid,20,0.0372448685701119,5309.70833333333
M401-03-baseline-iso,13,1,550,554,531,557,27,530,574,20,return_crossing,return_crossing,1,0,valid,20,0.0590281701906021,9137.8125
M401-03-baseline-iso,14,1,40,42,39,42,4,20,62,20,return_crossing,return_crossing,1,0,valid,20,0.0191383118932266,5603.02083333333
M401-03-baseline-iso,15,1,47,50,45,51,7,27,70,20,return_crossing,return_crossing,1,0,valid,20,0.0496049192192892,3553.59375
M401-03-baseline-iso,16,1,118,120,116,121,6,98,140,20,return_crossing,return_crossing,1,0,valid,20,0.0367261411047152,4143.97916666667
M401-03-baseline-iso,17,1,60,63,57,72,16,40,83,20,return_crossing,return_crossing,1,0,valid,20,0.0488347131091666,25095.140625
M401-03-baseline-iso,17,2,142,164,141,165,25,122,184,20,return_crossing,return_crossing,1,0,valid,20,0.0700996048660044,27234.8994565217
M401-03-baseline-iso,17,3,288,293,279,300,22,268,313,20,return_crossing,return_crossing,1,0,insufficient_clean_prebaseline,16,NaN,22363.1979166667
M401-03-baseline-iso,17,4,361,366,361,366,6,341,386,20,seed_not_below_return_level,seed_not_below_return_level,0,1,valid,20,0.0392436068523008,9025
M401-03-baseline-iso,17,5,462,470,443,473,31,442,490,20,return_crossing,return_crossing,1,0,insufficient_clean_prebaseline,18,NaN,10180.7013888889
M401-03-baseline-iso,17,6,563,566,559,568,10,543,586,20,return_crossing,return_crossing,1,0,valid,20,0.0486870271871876,18614.0625
M401-03-baseline-iso,18,1,72,74,59,79,21,52,94,20,return_crossing,return_crossing,1,0,valid,20,0.0386168206182946,9506.33333333333
M401-03-baseline-iso,19,1,168,170,167,176,10,148,190,20,return_crossing,return_crossing,1,0,valid,20,0.0328408793563903,5422.52083333333
M401-03-baseline-iso,20,1,93,113,93,132,40,73,133,20,return_crossing,return_crossing,1,0,insufficient_clean_prebaseline,19,NaN,18979.3601190476
M401-03-baseline-iso,21,1,130,132,125,133,9,110,152,20,return_crossing,return_crossing,1,0,valid,20,0.0416624259346945,7942
M401-03-baseline-iso,22,1,507,511,506,511,6,487,531,20,return_crossing,return_crossing,1,0,valid,20,0.0426322016249727,4471.8875
M401-03-baseline-iso,23,1,215,217,214,218,5,195,237,20,return_crossing,return_crossing,1,0,valid,20,0.0515518587442737,4888.54166666667
M401-03-baseline-iso,24,1,227,229,222,229,8,207,249,20,return_crossing,return_crossing,1,0,valid,20,0.0682537290944703,4301.91666666667
M401-03-baseline-iso,25,1,519,521,519,522,4,499,541,20,return_crossing,return_crossing,1,0,valid,20,0.0575590287056043,5670.70833333333
M401-03-baseline-iso,26,1,272,276,272,278,7,252,296,20,return_crossing,return_crossing,1,0,valid,20,0.0614961665536357,5473.6625
M401-03-baseline-iso,27,1,322,324,321,325,5,302,344,20,return_crossing,return_crossing,1,0,valid,20,0.0595535753483257,6723.625
M401-03-baseline-iso,28,1,419,421,415,424,10,399,441,20,return_crossing,return_crossing,1,0,valid,20,0.0398978032255858,4828.375
M401-03-baseline-iso,29,1,465,470,464,471,8,445,490,20,return_crossing,return_crossing,1,0,valid,20,0.0515900678392939,5245.78125
M401-03-baseline-iso,30,1,476,478,475,481,7,456,498,20,return_crossing,return_crossing,1,0,valid,20,0.0505745778435327,4986.3125
M401-03-baseline-iso,31,1,486,488,486,489,4,466,508,20,return_crossing,return_crossing,1,0,valid,20,0.0589028318819906,7047.02083333333
M401-03-baseline-iso,32,1,540,542,538,543,6,520,562,20,return_crossing,return_crossing,1,0,valid,20,0.0546624628598861,3602.47916666667
M401-03-baseline-iso,33,1,576,578,576,582,7,556,598,20,return_crossing,return_crossing,1,0,valid,20,0.038531679998222,6874.04166666667
FB2312-baseline-awake,1,1,1,15,1,22,22,1,35,20,recording_boundary_unresolved,return_crossing,0,1,insufficient_clean_prebaseline,0,NaN,3267.47916666667
FB2312-baseline-awake,1,2,125,131,107,131,25,105,151,20,return_crossing,return_crossing,1,0,valid,20,0.0799912913575351,1367.21321428571
FB2312-baseline-awake,1,3,306,310,298,313,16,286,330,20,return_crossing,return_crossing,1,0,valid,20,0.137621891063825,2862.864
FB2312-baseline-awake,1,4,370,374,367,374,8,350,394,20,return_crossing,return_crossing,1,0,insufficient_clean_prebaseline,13,NaN,3294.7235
FB2312-baseline-awake,1,5,487,490,469,490,22,467,509,20,return_crossing,return_crossing,1,0,valid,20,0.272876583648457,762.105
FB2312-baseline-awake,1,6,529,540,528,552,25,510,560,20,return_crossing,return_crossing,1,0,valid,20,0.17590355553019,6506.42541666667
FB2312-baseline-awake,1,7,585,594,576,594,19,565,614,20,return_crossing,search_limit_unresolved,0,0,valid,20,0.175020209527552,11508.89
FB2312-baseline-awake,1,8,640,646,636,653,18,620,666,20,return_crossing,return_crossing,1,0,valid,20,0.173345400806457,2575.85178571429
FB2312-baseline-awake,1,9,776,779,774,786,13,756,799,20,return_crossing,return_crossing,1,0,valid,20,0.0625622699457014,1971.5325
FB2312-baseline-awake,1,10,929,932,929,935,7,909,952,20,search_limit_unresolved,return_crossing,0,0,valid,20,0.0741188956585812,1549.06125
FB2312-baseline-awake,1,11,1102,1107,1097,1125,29,1082,1127,20,return_crossing,return_crossing,1,0,valid,20,0.0638300417291728,2138.12791666667
FB2312-baseline-awake,1,12,1172,1174,1167,1174,8,1152,1194,20,return_crossing,seed_not_below_return_level,0,1,valid,20,0.0662320564346989,2437.26333333333
FB2312-baseline-awake,2,1,15,20,15,26,12,1,40,20,return_crossing,return_crossing,1,0,insufficient_clean_prebaseline,14,NaN,2855.1325
FB2312-baseline-awake,2,2,694,696,677,709,33,674,716,20,return_crossing,return_crossing,1,0,valid,20,0.0809150642337091,2052.52916666667
FB2312-baseline-awake,2,3,1193,1195,1189,1195,7,1173,1200,20,return_crossing,recording_boundary_unresolved,0,0,valid,20,0.0373084044453278,2983.99083333333
FB2312-baseline-awake,3,1,10,13,10,17,8,1,33,20,recording_boundary_unresolved,return_crossing,0,0,insufficient_clean_prebaseline,9,NaN,1459.320625
FB2312-baseline-awake,3,2,320,342,320,344,25,300,362,20,search_limit_unresolved,return_crossing,0,0,valid,20,0.0635334458653327,4342.60586956522
FB2312-baseline-awake,4,1,34,36,34,37,4,14,56,20,seed_not_below_return_level,return_crossing,0,1,valid,20,-0.0123635899847745,1815.06166666667
FB2312-baseline-awake,4,2,433,440,428,448,21,413,460,20,return_crossing,return_crossing,1,0,valid,20,0.119582439350525,1448.9659375
FB2312-baseline-awake,4,3,489,511,482,511,30,469,531,20,return_crossing,return_crossing,1,0,insufficient_clean_prebaseline,13,NaN,7497.39402173913
FB2312-baseline-awake,4,4,551,569,541,569,29,532,589,20,return_crossing,return_crossing,1,0,valid,20,0.131733378958578,4612.74078947369
FB2312-baseline-awake,4,5,860,869,855,870,16,840,879,20,return_crossing,return_crossing,1,0,insufficient_clean_prebaseline,19,NaN,4943.18975
FB2312-baseline-awake,4,6,890,898,890,899,10,880,918,20,search_limit_unresolved,return_crossing,0,0,valid,20,0.074413805107962,5826.2375
FB2312-baseline-awake,4,7,945,953,944,954,11,925,965,20,return_crossing,return_crossing,1,0,valid,20,0.0983581902955775,4238.21194444445
FB2312-baseline-awake,4,8,977,987,977,987,11,966,1007,20,seed_not_below_return_level,seed_not_below_return_level,0,1,valid,20,0.053444134438125,1584.45545454546
FB2312-baseline-awake,4,9,1038,1058,1032,1058,27,1018,1078,20,return_crossing,seed_not_below_return_level,0,1,valid,20,0.144583684622136,4364.61583333333
FB2312-baseline-awake,4,10,1101,1112,1100,1120,21,1081,1132,20,return_crossing,return_crossing,1,0,valid,20,0.0734420570566359,4016.238125
FB2312-baseline-awake,5,1,210,215,205,216,12,190,226,20,return_crossing,return_crossing,1,0,valid,20,0.109468459165476,3013.44416666667
FB2312-baseline-awake,5,2,238,250,238,250,13,227,270,20,return_crossing,return_crossing,1,0,valid,20,0.11163510103693,4925.22038461539
FB2312-baseline-awake,5,3,304,308,299,309,11,284,328,20,return_crossing,return_crossing,1,0,valid,20,0.0792941123720556,2247.6575
FB2312-baseline-awake,5,4,408,410,408,412,5,388,430,20,seed_not_below_return_level,return_crossing,0,1,valid,20,0.0593846716824358,1538.93666666667
FB2312-baseline-awake,5,5,1051,1058,1050,1058,9,1031,1078,20,return_crossing,return_crossing,1,0,valid,20,0.101444449089084,4270.273125
FB2312-baseline-awake,5,6,1140,1142,1139,1143,5,1120,1161,20,return_crossing,return_crossing,1,0,valid,20,0.054793974986052,2155.61583333333
FB2312-baseline-awake,5,7,1180,1183,1179,1184,6,1162,1200,20,return_crossing,return_crossing,1,0,valid,20,0.104170507919912,1395.811875
FB2312-baseline-awake,6,1,30,32,29,35,7,10,50,20,return_crossing,return_crossing,1,0,valid,20,0.0337714001034142,920.416666666667
FB2312-baseline-awake,6,2,68,73,67,79,13,51,93,20,return_crossing,return_crossing,1,0,valid,20,0.0771091493101339,3942.14458333333
FB2312-baseline-awake,6,3,206,209,204,217,14,186,229,20,return_crossing,return_crossing,1,0,valid,20,0.0830976023780165,1822.425
FB2312-baseline-awake,7,1,522,524,507,526,20,502,544,20,return_crossing,return_crossing,1,0,valid,20,0.0941422342326611,756.5825
FB2312-baseline-awake,7,2,899,902,894,906,13,879,922,20,return_crossing,return_crossing,1,0,valid,20,0.064157248400335,977.4825
FB2312-baseline-awake,7,3,1011,1014,1010,1017,8,991,1034,20,return_crossing,return_crossing,1,0,valid,20,0.0761865120759102,1473.126875
FB2312-baseline-awake,8,1,32,34,27,36,10,12,54,20,return_crossing,return_crossing,1,0,valid,20,0.00350438847089196,6617.79583333333
FB2312-baseline-awake,9,1,47,51,42,53,12,27,71,20,return_crossing,return_crossing,1,0,valid,20,0.0114688822891768,2683.935
FB2312-baseline-awake,9,2,209,217,209,233,25,189,237,20,search_limit_unresolved,return_crossing,0,0,valid,20,0.0652628410948527,2613.36972222222
FB2312-baseline-awake,10,1,48,50,48,50,3,28,62,20,seed_not_below_return_level,return_crossing,0,1,valid,20,0.0251689521026717,1225.995
FB2312-baseline-awake,10,2,74,118,71,127,57,63,138,20,return_crossing,return_crossing,0,1,valid,20,0.0644851867339064,3272.26533333333
FB2312-baseline-awake,10,3,279,283,272,289,18,259,303,20,return_crossing,return_crossing,1,0,valid,20,0.235365176101178,2258.7025
FB2312-baseline-awake,10,4,646,654,636,654,19,626,674,20,return_crossing,return_crossing,1,0,valid,20,0.169125009027072,1796.03972222222
FB2312-baseline-awake,10,5,1120,1122,1120,1125,6,1100,1142,20,search_limit_unresolved,return_crossing,0,0,insufficient_clean_prebaseline,17,NaN,2571.64416666667
FB2312-baseline-awake,11,1,48,50,42,52,11,28,70,20,return_crossing,return_crossing,1,0,valid,20,-0.0103179194247408,1161.56583333333
FB2312-baseline-awake,11,2,371,374,361,374,14,351,394,20,return_crossing,search_limit_unresolved,0,0,insufficient_clean_prebaseline,17,NaN,3174.056875
FB2312-baseline-awake,12,1,51,53,36,56,21,31,73,20,return_crossing,return_crossing,1,0,insufficient_clean_prebaseline,11,NaN,1334.60416666667
FB2312-baseline-awake,13,1,247,249,246,250,5,227,269,20,return_crossing,return_crossing,1,0,valid,20,0.0959842214766269,2937.97
FB2312-baseline-awake,13,2,373,375,361,390,30,353,395,20,return_crossing,return_crossing,1,0,valid,20,0.106554614925376,3004.24
FB2312-baseline-awake,13,3,517,520,515,522,8,497,540,20,return_crossing,return_crossing,1,0,valid,20,0.077119285241874,1514.545625
FB2312-baseline-awake,13,4,728,730,719,734,16,708,749,20,return_crossing,return_crossing,1,0,valid,20,0.143852512797269,1949.4425
FB2312-baseline-awake,13,5,768,772,765,772,8,750,786,20,return_crossing,return_crossing,1,0,valid,20,0.202584334180823,1520.8965
FB2312-baseline-awake,13,6,800,804,797,806,10,787,824,20,return_crossing,return_crossing,1,0,valid,20,0.0436197585354743,1705.348
FB2312-baseline-awake,14,1,713,722,694,723,30,693,742,20,return_crossing,return_crossing,1,0,insufficient_clean_prebaseline,14,NaN,3566.4305
FB2312-baseline-awake,14,2,1133,1135,1131,1135,5,1113,1155,20,return_crossing,return_crossing,1,0,valid,20,0.0564854754564393,3676.14416666667
FB2312-baseline-awake,14,3,1182,1184,1179,1185,7,1162,1200,20,return_crossing,return_crossing,1,0,valid,20,0.0973564430675551,798.921666666667
FB2312-baseline-awake,15,1,67,85,67,104,38,47,105,20,return_crossing,return_crossing,0,1,valid,20,0.111547658329565,5221.37842105263
FB2312-baseline-awake,16,1,68,75,67,81,15,48,95,20,return_crossing,return_crossing,1,0,valid,20,0.123550576297744,2095.78875
FB2312-baseline-awake,16,2,117,119,113,126,14,97,139,20,return_crossing,return_crossing,1,0,valid,20,0.0920113564319931,780.513333333334
FB2312-baseline-awake,16,3,280,289,279,289,11,260,309,20,return_crossing,search_limit_unresolved,0,0,valid,20,0.123550397702154,2083.087
FB2312-baseline-awake,17,1,484,487,469,490,22,464,507,20,return_crossing,return_crossing,1,0,valid,20,0.386627342037774,691.693125
FB2312-baseline-awake,17,2,541,546,529,552,24,521,561,20,return_crossing,return_crossing,1,0,insufficient_clean_prebaseline,7,NaN,867.952916666667
FB2312-baseline-awake,17,3,577,582,573,583,11,562,602,20,return_crossing,return_crossing,1,0,valid,20,0.196474608502682,2929.68625
FB2312-baseline-awake,17,4,640,650,639,651,13,620,663,20,return_crossing,return_crossing,1,0,valid,20,0.250023829929403,3368.22295454545
FB2312-baseline-awake,17,5,677,682,676,690,15,664,702,20,return_crossing,return_crossing,1,0,valid,20,0.194525460125038,2883.66541666667
FB2312-baseline-awake,17,6,1065,1071,1063,1071,9,1045,1091,20,return_crossing,seed_not_below_return_level,0,1,valid,20,0.0425618719355372,1480.03
FB2312-baseline-awake,17,7,1198,1200,1197,1200,4,1178,1200,20,return_crossing,recording_boundary_unresolved,0,0,valid,20,0.0961262220083528,1605.20666666667
FB2312-baseline-awake,18,1,204,209,203,212,10,184,229,20,return_crossing,return_crossing,1,0,valid,20,0.285979366838038,1038.23
FB2312-baseline-awake,18,2,313,321,307,321,15,293,341,20,return_crossing,return_crossing,1,0,valid,20,0.186120236636131,744.923888888889
FB2312-baseline-awake,18,3,578,584,577,590,14,558,604,20,return_crossing,return_crossing,1,0,valid,20,0.189789080059606,978.271428571429
FB2312-baseline-awake,18,4,703,706,685,706,22,683,716,20,return_crossing,search_limit_unresolved,0,0,valid,20,0.117702687035443,6011.24125
FB2312-baseline-awake,18,5,726,734,726,734,9,717,754,20,search_limit_unresolved,search_limit_unresolved,0,0,insufficient_clean_prebaseline,19,NaN,8134.6425
FB2312-baseline-awake,18,6,799,804,797,805,9,779,824,20,return_crossing,return_crossing,1,0,valid,20,0.11108733353031,2211.76125
FB2312-baseline-awake,18,7,847,850,847,850,4,827,870,20,return_crossing,return_crossing,1,0,valid,20,0.205776472668741,1191.479375
FB2312-baseline-awake,18,8,893,900,893,900,8,873,920,20,return_crossing,return_crossing,1,0,valid,20,0.0939664356720295,1559.4159375
FB2312-baseline-awake,18,9,963,967,958,967,10,943,987,20,return_crossing,search_limit_unresolved,0,0,valid,20,0.0983121759202451,3146.7205
FB2312-baseline-awake,18,10,1062,1073,1061,1073,13,1042,1084,20,return_crossing,seed_not_below_return_level,0,1,valid,20,0.0304613248638587,2394.00375
FB2312-baseline-awake,18,11,1095,1098,1095,1098,4,1085,1113,20,seed_not_below_return_level,seed_not_below_return_level,0,1,valid,20,0.0459331449358931,2458.893125
FB2312-baseline-awake,18,12,1128,1131,1128,1131,4,1114,1151,20,seed_not_below_return_level,return_crossing,0,1,valid,20,0.0372121900171195,3433.614375
FB2312-baseline-awake,18,13,1177,1179,1168,1181,14,1157,1199,20,return_crossing,return_crossing,1,0,valid,20,0.109231031520172,2111.43583333333
FB2312-baseline-awake,19,1,100,106,98,107,10,80,126,20,return_crossing,return_crossing,1,0,valid,20,0.132965097968845,4354.88571428572
FB2312-baseline-awake,20,1,415,418,401,423,23,395,438,20,return_crossing,return_crossing,1,0,insufficient_clean_prebaseline,19,NaN,1895.598125
FB2312-baseline-awake,20,2,546,561,540,563,24,526,581,20,return_crossing,return_crossing,1,0,insufficient_clean_prebaseline,11,NaN,2307.024375
FB2312-baseline-awake,20,3,646,658,640,660,21,626,678,20,return_crossing,return_crossing,1,0,valid,20,0.149662368893569,1681.38884615385
FB2312-baseline-awake,20,4,1119,1127,1111,1127,17,1099,1147,20,return_crossing,seed_not_below_return_level,0,1,valid,20,0.0995180174731981,1886.85416666667
FB2312-baseline-awake,21,1,125,132,125,132,8,105,152,20,search_limit_unresolved,search_limit_unresolved,0,0,valid,20,0.027847143380615,3138.8509375
FB2312-baseline-awake,21,2,349,352,337,355,19,329,372,20,return_crossing,return_crossing,1,0,valid,20,0.0883574603603029,2402.2875
FB2312-baseline-awake,21,3,675,681,675,683,9,655,697,20,search_limit_unresolved,return_crossing,0,0,valid,20,0.174533411753048,1923.40785714286
FB2312-baseline-awake,21,4,714,718,714,718,5,698,738,20,search_limit_unresolved,search_limit_unresolved,0,0,valid,20,0.145462085314977,2265.3295
FB2312-baseline-awake,21,5,880,882,875,884,10,860,902,20,return_crossing,return_crossing,1,0,valid,20,0.113160913557675,1093.455
FB2312-baseline-awake,21,6,960,983,960,1002,43,940,1003,20,search_limit_unresolved,return_crossing,0,0,insufficient_clean_prebaseline,19,NaN,3873.57354166667
FB2312-baseline-awake,21,7,1039,1050,1037,1051,15,1019,1070,20,return_crossing,return_crossing,1,0,valid,20,0.116983795330973,2415.17333333333
FB2312-baseline-awake,21,8,1108,1118,1108,1123,16,1088,1138,20,return_crossing,return_crossing,1,0,valid,20,0.0871448663689079,2452.99409090909
FB2312-baseline-awake,21,9,1159,1163,1157,1180,24,1139,1183,20,return_crossing,return_crossing,1,0,valid,20,0.106341063783532,1376.207
FB2312-baseline-awake,22,1,113,118,112,118,7,93,128,20,return_crossing,search_limit_unresolved,0,0,valid,20,0.0876712696572068,1376.94333333333
FB2312-baseline-awake,22,2,139,142,136,144,9,129,162,20,return_crossing,return_crossing,1,0,insufficient_clean_prebaseline,17,NaN,994.05
FB2312-baseline-awake,23,1,1117,1120,1116,1125,10,1097,1140,20,return_crossing,return_crossing,1,0,valid,20,0.0611030641324117,2280.7925
FB2312-baseline-awake,24,1,407,414,403,414,12,387,434,20,return_crossing,seed_not_below_return_level,0,1,insufficient_clean_prebaseline,17,NaN,1412.379375
FB2312-baseline-awake,24,2,901,903,895,906,12,881,923,20,return_crossing,return_crossing,1,0,valid,20,0.0588491502811304,11330.3291666667
FB2312-baseline-awake,25,1,125,132,107,150,44,105,152,20,return_crossing,return_crossing,1,0,valid,20,0.0554919429372502,1228.75625
FB2312-baseline-awake,25,2,767,772,763,772,10,747,784,20,return_crossing,search_limit_unresolved,0,0,insufficient_clean_prebaseline,17,NaN,3099.96333333333
FB2312-baseline-awake,25,3,797,800,796,808,13,785,820,20,return_crossing,return_crossing,1,0,valid,20,0.0370163539066939,1308.8325
FB2312-baseline-awake,26,1,310,312,299,312,14,290,322,20,return_crossing,search_limit_unresolved,0,0,insufficient_clean_prebaseline,15,NaN,1785.60833333333
FB2312-baseline-awake,26,2,332,334,332,344,13,323,354,20,search_limit_unresolved,return_crossing,0,0,insufficient_clean_prebaseline,19,NaN,1124.74916666667
FB2312-baseline-awake,27,1,739,741,739,755,17,719,761,20,search_limit_unresolved,return_crossing,0,0,valid,20,0.0512731967027664,1640.1825
FB2312-baseline-awake,27,2,998,1000,989,1002,14,978,1015,20,return_crossing,return_crossing,1,0,valid,20,0.0477408156191722,1279.37916666667
FB2312-baseline-awake,27,3,1030,1033,1022,1035,14,1016,1053,20,return_crossing,return_crossing,1,0,valid,20,0.0919580167714385,2017.093125
FB2312-baseline-awake,27,4,1159,1162,1146,1163,18,1139,1182,20,return_crossing,return_crossing,1,0,valid,20,0.0662800112402858,2175.865
FB2312-baseline-awake,28,1,166,177,154,186,33,146,190,20,return_crossing,return_crossing,1,0,valid,20,0.221005020847602,2556.9175
FB2312-baseline-awake,28,2,204,207,201,211,11,191,227,20,return_crossing,return_crossing,1,0,valid,20,0.21654734183088,1013.37875
FB2312-baseline-awake,28,3,401,406,400,408,9,381,416,20,return_crossing,return_crossing,1,0,valid,20,0.3082702442449,1612.57
FB2312-baseline-awake,28,4,427,433,425,434,10,417,451,20,return_crossing,return_crossing,1,0,insufficient_clean_prebaseline,18,NaN,1639.39357142857
FB2312-baseline-awake,28,5,469,476,467,478,12,452,496,20,return_crossing,return_crossing,1,0,valid,20,0.361686430100122,1923.210625
FB2312-baseline-awake,28,6,540,543,538,546,9,520,558,20,return_crossing,return_crossing,1,0,insufficient_clean_prebaseline,13,NaN,833.8975
FB2312-baseline-awake,28,7,574,579,564,580,17,559,599,20,return_crossing,return_crossing,1,0,valid,20,0.243485031813139,2237.53291666667
FB2312-baseline-awake,28,8,659,669,659,684,26,639,689,20,seed_not_below_return_level,return_crossing,0,1,valid,20,0.0993260074493414,1470.99318181818
FB2312-baseline-awake,28,9,711,718,707,718,12,691,738,20,return_crossing,return_crossing,1,0,valid,20,0.138954571912066,3184.4115625
FB2312-baseline-awake,28,10,936,941,936,948,13,916,958,20,return_crossing,return_crossing,1,0,valid,20,0.0702366530570985,4323.19708333333
FB2312-baseline-awake,28,11,976,999,967,1000,34,959,1019,20,return_crossing,return_crossing,0,1,insufficient_clean_prebaseline,14,NaN,4311.691875
FB2312-baseline-awake,28,12,1093,1096,1093,1096,4,1073,1116,20,return_crossing,return_crossing,1,0,valid,20,0.0376491600243878,3716.6425
FB2312-baseline-awake,29,1,165,168,155,177,23,145,188,20,return_crossing,return_crossing,1,0,valid,20,0.228572521637793,3118.831875
FB2312-baseline-awake,29,2,323,326,322,330,9,303,346,20,return_crossing,return_crossing,1,0,valid,20,0.195911305191075,4518.785625
FB2312-baseline-awake,29,3,400,407,398,410,13,380,427,20,return_crossing,return_crossing,1,0,valid,20,0.182465160661464,4110.8109375
FB2312-baseline-awake,29,4,470,475,467,477,11,450,495,20,return_crossing,return_crossing,1,0,valid,20,0.336818801107523,3835.37625
FB2312-baseline-awake,29,5,539,545,528,547,20,519,559,20,return_crossing,return_crossing,1,0,insufficient_clean_prebaseline,7,NaN,5819.13714285714
FB2312-baseline-awake,29,6,574,578,572,584,13,560,598,20,return_crossing,return_crossing,1,0,valid,20,0.292221878565131,4330.7445
FB2312-baseline-awake,29,7,640,646,636,650,15,620,660,20,return_crossing,return_crossing,1,0,valid,20,0.28586781149012,2905.62392857143
FB2312-baseline-awake,29,8,675,682,674,687,14,661,697,20,return_crossing,return_crossing,1,0,valid,20,0.167966402052523,2850.3003125
FB2312-baseline-awake,29,9,713,715,711,719,9,698,735,20,return_crossing,return_crossing,1,0,valid,20,0.147475999592965,2472.23916666667
FB2312-baseline-awake,29,10,1107,1111,1106,1125,20,1087,1131,20,return_crossing,return_crossing,1,0,valid,20,0.0491246299296402,1869.9185
FB2312-baseline-awake,30,1,158,162,153,174,22,138,182,20,return_crossing,return_crossing,1,0,valid,20,0.190931837932334,1318.773
FB2312-baseline-awake,31,1,171,183,156,189,34,151,193,20,return_crossing,return_crossing,1,0,valid,20,0.387308479992686,1319.8775
FB2312-baseline-awake,31,2,203,214,201,218,18,194,225,20,return_crossing,return_crossing,1,0,insufficient_clean_prebaseline,17,NaN,2168.961875
FB2312-baseline-awake,31,3,236,238,232,246,15,226,258,20,return_crossing,return_crossing,1,0,insufficient_clean_prebaseline,17,NaN,2980.30916666667
FB2312-baseline-awake,31,4,319,325,312,332,21,299,345,20,return_crossing,return_crossing,1,0,valid,20,0.180918635099667,1499.75321428571
FB2312-baseline-awake,31,5,400,407,400,410,11,380,427,20,return_crossing,return_crossing,1,0,insufficient_clean_prebaseline,6,NaN,994.05
FB2312-baseline-awake,31,6,574,578,571,583,13,554,598,20,return_crossing,return_crossing,1,0,valid,20,0.298353941480884,1146.471
FB2312-baseline-awake,31,7,803,807,790,822,33,783,827,20,return_crossing,return_crossing,1,0,valid,20,0.110397962816182,1809.171
FB2312-baseline-awake,31,8,987,992,969,992,24,967,1012,20,return_crossing,search_limit_unresolved,0,0,valid,20,0.131485014381135,841.260833333333
FB2312-baseline-awake,32,1,192,196,192,199,8,172,216,20,search_limit_unresolved,return_crossing,0,0,valid,20,-0.0271783441103312,4754.8725
FB2312-baseline-awake,33,1,187,193,170,197,28,167,209,20,return_crossing,return_crossing,1,0,valid,20,0.181074891322953,1345.12321428571
FB2312-baseline-awake,33,2,225,232,225,232,8,210,252,20,search_limit_unresolved,return_crossing,0,0,valid,20,0.0827526214191407,1243.943125
FB2312-baseline-awake,33,3,579,582,575,594,20,559,602,20,return_crossing,return_crossing,1,0,valid,20,0.132629042701165,940.205625
FB2312-baseline-awake,33,4,719,723,714,734,21,699,743,20,return_crossing,return_crossing,1,0,valid,20,0.174574432659901,1033.812
FB2312-baseline-awake,33,5,978,981,958,987,30,958,1001,20,return_crossing,return_crossing,1,0,valid,20,0.0994887250238616,1158.344375
FB2312-baseline-awake,33,6,1063,1070,1061,1070,10,1043,1090,20,return_crossing,return_crossing,1,0,valid,20,0.0150656307433456,1738.8971875
FB2312-baseline-awake,34,1,192,194,172,194,23,172,214,20,return_crossing,search_limit_unresolved,0,0,valid,20,0.194287683897577,1111.86333333333
FB2312-baseline-awake,35,1,227,232,225,233,9,207,252,20,return_crossing,return_crossing,1,0,valid,20,0.119172525883692,1959.56708333333
FB2312-baseline-awake,36,1,236,238,230,243,14,216,258,20,return_crossing,return_crossing,1,0,valid,20,0.161636198369447,1389.82916666667
FB2312-baseline-awake,37,1,242,244,235,246,12,222,264,20,return_crossing,return_crossing,1,0,valid,20,0.0887781716611648,1312.51416666667
FB2312-baseline-awake,38,1,283,289,266,289,24,263,309,20,return_crossing,search_limit_unresolved,0,0,valid,20,0.118053676613535,1395.61464285714
FB2312-baseline-awake,39,1,286,289,286,289,4,266,309,20,search_limit_unresolved,search_limit_unresolved,0,0,valid,20,0.0693974660939167,1504.88125
FB2312-baseline-awake,40,1,293,320,292,320,29,273,340,20,return_crossing,return_crossing,1,0,valid,20,0.164934341402543,3524.53839285714
FB2312-baseline-awake,41,1,334,336,331,352,22,314,356,20,return_crossing,return_crossing,1,0,valid,20,0.0906668950278711,1630.97833333333
FB2312-baseline-awake,42,1,433,448,433,449,17,413,468,20,search_limit_unresolved,return_crossing,0,0,valid,20,0.00873291025007707,2037.45734375
FB2312-baseline-awake,42,2,953,955,945,958,14,933,967,20,return_crossing,return_crossing,1,0,valid,20,0.0618259878698883,2131.685
FB2312-baseline-awake,42,3,979,981,979,986,8,968,1001,20,search_limit_unresolved,return_crossing,0,0,valid,20,0.050189588583431,1086.09166666667
FB2312-baseline-awake,42,4,1112,1115,1107,1129,23,1092,1135,20,return_crossing,return_crossing,1,0,valid,20,0.08925241159716,2149.633125
FB2312-baseline-awake,43,1,751,756,751,759,9,731,776,20,search_limit_unresolved,return_crossing,0,0,valid,20,0.0891683486447745,1081.48958333333
FB2312-baseline-awake,44,1,350,353,348,363,16,330,373,20,return_crossing,return_crossing,1,0,valid,20,0.0702342855633899,1094.835625
FB2312-baseline-awake,45,1,407,410,407,412,6,387,430,20,search_limit_unresolved,return_crossing,0,0,valid,20,0.0628334911765267,1337.825625
FB2312-baseline-awake,46,1,407,409,395,415,21,387,429,20,return_crossing,return_crossing,1,0,valid,20,0.109587975724559,1520.52833333333
FB2312-baseline-awake,47,1,1140,1142,1139,1143,5,1120,1162,20,return_crossing,return_crossing,1,0,valid,20,0.0686452628857237,3403.70083333333
FB2312-baseline-awake,48,1,411,418,409,418,10,391,438,20,return_crossing,search_limit_unresolved,0,0,valid,20,0.143955608872501,1399.2634375
FB2312-baseline-awake,48,2,880,886,873,886,14,860,906,20,return_crossing,return_crossing,1,0,valid,20,0.0788783182736085,1615.72571428571
FB2312-baseline-awake,49,1,414,416,407,420,14,394,436,20,return_crossing,return_crossing,1,0,valid,20,0.109056796451625,1301.46916666667
FB2312-baseline-awake,50,1,416,418,413,425,13,396,432,20,return_crossing,return_crossing,1,0,valid,20,0.146761007442168,600.111666666667
FB2312-baseline-awake,50,2,447,453,447,459,13,433,473,20,search_limit_unresolved,return_crossing,0,0,valid,20,0.0265345397623359,2001.51178571429
FB2312-baseline-awake,51,1,418,423,416,424,9,398,443,20,return_crossing,return_crossing,1,0,valid,20,0.0924931689483416,1395.35166666667
FB2312-baseline-awake,52,1,567,569,551,572,22,547,589,20,return_crossing,return_crossing,1,0,valid,20,0.0573590409506981,1717.4975
FB2312-baseline-awake,52,2,865,869,857,870,14,845,882,20,return_crossing,return_crossing,1,0,valid,20,0.106010766770411,1794.8125
FB2312-baseline-awake,52,3,896,899,891,901,11,883,919,20,return_crossing,return_crossing,1,0,valid,20,0.0675709871244323,2329.114375
FB2312-baseline-awake,52,4,962,968,962,983,22,942,988,20,search_limit_unresolved,return_crossing,0,0,valid,20,0.0574185415369507,2028.33535714286
FB2312-baseline-awake,52,5,1079,1081,1078,1086,9,1059,1098,20,return_crossing,return_crossing,1,0,valid,20,0.0795971005183664,1546.3
FB2312-baseline-awake,52,6,1116,1119,1100,1124,25,1099,1139,20,return_crossing,return_crossing,1,0,insufficient_clean_prebaseline,18,NaN,3390.815
FB2312-baseline-awake,53,1,437,444,421,454,34,417,464,20,return_crossing,return_crossing,1,0,valid,20,0.0863432489667924,1370.2703125
FB2312-baseline-awake,53,2,555,564,553,566,14,535,584,20,return_crossing,return_crossing,1,0,valid,20,0.106793608052421,1640.73475
FB2312-baseline-awake,54,1,756,758,754,762,9,736,778,20,return_crossing,return_crossing,1,0,valid,20,0.10433899681852,1104.5
FB2312-baseline-awake,55,1,778,780,765,787,23,758,800,20,return_crossing,return_crossing,1,0,valid,20,0.0978197910256864,2030.43916666667
FB2312-baseline-awake,55,2,918,922,910,935,26,898,942,20,return_crossing,return_crossing,1,0,valid,20,0.104866337321736,3740.9415
FB2312-baseline-awake,56,1,797,810,795,819,25,777,830,20,return_crossing,return_crossing,1,0,valid,20,0.128739290961934,2442.91732142857
FB2312-baseline-awake,56,2,860,862,855,869,15,840,882,20,return_crossing,return_crossing,1,0,valid,20,0.0865908457133844,979.323333333333
FB2312-baseline-awake,56,3,1169,1173,1169,1178,10,1149,1193,20,search_limit_unresolved,return_crossing,0,0,valid,20,0.0994090081590131,1594.898
FB2312-baseline-awake,57,1,928,933,917,933,17,908,953,20,return_crossing,search_limit_unresolved,0,0,valid,20,0.179294092872054,1923.67083333333
FB2312-baseline-awake,57,2,1040,1049,1027,1053,27,1020,1069,20,return_crossing,return_crossing,1,0,valid,20,0.157326370965052,1396.088
FB2312-baseline-awake,57,3,1108,1110,1099,1122,24,1088,1130,20,return_crossing,return_crossing,1,0,valid,20,0.0758795956605256,1632.81916666667
FB2312-baseline-awake,58,1,938,940,936,940,5,918,960,20,return_crossing,search_limit_unresolved,0,0,valid,20,0.0611207485675235,1364.0575
FB2312-baseline-awake,59,1,1105,1107,1098,1125,28,1085,1127,20,return_crossing,return_crossing,1,0,valid,20,0.0755203946326924,1616.25166666667
FB2316-baseline,1,1,52,64,52,64,13,32,84,20,search_limit_unresolved,search_limit_unresolved,0,0,valid,20,-0.0183942634114497,4633.3775
FB2316-baseline,1,2,278,291,278,291,14,258,307,20,search_limit_unresolved,search_limit_unresolved,0,0,valid,20,0.038357076057493,2264.61946428571
FB2316-baseline,1,3,323,362,321,367,47,308,382,20,return_crossing,return_crossing,1,0,valid,20,0.0395112660666869,5549.6983125
FB2316-baseline,1,4,404,427,404,427,24,384,441,20,seed_not_below_return_level,seed_not_below_return_level,0,1,insufficient_clean_prebaseline,7,NaN,4174.77989583333
FB2316-baseline,1,5,455,458,455,458,4,442,478,20,seed_not_below_return_level,seed_not_below_return_level,0,1,insufficient_clean_prebaseline,9,NaN,2347.0625
FB2316-baseline,1,6,558,567,558,572,15,538,584,20,return_crossing,return_crossing,0,1,valid,20,0.0389474639786509,1259.13
FB2316-baseline,1,7,602,688,602,688,87,585,708,20,seed_not_below_return_level,seed_not_below_return_level,0,1,valid,20,0.0686668578604103,2231.59781609195
FB2316-baseline,1,8,736,742,736,744,9,716,752,20,return_crossing,return_crossing,1,0,valid,20,0.0573381623026821,1188.91535714286
FB2316-baseline,1,9,763,766,762,766,5,753,786,20,return_crossing,return_crossing,1,0,insufficient_clean_prebaseline,19,NaN,1266.033125
FB2316-baseline,1,10,1091,1095,1090,1097,8,1071,1115,20,return_crossing,return_crossing,1,0,valid,20,0.0757155422144332,1774.9315
FB2316-baseline,1,11,1138,1153,1127,1153,27,1118,1164,20,return_crossing,seed_not_below_return_level,0,1,insufficient_clean_prebaseline,5,NaN,4545.36265625
FB2316-baseline,1,12,1176,1186,1176,1186,11,1165,1200,20,seed_not_below_return_level,seed_not_below_return_level,0,1,valid,20,0.0341522456113077,2025.25136363636
FB2316-baseline,2,1,20,27,20,27,8,1,47,20,seed_not_below_return_level,seed_not_below_return_level,0,1,insufficient_clean_prebaseline,19,NaN,1633.9696875
FB2316-baseline,2,2,444,447,444,447,4,424,467,20,seed_not_below_return_level,seed_not_below_return_level,0,1,insufficient_clean_prebaseline,12,NaN,1533.874375
FB2316-baseline,2,3,510,516,510,516,7,490,536,20,seed_not_below_return_level,seed_not_below_return_level,0,1,valid,20,0.0300198094286768,2196.37714285714
FB2316-baseline,2,4,1179,1200,1179,1200,22,1159,1200,20,seed_not_below_return_level,seed_not_below_return_level,0,1,valid,20,0.0362578026699732,2507.96806818182
FB2316-baseline,3,1,3,8,3,14,12,1,28,20,recording_boundary_unresolved,return_crossing,0,0,insufficient_clean_prebaseline,2,NaN,851.385416666667
FB2316-baseline,3,2,161,174,145,174,30,141,186,20,return_crossing,seed_not_below_return_level,0,1,insufficient_clean_prebaseline,8,NaN,2554.55071428571
FB2316-baseline,3,3,198,206,198,206,9,187,226,20,seed_not_below_return_level,return_crossing,0,1,insufficient_clean_prebaseline,16,NaN,1603.97944444444
FB2316-baseline,3,4,274,305,266,305,40,254,319,20,return_crossing,seed_not_below_return_level,0,1,insufficient_clean_prebaseline,19,NaN,4848.237265625
FB2316-baseline,3,5,333,338,333,339,7,320,358,20,seed_not_below_return_level,return_crossing,0,1,insufficient_clean_prebaseline,9,NaN,2645.2775
FB2316-baseline,3,6,386,422,386,422,37,366,442,20,return_crossing,seed_not_below_return_level,0,1,insufficient_clean_prebaseline,3,NaN,6313.71006756757
FB2316-baseline,3,7,462,477,462,477,16,443,497,20,seed_not_below_return_level,seed_not_below_return_level,0,1,insufficient_clean_prebaseline,18,NaN,5060.6809375
FB2316-baseline,3,8,517,546,517,546,30,498,564,20,seed_not_below_return_level,seed_not_below_return_level,0,1,insufficient_clean_prebaseline,12,NaN,4950.92125
FB2316-baseline,3,9,583,662,583,666,84,565,674,20,seed_not_below_return_level,return_crossing,0,1,insufficient_clean_prebaseline,14,NaN,6003.16459375
FB2316-baseline,3,10,687,706,687,706,20,675,719,20,seed_not_below_return_level,return_crossing,0,1,valid,20,0.0555996962073435,2986.291875
FB2316-baseline,3,11,733,768,733,768,36,720,782,20,seed_not_below_return_level,seed_not_below_return_level,0,1,valid,20,0.0554421513580304,2817.70222222222
FB2316-baseline,3,12,796,801,796,801,6,783,821,20,seed_not_below_return_level,seed_not_below_return_level,0,1,valid,20,0.0780953958210358,3196.60708333333
FB2316-baseline,3,13,1016,1032,1009,1033,25,996,1052,20,return_crossing,return_crossing,1,0,valid,20,0.149293100776147,1984.85147058824
FB2316-baseline,3,14,1074,1121,1074,1121,48,1054,1141,20,return_crossing,seed_not_below_return_level,0,1,insufficient_clean_prebaseline,15,NaN,1933.33520833333
FB2316-baseline,3,15,1185,1200,1179,1200,22,1165,1200,20,return_crossing,recording_boundary_unresolved,0,1,valid,20,0.0514368882678061,1766.16453125
FB2316-baseline,4,1,20,22,20,22,3,1,42,20,return_crossing,return_crossing,1,0,insufficient_clean_prebaseline,19,NaN,1014.29916666667
FB2316-baseline,4,2,72,74,72,74,3,52,94,20,search_limit_unresolved,search_limit_unresolved,0,0,valid,20,0.0154830967336482,1332.76333333333
FB2316-baseline,4,3,274,278,271,295,25,254,298,20,return_crossing,return_crossing,1,0,insufficient_clean_prebaseline,17,NaN,1625.824
FB2316-baseline,4,4,349,351,334,365,32,329,369,20,return_crossing,return_crossing,1,0,valid,20,0.0815992249514154,2567.9625
FB2316-baseline,4,5,388,397,370,397,28,370,417,20,return_crossing,search_limit_unresolved,0,0,insufficient_clean_prebaseline,17,NaN,1052.03625
FB2316-baseline,5,1,1196,1199,1196,1199,4,1176,1200,20,seed_not_below_return_level,recording_boundary_unresolved,0,1,valid,20,0.00933825944679028,2311.16625
FB2316-baseline,6,1,1112,1126,1112,1126,15,1092,1146,20,search_limit_unresolved,search_limit_unresolved,0,0,valid,20,0.0526287370001728,1132.84883333333
FB2316-baseline,7,1,43,80,35,99,65,23,100,20,return_crossing,return_crossing,1,0,insufficient_clean_prebaseline,12,NaN,5559.12289473684
FB2316-baseline,7,2,436,443,436,443,8,416,463,20,seed_not_below_return_level,seed_not_below_return_level,0,1,valid,20,0.0333068551610164,2135.1365625
FB2316-baseline,7,3,1108,1120,1108,1120,13,1088,1130,20,search_limit_unresolved,search_limit_unresolved,0,0,valid,20,0.0524539958721268,2152.92538461539
FB2316-baseline,7,4,1140,1142,1140,1142,3,1131,1162,20,search_limit_unresolved,search_limit_unresolved,0,0,insufficient_clean_prebaseline,19,NaN,1413.76
FB2316-baseline,8,1,47,50,38,51,14,27,70,20,return_crossing,return_crossing,1,0,valid,20,0.042913624018614,2337.398125
FB2316-baseline,8,2,99,102,90,103,14,79,122,20,return_crossing,return_crossing,1,0,valid,20,0.0495367813617513,1677.459375
FB2316-baseline,8,3,372,376,369,377,9,352,396,20,return_crossing,return_crossing,1,0,valid,20,0.104964082923188,4512.987
FB2316-baseline,8,4,533,538,533,538,6,513,558,20,return_crossing,return_crossing,0,1,valid,20,0.0815745956094244,762.105
FB2316-baseline,9,1,67,103,67,103,37,47,123,20,return_crossing,seed_not_below_return_level,0,1,valid,20,0.0473501632346442,3210.06506756757
FB2316-baseline,9,2,447,451,443,452,10,427,464,20,return_crossing,return_crossing,1,0,insufficient_clean_prebaseline,19,NaN,1811.38
FB2316-baseline,9,3,477,487,469,487,19,465,507,20,return_crossing,seed_not_below_return_level,0,1,insufficient_clean_prebaseline,17,NaN,2199.96318181818
FB2316-baseline,9,4,553,580,553,580,28,533,600,20,return_crossing,seed_not_below_return_level,0,1,valid,20,0.0949839370197177,4202.81973214286
FB2316-baseline,9,5,661,775,661,775,115,641,795,20,return_crossing,seed_not_below_return_level,0,1,valid,20,0.101008680488371,4210.83421739131
FB2316-baseline,9,6,1038,1058,1036,1059,24,1018,1073,20,return_crossing,return_crossing,1,0,valid,20,0.0416506332651953,1619.1444047619
FB2316-baseline,9,7,1089,1107,1089,1108,20,1074,1127,20,seed_not_below_return_level,return_crossing,0,1,valid,20,0.0552655109941804,1960.19684210526
FB2316-baseline,9,8,1164,1178,1164,1178,15,1144,1198,20,return_crossing,seed_not_below_return_level,0,1,valid,20,0.0523832047906013,2794.01683333333
FB2316-baseline,10,1,88,90,88,92,5,68,110,20,search_limit_unresolved,return_crossing,0,0,insufficient_clean_prebaseline,15,NaN,949.87
FB2316-baseline,11,1,89,97,87,101,15,69,114,20,return_crossing,return_crossing,1,0,valid,20,0.115208875480773,1126.59
FB2316-baseline,11,2,132,141,120,144,25,115,161,20,return_crossing,return_crossing,1,0,valid,20,0.0857822619367422,1367.371
FB2316-baseline,11,3,470,481,470,482,13,450,501,20,return_crossing,return_crossing,1,0,insufficient_clean_prebaseline,2,NaN,3455.24416666667
FB2316-baseline,11,4,552,557,540,559,20,532,577,20,return_crossing,return_crossing,1,0,valid,20,0.129174998157341,1381.54541666667
FB2316-baseline,11,5,707,712,704,722,19,687,726,20,return_crossing,return_crossing,1,0,valid,20,0.0533623589470855,843.101666666667
FB2316-baseline,11,6,740,749,737,756,20,727,769,20,return_crossing,return_crossing,1,0,valid,20,0.0364830815812546,1514.82175
FB2316-baseline,11,7,1082,1092,1071,1094,24,1062,1103,20,return_crossing,return_crossing,1,0,insufficient_clean_prebaseline,19,NaN,1538.26727272727
FB2316-baseline,11,8,1114,1121,1112,1127,16,1104,1141,20,return_crossing,return_crossing,1,0,insufficient_clean_prebaseline,19,NaN,1261.89125
FB2316-baseline,12,1,328,349,328,351,24,308,369,20,search_limit_unresolved,return_crossing,0,0,valid,20,0.0403184901039245,2018.72477272727
FB2316-baseline,12,2,464,466,464,467,4,444,486,20,return_crossing,return_crossing,1,0,valid,20,0.0559519476619446,1862.92333333333
FB2316-baseline,12,3,539,552,536,562,27,519,563,20,return_crossing,return_crossing,1,0,insufficient_clean_prebaseline,19,NaN,2869.33321428571
FB2316-baseline,12,4,575,580,565,580,16,564,600,20,return_crossing,return_crossing,1,0,insufficient_clean_prebaseline,13,NaN,2436.34291666667
FB2316-baseline,13,1,109,111,103,111,9,89,131,20,return_crossing,search_limit_unresolved,0,0,valid,20,0.0287771872062283,1113.70416666667
FB2316-baseline,13,2,710,721,709,722,14,690,741,20,return_crossing,return_crossing,1,0,valid,20,0.0673637816667524,1722.55979166667
FB2316-baseline,13,3,772,785,770,787,18,752,797,20,return_crossing,return_crossing,1,0,valid,20,0.0711411310531028,2051.21428571429
FB2316-baseline,13,4,809,811,799,831,33,798,831,20,return_crossing,return_crossing,1,0,insufficient_clean_prebaseline,13,NaN,1588.63916666667
FB2316-baseline,14,1,109,112,102,113,12,89,132,20,return_crossing,return_crossing,1,0,valid,20,0.0745358903734417,3111.92875
FB2316-baseline,14,2,268,272,251,273,23,248,291,20,return_crossing,return_crossing,1,0,valid,20,0.102280100617305,5807.461
FB2316-baseline,14,3,311,314,310,314,5,292,334,20,return_crossing,seed_not_below_return_level,0,1,valid,20,0.00701929483349285,992.669375
FB2316-baseline,14,4,452,458,451,458,8,432,469,20,return_crossing,search_limit_unresolved,0,0,insufficient_clean_prebaseline,18,NaN,1526.57678571429
FB2316-baseline,14,5,481,497,481,509,29,470,517,20,search_limit_unresolved,return_crossing,0,0,valid,20,0.0191177609564304,1961.46205882353
FB2316-baseline,14,6,741,772,741,778,38,721,792,20,search_limit_unresolved,return_crossing,0,1,valid,20,0.0364001133028622,1529.38734375
FB2316-baseline,14,7,813,815,813,823,11,793,835,20,search_limit_unresolved,return_crossing,0,0,valid,20,0.00261800560970002,960.915
FB2316-baseline,15,1,109,112,109,112,4,89,132,20,search_limit_unresolved,search_limit_unresolved,0,0,valid,20,0.00590330798260377,1093.455
FB2316-baseline,16,1,318,326,308,330,23,298,346,20,return_crossing,return_crossing,1,0,valid,20,0.0406136648111281,1582.50305555556
FB2316-baseline,16,2,738,740,733,744,12,718,760,20,return_crossing,return_crossing,1,0,valid,20,0.0604480866755775,957.233333333334
FB2316-baseline,17,1,146,152,144,152,9,126,165,20,return_crossing,search_limit_unresolved,0,0,insufficient_clean_prebaseline,10,NaN,1701.71892857143
FB2316-baseline,17,2,179,182,179,187,9,166,202,20,search_limit_unresolved,return_crossing,0,0,insufficient_clean_prebaseline,8,NaN,2276.650625
FB2316-baseline,18,1,447,456,427,457,31,427,476,20,return_crossing,return_crossing,1,0,insufficient_clean_prebaseline,14,NaN,2802.66875
FB2316-baseline,18,2,544,583,539,586,48,524,603,20,return_crossing,return_crossing,1,0,valid,20,0.096273710262776,1510.8179375
FB2316-baseline,18,3,798,806,798,809,12,778,826,20,search_limit_unresolved,return_crossing,0,0,insufficient_clean_prebaseline,16,NaN,5073.95027777778
FB2316-baseline,18,4,1091,1110,1090,1110,21,1071,1130,20,return_crossing,seed_not_below_return_level,0,1,valid,20,0.0368790713863878,2438.736
FB2316-baseline,18,5,1153,1155,1153,1155,3,1133,1175,20,return_crossing,seed_not_below_return_level,0,1,valid,20,0.049807388799654,1132.1125
FB2316-baseline,19,1,204,206,194,212,19,184,226,20,return_crossing,return_crossing,1,0,valid,20,0.203197637564499,1001.41333333333
FB2316-baseline,19,2,421,446,421,457,37,401,466,20,search_limit_unresolved,return_crossing,0,0,valid,20,0.0366971467555763,1463.88730769231
FB2316-baseline,20,1,225,236,220,236,17,205,256,20,return_crossing,search_limit_unresolved,0,0,insufficient_clean_prebaseline,14,NaN,6314.51854166667
FB2316-baseline,21,1,279,285,279,285,7,259,305,20,search_limit_unresolved,search_limit_unresolved,0,0,insufficient_clean_prebaseline,15,NaN,1039.01892857143
FB2316-baseline,22,1,515,517,509,535,27,495,537,20,return_crossing,return_crossing,1,0,valid,20,0.0897733688972499,1260.97083333333
FB2316-baseline,22,2,807,814,801,815,15,787,834,20,return_crossing,return_crossing,1,0,valid,20,0.0562542901731565,1410.3084375
FB2316-baseline,22,3,870,874,852,874,23,850,894,20,return_crossing,return_crossing,1,0,valid,20,0.0885017032057513,2004.6675
FB2316-baseline,23,1,482,485,480,486,7,462,501,20,return_crossing,return_crossing,1,0,valid,20,0.0599605211989347,2381.578125
FB2316-baseline,23,2,518,521,513,522,10,502,532,20,return_crossing,return_crossing,1,0,valid,20,0.0490263262108507,735.873125
FB2316-baseline,23,3,543,545,538,546,9,533,565,20,return_crossing,return_crossing,1,0,insufficient_clean_prebaseline,16,NaN,1329.08166666667
FB2316-baseline,24,1,750,753,748,754,7,730,773,20,return_crossing,return_crossing,1,0,insufficient_clean_prebaseline,17,NaN,1092.074375
FB2316-baseline,25,1,311,323,311,330,20,291,343,20,search_limit_unresolved,return_crossing,0,0,valid,20,0.00664265599707667,1424.38019230769
FB2316-baseline,25,2,1038,1041,1034,1047,14,1018,1061,20,return_crossing,return_crossing,1,0,valid,20,0.0712594895403342,1544.919375
FB2316-baseline,26,1,293,295,293,300,8,273,315,20,search_limit_unresolved,return_crossing,0,0,valid,20,0.0426938402325045,1124.74916666667
FB2316-baseline,27,1,626,633,617,637,21,606,653,20,return_crossing,return_crossing,1,0,valid,20,0.101749856057579,818.0203125
FB2316-baseline,27,2,713,733,706,733,28,693,745,20,return_crossing,return_crossing,1,0,valid,20,0.0968507610020883,3494.42761904762
FB2316-baseline,27,3,757,781,757,790,34,746,801,20,return_crossing,return_crossing,1,0,insufficient_clean_prebaseline,16,NaN,4316.386
FB2316-baseline,27,4,1127,1131,1117,1144,28,1107,1151,20,return_crossing,return_crossing,1,0,valid,20,0.0986527129563441,1036.021
FB2316-baseline,28,1,317,330,312,330,19,297,350,20,return_crossing,search_limit_unresolved,0,0,insufficient_clean_prebaseline,3,NaN,1836.23125
FB2316-baseline,28,2,787,790,774,802,29,767,810,20,return_crossing,return_crossing,1,0,valid,20,0.0384484528237219,813.188125
FB2316-baseline,29,1,322,324,318,324,7,302,344,20,return_crossing,search_limit_unresolved,0,0,insufficient_clean_prebaseline,19,NaN,806.285
FB2316-baseline,29,2,795,801,795,801,7,775,821,20,search_limit_unresolved,search_limit_unresolved,0,0,insufficient_clean_prebaseline,15,NaN,2732.84857142857
FB2316-baseline,30,1,327,329,321,331,11,307,349,20,return_crossing,return_crossing,1,0,valid,20,0.0642097080825878,1354.85333333333
FB2316-baseline,30,2,594,596,594,600,7,574,616,20,search_limit_unresolved,return_crossing,0,0,valid,20,0.0340968359924042,2260.54333333333
FB2316-baseline,30,3,649,652,645,658,14,629,672,20,return_crossing,return_crossing,1,0,valid,20,0.0862279816958155,1776.864375
FB2316-baseline,30,4,726,743,722,744,23,706,763,20,return_crossing,return_crossing,1,0,valid,20,0.065285062871096,2256.86166666667
FB2316-baseline,30,5,845,850,835,856,22,825,870,20,return_crossing,return_crossing,1,0,valid,20,0.0622778860130867,1850.95791666667
FB2316-baseline,30,6,1075,1089,1075,1095,21,1055,1109,20,search_limit_unresolved,return_crossing,0,0,valid,20,0.0476326986560243,1906.367
FB2316-baseline,31,1,328,331,328,340,13,308,351,20,search_limit_unresolved,return_crossing,0,0,valid,20,0.0521675999473421,1362.676875
FB2316-baseline,32,1,485,492,480,492,13,465,512,20,return_crossing,search_limit_unresolved,0,0,insufficient_clean_prebaseline,15,NaN,1185.2665625
FB2316-baseline,32,2,749,763,749,768,20,729,783,20,search_limit_unresolved,return_crossing,0,0,valid,20,0.0626628312596925,1905.99883333333
FB2316-baseline,33,1,365,374,365,385,21,345,394,20,search_limit_unresolved,return_crossing,0,0,valid,20,0.0419213085838793,1019.4535
FB2316-baseline,34,1,381,383,369,386,18,361,403,20,return_crossing,return_crossing,1,0,insufficient_clean_prebaseline,19,NaN,1713.81583333333
FB2316-baseline,35,1,1191,1193,1187,1193,7,1171,1200,20,return_crossing,return_crossing,1,0,valid,20,0.0200699582204816,2111.43583333333
FB2316-baseline,36,1,1191,1196,1191,1196,6,1171,1200,20,seed_not_below_return_level,return_crossing,0,1,valid,20,0.0213489962405839,1018.90125
FB2316-baseline,37,1,779,781,776,785,10,759,801,20,return_crossing,return_crossing,1,0,valid,20,0.0328922494119615,699.516666666667
FB2316-baseline,38,1,393,408,389,408,20,373,428,20,return_crossing,search_limit_unresolved,0,0,valid,20,0.061049825407657,1432.74359375
FB2316-baseline,38,2,756,758,756,758,3,736,768,20,search_limit_unresolved,search_limit_unresolved,0,0,valid,20,0.0320526886125286,1038.23
FB2316-baseline,38,3,779,782,779,782,4,769,802,20,search_limit_unresolved,search_limit_unresolved,0,0,valid,20,0.0410416916874722,1234.27875
FB2316-baseline,39,1,401,404,398,411,14,381,424,20,return_crossing,return_crossing,1,0,valid,20,0.0989906072454889,1074.12625
FB2316-baseline,39,2,515,527,515,527,13,495,547,20,seed_not_below_return_level,seed_not_below_return_level,0,1,valid,20,0.0572950941748454,2026.7575
FB2316-baseline,39,3,580,658,580,660,81,560,678,20,return_crossing,return_crossing,1,0,valid,20,0.0652956660920087,2157.27025316456
FB2316-baseline,39,4,1189,1193,1183,1193,11,1169,1200,20,return_crossing,recording_boundary_unresolved,0,0,valid,20,0.064386797767309,957.6015
FB2316-baseline,40,1,423,425,418,427,10,403,445,20,return_crossing,return_crossing,1,0,valid,20,0.0536120553851408,876.236666666667
FB2316-baseline,40,2,523,555,520,556,37,503,575,20,return_crossing,return_crossing,1,0,valid,20,0.0560865092964747,2253.18
FB2316-baseline,41,1,420,426,417,428,12,400,446,20,return_crossing,return_crossing,1,0,valid,20,0.0314035526074767,1326.97785714286
FB2316-baseline,41,2,1109,1112,1098,1113,16,1089,1132,20,return_crossing,return_crossing,1,0,insufficient_clean_prebaseline,16,NaN,2036.421875
FB2316-baseline,41,3,1168,1170,1167,1186,20,1148,1190,20,return_crossing,return_crossing,1,0,valid,20,0.0606853703375176,1295.94666666667
FB2316-baseline,42,1,422,433,420,441,22,402,453,20,return_crossing,return_crossing,1,0,valid,20,0.0347859409644731,2253.18
FB2316-baseline,42,2,504,512,504,512,9,484,532,20,seed_not_below_return_level,return_crossing,0,1,insufficient_clean_prebaseline,9,NaN,1815.06166666667
FB2316-baseline,43,1,449,452,449,456,8,429,472,20,search_limit_unresolved,return_crossing,0,0,valid,20,0.0497291042095256,2688.076875
FB2316-baseline,44,1,427,470,425,470,46,407,490,20,return_crossing,search_limit_unresolved,0,0,valid,20,0.0278168036379315,1913.92278409091
FB2316-baseline,45,1,436,441,434,444,11,416,458,20,return_crossing,return_crossing,1,0,valid,20,0.0377028445599996,1367.73916666667
FB2316-baseline,45,2,475,480,473,491,19,459,500,20,return_crossing,return_crossing,1,0,valid,20,0.0617511748210845,821.932083333333
FB2316-baseline,45,3,1085,1090,1073,1097,25,1065,1110,20,return_crossing,return_crossing,1,0,valid,20,0.0622849626676179,953.551666666667
FB2316-baseline,46,1,438,456,438,456,19,418,476,20,return_crossing,seed_not_below_return_level,0,1,valid,20,0.0335249023483255,1614.31394736842
FB2316-baseline,46,2,582,593,582,593,12,562,613,20,search_limit_unresolved,return_crossing,0,0,valid,20,0.0247112083352867,2246.73708333333
FB2316-baseline,47,1,441,443,439,445,7,421,463,20,return_crossing,return_crossing,1,0,valid,20,0.0357800933214296,1056.63833333333
FB2316-baseline,48,1,443,446,443,446,4,423,466,20,search_limit_unresolved,return_crossing,0,0,valid,20,0.074568122929871,1584.9575
FB2316-baseline,49,1,446,448,427,450,24,426,468,20,return_crossing,return_crossing,1,0,valid,20,0.0681177864804857,727.129166666667
FB2316-baseline,50,1,487,512,486,512,27,467,532,20,return_crossing,return_crossing,0,1,valid,20,0.0282637743147984,2071.78711538462
FB2316-baseline,50,2,1158,1160,1157,1160,4,1138,1178,20,return_crossing,return_crossing,1,0,valid,20,0.0340752986749904,2162.97916666667
FB2316-baseline,50,3,1197,1199,1197,1199,3,1179,1200,20,seed_not_below_return_level,recording_boundary_unresolved,0,1,valid,20,0.0129211823497343,1038.23
FB2316-baseline,51,1,498,500,479,506,28,478,520,20,return_crossing,return_crossing,1,0,valid,20,0.0621897619238874,1319.8775
FB2316-baseline,52,1,548,550,546,555,10,528,570,20,return_crossing,return_crossing,1,0,valid,20,0.100527640475968,1238.88083333333
FB2316-baseline,52,2,975,979,957,982,26,955,999,20,return_crossing,return_crossing,1,0,valid,20,0.108418211131364,1583.853
FB2316-baseline,53,1,471,475,470,476,7,451,495,20,return_crossing,return_crossing,1,0,valid,20,0.061527183214785,2771.1905
FB2316-baseline,53,2,519,527,519,527,9,499,547,20,seed_not_below_return_level,seed_not_below_return_level,0,1,valid,20,0.0329011210402442,878.691111111111
FB2316-baseline,54,1,481,488,478,489,12,461,508,20,return_crossing,return_crossing,1,0,valid,20,0.0285775162439381,1955.6553125
FB2316-baseline,55,1,486,494,478,512,35,466,514,20,return_crossing,return_crossing,1,0,valid,20,0.0397376477020937,1022.88972222222
FB2316-baseline,55,2,1196,1198,1195,1198,4,1176,1200,20,return_crossing,recording_boundary_unresolved,0,0,valid,20,0.0328268185928433,885.440833333334
FB2316-baseline,56,1,496,500,487,500,14,476,513,20,return_crossing,search_limit_unresolved,0,0,valid,20,0.0696834714169539,1222.6815
FB2316-baseline,56,2,526,528,526,533,8,514,548,20,search_limit_unresolved,return_crossing,0,0,valid,20,0.0422752750834614,953.551666666667
FB2316-baseline,57,1,497,500,495,503,9,477,520,20,return_crossing,return_crossing,1,0,valid,20,0.0815213353153382,1680.220625
FB2316-baseline,58,1,695,704,695,716,22,675,724,20,search_limit_unresolved,return_crossing,0,0,valid,20,0.0171044806229914,889.1225
FB2316-baseline,58,2,1073,1077,1055,1079,25,1053,1097,20,return_crossing,return_crossing,1,0,valid,20,0.0709357596919481,1239.249
FB2316-baseline,58,3,1123,1127,1123,1127,5,1103,1147,20,seed_not_below_return_level,return_crossing,0,1,valid,20,0.0283833381469921,1164.143
FB2316-baseline,59,1,513,516,493,516,24,493,536,20,return_crossing,search_limit_unresolved,0,0,valid,20,0.0465194291013163,1180.434375
FB2316-baseline,59,2,780,784,775,784,10,760,804,20,return_crossing,search_limit_unresolved,0,0,valid,20,0.0546692417233858,1157.516
FB2316-baseline,60,1,516,519,516,520,5,496,539,20,return_crossing,return_crossing,1,0,insufficient_clean_prebaseline,3,NaN,1150.060625
FB2316-baseline,61,1,525,528,511,542,32,505,548,20,return_crossing,return_crossing,1,0,insufficient_clean_prebaseline,17,NaN,658.558125
FB2316-baseline,62,1,527,529,524,538,15,507,549,20,return_crossing,return_crossing,1,0,valid,20,0.0657101671598854,940.665833333334
FB2316-baseline,63,1,530,532,529,534,6,510,552,20,return_crossing,return_crossing,1,0,valid,20,0.0986487246055557,1286.7425
FB2316-baseline,64,1,556,558,546,560,15,536,578,20,return_crossing,return_crossing,1,0,valid,20,0.033599944777617,1378.78416666667
FB2316-baseline,65,1,556,558,556,562,7,536,578,20,return_crossing,return_crossing,1,0,valid,20,0.0985368248071992,1684.3625
FB2316-baseline,66,1,582,597,580,599,20,562,617,20,return_crossing,return_crossing,1,0,valid,20,0.0881177853309119,1909.05921875
FB2316-baseline,67,1,597,601,590,601,12,577,621,20,return_crossing,search_limit_unresolved,0,0,valid,20,0.113697914696066,1187.3375
FB2316-baseline,68,1,653,674,653,676,24,633,686,20,return_crossing,return_crossing,1,0,valid,20,0.0462700281658496,1281.97306818182
FB2316-baseline,68,2,698,704,698,704,7,687,716,20,search_limit_unresolved,search_limit_unresolved,0,0,valid,20,0.0187387402677527,870.977142857143
FB2316-baseline,68,3,729,738,729,744,16,717,758,20,search_limit_unresolved,return_crossing,0,0,valid,20,0.0275673654711704,1110.57475
FB2316-baseline,68,4,1137,1141,1137,1142,6,1117,1161,20,seed_not_below_return_level,return_crossing,0,1,valid,20,0.0284348085327888,1253.6075
FB2316-baseline,69,1,652,664,647,677,31,632,684,20,return_crossing,return_crossing,1,0,valid,20,0.0811347291155864,1153.35288461538
FB2316-baseline,70,1,775,781,775,789,15,755,801,20,search_limit_unresolved,return_crossing,0,0,valid,20,0.0260416033381938,863.876785714286
FB2316-baseline,70,2,1189,1196,1189,1196,8,1169,1200,20,return_crossing,seed_not_below_return_level,0,1,valid,20,0.0240586092428131,1231.5175
FB2316-baseline,71,1,792,795,792,795,4,772,815,20,search_limit_unresolved,search_limit_unresolved,0,0,valid,20,0.0191430814713982,948.489375
FB2316-baseline,72,1,789,793,789,809,21,769,813,20,search_limit_unresolved,return_crossing,0,0,valid,20,0.0304362570086435,996.259
FB2316-baseline,73,1,873,875,873,891,19,853,895,20,search_limit_unresolved,return_crossing,0,0,valid,20,0.0338798732280053,1235.19916666667
FB2316-baseline,74,1,1080,1082,1080,1098,19,1060,1102,20,search_limit_unresolved,return_crossing,0,0,valid,20,0.0425301727025889,2573.485
FB2316-baseline,75,1,1078,1087,1076,1096,21,1058,1107,20,return_crossing,return_crossing,1,0,insufficient_clean_prebaseline,12,NaN,922.80975
FB2316-baseline,76,1,1085,1087,1073,1098,26,1065,1107,20,return_crossing,return_crossing,1,0,valid,20,0.106955721101531,865.191666666667
FB2316-baseline,77,1,1103,1111,1103,1118,16,1083,1131,20,search_limit_unresolved,return_crossing,0,0,valid,20,0.0302320617204889,1234.58555555556
FB2316-baseline,78,1,1088,1091,1082,1102,21,1068,1111,20,return_crossing,return_crossing,1,0,valid,20,0.0413023346748047,1985.33875
FB2316-baseline,79,1,1123,1131,1123,1148,26,1103,1151,20,search_limit_unresolved,return_crossing,0,0,valid,20,0.0286807823446943,1414.98722222222
FB2316-baseline,80,1,1120,1128,1100,1140,41,1100,1148,20,return_crossing,return_crossing,1,0,valid,20,0.0537003600725776,1892.99027777778
FB2316-baseline,81,1,1125,1128,1123,1130,8,1105,1148,20,return_crossing,return_crossing,1,0,valid,20,0.0494409014864347,907.070625
ID13-20200917,1,1,1,12,1,12,12,1,32,20,seed_not_below_return_level,seed_not_below_return_level,0,1,insufficient_clean_prebaseline,0,NaN,11270.2678666667
ID13-20200917,1,2,79,89,67,91,25,59,109,20,return_crossing,return_crossing,1,0,valid,20,0.126878734834309,3027.87927272727
ID13-20200917,1,3,227,243,225,243,19,207,263,20,return_crossing,search_limit_unresolved,0,0,valid,20,0.122848160172367,3693.522
ID13-20200917,1,4,292,301,291,301,11,272,321,20,return_crossing,return_crossing,1,0,valid,20,0.0582610403418595,4134.44556
ID13-20200917,1,5,346,354,346,354,9,326,374,20,seed_not_below_return_level,return_crossing,0,1,insufficient_clean_prebaseline,14,NaN,2815.83617777778
ID13-20200917,1,6,420,441,420,441,22,400,457,20,return_crossing,seed_not_below_return_level,0,1,valid,20,0.175831725949035,3202.96072727273
ID13-20200917,1,7,473,477,473,477,5,458,497,20,seed_not_below_return_level,seed_not_below_return_level,0,1,insufficient_clean_prebaseline,12,NaN,2189.85704
ID13-20200917,1,8,531,537,522,540,19,511,547,20,return_crossing,return_crossing,1,0,valid,20,0.0616629211280241,4145.5316
ID13-20200917,1,9,557,559,554,560,7,548,579,20,return_crossing,return_crossing,1,0,insufficient_clean_prebaseline,16,NaN,2475.3428
ID13-20200917,1,10,647,665,647,672,26,627,679,20,return_crossing,return_crossing,0,1,valid,20,0.107210137405519,2835.47938947368
ID13-20200917,1,11,694,701,690,701,12,680,721,20,return_crossing,seed_not_below_return_level,0,1,valid,20,0.0711428646614563,3209.59065
ID13-20200917,1,12,774,811,774,816,43,754,831,20,seed_not_below_return_level,return_crossing,0,1,valid,20,0.0492394727836245,4641.9758
ID13-20200917,1,13,853,862,853,862,10,833,876,20,return_crossing,return_crossing,0,1,valid,20,0.0759761621509915,2139.44388
ID13-20200917,1,14,891,898,891,905,15,877,918,20,return_crossing,return_crossing,1,0,valid,20,0.10340610562551,2574.4698
ID13-20200917,1,15,951,953,944,953,10,931,968,20,return_crossing,return_crossing,1,0,valid,20,0.0627425002365853,904.415866666667
ID13-20200917,1,16,983,992,983,992,10,969,1008,20,seed_not_below_return_level,return_crossing,0,1,insufficient_clean_prebaseline,15,NaN,1967.81256
ID13-20200917,1,17,1025,1030,1025,1030,6,1009,1044,20,return_crossing,return_crossing,1,0,valid,20,0.106226264743678,3140.9098
ID13-20200917,1,18,1059,1084,1059,1084,26,1045,1104,20,seed_not_below_return_level,return_crossing,0,1,insufficient_clean_prebaseline,17,NaN,2391.46610769231
ID13-20200917,1,19,1164,1181,1164,1182,19,1144,1200,20,seed_not_below_return_level,return_crossing,0,1,insufficient_clean_prebaseline,19,NaN,4475.50537777778
ID13-20200917,2,1,80,87,75,103,29,60,107,20,return_crossing,return_crossing,1,0,valid,20,0.12131227598957,2457.64155
ID13-20200917,2,2,431,433,414,440,27,411,453,20,return_crossing,return_crossing,1,0,valid,20,0.196428571428571,1316.02893333333
ID13-20200917,2,3,747,754,736,754,19,727,774,20,return_crossing,search_limit_unresolved,0,0,insufficient_clean_prebaseline,17,NaN,1707.10855
ID13-20200917,2,4,997,1017,997,1017,21,977,1027,20,search_limit_unresolved,search_limit_unresolved,0,0,valid,20,0.0226001017367922,2299.47666666667
ID13-20200917,2,5,1037,1044,1037,1057,21,1028,1064,20,search_limit_unresolved,return_crossing,0,0,insufficient_clean_prebaseline,19,NaN,1143.50075
ID13-20200917,3,1,8,10,8,10,3,1,30,20,return_crossing,return_crossing,1,0,insufficient_clean_prebaseline,7,NaN,832.6668
ID13-20200917,4,1,86,92,85,92,8,66,112,20,return_crossing,return_crossing,0,1,insufficient_clean_prebaseline,16,NaN,1653.1956
ID13-20200917,4,2,188,193,188,193,6,168,213,20,seed_not_below_return_level,seed_not_below_return_level,0,1,valid,20,0.0432362219335682,1345.295
ID13-20200917,4,3,305,307,292,312,21,285,327,20,return_crossing,return_crossing,1,0,valid,20,0.101318346551815,2499.88853333333
ID13-20200917,4,4,402,404,401,406,6,382,424,20,return_crossing,return_crossing,1,0,valid,20,0.083876595353962,1425.54066666667
ID13-20200917,4,5,527,540,523,540,18,507,560,20,return_crossing,search_limit_unresolved,0,0,valid,20,0.0613958923783467,2357.6042
ID13-20200917,4,6,594,599,594,599,6,574,619,20,search_limit_unresolved,return_crossing,0,0,valid,20,0.0485837553929843,3066.32853333333
ID13-20200917,4,7,726,733,726,741,16,706,753,20,return_crossing,return_crossing,1,0,valid,20,0.0813544111555985,1717.7293
ID13-20200917,4,8,776,785,767,792,26,756,805,20,return_crossing,return_crossing,1,0,valid,20,0.0728590105445791,1169.6986
ID13-20200917,4,9,852,864,852,865,14,832,884,20,return_crossing,return_crossing,1,0,valid,20,0.0998582971255899,1725.89910769231
ID13-20200917,4,10,1096,1106,1096,1106,11,1076,1126,20,seed_not_below_return_level,return_crossing,0,1,valid,20,0.0656006490762496,1093.2292
ID13-20200917,4,11,1183,1195,1183,1195,13,1163,1200,20,seed_not_below_return_level,seed_not_below_return_level,0,1,insufficient_clean_prebaseline,17,NaN,1558.14572307692
ID13-20200917,5,1,17,19,17,21,5,1,39,20,return_crossing,return_crossing,1,0,insufficient_clean_prebaseline,16,NaN,1687.9912
ID13-20200917,5,2,1186,1190,1185,1191,7,1166,1200,20,return_crossing,return_crossing,1,0,valid,20,0.106288473863857,2143.40896
ID13-20200917,6,1,20,27,20,30,11,1,47,20,return_crossing,return_crossing,1,0,insufficient_clean_prebaseline,19,NaN,1122.9673
ID13-20200917,6,2,80,84,75,100,26,60,104,20,return_crossing,return_crossing,1,0,valid,20,0.141485871002497,1686.85832
ID13-20200917,6,3,480,495,476,504,29,460,515,20,return_crossing,return_crossing,1,0,valid,20,-0.00791609226440048,2037.7679
ID13-20200917,7,1,28,36,28,36,9,8,48,20,seed_not_below_return_level,return_crossing,0,1,valid,20,0.170773803816282,2956.18742222222
ID13-20200917,7,2,60,66,58,69,12,49,76,20,return_crossing,return_crossing,1,0,insufficient_clean_prebaseline,14,NaN,6456.6068
ID13-20200917,7,3,87,92,87,92,6,77,102,20,search_limit_unresolved,search_limit_unresolved,0,0,valid,20,0.178508344098495,1358.51193333333
ID13-20200917,7,4,112,115,112,128,17,103,135,20,search_limit_unresolved,return_crossing,0,0,insufficient_clean_prebaseline,11,NaN,3523.2568
ID13-20200917,7,5,309,313,309,313,5,289,328,20,search_limit_unresolved,search_limit_unresolved,0,0,insufficient_clean_prebaseline,19,NaN,2053.91144
ID13-20200917,7,6,343,356,343,367,25,329,376,20,search_limit_unresolved,return_crossing,0,0,valid,20,0.078154282530517,3466.2082
ID13-20200917,7,7,415,452,415,461,47,395,472,20,return_crossing,return_crossing,1,0,valid,20,0.194720755973379,3684.39407368421
ID13-20200917,7,8,607,610,602,611,10,587,630,20,return_crossing,return_crossing,1,0,valid,20,0.261635924252147,1430.261
ID13-20200917,7,9,656,658,656,658,3,636,668,20,search_limit_unresolved,search_limit_unresolved,0,0,valid,20,0.0677857234616537,1344.35093333333
ID13-20200917,7,10,678,681,678,682,5,669,701,20,search_limit_unresolved,return_crossing,0,0,insufficient_clean_prebaseline,19,NaN,1923.0638
ID13-20200917,7,11,743,765,743,784,42,723,785,20,search_limit_unresolved,return_crossing,0,0,insufficient_clean_prebaseline,10,NaN,2984.64624347826
ID13-20200917,7,12,979,988,969,993,25,959,1008,20,return_crossing,return_crossing,1,0,insufficient_clean_prebaseline,9,NaN,3226.44224
ID13-20200917,7,13,1054,1077,1054,1090,37,1034,1097,20,search_limit_unresolved,return_crossing,0,0,valid,20,0.127499714614834,8424.61491666667
ID13-20200917,7,14,1184,1196,1183,1196,14,1164,1200,20,return_crossing,recording_boundary_unresolved,0,0,insufficient_clean_prebaseline,0,NaN,3601.25123076923
ID13-20200917,8,1,29,34,19,36,18,9,48,20,return_crossing,return_crossing,1,0,insufficient_clean_prebaseline,18,NaN,1521.83546666667
ID13-20200917,8,2,62,65,60,66,7,49,85,20,return_crossing,return_crossing,1,0,valid,20,0.138948815817548,2369.1353
ID13-20200917,8,3,442,444,435,450,16,422,464,20,return_crossing,return_crossing,1,0,valid,20,0.0502599653379552,1172.5308
ID13-20200917,8,4,743,747,741,754,14,723,767,20,return_crossing,return_crossing,1,0,valid,20,0.283744608640317,1240.5036
ID13-20200917,8,5,878,880,869,886,18,858,900,20,return_crossing,return_crossing,1,0,valid,20,0.288582660523312,1795.6148
ID13-20200917,8,6,1045,1047,1037,1049,13,1025,1067,20,return_crossing,return_crossing,1,0,valid,20,0.16601956825594,1329.24586666667
ID13-20200917,8,7,1094,1100,1094,1112,19,1074,1120,20,search_limit_unresolved,return_crossing,0,0,valid,20,0.0613340613340615,2093.4004
ID13-20200917,9,1,30,35,30,37,8,10,55,20,seed_not_below_return_level,return_crossing,0,1,valid,20,0.15909336378084,1513.33886666667
ID13-20200917,9,2,76,99,63,99,37,56,119,20,return_crossing,search_limit_unresolved,0,0,insufficient_clean_prebaseline,13,NaN,4162.15391666667
ID13-20200917,9,3,285,289,269,289,21,265,309,20,return_crossing,search_limit_unresolved,0,0,insufficient_clean_prebaseline,13,NaN,1538.45104
ID13-20200917,10,1,30,36,30,49,20,10,49,20,seed_not_below_return_level,return_crossing,0,1,valid,20,0.170419923168632,1464.652
ID13-20200917,10,2,62,64,62,64,3,50,84,20,seed_not_below_return_level,seed_not_below_return_level,0,1,valid,20,0.0944620603200352,836.443066666667
ID13-20200917,10,3,354,358,354,359,6,334,378,20,seed_not_below_return_level,return_crossing,0,1,valid,20,0.0748308006640278,1508.99616
ID13-20200917,10,4,434,436,432,439,8,414,456,20,return_crossing,return_crossing,1,0,valid,20,0.0861842242584898,1232.95106666667
ID13-20200917,10,5,641,662,641,663,23,621,682,20,search_limit_unresolved,return_crossing,0,0,valid,20,0.0212524723163555,7184.77645454545
ID13-20200917,10,6,743,748,743,748,6,723,768,20,seed_not_below_return_level,seed_not_below_return_level,0,1,valid,20,0.107412262261025,1761.6284
ID13-20200917,10,7,851,861,837,861,25,831,878,20,return_crossing,seed_not_below_return_level,0,1,insufficient_clean_prebaseline,4,NaN,2469.16345454545
ID13-20200917,10,8,895,901,890,903,14,879,920,20,return_crossing,return_crossing,1,0,valid,20,0.129884533473045,5707.2876
ID13-20200917,10,9,940,949,937,951,15,921,962,20,return_crossing,return_crossing,1,0,insufficient_clean_prebaseline,12,NaN,2813.50748
ID13-20200917,10,10,975,983,972,991,20,963,998,20,return_crossing,return_crossing,1,0,insufficient_clean_prebaseline,9,NaN,2644.01604444444
ID13-20200917,10,11,1013,1019,1000,1021,22,999,1039,20,return_crossing,return_crossing,1,0,insufficient_clean_prebaseline,18,NaN,1027.684
ID13-20200917,10,12,1133,1151,1133,1155,23,1113,1171,20,seed_not_below_return_level,return_crossing,0,1,valid,20,0.0657777333252616,6879.2647368421
ID13-20200917,11,1,31,35,30,37,8,11,49,20,return_crossing,return_crossing,1,0,valid,20,0.147739488643693,2323.53688
ID13-20200917,11,2,63,65,59,69,11,50,75,20,return_crossing,return_crossing,1,0,valid,20,0.0648330058939099,1044.13773333333
ID13-20200917,11,3,86,92,86,97,12,76,112,20,search_limit_unresolved,return_crossing,0,0,valid,20,0.141660254766179,2960.0536
ID13-20200917,11,4,308,310,308,314,7,288,327,20,search_limit_unresolved,return_crossing,0,0,valid,20,0.0551904940247181,908.192133333333
ID13-20200917,11,5,344,357,343,366,24,328,377,20,return_crossing,return_crossing,1,0,valid,20,0.094564332247557,2394.8274
ID13-20200917,11,6,438,443,419,461,43,418,463,20,return_crossing,return_crossing,1,0,valid,20,0.193768740795941,869.4854
ID13-20200917,11,7,635,642,624,642,19,615,662,20,return_crossing,search_limit_unresolved,0,0,valid,20,0.122560688472322,5414.45835
ID13-20200917,11,8,746,748,734,748,15,726,760,20,return_crossing,search_limit_unresolved,0,0,valid,20,0.153949456720791,793.016
ID13-20200917,11,9,772,774,770,774,5,761,794,20,return_crossing,return_crossing,1,0,valid,20,0.0571910258072883,825.114266666667
ID13-20200917,11,10,879,881,877,893,17,859,901,20,return_crossing,return_crossing,1,0,valid,20,0.247495811499661,1163.09013333333
ID13-20200917,11,11,979,988,970,988,19,959,999,20,return_crossing,search_limit_unresolved,0,0,insufficient_clean_prebaseline,9,NaN,2014.82708
ID13-20200917,11,12,1010,1012,1010,1013,4,1000,1032,20,search_limit_unresolved,return_crossing,0,0,valid,20,0.0286440627863668,1731.41826666667
ID13-20200917,11,13,1059,1068,1059,1068,10,1039,1081,20,search_limit_unresolved,search_limit_unresolved,0,0,valid,20,0.08170275001662,1450.65284
ID13-20200917,11,14,1095,1099,1094,1107,14,1082,1119,20,return_crossing,return_crossing,1,0,valid,20,0.0229705556659755,1749.16672
ID13-20200917,11,15,1159,1163,1159,1163,5,1139,1177,20,return_crossing,return_crossing,1,0,valid,20,0.116090166789868,5450.28568
ID13-20200917,11,16,1192,1195,1183,1195,13,1178,1200,20,return_crossing,recording_boundary_unresolved,0,0,insufficient_clean_prebaseline,15,NaN,1132.88
ID13-20200917,12,1,446,465,446,476,31,426,485,20,return_crossing,return_crossing,1,0,valid,20,0.133210943826608,3142.3259
ID13-20200917,12,2,561,563,561,563,3,541,583,20,return_crossing,return_crossing,1,0,insufficient_clean_prebaseline,7,NaN,5313.2072
ID13-20200917,12,3,621,631,602,631,30,601,651,20,return_crossing,search_limit_unresolved,0,0,insufficient_clean_prebaseline,7,NaN,2748.77883636364
ID13-20200917,12,4,749,754,745,754,10,729,774,20,return_crossing,search_limit_unresolved,0,0,valid,20,0.261640694799766,4369.14053333333
ID13-20200917,12,5,881,886,879,893,15,861,906,20,return_crossing,return_crossing,1,0,valid,20,0.175267821026397,3398.64
ID13-20200917,12,6,997,1034,997,1038,42,977,1048,20,search_limit_unresolved,return_crossing,0,0,valid,20,0.0218850577082146,4885.24687368421
ID13-20200917,12,7,1062,1064,1062,1067,6,1049,1084,20,return_crossing,return_crossing,1,0,valid,20,0.0813339534374747,745.812666666667
ID13-20200917,12,8,1196,1200,1184,1200,17,1176,1200,20,return_crossing,recording_boundary_unresolved,0,0,insufficient_clean_prebaseline,7,NaN,3107.48984
ID13-20200917,13,1,35,38,32,39,8,15,58,20,return_crossing,return_crossing,1,0,valid,20,0.154288368851983,2676.429
ID13-20200917,13,2,461,464,461,473,13,441,484,20,search_limit_unresolved,return_crossing,0,0,valid,20,0.0247846020952845,3473.6933
ID13-20200917,13,3,880,882,875,891,17,860,902,20,return_crossing,return_crossing,1,0,valid,20,0.253910126972176,1040.36146666667
ID13-20200917,14,1,36,38,32,45,14,16,58,20,return_crossing,return_crossing,1,0,insufficient_clean_prebaseline,13,NaN,1714.42506666667
ID13-20200917,15,1,36,38,32,38,7,16,58,20,return_crossing,search_limit_unresolved,0,0,valid,20,0.128998299457446,1669.10986666667
ID13-20200917,15,2,312,334,312,335,24,292,354,20,search_limit_unresolved,return_crossing,0,0,valid,20,0.0511035188628926,7108.32944347826
ID13-20200917,15,3,453,465,453,465,13,433,485,20,search_limit_unresolved,return_crossing,0,0,valid,20,0.0357698289269049,1940.71058461538
ID13-20200917,16,1,37,43,35,50,16,17,63,20,return_crossing,return_crossing,1,0,valid,20,0.134136727108909,1739.78
ID13-20200917,17,1,39,45,32,51,20,19,65,20,return_crossing,return_crossing,1,0,valid,20,0.15459060361619,1884.6268
ID13-20200917,17,2,182,191,168,202,35,162,211,20,return_crossing,return_crossing,1,0,valid,20,0.130396764673735,2886.57824
ID13-20200917,17,3,339,341,331,343,13,319,361,20,return_crossing,return_crossing,1,0,valid,20,0.0604474377354717,1338.68653333333
ID13-20200917,17,4,579,581,573,600,28,559,601,20,return_crossing,return_crossing,1,0,valid,20,0.0508334481333518,1971.2112
ID13-20200917,17,5,1172,1176,1162,1183,22,1152,1196,20,return_crossing,return_crossing,1,0,valid,20,0.120450873752883,2321.27112
ID13-20200917,18,1,39,42,35,58,24,19,62,20,return_crossing,return_crossing,1,0,insufficient_clean_prebaseline,13,NaN,2987.971
ID13-20200917,18,2,465,468,445,475,31,445,488,20,return_crossing,return_crossing,1,0,valid,20,0.122617688044173,1182.4435
ID13-20200917,18,3,615,621,604,621,18,595,641,20,return_crossing,search_limit_unresolved,0,0,insufficient_clean_prebaseline,1,NaN,2980.2836
ID13-20200917,18,4,673,677,673,687,15,653,697,20,search_limit_unresolved,return_crossing,0,0,valid,20,0.0492326195518607,2578.43488
ID13-20200917,18,5,770,772,761,778,18,750,792,20,return_crossing,return_crossing,1,0,valid,20,0.0742811501597443,1635.12346666667
ID13-20200917,18,6,887,891,880,906,27,867,911,20,return_crossing,return_crossing,1,0,valid,20,0.149536045681656,1893.04248
ID13-20200917,18,7,974,979,973,979,7,954,990,20,return_crossing,search_limit_unresolved,0,0,insufficient_clean_prebaseline,9,NaN,2105.26866666667
ID13-20200917,18,8,1001,1003,1001,1003,3,991,1023,20,search_limit_unresolved,search_limit_unresolved,0,0,valid,20,0.0300485211660807,2677.37306666667
ID13-20200917,18,9,1085,1088,1084,1089,6,1065,1108,20,return_crossing,return_crossing,1,0,insufficient_clean_prebaseline,18,NaN,10222.8259
ID13-20200917,18,10,1196,1198,1186,1198,13,1176,1200,20,return_crossing,recording_boundary_unresolved,0,0,insufficient_clean_prebaseline,17,NaN,4076.47986666667
ID13-20200917,19,1,55,59,36,60,25,35,79,20,return_crossing,return_crossing,1,0,insufficient_clean_prebaseline,15,NaN,2951.1524
ID13-20200917,19,2,464,468,462,470,9,444,488,20,return_crossing,return_crossing,1,0,insufficient_clean_prebaseline,17,NaN,1983.67288
ID13-20200917,19,3,679,681,679,681,3,659,701,20,search_limit_unresolved,search_limit_unresolved,0,0,valid,20,0.030421530852838,1164.97826666667
ID13-20200917,19,4,989,991,982,1011,30,969,1011,20,return_crossing,return_crossing,1,0,insufficient_clean_prebaseline,19,NaN,1387.778
ID13-20200917,20,1,156,158,156,171,16,136,178,20,return_crossing,return_crossing,1,0,valid,20,0.0600482800241399,1217.846
ID13-20200917,20,2,213,268,213,268,56,193,288,20,return_crossing,return_crossing,0,1,insufficient_clean_prebaseline,19,NaN,2650.3323
ID13-20200917,21,1,68,71,61,73,13,48,91,20,return_crossing,return_crossing,1,0,valid,20,0.0815457444490662,1770.125
ID13-20200917,21,2,260,264,259,265,7,240,284,20,return_crossing,return_crossing,1,0,insufficient_clean_prebaseline,10,NaN,2277.0888
ID13-20200917,21,3,318,329,318,333,16,298,340,20,search_limit_unresolved,return_crossing,0,0,valid,20,0.0582077812065107,1459.05503333333
ID13-20200917,21,4,351,356,344,366,23,341,376,20,return_crossing,return_crossing,1,0,insufficient_clean_prebaseline,14,NaN,2240.2702
ID13-20200917,21,5,419,430,417,435,19,399,450,20,return_crossing,return_crossing,1,0,valid,20,0.131899380240612,1957.99426666667
ID13-20200917,21,6,527,531,522,533,12,507,551,20,return_crossing,return_crossing,1,0,valid,20,0.125189352953906,1028.65504
ID13-20200917,21,7,744,750,744,750,7,724,770,20,return_crossing,search_limit_unresolved,0,0,valid,20,0.179058331615677,1114.2684
ID13-20200917,21,8,852,855,851,870,20,832,875,20,return_crossing,return_crossing,1,0,insufficient_clean_prebaseline,18,NaN,2076.0026
ID13-20200917,21,9,978,1004,973,1004,32,958,1024,20,return_crossing,search_limit_unresolved,0,0,insufficient_clean_prebaseline,16,NaN,2199.46554074074
ID13-20200917,21,10,1095,1097,1093,1110,18,1075,1117,20,return_crossing,return_crossing,1,0,valid,20,0.0745321574532158,936.514133333333
ID13-20200917,21,11,1193,1195,1183,1195,13,1173,1200,20,return_crossing,recording_boundary_unresolved,0,0,insufficient_clean_prebaseline,18,NaN,840.219333333333
ID13-20200917,22,1,57,59,53,61,9,37,79,20,return_crossing,return_crossing,1,0,insufficient_clean_prebaseline,6,NaN,953.507333333333
ID13-20200917,22,2,363,387,363,387,25,343,407,20,seed_not_below_return_level,return_crossing,0,1,insufficient_clean_prebaseline,17,NaN,1918.645568
ID13-20200917,22,3,465,468,464,470,7,445,488,20,return_crossing,return_crossing,1,0,insufficient_clean_prebaseline,5,NaN,2472.5106
ID13-20200917,22,4,526,529,525,537,13,506,549,20,return_crossing,return_crossing,1,0,insufficient_clean_prebaseline,18,NaN,1513.8109
ID13-20200917,22,5,587,592,586,599,14,567,612,20,return_crossing,return_crossing,1,0,valid,20,0.075044287814255,1018.64793333333
ID13-20200917,22,6,733,744,722,744,23,713,764,20,return_crossing,seed_not_below_return_level,0,1,valid,20,0.102444526386569,1786.17413333333
ID13-20200917,22,7,805,807,805,807,3,785,827,20,return_crossing,seed_not_below_return_level,0,1,valid,20,0.0691538935807179,1708.76066666667
ID13-20200917,22,8,852,862,852,865,14,832,876,20,return_crossing,return_crossing,1,0,insufficient_clean_prebaseline,10,NaN,3123.14418181818
ID13-20200917,22,9,890,898,888,917,30,877,918,20,return_crossing,return_crossing,1,0,valid,20,0.110699781749869,2157.50702222222
ID13-20200917,22,10,1090,1093,1090,1095,6,1070,1113,20,search_limit_unresolved,return_crossing,0,0,valid,20,0.0528471223805166,960.1158
ID13-20200917,23,1,93,96,87,112,26,73,116,20,return_crossing,return_crossing,1,0,valid,20,0.149337214684445,5063.9736
ID13-20200917,23,2,447,459,445,465,21,427,470,20,return_crossing,return_crossing,1,0,valid,20,0.120535035719714,2347.67593846154
ID13-20200917,23,3,481,487,480,487,8,471,507,20,return_crossing,return_crossing,1,0,valid,20,0.0308000507723467,4645.6172
ID13-20200917,23,4,583,587,581,588,8,563,598,20,return_crossing,return_crossing,1,0,valid,20,0.085617123424685,5647.4068
ID13-20200917,23,5,610,613,610,613,4,599,633,20,search_limit_unresolved,search_limit_unresolved,0,0,valid,20,0.11791730474732,2717.4959
ID13-20200917,23,6,663,669,658,672,15,643,689,20,return_crossing,return_crossing,1,0,valid,20,0.124370332515964,6453.37
ID13-20200917,24,1,125,127,125,128,4,105,147,20,search_limit_unresolved,return_crossing,0,0,valid,20,0.0380826674122381,3308.0096
ID13-20200917,25,1,165,171,161,177,17,145,191,20,return_crossing,return_crossing,1,0,valid,20,0.0857738593475112,5325.3452
ID13-20200917,25,2,706,743,704,758,55,686,763,20,return_crossing,return_crossing,1,0,valid,20,0.163240441369572,7849.21870526316
ID13-20200917,25,3,892,895,887,895,9,872,915,20,return_crossing,search_limit_unresolved,0,0,valid,20,0.0764804158158528,953.0353
ID13-20200917,26,1,98,101,93,104,12,78,121,20,return_crossing,return_crossing,1,0,valid,20,0.108304670885079,9057.3756
ID13-20200917,26,2,149,151,148,161,14,129,171,20,return_crossing,return_crossing,1,0,valid,20,0.0567789372052435,866.6532
ID13-20200917,26,3,765,796,748,796,49,745,816,20,return_crossing,return_crossing,1,0,valid,20,0.174526770957643,2881.2324625
ID13-20200917,27,1,101,103,98,106,9,81,123,20,return_crossing,return_crossing,1,0,valid,20,0.124268903942057,3925.4292
ID13-20200917,27,2,210,224,197,237,41,190,244,20,return_crossing,return_crossing,1,0,valid,20,0.0692410509575889,1873.02826666667
ID13-20200917,28,1,104,123,92,124,33,84,143,20,return_crossing,return_crossing,1,0,valid,20,0.0903425737158068,6224.89238
ID13-20200917,28,2,474,476,456,487,32,454,496,20,return_crossing,return_crossing,1,0,valid,20,0.0839187635713372,879.870133333333
ID13-20200917,28,3,888,890,879,910,32,868,910,20,return_crossing,return_crossing,1,0,valid,20,0.102367229722992,1916.45533333333
ID13-20200917,29,1,120,126,120,126,7,100,136,20,search_limit_unresolved,search_limit_unresolved,0,0,valid,20,0.000433747311209319,3512.7372
ID13-20200917,29,2,146,164,146,164,19,137,184,20,search_limit_unresolved,search_limit_unresolved,0,0,insufficient_clean_prebaseline,19,NaN,2303.92016842105
ID13-20200917,29,3,467,472,461,484,24,447,492,20,return_crossing,return_crossing,1,0,valid,20,0.0380687093779016,2857.6898
ID13-20200917,29,4,758,760,756,772,17,738,780,20,return_crossing,return_crossing,1,0,valid,20,0.125652884195025,3128.63693333333
ID13-20200917,29,5,888,890,886,890,5,868,910,20,return_crossing,search_limit_unresolved,0,0,valid,20,0.0888789638231353,1978.76373333333
ID13-20200917,29,6,1115,1124,1109,1134,26,1095,1144,20,return_crossing,return_crossing,1,0,valid,20,0.0958584483764341,8218.47796
ID13-20200917,30,1,117,119,104,125,22,97,139,20,return_crossing,return_crossing,1,0,valid,20,0.0691174380595956,2207.22786666667
ID13-20200917,30,2,504,506,504,506,3,484,526,20,search_limit_unresolved,search_limit_unresolved,0,0,valid,20,0.102655743113213,902.527733333333
ID13-20200917,31,1,454,456,436,469,34,434,476,20,return_crossing,return_crossing,1,0,valid,20,0.100872386129499,3483.606
ID13-20200917,32,1,139,147,127,155,29,119,167,20,return_crossing,return_crossing,1,0,valid,20,0.0313769653378793,3555.35506666667
ID13-20200917,32,2,388,392,381,394,14,368,412,20,return_crossing,return_crossing,1,0,valid,20,0.0714038762685321,2006.33048
ID13-20200917,32,3,789,796,773,802,30,769,816,20,return_crossing,return_crossing,1,0,insufficient_clean_prebaseline,13,NaN,1878.45665
ID13-20200917,32,4,1106,1110,1090,1115,26,1086,1130,20,return_crossing,return_crossing,1,0,valid,20,0.108097850464065,2262.36136
ID13-20200917,33,1,147,157,137,157,21,127,177,20,return_crossing,search_limit_unresolved,0,0,valid,20,0.0575012466914724,1552.56054545455
ID13-20200917,33,2,204,231,204,231,28,184,245,20,seed_not_below_return_level,search_limit_unresolved,0,1,valid,20,0.072392923649907,2104.5269
ID13-20200917,33,3,259,269,259,269,11,246,289,20,search_limit_unresolved,return_crossing,0,0,valid,20,0.0309660011922068,1589.12167272727
ID13-20200917,33,4,405,408,402,413,12,385,428,20,return_crossing,return_crossing,1,0,valid,20,0.0910627508979505,1171.1147
ID13-20200917,33,5,836,842,835,842,8,816,862,20,return_crossing,search_limit_unresolved,0,0,insufficient_clean_prebaseline,5,NaN,3626.0252
ID13-20200917,34,1,137,139,127,148,22,117,159,20,return_crossing,return_crossing,1,0,valid,20,0.0898788248626975,768.470266666667
ID13-20200917,34,2,794,797,794,817,24,774,817,20,search_limit_unresolved,return_crossing,0,0,valid,20,0.0415405777166437,1040.8335
ID13-20200917,35,1,690,692,688,702,15,670,712,20,return_crossing,return_crossing,1,0,valid,20,0.0553992642285221,927.073466666667
ID13-20200917,36,1,378,380,367,395,29,358,400,20,return_crossing,return_crossing,1,0,valid,20,0.0910008071025021,1208.40533333333
ID13-20200917,36,2,563,572,555,572,18,543,592,20,return_crossing,search_limit_unresolved,0,0,valid,20,0.106291178356947,1898.70688
ID13-20200917,36,3,700,702,698,705,8,680,722,20,return_crossing,return_crossing,1,0,valid,20,0.0792617709305235,1221.62226666667
ID13-20200917,36,4,1177,1182,1177,1182,6,1157,1200,20,search_limit_unresolved,return_crossing,0,0,valid,20,0.097205373094823,2769.8916
ID13-20200917,37,1,167,169,167,169,3,147,189,20,search_limit_unresolved,search_limit_unresolved,0,0,valid,20,0.0341874030864654,1093.2292
ID13-20200917,37,2,926,931,924,944,21,906,951,20,return_crossing,return_crossing,1,0,valid,20,0.11260722324742,1630.40313333333
ID13-20200917,38,1,377,391,366,396,31,357,411,20,return_crossing,return_crossing,1,0,valid,20,0.104003346913568,6939.64525333333
ID13-20200917,39,1,204,208,202,224,23,184,228,20,return_crossing,return_crossing,1,0,valid,20,0.0512700456514104,787.3516
ID13-20200917,39,2,254,257,241,269,29,234,277,20,return_crossing,return_crossing,1,0,valid,20,0.0643097387653946,1241.9197
ID13-20200917,39,3,406,409,405,413,9,386,429,20,return_crossing,return_crossing,1,0,valid,20,0.0755918864273755,1535.0524
ID13-20200917,39,4,907,910,895,910,16,887,927,20,return_crossing,search_limit_unresolved,0,0,valid,20,0.106029106029106,10787.8498
ID13-20200917,39,5,945,956,945,958,14,928,976,20,search_limit_unresolved,return_crossing,0,0,valid,20,0.0420228073420541,4389.43796666667
ID13-20200917,39,6,1133,1135,1116,1135,20,1113,1152,20,return_crossing,search_limit_unresolved,0,0,insufficient_clean_prebaseline,16,NaN,1444.422
ID13-20200917,39,7,1169,1171,1162,1180,19,1153,1191,20,return_crossing,return_crossing,1,0,valid,20,0.0849610314634848,698.609333333333
ID13-20200917,40,1,247,249,247,249,3,227,269,20,search_limit_unresolved,search_limit_unresolved,0,0,valid,20,0.0393272322532771,774.134666666667
ID13-20200917,41,1,252,254,242,261,20,232,274,20,return_crossing,return_crossing,1,0,valid,20,0.0505697270129782,1036.5852
ID13-20200917,41,2,887,893,883,893,11,867,913,20,return_crossing,search_limit_unresolved,0,0,valid,20,0.0873999169256771,3624.4068
ID13-20200917,41,3,1025,1027,1024,1029,6,1005,1038,20,return_crossing,return_crossing,1,0,valid,20,0.130222794067854,4471.09973333333
ID13-20200917,41,4,1050,1053,1049,1058,10,1039,1070,20,return_crossing,return_crossing,1,0,valid,20,0.181241998116582,1600.193
ID13-20200917,41,5,1088,1092,1074,1094,21,1071,1112,20,return_crossing,return_crossing,1,0,valid,20,0.067603927112582,2526.3224
ID13-20200917,42,1,268,273,268,276,9,248,293,20,search_limit_unresolved,return_crossing,0,0,valid,20,0.0740981710402659,4847.78233333333
ID13-20200917,43,1,360,363,360,381,22,340,383,20,search_limit_unresolved,return_crossing,0,0,valid,20,0.0398065797426819,1695.0717
ID13-20200917,44,1,613,615,603,615,13,593,635,20,return_crossing,search_limit_unresolved,0,0,valid,20,0.240606385681619,908.192133333333
ID13-20200917,45,1,392,395,392,397,6,372,415,20,search_limit_unresolved,return_crossing,0,0,valid,20,0.0390634055871102,2105.7407
ID13-20200917,46,1,1113,1115,1103,1115,13,1093,1135,20,return_crossing,search_limit_unresolved,0,0,valid,20,0.0667886550777675,1132.88
ID13-20200917,47,1,436,439,416,439,24,416,459,20,return_crossing,search_limit_unresolved,0,0,valid,20,0.170061692468863,1260.329
ID13-20200917,48,1,442,444,442,460,19,422,464,20,search_limit_unresolved,return_crossing,0,0,valid,20,0.0745151412044914,932.737866666667
ID13-20200917,48,2,987,999,972,999,28,967,1019,20,return_crossing,search_limit_unresolved,0,0,insufficient_clean_prebaseline,17,NaN,2922.8304
ID13-20200917,49,1,479,484,468,503,36,459,504,20,return_crossing,return_crossing,1,0,valid,20,0.0246099115123949,1468.02366666667
ID13-20200917,50,1,698,700,688,700,13,678,720,20,return_crossing,search_limit_unresolved,0,0,valid,20,0.0617559523809523,1019.592
ID13-20200917,50,2,1154,1162,1154,1182,29,1134,1182,20,search_limit_unresolved,return_crossing,0,0,insufficient_clean_prebaseline,11,NaN,2509.95857777778
ID13-20200917,51,1,602,604,600,604,5,582,624,20,return_crossing,search_limit_unresolved,0,0,valid,20,0.268760843084419,1181.97146666667
ID13-20200917,51,2,993,995,993,1007,15,973,1015,20,search_limit_unresolved,return_crossing,0,0,valid,20,0.0497621848309723,675.951733333333
ID13-20200917,52,1,654,656,654,656,3,634,676,20,search_limit_unresolved,search_limit_unresolved,0,0,valid,20,0.0454093470334769,719.3788
ID13-20200917,53,1,662,667,662,683,22,642,687,20,search_limit_unresolved,return_crossing,0,0,insufficient_clean_prebaseline,18,NaN,1070.5716
ID13-20200917,54,1,683,694,683,700,18,663,714,20,search_limit_unresolved,return_crossing,0,0,valid,20,-0.000887672987092289,5610.5882
ID13-20200917,55,1,834,843,834,843,10,814,863,20,search_limit_unresolved,search_limit_unresolved,0,0,valid,20,0.0826001537541638,931.7938
ID13-20200917,55,2,963,967,963,971,9,943,987,20,search_limit_unresolved,return_crossing,0,0,valid,20,0.0558026688232916,942.55616
ID13-20200917,55,3,1110,1112,1099,1123,25,1090,1129,20,return_crossing,return_crossing,1,0,valid,20,0.132770258331272,1376.4492
ID13-20200917,55,4,1147,1153,1147,1163,17,1130,1173,20,search_limit_unresolved,return_crossing,0,0,insufficient_clean_prebaseline,15,NaN,1297.9568
ID13-20200917,56,1,710,712,696,714,19,690,732,20,return_crossing,return_crossing,1,0,valid,20,0.091590385953643,3136.18946666667
ID13-20200917,57,1,723,726,714,726,13,703,746,20,return_crossing,search_limit_unresolved,0,0,valid,20,0.0771013182248471,1656.837
ID13-20200917,58,1,739,741,733,743,11,719,761,20,return_crossing,return_crossing,1,0,valid,20,0.102657888319922,979.9412
ID13-20200917,59,1,759,768,751,768,18,739,788,20,return_crossing,search_limit_unresolved,0,0,valid,20,0.113994546083038,6149.83908
ID13-20200917,60,1,1033,1037,1033,1037,5,1013,1057,20,search_limit_unresolved,search_limit_unresolved,0,0,valid,20,0.0444908337208269,1667.59936
FB2411,1,1,1,4,1,4,4,1,24,20,seed_not_below_return_level,return_crossing,0,1,insufficient_clean_prebaseline,0,NaN,24786
FB2411,1,2,48,52,48,66,19,28,72,20,return_crossing,return_crossing,1,0,valid,20,0.00334170223211886,13358.925
FB2411,1,3,102,110,102,119,18,82,130,20,return_crossing,return_crossing,1,0,valid,20,0.00553277190488301,21530.8125
FB2411,1,4,188,198,187,198,12,168,218,20,return_crossing,return_crossing,1,0,valid,20,0.00248314725047847,20246.3181818182
FB2411,1,5,294,301,294,301,8,274,301,20,seed_not_below_return_level,seed_not_below_return_level,0,1,valid,20,0.00261281330955376,17046.0703125
FB2411,2,1,132,137,130,142,13,112,157,20,return_crossing,return_crossing,1,0,valid,20,0.00409366440388238,11489.34375
FB2411,3,1,281,283,279,286,8,261,301,20,return_crossing,return_crossing,1,0,valid,20,0.00146240437804884,13365
FB2411,4,1,22,25,22,29,8,2,45,20,return_crossing,return_crossing,1,0,valid,20,0.00155486635246594,13019.484375
FB2411,4,2,200,202,199,203,5,180,222,20,return_crossing,return_crossing,1,0,valid,20,0.000889230787120406,10327.5
FB2411,5,1,21,24,20,28,9,1,44,20,return_crossing,return_crossing,1,0,insufficient_clean_prebaseline,19,NaN,12290.484375
FB2411,6,1,129,134,128,142,15,109,154,20,return_crossing,return_crossing,1,0,valid,20,0.00242623371478862,9158.0625
FB2411,7,1,227,230,211,235,25,207,250,20,return_crossing,return_crossing,1,0,valid,20,0.00361513803807883,16926.46875
FB2411,8,1,184,186,180,187,8,164,206,20,return_crossing,return_crossing,1,0,valid,20,0.00182249155746185,18878.0625
FB2411,9,1,49,60,46,60,15,29,80,20,return_crossing,return_crossing,1,0,valid,20,0.00248727764009643,13300.453125
FB2411,9,2,199,203,192,208,17,179,223,20,return_crossing,return_crossing,1,0,valid,20,0.00257996190560156,9449.6625
FB2411,10,1,123,126,104,131,28,103,146,20,return_crossing,return_crossing,1,0,valid,20,0.00371931094377898,8793.5625
FB2411,11,1,72,74,71,77,7,52,94,20,return_crossing,return_crossing,1,0,valid,20,0.001801355464076,17784.5625
FB2411,12,1,75,79,73,81,9,55,99,20,return_crossing,return_crossing,1,0,valid,20,0.00196757475974158,9057.825
FB2411,13,1,243,245,242,252,11,223,265,20,return_crossing,return_crossing,1,0,valid,20,0.0048298412533943,6302.8125
FB2411,14,1,86,88,80,104,25,66,108,20,return_crossing,return_crossing,1,0,valid,20,0.00377123851926145,11557.6875
FB2411,15,1,140,142,131,156,26,120,162,20,return_crossing,return_crossing,1,0,valid,20,0.00421997505016323,11299.5
FB2411,16,1,148,159,140,163,24,128,179,20,return_crossing,return_crossing,1,0,valid,20,0.00524679851951424,20062.6875
FB2411,17,1,143,146,139,159,21,123,166,20,return_crossing,return_crossing,1,0,valid,20,0.00515602541309977,6743.25
FB2411,18,1,170,173,165,186,22,150,193,20,return_crossing,return_crossing,1,0,valid,20,0.00339171473868194,18054.140625
FB2411,19,1,211,214,206,218,13,191,234,20,return_crossing,return_crossing,1,0,valid,20,0.00256548697028731,8144.296875
FB2411,20,1,242,245,242,251,10,222,265,20,return_crossing,return_crossing,1,0,valid,20,0.00380471092679309,8383.5
