RecordingID,EventType,SiteID,EventID,EventRow,StartFrame,EndFrame,DetectedStartFrame,DetectedEndFrame,FootprintPixels,BaselineWindowFrames,CleanBaselineFrames,TruncatedBaseline,OverlapExcludedFrames,NonfiniteBaselineFrames,StoredBaseline,RecomputedBaseline,StoredStatus,RecomputedStatus,StoredAmplitude,RecomputedAmplitude,AbsDifference,MeasurementMatches,WrongDirection,Condition,NativeFilteredMean,NativeZMean,RawExtremeFrame,RawChangeAtExtremePercent,CubicTrendContributionPercent,ResidualContributionPercent,SourceRawSHA256,Session,Role
/Users/zcm361/Documents/Github/OxygenDynamicsV2/reference-validation/phase1-optimized-20260909/M400-01-baseline-awake/Recording,sink,1,1,1,5,10,5,8,417,20,4,1,0,0,NaN,NaN,insufficient_clean_prebaseline,insufficient_clean_prebaseline,NaN,NaN,NaN,1,0,Awake_immobile,-0.127791560233774,-0.150757475489254,NaN,NaN,NaN,NaN,695f8390be5fe18d06685d718b7e99c73d08715f51ef11ec14c694b32b599a05,M400-01-baseline-awake,BOI_reference
/Users/zcm361/Documents/Github/OxygenDynamicsV2/reference-validation/phase1-optimized-20260909/M400-01-baseline-awake/Recording,sink,1,2,2,430,458,436,440,1072,20,20,0,0,0,90.9405317164179,90.9405317164179,valid,valid,0.0520498624193171,0.0520498624193171,0,1,0,Awake_immobile,-0.129735100850699,-0.134492049747795,435,-5.20498624193171,-0.213370364326627,-4.99161587760509,695f8390be5fe18d06685d718b7e99c73d08715f51ef11ec14c694b32b599a05,M400-01-baseline-awake,BOI_reference
/Users/zcm361/Documents/Github/OxygenDynamicsV2/reference-validation/phase1-optimized-20260909/M400-01-baseline-awake/Recording,sink,1,3,3,577,600,582,600,874,20,20,0,0,0,89.6648169336384,89.6648169336384,valid,valid,0.0826756908675265,0.0826756908675265,0,1,0,Awake_immobile,-0.0979414821554229,-0.105930126881138,599,-8.26756908675265,-0.415274026733689,-7.85229506001898,695f8390be5fe18d06685d718b7e99c73d08715f51ef11ec14c694b32b599a05,M400-01-baseline-awake,BOI_reference
/Users/zcm361/Documents/Github/OxygenDynamicsV2/reference-validation/phase1-optimized-20260909/M400-01-baseline-awake/Recording,sink,2,1,4,2,19,2,8,776,20,1,1,0,0,NaN,NaN,insufficient_clean_prebaseline,insufficient_clean_prebaseline,NaN,NaN,NaN,1,0,Awake_immobile,-0.159139523759206,-0.185484966345102,NaN,NaN,NaN,NaN,695f8390be5fe18d06685d718b7e99c73d08715f51ef11ec14c694b32b599a05,M400-01-baseline-awake,BOI_reference
/Users/zcm361/Documents/Github/OxygenDynamicsV2/reference-validation/phase1-optimized-20260909/M400-01-baseline-awake/Recording,sink,2,2,5,30,45,35,39,229,20,20,0,0,0,95.2569868995633,95.2569868995633,valid,valid,0.0540871968955503,0.0540871968955503,0,1,0,Awake_immobile,-0.169520036036791,-0.269642083094956,39,-5.40871968955503,2.05594370503634,-7.46466339459137,695f8390be5fe18d06685d718b7e99c73d08715f51ef11ec14c694b32b599a05,M400-01-baseline-awake,BOI_reference
/Users/zcm361/Documents/Github/OxygenDynamicsV2/reference-validation/phase1-optimized-20260909/M400-01-baseline-awake/Recording,sink,2,3,6,276,298,287,289,313,20,20,0,0,0,100.692012779553,100.692012779553,valid,valid,0.072996452663041,0.072996452663041,0,1,0,Awake_immobile,-0.145254208622014,-0.23117108480619,288,-7.2996452663041,-0.527492825070585,-6.7721524412335,695f8390be5fe18d06685d718b7e99c73d08715f51ef11ec14c694b32b599a05,M400-01-baseline-awake,BOI_reference
/Users/zcm361/Documents/Github/OxygenDynamicsV2/reference-validation/phase1-optimized-20260909/M400-01-baseline-awake/Recording,sink,3,1,7,4,24,4,16,634,20,3,1,0,0,NaN,NaN,insufficient_clean_prebaseline,insufficient_clean_prebaseline,NaN,NaN,NaN,1,0,Awake_immobile,-0.116950275683444,-0.143043242647655,NaN,NaN,NaN,NaN,695f8390be5fe18d06685d718b7e99c73d08715f51ef11ec14c694b32b599a05,M400-01-baseline-awake,BOI_reference
/Users/zcm361/Documents/Github/OxygenDynamicsV2/reference-validation/phase1-optimized-20260909/M400-01-baseline-awake/Recording,sink,3,2,8,241,258,244,256,828,20,20,0,0,0,96.5671497584541,96.5671497584541,valid,valid,0.0564749317138082,0.0564749317138082,0,1,0,Awake_immobile,-0.196713506232702,-0.245089871138592,246,-5.64749317138082,-0.173447755494721,-5.4740454158861,695f8390be5fe18d06685d718b7e99c73d08715f51ef11ec14c694b32b599a05,M400-01-baseline-awake,BOI_reference
/Users/zcm361/Documents/Github/OxygenDynamicsV2/reference-validation/phase1-optimized-20260909/M400-01-baseline-awake/Recording,sink,3,3,9,452,462,457,461,453,20,20,0,0,0,99.3258278145696,99.3258278145696,valid,valid,0.110715508083192,0.110715508083192,0,1,0,Awake_immobile,-0.159601508800804,-0.25712996706595,457,-11.0715508083192,-0.390485592978103,-10.6810652153411,695f8390be5fe18d06685d718b7e99c73d08715f51ef11ec14c694b32b599a05,M400-01-baseline-awake,BOI_reference
/Users/zcm361/Documents/Github/OxygenDynamicsV2/reference-validation/phase1-optimized-20260909/M400-01-baseline-awake/Recording,sink,4,1,10,16,54,18,46,3342,20,15,1,0,0,NaN,NaN,insufficient_clean_prebaseline,insufficient_clean_prebaseline,NaN,NaN,NaN,1,0,Awake_immobile,-0.156205088525019,-0.163879062257262,NaN,NaN,NaN,NaN,695f8390be5fe18d06685d718b7e99c73d08715f51ef11ec14c694b32b599a05,M400-01-baseline-awake,BOI_reference
/Users/zcm361/Documents/Github/OxygenDynamicsV2/reference-validation/phase1-optimized-20260909/M400-01-baseline-awake/Recording,sink,4,2,11,210,227,219,227,783,20,19,0,1,0,NaN,NaN,insufficient_clean_prebaseline,insufficient_clean_prebaseline,NaN,NaN,NaN,1,0,Awake_immobile,-0.289007687577823,-0.335847144169247,NaN,NaN,NaN,NaN,695f8390be5fe18d06685d718b7e99c73d08715f51ef11ec14c694b32b599a05,M400-01-baseline-awake,BOI_reference
/Users/zcm361/Documents/Github/OxygenDynamicsV2/reference-validation/phase1-optimized-20260909/M400-01-baseline-awake/Recording,sink,4,3,12,240,341,252,332,2447,20,6,0,14,0,NaN,NaN,insufficient_clean_prebaseline,insufficient_clean_prebaseline,NaN,NaN,NaN,1,0,Awake_immobile,-0.100707727655225,-0.104590789530438,NaN,NaN,NaN,NaN,695f8390be5fe18d06685d718b7e99c73d08715f51ef11ec14c694b32b599a05,M400-01-baseline-awake,BOI_reference
/Users/zcm361/Documents/Github/OxygenDynamicsV2/reference-validation/phase1-optimized-20260909/M400-01-baseline-awake/Recording,sink,4,4,13,402,409,405,408,318,20,15,0,5,0,NaN,NaN,insufficient_clean_prebaseline,insufficient_clean_prebaseline,NaN,NaN,NaN,1,0,Awake_immobile,-0.27386798858994,-0.40184066498807,NaN,NaN,NaN,NaN,695f8390be5fe18d06685d718b7e99c73d08715f51ef11ec14c694b32b599a05,M400-01-baseline-awake,BOI_reference
/Users/zcm361/Documents/Github/OxygenDynamicsV2/reference-validation/phase1-optimized-20260909/M400-01-baseline-awake/Recording,sink,4,5,14,478,487,482,486,415,20,20,0,0,0,105.002891566265,105.002891566265,valid,valid,0.0953089071557409,0.0953089071557409,0,1,0,Awake_immobile,-0.190934564947902,-0.292415841346374,483,-9.53089071557409,-0.656441988757527,-8.87444872681658,695f8390be5fe18d06685d718b7e99c73d08715f51ef11ec14c694b32b599a05,M400-01-baseline-awake,BOI_reference
/Users/zcm361/Documents/Github/OxygenDynamicsV2/reference-validation/phase1-optimized-20260909/M400-01-baseline-awake/Recording,sink,4,6,15,545,551,546,549,467,20,20,0,0,0,103.972483940043,103.972483940043,valid,valid,0.0715917878947961,0.0715917878947961,0,1,0,Awake_immobile,-0.191833910988983,-0.281635274634814,547,-7.15917878947961,0.469264562758395,-7.62844335223798,695f8390be5fe18d06685d718b7e99c73d08715f51ef11ec14c694b32b599a05,M400-01-baseline-awake,BOI_reference
/Users/zcm361/Documents/Github/OxygenDynamicsV2/reference-validation/phase1-optimized-20260909/M400-01-baseline-awake/Recording,sink,4,7,16,580,600,580,600,1639,20,19,0,1,0,NaN,NaN,insufficient_clean_prebaseline,insufficient_clean_prebaseline,NaN,NaN,NaN,1,0,Awake_immobile,-0.116531533076988,-0.126733052434087,NaN,NaN,NaN,NaN,695f8390be5fe18d06685d718b7e99c73d08715f51ef11ec14c694b32b599a05,M400-01-baseline-awake,BOI_reference
/Users/zcm361/Documents/Github/OxygenDynamicsV2/reference-validation/phase1-optimized-20260909/M400-01-baseline-awake/Recording,sink,5,1,17,23,38,23,33,907,20,20,0,0,0,125.114829106946,125.114829106946,valid,valid,0.0612548648804646,0.0612548648804646,0,1,0,Awake_immobile,-0.171946587271961,-0.205449310153415,26,-6.12548648804646,0.917810556594231,-7.04329704464072,695f8390be5fe18d06685d718b7e99c73d08715f51ef11ec14c694b32b599a05,M400-01-baseline-awake,BOI_reference
/Users/zcm361/Documents/Github/OxygenDynamicsV2/reference-validation/phase1-optimized-20260909/M400-01-baseline-awake/Recording,sink,5,2,18,90,147,90,108,893,20,6,0,14,0,NaN,NaN,insufficient_clean_prebaseline,insufficient_clean_prebaseline,NaN,NaN,NaN,1,0,Awake_immobile,-0.135791891335241,-0.174596668263293,NaN,NaN,NaN,NaN,695f8390be5fe18d06685d718b7e99c73d08715f51ef11ec14c694b32b599a05,M400-01-baseline-awake,BOI_reference
/Users/zcm361/Documents/Github/OxygenDynamicsV2/reference-validation/phase1-optimized-20260909/M400-01-baseline-awake/Recording,sink,6,1,19,13,116,28,30,506,20,12,1,0,0,NaN,NaN,insufficient_clean_prebaseline,insufficient_clean_prebaseline,NaN,NaN,NaN,1,0,Awake_immobile,-0.171302184187691,-0.213793929868589,NaN,NaN,NaN,NaN,695f8390be5fe18d06685d718b7e99c73d08715f51ef11ec14c694b32b599a05,M400-01-baseline-awake,BOI_reference
/Users/zcm361/Documents/Github/OxygenDynamicsV2/reference-validation/phase1-optimized-20260909/M400-01-baseline-awake/Recording,sink,6,2,20,116,156,125,128,797,20,20,0,0,0,119.97252195734,119.97252195734,valid,valid,0.109080812105658,0.109080812105658,0,1,0,Awake_immobile,-0.21962923464252,-0.282239229166396,153,-10.9080812105658,-0.505023074937261,-10.4030581356285,695f8390be5fe18d06685d718b7e99c73d08715f51ef11ec14c694b32b599a05,M400-01-baseline-awake,BOI_reference
/Users/zcm361/Documents/Github/OxygenDynamicsV2/reference-validation/phase1-optimized-20260909/M400-01-baseline-awake/Recording,sink,7,1,21,10,15,11,13,324,20,9,1,0,0,NaN,NaN,insufficient_clean_prebaseline,insufficient_clean_prebaseline,NaN,NaN,NaN,1,0,Awake_immobile,-0.111934536828472,-0.145655535749261,NaN,NaN,NaN,NaN,695f8390be5fe18d06685d718b7e99c73d08715f51ef11ec14c694b32b599a05,M400-01-baseline-awake,BOI_reference
/Users/zcm361/Documents/Github/OxygenDynamicsV2/reference-validation/phase1-optimized-20260909/M400-01-baseline-awake/Recording,sink,7,2,22,94,120,102,104,438,20,20,0,0,0,91.1942922374429,91.1942922374429,valid,valid,0.110559771274638,0.110559771274638,0,1,0,Awake_immobile,-0.20643044395239,-0.231792625674696,101,-11.0559771274638,0.372066759579901,-11.4280438870437,695f8390be5fe18d06685d718b7e99c73d08715f51ef11ec14c694b32b599a05,M400-01-baseline-awake,BOI_reference
/Users/zcm361/Documents/Github/OxygenDynamicsV2/reference-validation/phase1-optimized-20260909/M400-01-baseline-awake/Recording,sink,7,3,23,120,166,124,130,564,20,17,0,3,0,NaN,NaN,insufficient_clean_prebaseline,insufficient_clean_prebaseline,NaN,NaN,NaN,1,0,Awake_immobile,-0.197009359309006,-0.248291915193548,NaN,NaN,NaN,NaN,695f8390be5fe18d06685d718b7e99c73d08715f51ef11ec14c694b32b599a05,M400-01-baseline-awake,BOI_reference
/Users/zcm361/Documents/Github/OxygenDynamicsV2/reference-validation/phase1-optimized-20260909/M400-01-baseline-awake/Recording,sink,7,4,24,193,222,199,208,760,20,20,0,0,0,99.0510526315789,99.0510526315789,valid,valid,0.0829556262852224,0.0829556262852224,0,1,0,Awake_immobile,-0.208010153681816,-0.232418252751024,204,-8.29556262852224,-0.035127795162033,-8.2604348333602,695f8390be5fe18d06685d718b7e99c73d08715f51ef11ec14c694b32b599a05,M400-01-baseline-awake,BOI_reference
/Users/zcm361/Documents/Github/OxygenDynamicsV2/reference-validation/phase1-optimized-20260909/M400-01-baseline-awake/Recording,sink,7,5,25,240,255,245,254,515,20,20,0,0,0,95.1290291262136,95.1290291262136,valid,valid,0.069286579597052,0.069286579597052,0,1,0,Awake_immobile,-0.182586461430488,-0.246087300332871,249,-6.9286579597052,-0.199342613656932,-6.72931534604828,695f8390be5fe18d06685d718b7e99c73d08715f51ef11ec14c694b32b599a05,M400-01-baseline-awake,BOI_reference
/Users/zcm361/Documents/Github/OxygenDynamicsV2/reference-validation/phase1-optimized-20260909/M400-01-baseline-awake/Recording,sink,7,6,26,317,348,335,347,581,20,20,0,0,0,96.0678141135973,96.0678141135973,valid,valid,0.0892656865309575,0.0892656865309575,0,1,0,Awake_immobile,-0.142725647955742,-0.174920182350322,339,-8.92656865309575,-0.711158811690443,-8.2154098414053,695f8390be5fe18d06685d718b7e99c73d08715f51ef11ec14c694b32b599a05,M400-01-baseline-awake,BOI_reference
/Users/zcm361/Documents/Github/OxygenDynamicsV2/reference-validation/phase1-optimized-20260909/M400-01-baseline-awake/Recording,sink,7,7,27,373,402,394,399,844,20,20,0,0,0,92.1311018957346,92.1311018957346,valid,valid,0.0989041090605354,0.0989041090605354,0,1,0,Awake_immobile,-0.113258615923553,-0.130069446080356,387,-9.89041090605354,-0.529296333159208,-9.36111457289435,695f8390be5fe18d06685d718b7e99c73d08715f51ef11ec14c694b32b599a05,M400-01-baseline-awake,BOI_reference
/Users/zcm361/Documents/Github/OxygenDynamicsV2/reference-validation/phase1-optimized-20260909/M400-01-baseline-awake/Recording,sink,7,8,28,556,573,567,570,794,20,18,0,2,0,NaN,NaN,insufficient_clean_prebaseline,insufficient_clean_prebaseline,NaN,NaN,NaN,1,0,Awake_immobile,-0.109270505859096,-0.142901051924934,NaN,NaN,NaN,NaN,695f8390be5fe18d06685d718b7e99c73d08715f51ef11ec14c694b32b599a05,M400-01-baseline-awake,BOI_reference
/Users/zcm361/Documents/Github/OxygenDynamicsV2/reference-validation/phase1-optimized-20260909/M400-01-baseline-awake/Recording,sink,8,1,29,154,168,157,160,436,20,20,0,0,0,107.490711009174,107.490711009174,valid,valid,0.0989193646986778,0.0989193646986778,0,1,0,Awake_immobile,-0.178140371194678,-0.220780049047364,157,-9.89193646986778,-0.415654889386956,-9.47628158048081,695f8390be5fe18d06685d718b7e99c73d08715f51ef11ec14c694b32b599a05,M400-01-baseline-awake,BOI_reference
/Users/zcm361/Documents/Github/OxygenDynamicsV2/reference-validation/phase1-optimized-20260909/M400-01-baseline-awake/Recording,sink,8,2,30,228,241,232,234,383,20,19,0,1,0,NaN,NaN,insufficient_clean_prebaseline,insufficient_clean_prebaseline,NaN,NaN,NaN,1,0,Awake_immobile,-0.246779300019573,-0.349873290919677,NaN,NaN,NaN,NaN,695f8390be5fe18d06685d718b7e99c73d08715f51ef11ec14c694b32b599a05,M400-01-baseline-awake,BOI_reference
/Users/zcm361/Documents/Github/OxygenDynamicsV2/reference-validation/phase1-optimized-20260909/M400-01-baseline-awake/Recording,sink,8,3,31,485,501,488,500,811,20,17,0,3,0,NaN,NaN,insufficient_clean_prebaseline,insufficient_clean_prebaseline,NaN,NaN,NaN,1,0,Awake_immobile,-0.148125437835205,-0.175269510642751,NaN,NaN,NaN,NaN,695f8390be5fe18d06685d718b7e99c73d08715f51ef11ec14c694b32b599a05,M400-01-baseline-awake,BOI_reference
/Users/zcm361/Documents/Github/OxygenDynamicsV2/reference-validation/phase1-optimized-20260909/M400-01-baseline-awake/Recording,sink,9,1,32,219,244,225,242,1916,20,20,0,0,0,113.789613778706,113.789613778706,valid,valid,0.134780197678296,0.134780197678296,0,1,0,Awake_immobile,-0.261781937566372,-0.282282262223139,222,-13.4780197678296,-0.296547600382878,-13.1814721674467,695f8390be5fe18d06685d718b7e99c73d08715f51ef11ec14c694b32b599a05,M400-01-baseline-awake,BOI_reference
/Users/zcm361/Documents/Github/OxygenDynamicsV2/reference-validation/phase1-optimized-20260909/M400-01-baseline-awake/Recording,sink,9,2,33,353,375,361,371,1139,20,20,0,0,0,112.467164179105,112.467164179105,valid,valid,0.133380848258511,0.133380848258511,0,1,0,Awake_immobile,-0.152907340743595,-0.161159475887456,359,-13.3380848258511,-0.403277506858769,-12.9348073189923,695f8390be5fe18d06685d718b7e99c73d08715f51ef11ec14c694b32b599a05,M400-01-baseline-awake,BOI_reference
/Users/zcm361/Documents/Github/OxygenDynamicsV2/reference-validation/phase1-optimized-20260909/M400-01-baseline-awake/Recording,sink,9,3,34,450,461,454,458,361,20,18,0,2,0,NaN,NaN,insufficient_clean_prebaseline,insufficient_clean_prebaseline,NaN,NaN,NaN,1,0,Awake_immobile,-0.152068360046667,-0.247877362262734,NaN,NaN,NaN,NaN,695f8390be5fe18d06685d718b7e99c73d08715f51ef11ec14c694b32b599a05,M400-01-baseline-awake,BOI_reference
/Users/zcm361/Documents/Github/OxygenDynamicsV2/reference-validation/phase1-optimized-20260909/M400-01-baseline-awake/Recording,sink,10,1,35,17,42,28,39,1275,20,16,1,0,0,NaN,NaN,insufficient_clean_prebaseline,insufficient_clean_prebaseline,NaN,NaN,NaN,1,0,Awake_immobile,-0.164091162662694,-0.172018315464026,NaN,NaN,NaN,NaN,695f8390be5fe18d06685d718b7e99c73d08715f51ef11ec14c694b32b599a05,M400-01-baseline-awake,BOI_reference
/Users/zcm361/Documents/Github/OxygenDynamicsV2/reference-validation/phase1-optimized-20260909/M400-01-baseline-awake/Recording,sink,10,2,36,93,118,98,103,610,20,20,0,0,0,99.2127868852459,99.2127868852459,valid,valid,0.0611171880938139,0.0611171880938139,0,1,0,Awake_immobile,-0.183143200782316,-0.211899407159285,99,-6.11171880938139,0.319131963837506,-6.43085077321889,695f8390be5fe18d06685d718b7e99c73d08715f51ef11ec14c694b32b599a05,M400-01-baseline-awake,BOI_reference
/Users/zcm361/Documents/Github/OxygenDynamicsV2/reference-validation/phase1-optimized-20260909/M400-01-baseline-awake/Recording,sink,10,3,37,208,234,226,232,664,20,20,0,0,0,102.365361445783,102.365361445783,valid,valid,0.0932550249666768,0.0932550249666768,0,1,0,Awake_immobile,-0.23380306466497,-0.261272880354114,227,-9.32550249666768,-0.197113895317068,-9.1283886013506,695f8390be5fe18d06685d718b7e99c73d08715f51ef11ec14c694b32b599a05,M400-01-baseline-awake,BOI_reference
/Users/zcm361/Documents/Github/OxygenDynamicsV2/reference-validation/phase1-optimized-20260909/M400-01-baseline-awake/Recording,sink,10,4,38,380,413,394,399,1005,20,20,0,0,0,98.6050746268657,98.6050746268657,valid,valid,0.0783980722132917,0.0783980722132917,0,1,0,Awake_immobile,-0.139822870708854,-0.13436727416827,398,-7.83980722132917,-0.515268258823852,-7.32453896250532,695f8390be5fe18d06685d718b7e99c73d08715f51ef11ec14c694b32b599a05,M400-01-baseline-awake,BOI_reference
/Users/zcm361/Documents/Github/OxygenDynamicsV2/reference-validation/phase1-optimized-20260909/M400-01-baseline-awake/Recording,sink,10,5,39,445,475,448,451,435,20,20,0,0,0,99.2831034482759,99.2831034482759,valid,valid,0.0680313928704981,0.0680313928704981,0,1,0,Awake_immobile,-0.141872127138442,-0.163475512130473,456,-6.80313928704981,-0.501206898035946,-6.30193238901386,695f8390be5fe18d06685d718b7e99c73d08715f51ef11ec14c694b32b599a05,M400-01-baseline-awake,BOI_reference
/Users/zcm361/Documents/Github/OxygenDynamicsV2/reference-validation/phase1-optimized-20260909/M400-01-baseline-awake/Recording,sink,10,6,40,587,596,592,596,654,20,20,0,0,0,92.5496177370031,92.5496177370031,valid,valid,0.0746016889857412,0.0746016889857412,0,1,0,Awake_immobile,-0.122185216086492,-0.144616792031756,593,-7.46016889857412,-0.131264468877912,-7.32890442969621,695f8390be5fe18d06685d718b7e99c73d08715f51ef11ec14c694b32b599a05,M400-01-baseline-awake,BOI_reference
/Users/zcm361/Documents/Github/OxygenDynamicsV2/reference-validation/phase1-optimized-20260909/M400-01-baseline-awake/Recording,sink,11,1,41,58,98,85,96,1100,20,20,0,0,0,72.8199090909091,72.8199090909091,valid,valid,-0.00349679595615087,-0.00349679595615087,0,1,1,Awake_immobile,-0.180542837152669,-0.202371801262254,88,0.349679595615087,3.1426574581712,-2.7929778625561,695f8390be5fe18d06685d718b7e99c73d08715f51ef11ec14c694b32b599a05,M400-01-baseline-awake,BOI_reference
/Users/zcm361/Documents/Github/OxygenDynamicsV2/reference-validation/phase1-optimized-20260909/M400-01-baseline-awake/Recording,sink,11,2,42,310,316,312,315,309,20,20,0,0,0,75.254854368932,75.254854368932,valid,valid,0.103112401225609,0.103112401225609,0,1,0,Awake_immobile,-0.198110926088585,-0.26820027031657,314,-10.3112401225609,0.0430459979078602,-10.3542861204687,695f8390be5fe18d06685d718b7e99c73d08715f51ef11ec14c694b32b599a05,M400-01-baseline-awake,BOI_reference
/Users/zcm361/Documents/Github/OxygenDynamicsV2/reference-validation/phase1-optimized-20260909/M400-01-baseline-awake/Recording,sink,11,3,43,392,404,399,401,287,20,20,0,0,0,83.2134146341463,83.2134146341463,valid,valid,0.0882768583362121,0.0882768583362121,0,1,0,Awake_immobile,-0.146849107875572,-0.257838945411542,400,-8.82768583362121,-0.360811651770572,-8.46687418185062,695f8390be5fe18d06685d718b7e99c73d08715f51ef11ec14c694b32b599a05,M400-01-baseline-awake,BOI_reference
/Users/zcm361/Documents/Github/OxygenDynamicsV2/reference-validation/phase1-optimized-20260909/M400-01-baseline-awake/Recording,sink,11,4,44,467,478,472,475,583,20,20,0,0,0,78.2282161234992,78.2282161234992,valid,valid,0.0550583736505651,0.0550583736505651,0,1,0,Awake_immobile,-0.145012636133829,-0.196108737610738,472,-5.50583736505651,-0.319615955063002,-5.1862214099935,695f8390be5fe18d06685d718b7e99c73d08715f51ef11ec14c694b32b599a05,M400-01-baseline-awake,BOI_reference
/Users/zcm361/Documents/Github/OxygenDynamicsV2/reference-validation/phase1-optimized-20260909/M400-01-baseline-awake/Recording,sink,11,5,45,530,550,533,536,549,20,20,0,0,0,78.9347905282332,78.9347905282332,valid,valid,0.0721861212132401,0.0721861212132401,0,1,0,Awake_immobile,-0.140924673914258,-0.206630323019018,533,-7.21861212132401,-0.294443651045768,-6.92416847027825,695f8390be5fe18d06685d718b7e99c73d08715f51ef11ec14c694b32b599a05,M400-01-baseline-awake,BOI_reference
/Users/zcm361/Documents/Github/OxygenDynamicsV2/reference-validation/phase1-optimized-20260909/M400-01-baseline-awake/Recording,sink,12,1,46,41,48,41,43,436,20,20,0,0,0,125.492889908257,125.492889908257,valid,valid,0.0521229135025378,0.0521229135025378,0,1,0,Awake_immobile,-0.149917477878545,-0.156593730872827,44,-5.21229135025378,-0.495964231199916,-4.71632711905383,695f8390be5fe18d06685d718b7e99c73d08715f51ef11ec14c694b32b599a05,M400-01-baseline-awake,BOI_reference
/Users/zcm361/Documents/Github/OxygenDynamicsV2/reference-validation/phase1-optimized-20260909/M400-01-baseline-awake/Recording,sink,12,2,47,452,474,465,471,1339,20,20,0,0,0,109.873375653473,109.873375653473,valid,valid,0.0794821522092952,0.0794821522092952,0,1,0,Awake_immobile,-0.146972388161295,-0.164943679534242,468,-7.94821522092952,-1.36568318040368,-6.58253204052584,695f8390be5fe18d06685d718b7e99c73d08715f51ef11ec14c694b32b599a05,M400-01-baseline-awake,BOI_reference
/Users/zcm361/Documents/Github/OxygenDynamicsV2/reference-validation/phase1-optimized-20260909/M400-01-baseline-awake/Recording,sink,13,1,48,106,124,109,124,2086,20,20,0,0,0,99.0057286673059,99.0057286673059,valid,valid,0.109274161431045,0.109274161431045,0,1,0,Awake_immobile,-0.172718832874127,-0.187801358399613,111,-10.9274161431045,-0.282426127657173,-10.6449900154474,695f8390be5fe18d06685d718b7e99c73d08715f51ef11ec14c694b32b599a05,M400-01-baseline-awake,BOI_reference
/Users/zcm361/Documents/Github/OxygenDynamicsV2/reference-validation/phase1-optimized-20260909/M400-01-baseline-awake/Recording,sink,13,2,49,310,325,312,324,962,20,20,0,0,0,118.944074844075,118.944074844075,valid,valid,0.102646118565828,0.102646118565828,0,1,0,Awake_immobile,-0.180181188289749,-0.212390292075765,314,-10.2646118565828,-0.454896633423411,-9.80971522315939,695f8390be5fe18d06685d718b7e99c73d08715f51ef11ec14c694b32b599a05,M400-01-baseline-awake,BOI_reference
/Users/zcm361/Documents/Github/OxygenDynamicsV2/reference-validation/phase1-optimized-20260909/M400-01-baseline-awake/Recording,sink,13,3,50,325,373,365,369,190,20,7,0,13,0,NaN,NaN,insufficient_clean_prebaseline,insufficient_clean_prebaseline,NaN,NaN,NaN,1,0,Awake_immobile,-0.138085348394356,-0.0165811848204191,NaN,NaN,NaN,NaN,695f8390be5fe18d06685d718b7e99c73d08715f51ef11ec14c694b32b599a05,M400-01-baseline-awake,BOI_reference
/Users/zcm361/Documents/Github/OxygenDynamicsV2/reference-validation/phase1-optimized-20260909/M400-01-baseline-awake/Recording,sink,13,4,51,503,513,507,511,593,20,20,0,0,0,108.1086846543,108.1086846543,valid,valid,0.0869066402322938,0.0869066402322938,0,1,0,Awake_immobile,-0.171861628797058,-0.229721333750392,509,-8.69066402322938,-0.627565156573618,-8.06309886665579,695f8390be5fe18d06685d718b7e99c73d08715f51ef11ec14c694b32b599a05,M400-01-baseline-awake,BOI_reference
/Users/zcm361/Documents/Github/OxygenDynamicsV2/reference-validation/phase1-optimized-20260909/M400-01-baseline-awake/Recording,sink,14,1,52,65,77,67,76,1515,20,16,0,4,0,NaN,NaN,insufficient_clean_prebaseline,insufficient_clean_prebaseline,NaN,NaN,NaN,1,0,Awake_immobile,-0.209502635775929,-0.259911690879479,NaN,NaN,NaN,NaN,695f8390be5fe18d06685d718b7e99c73d08715f51ef11ec14c694b32b599a05,M400-01-baseline-awake,BOI_reference
/Users/zcm361/Documents/Github/OxygenDynamicsV2/reference-validation/phase1-optimized-20260909/M400-01-baseline-awake/Recording,sink,14,2,53,94,114,107,109,1353,20,17,0,3,0,NaN,NaN,insufficient_clean_prebaseline,insufficient_clean_prebaseline,NaN,NaN,NaN,1,0,Awake_immobile,-0.256004606113187,-0.306141363737725,NaN,NaN,NaN,NaN,695f8390be5fe18d06685d718b7e99c73d08715f51ef11ec14c694b32b599a05,M400-01-baseline-awake,BOI_reference
/Users/zcm361/Documents/Github/OxygenDynamicsV2/reference-validation/phase1-optimized-20260909/M400-01-baseline-awake/Recording,sink,14,3,54,181,222,211,219,1682,20,20,0,0,0,80.0861474435196,80.0861474435196,valid,valid,0.106944142343746,0.106944142343746,0,1,0,Awake_immobile,-0.200896537608178,-0.240106407166102,219,-10.6944142343746,-0.314592983209264,-10.3798212511653,695f8390be5fe18d06685d718b7e99c73d08715f51ef11ec14c694b32b599a05,M400-01-baseline-awake,BOI_reference
/Users/zcm361/Documents/Github/OxygenDynamicsV2/reference-validation/phase1-optimized-20260909/M400-01-baseline-awake/Recording,sink,14,4,55,276,298,292,296,1190,20,20,0,0,0,82.5385714285714,82.5385714285714,valid,valid,0.106412179077976,0.106412179077976,0,1,0,Awake_immobile,-0.200433717310916,-0.261955289750741,294,-10.6412179077976,-0.451620376335112,-10.1895975314625,695f8390be5fe18d06685d718b7e99c73d08715f51ef11ec14c694b32b599a05,M400-01-baseline-awake,BOI_reference
/Users/zcm361/Documents/Github/OxygenDynamicsV2/reference-validation/phase1-optimized-20260909/M400-01-baseline-awake/Recording,sink,14,5,56,316,362,349,358,1242,20,19,0,1,0,NaN,NaN,insufficient_clean_prebaseline,insufficient_clean_prebaseline,NaN,NaN,NaN,1,0,Awake_immobile,-0.276751889014878,-0.31241809463791,NaN,NaN,NaN,NaN,695f8390be5fe18d06685d718b7e99c73d08715f51ef11ec14c694b32b599a05,M400-01-baseline-awake,BOI_reference
/Users/zcm361/Documents/Github/OxygenDynamicsV2/reference-validation/phase1-optimized-20260909/M400-01-baseline-awake/Recording,sink,14,6,57,402,426,404,409,1087,20,19,0,1,0,NaN,NaN,insufficient_clean_prebaseline,insufficient_clean_prebaseline,NaN,NaN,NaN,1,0,Awake_immobile,-0.309913285058911,-0.379442857138917,NaN,NaN,NaN,NaN,695f8390be5fe18d06685d718b7e99c73d08715f51ef11ec14c694b32b599a05,M400-01-baseline-awake,BOI_reference
/Users/zcm361/Documents/Github/OxygenDynamicsV2/reference-validation/phase1-optimized-20260909/M400-01-baseline-awake/Recording,sink,14,7,58,479,487,480,485,1175,20,20,0,0,0,80.596085106383,80.596085106383,valid,valid,0.120869605619406,0.120869605619406,0,1,0,Awake_immobile,-0.189235094580898,-0.228872968794362,482,-12.0869605619406,-0.341051693067572,-11.745908868873,695f8390be5fe18d06685d718b7e99c73d08715f51ef11ec14c694b32b599a05,M400-01-baseline-awake,BOI_reference
/Users/zcm361/Documents/Github/OxygenDynamicsV2/reference-validation/phase1-optimized-20260909/M400-01-baseline-awake/Recording,sink,14,8,59,507,517,513,515,762,20,20,0,0,0,81.0957349081365,81.0957349081365,valid,valid,0.103308603696581,0.103308603696581,0,1,0,Awake_immobile,-0.198887360071208,-0.294862731926291,514,-10.3308603696581,-0.510600835912216,-9.82025953374585,695f8390be5fe18d06685d718b7e99c73d08715f51ef11ec14c694b32b599a05,M400-01-baseline-awake,BOI_reference
/Users/zcm361/Documents/Github/OxygenDynamicsV2/reference-validation/phase1-optimized-20260909/M400-01-baseline-awake/Recording,sink,14,9,60,545,553,546,550,1441,20,20,0,0,0,81.5187369882026,81.5187369882026,valid,valid,0.14176992129805,0.14176992129805,0,1,0,Awake_immobile,-0.246893628450184,-0.303790688042406,547,-14.176992129805,-0.250820512363117,-13.9261716174419,695f8390be5fe18d06685d718b7e99c73d08715f51ef11ec14c694b32b599a05,M400-01-baseline-awake,BOI_reference
/Users/zcm361/Documents/Github/OxygenDynamicsV2/reference-validation/phase1-optimized-20260909/M400-01-baseline-awake/Recording,sink,14,10,61,555,580,572,575,1307,20,15,0,5,0,NaN,NaN,insufficient_clean_prebaseline,insufficient_clean_prebaseline,NaN,NaN,NaN,1,0,Awake_immobile,-0.197543392632032,-0.241075569312882,NaN,NaN,NaN,NaN,695f8390be5fe18d06685d718b7e99c73d08715f51ef11ec14c694b32b599a05,M400-01-baseline-awake,BOI_reference
/Users/zcm361/Documents/Github/OxygenDynamicsV2/reference-validation/phase1-optimized-20260909/M400-01-baseline-awake/Recording,sink,15,1,62,43,76,57,76,1132,20,10,0,10,0,NaN,NaN,insufficient_clean_prebaseline,insufficient_clean_prebaseline,NaN,NaN,NaN,1,0,Awake_immobile,-0.184039389193179,-0.212835906544746,NaN,NaN,NaN,NaN,695f8390be5fe18d06685d718b7e99c73d08715f51ef11ec14c694b32b599a05,M400-01-baseline-awake,BOI_reference
/Users/zcm361/Documents/Github/OxygenDynamicsV2/reference-validation/phase1-optimized-20260909/M400-01-baseline-awake/Recording,sink,15,2,63,93,113,106,108,462,20,16,0,4,0,NaN,NaN,insufficient_clean_prebaseline,insufficient_clean_prebaseline,NaN,NaN,NaN,1,0,Awake_immobile,-0.187355010932873,-0.306744633366505,NaN,NaN,NaN,NaN,695f8390be5fe18d06685d718b7e99c73d08715f51ef11ec14c694b32b599a05,M400-01-baseline-awake,BOI_reference
/Users/zcm361/Documents/Github/OxygenDynamicsV2/reference-validation/phase1-optimized-20260909/M400-01-baseline-awake/Recording,sink,15,3,64,187,193,189,191,316,20,20,0,0,0,130.949841772152,130.949841772152,valid,valid,0.0926809110165138,0.0926809110165138,0,1,0,Awake_immobile,-0.16798990981394,-0.252039208230273,191,-9.26809110165138,-0.238939217979104,-9.02915188367229,695f8390be5fe18d06685d718b7e99c73d08715f51ef11ec14c694b32b599a05,M400-01-baseline-awake,BOI_reference
/Users/zcm361/Documents/Github/OxygenDynamicsV2/reference-validation/phase1-optimized-20260909/M400-01-baseline-awake/Recording,sink,15,4,65,403,427,405,412,1361,20,16,0,4,0,NaN,NaN,insufficient_clean_prebaseline,insufficient_clean_prebaseline,NaN,NaN,NaN,1,0,Awake_immobile,-0.276669264091889,-0.327808940329914,NaN,NaN,NaN,NaN,695f8390be5fe18d06685d718b7e99c73d08715f51ef11ec14c694b32b599a05,M400-01-baseline-awake,BOI_reference
/Users/zcm361/Documents/Github/OxygenDynamicsV2/reference-validation/phase1-optimized-20260909/M400-01-baseline-awake/Recording,sink,15,5,66,479,483,479,482,691,20,20,0,0,0,121.562083936324,121.562083936324,valid,valid,0.0827672578613658,0.0827672578613658,0,1,0,Awake_immobile,-0.170278258623841,-0.232612940234728,481,-8.27672578613658,-0.521929130794653,-7.75479665534191,695f8390be5fe18d06685d718b7e99c73d08715f51ef11ec14c694b32b599a05,M400-01-baseline-awake,BOI_reference
/Users/zcm361/Documents/Github/OxygenDynamicsV2/reference-validation/phase1-optimized-20260909/M400-01-baseline-awake/Recording,sink,15,6,67,511,515,512,514,382,20,20,0,0,0,121.62997382199,121.62997382199,valid,valid,0.0824242698167239,0.0824242698167239,0,1,0,Awake_immobile,-0.168378353899062,-0.276563989077603,514,-8.24242698167239,-0.682237668993976,-7.56018931267838,695f8390be5fe18d06685d718b7e99c73d08715f51ef11ec14c694b32b599a05,M400-01-baseline-awake,BOI_reference
/Users/zcm361/Documents/Github/OxygenDynamicsV2/reference-validation/phase1-optimized-20260909/M400-01-baseline-awake/Recording,sink,15,7,68,545,550,546,548,507,20,18,0,2,0,NaN,NaN,insufficient_clean_prebaseline,insufficient_clean_prebaseline,NaN,NaN,NaN,1,0,Awake_immobile,-0.231124356932776,-0.377349207564056,NaN,NaN,NaN,NaN,695f8390be5fe18d06685d718b7e99c73d08715f51ef11ec14c694b32b599a05,M400-01-baseline-awake,BOI_reference
/Users/zcm361/Documents/Github/OxygenDynamicsV2/reference-validation/phase1-optimized-20260909/M400-01-baseline-awake/Recording,sink,16,1,69,39,57,49,55,782,20,15,0,5,0,NaN,NaN,insufficient_clean_prebaseline,insufficient_clean_prebaseline,NaN,NaN,NaN,1,0,Awake_immobile,-0.213314735466378,-0.271582008145547,NaN,NaN,NaN,NaN,695f8390be5fe18d06685d718b7e99c73d08715f51ef11ec14c694b32b599a05,M400-01-baseline-awake,BOI_reference
/Users/zcm361/Documents/Github/OxygenDynamicsV2/reference-validation/phase1-optimized-20260909/M400-01-baseline-awake/Recording,sink,16,2,70,214,256,234,240,733,20,20,0,0,0,119.328035470668,119.328035470668,valid,valid,0.121456038789287,0.121456038789287,0,1,0,Awake_immobile,-0.259306334024446,-0.315024650231086,238,-12.1456038789287,-1.45014237980622,-10.6954614991225,695f8390be5fe18d06685d718b7e99c73d08715f51ef11ec14c694b32b599a05,M400-01-baseline-awake,BOI_reference
/Users/zcm361/Documents/Github/OxygenDynamicsV2/reference-validation/phase1-optimized-20260909/M400-01-baseline-awake/Recording,sink,17,1,71,50,82,70,80,796,20,20,0,0,0,104.054334170854,104.054334170854,valid,valid,0.0701610882891803,0.0701610882891803,0,1,0,Awake_immobile,-0.171562228555199,-0.235593005081272,63,-7.01610882891803,1.32230371322749,-8.33841254214553,695f8390be5fe18d06685d718b7e99c73d08715f51ef11ec14c694b32b599a05,M400-01-baseline-awake,BOI_reference
/Users/zcm361/Documents/Github/OxygenDynamicsV2/reference-validation/phase1-optimized-20260909/M400-01-baseline-awake/Recording,sink,17,2,72,301,304,301,304,300,20,20,0,0,0,115.1345,115.1345,valid,valid,0.0850990218686261,0.0850990218686261,0,1,0,Awake_immobile,-0.124141432500134,-0.215220259540171,303,-8.50990218686261,-0.232477151673919,-8.27742503518867,695f8390be5fe18d06685d718b7e99c73d08715f51ef11ec14c694b32b599a05,M400-01-baseline-awake,BOI_reference
/Users/zcm361/Documents/Github/OxygenDynamicsV2/reference-validation/phase1-optimized-20260909/M400-01-baseline-awake/Recording,sink,17,3,73,350,378,360,371,459,20,10,0,10,0,NaN,NaN,insufficient_clean_prebaseline,insufficient_clean_prebaseline,NaN,NaN,NaN,1,0,Awake_immobile,-0.154406891659992,-0.191898720069683,NaN,NaN,NaN,NaN,695f8390be5fe18d06685d718b7e99c73d08715f51ef11ec14c694b32b599a05,M400-01-baseline-awake,BOI_reference
/Users/zcm361/Documents/Github/OxygenDynamicsV2/reference-validation/phase1-optimized-20260909/M400-01-baseline-awake/Recording,sink,17,4,74,468,519,488,519,783,20,8,0,12,0,NaN,NaN,insufficient_clean_prebaseline,insufficient_clean_prebaseline,NaN,NaN,NaN,1,0,Awake_immobile,-0.143296761058227,-0.161939612646166,NaN,NaN,NaN,NaN,695f8390be5fe18d06685d718b7e99c73d08715f51ef11ec14c694b32b599a05,M400-01-baseline-awake,BOI_reference
/Users/zcm361/Documents/Github/OxygenDynamicsV2/reference-validation/phase1-optimized-20260909/M400-01-baseline-awake/Recording,sink,17,5,75,552,566,555,557,586,20,20,0,0,0,115.758447098976,115.758447098976,valid,valid,0.0724771852650093,0.0724771852650093,0,1,0,Awake_immobile,-0.121570883534925,-0.17533895692672,556,-7.24771852650093,-0.60480033793327,-6.64291818856766,695f8390be5fe18d06685d718b7e99c73d08715f51ef11ec14c694b32b599a05,M400-01-baseline-awake,BOI_reference
/Users/zcm361/Documents/Github/OxygenDynamicsV2/reference-validation/phase1-optimized-20260909/M400-01-baseline-awake/Recording,sink,18,1,76,59,79,71,78,499,20,20,0,0,0,98.8988977955912,98.8988977955912,valid,valid,0.0268396198218661,0.0268396198218661,0,1,0,Awake_immobile,-0.158120146369793,-0.1917875563071,68,-2.68396198218661,0.169300353097658,-2.85326233528429,695f8390be5fe18d06685d718b7e99c73d08715f51ef11ec14c694b32b599a05,M400-01-baseline-awake,BOI_reference
/Users/zcm361/Documents/Github/OxygenDynamicsV2/reference-validation/phase1-optimized-20260909/M400-01-baseline-awake/Recording,sink,18,2,77,109,118,113,115,508,20,20,0,0,0,103.45561023622,103.45561023622,valid,valid,0.0465879371216496,0.0465879371216496,0,1,0,Awake_immobile,-0.149613227920113,-0.167109326110155,114,-4.65879371216496,0.209561319838281,-4.86835503200327,695f8390be5fe18d06685d718b7e99c73d08715f51ef11ec14c694b32b599a05,M400-01-baseline-awake,BOI_reference
/Users/zcm361/Documents/Github/OxygenDynamicsV2/reference-validation/phase1-optimized-20260909/M400-01-baseline-awake/Recording,sink,18,3,78,260,267,263,266,598,20,20,0,0,0,109.234531772575,109.234531772575,valid,valid,0.0749093915166731,0.0749093915166731,0,1,0,Awake_immobile,-0.143763941070252,-0.179781897539604,264,-7.49093915166731,0.215411664705229,-7.70635081637255,695f8390be5fe18d06685d718b7e99c73d08715f51ef11ec14c694b32b599a05,M400-01-baseline-awake,BOI_reference
/Users/zcm361/Documents/Github/OxygenDynamicsV2/reference-validation/phase1-optimized-20260909/M400-01-baseline-awake/Recording,sink,18,4,79,296,303,297,301,508,20,20,0,0,0,114.710728346457,114.710728346457,valid,valid,0.0483079227876352,0.0483079227876352,0,1,0,Awake_immobile,-0.115332142907877,-0.159766211078764,300,-4.83079227876352,0.174823948390373,-5.00561622715389,695f8390be5fe18d06685d718b7e99c73d08715f51ef11ec14c694b32b599a05,M400-01-baseline-awake,BOI_reference
/Users/zcm361/Documents/Github/OxygenDynamicsV2/reference-validation/phase1-optimized-20260909/M400-01-baseline-awake/Recording,sink,18,5,80,313,354,324,333,686,20,5,0,15,0,NaN,NaN,insufficient_clean_prebaseline,insufficient_clean_prebaseline,NaN,NaN,NaN,1,0,Awake_immobile,-0.131589409943572,-0.1502841982232,NaN,NaN,NaN,NaN,695f8390be5fe18d06685d718b7e99c73d08715f51ef11ec14c694b32b599a05,M400-01-baseline-awake,BOI_reference
/Users/zcm361/Documents/Github/OxygenDynamicsV2/reference-validation/phase1-optimized-20260909/M400-01-baseline-awake/Recording,sink,18,6,81,481,499,483,486,639,20,20,0,0,0,108.561971830986,108.561971830986,valid,valid,0.0918840842944683,0.0918840842944683,0,1,0,Awake_immobile,-0.197127549866789,-0.275419775874886,484,-9.18840842944683,-0.411943402853369,-8.77646502659347,695f8390be5fe18d06685d718b7e99c73d08715f51ef11ec14c694b32b599a05,M400-01-baseline-awake,BOI_reference
/Users/zcm361/Documents/Github/OxygenDynamicsV2/reference-validation/phase1-optimized-20260909/M400-01-baseline-awake/Recording,sink,18,7,82,537,542,537,542,312,20,20,0,0,0,106.698076923077,106.698076923077,valid,valid,0.0728090886698026,0.0728090886698026,0,1,0,Awake_immobile,-0.146720273913736,-0.22355590592571,538,-7.28090886698026,-0.774243024202526,-6.50666584277775,695f8390be5fe18d06685d718b7e99c73d08715f51ef11ec14c694b32b599a05,M400-01-baseline-awake,BOI_reference
/Users/zcm361/Documents/Github/OxygenDynamicsV2/reference-validation/phase1-optimized-20260909/M400-01-baseline-awake/Recording,sink,19,1,83,467,481,471,478,1463,20,7,0,13,0,NaN,NaN,insufficient_clean_prebaseline,insufficient_clean_prebaseline,NaN,NaN,NaN,1,0,Awake_immobile,-0.182991856966909,-0.217543552364082,NaN,NaN,NaN,NaN,695f8390be5fe18d06685d718b7e99c73d08715f51ef11ec14c694b32b599a05,M400-01-baseline-awake,BOI_reference
/Users/zcm361/Documents/Github/OxygenDynamicsV2/reference-validation/phase1-optimized-20260909/M400-01-baseline-awake/Recording,sink,20,1,84,40,64,54,56,604,20,20,0,0,0,131.142549668874,131.142549668874,valid,valid,0.0728202590326237,0.0728202590326237,0,1,0,Awake_immobile,-0.189023402688108,-0.197892912280777,53,-7.28202590326237,-0.0674375564841641,-7.21458834677814,695f8390be5fe18d06685d718b7e99c73d08715f51ef11ec14c694b32b599a05,M400-01-baseline-awake,BOI_reference
/Users/zcm361/Documents/Github/OxygenDynamicsV2/reference-validation/phase1-optimized-20260909/M400-01-baseline-awake/Recording,sink,21,1,85,23,61,55,57,291,20,20,0,0,0,86.8072164948453,86.8072164948453,valid,valid,0.138866786219018,0.138866786219018,0,1,0,Awake_immobile,-0.168714528273949,-0.263579860526454,47,-13.8866786219018,-0.831534261013557,-13.0551443608883,695f8390be5fe18d06685d718b7e99c73d08715f51ef11ec14c694b32b599a05,M400-01-baseline-awake,BOI_reference
/Users/zcm361/Documents/Github/OxygenDynamicsV2/reference-validation/phase1-optimized-20260909/M400-01-baseline-awake/Recording,sink,22,1,86,45,84,71,76,360,20,20,0,0,0,96.2705555555556,96.2705555555556,valid,valid,0.104318269691322,0.104318269691322,0,1,0,Awake_immobile,-0.175345588582395,-0.259441709923259,66,-10.4318269691322,0.997775304808619,-11.4296022739408,695f8390be5fe18d06685d718b7e99c73d08715f51ef11ec14c694b32b599a05,M400-01-baseline-awake,BOI_reference
/Users/zcm361/Documents/Github/OxygenDynamicsV2/reference-validation/phase1-optimized-20260909/M400-01-baseline-awake/Recording,sink,22,2,87,355,378,369,371,298,20,20,0,0,0,84.6604026845638,84.6604026845638,valid,valid,0.0990851725012684,0.0990851725012684,0,1,0,Awake_immobile,-0.134003461624019,-0.243557408353133,358,-9.90851725012684,-0.159034127137541,-9.7494831229893,695f8390be5fe18d06685d718b7e99c73d08715f51ef11ec14c694b32b599a05,M400-01-baseline-awake,BOI_reference
/Users/zcm361/Documents/Github/OxygenDynamicsV2/reference-validation/phase1-optimized-20260909/M400-01-baseline-awake/Recording,sink,22,3,88,482,521,488,512,658,20,20,0,0,0,90.7452127659575,90.7452127659575,valid,valid,0.0766592391436327,0.0766592391436327,0,1,0,Awake_immobile,-0.135398018554376,-0.165699478975579,488,-7.66592391436327,-0.498109215783374,-7.16781469857987,695f8390be5fe18d06685d718b7e99c73d08715f51ef11ec14c694b32b599a05,M400-01-baseline-awake,BOI_reference
/Users/zcm361/Documents/Github/OxygenDynamicsV2/reference-validation/phase1-optimized-20260909/M400-01-baseline-awake/Recording,sink,23,1,89,129,154,136,146,716,20,20,0,0,0,126.558798882682,126.558798882682,valid,valid,0.0869282610926754,0.0869282610926754,0,1,0,Awake_immobile,-0.108014255164542,-0.120003569498205,137,-8.69282610926754,-0.358218918075182,-8.33460719119237,695f8390be5fe18d06685d718b7e99c73d08715f51ef11ec14c694b32b599a05,M400-01-baseline-awake,BOI_reference
/Users/zcm361/Documents/Github/OxygenDynamicsV2/reference-validation/phase1-optimized-20260909/M400-01-baseline-awake/Recording,sink,23,2,90,213,251,216,223,578,20,6,0,14,0,NaN,NaN,insufficient_clean_prebaseline,insufficient_clean_prebaseline,NaN,NaN,NaN,1,0,Awake_immobile,-0.2239590554645,-0.27243651744288,NaN,NaN,NaN,NaN,695f8390be5fe18d06685d718b7e99c73d08715f51ef11ec14c694b32b599a05,M400-01-baseline-awake,BOI_reference
/Users/zcm361/Documents/Github/OxygenDynamicsV2/reference-validation/phase1-optimized-20260909/M400-01-baseline-awake/Recording,sink,23,3,91,213,271,245,257,578,20,6,0,14,0,NaN,NaN,insufficient_clean_prebaseline,insufficient_clean_prebaseline,NaN,NaN,NaN,1,0,Awake_immobile,-0.141606182322093,-0.148026363354937,NaN,NaN,NaN,NaN,695f8390be5fe18d06685d718b7e99c73d08715f51ef11ec14c694b32b599a05,M400-01-baseline-awake,BOI_reference
/Users/zcm361/Documents/Github/OxygenDynamicsV2/reference-validation/phase1-optimized-20260909/M400-01-baseline-awake/Recording,sink,23,4,92,345,392,357,368,451,20,10,0,10,0,NaN,NaN,insufficient_clean_prebaseline,insufficient_clean_prebaseline,NaN,NaN,NaN,1,0,Awake_immobile,-0.193948789675915,-0.210792872262466,NaN,NaN,NaN,NaN,695f8390be5fe18d06685d718b7e99c73d08715f51ef11ec14c694b32b599a05,M400-01-baseline-awake,BOI_reference
/Users/zcm361/Documents/Github/OxygenDynamicsV2/reference-validation/phase1-optimized-20260909/M400-01-baseline-awake/Recording,sink,23,5,93,500,531,500,531,1454,20,20,0,0,0,111.541678129299,111.541678129299,valid,valid,0.0988866801166102,0.0988866801166102,0,1,0,Awake_immobile,-0.156085936286777,-0.170946717948437,504,-9.88866801166102,-0.405848246974606,-9.4828197646864,695f8390be5fe18d06685d718b7e99c73d08715f51ef11ec14c694b32b599a05,M400-01-baseline-awake,BOI_reference
/Users/zcm361/Documents/Github/OxygenDynamicsV2/reference-validation/phase1-optimized-20260909/M400-01-baseline-awake/Recording,sink,23,6,94,553,559,553,557,842,20,9,0,11,0,NaN,NaN,insufficient_clean_prebaseline,insufficient_clean_prebaseline,NaN,NaN,NaN,1,0,Awake_immobile,-0.100080045569116,-0.13265820216966,NaN,NaN,NaN,NaN,695f8390be5fe18d06685d718b7e99c73d08715f51ef11ec14c694b32b599a05,M400-01-baseline-awake,BOI_reference
/Users/zcm361/Documents/Github/OxygenDynamicsV2/reference-validation/phase1-optimized-20260909/M400-01-baseline-awake/Recording,sink,24,1,95,58,73,61,63,308,20,20,0,0,0,123.311688311688,123.311688311688,valid,valid,0.0614797261716694,0.0614797261716694,0,1,0,Awake_immobile,-0.235940401220605,-0.318315632516585,62,-6.14797261716694,-0.189333226024639,-5.95863939114232,695f8390be5fe18d06685d718b7e99c73d08715f51ef11ec14c694b32b599a05,M400-01-baseline-awake,BOI_reference
/Users/zcm361/Documents/Github/OxygenDynamicsV2/reference-validation/phase1-optimized-20260909/M400-01-baseline-awake/Recording,sink,25,1,96,511,546,519,545,1686,20,20,0,0,0,93.6874258600237,93.6874258600237,valid,valid,0.0880999259292086,0.0880999259292086,0,1,0,Awake_immobile,-0.150220620977254,-0.174322744499607,523,-8.80999259292086,-0.889022235870999,-7.92097035704989,695f8390be5fe18d06685d718b7e99c73d08715f51ef11ec14c694b32b599a05,M400-01-baseline-awake,BOI_reference
/Users/zcm361/Documents/Github/OxygenDynamicsV2/reference-validation/phase1-optimized-20260909/M400-01-baseline-awake/Recording,sink,26,1,97,82,109,94,96,239,20,20,0,0,0,79.5177824267782,79.5177824267782,valid,valid,0.0519212302187609,0.0519212302187609,0,1,0,Awake_immobile,-0.126960700780486,-0.140042372575586,100,-5.19212302187609,0.659830055366725,-5.85195307724286,695f8390be5fe18d06685d718b7e99c73d08715f51ef11ec14c694b32b599a05,M400-01-baseline-awake,BOI_reference
/Users/zcm361/Documents/Github/OxygenDynamicsV2/reference-validation/phase1-optimized-20260909/M400-01-baseline-awake/Recording,sink,27,1,98,431,462,449,461,1004,20,20,0,0,0,85.2644422310757,85.2644422310757,valid,valid,0.0837037339890545,0.0837037339890545,0,1,0,Awake_immobile,-0.140119081028688,-0.160024641644574,450,-8.37037339890545,-0.443958624817514,-7.92641477408795,695f8390be5fe18d06685d718b7e99c73d08715f51ef11ec14c694b32b599a05,M400-01-baseline-awake,BOI_reference
/Users/zcm361/Documents/Github/OxygenDynamicsV2/reference-validation/phase1-optimized-20260909/M400-01-baseline-awake/Recording,sink,28,1,99,94,112,102,105,426,20,20,0,0,0,85.899647887324,85.899647887324,valid,valid,0.0690906109733353,0.0690906109733353,0,1,0,Awake_immobile,-0.166516062388188,-0.189561142177198,104,-6.90906109733353,1.03314194137725,-7.94220303871076,695f8390be5fe18d06685d718b7e99c73d08715f51ef11ec14c694b32b599a05,M400-01-baseline-awake,BOI_reference
/Users/zcm361/Documents/Github/OxygenDynamicsV2/reference-validation/phase1-optimized-20260909/M400-01-baseline-awake/Recording,sink,28,2,100,519,547,542,545,680,20,20,0,0,0,85.3888235294118,85.3888235294118,valid,valid,0.0838620566130022,0.0838620566130022,0,1,0,Awake_immobile,-0.142348981777425,-0.172668569993333,542,-8.38620566130022,-0.691887668646444,-7.69431799265374,695f8390be5fe18d06685d718b7e99c73d08715f51ef11ec14c694b32b599a05,M400-01-baseline-awake,BOI_reference
/Users/zcm361/Documents/Github/OxygenDynamicsV2/reference-validation/phase1-optimized-20260909/M400-01-baseline-awake/Recording,sink,29,1,101,255,291,285,287,184,20,19,0,1,0,NaN,NaN,insufficient_clean_prebaseline,insufficient_clean_prebaseline,NaN,NaN,NaN,1,0,Awake_immobile,-0.149993074382993,-0.230766769790469,NaN,NaN,NaN,NaN,695f8390be5fe18d06685d718b7e99c73d08715f51ef11ec14c694b32b599a05,M400-01-baseline-awake,BOI_reference
/Users/zcm361/Documents/Github/OxygenDynamicsV2/reference-validation/phase1-optimized-20260909/M400-01-baseline-awake/Recording,sink,30,1,102,116,152,137,142,397,20,20,0,0,0,117.472544080605,117.472544080605,valid,valid,0.0781060368894817,0.0781060368894817,0,1,0,Awake_immobile,-0.112617805214706,-0.163061559847071,148,-7.81060368894817,-1.03901008669903,-6.77159360224913,695f8390be5fe18d06685d718b7e99c73d08715f51ef11ec14c694b32b599a05,M400-01-baseline-awake,BOI_reference
/Users/zcm361/Documents/Github/OxygenDynamicsV2/reference-validation/phase1-optimized-20260909/M400-01-baseline-awake/Recording,sink,31,1,103,138,151,141,143,348,20,20,0,0,0,72.9030172413793,72.9030172413793,valid,valid,0.0468363536031374,0.0468363536031374,0,1,0,Awake_immobile,-0.110244495886952,-0.122809066765969,142,-4.68363536031374,0.531415453101507,-5.21505081341526,695f8390be5fe18d06685d718b7e99c73d08715f51ef11ec14c694b32b599a05,M400-01-baseline-awake,BOI_reference
/Users/zcm361/Documents/Github/OxygenDynamicsV2/reference-validation/phase1-optimized-20260909/M400-01-baseline-awake/Recording,sink,32,1,104,87,165,142,145,246,20,15,0,5,0,NaN,NaN,insufficient_clean_prebaseline,insufficient_clean_prebaseline,NaN,NaN,NaN,1,0,Awake_immobile,-0.105082219678575,-0.177579505538485,NaN,NaN,NaN,NaN,695f8390be5fe18d06685d718b7e99c73d08715f51ef11ec14c694b32b599a05,M400-01-baseline-awake,BOI_reference
/Users/zcm361/Documents/Github/OxygenDynamicsV2/reference-validation/phase1-optimized-20260909/M400-01-baseline-awake/Recording,sink,33,1,105,129,163,138,147,1119,20,20,0,0,0,123.769481680071,123.769481680071,valid,valid,0.104565010121081,0.104565010121081,0,1,0,Awake_immobile,-0.0903469140735512,-0.101477521864222,157,-10.4565010121081,0.176867951536637,-10.6333689636448,695f8390be5fe18d06685d718b7e99c73d08715f51ef11ec14c694b32b599a05,M400-01-baseline-awake,BOI_reference
/Users/zcm361/Documents/Github/OxygenDynamicsV2/reference-validation/phase1-optimized-20260909/M400-01-baseline-awake/Recording,sink,34,1,106,155,166,159,161,186,20,20,0,0,0,104.565053763441,104.565053763441,valid,valid,0.113686494490748,0.113686494490748,0,1,0,Awake_immobile,-0.14411027128658,-0.176182921276942,157,-11.3686494490748,-0.510589447450859,-10.8580600016239,695f8390be5fe18d06685d718b7e99c73d08715f51ef11ec14c694b32b599a05,M400-01-baseline-awake,BOI_reference
/Users/zcm361/Documents/Github/OxygenDynamicsV2/reference-validation/phase1-optimized-20260909/M400-01-baseline-awake/Recording,sink,34,2,107,208,223,212,218,519,20,11,0,9,0,NaN,NaN,insufficient_clean_prebaseline,insufficient_clean_prebaseline,NaN,NaN,NaN,1,0,Awake_immobile,-0.190886337594112,-0.212694247166432,NaN,NaN,NaN,NaN,695f8390be5fe18d06685d718b7e99c73d08715f51ef11ec14c694b32b599a05,M400-01-baseline-awake,BOI_reference
/Users/zcm361/Documents/Github/OxygenDynamicsV2/reference-validation/phase1-optimized-20260909/M400-01-baseline-awake/Recording,sink,34,3,108,235,266,258,264,635,20,16,0,4,0,NaN,NaN,insufficient_clean_prebaseline,insufficient_clean_prebaseline,NaN,NaN,NaN,1,0,Awake_immobile,-0.167500199501573,-0.211203739262033,NaN,NaN,NaN,NaN,695f8390be5fe18d06685d718b7e99c73d08715f51ef11ec14c694b32b599a05,M400-01-baseline-awake,BOI_reference
/Users/zcm361/Documents/Github/OxygenDynamicsV2/reference-validation/phase1-optimized-20260909/M400-01-baseline-awake/Recording,sink,34,4,109,348,380,356,374,722,20,13,0,7,0,NaN,NaN,insufficient_clean_prebaseline,insufficient_clean_prebaseline,NaN,NaN,NaN,1,0,Awake_immobile,-0.163748708743748,-0.206602315299395,NaN,NaN,NaN,NaN,695f8390be5fe18d06685d718b7e99c73d08715f51ef11ec14c694b32b599a05,M400-01-baseline-awake,BOI_reference
/Users/zcm361/Documents/Github/OxygenDynamicsV2/reference-validation/phase1-optimized-20260909/M400-01-baseline-awake/Recording,sink,34,5,110,575,581,577,579,215,20,20,0,0,0,93.5246511627907,93.5246511627907,valid,valid,0.0791633097603916,0.0791633097603916,0,1,0,Awake_immobile,-0.101373956927149,-0.154484229805507,580,-7.91633097603916,-0.827821178070207,-7.08850979796895,695f8390be5fe18d06685d718b7e99c73d08715f51ef11ec14c694b32b599a05,M400-01-baseline-awake,BOI_reference
/Users/zcm361/Documents/Github/OxygenDynamicsV2/reference-validation/phase1-optimized-20260909/M400-01-baseline-awake/Recording,sink,35,1,111,178,188,180,184,427,20,20,0,0,0,119.333138173302,119.333138173302,valid,valid,0.0577222170433861,0.0577222170433861,0,1,0,Awake_immobile,-0.172072814907486,-0.199538724108673,180,-5.77222170433861,-0.601707739230351,-5.17051396510828,695f8390be5fe18d06685d718b7e99c73d08715f51ef11ec14c694b32b599a05,M400-01-baseline-awake,BOI_reference
/Users/zcm361/Documents/Github/OxygenDynamicsV2/reference-validation/phase1-optimized-20260909/M400-01-baseline-awake/Recording,sink,36,1,112,181,194,183,189,628,20,20,0,0,0,79.530652866242,79.530652866242,valid,valid,0.0656568942992576,0.0656568942992576,0,1,0,Awake_immobile,-0.154661835832911,-0.204209154372679,188,-6.56568942992576,0.0925858995250474,-6.65827532945081,695f8390be5fe18d06685d718b7e99c73d08715f51ef11ec14c694b32b599a05,M400-01-baseline-awake,BOI_reference
/Users/zcm361/Documents/Github/OxygenDynamicsV2/reference-validation/phase1-optimized-20260909/M400-01-baseline-awake/Recording,sink,37,1,113,191,199,193,196,340,20,20,0,0,0,135.609558823529,135.609558823529,valid,valid,0.0668495735486285,0.0668495735486285,0,1,0,Awake_immobile,-0.150768817972173,-0.252203640012425,195,-6.68495735486285,-0.222387729155689,-6.46256962570716,695f8390be5fe18d06685d718b7e99c73d08715f51ef11ec14c694b32b599a05,M400-01-baseline-awake,BOI_reference
/Users/zcm361/Documents/Github/OxygenDynamicsV2/reference-validation/phase1-optimized-20260909/M400-01-baseline-awake/Recording,sink,38,1,114,185,209,194,196,203,20,20,0,0,0,121.70197044335,121.70197044335,valid,valid,0.0798000445244988,0.0798000445244988,0,1,0,Awake_immobile,-0.149373289399546,-0.195553386698619,196,-7.98000445244988,0.02576088409347,-8.00576533654333,695f8390be5fe18d06685d718b7e99c73d08715f51ef11ec14c694b32b599a05,M400-01-baseline-awake,BOI_reference
/Users/zcm361/Documents/Github/OxygenDynamicsV2/reference-validation/phase1-optimized-20260909/M400-01-baseline-awake/Recording,sink,38,2,115,408,435,426,428,416,20,16,0,4,0,NaN,NaN,insufficient_clean_prebaseline,insufficient_clean_prebaseline,NaN,NaN,NaN,1,0,Awake_immobile,-0.103818342204576,-0.130313229747163,NaN,NaN,NaN,NaN,695f8390be5fe18d06685d718b7e99c73d08715f51ef11ec14c694b32b599a05,M400-01-baseline-awake,BOI_reference
/Users/zcm361/Documents/Github/OxygenDynamicsV2/reference-validation/phase1-optimized-20260909/M400-01-baseline-awake/Recording,sink,39,1,116,432,471,449,454,633,20,20,0,0,0,77.3466034755134,77.3466034755134,valid,valid,0.0847501245904854,0.0847501245904854,0,1,0,Awake_immobile,-0.166302335007423,-0.207903012276392,450,-8.47501245904854,-0.442956318753521,-8.032056140295,695f8390be5fe18d06685d718b7e99c73d08715f51ef11ec14c694b32b599a05,M400-01-baseline-awake,BOI_reference
/Users/zcm361/Documents/Github/OxygenDynamicsV2/reference-validation/phase1-optimized-20260909/M400-01-baseline-awake/Recording,sink,40,1,117,205,218,209,211,703,20,20,0,0,0,86.9839971550498,86.9839971550498,valid,valid,0.0732586805342622,0.0732586805342622,0,1,0,Awake_immobile,-0.170454187019282,-0.265130359662956,210,-7.32586805342622,-0.0971109201825838,-7.22875713324365,695f8390be5fe18d06685d718b7e99c73d08715f51ef11ec14c694b32b599a05,M400-01-baseline-awake,BOI_reference
/Users/zcm361/Documents/Github/OxygenDynamicsV2/reference-validation/phase1-optimized-20260909/M400-01-baseline-awake/Recording,sink,41,1,118,222,257,232,234,301,20,20,0,0,0,100.5426910299,100.5426910299,valid,valid,0.111499553089794,0.111499553089794,0,1,0,Awake_immobile,-0.240346527607866,-0.270411311617982,234,-11.1499553089794,-1.0101307167701,-10.1398245922092,695f8390be5fe18d06685d718b7e99c73d08715f51ef11ec14c694b32b599a05,M400-01-baseline-awake,BOI_reference
/Users/zcm361/Documents/Github/OxygenDynamicsV2/reference-validation/phase1-optimized-20260909/M400-01-baseline-awake/Recording,sink,42,1,119,276,307,280,290,952,20,20,0,0,0,108.393382352941,108.393382352941,valid,valid,0.0556979566917498,0.0556979566917498,0,1,0,Awake_immobile,-0.128013500324173,-0.148672065079774,283,-5.56979566917498,-0.325816329718478,-5.24397933945648,695f8390be5fe18d06685d718b7e99c73d08715f51ef11ec14c694b32b599a05,M400-01-baseline-awake,BOI_reference
/Users/zcm361/Documents/Github/OxygenDynamicsV2/reference-validation/phase1-optimized-20260909/M400-01-baseline-awake/Recording,sink,42,2,120,394,409,398,404,666,20,20,0,0,0,86.2403153153153,86.2403153153153,valid,valid,0.131886680926004,0.131886680926004,0,1,0,Awake_immobile,-0.121252959329836,-0.14364829340069,405,-13.1886680926004,-0.42855753571129,-12.7601105568891,695f8390be5fe18d06685d718b7e99c73d08715f51ef11ec14c694b32b599a05,M400-01-baseline-awake,BOI_reference
/Users/zcm361/Documents/Github/OxygenDynamicsV2/reference-validation/phase1-optimized-20260909/M400-01-baseline-awake/Recording,sink,42,3,121,430,465,438,441,459,20,20,0,0,0,92.8976034858388,92.8976034858388,valid,valid,0.0592166979362099,0.0592166979362099,0,1,0,Awake_immobile,-0.128868482856806,-0.182530920596655,453,-5.92166979362099,-0.693850550382842,-5.22781924323816,695f8390be5fe18d06685d718b7e99c73d08715f51ef11ec14c694b32b599a05,M400-01-baseline-awake,BOI_reference
/Users/zcm361/Documents/Github/OxygenDynamicsV2/reference-validation/phase1-optimized-20260909/M400-01-baseline-awake/Recording,sink,42,4,122,430,465,461,463,341,20,20,0,0,0,91.4392961876833,91.4392961876833,valid,valid,0.0631414203612477,0.0631414203612477,0,1,0,Awake_immobile,-0.130920964314121,-0.133067172656463,463,-6.31414203612477,-1.29760470790811,-5.01653732821668,695f8390be5fe18d06685d718b7e99c73d08715f51ef11ec14c694b32b599a05,M400-01-baseline-awake,BOI_reference
/Users/zcm361/Documents/Github/OxygenDynamicsV2/reference-validation/phase1-optimized-20260909/M400-01-baseline-awake/Recording,sink,42,5,123,567,577,572,574,306,20,20,0,0,0,80.366339869281,80.366339869281,valid,valid,0.100320834739612,0.100320834739612,0,1,0,Awake_immobile,-0.150323268123507,-0.229470472269126,573,-10.0320834739612,-0.588883666016282,-9.44319980794489,695f8390be5fe18d06685d718b7e99c73d08715f51ef11ec14c694b32b599a05,M400-01-baseline-awake,BOI_reference
/Users/zcm361/Documents/Github/OxygenDynamicsV2/reference-validation/phase1-optimized-20260909/M400-01-baseline-awake/Recording,sink,43,1,124,256,287,269,279,1153,20,20,0,0,0,79.2457935819601,79.2457935819601,valid,valid,0.0531944699815256,0.0531944699815256,0,1,0,Awake_immobile,-0.156099731247685,-0.183956422711476,269,-5.31944699815257,-0.0805434627496064,-5.23890353540293,695f8390be5fe18d06685d718b7e99c73d08715f51ef11ec14c694b32b599a05,M400-01-baseline-awake,BOI_reference
/Users/zcm361/Documents/Github/OxygenDynamicsV2/reference-validation/phase1-optimized-20260909/M400-01-baseline-awake/Recording,sink,44,1,125,294,352,297,311,843,20,20,0,0,0,98.5629893238434,98.5629893238434,valid,valid,0.0791757232640821,0.0791757232640821,0,1,0,Awake_immobile,-0.112257334001553,-0.12212600731947,351,-7.91757232640821,-0.868473968040275,-7.04909835836792,695f8390be5fe18d06685d718b7e99c73d08715f51ef11ec14c694b32b599a05,M400-01-baseline-awake,BOI_reference
/Users/zcm361/Documents/Github/OxygenDynamicsV2/reference-validation/phase1-optimized-20260909/M400-01-baseline-awake/Recording,sink,45,1,126,296,312,307,309,280,20,20,0,0,0,100.269285714286,100.269285714286,valid,valid,0.0788377013328394,0.0788377013328394,0,1,0,Awake_immobile,-0.137752799255153,-0.202583739844323,308,-7.88377013328394,-0.352550478621012,-7.53121965466294,695f8390be5fe18d06685d718b7e99c73d08715f51ef11ec14c694b32b599a05,M400-01-baseline-awake,BOI_reference
/Users/zcm361/Documents/Github/OxygenDynamicsV2/reference-validation/phase1-optimized-20260909/M400-01-baseline-awake/Recording,sink,46,1,127,333,361,351,358,536,20,18,0,2,0,NaN,NaN,insufficient_clean_prebaseline,insufficient_clean_prebaseline,NaN,NaN,NaN,1,0,Awake_immobile,-0.305505529844459,-0.427095911904637,NaN,NaN,NaN,NaN,695f8390be5fe18d06685d718b7e99c73d08715f51ef11ec14c694b32b599a05,M400-01-baseline-awake,BOI_reference
/Users/zcm361/Documents/Github/OxygenDynamicsV2/reference-validation/phase1-optimized-20260909/M400-01-baseline-awake/Recording,sink,47,1,128,330,350,339,341,471,20,20,0,0,0,87.63025477707,87.63025477707,valid,valid,0.08578918613117,0.08578918613117,0,1,0,Awake_immobile,-0.151455069934951,-0.213076942902388,341,-8.578918613117,-0.239336993494613,-8.33958161962241,695f8390be5fe18d06685d718b7e99c73d08715f51ef11ec14c694b32b599a05,M400-01-baseline-awake,BOI_reference
/Users/zcm361/Documents/Github/OxygenDynamicsV2/reference-validation/phase1-optimized-20260909/M400-01-baseline-awake/Recording,sink,48,1,129,354,375,370,372,1014,20,20,0,0,0,111.448027613412,111.448027613412,valid,valid,0.126931384685904,0.126931384685904,0,1,0,Awake_immobile,-0.142356794937358,-0.177095762032219,359,-12.6931384685904,-0.418141931182714,-12.2749965374076,695f8390be5fe18d06685d718b7e99c73d08715f51ef11ec14c694b32b599a05,M400-01-baseline-awake,BOI_reference
/Users/zcm361/Documents/Github/OxygenDynamicsV2/reference-validation/phase1-optimized-20260909/M400-01-baseline-awake/Recording,sink,49,1,130,396,436,421,428,1787,20,2,0,18,0,NaN,NaN,insufficient_clean_prebaseline,insufficient_clean_prebaseline,NaN,NaN,NaN,1,0,Awake_immobile,-0.0979416645513273,-0.102993444921829,NaN,NaN,NaN,NaN,695f8390be5fe18d06685d718b7e99c73d08715f51ef11ec14c694b32b599a05,M400-01-baseline-awake,BOI_reference
/Users/zcm361/Documents/Github/OxygenDynamicsV2/reference-validation/phase1-optimized-20260909/M400-01-baseline-awake/Recording,sink,50,1,131,393,416,404,406,178,20,20,0,0,0,101.895505617978,101.895505617978,valid,valid,0.110236307298731,0.110236307298731,0,1,0,Awake_immobile,-0.290441317700045,-0.327626028720792,407,-11.0236307298731,-0.426444759546389,-10.5971859703267,695f8390be5fe18d06685d718b7e99c73d08715f51ef11ec14c694b32b599a05,M400-01-baseline-awake,BOI_reference
/Users/zcm361/Documents/Github/OxygenDynamicsV2/reference-validation/phase1-optimized-20260909/M400-01-baseline-awake/Recording,sink,51,1,132,403,418,411,413,357,20,16,0,4,0,NaN,NaN,insufficient_clean_prebaseline,insufficient_clean_prebaseline,NaN,NaN,NaN,1,0,Awake_immobile,-0.187191811645009,-0.218970785018563,NaN,NaN,NaN,NaN,695f8390be5fe18d06685d718b7e99c73d08715f51ef11ec14c694b32b599a05,M400-01-baseline-awake,BOI_reference
/Users/zcm361/Documents/Github/OxygenDynamicsV2/reference-validation/phase1-optimized-20260909/M400-01-baseline-awake/Recording,sink,52,1,133,403,427,412,414,260,20,20,0,0,0,113.307307692308,113.307307692308,valid,valid,0.11255639021178,0.11255639021178,0,1,0,Awake_immobile,-0.167424568849114,-0.165069550685196,406,-11.255639021178,-0.355990884243251,-10.8996481369347,695f8390be5fe18d06685d718b7e99c73d08715f51ef11ec14c694b32b599a05,M400-01-baseline-awake,BOI_reference
/Users/zcm361/Documents/Github/OxygenDynamicsV2/reference-validation/phase1-optimized-20260909/M400-01-baseline-awake/Recording,sink,53,1,134,453,469,456,458,221,20,20,0,0,0,75.7031674208145,75.7031674208145,valid,valid,0.0875292880026777,0.0875292880026777,0,1,0,Awake_immobile,-0.15322929997205,-0.221287969749448,457,-8.75292880026777,-0.467614004014175,-8.28531479625358,695f8390be5fe18d06685d718b7e99c73d08715f51ef11ec14c694b32b599a05,M400-01-baseline-awake,BOI_reference
/Users/zcm361/Documents/Github/OxygenDynamicsV2/reference-validation/phase1-optimized-20260909/M400-01-baseline-awake/Recording,sink,54,1,135,466,473,468,470,327,20,20,0,0,0,131.268042813456,131.268042813456,valid,valid,0.0730268039459844,0.0730268039459844,0,1,0,Awake_immobile,-0.132546321962648,-0.173841130201445,470,-7.30268039459844,-0.810131496451962,-6.49254889814648,695f8390be5fe18d06685d718b7e99c73d08715f51ef11ec14c694b32b599a05,M400-01-baseline-awake,BOI_reference
/Users/zcm361/Documents/Github/OxygenDynamicsV2/reference-validation/phase1-optimized-20260909/M400-01-baseline-awake/Recording,sink,55,1,136,485,500,488,490,208,20,20,0,0,0,108.33125,108.33125,valid,valid,0.100071451078201,0.100071451078201,0,1,0,Awake_immobile,-0.194522534759763,-0.254700962324233,488,-10.0071451078201,-0.405747824091503,-9.60139728372862,695f8390be5fe18d06685d718b7e99c73d08715f51ef11ec14c694b32b599a05,M400-01-baseline-awake,BOI_reference
/Users/zcm361/Documents/Github/OxygenDynamicsV2/reference-validation/phase1-optimized-20260909/M400-01-baseline-awake/Recording,sink,56,1,137,534,568,549,567,1047,20,20,0,0,0,79.0982330468004,79.0982330468004,valid,valid,0.0330715678218599,0.0330715678218599,0,1,0,Awake_immobile,-0.106030583563315,-0.116334495341837,561,-3.30715678218599,-1.70037232032313,-1.60678446186288,695f8390be5fe18d06685d718b7e99c73d08715f51ef11ec14c694b32b599a05,M400-01-baseline-awake,BOI_reference
/Users/zcm361/Documents/Github/OxygenDynamicsV2/reference-validation/phase1-optimized-20260909/M400-01-baseline-awake/Recording,surge,1,1,1,138,156,138,156,4001,20,20,0,0,0,119.136615846038,119.136615846038,valid,valid,0.0166498274681453,0.0166498274681453,0,1,0,Awake_immobile,0.0481871939837991,0.0522233749537107,150,1.66498274681453,0.0867243036330822,1.57825844318145,695f8390be5fe18d06685d718b7e99c73d08715f51ef11ec14c694b32b599a05,M400-01-baseline-awake,BOI_reference
/Users/zcm361/Documents/Github/OxygenDynamicsV2/reference-validation/phase1-optimized-20260909/M400-01-baseline-awake/Recording,surge,1,2,2,241,254,241,254,5475,20,20,0,0,0,108.210575342466,108.210575342466,valid,valid,0.0438686349581543,0.0438686349581543,0,1,0,Awake_immobile,0.0594625342482576,0.0687883197739752,252,4.38686349581543,-0.241379004848974,4.62824250066446,695f8390be5fe18d06685d718b7e99c73d08715f51ef11ec14c694b32b599a05,M400-01-baseline-awake,BOI_reference
/Users/zcm361/Documents/Github/OxygenDynamicsV2/reference-validation/phase1-optimized-20260909/M400-01-baseline-awake/Recording,surge,1,3,3,330,345,330,345,6905,20,19,0,1,0,NaN,NaN,insufficient_clean_prebaseline,insufficient_clean_prebaseline,NaN,NaN,NaN,1,0,Awake_immobile,0.063519267390292,0.0707476300897446,NaN,NaN,NaN,NaN,695f8390be5fe18d06685d718b7e99c73d08715f51ef11ec14c694b32b599a05,M400-01-baseline-awake,BOI_reference
/Users/zcm361/Documents/Github/OxygenDynamicsV2/reference-validation/phase1-optimized-20260909/M400-01-baseline-awake/Recording,surge,1,4,4,432,459,432,459,7483,20,20,0,0,0,112.916597621275,112.916597621275,valid,valid,0.0352694563934713,0.0352694563934713,0,1,0,Awake_immobile,0.0619819320620382,0.065365700735267,443,3.52694563934713,-0.668433309681881,4.19537894902902,695f8390be5fe18d06685d718b7e99c73d08715f51ef11ec14c694b32b599a05,M400-01-baseline-awake,BOI_reference
/Users/zcm361/Documents/Github/OxygenDynamicsV2/reference-validation/phase1-optimized-20260909/M400-01-baseline-awake/Recording,surge,2,1,5,138,169,138,169,4490,20,20,0,0,0,106.753218262806,106.753218262806,valid,valid,0.018880942130858,0.018880942130858,0,1,0,Awake_immobile,0.0454457426440187,0.0497308481483736,150,1.8880942130858,-0.145016265995769,2.03311047908158,695f8390be5fe18d06685d718b7e99c73d08715f51ef11ec14c694b32b599a05,M400-01-baseline-awake,BOI_reference
/Users/zcm361/Documents/Github/OxygenDynamicsV2/reference-validation/phase1-optimized-20260909/M400-01-baseline-awake/Recording,surge,2,2,6,174,188,174,188,4258,20,4,0,16,0,NaN,NaN,insufficient_clean_prebaseline,insufficient_clean_prebaseline,NaN,NaN,NaN,1,0,Awake_immobile,0.0409460707060071,0.0452723674059736,NaN,NaN,NaN,NaN,695f8390be5fe18d06685d718b7e99c73d08715f51ef11ec14c694b32b599a05,M400-01-baseline-awake,BOI_reference
/Users/zcm361/Documents/Github/OxygenDynamicsV2/reference-validation/phase1-optimized-20260909/M400-01-baseline-awake/Recording,surge,2,3,7,369,396,369,396,3236,20,20,0,0,0,100.059718788628,100.059718788628,valid,valid,0.0478136897541871,0.0478136897541871,0,1,0,Awake_immobile,0.0533382080773839,0.0554511629366656,391,4.78136897541872,-0.517410293274969,5.2987792686937,695f8390be5fe18d06685d718b7e99c73d08715f51ef11ec14c694b32b599a05,M400-01-baseline-awake,BOI_reference
/Users/zcm361/Documents/Github/OxygenDynamicsV2/reference-validation/phase1-optimized-20260909/M400-01-baseline-awake/Recording,surge,2,4,8,590,600,590,600,2607,20,20,0,0,0,98.1096279248178,98.1096279248178,valid,valid,0.00818385764185148,0.00818385764185148,0,1,0,Awake_immobile,0.0503217877165281,0.0535426016037786,596,0.818385764185148,-0.973983932552463,1.79236969673755,695f8390be5fe18d06685d718b7e99c73d08715f51ef11ec14c694b32b599a05,M400-01-baseline-awake,BOI_reference
/Users/zcm361/Documents/Github/OxygenDynamicsV2/reference-validation/phase1-optimized-20260909/M400-01-baseline-awake/Recording,surge,3,1,9,27,36,27,36,1552,20,20,0,0,0,126.342074742268,126.342074742268,valid,valid,0.0149941682829049,0.0149941682829049,0,1,0,Awake_immobile,0.0606314746298756,0.0850578582153573,35,1.49941682829049,-0.09599549367897,1.59541232196945,695f8390be5fe18d06685d718b7e99c73d08715f51ef11ec14c694b32b599a05,M400-01-baseline-awake,BOI_reference
/Users/zcm361/Documents/Github/OxygenDynamicsV2/reference-validation/phase1-optimized-20260909/M400-01-baseline-awake/Recording,surge,3,2,10,123,148,123,148,8781,20,14,0,6,0,NaN,NaN,insufficient_clean_prebaseline,insufficient_clean_prebaseline,NaN,NaN,NaN,1,0,Awake_immobile,0.0285269573960502,0.032382076777239,NaN,NaN,NaN,NaN,695f8390be5fe18d06685d718b7e99c73d08715f51ef11ec14c694b32b599a05,M400-01-baseline-awake,BOI_reference
/Users/zcm361/Documents/Github/OxygenDynamicsV2/reference-validation/phase1-optimized-20260909/M400-01-baseline-awake/Recording,surge,3,3,11,200,214,200,214,13706,20,13,0,7,0,NaN,NaN,insufficient_clean_prebaseline,insufficient_clean_prebaseline,NaN,NaN,NaN,1,0,Awake_immobile,0.0100431180600146,0.00823989530275382,NaN,NaN,NaN,NaN,695f8390be5fe18d06685d718b7e99c73d08715f51ef11ec14c694b32b599a05,M400-01-baseline-awake,BOI_reference
/Users/zcm361/Documents/Github/OxygenDynamicsV2/reference-validation/phase1-optimized-20260909/M400-01-baseline-awake/Recording,surge,3,4,12,240,260,240,260,15328,20,20,0,0,0,108.402208376827,108.402208376827,valid,valid,0.0349442300429217,0.0349442300429217,0,1,0,Awake_immobile,0.0330220461176205,0.0325532966334777,255,3.49442300429217,-0.309943121656506,3.8043661259487,695f8390be5fe18d06685d718b7e99c73d08715f51ef11ec14c694b32b599a05,M400-01-baseline-awake,BOI_reference
/Users/zcm361/Documents/Github/OxygenDynamicsV2/reference-validation/phase1-optimized-20260909/M400-01-baseline-awake/Recording,surge,3,5,13,291,301,291,301,16104,20,17,0,3,0,NaN,NaN,insufficient_clean_prebaseline,insufficient_clean_prebaseline,NaN,NaN,NaN,1,0,Awake_immobile,0.0669064158239982,0.0697925127921332,NaN,NaN,NaN,NaN,695f8390be5fe18d06685d718b7e99c73d08715f51ef11ec14c694b32b599a05,M400-01-baseline-awake,BOI_reference
/Users/zcm361/Documents/Github/OxygenDynamicsV2/reference-validation/phase1-optimized-20260909/M400-01-baseline-awake/Recording,surge,3,6,14,308,318,308,318,8718,20,10,0,10,0,NaN,NaN,insufficient_clean_prebaseline,insufficient_clean_prebaseline,NaN,NaN,NaN,1,0,Awake_immobile,0.047453817081968,0.0543910795908715,NaN,NaN,NaN,NaN,695f8390be5fe18d06685d718b7e99c73d08715f51ef11ec14c694b32b599a05,M400-01-baseline-awake,BOI_reference
/Users/zcm361/Documents/Github/OxygenDynamicsV2/reference-validation/phase1-optimized-20260909/M400-01-baseline-awake/Recording,surge,3,7,15,321,330,321,330,3713,20,9,0,11,0,NaN,NaN,insufficient_clean_prebaseline,insufficient_clean_prebaseline,NaN,NaN,NaN,1,0,Awake_immobile,0.062368732630497,0.0728614722380984,NaN,NaN,NaN,NaN,695f8390be5fe18d06685d718b7e99c73d08715f51ef11ec14c694b32b599a05,M400-01-baseline-awake,BOI_reference
/Users/zcm361/Documents/Github/OxygenDynamicsV2/reference-validation/phase1-optimized-20260909/M400-01-baseline-awake/Recording,surge,3,8,16,375,387,375,387,4474,20,14,0,6,0,NaN,NaN,insufficient_clean_prebaseline,insufficient_clean_prebaseline,NaN,NaN,NaN,1,0,Awake_immobile,0.0620344901555571,0.0709154250434464,NaN,NaN,NaN,NaN,695f8390be5fe18d06685d718b7e99c73d08715f51ef11ec14c694b32b599a05,M400-01-baseline-awake,BOI_reference
/Users/zcm361/Documents/Github/OxygenDynamicsV2/reference-validation/phase1-optimized-20260909/M400-01-baseline-awake/Recording,surge,3,9,17,390,399,390,399,5285,20,7,0,13,0,NaN,NaN,insufficient_clean_prebaseline,insufficient_clean_prebaseline,NaN,NaN,NaN,1,0,Awake_immobile,0.058852102771059,0.0659162756825287,NaN,NaN,NaN,NaN,695f8390be5fe18d06685d718b7e99c73d08715f51ef11ec14c694b32b599a05,M400-01-baseline-awake,BOI_reference
/Users/zcm361/Documents/Github/OxygenDynamicsV2/reference-validation/phase1-optimized-20260909/M400-01-baseline-awake/Recording,surge,3,10,18,437,447,437,447,4657,20,20,0,0,0,114.60398325102,114.60398325102,valid,valid,0.0236912035217579,0.0236912035217579,0,1,0,Awake_immobile,0.0519542370673674,0.0591939703308541,438,2.36912035217579,-0.370966175750568,2.74008652792635,695f8390be5fe18d06685d718b7e99c73d08715f51ef11ec14c694b32b599a05,M400-01-baseline-awake,BOI_reference
/Users/zcm361/Documents/Github/OxygenDynamicsV2/reference-validation/phase1-optimized-20260909/M400-01-baseline-awake/Recording,surge,3,11,19,542,555,542,555,15276,20,20,0,0,0,102.820139434407,102.820139434407,valid,valid,0.0415110215448344,0.0415110215448344,0,1,0,Awake_immobile,0.0667216769115525,0.0738179140908067,550,4.15110215448343,-0.574818911333348,4.72592106581677,695f8390be5fe18d06685d718b7e99c73d08715f51ef11ec14c694b32b599a05,M400-01-baseline-awake,BOI_reference
/Users/zcm361/Documents/Github/OxygenDynamicsV2/reference-validation/phase1-optimized-20260909/M400-01-baseline-awake/Recording,surge,4,1,20,170,186,170,186,2979,20,16,0,4,0,NaN,NaN,insufficient_clean_prebaseline,insufficient_clean_prebaseline,NaN,NaN,NaN,1,0,Awake_immobile,0.0587865096573907,0.0618533404666984,NaN,NaN,NaN,NaN,695f8390be5fe18d06685d718b7e99c73d08715f51ef11ec14c694b32b599a05,M400-01-baseline-awake,BOI_reference
/Users/zcm361/Documents/Github/OxygenDynamicsV2/reference-validation/phase1-optimized-20260909/M400-01-baseline-awake/Recording,surge,4,2,21,196,209,196,209,6243,20,9,0,11,0,NaN,NaN,insufficient_clean_prebaseline,insufficient_clean_prebaseline,NaN,NaN,NaN,1,0,Awake_immobile,0.0796255873478594,0.0881877333381614,NaN,NaN,NaN,NaN,695f8390be5fe18d06685d718b7e99c73d08715f51ef11ec14c694b32b599a05,M400-01-baseline-awake,BOI_reference
/Users/zcm361/Documents/Github/OxygenDynamicsV2/reference-validation/phase1-optimized-20260909/M400-01-baseline-awake/Recording,surge,4,3,22,324,334,324,334,3455,20,20,0,0,0,104.692764109986,104.692764109986,valid,valid,0.0372407996936797,0.0372407996936797,0,1,0,Awake_immobile,0.0710047766689271,0.0808450375676463,331,3.72407996936797,-0.432486588035891,4.15656655740391,695f8390be5fe18d06685d718b7e99c73d08715f51ef11ec14c694b32b599a05,M400-01-baseline-awake,BOI_reference
/Users/zcm361/Documents/Github/OxygenDynamicsV2/reference-validation/phase1-optimized-20260909/M400-01-baseline-awake/Recording,surge,4,4,23,392,403,392,403,5525,20,17,0,3,0,NaN,NaN,insufficient_clean_prebaseline,insufficient_clean_prebaseline,NaN,NaN,NaN,1,0,Awake_immobile,0.0599518159851636,0.0776299165026125,NaN,NaN,NaN,NaN,695f8390be5fe18d06685d718b7e99c73d08715f51ef11ec14c694b32b599a05,M400-01-baseline-awake,BOI_reference
/Users/zcm361/Documents/Github/OxygenDynamicsV2/reference-validation/phase1-optimized-20260909/M400-01-baseline-awake/Recording,surge,4,5,24,442,452,442,452,9366,20,20,0,0,0,103.424247277386,103.424247277386,valid,valid,0.0199825224547227,0.0199825224547227,0,1,0,Awake_immobile,0.0878738495013563,0.0946023199938358,443,1.99825224547227,-0.39230709339216,2.39055933886443,695f8390be5fe18d06685d718b7e99c73d08715f51ef11ec14c694b32b599a05,M400-01-baseline-awake,BOI_reference
/Users/zcm361/Documents/Github/OxygenDynamicsV2/reference-validation/phase1-optimized-20260909/M400-01-baseline-awake/Recording,surge,4,6,25,534,544,534,544,3719,20,2,0,18,0,NaN,NaN,insufficient_clean_prebaseline,insufficient_clean_prebaseline,NaN,NaN,NaN,1,0,Awake_immobile,0.062406150337011,0.0752040606635962,NaN,NaN,NaN,NaN,695f8390be5fe18d06685d718b7e99c73d08715f51ef11ec14c694b32b599a05,M400-01-baseline-awake,BOI_reference
/Users/zcm361/Documents/Github/OxygenDynamicsV2/reference-validation/phase1-optimized-20260909/M400-01-baseline-awake/Recording,surge,5,1,26,199,208,199,208,5842,20,20,0,0,0,97.8697021567956,97.8697021567956,valid,valid,0.0286350022772,0.0286350022772,0,1,0,Awake_immobile,0.0760356393721566,0.0782573754229912,203,2.86350022772,-0.294966842009152,3.15846706972915,695f8390be5fe18d06685d718b7e99c73d08715f51ef11ec14c694b32b599a05,M400-01-baseline-awake,BOI_reference
/Users/zcm361/Documents/Github/OxygenDynamicsV2/reference-validation/phase1-optimized-20260909/M400-01-baseline-awake/Recording,surge,5,2,27,389,398,389,398,7040,20,19,0,1,0,NaN,NaN,insufficient_clean_prebaseline,insufficient_clean_prebaseline,NaN,NaN,NaN,1,0,Awake_immobile,0.0715417605463683,0.0752497929670157,NaN,NaN,NaN,NaN,695f8390be5fe18d06685d718b7e99c73d08715f51ef11ec14c694b32b599a05,M400-01-baseline-awake,BOI_reference
/Users/zcm361/Documents/Github/OxygenDynamicsV2/reference-validation/phase1-optimized-20260909/M400-01-baseline-awake/Recording,surge,6,1,28,2,14,2,14,2339,20,1,1,0,0,NaN,NaN,insufficient_clean_prebaseline,insufficient_clean_prebaseline,NaN,NaN,NaN,1,0,Awake_immobile,0.0721612719460138,0.0839562293551583,NaN,NaN,NaN,NaN,695f8390be5fe18d06685d718b7e99c73d08715f51ef11ec14c694b32b599a05,M400-01-baseline-awake,BOI_reference
/Users/zcm361/Documents/Github/OxygenDynamicsV2/reference-validation/phase1-optimized-20260909/M400-01-baseline-awake/Recording,surge,6,2,29,267,278,267,278,9946,20,10,0,10,0,NaN,NaN,insufficient_clean_prebaseline,insufficient_clean_prebaseline,NaN,NaN,NaN,1,0,Awake_immobile,0.0294826954319129,0.0300918486081352,NaN,NaN,NaN,NaN,695f8390be5fe18d06685d718b7e99c73d08715f51ef11ec14c694b32b599a05,M400-01-baseline-awake,BOI_reference
/Users/zcm361/Documents/Github/OxygenDynamicsV2/reference-validation/phase1-optimized-20260909/M400-01-baseline-awake/Recording,surge,6,3,30,588,600,588,600,2853,20,20,0,0,0,106.633087977567,106.633087977567,valid,valid,0.0232716529454267,0.0232716529454267,0,1,0,Awake_immobile,0.0289052236385608,0.0333128473728263,588,2.32716529454267,-0.556671965519553,2.8838372600622,695f8390be5fe18d06685d718b7e99c73d08715f51ef11ec14c694b32b599a05,M400-01-baseline-awake,BOI_reference
/Users/zcm361/Documents/Github/OxygenDynamicsV2/reference-validation/phase1-optimized-20260909/M400-01-baseline-awake/Recording,surge,7,1,31,122,131,122,131,3454,20,20,0,0,0,93.2034887087435,93.2034887087435,valid,valid,0.0730516765015189,0.0730516765015189,0,1,0,Awake_immobile,0.08533747430468,0.141462206567823,131,7.30516765015189,0.947718377966789,6.35744927218513,695f8390be5fe18d06685d718b7e99c73d08715f51ef11ec14c694b32b599a05,M400-01-baseline-awake,BOI_reference
/Users/zcm361/Documents/Github/OxygenDynamicsV2/reference-validation/phase1-optimized-20260909/M400-01-baseline-awake/Recording,surge,7,2,32,535,544,535,544,4353,20,20,0,0,0,80.7920514587641,80.7920514587641,valid,valid,0.0393792448870846,0.0393792448870846,0,1,0,Awake_immobile,0.0728071790260376,0.12285693819113,537,3.93792448870846,-0.425340055197229,4.36326454390568,695f8390be5fe18d06685d718b7e99c73d08715f51ef11ec14c694b32b599a05,M400-01-baseline-awake,BOI_reference
/Users/zcm361/Documents/Github/OxygenDynamicsV2/reference-validation/phase1-optimized-20260909/M400-01-baseline-awake/Recording,surge,8,1,33,144,153,144,153,6108,20,19,0,1,0,NaN,NaN,insufficient_clean_prebaseline,insufficient_clean_prebaseline,NaN,NaN,NaN,1,0,Awake_immobile,0.0718840572276284,0.0782405583289885,NaN,NaN,NaN,NaN,695f8390be5fe18d06685d718b7e99c73d08715f51ef11ec14c694b32b599a05,M400-01-baseline-awake,BOI_reference
/Users/zcm361/Documents/Github/OxygenDynamicsV2/reference-validation/phase1-optimized-20260909/M400-01-baseline-awake/Recording,surge,9,1,34,174,185,174,185,1032,20,20,0,0,0,40.5951065891473,40.5951065891473,valid,valid,0.126219293147134,0.126219293147134,0,1,0,Awake_immobile,0.0875719744657358,0.157865962972343,181,12.6219293147134,0.252549852189947,12.3693794625235,695f8390be5fe18d06685d718b7e99c73d08715f51ef11ec14c694b32b599a05,M400-01-baseline-awake,BOI_reference
/Users/zcm361/Documents/Github/OxygenDynamicsV2/reference-validation/phase1-optimized-20260909/M400-01-baseline-awake/Recording,surge,9,2,35,447,456,447,456,1140,20,20,0,0,0,41.6612719298246,41.6612719298246,valid,valid,0.102437473483409,0.102437473483409,0,1,0,Awake_immobile,0.114060032755545,0.20605680559964,449,10.2437473483409,-0.476295460627811,10.7200428089687,695f8390be5fe18d06685d718b7e99c73d08715f51ef11ec14c694b32b599a05,M400-01-baseline-awake,BOI_reference
/Users/zcm361/Documents/Github/OxygenDynamicsV2/reference-validation/phase1-optimized-20260909/M400-01-baseline-awake/Recording,surge,10,1,36,55,64,55,64,2909,20,20,0,0,0,64.5625472671021,64.5625472671021,valid,valid,0.0541473688245907,0.0541473688245907,0,1,0,Awake_immobile,0.0826442935865585,0.116037011642084,63,5.41473688245907,1.14809148170712,4.26664540075196,695f8390be5fe18d06685d718b7e99c73d08715f51ef11ec14c694b32b599a05,M400-01-baseline-awake,BOI_reference
/Users/zcm361/Documents/Github/OxygenDynamicsV2/reference-validation/phase1-optimized-20260909/M400-01-baseline-awake/Recording,surge,11,1,37,41,50,41,50,3296,20,20,0,0,0,104.011256067961,104.011256067961,valid,valid,0.0705758776224684,0.0705758776224684,0,1,0,Awake_immobile,0.0919077355320403,0.106567367224381,42,7.05758776224684,-0.432566083999363,7.4901538462462,695f8390be5fe18d06685d718b7e99c73d08715f51ef11ec14c694b32b599a05,M400-01-baseline-awake,BOI_reference
/Users/zcm361/Documents/Github/OxygenDynamicsV2/reference-validation/phase1-optimized-20260909/M400-01-baseline-awake/Recording,surge,12,1,38,59,83,59,83,10630,20,17,0,3,0,NaN,NaN,insufficient_clean_prebaseline,insufficient_clean_prebaseline,NaN,NaN,NaN,1,0,Awake_immobile,0.0931414473262847,0.109265735481061,NaN,NaN,NaN,NaN,695f8390be5fe18d06685d718b7e99c73d08715f51ef11ec14c694b32b599a05,M400-01-baseline-awake,BOI_reference
/Users/zcm361/Documents/Github/OxygenDynamicsV2/reference-validation/phase1-optimized-20260909/M400-01-baseline-awake/Recording,surge,13,1,39,59,74,59,74,2025,20,20,0,0,0,52.7456790123457,52.7456790123457,valid,valid,0.0607340136691323,0.0607340136691323,0,1,0,Awake_immobile,0.0779144603787723,0.108143841840687,73,6.07340136691323,3.13877230985455,2.93462905705867,695f8390be5fe18d06685d718b7e99c73d08715f51ef11ec14c694b32b599a05,M400-01-baseline-awake,BOI_reference
/Users/zcm361/Documents/Github/OxygenDynamicsV2/reference-validation/phase1-optimized-20260909/M400-01-baseline-awake/Recording,surge,14,1,40,54,67,54,67,4670,20,5,0,15,0,NaN,NaN,insufficient_clean_prebaseline,insufficient_clean_prebaseline,NaN,NaN,NaN,1,0,Awake_immobile,0.085773797072251,0.101711558968416,NaN,NaN,NaN,NaN,695f8390be5fe18d06685d718b7e99c73d08715f51ef11ec14c694b32b599a05,M400-01-baseline-awake,BOI_reference
/Users/zcm361/Documents/Github/OxygenDynamicsV2/reference-validation/phase1-optimized-20260909/M400-03-baseline-iso/Recording,sink,1,1,1,5,17,7,9,279,20,4,1,0,0,NaN,NaN,insufficient_clean_prebaseline,insufficient_clean_prebaseline,NaN,NaN,NaN,1,0,Anesthetized,-0.0733135551534951,-0.0914605219627028,NaN,NaN,NaN,NaN,20e08bad8c1971f84b8e7080ff8b1ef87819df8a754f39e6d941d3c0d12832fa,M400-03-baseline-iso,BOI_reference
/Users/zcm361/Documents/Github/OxygenDynamicsV2/reference-validation/phase1-optimized-20260909/M400-03-baseline-iso/Recording,sink,2,1,2,571,579,573,575,438,20,20,0,0,0,105.071689497717,105.071689497717,valid,valid,0.0401421947181095,0.0401421947181095,0,1,0,Anesthetized,-0.0700775118970358,-0.0890352910341921,574,-4.01421947181095,-0.716535850045555,-3.29768362176538,20e08bad8c1971f84b8e7080ff8b1ef87819df8a754f39e6d941d3c0d12832fa,M400-03-baseline-iso,BOI_reference
/Users/zcm361/Documents/Github/OxygenDynamicsV2/reference-validation/phase1-optimized-20260909/M400-03-baseline-iso/Recording,sink,3,1,3,25,43,39,43,1488,20,20,0,0,0,140.212063172043,140.212063172043,valid,valid,0.0373452654641071,0.0373452654641071,0,1,0,Anesthetized,-0.0839017811515012,-0.112256534597566,40,-3.73452654641071,1.29877542761485,-5.03330197402556,20e08bad8c1971f84b8e7080ff8b1ef87819df8a754f39e6d941d3c0d12832fa,M400-03-baseline-iso,BOI_reference
/Users/zcm361/Documents/Github/OxygenDynamicsV2/reference-validation/phase1-optimized-20260909/M400-03-baseline-iso/Recording,sink,3,2,4,164,176,173,176,599,20,20,0,0,0,143.953589315526,143.953589315526,valid,valid,0.0507629754535058,0.0507629754535058,0,1,0,Anesthetized,-0.0665918534556902,-0.0955451834837161,172,-5.07629754535058,-0.659976375023438,-4.41632117032715,20e08bad8c1971f84b8e7080ff8b1ef87819df8a754f39e6d941d3c0d12832fa,M400-03-baseline-iso,BOI_reference
/Users/zcm361/Documents/Github/OxygenDynamicsV2/reference-validation/phase1-optimized-20260909/M400-03-baseline-iso/Recording,sink,3,3,5,246,251,246,248,545,20,20,0,0,0,127.770458715596,127.770458715596,valid,valid,0.049557046825658,0.049557046825658,0,1,0,Anesthetized,-0.0756886252801971,-0.0951079298980375,247,-4.9557046825658,-0.59719669949261,-4.35850798307317,20e08bad8c1971f84b8e7080ff8b1ef87819df8a754f39e6d941d3c0d12832fa,M400-03-baseline-iso,BOI_reference
/Users/zcm361/Documents/Github/OxygenDynamicsV2/reference-validation/phase1-optimized-20260909/M400-03-baseline-iso/Recording,sink,3,4,6,296,298,296,298,322,20,20,0,0,0,129.232608695652,129.232608695652,valid,valid,0.0467138795902232,0.0467138795902232,0,1,0,Anesthetized,-0.0609035031524979,-0.0891307710910237,298,-4.67138795902232,-1.1619265812244,-3.5094613777979,20e08bad8c1971f84b8e7080ff8b1ef87819df8a754f39e6d941d3c0d12832fa,M400-03-baseline-iso,BOI_reference
/Users/zcm361/Documents/Github/OxygenDynamicsV2/reference-validation/phase1-optimized-20260909/M400-03-baseline-iso/Recording,sink,3,5,7,351,361,356,360,354,20,20,0,0,0,114.643502824859,114.643502824859,valid,valid,0.0570868178928539,0.0570868178928539,0,1,0,Anesthetized,-0.0598763209523587,-0.0706108383726497,352,-5.70868178928539,-0.905458292558357,-4.80322349672701,20e08bad8c1971f84b8e7080ff8b1ef87819df8a754f39e6d941d3c0d12832fa,M400-03-baseline-iso,BOI_reference
/Users/zcm361/Documents/Github/OxygenDynamicsV2/reference-validation/phase1-optimized-20260909/M400-03-baseline-iso/Recording,sink,3,6,8,499,505,501,503,279,20,20,0,0,0,110.091397849462,110.091397849462,valid,valid,0.0693298171932737,0.0693298171932737,0,1,0,Anesthetized,-0.0708199380923412,-0.122857090335735,502,-6.93298171932737,-1.16373850697522,-5.76924321235216,20e08bad8c1971f84b8e7080ff8b1ef87819df8a754f39e6d941d3c0d12832fa,M400-03-baseline-iso,BOI_reference
/Users/zcm361/Documents/Github/OxygenDynamicsV2/reference-validation/phase1-optimized-20260909/M400-03-baseline-iso/Recording,sink,3,7,9,565,569,565,569,417,20,20,0,0,0,100.993525179856,100.993525179856,valid,valid,0.0580871580437048,0.0580871580437048,0,1,0,Anesthetized,-0.0636713781822074,-0.114823205912327,569,-5.80871580437048,-0.698339115903886,-5.1103766884666,20e08bad8c1971f84b8e7080ff8b1ef87819df8a754f39e6d941d3c0d12832fa,M400-03-baseline-iso,BOI_reference
/Users/zcm361/Documents/Github/OxygenDynamicsV2/reference-validation/phase1-optimized-20260909/M400-03-baseline-iso/Recording,sink,4,1,10,9,13,11,13,221,20,8,1,0,0,NaN,NaN,insufficient_clean_prebaseline,insufficient_clean_prebaseline,NaN,NaN,NaN,1,0,Anesthetized,-0.0764480360711996,-0.120179129352594,NaN,NaN,NaN,NaN,20e08bad8c1971f84b8e7080ff8b1ef87819df8a754f39e6d941d3c0d12832fa,M400-03-baseline-iso,BOI_reference
/Users/zcm361/Documents/Github/OxygenDynamicsV2/reference-validation/phase1-optimized-20260909/M400-03-baseline-iso/Recording,sink,4,2,11,249,259,254,258,1032,20,20,0,0,0,125.244476744186,125.244476744186,valid,valid,0.0550032765374385,0.0550032765374385,0,1,0,Anesthetized,-0.0796455088777716,-0.103028752927975,256,-5.50032765374385,-1.05264822080084,-4.44767943294303,20e08bad8c1971f84b8e7080ff8b1ef87819df8a754f39e6d941d3c0d12832fa,M400-03-baseline-iso,BOI_reference
/Users/zcm361/Documents/Github/OxygenDynamicsV2/reference-validation/phase1-optimized-20260909/M400-03-baseline-iso/Recording,sink,4,3,12,278,283,278,280,404,20,18,0,2,0,NaN,NaN,insufficient_clean_prebaseline,insufficient_clean_prebaseline,NaN,NaN,NaN,1,0,Anesthetized,-0.0737454209625782,-0.0962256589330419,NaN,NaN,NaN,NaN,20e08bad8c1971f84b8e7080ff8b1ef87819df8a754f39e6d941d3c0d12832fa,M400-03-baseline-iso,BOI_reference
/Users/zcm361/Documents/Github/OxygenDynamicsV2/reference-validation/phase1-optimized-20260909/M400-03-baseline-iso/Recording,sink,4,4,13,364,368,364,366,397,20,20,0,0,0,135.467632241814,135.467632241814,valid,valid,0.0381112909568774,0.0381112909568774,0,1,0,Anesthetized,-0.076123493872927,-0.0838097817781866,367,-3.81112909568774,-1.05474920399175,-2.75637989169601,20e08bad8c1971f84b8e7080ff8b1ef87819df8a754f39e6d941d3c0d12832fa,M400-03-baseline-iso,BOI_reference
/Users/zcm361/Documents/Github/OxygenDynamicsV2/reference-validation/phase1-optimized-20260909/M400-03-baseline-iso/Recording,sink,4,5,14,593,598,593,595,499,20,20,0,0,0,114.268236472946,114.268236472946,valid,valid,0.0382822823981473,0.0382822823981473,0,1,0,Anesthetized,-0.0862300937899507,-0.111432779017253,594,-3.82822823981473,-0.126614975231245,-3.70161326458347,20e08bad8c1971f84b8e7080ff8b1ef87819df8a754f39e6d941d3c0d12832fa,M400-03-baseline-iso,BOI_reference
/Users/zcm361/Documents/Github/OxygenDynamicsV2/reference-validation/phase1-optimized-20260909/M400-03-baseline-iso/Recording,sink,5,1,15,489,538,497,499,651,20,19,0,1,0,NaN,NaN,insufficient_clean_prebaseline,insufficient_clean_prebaseline,NaN,NaN,NaN,1,0,Anesthetized,-0.0827266037432192,-0.0849625734394387,NaN,NaN,NaN,NaN,20e08bad8c1971f84b8e7080ff8b1ef87819df8a754f39e6d941d3c0d12832fa,M400-03-baseline-iso,BOI_reference
/Users/zcm361/Documents/Github/OxygenDynamicsV2/reference-validation/phase1-optimized-20260909/M400-03-baseline-iso/Recording,sink,6,1,16,12,17,14,16,426,20,11,1,0,0,NaN,NaN,insufficient_clean_prebaseline,insufficient_clean_prebaseline,NaN,NaN,NaN,1,0,Anesthetized,-0.0823163293434689,-0.149513710572669,NaN,NaN,NaN,NaN,20e08bad8c1971f84b8e7080ff8b1ef87819df8a754f39e6d941d3c0d12832fa,M400-03-baseline-iso,BOI_reference
/Users/zcm361/Documents/Github/OxygenDynamicsV2/reference-validation/phase1-optimized-20260909/M400-03-baseline-iso/Recording,sink,6,2,17,157,196,185,190,553,20,20,0,0,0,150.074231464738,150.074231464738,valid,valid,0.0532593574849337,0.0532593574849337,0,1,0,Anesthetized,-0.05354897190747,-0.0589055840237638,187,-5.32593574849337,-0.766900364341201,-4.55903538415216,20e08bad8c1971f84b8e7080ff8b1ef87819df8a754f39e6d941d3c0d12832fa,M400-03-baseline-iso,BOI_reference
/Users/zcm361/Documents/Github/OxygenDynamicsV2/reference-validation/phase1-optimized-20260909/M400-03-baseline-iso/Recording,sink,6,3,18,231,233,231,233,186,20,20,0,0,0,150.624462365591,150.624462365591,valid,valid,0.0971992939786517,0.0971992939786517,0,1,0,Anesthetized,-0.0698976972237176,-0.259423585442532,233,-9.71992939786517,-0.730671296375939,-8.98925810148925,20e08bad8c1971f84b8e7080ff8b1ef87819df8a754f39e6d941d3c0d12832fa,M400-03-baseline-iso,BOI_reference
/Users/zcm361/Documents/Github/OxygenDynamicsV2/reference-validation/phase1-optimized-20260909/M400-03-baseline-iso/Recording,sink,6,4,19,400,409,406,408,331,20,20,0,0,0,145.890332326284,145.890332326284,valid,valid,0.0577493751255441,0.0577493751255441,0,1,0,Anesthetized,-0.0749179522271483,-0.143550915642635,406,-5.77493751255441,-1.41691390702365,-4.35802360553077,20e08bad8c1971f84b8e7080ff8b1ef87819df8a754f39e6d941d3c0d12832fa,M400-03-baseline-iso,BOI_reference
/Users/zcm361/Documents/Github/OxygenDynamicsV2/reference-validation/phase1-optimized-20260909/M400-03-baseline-iso/Recording,sink,6,5,20,421,432,428,430,550,20,17,0,3,0,NaN,NaN,insufficient_clean_prebaseline,insufficient_clean_prebaseline,NaN,NaN,NaN,1,0,Anesthetized,-0.0806896193125938,-0.0959360840553189,NaN,NaN,NaN,NaN,20e08bad8c1971f84b8e7080ff8b1ef87819df8a754f39e6d941d3c0d12832fa,M400-03-baseline-iso,BOI_reference
/Users/zcm361/Documents/Github/OxygenDynamicsV2/reference-validation/phase1-optimized-20260909/M400-03-baseline-iso/Recording,sink,7,1,21,16,22,18,20,338,20,15,1,0,0,NaN,NaN,insufficient_clean_prebaseline,insufficient_clean_prebaseline,NaN,NaN,NaN,1,0,Anesthetized,-0.0785693769660986,-0.132423745574801,NaN,NaN,NaN,NaN,20e08bad8c1971f84b8e7080ff8b1ef87819df8a754f39e6d941d3c0d12832fa,M400-03-baseline-iso,BOI_reference
/Users/zcm361/Documents/Github/OxygenDynamicsV2/reference-validation/phase1-optimized-20260909/M400-03-baseline-iso/Recording,sink,8,1,22,236,246,238,240,670,20,20,0,0,0,137.140373134328,137.140373134328,valid,valid,0.0559406121084128,0.0559406121084128,0,1,0,Anesthetized,-0.0648540343745381,-0.0883746767623943,239,-5.59406121084128,-1.00128277054726,-4.59277844029401,20e08bad8c1971f84b8e7080ff8b1ef87819df8a754f39e6d941d3c0d12832fa,M400-03-baseline-iso,BOI_reference
/Users/zcm361/Documents/Github/OxygenDynamicsV2/reference-validation/phase1-optimized-20260909/M400-03-baseline-iso/Recording,sink,8,2,23,572,581,577,579,417,20,20,0,0,0,107.38309352518,107.38309352518,valid,valid,0.0574993719119,0.0574993719119,0,1,0,Anesthetized,-0.0881151561882141,-0.109350574221982,579,-5.74993719119,-0.456943315841396,-5.29299387534862,20e08bad8c1971f84b8e7080ff8b1ef87819df8a754f39e6d941d3c0d12832fa,M400-03-baseline-iso,BOI_reference
/Users/zcm361/Documents/Github/OxygenDynamicsV2/reference-validation/phase1-optimized-20260909/M400-03-baseline-iso/Recording,sink,9,1,24,213,220,215,217,389,20,20,0,0,0,134.127892030848,134.127892030848,valid,valid,0.0821598156231582,0.0821598156231582,0,1,0,Anesthetized,-0.0777668042775585,-0.163203441516419,215,-8.21598156231582,-1.05872617831536,-7.15725538400047,20e08bad8c1971f84b8e7080ff8b1ef87819df8a754f39e6d941d3c0d12832fa,M400-03-baseline-iso,BOI_reference
/Users/zcm361/Documents/Github/OxygenDynamicsV2/reference-validation/phase1-optimized-20260909/M400-03-baseline-iso/Recording,sink,9,2,25,580,594,582,584,258,20,20,0,0,0,93.6375968992248,93.6375968992248,valid,valid,0.0639733427158145,0.0639733427158145,0,1,0,Anesthetized,-0.0776195129384443,-0.156261972283905,584,-6.39733427158145,-0.454948756452749,-5.9423855151287,20e08bad8c1971f84b8e7080ff8b1ef87819df8a754f39e6d941d3c0d12832fa,M400-03-baseline-iso,BOI_reference
/Users/zcm361/Documents/Github/OxygenDynamicsV2/reference-validation/phase1-optimized-20260909/M400-03-baseline-iso/Recording,sink,10,1,26,19,25,22,25,366,20,18,1,0,0,NaN,NaN,insufficient_clean_prebaseline,insufficient_clean_prebaseline,NaN,NaN,NaN,1,0,Anesthetized,-0.0573879424949725,-0.0873826285625383,NaN,NaN,NaN,NaN,20e08bad8c1971f84b8e7080ff8b1ef87819df8a754f39e6d941d3c0d12832fa,M400-03-baseline-iso,BOI_reference
/Users/zcm361/Documents/Github/OxygenDynamicsV2/reference-validation/phase1-optimized-20260909/M400-03-baseline-iso/Recording,sink,10,2,27,215,220,216,219,560,20,20,0,0,0,116.778660714286,116.778660714286,valid,valid,0.0390092367964119,0.0390092367964119,0,1,0,Anesthetized,-0.0613427081147577,-0.0921348957750264,217,-3.90092367964119,-0.351296626591917,-3.5496270530493,20e08bad8c1971f84b8e7080ff8b1ef87819df8a754f39e6d941d3c0d12832fa,M400-03-baseline-iso,BOI_reference
/Users/zcm361/Documents/Github/OxygenDynamicsV2/reference-validation/phase1-optimized-20260909/M400-03-baseline-iso/Recording,sink,11,1,28,22,37,24,26,352,20,20,0,0,0,125.7203125,125.7203125,valid,valid,0.0431728076052654,0.0431728076052654,0,1,0,Anesthetized,-0.0766411748421281,-0.116782420453422,24,-4.31728076052654,0.388505291684498,-4.70578605221106,20e08bad8c1971f84b8e7080ff8b1ef87819df8a754f39e6d941d3c0d12832fa,M400-03-baseline-iso,BOI_reference
/Users/zcm361/Documents/Github/OxygenDynamicsV2/reference-validation/phase1-optimized-20260909/M400-03-baseline-iso/Recording,sink,12,1,29,23,39,25,27,282,20,20,0,0,0,110.32695035461,110.32695035461,valid,valid,0.0540366801447663,0.0540366801447663,0,1,0,Anesthetized,-0.0739202524800113,-0.0600590685652332,26,-5.40366801447663,0.845439530106288,-6.24910754458292,20e08bad8c1971f84b8e7080ff8b1ef87819df8a754f39e6d941d3c0d12832fa,M400-03-baseline-iso,BOI_reference
/Users/zcm361/Documents/Github/OxygenDynamicsV2/reference-validation/phase1-optimized-20260909/M400-03-baseline-iso/Recording,sink,13,1,30,27,43,32,38,444,20,20,0,0,0,127.098873873874,127.098873873874,valid,valid,0.0473827746363317,0.0473827746363317,0,1,0,Anesthetized,-0.0988312674754634,-0.136766892052819,28,-4.73827746363317,0.694516005593628,-5.4327934692268,20e08bad8c1971f84b8e7080ff8b1ef87819df8a754f39e6d941d3c0d12832fa,M400-03-baseline-iso,BOI_reference
/Users/zcm361/Documents/Github/OxygenDynamicsV2/reference-validation/phase1-optimized-20260909/M400-03-baseline-iso/Recording,sink,14,1,31,24,38,33,35,453,20,20,0,0,0,151.410706401766,151.410706401766,valid,valid,0.0515978862515227,0.0515978862515227,0,1,0,Anesthetized,-0.100852019807997,-0.142142891164714,30,-5.15978862515227,0.101735814359295,-5.26152443951156,20e08bad8c1971f84b8e7080ff8b1ef87819df8a754f39e6d941d3c0d12832fa,M400-03-baseline-iso,BOI_reference
/Users/zcm361/Documents/Github/OxygenDynamicsV2/reference-validation/phase1-optimized-20260909/M400-03-baseline-iso/Recording,sink,14,2,32,164,190,171,174,355,20,20,0,0,0,146.131690140845,146.131690140845,valid,valid,0.0362927515698265,0.0362927515698265,0,1,0,Anesthetized,-0.0689079777442856,-0.0924013038587668,167,-3.62927515698265,-0.781444465082475,-2.84783069190019,20e08bad8c1971f84b8e7080ff8b1ef87819df8a754f39e6d941d3c0d12832fa,M400-03-baseline-iso,BOI_reference
/Users/zcm361/Documents/Github/OxygenDynamicsV2/reference-validation/phase1-optimized-20260909/M400-03-baseline-iso/Recording,sink,15,1,33,180,189,185,187,400,20,16,0,4,0,NaN,NaN,insufficient_clean_prebaseline,insufficient_clean_prebaseline,NaN,NaN,NaN,1,0,Anesthetized,-0.0822242300289994,-0.137646052045811,NaN,NaN,NaN,NaN,20e08bad8c1971f84b8e7080ff8b1ef87819df8a754f39e6d941d3c0d12832fa,M400-03-baseline-iso,BOI_reference
/Users/zcm361/Documents/Github/OxygenDynamicsV2/reference-validation/phase1-optimized-20260909/M400-03-baseline-iso/Recording,sink,15,2,34,349,360,351,354,272,20,20,0,0,0,136.316727941177,136.316727941177,valid,valid,0.0581514989286147,0.0581514989286147,0,1,0,Anesthetized,-0.0621454980798688,-0.0976844223774499,352,-5.81514989286147,-1.13282700062825,-4.68232289223319,20e08bad8c1971f84b8e7080ff8b1ef87819df8a754f39e6d941d3c0d12832fa,M400-03-baseline-iso,BOI_reference
/Users/zcm361/Documents/Github/OxygenDynamicsV2/reference-validation/phase1-optimized-20260909/M400-03-baseline-iso/Recording,sink,16,1,35,516,529,524,526,223,20,20,0,0,0,129.219506726457,129.219506726457,valid,valid,0.0632965423662935,0.0632965423662935,0,1,0,Anesthetized,-0.0776619653820279,-0.144217684296625,527,-6.32965423662935,-1.18696902938712,-5.14268520724223,20e08bad8c1971f84b8e7080ff8b1ef87819df8a754f39e6d941d3c0d12832fa,M400-03-baseline-iso,BOI_reference
/Users/zcm361/Documents/Github/OxygenDynamicsV2/reference-validation/phase1-optimized-20260909/M400-03-baseline-iso/Recording,sink,17,1,36,86,107,89,100,469,20,20,0,0,0,146.1578891258,146.1578891258,valid,valid,0.0497030914810851,0.0497030914810851,0,1,0,Anesthetized,-0.0668407538126949,-0.0875493643143919,98,-4.97030914810851,-0.580331766586706,-4.38997738152182,20e08bad8c1971f84b8e7080ff8b1ef87819df8a754f39e6d941d3c0d12832fa,M400-03-baseline-iso,BOI_reference
/Users/zcm361/Documents/Github/OxygenDynamicsV2/reference-validation/phase1-optimized-20260909/M400-03-baseline-iso/Recording,sink,18,1,37,319,342,326,331,1009,20,20,0,0,0,137.425916749257,137.425916749257,valid,valid,0.0478048358337043,0.0478048358337043,0,1,0,Anesthetized,-0.0768984176522129,-0.0778526944854854,339,-4.78048358337043,-2.03644705048733,-2.74403653288313,20e08bad8c1971f84b8e7080ff8b1ef87819df8a754f39e6d941d3c0d12832fa,M400-03-baseline-iso,BOI_reference
/Users/zcm361/Documents/Github/OxygenDynamicsV2/reference-validation/phase1-optimized-20260909/M400-03-baseline-iso/Recording,sink,19,1,38,41,48,43,45,200,20,20,0,0,0,142.7995,142.7995,valid,valid,0.0283579424297704,0.0283579424297704,0,1,0,Anesthetized,-0.0719636297225952,-0.0902931470874076,45,-2.83579424297704,1.21067613795229,-4.04647038092932,20e08bad8c1971f84b8e7080ff8b1ef87819df8a754f39e6d941d3c0d12832fa,M400-03-baseline-iso,BOI_reference
/Users/zcm361/Documents/Github/OxygenDynamicsV2/reference-validation/phase1-optimized-20260909/M400-03-baseline-iso/Recording,sink,20,1,39,45,55,46,48,479,20,20,0,0,0,135.900313152401,135.900313152401,valid,valid,0.0157804789062349,0.0157804789062349,0,1,0,Anesthetized,-0.0884314393465878,-0.123249804573367,48,-1.57804789062349,0.7664083056802,-2.34445619630372,20e08bad8c1971f84b8e7080ff8b1ef87819df8a754f39e6d941d3c0d12832fa,M400-03-baseline-iso,BOI_reference
/Users/zcm361/Documents/Github/OxygenDynamicsV2/reference-validation/phase1-optimized-20260909/M400-03-baseline-iso/Recording,sink,20,2,40,201,212,205,207,246,20,20,0,0,0,133.782723577236,133.782723577236,valid,valid,0.0426474185329629,0.0426474185329629,0,1,0,Anesthetized,-0.0593845828898191,-0.034783530618562,207,-4.26474185329629,-0.532857654692,-3.7318841986043,20e08bad8c1971f84b8e7080ff8b1ef87819df8a754f39e6d941d3c0d12832fa,M400-03-baseline-iso,BOI_reference
/Users/zcm361/Documents/Github/OxygenDynamicsV2/reference-validation/phase1-optimized-20260909/M400-03-baseline-iso/Recording,sink,20,3,41,268,275,271,273,251,20,20,0,0,0,149.683266932271,149.683266932271,valid,valid,0.0625357660930782,0.0625357660930782,0,1,0,Anesthetized,-0.0690445769380328,-0.126469154948564,272,-6.25357660930782,-0.780023246196449,-5.47355336311139,20e08bad8c1971f84b8e7080ff8b1ef87819df8a754f39e6d941d3c0d12832fa,M400-03-baseline-iso,BOI_reference
/Users/zcm361/Documents/Github/OxygenDynamicsV2/reference-validation/phase1-optimized-20260909/M400-03-baseline-iso/Recording,sink,21,1,42,376,393,388,391,309,20,14,0,6,0,NaN,NaN,insufficient_clean_prebaseline,insufficient_clean_prebaseline,NaN,NaN,NaN,1,0,Anesthetized,-0.0765255163318227,-0.109617700837986,NaN,NaN,NaN,NaN,20e08bad8c1971f84b8e7080ff8b1ef87819df8a754f39e6d941d3c0d12832fa,M400-03-baseline-iso,BOI_reference
/Users/zcm361/Documents/Github/OxygenDynamicsV2/reference-validation/phase1-optimized-20260909/M400-03-baseline-iso/Recording,sink,22,1,43,49,60,54,56,292,20,20,0,0,0,106.050342465753,106.050342465753,valid,valid,0.0292475465580769,0.0292475465580769,0,1,0,Anesthetized,-0.081731420499379,-0.138637556325534,54,-2.92475465580769,0.894733904927456,-3.81948856073514,20e08bad8c1971f84b8e7080ff8b1ef87819df8a754f39e6d941d3c0d12832fa,M400-03-baseline-iso,BOI_reference
/Users/zcm361/Documents/Github/OxygenDynamicsV2/reference-validation/phase1-optimized-20260909/M400-03-baseline-iso/Recording,sink,23,1,44,273,283,276,278,261,20,20,0,0,0,109.515517241379,109.515517241379,valid,valid,0.0859777739294103,0.0859777739294103,0,1,0,Anesthetized,-0.0703912299188237,-0.112333722550411,277,-8.59777739294103,-0.795777489676083,-7.80199990326495,20e08bad8c1971f84b8e7080ff8b1ef87819df8a754f39e6d941d3c0d12832fa,M400-03-baseline-iso,BOI_reference
/Users/zcm361/Documents/Github/OxygenDynamicsV2/reference-validation/phase1-optimized-20260909/M400-03-baseline-iso/Recording,sink,24,1,45,58,65,61,63,309,20,20,0,0,0,107.155339805825,107.155339805825,valid,valid,0.0325571562320677,0.0325571562320677,0,1,0,Anesthetized,-0.0686054686064296,-0.131444415620116,62,-3.25571562320677,0.90314244037274,-4.15885806357953,20e08bad8c1971f84b8e7080ff8b1ef87819df8a754f39e6d941d3c0d12832fa,M400-03-baseline-iso,BOI_reference
/Users/zcm361/Documents/Github/OxygenDynamicsV2/reference-validation/phase1-optimized-20260909/M400-03-baseline-iso/Recording,sink,25,1,46,59,67,62,64,290,20,20,0,0,0,82.3231034482759,82.3231034482759,valid,valid,0.015359998659613,0.015359998659613,0,1,0,Anesthetized,-0.0742475355493277,-0.102643854207969,63,-1.5359998659613,0.847117336258216,-2.38311720221951,20e08bad8c1971f84b8e7080ff8b1ef87819df8a754f39e6d941d3c0d12832fa,M400-03-baseline-iso,BOI_reference
/Users/zcm361/Documents/Github/OxygenDynamicsV2/reference-validation/phase1-optimized-20260909/M400-03-baseline-iso/Recording,sink,26,1,47,62,96,63,72,856,20,20,0,0,0,114.696144859813,114.696144859813,valid,valid,0.0472082371238918,0.0472082371238918,0,1,0,Anesthetized,-0.0826520809317992,-0.101354513683733,66,-4.72082371238919,1.20543558020453,-5.92625929259373,20e08bad8c1971f84b8e7080ff8b1ef87819df8a754f39e6d941d3c0d12832fa,M400-03-baseline-iso,BOI_reference
/Users/zcm361/Documents/Github/OxygenDynamicsV2/reference-validation/phase1-optimized-20260909/M400-03-baseline-iso/Recording,sink,26,2,48,266,273,267,269,269,20,20,0,0,0,129.562081784387,129.562081784387,valid,valid,0.0575917732596509,0.0575917732596509,0,1,0,Anesthetized,-0.0725532081263784,-0.164004525826388,269,-5.75917732596509,-0.159513291172717,-5.59966403479236,20e08bad8c1971f84b8e7080ff8b1ef87819df8a754f39e6d941d3c0d12832fa,M400-03-baseline-iso,BOI_reference
/Users/zcm361/Documents/Github/OxygenDynamicsV2/reference-validation/phase1-optimized-20260909/M400-03-baseline-iso/Recording,sink,26,3,49,444,457,445,447,256,20,20,0,0,0,123.5693359375,123.5693359375,valid,valid,0.0352708736713162,0.0352708736713162,0,1,0,Anesthetized,-0.0868068037549771,-0.0911492230366093,454,-3.52708736713162,-0.921705372201643,-2.60538199492998,20e08bad8c1971f84b8e7080ff8b1ef87819df8a754f39e6d941d3c0d12832fa,M400-03-baseline-iso,BOI_reference
/Users/zcm361/Documents/Github/OxygenDynamicsV2/reference-validation/phase1-optimized-20260909/M400-03-baseline-iso/Recording,sink,26,4,50,578,587,583,585,423,20,20,0,0,0,111.649290780142,111.649290780142,valid,valid,0.0523559821418173,0.0523559821418173,0,1,0,Anesthetized,-0.0761268574420078,-0.128753006684795,585,-5.23559821418173,-0.663088765405552,-4.57250944877616,20e08bad8c1971f84b8e7080ff8b1ef87819df8a754f39e6d941d3c0d12832fa,M400-03-baseline-iso,BOI_reference
/Users/zcm361/Documents/Github/OxygenDynamicsV2/reference-validation/phase1-optimized-20260909/M400-03-baseline-iso/Recording,sink,27,1,51,61,72,66,69,1003,20,20,0,0,0,103.808773678963,103.808773678963,valid,valid,0.028056035236198,0.028056035236198,0,1,0,Anesthetized,-0.0934578820766531,-0.122241962116953,66,-2.8056035236198,1.35541726747248,-4.1610207910923,20e08bad8c1971f84b8e7080ff8b1ef87819df8a754f39e6d941d3c0d12832fa,M400-03-baseline-iso,BOI_reference
/Users/zcm361/Documents/Github/OxygenDynamicsV2/reference-validation/phase1-optimized-20260909/M400-03-baseline-iso/Recording,sink,28,1,52,64,69,65,67,283,20,20,0,0,0,132.98445229682,132.98445229682,valid,valid,0.0469142756931123,0.0469142756931123,0,1,0,Anesthetized,-0.0853991644577032,-0.136552551828561,66,-4.69142756931123,0.803218475375678,-5.49464604468688,20e08bad8c1971f84b8e7080ff8b1ef87819df8a754f39e6d941d3c0d12832fa,M400-03-baseline-iso,BOI_reference
/Users/zcm361/Documents/Github/OxygenDynamicsV2/reference-validation/phase1-optimized-20260909/M400-03-baseline-iso/Recording,sink,29,1,53,103,110,105,107,391,20,20,0,0,0,104.258439897698,104.258439897698,valid,valid,0.0570599079358422,0.0570599079358422,0,1,0,Anesthetized,-0.0813299217400318,-0.140180249081077,107,-5.70599079358422,0.661360573200075,-6.3673513667843,20e08bad8c1971f84b8e7080ff8b1ef87819df8a754f39e6d941d3c0d12832fa,M400-03-baseline-iso,BOI_reference
/Users/zcm361/Documents/Github/OxygenDynamicsV2/reference-validation/phase1-optimized-20260909/M400-03-baseline-iso/Recording,sink,30,1,54,76,85,82,84,491,20,20,0,0,0,98.6480651731161,98.6480651731161,valid,valid,0.0421626799790241,0.0421626799790241,0,1,0,Anesthetized,-0.0717602985147931,-0.0975393705621352,83,-4.21626799790241,0.571122003586739,-4.78739000148913,20e08bad8c1971f84b8e7080ff8b1ef87819df8a754f39e6d941d3c0d12832fa,M400-03-baseline-iso,BOI_reference
/Users/zcm361/Documents/Github/OxygenDynamicsV2/reference-validation/phase1-optimized-20260909/M400-03-baseline-iso/Recording,sink,31,1,55,207,235,228,232,274,20,20,0,0,0,95.513503649635,95.513503649635,valid,valid,0.0587565483536932,0.0587565483536932,0,1,0,Anesthetized,-0.062624883981568,-0.0884766512524284,209,-5.87565483536932,-0.20652352676276,-5.66913130860656,20e08bad8c1971f84b8e7080ff8b1ef87819df8a754f39e6d941d3c0d12832fa,M400-03-baseline-iso,BOI_reference
/Users/zcm361/Documents/Github/OxygenDynamicsV2/reference-validation/phase1-optimized-20260909/M400-03-baseline-iso/Recording,sink,32,1,56,79,98,82,86,495,20,20,0,0,0,132.940808080808,132.940808080808,valid,valid,0.0527568280559282,0.0527568280559282,0,1,0,Anesthetized,-0.066652979968666,-0.0963969823895751,84,-5.27568280559282,0.591796998687526,-5.86747980428036,20e08bad8c1971f84b8e7080ff8b1ef87819df8a754f39e6d941d3c0d12832fa,M400-03-baseline-iso,BOI_reference
/Users/zcm361/Documents/Github/OxygenDynamicsV2/reference-validation/phase1-optimized-20260909/M400-03-baseline-iso/Recording,sink,33,1,57,402,408,404,406,437,20,20,0,0,0,79.4219679633867,79.4219679633867,valid,valid,0.0412419253530947,0.0412419253530947,0,1,0,Anesthetized,-0.0756533743556472,-0.118235107171005,405,-4.12419253530947,-0.878425547123845,-3.24576698818559,20e08bad8c1971f84b8e7080ff8b1ef87819df8a754f39e6d941d3c0d12832fa,M400-03-baseline-iso,BOI_reference
/Users/zcm361/Documents/Github/OxygenDynamicsV2/reference-validation/phase1-optimized-20260909/M400-03-baseline-iso/Recording,sink,34,1,58,158,171,162,165,568,20,20,0,0,0,137.219190140845,137.219190140845,valid,valid,0.0433856595736493,0.0433856595736493,0,1,0,Anesthetized,-0.0766801563021045,-0.0908161157420775,162,-4.33856595736493,-0.390945467091683,-3.94762049027323,20e08bad8c1971f84b8e7080ff8b1ef87819df8a754f39e6d941d3c0d12832fa,M400-03-baseline-iso,BOI_reference
/Users/zcm361/Documents/Github/OxygenDynamicsV2/reference-validation/phase1-optimized-20260909/M400-03-baseline-iso/Recording,sink,35,1,59,111,127,115,118,198,20,20,0,0,0,108.976262626263,108.976262626263,valid,valid,0.085056981179295,0.085056981179295,0,1,0,Anesthetized,-0.0781113755056691,-0.162191193433528,116,-8.5056981179295,-0.0267905398206708,-8.4789075781088,20e08bad8c1971f84b8e7080ff8b1ef87819df8a754f39e6d941d3c0d12832fa,M400-03-baseline-iso,BOI_reference
/Users/zcm361/Documents/Github/OxygenDynamicsV2/reference-validation/phase1-optimized-20260909/M400-03-baseline-iso/Recording,sink,36,1,60,113,121,116,118,433,20,20,0,0,0,133.780946882217,133.780946882217,valid,valid,0.0375497499877002,0.0375497499877002,0,1,0,Anesthetized,-0.0853654784067972,-0.135587615613934,118,-3.75497499877002,0.071301354174339,-3.82627635294434,20e08bad8c1971f84b8e7080ff8b1ef87819df8a754f39e6d941d3c0d12832fa,M400-03-baseline-iso,BOI_reference
/Users/zcm361/Documents/Github/OxygenDynamicsV2/reference-validation/phase1-optimized-20260909/M400-03-baseline-iso/Recording,sink,37,1,61,111,129,121,124,304,20,20,0,0,0,115.830263157895,115.830263157895,valid,valid,0.066919607865411,0.066919607865411,0,1,0,Anesthetized,-0.07622295672895,-0.134939885573036,123,-6.6919607865411,0.0724139690575446,-6.76437475559864,20e08bad8c1971f84b8e7080ff8b1ef87819df8a754f39e6d941d3c0d12832fa,M400-03-baseline-iso,BOI_reference
/Users/zcm361/Documents/Github/OxygenDynamicsV2/reference-validation/phase1-optimized-20260909/M400-03-baseline-iso/Recording,sink,38,1,62,120,128,123,125,243,20,20,0,0,0,79.3938271604938,79.3938271604938,valid,valid,0.033986948431272,0.033986948431272,0,1,0,Anesthetized,-0.0769623450127485,-0.0682180733476645,127,-3.3986948431272,0.86315636855246,-4.26185121167967,20e08bad8c1971f84b8e7080ff8b1ef87819df8a754f39e6d941d3c0d12832fa,M400-03-baseline-iso,BOI_reference
/Users/zcm361/Documents/Github/OxygenDynamicsV2/reference-validation/phase1-optimized-20260909/M400-03-baseline-iso/Recording,sink,39,1,63,122,134,124,127,440,20,20,0,0,0,111.780227272727,111.780227272727,valid,valid,0.0404263235691788,0.0404263235691788,0,1,0,Anesthetized,-0.0770232681441319,-0.127024224811943,124,-4.04263235691788,0.223598037998323,-4.26623039491622,20e08bad8c1971f84b8e7080ff8b1ef87819df8a754f39e6d941d3c0d12832fa,M400-03-baseline-iso,BOI_reference
/Users/zcm361/Documents/Github/OxygenDynamicsV2/reference-validation/phase1-optimized-20260909/M400-03-baseline-iso/Recording,sink,40,1,64,141,155,144,146,306,20,20,0,0,0,120.942647058824,120.942647058824,valid,valid,0.0524596409738856,0.0524596409738856,0,1,0,Anesthetized,-0.0760612487649035,-0.114493417924345,152,-5.24596409738856,-0.0459403662784881,-5.20002373111008,20e08bad8c1971f84b8e7080ff8b1ef87819df8a754f39e6d941d3c0d12832fa,M400-03-baseline-iso,BOI_reference
/Users/zcm361/Documents/Github/OxygenDynamicsV2/reference-validation/phase1-optimized-20260909/M400-03-baseline-iso/Recording,sink,40,2,65,484,494,488,490,476,20,20,0,0,0,98.7492647058824,98.7492647058824,valid,valid,0.0525618210113254,0.0525618210113254,0,1,0,Anesthetized,-0.0795855815881075,-0.0723267965004401,491,-5.25618210113254,-1.17329452468641,-4.08288757644613,20e08bad8c1971f84b8e7080ff8b1ef87819df8a754f39e6d941d3c0d12832fa,M400-03-baseline-iso,BOI_reference
/Users/zcm361/Documents/Github/OxygenDynamicsV2/reference-validation/phase1-optimized-20260909/M400-03-baseline-iso/Recording,sink,41,1,66,160,178,163,169,514,20,20,0,0,0,99.6227626459144,99.6227626459144,valid,valid,0.0327519572863389,0.0327519572863389,0,1,0,Anesthetized,-0.0635222462463583,-0.0878656274055246,169,-3.27519572863389,0.116945199605597,-3.39214092823948,20e08bad8c1971f84b8e7080ff8b1ef87819df8a754f39e6d941d3c0d12832fa,M400-03-baseline-iso,BOI_reference
/Users/zcm361/Documents/Github/OxygenDynamicsV2/reference-validation/phase1-optimized-20260909/M400-03-baseline-iso/Recording,sink,41,2,67,184,224,218,220,626,20,14,0,6,0,NaN,NaN,insufficient_clean_prebaseline,insufficient_clean_prebaseline,NaN,NaN,NaN,1,0,Anesthetized,-0.082823027299243,-0.105244236559502,NaN,NaN,NaN,NaN,20e08bad8c1971f84b8e7080ff8b1ef87819df8a754f39e6d941d3c0d12832fa,M400-03-baseline-iso,BOI_reference
/Users/zcm361/Documents/Github/OxygenDynamicsV2/reference-validation/phase1-optimized-20260909/M400-03-baseline-iso/Recording,sink,41,3,68,342,348,344,346,197,20,20,0,0,0,92.2845177664975,92.2845177664975,valid,valid,0.0591335007329462,0.0591335007329462,0,1,0,Anesthetized,-0.0723244882237589,-0.108544636362666,345,-5.91335007329462,-0.964515628017669,-4.94883444527696,20e08bad8c1971f84b8e7080ff8b1ef87819df8a754f39e6d941d3c0d12832fa,M400-03-baseline-iso,BOI_reference
/Users/zcm361/Documents/Github/OxygenDynamicsV2/reference-validation/phase1-optimized-20260909/M400-03-baseline-iso/Recording,sink,42,1,69,159,165,161,163,204,20,20,0,0,0,120.994117647059,120.994117647059,valid,valid,0.0585752021650707,0.0585752021650707,0,1,0,Anesthetized,-0.074809595163732,-0.179475383974575,161,-5.85752021650707,-0.264771647156677,-5.59274856935036,20e08bad8c1971f84b8e7080ff8b1ef87819df8a754f39e6d941d3c0d12832fa,M400-03-baseline-iso,BOI_reference
/Users/zcm361/Documents/Github/OxygenDynamicsV2/reference-validation/phase1-optimized-20260909/M400-03-baseline-iso/Recording,sink,43,1,70,154,168,164,166,458,20,20,0,0,0,124.861244541485,124.861244541485,valid,valid,0.0453682646850783,0.0453682646850783,0,1,0,Anesthetized,-0.0842205895199568,-0.102249067433674,166,-4.53682646850783,-0.642515708883325,-3.89431075962452,20e08bad8c1971f84b8e7080ff8b1ef87819df8a754f39e6d941d3c0d12832fa,M400-03-baseline-iso,BOI_reference
/Users/zcm361/Documents/Github/OxygenDynamicsV2/reference-validation/phase1-optimized-20260909/M400-03-baseline-iso/Recording,sink,44,1,71,175,185,177,179,324,20,20,0,0,0,98.9771604938272,98.9771604938272,valid,valid,0.0533730814566276,0.0533730814566276,0,1,0,Anesthetized,-0.0867409424917627,-0.14343803813499,178,-5.33730814566276,-0.254199695075088,-5.08310845058766,20e08bad8c1971f84b8e7080ff8b1ef87819df8a754f39e6d941d3c0d12832fa,M400-03-baseline-iso,BOI_reference
/Users/zcm361/Documents/Github/OxygenDynamicsV2/reference-validation/phase1-optimized-20260909/M400-03-baseline-iso/Recording,sink,45,1,72,186,210,199,203,385,20,20,0,0,0,165.168051948052,165.168051948052,valid,valid,0.0407880521531005,0.0407880521531005,0,1,0,Anesthetized,-0.0745753562715896,-0.111025912476425,201,-4.07880521531005,-0.66110611065823,-3.41769910465181,20e08bad8c1971f84b8e7080ff8b1ef87819df8a754f39e6d941d3c0d12832fa,M400-03-baseline-iso,BOI_reference
/Users/zcm361/Documents/Github/OxygenDynamicsV2/reference-validation/phase1-optimized-20260909/M400-03-baseline-iso/Recording,sink,46,1,73,222,228,223,225,267,20,20,0,0,0,141.955056179775,141.955056179775,valid,valid,0.0532689567832834,0.0532689567832834,0,1,0,Anesthetized,-0.075650196814312,-0.128871396820128,223,-5.32689567832834,-0.582151726187755,-4.74474395214055,20e08bad8c1971f84b8e7080ff8b1ef87819df8a754f39e6d941d3c0d12832fa,M400-03-baseline-iso,BOI_reference
/Users/zcm361/Documents/Github/OxygenDynamicsV2/reference-validation/phase1-optimized-20260909/M400-03-baseline-iso/Recording,sink,46,2,74,271,278,273,275,413,20,18,0,2,0,NaN,NaN,insufficient_clean_prebaseline,insufficient_clean_prebaseline,NaN,NaN,NaN,1,0,Anesthetized,-0.0702407789994272,-0.121437171818553,NaN,NaN,NaN,NaN,20e08bad8c1971f84b8e7080ff8b1ef87819df8a754f39e6d941d3c0d12832fa,M400-03-baseline-iso,BOI_reference
/Users/zcm361/Documents/Github/OxygenDynamicsV2/reference-validation/phase1-optimized-20260909/M400-03-baseline-iso/Recording,sink,47,1,75,526,533,527,529,309,20,20,0,0,0,92.9001618122977,92.9001618122977,valid,valid,0.063406273568556,0.063406273568556,0,1,0,Anesthetized,-0.0752709475084697,-0.107044863614315,528,-6.34062735685559,-0.690667867348179,-5.64995948950742,20e08bad8c1971f84b8e7080ff8b1ef87819df8a754f39e6d941d3c0d12832fa,M400-03-baseline-iso,BOI_reference
/Users/zcm361/Documents/Github/OxygenDynamicsV2/reference-validation/phase1-optimized-20260909/M400-03-baseline-iso/Recording,sink,48,1,76,296,303,298,301,332,20,20,0,0,0,132.632078313253,132.632078313253,valid,valid,0.0560670938380359,0.0560670938380359,0,1,0,Anesthetized,-0.0689108568132877,-0.106811562449078,299,-5.60670938380359,-0.89595980776455,-4.71074957603908,20e08bad8c1971f84b8e7080ff8b1ef87819df8a754f39e6d941d3c0d12832fa,M400-03-baseline-iso,BOI_reference
/Users/zcm361/Documents/Github/OxygenDynamicsV2/reference-validation/phase1-optimized-20260909/M400-03-baseline-iso/Recording,sink,49,1,77,302,312,306,308,320,20,20,0,0,0,81.0509375,81.0509375,valid,valid,0.0579226797962701,0.0579226797962701,0,1,0,Anesthetized,-0.0673084534471855,-0.127314998846244,307,-5.79226797962701,-0.671670387111718,-5.12059759251526,20e08bad8c1971f84b8e7080ff8b1ef87819df8a754f39e6d941d3c0d12832fa,M400-03-baseline-iso,BOI_reference
/Users/zcm361/Documents/Github/OxygenDynamicsV2/reference-validation/phase1-optimized-20260909/M400-03-baseline-iso/Recording,sink,50,1,78,349,363,356,361,273,20,20,0,0,0,115.868681318681,115.868681318681,valid,valid,0.0491319749052782,0.0491319749052782,0,1,0,Anesthetized,-0.0683966548516036,-0.0881312552097743,357,-4.91319749052782,-1.34258911791886,-3.57060837260898,20e08bad8c1971f84b8e7080ff8b1ef87819df8a754f39e6d941d3c0d12832fa,M400-03-baseline-iso,BOI_reference
/Users/zcm361/Documents/Github/OxygenDynamicsV2/reference-validation/phase1-optimized-20260909/M400-03-baseline-iso/Recording,sink,51,1,79,351,363,355,357,334,20,20,0,0,0,102.104491017964,102.104491017964,valid,valid,0.0566784642948254,0.0566784642948254,0,1,0,Anesthetized,-0.0738052500987206,-0.0595233872365076,357,-5.66784642948254,-1.48461743128451,-4.18322899819802,20e08bad8c1971f84b8e7080ff8b1ef87819df8a754f39e6d941d3c0d12832fa,M400-03-baseline-iso,BOI_reference
/Users/zcm361/Documents/Github/OxygenDynamicsV2/reference-validation/phase1-optimized-20260909/M400-03-baseline-iso/Recording,sink,52,1,80,361,367,362,364,367,20,20,0,0,0,99.8859673024523,99.8859673024523,valid,valid,0.0581630551459908,0.0581630551459908,0,1,0,Anesthetized,-0.0681139674579539,-0.135008467804576,364,-5.81630551459908,-1.29404764183765,-4.52225787276142,20e08bad8c1971f84b8e7080ff8b1ef87819df8a754f39e6d941d3c0d12832fa,M400-03-baseline-iso,BOI_reference
/Users/zcm361/Documents/Github/OxygenDynamicsV2/reference-validation/phase1-optimized-20260909/M400-03-baseline-iso/Recording,sink,53,1,81,361,367,363,365,226,20,20,0,0,0,65.9922566371681,65.9922566371681,valid,valid,0.0533885378078012,0.0533885378078012,0,1,0,Anesthetized,-0.0698410325119091,-0.0845817311620202,364,-5.33885378078012,-0.73343221229604,-4.6054215684841,20e08bad8c1971f84b8e7080ff8b1ef87819df8a754f39e6d941d3c0d12832fa,M400-03-baseline-iso,BOI_reference
/Users/zcm361/Documents/Github/OxygenDynamicsV2/reference-validation/phase1-optimized-20260909/M400-03-baseline-iso/Recording,sink,54,1,82,537,543,539,541,277,20,20,0,0,0,68.0373646209386,68.0373646209386,valid,valid,0.0578016432890189,0.0578016432890189,0,1,0,Anesthetized,-0.0770444300352953,-0.125754806342104,540,-5.78016432890189,-0.40413771304397,-5.3760266158579,20e08bad8c1971f84b8e7080ff8b1ef87819df8a754f39e6d941d3c0d12832fa,M400-03-baseline-iso,BOI_reference
/Users/zcm361/Documents/Github/OxygenDynamicsV2/reference-validation/phase1-optimized-20260909/M400-03-baseline-iso/Recording,sink,55,1,83,566,574,570,572,261,20,20,0,0,0,57.0689655172414,57.0689655172414,valid,valid,0.0512923799932862,0.0512923799932862,0,1,0,Anesthetized,-0.0733284161275664,-0.13252556384324,570,-5.12923799932863,-0.325519868270993,-4.80371813105766,20e08bad8c1971f84b8e7080ff8b1ef87819df8a754f39e6d941d3c0d12832fa,M400-03-baseline-iso,BOI_reference
/Users/zcm361/Documents/Github/OxygenDynamicsV2/reference-validation/phase1-optimized-20260909/M400-03-baseline-iso/Recording,sink,56,1,84,576,587,581,583,316,20,20,0,0,0,97.0088607594937,97.0088607594937,valid,valid,0.0411289585970224,0.0411289585970224,0,1,0,Anesthetized,-0.0742455182433961,-0.106683397677762,581,-4.11289585970224,-0.894122042806936,-3.21877381689529,20e08bad8c1971f84b8e7080ff8b1ef87819df8a754f39e6d941d3c0d12832fa,M400-03-baseline-iso,BOI_reference
/Users/zcm361/Documents/Github/OxygenDynamicsV2/reference-validation/phase1-optimized-20260909/M400-03-baseline-iso/Recording,surge,1,1,1,117,128,117,128,2767,20,20,0,0,0,102.709649439827,102.709649439827,valid,valid,0.0234358066359464,0.0234358066359464,0,1,0,Anesthetized,0.0259001963397584,0.0366042361784101,118,2.34358066359464,-0.0588394745167791,2.40242013811139,20e08bad8c1971f84b8e7080ff8b1ef87819df8a754f39e6d941d3c0d12832fa,M400-03-baseline-iso,BOI_reference
/Users/zcm361/Documents/Github/OxygenDynamicsV2/reference-validation/phase1-optimized-20260909/M400-03-baseline-iso/Recording,surge,2,1,2,225,251,225,251,5571,20,17,0,3,0,NaN,NaN,insufficient_clean_prebaseline,insufficient_clean_prebaseline,NaN,NaN,NaN,1,0,Anesthetized,0.0260852835068187,0.0272405342037839,NaN,NaN,NaN,NaN,20e08bad8c1971f84b8e7080ff8b1ef87819df8a754f39e6d941d3c0d12832fa,M400-03-baseline-iso,BOI_reference
/Users/zcm361/Documents/Github/OxygenDynamicsV2/reference-validation/phase1-optimized-20260909/M401-01-baseline-awake/Recording,sink,1,1,1,1,6,1,6,554,20,0,1,0,0,NaN,NaN,insufficient_clean_prebaseline,insufficient_clean_prebaseline,NaN,NaN,NaN,1,0,Awake_immobile,-0.101629826601844,-0.141031135518127,NaN,NaN,NaN,NaN,22912f81ab9c01a96ddb7d403cb1b0204eadac78797e11f39e25cd71d88e078d,M401-01-baseline-awake,BOI_reference
/Users/zcm361/Documents/Github/OxygenDynamicsV2/reference-validation/phase1-optimized-20260909/M401-01-baseline-awake/Recording,sink,1,2,2,118,149,130,140,602,20,20,0,0,0,154.342026578073,154.342026578073,valid,valid,0.0278849558569817,0.0278849558569817,0,1,0,Awake_immobile,-0.0687320459525529,-0.107356823365049,128,-2.78849558569817,2.34126061577259,-5.12975620147075,22912f81ab9c01a96ddb7d403cb1b0204eadac78797e11f39e25cd71d88e078d,M401-01-baseline-awake,BOI_reference
/Users/zcm361/Documents/Github/OxygenDynamicsV2/reference-validation/phase1-optimized-20260909/M401-01-baseline-awake/Recording,sink,1,3,3,223,232,229,231,225,20,20,0,0,0,177.018444444444,177.018444444444,valid,valid,0.0508459256599751,0.0508459256599751,0,1,0,Awake_immobile,-0.0992842141235316,-0.19469466007901,229,-5.08459256599751,0.312295592684598,-5.3968881586821,22912f81ab9c01a96ddb7d403cb1b0204eadac78797e11f39e25cd71d88e078d,M401-01-baseline-awake,BOI_reference
/Users/zcm361/Documents/Github/OxygenDynamicsV2/reference-validation/phase1-optimized-20260909/M401-01-baseline-awake/Recording,sink,2,1,4,1,8,1,6,329,20,0,1,0,0,NaN,NaN,insufficient_clean_prebaseline,insufficient_clean_prebaseline,NaN,NaN,NaN,1,0,Awake_immobile,-0.109454743911384,-0.170637534978364,NaN,NaN,NaN,NaN,22912f81ab9c01a96ddb7d403cb1b0204eadac78797e11f39e25cd71d88e078d,M401-01-baseline-awake,BOI_reference
/Users/zcm361/Documents/Github/OxygenDynamicsV2/reference-validation/phase1-optimized-20260909/M401-01-baseline-awake/Recording,sink,3,1,5,1,10,1,7,430,20,0,1,0,0,NaN,NaN,insufficient_clean_prebaseline,insufficient_clean_prebaseline,NaN,NaN,NaN,1,0,Awake_immobile,-0.108581191627463,-0.149707290958969,NaN,NaN,NaN,NaN,22912f81ab9c01a96ddb7d403cb1b0204eadac78797e11f39e25cd71d88e078d,M401-01-baseline-awake,BOI_reference
/Users/zcm361/Documents/Github/OxygenDynamicsV2/reference-validation/phase1-optimized-20260909/M401-01-baseline-awake/Recording,sink,4,1,6,1,4,1,3,1006,20,0,1,0,0,NaN,NaN,insufficient_clean_prebaseline,insufficient_clean_prebaseline,NaN,NaN,NaN,1,0,Awake_immobile,-0.15448748472846,-0.168380564795396,NaN,NaN,NaN,NaN,22912f81ab9c01a96ddb7d403cb1b0204eadac78797e11f39e25cd71d88e078d,M401-01-baseline-awake,BOI_reference
/Users/zcm361/Documents/Github/OxygenDynamicsV2/reference-validation/phase1-optimized-20260909/M401-01-baseline-awake/Recording,sink,4,2,7,252,263,254,259,611,20,17,0,3,0,NaN,NaN,insufficient_clean_prebaseline,insufficient_clean_prebaseline,NaN,NaN,NaN,1,0,Awake_immobile,-0.105630027290154,-0.100257833918099,NaN,NaN,NaN,NaN,22912f81ab9c01a96ddb7d403cb1b0204eadac78797e11f39e25cd71d88e078d,M401-01-baseline-awake,BOI_reference
/Users/zcm361/Documents/Github/OxygenDynamicsV2/reference-validation/phase1-optimized-20260909/M401-01-baseline-awake/Recording,sink,5,1,8,342,377,358,367,965,20,20,0,0,0,139.728808290155,139.728808290155,valid,valid,0.0851783209963344,0.0851783209963344,0,1,0,Awake_immobile,-0.14411946511977,-0.149477037398948,365,-8.51783209963344,0.304633718533349,-8.82246581816674,22912f81ab9c01a96ddb7d403cb1b0204eadac78797e11f39e25cd71d88e078d,M401-01-baseline-awake,BOI_reference
/Users/zcm361/Documents/Github/OxygenDynamicsV2/reference-validation/phase1-optimized-20260909/M401-01-baseline-awake/Recording,sink,5,2,9,377,400,388,392,448,20,10,0,10,0,NaN,NaN,insufficient_clean_prebaseline,insufficient_clean_prebaseline,NaN,NaN,NaN,1,0,Awake_immobile,-0.156488506366233,-0.17227368948027,NaN,NaN,NaN,NaN,22912f81ab9c01a96ddb7d403cb1b0204eadac78797e11f39e25cd71d88e078d,M401-01-baseline-awake,BOI_reference
/Users/zcm361/Documents/Github/OxygenDynamicsV2/reference-validation/phase1-optimized-20260909/M401-01-baseline-awake/Recording,sink,5,3,10,519,547,535,544,622,20,20,0,0,0,143.618247588424,143.618247588424,valid,valid,0.0861469004724587,0.0861469004724587,0,1,0,Awake_immobile,-0.127070886747735,-0.137777570763418,537,-8.61469004724587,0.197483148038279,-8.81217319528415,22912f81ab9c01a96ddb7d403cb1b0204eadac78797e11f39e25cd71d88e078d,M401-01-baseline-awake,BOI_reference
/Users/zcm361/Documents/Github/OxygenDynamicsV2/reference-validation/phase1-optimized-20260909/M401-01-baseline-awake/Recording,sink,6,1,11,2,18,2,15,1083,20,0,1,1,0,NaN,NaN,insufficient_clean_prebaseline,insufficient_clean_prebaseline,NaN,NaN,NaN,1,0,Awake_immobile,-0.0956081254354919,-0.115005869153949,NaN,NaN,NaN,NaN,22912f81ab9c01a96ddb7d403cb1b0204eadac78797e11f39e25cd71d88e078d,M401-01-baseline-awake,BOI_reference
/Users/zcm361/Documents/Github/OxygenDynamicsV2/reference-validation/phase1-optimized-20260909/M401-01-baseline-awake/Recording,sink,6,2,12,193,203,201,203,436,20,15,0,5,0,NaN,NaN,insufficient_clean_prebaseline,insufficient_clean_prebaseline,NaN,NaN,NaN,1,0,Awake_immobile,-0.0896640561680546,-0.100906676203561,NaN,NaN,NaN,NaN,22912f81ab9c01a96ddb7d403cb1b0204eadac78797e11f39e25cd71d88e078d,M401-01-baseline-awake,BOI_reference
/Users/zcm361/Documents/Github/OxygenDynamicsV2/reference-validation/phase1-optimized-20260909/M401-01-baseline-awake/Recording,sink,6,3,13,241,245,242,245,251,20,20,0,0,0,226.396613545817,226.396613545817,valid,valid,0.0236610116400104,0.0236610116400104,0,1,0,Awake_immobile,-0.0994911308352097,-0.162437842794811,243,-2.36610116400104,0.212518918330161,-2.57862008233122,22912f81ab9c01a96ddb7d403cb1b0204eadac78797e11f39e25cd71d88e078d,M401-01-baseline-awake,BOI_reference
/Users/zcm361/Documents/Github/OxygenDynamicsV2/reference-validation/phase1-optimized-20260909/M401-01-baseline-awake/Recording,sink,6,4,14,402,414,407,409,474,20,20,0,0,0,201.314240506329,201.314240506329,valid,valid,0.0169346053543722,0.0169346053543722,0,1,0,Awake_immobile,-0.103941665536628,-0.12245356082427,406,-1.69346053543722,-0.233652474834373,-1.45980806060287,22912f81ab9c01a96ddb7d403cb1b0204eadac78797e11f39e25cd71d88e078d,M401-01-baseline-awake,BOI_reference
/Users/zcm361/Documents/Github/OxygenDynamicsV2/reference-validation/phase1-optimized-20260909/M401-01-baseline-awake/Recording,sink,6,5,15,591,599,597,599,552,20,20,0,0,0,210.272916666667,210.272916666667,valid,valid,0.062588173668365,0.062588173668365,0,1,0,Awake_immobile,-0.152292225860815,-0.20594919226661,599,-6.2588173668365,0.141849344282502,-6.40066671111899,22912f81ab9c01a96ddb7d403cb1b0204eadac78797e11f39e25cd71d88e078d,M401-01-baseline-awake,BOI_reference
/Users/zcm361/Documents/Github/OxygenDynamicsV2/reference-validation/phase1-optimized-20260909/M401-01-baseline-awake/Recording,sink,7,1,16,8,12,8,12,364,20,7,1,0,0,NaN,NaN,insufficient_clean_prebaseline,insufficient_clean_prebaseline,NaN,NaN,NaN,1,0,Awake_immobile,-0.118853051667767,-0.206794109659309,NaN,NaN,NaN,NaN,22912f81ab9c01a96ddb7d403cb1b0204eadac78797e11f39e25cd71d88e078d,M401-01-baseline-awake,BOI_reference
/Users/zcm361/Documents/Github/OxygenDynamicsV2/reference-validation/phase1-optimized-20260909/M401-01-baseline-awake/Recording,sink,7,2,17,141,154,143,153,694,20,20,0,0,0,169.403530259366,169.403530259366,valid,valid,0.0482286340316784,0.0482286340316784,0,1,0,Awake_immobile,-0.0713524280732152,-0.0778981820581544,144,-4.82286340316784,1.11907455835472,-5.94193796152255,22912f81ab9c01a96ddb7d403cb1b0204eadac78797e11f39e25cd71d88e078d,M401-01-baseline-awake,BOI_reference
/Users/zcm361/Documents/Github/OxygenDynamicsV2/reference-validation/phase1-optimized-20260909/M401-01-baseline-awake/Recording,sink,7,3,18,205,211,206,210,347,20,20,0,0,0,185.252593659942,185.252593659942,valid,valid,0.0210422252349584,0.0210422252349584,0,1,0,Awake_immobile,-0.0832651809416175,-0.122579934401303,206,-2.10422252349584,0.479690059349748,-2.58391258284558,22912f81ab9c01a96ddb7d403cb1b0204eadac78797e11f39e25cd71d88e078d,M401-01-baseline-awake,BOI_reference
/Users/zcm361/Documents/Github/OxygenDynamicsV2/reference-validation/phase1-optimized-20260909/M401-01-baseline-awake/Recording,sink,7,4,19,241,256,244,248,445,20,20,0,0,0,175.648539325843,175.648539325843,valid,valid,0.0448751081065867,0.0448751081065867,0,1,0,Awake_immobile,-0.100200496277866,-0.15728474492113,247,-4.48751081065867,0.499194788563098,-4.98670559922174,22912f81ab9c01a96ddb7d403cb1b0204eadac78797e11f39e25cd71d88e078d,M401-01-baseline-awake,BOI_reference
/Users/zcm361/Documents/Github/OxygenDynamicsV2/reference-validation/phase1-optimized-20260909/M401-01-baseline-awake/Recording,sink,7,5,20,411,418,413,415,517,20,20,0,0,0,181.933268858801,181.933268858801,valid,valid,0.0380663303547222,0.0380663303547222,0,1,0,Awake_immobile,-0.0905282803595566,-0.140778550123682,414,-3.80663303547222,-0.271119066469649,-3.53551396900257,22912f81ab9c01a96ddb7d403cb1b0204eadac78797e11f39e25cd71d88e078d,M401-01-baseline-awake,BOI_reference
/Users/zcm361/Documents/Github/OxygenDynamicsV2/reference-validation/phase1-optimized-20260909/M401-01-baseline-awake/Recording,sink,7,6,21,571,582,579,582,730,20,20,0,0,0,167.896095890411,167.896095890411,valid,valid,0.0362026742730236,0.0362026742730236,0,1,0,Awake_immobile,-0.100211839784217,-0.120290445046793,572,-3.62026742730236,-0.0717639018332642,-3.54850352546907,22912f81ab9c01a96ddb7d403cb1b0204eadac78797e11f39e25cd71d88e078d,M401-01-baseline-awake,BOI_reference
/Users/zcm361/Documents/Github/OxygenDynamicsV2/reference-validation/phase1-optimized-20260909/M401-01-baseline-awake/Recording,sink,8,1,22,4,7,4,6,321,20,3,1,0,0,NaN,NaN,insufficient_clean_prebaseline,insufficient_clean_prebaseline,NaN,NaN,NaN,1,0,Awake_immobile,-0.108991596528144,-0.151737169461582,NaN,NaN,NaN,NaN,22912f81ab9c01a96ddb7d403cb1b0204eadac78797e11f39e25cd71d88e078d,M401-01-baseline-awake,BOI_reference
/Users/zcm361/Documents/Github/OxygenDynamicsV2/reference-validation/phase1-optimized-20260909/M401-01-baseline-awake/Recording,sink,9,1,23,208,264,212,263,2323,20,20,0,0,0,157.861106328024,157.861106328024,valid,valid,0.0547633717909195,0.0547633717909195,0,1,0,Awake_immobile,-0.117983676491006,-0.121904797016559,216,-5.47633717909195,1.11368476607347,-6.59002194516539,22912f81ab9c01a96ddb7d403cb1b0204eadac78797e11f39e25cd71d88e078d,M401-01-baseline-awake,BOI_reference
/Users/zcm361/Documents/Github/OxygenDynamicsV2/reference-validation/phase1-optimized-20260909/M401-01-baseline-awake/Recording,sink,9,2,24,449,464,458,462,515,20,20,0,0,0,167.417087378641,167.417087378641,valid,valid,0.0891187407068911,0.0891187407068911,0,1,0,Awake_immobile,-0.166731726631378,-0.215880617679253,458,-8.91187407068911,0.135757259671659,-9.04763133036076,22912f81ab9c01a96ddb7d403cb1b0204eadac78797e11f39e25cd71d88e078d,M401-01-baseline-awake,BOI_reference
/Users/zcm361/Documents/Github/OxygenDynamicsV2/reference-validation/phase1-optimized-20260909/M401-01-baseline-awake/Recording,sink,9,3,25,496,501,497,500,266,20,20,0,0,0,183.230827067669,183.230827067669,valid,valid,0.0419044961571134,0.0419044961571134,0,1,0,Awake_immobile,-0.12182314391423,-0.173433638050565,497,-4.19044961571134,-0.0796709814061274,-4.11077863430518,22912f81ab9c01a96ddb7d403cb1b0204eadac78797e11f39e25cd71d88e078d,M401-01-baseline-awake,BOI_reference
/Users/zcm361/Documents/Github/OxygenDynamicsV2/reference-validation/phase1-optimized-20260909/M401-01-baseline-awake/Recording,sink,10,1,26,329,355,330,346,2068,20,20,0,0,0,173.090957446809,173.090957446809,valid,valid,0.0715377839660671,0.0715377839660671,0,1,0,Awake_immobile,-0.1473303086013,-0.168212496230237,344,-7.15377839660671,0.515152107036698,-7.66893050364342,22912f81ab9c01a96ddb7d403cb1b0204eadac78797e11f39e25cd71d88e078d,M401-01-baseline-awake,BOI_reference
/Users/zcm361/Documents/Github/OxygenDynamicsV2/reference-validation/phase1-optimized-20260909/M401-01-baseline-awake/Recording,sink,10,2,27,592,600,598,600,357,20,20,0,0,0,186.520868347339,186.520868347339,valid,valid,0.0759739562488408,0.0759739562488408,0,1,0,Awake_immobile,-0.187999520068214,-0.244407652594603,599,-7.59739562488408,0.106169800335938,-7.70356542522001,22912f81ab9c01a96ddb7d403cb1b0204eadac78797e11f39e25cd71d88e078d,M401-01-baseline-awake,BOI_reference
/Users/zcm361/Documents/Github/OxygenDynamicsV2/reference-validation/phase1-optimized-20260909/M401-01-baseline-awake/Recording,sink,11,1,28,16,20,17,19,220,20,15,1,0,0,NaN,NaN,insufficient_clean_prebaseline,insufficient_clean_prebaseline,NaN,NaN,NaN,1,0,Awake_immobile,-0.0978536187124326,-0.187512229597125,NaN,NaN,NaN,NaN,22912f81ab9c01a96ddb7d403cb1b0204eadac78797e11f39e25cd71d88e078d,M401-01-baseline-awake,BOI_reference
/Users/zcm361/Documents/Github/OxygenDynamicsV2/reference-validation/phase1-optimized-20260909/M401-01-baseline-awake/Recording,sink,12,1,29,38,41,38,40,506,20,20,0,0,0,127.082509881423,127.082509881423,valid,valid,-0.000688140271757087,-0.000688140271757087,0,1,1,Awake_immobile,-0.0832714979987462,-0.0809521590080664,39,0.0688140271757087,3.08575190745167,-3.01693788027596,22912f81ab9c01a96ddb7d403cb1b0204eadac78797e11f39e25cd71d88e078d,M401-01-baseline-awake,BOI_reference
/Users/zcm361/Documents/Github/OxygenDynamicsV2/reference-validation/phase1-optimized-20260909/M401-01-baseline-awake/Recording,sink,12,2,30,249,286,249,266,1451,20,17,0,3,0,NaN,NaN,insufficient_clean_prebaseline,insufficient_clean_prebaseline,NaN,NaN,NaN,1,0,Awake_immobile,-0.115023984728328,-0.133540636704315,NaN,NaN,NaN,NaN,22912f81ab9c01a96ddb7d403cb1b0204eadac78797e11f39e25cd71d88e078d,M401-01-baseline-awake,BOI_reference
/Users/zcm361/Documents/Github/OxygenDynamicsV2/reference-validation/phase1-optimized-20260909/M401-01-baseline-awake/Recording,sink,12,3,31,286,302,294,302,1002,20,19,0,1,0,NaN,NaN,insufficient_clean_prebaseline,insufficient_clean_prebaseline,NaN,NaN,NaN,1,0,Awake_immobile,-0.0990578163895662,-0.130386668324821,NaN,NaN,NaN,NaN,22912f81ab9c01a96ddb7d403cb1b0204eadac78797e11f39e25cd71d88e078d,M401-01-baseline-awake,BOI_reference
/Users/zcm361/Documents/Github/OxygenDynamicsV2/reference-validation/phase1-optimized-20260909/M401-01-baseline-awake/Recording,sink,12,4,32,325,329,325,329,539,20,20,0,0,0,118.996289424861,118.996289424861,valid,valid,0.0357660705654904,0.0357660705654904,0,1,0,Awake_immobile,-0.105927534818282,-0.148223948023502,326,-3.57660705654904,-0.715116518782999,-2.86149053776605,22912f81ab9c01a96ddb7d403cb1b0204eadac78797e11f39e25cd71d88e078d,M401-01-baseline-awake,BOI_reference
/Users/zcm361/Documents/Github/OxygenDynamicsV2/reference-validation/phase1-optimized-20260909/M401-01-baseline-awake/Recording,sink,12,5,33,580,591,587,591,1224,20,20,0,0,0,147.078676470588,147.078676470588,valid,valid,0.0504281921940541,0.0504281921940541,0,1,0,Awake_immobile,-0.0818967730575726,-0.115604901513307,583,-5.04281921940541,0.560237277343655,-5.60305649674906,22912f81ab9c01a96ddb7d403cb1b0204eadac78797e11f39e25cd71d88e078d,M401-01-baseline-awake,BOI_reference
/Users/zcm361/Documents/Github/OxygenDynamicsV2/reference-validation/phase1-optimized-20260909/M401-01-baseline-awake/Recording,sink,13,1,34,250,255,252,254,409,20,20,0,0,0,175.421149144254,175.421149144254,valid,valid,0.0619431406778657,0.0619431406778657,0,1,0,Awake_immobile,-0.123797484139966,-0.188846513653438,253,-6.19431406778657,0.501880551390933,-6.6961946191775,22912f81ab9c01a96ddb7d403cb1b0204eadac78797e11f39e25cd71d88e078d,M401-01-baseline-awake,BOI_reference
/Users/zcm361/Documents/Github/OxygenDynamicsV2/reference-validation/phase1-optimized-20260909/M401-01-baseline-awake/Recording,sink,14,1,35,377,394,379,387,481,20,20,0,0,0,178.070478170478,178.070478170478,valid,valid,0.0899326226271688,0.0899326226271688,0,1,0,Awake_immobile,-0.158036875380403,-0.21400731014526,380,-8.99326226271688,-0.0849143031704483,-8.90834795954642,22912f81ab9c01a96ddb7d403cb1b0204eadac78797e11f39e25cd71d88e078d,M401-01-baseline-awake,BOI_reference
/Users/zcm361/Documents/Github/OxygenDynamicsV2/reference-validation/phase1-optimized-20260909/M401-01-baseline-awake/Recording,sink,14,2,36,423,441,433,435,592,20,20,0,0,0,176.216047297297,176.216047297297,valid,valid,0.0831758849462087,0.0831758849462087,0,1,0,Awake_immobile,-0.13316272638176,-0.1710321323595,432,-8.31758849462087,-0.345785516417356,-7.97180297820352,22912f81ab9c01a96ddb7d403cb1b0204eadac78797e11f39e25cd71d88e078d,M401-01-baseline-awake,BOI_reference
/Users/zcm361/Documents/Github/OxygenDynamicsV2/reference-validation/phase1-optimized-20260909/M401-01-baseline-awake/Recording,sink,15,1,37,242,284,246,251,504,20,20,0,0,0,161.170337301587,161.170337301587,valid,valid,0.067190201631543,0.067190201631543,0,1,0,Awake_immobile,-0.106563770690213,-0.132936799827177,247,-6.7190201631543,0.826314104503859,-7.54533426765817,22912f81ab9c01a96ddb7d403cb1b0204eadac78797e11f39e25cd71d88e078d,M401-01-baseline-awake,BOI_reference
/Users/zcm361/Documents/Github/OxygenDynamicsV2/reference-validation/phase1-optimized-20260909/M401-01-baseline-awake/Recording,sink,15,2,38,493,511,505,508,272,20,20,0,0,0,159.452205882353,159.452205882353,valid,valid,0.0867630444306102,0.0867630444306102,0,1,0,Awake_immobile,-0.117829701452352,-0.160152447245256,497,-8.67630444306102,-0.160164019666557,-8.51614042339446,22912f81ab9c01a96ddb7d403cb1b0204eadac78797e11f39e25cd71d88e078d,M401-01-baseline-awake,BOI_reference
/Users/zcm361/Documents/Github/OxygenDynamicsV2/reference-validation/phase1-optimized-20260909/M401-01-baseline-awake/Recording,sink,16,1,39,26,32,28,30,227,20,20,0,0,0,131.752643171806,131.752643171806,valid,valid,0.0457354841621849,0.0457354841621849,0,1,0,Awake_immobile,-0.0863945978155521,-0.171743601236305,28,-4.57354841621849,1.84506586432004,-6.41861428053855,22912f81ab9c01a96ddb7d403cb1b0204eadac78797e11f39e25cd71d88e078d,M401-01-baseline-awake,BOI_reference
/Users/zcm361/Documents/Github/OxygenDynamicsV2/reference-validation/phase1-optimized-20260909/M401-01-baseline-awake/Recording,sink,17,1,40,29,38,35,37,450,20,20,0,0,0,115.912444444444,115.912444444444,valid,valid,0.00867704742660183,0.00867704742660183,0,1,0,Awake_immobile,-0.0866856331241972,-0.0946055868376344,36,-0.867704742660183,3.85661021441461,-4.72431495707478,22912f81ab9c01a96ddb7d403cb1b0204eadac78797e11f39e25cd71d88e078d,M401-01-baseline-awake,BOI_reference
/Users/zcm361/Documents/Github/OxygenDynamicsV2/reference-validation/phase1-optimized-20260909/M401-01-baseline-awake/Recording,sink,18,1,41,32,44,39,41,209,20,20,0,0,0,127.988038277512,127.988038277512,valid,valid,0.0437578272491074,0.0437578272491074,0,1,0,Awake_immobile,-0.0898284117629576,-0.191779104883387,41,-4.37578272491074,4.27851086470928,-8.65429358962001,22912f81ab9c01a96ddb7d403cb1b0204eadac78797e11f39e25cd71d88e078d,M401-01-baseline-awake,BOI_reference
/Users/zcm361/Documents/Github/OxygenDynamicsV2/reference-validation/phase1-optimized-20260909/M401-01-baseline-awake/Recording,sink,19,1,42,255,288,266,269,508,20,20,0,0,0,124.572933070866,124.572933070866,valid,valid,0.0743650946027413,0.0743650946027413,0,1,0,Awake_immobile,-0.103802376204009,-0.180805967572305,266,-7.43650946027413,0.561688576208773,-7.99819803648289,22912f81ab9c01a96ddb7d403cb1b0204eadac78797e11f39e25cd71d88e078d,M401-01-baseline-awake,BOI_reference
/Users/zcm361/Documents/Github/OxygenDynamicsV2/reference-validation/phase1-optimized-20260909/M401-01-baseline-awake/Recording,sink,19,2,43,578,591,579,582,385,20,20,0,0,0,123.870649350649,123.870649350649,valid,valid,0.0630150429228647,0.0630150429228647,0,1,0,Awake_immobile,-0.0968205202704253,-0.142394443406046,583,-6.30150429228647,0.180847499554317,-6.48235179184078,22912f81ab9c01a96ddb7d403cb1b0204eadac78797e11f39e25cd71d88e078d,M401-01-baseline-awake,BOI_reference
/Users/zcm361/Documents/Github/OxygenDynamicsV2/reference-validation/phase1-optimized-20260909/M401-01-baseline-awake/Recording,sink,20,1,44,56,69,56,67,524,20,18,0,2,0,NaN,NaN,insufficient_clean_prebaseline,insufficient_clean_prebaseline,NaN,NaN,NaN,1,0,Awake_immobile,-0.0710689948190267,-0.0933797172840832,NaN,NaN,NaN,NaN,22912f81ab9c01a96ddb7d403cb1b0204eadac78797e11f39e25cd71d88e078d,M401-01-baseline-awake,BOI_reference
/Users/zcm361/Documents/Github/OxygenDynamicsV2/reference-validation/phase1-optimized-20260909/M401-01-baseline-awake/Recording,sink,20,2,45,220,281,238,240,352,20,20,0,0,0,112.853693181818,112.853693181818,valid,valid,0.0933806592908657,0.0933806592908657,0,1,0,Awake_immobile,-0.0990220318322606,-0.102953652179139,263,-9.33806592908657,-1.3456921764489,-7.99237375263768,22912f81ab9c01a96ddb7d403cb1b0204eadac78797e11f39e25cd71d88e078d,M401-01-baseline-awake,BOI_reference
/Users/zcm361/Documents/Github/OxygenDynamicsV2/reference-validation/phase1-optimized-20260909/M401-01-baseline-awake/Recording,sink,21,1,46,157,203,176,180,359,20,20,0,0,0,191.964484679666,191.964484679666,valid,valid,0.0585828245562485,0.0585828245562485,0,1,0,Awake_immobile,-0.0855395549721497,-0.0999297369256276,161,-5.85828245562485,1.39002564573162,-7.24830810135648,22912f81ab9c01a96ddb7d403cb1b0204eadac78797e11f39e25cd71d88e078d,M401-01-baseline-awake,BOI_reference
/Users/zcm361/Documents/Github/OxygenDynamicsV2/reference-validation/phase1-optimized-20260909/M401-01-baseline-awake/Recording,sink,22,1,47,179,191,180,190,757,20,20,0,0,0,144.65178335535,144.65178335535,valid,valid,0.0892079918612913,0.0892079918612913,0,1,0,Awake_immobile,-0.149996129790537,-0.190321774453596,182,-8.92079918612913,1.0272355988454,-9.94803478497455,22912f81ab9c01a96ddb7d403cb1b0204eadac78797e11f39e25cd71d88e078d,M401-01-baseline-awake,BOI_reference
/Users/zcm361/Documents/Github/OxygenDynamicsV2/reference-validation/phase1-optimized-20260909/M401-01-baseline-awake/Recording,sink,22,2,48,333,357,336,339,404,20,20,0,0,0,152.706064356436,152.706064356436,valid,valid,0.044174200581101,0.044174200581101,0,1,0,Awake_immobile,-0.100270980037616,-0.167446669556793,337,-4.4174200581101,0.413184472951115,-4.8306045310612,22912f81ab9c01a96ddb7d403cb1b0204eadac78797e11f39e25cd71d88e078d,M401-01-baseline-awake,BOI_reference
/Users/zcm361/Documents/Github/OxygenDynamicsV2/reference-validation/phase1-optimized-20260909/M401-01-baseline-awake/Recording,sink,23,1,49,61,66,63,65,358,20,20,0,0,0,123.778631284916,123.778631284916,valid,valid,0.0298503252449916,0.0298503252449916,0,1,0,Awake_immobile,-0.0847057595422398,-0.151566885672752,64,-2.98503252449916,2.49791411426094,-5.48294663876009,22912f81ab9c01a96ddb7d403cb1b0204eadac78797e11f39e25cd71d88e078d,M401-01-baseline-awake,BOI_reference
/Users/zcm361/Documents/Github/OxygenDynamicsV2/reference-validation/phase1-optimized-20260909/M401-01-baseline-awake/Recording,sink,24,1,50,76,103,76,78,164,20,20,0,0,0,114.039634146341,114.039634146341,valid,valid,0.0821547921400882,0.0821547921400882,0,1,0,Awake_immobile,-0.0989105900507269,-0.174863184817074,76,-8.21547921400882,1.51023760985787,-9.72571682386667,22912f81ab9c01a96ddb7d403cb1b0204eadac78797e11f39e25cd71d88e078d,M401-01-baseline-awake,BOI_reference
/Users/zcm361/Documents/Github/OxygenDynamicsV2/reference-validation/phase1-optimized-20260909/M401-01-baseline-awake/Recording,sink,24,2,51,103,138,113,131,2708,20,18,0,2,0,NaN,NaN,insufficient_clean_prebaseline,insufficient_clean_prebaseline,NaN,NaN,NaN,1,0,Awake_immobile,-0.14612496681541,-0.14928914365419,NaN,NaN,NaN,NaN,22912f81ab9c01a96ddb7d403cb1b0204eadac78797e11f39e25cd71d88e078d,M401-01-baseline-awake,BOI_reference
/Users/zcm361/Documents/Github/OxygenDynamicsV2/reference-validation/phase1-optimized-20260909/M401-01-baseline-awake/Recording,sink,24,3,52,326,336,330,336,547,20,20,0,0,0,153.420201096892,153.420201096892,valid,valid,0.0806098841944525,0.0806098841944525,0,1,0,Awake_immobile,-0.095526817249849,-0.154674619639542,330,-8.06098841944525,0.178143522558433,-8.23913194200367,22912f81ab9c01a96ddb7d403cb1b0204eadac78797e11f39e25cd71d88e078d,M401-01-baseline-awake,BOI_reference
/Users/zcm361/Documents/Github/OxygenDynamicsV2/reference-validation/phase1-optimized-20260909/M401-01-baseline-awake/Recording,sink,24,4,53,455,502,464,502,1773,20,16,0,4,0,NaN,NaN,insufficient_clean_prebaseline,insufficient_clean_prebaseline,NaN,NaN,NaN,1,0,Awake_immobile,-0.0648626270226025,-0.0672098482618188,NaN,NaN,NaN,NaN,22912f81ab9c01a96ddb7d403cb1b0204eadac78797e11f39e25cd71d88e078d,M401-01-baseline-awake,BOI_reference
/Users/zcm361/Documents/Github/OxygenDynamicsV2/reference-validation/phase1-optimized-20260909/M401-01-baseline-awake/Recording,sink,25,1,54,328,349,334,338,447,20,20,0,0,0,128.01711409396,128.01711409396,valid,valid,0.0334066421837825,0.0334066421837825,0,1,0,Awake_immobile,-0.118775798147023,-0.14850931722177,338,-3.34066421837825,0.735200370897382,-4.0758645892756,22912f81ab9c01a96ddb7d403cb1b0204eadac78797e11f39e25cd71d88e078d,M401-01-baseline-awake,BOI_reference
/Users/zcm361/Documents/Github/OxygenDynamicsV2/reference-validation/phase1-optimized-20260909/M401-01-baseline-awake/Recording,sink,26,1,55,81,88,82,84,797,20,20,0,0,0,126.378419071518,126.378419071518,valid,valid,0.0659984353220099,0.0659984353220099,0,1,0,Awake_immobile,-0.148937821709202,-0.210083469576381,83,-6.59984353220099,1.36057394450978,-7.96041747671075,22912f81ab9c01a96ddb7d403cb1b0204eadac78797e11f39e25cd71d88e078d,M401-01-baseline-awake,BOI_reference
/Users/zcm361/Documents/Github/OxygenDynamicsV2/reference-validation/phase1-optimized-20260909/M401-01-baseline-awake/Recording,sink,26,2,56,106,109,106,109,238,20,20,0,0,0,138.938235294118,138.938235294118,valid,valid,0.0282847405140426,0.0282847405140426,0,1,0,Awake_immobile,-0.104823294017433,-0.148845596769779,108,-2.82847405140426,1.38395526727838,-4.21242931868263,22912f81ab9c01a96ddb7d403cb1b0204eadac78797e11f39e25cd71d88e078d,M401-01-baseline-awake,BOI_reference
/Users/zcm361/Documents/Github/OxygenDynamicsV2/reference-validation/phase1-optimized-20260909/M401-01-baseline-awake/Recording,sink,26,3,57,154,166,156,161,609,20,20,0,0,0,135.902463054187,135.902463054187,valid,valid,0.0767792027026045,0.0767792027026045,0,1,0,Awake_immobile,-0.167318749400065,-0.234480654133905,161,-7.67792027026045,1.32925411481992,-9.0071743850804,22912f81ab9c01a96ddb7d403cb1b0204eadac78797e11f39e25cd71d88e078d,M401-01-baseline-awake,BOI_reference
/Users/zcm361/Documents/Github/OxygenDynamicsV2/reference-validation/phase1-optimized-20260909/M401-01-baseline-awake/Recording,sink,26,4,58,341,389,348,364,1177,20,20,0,0,0,143.857858963466,143.857858963466,valid,valid,0.0878138349298105,0.0878138349298105,0,1,0,Awake_immobile,-0.132020742454218,-0.149084534897025,374,-8.78138349298105,0.981634036395817,-9.76301752937688,22912f81ab9c01a96ddb7d403cb1b0204eadac78797e11f39e25cd71d88e078d,M401-01-baseline-awake,BOI_reference
/Users/zcm361/Documents/Github/OxygenDynamicsV2/reference-validation/phase1-optimized-20260909/M401-01-baseline-awake/Recording,sink,26,5,59,451,471,457,461,989,20,20,0,0,0,146.974266936299,146.974266936299,valid,valid,0.0982374152563802,0.0982374152563802,0,1,0,Awake_immobile,-0.16467706717709,-0.177457001037951,459,-9.82374152563802,0.0937204067221954,-9.91746193236018,22912f81ab9c01a96ddb7d403cb1b0204eadac78797e11f39e25cd71d88e078d,M401-01-baseline-awake,BOI_reference
/Users/zcm361/Documents/Github/OxygenDynamicsV2/reference-validation/phase1-optimized-20260909/M401-01-baseline-awake/Recording,sink,26,6,60,513,542,519,525,1457,20,20,0,0,0,142.252230610844,142.252230610844,valid,valid,0.103079925601233,0.103079925601233,0,1,0,Awake_immobile,-0.176262451032439,-0.204923875434228,530,-10.3079925601233,0.151507561958644,-10.459500122082,22912f81ab9c01a96ddb7d403cb1b0204eadac78797e11f39e25cd71d88e078d,M401-01-baseline-awake,BOI_reference
/Users/zcm361/Documents/Github/OxygenDynamicsV2/reference-validation/phase1-optimized-20260909/M401-01-baseline-awake/Recording,sink,27,1,61,81,91,83,87,684,20,20,0,0,0,136.39480994152,136.39480994152,valid,valid,0.0580642602609706,0.0580642602609706,0,1,0,Awake_immobile,-0.119285935850023,-0.14845521185671,85,-5.80642602609706,2.22829671709373,-8.03472274319079,22912f81ab9c01a96ddb7d403cb1b0204eadac78797e11f39e25cd71d88e078d,M401-01-baseline-awake,BOI_reference
/Users/zcm361/Documents/Github/OxygenDynamicsV2/reference-validation/phase1-optimized-20260909/M401-01-baseline-awake/Recording,sink,27,2,62,152,188,167,173,1801,20,20,0,0,0,141.97915047196,141.97915047196,valid,valid,0.0583621051569494,0.0583621051569494,0,1,0,Awake_immobile,-0.135731129892512,-0.151617478713961,161,-5.83621051569494,1.70719073176345,-7.54340124745844,22912f81ab9c01a96ddb7d403cb1b0204eadac78797e11f39e25cd71d88e078d,M401-01-baseline-awake,BOI_reference
/Users/zcm361/Documents/Github/OxygenDynamicsV2/reference-validation/phase1-optimized-20260909/M401-01-baseline-awake/Recording,sink,27,3,63,341,367,342,355,1293,20,20,0,0,0,160.905027068832,160.905027068832,valid,valid,0.0942138003231913,0.0942138003231913,0,1,0,Awake_immobile,-0.153640588619635,-0.163786469327691,351,-9.42138003231913,0.298920993022126,-9.72030102534124,22912f81ab9c01a96ddb7d403cb1b0204eadac78797e11f39e25cd71d88e078d,M401-01-baseline-awake,BOI_reference
/Users/zcm361/Documents/Github/OxygenDynamicsV2/reference-validation/phase1-optimized-20260909/M401-01-baseline-awake/Recording,sink,27,4,64,472,477,472,477,492,20,20,0,0,0,160.12012195122,160.12012195122,valid,valid,0.036686126142594,0.036686126142594,0,1,0,Awake_immobile,-0.0843272652857348,-0.134364156923976,477,-3.6686126142594,-0.201344260082798,-3.46726835417658,22912f81ab9c01a96ddb7d403cb1b0204eadac78797e11f39e25cd71d88e078d,M401-01-baseline-awake,BOI_reference
/Users/zcm361/Documents/Github/OxygenDynamicsV2/reference-validation/phase1-optimized-20260909/M401-01-baseline-awake/Recording,sink,27,5,65,516,538,518,534,2025,20,20,0,0,0,159.288814814815,159.288814814815,valid,valid,0.0947850453179467,0.0947850453179467,0,1,0,Awake_immobile,-0.170241379242059,-0.185954875103179,530,-9.47850453179467,-0.341855276058625,-9.13664925573601,22912f81ab9c01a96ddb7d403cb1b0204eadac78797e11f39e25cd71d88e078d,M401-01-baseline-awake,BOI_reference
/Users/zcm361/Documents/Github/OxygenDynamicsV2/reference-validation/phase1-optimized-20260909/M401-01-baseline-awake/Recording,sink,27,6,66,572,584,572,574,335,20,14,0,6,0,NaN,NaN,insufficient_clean_prebaseline,insufficient_clean_prebaseline,NaN,NaN,NaN,1,0,Awake_immobile,-0.099259569213392,-0.14097375553194,NaN,NaN,NaN,NaN,22912f81ab9c01a96ddb7d403cb1b0204eadac78797e11f39e25cd71d88e078d,M401-01-baseline-awake,BOI_reference
/Users/zcm361/Documents/Github/OxygenDynamicsV2/reference-validation/phase1-optimized-20260909/M401-01-baseline-awake/Recording,sink,28,1,67,82,97,91,93,594,20,20,0,0,0,124.547474747475,124.547474747475,valid,valid,0.02323833622596,0.02323833622596,0,1,0,Awake_immobile,-0.0947445498279784,-0.111815644211505,88,-2.323833622596,2.87580219948624,-5.19963582208227,22912f81ab9c01a96ddb7d403cb1b0204eadac78797e11f39e25cd71d88e078d,M401-01-baseline-awake,BOI_reference
/Users/zcm361/Documents/Github/OxygenDynamicsV2/reference-validation/phase1-optimized-20260909/M401-01-baseline-awake/Recording,sink,29,1,68,99,114,103,105,494,20,20,0,0,0,143.570546558704,143.570546558704,valid,valid,0.0597662140450638,0.0597662140450638,0,1,0,Awake_immobile,-0.103143823309055,-0.164448473891176,104,-5.97662140450638,2.32695430695045,-8.30357571145686,22912f81ab9c01a96ddb7d403cb1b0204eadac78797e11f39e25cd71d88e078d,M401-01-baseline-awake,BOI_reference
/Users/zcm361/Documents/Github/OxygenDynamicsV2/reference-validation/phase1-optimized-20260909/M401-01-baseline-awake/Recording,sink,30,1,69,92,107,95,97,370,20,20,0,0,0,121.164864864865,121.164864864865,valid,valid,0.0283732238852582,0.0283732238852582,0,1,0,Awake_immobile,-0.0950920676124525,-0.0933044718552238,94,-2.83732238852582,1.78946469823832,-4.62678708676414,22912f81ab9c01a96ddb7d403cb1b0204eadac78797e11f39e25cd71d88e078d,M401-01-baseline-awake,BOI_reference
/Users/zcm361/Documents/Github/OxygenDynamicsV2/reference-validation/phase1-optimized-20260909/M401-01-baseline-awake/Recording,sink,31,1,70,217,231,223,226,305,20,20,0,0,0,124.893114754098,124.893114754098,valid,valid,0.0381808444729132,0.0381808444729132,0,1,0,Awake_immobile,-0.0909552794575813,-0.1206386021993,228,-3.81808444729132,1.44878500950465,-5.26686945679597,22912f81ab9c01a96ddb7d403cb1b0204eadac78797e11f39e25cd71d88e078d,M401-01-baseline-awake,BOI_reference
/Users/zcm361/Documents/Github/OxygenDynamicsV2/reference-validation/phase1-optimized-20260909/M401-01-baseline-awake/Recording,sink,32,1,71,105,116,108,110,227,20,20,0,0,0,109.540088105727,109.540088105727,valid,valid,0.0660591339038673,0.0660591339038673,0,1,0,Awake_immobile,-0.121872036806725,-0.212566154954098,111,-6.60591339038672,1.55112935795182,-8.15704274833852,22912f81ab9c01a96ddb7d403cb1b0204eadac78797e11f39e25cd71d88e078d,M401-01-baseline-awake,BOI_reference
/Users/zcm361/Documents/Github/OxygenDynamicsV2/reference-validation/phase1-optimized-20260909/M401-01-baseline-awake/Recording,sink,33,1,72,125,136,128,130,351,20,20,0,0,0,136.389458689459,136.389458689459,valid,valid,0.0361730171893376,0.0361730171893376,0,1,0,Awake_immobile,-0.102314703621533,-0.16748081189682,129,-3.61730171893376,1.36155800243983,-4.9788597213736,22912f81ab9c01a96ddb7d403cb1b0204eadac78797e11f39e25cd71d88e078d,M401-01-baseline-awake,BOI_reference
/Users/zcm361/Documents/Github/OxygenDynamicsV2/reference-validation/phase1-optimized-20260909/M401-01-baseline-awake/Recording,sink,34,1,73,135,143,139,141,238,20,20,0,0,0,109.406932773109,109.406932773109,valid,valid,0.044543057777129,0.044543057777129,0,1,0,Awake_immobile,-0.0794945821108646,-0.0986837367103265,136,-4.4543057777129,0.79101141843264,-5.24531719614559,22912f81ab9c01a96ddb7d403cb1b0204eadac78797e11f39e25cd71d88e078d,M401-01-baseline-awake,BOI_reference
/Users/zcm361/Documents/Github/OxygenDynamicsV2/reference-validation/phase1-optimized-20260909/M401-01-baseline-awake/Recording,sink,35,1,74,135,147,139,142,319,20,20,0,0,0,127.668495297806,127.668495297806,valid,valid,0.0275313833215678,0.0275313833215678,0,1,0,Awake_immobile,-0.0749542965255204,-0.0908926590002872,141,-2.75313833215678,2.20799500489035,-4.96113333704712,22912f81ab9c01a96ddb7d403cb1b0204eadac78797e11f39e25cd71d88e078d,M401-01-baseline-awake,BOI_reference
/Users/zcm361/Documents/Github/OxygenDynamicsV2/reference-validation/phase1-optimized-20260909/M401-01-baseline-awake/Recording,sink,36,1,75,148,157,151,156,1025,20,20,0,0,0,124.478731707317,124.478731707317,valid,valid,0.0361366463229686,0.0361366463229686,0,1,0,Awake_immobile,-0.0994365925645109,-0.120340325471497,152,-3.61366463229686,1.25434770428219,-4.86801233657906,22912f81ab9c01a96ddb7d403cb1b0204eadac78797e11f39e25cd71d88e078d,M401-01-baseline-awake,BOI_reference
/Users/zcm361/Documents/Github/OxygenDynamicsV2/reference-validation/phase1-optimized-20260909/M401-01-baseline-awake/Recording,sink,36,2,76,487,515,488,514,1215,20,20,0,0,0,138.439135802469,138.439135802469,valid,valid,0.0677545152881733,0.0677545152881733,0,1,0,Awake_immobile,-0.115996050254504,-0.136172226276209,504,-6.77545152881733,-0.227864140004421,-6.5475873888129,22912f81ab9c01a96ddb7d403cb1b0204eadac78797e11f39e25cd71d88e078d,M401-01-baseline-awake,BOI_reference
/Users/zcm361/Documents/Github/OxygenDynamicsV2/reference-validation/phase1-optimized-20260909/M401-01-baseline-awake/Recording,sink,37,1,77,481,513,483,492,1189,20,20,0,0,0,125.171236333053,125.171236333053,valid,valid,0.0701585582341027,0.0701585582341027,0,1,0,Awake_immobile,-0.115462952443197,-0.125022121601293,490,-7.01585582341027,-0.14181282572781,-6.87404299768246,22912f81ab9c01a96ddb7d403cb1b0204eadac78797e11f39e25cd71d88e078d,M401-01-baseline-awake,BOI_reference
/Users/zcm361/Documents/Github/OxygenDynamicsV2/reference-validation/phase1-optimized-20260909/M401-01-baseline-awake/Recording,sink,37,2,78,533,557,535,557,921,20,20,0,0,0,119.61444082519,119.61444082519,valid,valid,0.0304352838335984,0.0304352838335984,0,1,0,Awake_immobile,-0.0855015651160894,-0.101850192422729,552,-3.04352838335984,-0.256378333785285,-2.7871500495746,22912f81ab9c01a96ddb7d403cb1b0204eadac78797e11f39e25cd71d88e078d,M401-01-baseline-awake,BOI_reference
/Users/zcm361/Documents/Github/OxygenDynamicsV2/reference-validation/phase1-optimized-20260909/M401-01-baseline-awake/Recording,sink,38,1,79,252,280,264,274,958,20,16,0,4,0,NaN,NaN,insufficient_clean_prebaseline,insufficient_clean_prebaseline,NaN,NaN,NaN,1,0,Awake_immobile,-0.114758313324965,-0.13865580270865,NaN,NaN,NaN,NaN,22912f81ab9c01a96ddb7d403cb1b0204eadac78797e11f39e25cd71d88e078d,M401-01-baseline-awake,BOI_reference
/Users/zcm361/Documents/Github/OxygenDynamicsV2/reference-validation/phase1-optimized-20260909/M401-01-baseline-awake/Recording,sink,39,1,80,203,224,219,222,364,20,20,0,0,0,116.881456043956,116.881456043956,valid,valid,0.0499907744415598,0.0499907744415598,0,1,0,Awake_immobile,-0.0839320639887784,-0.136578529893066,207,-4.99907744415598,0.497327208542098,-5.4964046526981,22912f81ab9c01a96ddb7d403cb1b0204eadac78797e11f39e25cd71d88e078d,M401-01-baseline-awake,BOI_reference
/Users/zcm361/Documents/Github/OxygenDynamicsV2/reference-validation/phase1-optimized-20260909/M401-01-baseline-awake/Recording,sink,40,1,81,557,571,558,570,1717,20,20,0,0,0,155.866423995341,155.866423995341,valid,valid,0.0731838280504282,0.0731838280504282,0,1,0,Awake_immobile,-0.124823094642967,-0.147542526618539,562,-7.31838280504282,-0.45558783168535,-6.8627949733575,22912f81ab9c01a96ddb7d403cb1b0204eadac78797e11f39e25cd71d88e078d,M401-01-baseline-awake,BOI_reference
/Users/zcm361/Documents/Github/OxygenDynamicsV2/reference-validation/phase1-optimized-20260909/M401-01-baseline-awake/Recording,sink,41,1,82,205,223,217,219,374,20,20,0,0,0,133.957085561497,133.957085561497,valid,valid,0.051196657880896,0.051196657880896,0,1,0,Awake_immobile,-0.108495906722498,-0.146738768251631,217,-5.1196657880896,1.15020518407915,-6.26987097216878,22912f81ab9c01a96ddb7d403cb1b0204eadac78797e11f39e25cd71d88e078d,M401-01-baseline-awake,BOI_reference
/Users/zcm361/Documents/Github/OxygenDynamicsV2/reference-validation/phase1-optimized-20260909/M401-01-baseline-awake/Recording,sink,42,1,83,225,236,231,233,182,20,20,0,0,0,129.437362637363,129.437362637363,valid,valid,0.0795327198016774,0.0795327198016774,0,1,0,Awake_immobile,-0.0904744367964648,-0.158735869731242,233,-7.95327198016774,0.568212828788123,-8.52148480895588,22912f81ab9c01a96ddb7d403cb1b0204eadac78797e11f39e25cd71d88e078d,M401-01-baseline-awake,BOI_reference
/Users/zcm361/Documents/Github/OxygenDynamicsV2/reference-validation/phase1-optimized-20260909/M401-01-baseline-awake/Recording,sink,43,1,84,240,251,246,248,457,20,20,0,0,0,145.302625820569,145.302625820569,valid,valid,0.0736604957886131,0.0736604957886131,0,1,0,Awake_immobile,-0.0952669933464115,-0.140559952298093,247,-7.36604957886131,-0.0127649188134528,-7.35328466004784,22912f81ab9c01a96ddb7d403cb1b0204eadac78797e11f39e25cd71d88e078d,M401-01-baseline-awake,BOI_reference
/Users/zcm361/Documents/Github/OxygenDynamicsV2/reference-validation/phase1-optimized-20260909/M401-01-baseline-awake/Recording,sink,44,1,85,324,334,327,329,1012,20,20,0,0,0,151.881077075099,151.881077075099,valid,valid,0.0605232862069312,0.0605232862069312,0,1,0,Awake_immobile,-0.116198849944675,-0.173376714484643,328,-6.05232862069312,0.0953050591493469,-6.1476336798425,22912f81ab9c01a96ddb7d403cb1b0204eadac78797e11f39e25cd71d88e078d,M401-01-baseline-awake,BOI_reference
/Users/zcm361/Documents/Github/OxygenDynamicsV2/reference-validation/phase1-optimized-20260909/M401-01-baseline-awake/Recording,sink,44,2,86,439,449,442,445,1128,20,20,0,0,0,154.884796099291,154.884796099291,valid,valid,0.0811232668069182,0.0811232668069182,0,1,0,Awake_immobile,-0.116874624836989,-0.147749504228533,444,-8.11232668069182,-0.221105943923436,-7.89122073676835,22912f81ab9c01a96ddb7d403cb1b0204eadac78797e11f39e25cd71d88e078d,M401-01-baseline-awake,BOI_reference
/Users/zcm361/Documents/Github/OxygenDynamicsV2/reference-validation/phase1-optimized-20260909/M401-01-baseline-awake/Recording,sink,45,1,87,347,394,370,372,270,20,20,0,0,0,143.726296296296,143.726296296296,valid,valid,0.0879268980907641,0.0879268980907641,0,1,0,Awake_immobile,-0.140682449412567,-0.139294455230005,351,-8.79268980907641,0.126157392328185,-8.91884720140459,22912f81ab9c01a96ddb7d403cb1b0204eadac78797e11f39e25cd71d88e078d,M401-01-baseline-awake,BOI_reference
/Users/zcm361/Documents/Github/OxygenDynamicsV2/reference-validation/phase1-optimized-20260909/M401-01-baseline-awake/Recording,sink,46,1,88,404,410,405,407,386,20,20,0,0,0,140.473316062176,140.473316062176,valid,valid,0.0457502116272336,0.0457502116272336,0,1,0,Awake_immobile,-0.0888667534224509,-0.100359974382968,407,-4.57502116272336,0.128063387765297,-4.70308455048864,22912f81ab9c01a96ddb7d403cb1b0204eadac78797e11f39e25cd71d88e078d,M401-01-baseline-awake,BOI_reference
/Users/zcm361/Documents/Github/OxygenDynamicsV2/reference-validation/phase1-optimized-20260909/M401-01-baseline-awake/Recording,sink,46,2,89,429,443,431,433,446,20,20,0,0,0,147.050224215247,147.050224215247,valid,valid,0.110504937149688,0.110504937149688,0,1,0,Awake_immobile,-0.152743445233246,-0.18780873634178,432,-11.0504937149688,0.0867435812344915,-11.1372372962033,22912f81ab9c01a96ddb7d403cb1b0204eadac78797e11f39e25cd71d88e078d,M401-01-baseline-awake,BOI_reference
/Users/zcm361/Documents/Github/OxygenDynamicsV2/reference-validation/phase1-optimized-20260909/M401-01-baseline-awake/Recording,sink,47,1,90,559,574,564,566,441,20,20,0,0,0,139.289342403628,139.289342403628,valid,valid,0.064314157058994,0.064314157058994,0,1,0,Awake_immobile,-0.103862468751594,-0.162171877188456,564,-6.4314157058994,0.15867960596727,-6.59009531186667,22912f81ab9c01a96ddb7d403cb1b0204eadac78797e11f39e25cd71d88e078d,M401-01-baseline-awake,BOI_reference
/Users/zcm361/Documents/Github/OxygenDynamicsV2/reference-validation/phase1-optimized-20260909/M401-01-baseline-awake/Recording,sink,48,1,91,428,457,443,446,334,20,20,0,0,0,131.496556886228,131.496556886228,valid,valid,0.0880433334813302,0.0880433334813302,0,1,0,Awake_immobile,-0.0846058863614585,-0.113491079913838,432,-8.80433334813302,0.0757392292741711,-8.88007257740719,22912f81ab9c01a96ddb7d403cb1b0204eadac78797e11f39e25cd71d88e078d,M401-01-baseline-awake,BOI_reference
/Users/zcm361/Documents/Github/OxygenDynamicsV2/reference-validation/phase1-optimized-20260909/M401-01-baseline-awake/Recording,sink,49,1,92,577,591,585,587,382,20,20,0,0,0,133.772905759162,133.772905759162,valid,valid,0.057498593478633,0.057498593478633,0,1,0,Awake_immobile,-0.10774200707414,-0.129655128405031,579,-5.7498593478633,-0.249945299654595,-5.49991404820871,22912f81ab9c01a96ddb7d403cb1b0204eadac78797e11f39e25cd71d88e078d,M401-01-baseline-awake,BOI_reference
/Users/zcm361/Documents/Github/OxygenDynamicsV2/reference-validation/phase1-optimized-20260909/M401-01-baseline-awake/Recording,surge,1,1,1,4,16,4,16,8827,20,3,1,0,0,NaN,NaN,insufficient_clean_prebaseline,insufficient_clean_prebaseline,NaN,NaN,NaN,1,0,Awake_immobile,0.0554391281692528,0.0610587554190181,NaN,NaN,NaN,NaN,22912f81ab9c01a96ddb7d403cb1b0204eadac78797e11f39e25cd71d88e078d,M401-01-baseline-awake,BOI_reference
/Users/zcm361/Documents/Github/OxygenDynamicsV2/reference-validation/phase1-optimized-20260909/M401-03-baseline-iso/Recording,sink,1,1,1,1,30,7,12,2252,20,0,1,0,0,NaN,NaN,insufficient_clean_prebaseline,insufficient_clean_prebaseline,NaN,NaN,NaN,1,0,Anesthetized,-0.114790690188269,-0.124957073947611,NaN,NaN,NaN,NaN,85abeb1dc0eb650e184826035bf25a7892868b63f3cd98c8732709830d95aa25,M401-03-baseline-iso,BOI_reference
/Users/zcm361/Documents/Github/OxygenDynamicsV2/reference-validation/phase1-optimized-20260909/M401-03-baseline-iso/Recording,sink,1,2,2,217,221,217,221,438,20,20,0,0,0,117.50799086758,117.50799086758,valid,valid,0.0322624517909015,0.0322624517909015,0,1,0,Anesthetized,-0.049041068709932,-0.0533664179139252,218,-3.22624517909015,-1.22090229579367,-2.00534288329645,85abeb1dc0eb650e184826035bf25a7892868b63f3cd98c8732709830d95aa25,M401-03-baseline-iso,BOI_reference
/Users/zcm361/Documents/Github/OxygenDynamicsV2/reference-validation/phase1-optimized-20260909/M401-03-baseline-iso/Recording,sink,2,1,3,24,33,27,29,382,20,20,0,0,0,136.418455497382,136.418455497382,valid,valid,0.0184574141965792,0.0184574141965792,0,1,0,Anesthetized,-0.0838800082669663,-0.0828889634216003,26,-1.84574141965792,0.751873641222711,-2.59761506088066,85abeb1dc0eb650e184826035bf25a7892868b63f3cd98c8732709830d95aa25,M401-03-baseline-iso,BOI_reference
/Users/zcm361/Documents/Github/OxygenDynamicsV2/reference-validation/phase1-optimized-20260909/M401-03-baseline-iso/Recording,sink,2,2,4,240,246,243,245,440,20,20,0,0,0,124.215681818182,124.215681818182,valid,valid,0.0403788132445581,0.0403788132445581,0,1,0,Anesthetized,-0.0823131487450817,-0.103950578618131,245,-4.03788132445581,-1.58634847222495,-2.45153285223089,85abeb1dc0eb650e184826035bf25a7892868b63f3cd98c8732709830d95aa25,M401-03-baseline-iso,BOI_reference
/Users/zcm361/Documents/Github/OxygenDynamicsV2/reference-validation/phase1-optimized-20260909/M401-03-baseline-iso/Recording,sink,3,1,5,245,249,246,249,433,20,20,0,0,0,109.760277136259,109.760277136259,valid,valid,0.066472808682369,0.066472808682369,0,1,0,Anesthetized,-0.0773717939120225,-0.137816831627355,248,-6.6472808682369,-1.56752252049091,-5.07975834774598,85abeb1dc0eb650e184826035bf25a7892868b63f3cd98c8732709830d95aa25,M401-03-baseline-iso,BOI_reference
/Users/zcm361/Documents/Github/OxygenDynamicsV2/reference-validation/phase1-optimized-20260909/M401-03-baseline-iso/Recording,sink,3,2,6,280,286,281,283,932,20,20,0,0,0,102.426931330472,102.426931330472,valid,valid,0.0379407910381,0.0379407910381,0,1,0,Anesthetized,-0.0929930144787709,-0.122814091043819,282,-3.79407910381,-1.50531909917398,-2.28876000463601,85abeb1dc0eb650e184826035bf25a7892868b63f3cd98c8732709830d95aa25,M401-03-baseline-iso,BOI_reference
/Users/zcm361/Documents/Github/OxygenDynamicsV2/reference-validation/phase1-optimized-20260909/M401-03-baseline-iso/Recording,sink,4,1,7,306,311,309,311,619,20,20,0,0,0,117.513166397415,117.513166397415,valid,valid,0.0609789711804885,0.0609789711804885,0,1,0,Anesthetized,-0.0775330973972527,-0.110965230747745,309,-6.09789711804885,-1.57182460371409,-4.52607251433476,85abeb1dc0eb650e184826035bf25a7892868b63f3cd98c8732709830d95aa25,M401-03-baseline-iso,BOI_reference
/Users/zcm361/Documents/Github/OxygenDynamicsV2/reference-validation/phase1-optimized-20260909/M401-03-baseline-iso/Recording,sink,5,1,8,11,15,12,15,513,20,10,1,0,0,NaN,NaN,insufficient_clean_prebaseline,insufficient_clean_prebaseline,NaN,NaN,NaN,1,0,Anesthetized,-0.112124980669686,-0.153204685840068,NaN,NaN,NaN,NaN,85abeb1dc0eb650e184826035bf25a7892868b63f3cd98c8732709830d95aa25,M401-03-baseline-iso,BOI_reference
/Users/zcm361/Documents/Github/OxygenDynamicsV2/reference-validation/phase1-optimized-20260909/M401-03-baseline-iso/Recording,sink,5,2,9,35,41,37,40,400,20,19,0,1,0,NaN,NaN,insufficient_clean_prebaseline,insufficient_clean_prebaseline,NaN,NaN,NaN,1,0,Anesthetized,-0.0617325095634669,-0.0538520651787985,NaN,NaN,NaN,NaN,85abeb1dc0eb650e184826035bf25a7892868b63f3cd98c8732709830d95aa25,M401-03-baseline-iso,BOI_reference
/Users/zcm361/Documents/Github/OxygenDynamicsV2/reference-validation/phase1-optimized-20260909/M401-03-baseline-iso/Recording,sink,5,3,10,255,260,255,258,457,20,18,0,2,0,NaN,NaN,insufficient_clean_prebaseline,insufficient_clean_prebaseline,NaN,NaN,NaN,1,0,Anesthetized,-0.0762402326157989,-0.108708843709384,NaN,NaN,NaN,NaN,85abeb1dc0eb650e184826035bf25a7892868b63f3cd98c8732709830d95aa25,M401-03-baseline-iso,BOI_reference
/Users/zcm361/Documents/Github/OxygenDynamicsV2/reference-validation/phase1-optimized-20260909/M401-03-baseline-iso/Recording,sink,6,1,11,18,33,22,24,227,20,17,1,0,0,NaN,NaN,insufficient_clean_prebaseline,insufficient_clean_prebaseline,NaN,NaN,NaN,1,0,Anesthetized,-0.0754686876360147,-0.107470377303575,NaN,NaN,NaN,NaN,85abeb1dc0eb650e184826035bf25a7892868b63f3cd98c8732709830d95aa25,M401-03-baseline-iso,BOI_reference
/Users/zcm361/Documents/Github/OxygenDynamicsV2/reference-validation/phase1-optimized-20260909/M401-03-baseline-iso/Recording,sink,7,1,12,8,19,14,16,227,20,7,1,0,0,NaN,NaN,insufficient_clean_prebaseline,insufficient_clean_prebaseline,NaN,NaN,NaN,1,0,Anesthetized,-0.110667512460821,-0.147212778558105,NaN,NaN,NaN,NaN,85abeb1dc0eb650e184826035bf25a7892868b63f3cd98c8732709830d95aa25,M401-03-baseline-iso,BOI_reference
/Users/zcm361/Documents/Github/OxygenDynamicsV2/reference-validation/phase1-optimized-20260909/M401-03-baseline-iso/Recording,sink,8,1,13,265,278,274,276,266,20,20,0,0,0,94.8093984962406,94.8093984962406,valid,valid,0.0651207606872513,0.0651207606872513,0,1,0,Anesthetized,-0.0748114876455235,-0.104457759631875,276,-6.51207606872512,-1.65109974753086,-4.86097632119427,85abeb1dc0eb650e184826035bf25a7892868b63f3cd98c8732709830d95aa25,M401-03-baseline-iso,BOI_reference
/Users/zcm361/Documents/Github/OxygenDynamicsV2/reference-validation/phase1-optimized-20260909/M401-03-baseline-iso/Recording,sink,9,1,14,19,29,22,24,407,20,18,1,0,0,NaN,NaN,insufficient_clean_prebaseline,insufficient_clean_prebaseline,NaN,NaN,NaN,1,0,Anesthetized,-0.0832532223948658,-0.122794532615624,NaN,NaN,NaN,NaN,85abeb1dc0eb650e184826035bf25a7892868b63f3cd98c8732709830d95aa25,M401-03-baseline-iso,BOI_reference
/Users/zcm361/Documents/Github/OxygenDynamicsV2/reference-validation/phase1-optimized-20260909/M401-03-baseline-iso/Recording,sink,10,1,15,232,246,236,238,334,20,20,0,0,0,148.032934131737,148.032934131737,valid,valid,0.0435046417086345,0.0435046417086345,0,1,0,Anesthetized,-0.0788625774090875,-0.0856204114884485,238,-4.35046417086345,-0.63462114940363,-3.7158430214598,85abeb1dc0eb650e184826035bf25a7892868b63f3cd98c8732709830d95aa25,M401-03-baseline-iso,BOI_reference
/Users/zcm361/Documents/Github/OxygenDynamicsV2/reference-validation/phase1-optimized-20260909/M401-03-baseline-iso/Recording,sink,11,1,16,234,242,236,239,405,20,20,0,0,0,115.942839506173,115.942839506173,valid,valid,0.0509797825024462,0.0509797825024462,0,1,0,Anesthetized,-0.0713848356199221,-0.0771828446237594,238,-5.09797825024462,-1.90273050000466,-3.19524775023998,85abeb1dc0eb650e184826035bf25a7892868b63f3cd98c8732709830d95aa25,M401-03-baseline-iso,BOI_reference
/Users/zcm361/Documents/Github/OxygenDynamicsV2/reference-validation/phase1-optimized-20260909/M401-03-baseline-iso/Recording,sink,12,1,17,33,41,36,38,361,20,20,0,0,0,115.758587257618,115.758587257618,valid,valid,0.0401028025418265,0.0401028025418265,0,1,0,Anesthetized,-0.0735778219358082,-0.144068061795609,37,-4.01028025418265,0.194851737950374,-4.20513199213302,85abeb1dc0eb650e184826035bf25a7892868b63f3cd98c8732709830d95aa25,M401-03-baseline-iso,BOI_reference
/Users/zcm361/Documents/Github/OxygenDynamicsV2/reference-validation/phase1-optimized-20260909/M401-03-baseline-iso/Recording,sink,13,1,18,530,558,550,554,646,20,20,0,0,0,94.677786377709,94.677786377709,valid,valid,0.0606889752353797,0.0606889752353797,0,1,0,Anesthetized,-0.0743191858638769,-0.0847275701221082,553,-6.06889752353797,-2.32280806480034,-3.74608945873763,85abeb1dc0eb650e184826035bf25a7892868b63f3cd98c8732709830d95aa25,M401-03-baseline-iso,BOI_reference
/Users/zcm361/Documents/Github/OxygenDynamicsV2/reference-validation/phase1-optimized-20260909/M401-03-baseline-iso/Recording,sink,14,1,19,38,43,40,42,411,20,20,0,0,0,98.2742092457421,98.2742092457421,valid,valid,0.0188335433651807,0.0188335433651807,0,1,0,Anesthetized,-0.0661317832051674,-0.0876442442786386,39,-1.88335433651807,0.438603527245043,-2.32195786376312,85abeb1dc0eb650e184826035bf25a7892868b63f3cd98c8732709830d95aa25,M401-03-baseline-iso,BOI_reference
/Users/zcm361/Documents/Github/OxygenDynamicsV2/reference-validation/phase1-optimized-20260909/M401-03-baseline-iso/Recording,sink,15,1,20,44,52,47,50,353,20,20,0,0,0,118.459631728045,118.459631728045,valid,valid,0.0500822048844649,0.0500822048844649,0,1,0,Anesthetized,-0.0489227998684404,-0.120234937959142,46,-5.00822048844649,0.458782665573748,-5.46700315402023,85abeb1dc0eb650e184826035bf25a7892868b63f3cd98c8732709830d95aa25,M401-03-baseline-iso,BOI_reference
/Users/zcm361/Documents/Github/OxygenDynamicsV2/reference-validation/phase1-optimized-20260909/M401-03-baseline-iso/Recording,sink,16,1,21,115,122,118,120,225,20,20,0,0,0,71.1462222222222,71.1462222222222,valid,valid,0.0351014186745294,0.0351014186745294,0,1,0,Anesthetized,-0.0893732075889905,-0.156856739604846,118,-3.51014186745294,0.147754494272831,-3.65789636172576,85abeb1dc0eb650e184826035bf25a7892868b63f3cd98c8732709830d95aa25,M401-03-baseline-iso,BOI_reference
/Users/zcm361/Documents/Github/OxygenDynamicsV2/reference-validation/phase1-optimized-20260909/M401-03-baseline-iso/Recording,sink,17,1,22,56,73,60,63,1432,20,20,0,0,0,110.816375698324,110.816375698324,valid,valid,0.0481699903049393,0.0481699903049393,0,1,0,Anesthetized,-0.0981309934239452,-0.114714826857205,63,-4.81699903049393,0.136625829644987,-4.95362486013889,85abeb1dc0eb650e184826035bf25a7892868b63f3cd98c8732709830d95aa25,M401-03-baseline-iso,BOI_reference
/Users/zcm361/Documents/Github/OxygenDynamicsV2/reference-validation/phase1-optimized-20260909/M401-03-baseline-iso/Recording,sink,17,2,23,140,166,142,164,2187,20,20,0,0,0,109.585985368084,109.585985368084,valid,valid,0.0717650983426626,0.0717650983426626,0,1,0,Anesthetized,-0.0898284249015422,-0.0975642723768218,156,-7.17650983426626,-1.08552476048037,-6.0909850737859,85abeb1dc0eb650e184826035bf25a7892868b63f3cd98c8732709830d95aa25,M401-03-baseline-iso,BOI_reference
/Users/zcm361/Documents/Github/OxygenDynamicsV2/reference-validation/phase1-optimized-20260909/M401-03-baseline-iso/Recording,sink,17,3,24,278,301,288,293,1485,20,16,0,4,0,NaN,NaN,insufficient_clean_prebaseline,insufficient_clean_prebaseline,NaN,NaN,NaN,1,0,Anesthetized,-0.0864905385674653,-0.0905429617754094,NaN,NaN,NaN,NaN,85abeb1dc0eb650e184826035bf25a7892868b63f3cd98c8732709830d95aa25,M401-03-baseline-iso,BOI_reference
/Users/zcm361/Documents/Github/OxygenDynamicsV2/reference-validation/phase1-optimized-20260909/M401-03-baseline-iso/Recording,sink,17,4,25,361,366,361,366,789,20,20,0,0,0,92.0786438529784,92.0786438529784,valid,valid,0.0392436068523008,0.0392436068523008,0,1,0,Anesthetized,-0.0657238532601155,-0.0884903894866246,364,-3.92436068523008,-1.4130283890178,-2.51133229621229,85abeb1dc0eb650e184826035bf25a7892868b63f3cd98c8732709830d95aa25,M401-03-baseline-iso,BOI_reference
/Users/zcm361/Documents/Github/OxygenDynamicsV2/reference-validation/phase1-optimized-20260909/M401-03-baseline-iso/Recording,sink,17,5,26,442,474,462,470,835,20,17,0,3,0,NaN,NaN,insufficient_clean_prebaseline,insufficient_clean_prebaseline,NaN,NaN,NaN,1,0,Anesthetized,-0.0787171474417328,-0.0950433987478736,NaN,NaN,NaN,NaN,85abeb1dc0eb650e184826035bf25a7892868b63f3cd98c8732709830d95aa25,M401-03-baseline-iso,BOI_reference
/Users/zcm361/Documents/Github/OxygenDynamicsV2/reference-validation/phase1-optimized-20260909/M401-03-baseline-iso/Recording,sink,17,6,27,558,569,563,566,1125,20,20,0,0,0,80.0187555555556,80.0187555555556,valid,valid,0.0477232559922066,0.0477232559922066,0,1,0,Anesthetized,-0.0955717156780884,-0.114761082220409,560,-4.77232559922066,0.132920611899832,-4.90524621112045,85abeb1dc0eb650e184826035bf25a7892868b63f3cd98c8732709830d95aa25,M401-03-baseline-iso,BOI_reference
/Users/zcm361/Documents/Github/OxygenDynamicsV2/reference-validation/phase1-optimized-20260909/M401-03-baseline-iso/Recording,sink,18,1,28,39,80,72,74,672,20,20,0,0,0,114.788913690476,114.788913690476,valid,valid,0.00985439759703827,0.00985439759703827,0,1,0,Anesthetized,-0.0728543899736285,-0.0966278047141844,73,-0.985439759703827,2.89822127090912,-3.88366103061298,85abeb1dc0eb650e184826035bf25a7892868b63f3cd98c8732709830d95aa25,M401-03-baseline-iso,BOI_reference
/Users/zcm361/Documents/Github/OxygenDynamicsV2/reference-validation/phase1-optimized-20260909/M401-03-baseline-iso/Recording,sink,19,1,29,164,177,168,170,328,20,20,0,0,0,109.701524390244,109.701524390244,valid,valid,0.029267330144711,0.029267330144711,0,1,0,Anesthetized,-0.0681935333164077,-0.10080330521015,168,-2.9267330144711,-0.48140621345087,-2.4453268010202,85abeb1dc0eb650e184826035bf25a7892868b63f3cd98c8732709830d95aa25,M401-03-baseline-iso,BOI_reference
/Users/zcm361/Documents/Github/OxygenDynamicsV2/reference-validation/phase1-optimized-20260909/M401-03-baseline-iso/Recording,sink,20,1,30,92,133,93,113,1449,20,18,0,2,0,NaN,NaN,insufficient_clean_prebaseline,insufficient_clean_prebaseline,NaN,NaN,NaN,1,0,Anesthetized,-0.0994262976757768,-0.10844905257127,NaN,NaN,NaN,NaN,85abeb1dc0eb650e184826035bf25a7892868b63f3cd98c8732709830d95aa25,M401-03-baseline-iso,BOI_reference
/Users/zcm361/Documents/Github/OxygenDynamicsV2/reference-validation/phase1-optimized-20260909/M401-03-baseline-iso/Recording,sink,21,1,31,124,134,130,132,437,20,20,0,0,0,129.317162471396,129.317162471396,valid,valid,0.0419312141224107,0.0419312141224107,0,1,0,Anesthetized,-0.0966110862265849,-0.124308302767666,131,-4.19312141224107,0.0526500355758245,-4.24577144781685,85abeb1dc0eb650e184826035bf25a7892868b63f3cd98c8732709830d95aa25,M401-03-baseline-iso,BOI_reference
/Users/zcm361/Documents/Github/OxygenDynamicsV2/reference-validation/phase1-optimized-20260909/M401-03-baseline-iso/Recording,sink,22,1,32,505,512,507,511,417,20,20,0,0,0,96.3832134292566,96.3832134292566,valid,valid,0.04264053861733,0.04264053861733,0,1,0,Anesthetized,-0.0681628162561686,-0.0899127662749344,510,-4.264053861733,-0.591805250985507,-3.67224861074749,85abeb1dc0eb650e184826035bf25a7892868b63f3cd98c8732709830d95aa25,M401-03-baseline-iso,BOI_reference
/Users/zcm361/Documents/Github/OxygenDynamicsV2/reference-validation/phase1-optimized-20260909/M401-03-baseline-iso/Recording,sink,23,1,33,213,219,215,217,294,20,20,0,0,0,103.884523809524,103.884523809524,valid,valid,0.0513406925861232,0.0513406925861232,0,1,0,Anesthetized,-0.0721453567491654,-0.131549781462116,215,-5.13406925861232,-0.770024731192358,-4.36404452741994,85abeb1dc0eb650e184826035bf25a7892868b63f3cd98c8732709830d95aa25,M401-03-baseline-iso,BOI_reference
/Users/zcm361/Documents/Github/OxygenDynamicsV2/reference-validation/phase1-optimized-20260909/M401-03-baseline-iso/Recording,sink,24,1,34,221,230,227,229,265,20,20,0,0,0,106.602264150943,106.602264150943,valid,valid,0.0696505437245129,0.0696505437245129,0,1,0,Anesthetized,-0.0699264534684659,-0.105384492773765,229,-6.96505437245129,-1.85777071905985,-5.10728365339144,85abeb1dc0eb650e184826035bf25a7892868b63f3cd98c8732709830d95aa25,M401-03-baseline-iso,BOI_reference
/Users/zcm361/Documents/Github/OxygenDynamicsV2/reference-validation/phase1-optimized-20260909/M401-03-baseline-iso/Recording,sink,25,1,35,518,523,519,521,383,20,20,0,0,0,91.9082245430809,91.9082245430809,valid,valid,0.0581761519963298,0.0581761519963298,0,1,0,Anesthetized,-0.0772976705366162,-0.16635236801321,520,-5.81761519963298,-0.546592669867366,-5.27102252976561,85abeb1dc0eb650e184826035bf25a7892868b63f3cd98c8732709830d95aa25,M401-03-baseline-iso,BOI_reference
/Users/zcm361/Documents/Github/OxygenDynamicsV2/reference-validation/phase1-optimized-20260909/M401-03-baseline-iso/Recording,sink,26,1,36,271,279,272,276,425,20,20,0,0,0,100.292705882353,100.292705882353,valid,valid,0.0633533844464671,0.0633533844464671,0,1,0,Anesthetized,-0.0731383454355904,-0.103803609326947,274,-6.33533844464671,-1.51548748077473,-4.81985096387201,85abeb1dc0eb650e184826035bf25a7892868b63f3cd98c8732709830d95aa25,M401-03-baseline-iso,BOI_reference
/Users/zcm361/Documents/Github/OxygenDynamicsV2/reference-validation/phase1-optimized-20260909/M401-03-baseline-iso/Recording,sink,27,1,37,320,326,322,324,534,20,20,0,0,0,91.7431647940075,91.7431647940075,valid,valid,0.0598856725286456,0.0598856725286456,0,1,0,Anesthetized,-0.070278430838806,-0.11205609976734,324,-5.98856725286456,-1.6126576851251,-4.37590956773944,85abeb1dc0eb650e184826035bf25a7892868b63f3cd98c8732709830d95aa25,M401-03-baseline-iso,BOI_reference
/Users/zcm361/Documents/Github/OxygenDynamicsV2/reference-validation/phase1-optimized-20260909/M401-03-baseline-iso/Recording,sink,28,1,38,414,425,419,421,311,20,20,0,0,0,105.606591639871,105.606591639871,valid,valid,0.0389009747698566,0.0389009747698566,0,1,0,Anesthetized,-0.0709587967614439,-0.116208155047848,424,-3.89009747698566,-1.077086341077,-2.81301113590868,85abeb1dc0eb650e184826035bf25a7892868b63f3cd98c8732709830d95aa25,M401-03-baseline-iso,BOI_reference
/Users/zcm361/Documents/Github/OxygenDynamicsV2/reference-validation/phase1-optimized-20260909/M401-03-baseline-iso/Recording,sink,29,1,39,463,472,465,470,411,20,20,0,0,0,121.664841849148,121.664841849148,valid,valid,0.0518005969492594,0.0518005969492594,0,1,0,Anesthetized,-0.0792991115034853,-0.109165782970759,466,-5.18005969492594,-0.600576891416153,-4.57948280350975,85abeb1dc0eb650e184826035bf25a7892868b63f3cd98c8732709830d95aa25,M401-03-baseline-iso,BOI_reference
/Users/zcm361/Documents/Github/OxygenDynamicsV2/reference-validation/phase1-optimized-20260909/M401-03-baseline-iso/Recording,sink,30,1,40,474,482,476,478,311,20,20,0,0,0,107.10578778135,107.10578778135,valid,valid,0.0521436569908645,0.0521436569908645,0,1,0,Anesthetized,-0.0778939924118012,-0.131186434582858,477,-5.21436569908645,-0.628442217528414,-4.58592348155803,85abeb1dc0eb650e184826035bf25a7892868b63f3cd98c8732709830d95aa25,M401-03-baseline-iso,BOI_reference
/Users/zcm361/Documents/Github/OxygenDynamicsV2/reference-validation/phase1-optimized-20260909/M401-03-baseline-iso/Recording,sink,31,1,41,485,490,486,488,462,20,20,0,0,0,68.9624458874459,68.9624458874459,valid,valid,0.0578660510692658,0.0578660510692658,0,1,0,Anesthetized,-0.0781075327981295,-0.103372922948324,487,-5.78660510692658,-0.260515527458923,-5.52608957946765,85abeb1dc0eb650e184826035bf25a7892868b63f3cd98c8732709830d95aa25,M401-03-baseline-iso,BOI_reference
/Users/zcm361/Documents/Github/OxygenDynamicsV2/reference-validation/phase1-optimized-20260909/M401-03-baseline-iso/Recording,sink,32,1,42,537,544,540,542,223,20,20,0,0,0,68.9860986547085,68.9860986547085,valid,valid,0.0527759540818647,0.0527759540818647,0,1,0,Anesthetized,-0.0791027724174908,-0.176141878461052,542,-5.27759540818647,-0.344094375927627,-4.93350103225886,85abeb1dc0eb650e184826035bf25a7892868b63f3cd98c8732709830d95aa25,M401-03-baseline-iso,BOI_reference
/Users/zcm361/Documents/Github/OxygenDynamicsV2/reference-validation/phase1-optimized-20260909/M401-03-baseline-iso/Recording,sink,33,1,43,575,583,576,578,463,20,20,0,0,0,107.000539956803,107.000539956803,valid,valid,0.0395680367370627,0.0395680367370627,0,1,0,Anesthetized,-0.0739286832575311,-0.0992289242381431,582,-3.95680367370627,-0.354193918517412,-3.60260975518886,85abeb1dc0eb650e184826035bf25a7892868b63f3cd98c8732709830d95aa25,M401-03-baseline-iso,BOI_reference
/Users/zcm361/Documents/Github/OxygenDynamicsV2/reference-validation/phase1-optimized-20260909/M401-03-baseline-iso/Recording,surge,1,1,1,207,216,207,216,3666,20,20,0,0,0,104.963093289689,104.963093289689,valid,valid,0.00471758056958696,0.00471758056958696,0,1,0,Anesthetized,0.0327205599322681,0.0365794192988561,212,0.471758056958696,-0.978008814556779,1.44976687151547,85abeb1dc0eb650e184826035bf25a7892868b63f3cd98c8732709830d95aa25,M401-03-baseline-iso,BOI_reference
/Users/zcm361/Documents/Github/OxygenDynamicsV2/reference-validation/phase1-optimized-20260909/M401-03-baseline-iso/Recording,surge,1,2,2,226,235,226,235,2438,20,10,0,10,0,NaN,NaN,insufficient_clean_prebaseline,insufficient_clean_prebaseline,NaN,NaN,NaN,1,0,Anesthetized,0.0330819780446348,0.0398933638480227,NaN,NaN,NaN,NaN,85abeb1dc0eb650e184826035bf25a7892868b63f3cd98c8732709830d95aa25,M401-03-baseline-iso,BOI_reference
/Users/zcm361/Documents/Github/OxygenDynamicsV2/reference-validation/phase1-optimized-20260909/M401-03-baseline-iso/Recording,surge,1,3,3,406,424,406,424,5192,20,20,0,0,0,83.33906009245,83.33906009245,valid,valid,-0.00378879972193019,-0.00378879972193019,0,1,1,Anesthetized,0.0240350817425895,0.0250709678900531,414,-0.378879972193019,-1.49453388853681,1.11565391634382,85abeb1dc0eb650e184826035bf25a7892868b63f3cd98c8732709830d95aa25,M401-03-baseline-iso,BOI_reference
/Users/zcm361/Documents/Github/OxygenDynamicsV2/reference-validation/phase1-optimized-20260909/FB2312-baseline-awake/Recording,sink,1,1,1,1,28,1,15,1184,20,0,1,0,0,NaN,NaN,insufficient_clean_prebaseline,insufficient_clean_prebaseline,NaN,NaN,NaN,1,0,Awake_immobile,-0.676766550878214,-0.771638012521042,NaN,NaN,NaN,NaN,d2e65164f5640b4b97649714fbbd3e5ab5bc26c3243e44683d98e840ef89b657,FB2312-baseline-awake,BOI_reference
/Users/zcm361/Documents/Github/OxygenDynamicsV2/reference-validation/phase1-optimized-20260909/FB2312-baseline-awake/Recording,sink,1,2,2,106,132,125,131,434,20,20,0,0,0,3349.37315668203,3349.37315668203,valid,valid,0.0757125989494081,0.0757125989494081,0,1,0,Awake_immobile,-0.385825087285065,-0.465092798867115,123,-7.57125989494081,6.37304652946728,-13.9443064244081,d2e65164f5640b4b97649714fbbd3e5ab5bc26c3243e44683d98e840ef89b657,FB2312-baseline-awake,BOI_reference
/Users/zcm361/Documents/Github/OxygenDynamicsV2/reference-validation/phase1-optimized-20260909/FB2312-baseline-awake/Recording,sink,1,3,3,291,314,306,310,825,20,20,0,0,0,4754.25618181818,4754.25618181818,valid,valid,0.137927155211113,0.137927155211113,0,1,0,Awake_immobile,-0.489251523014271,-0.604292614541266,308,-13.7927155211113,2.39415028890711,-16.1868658100184,d2e65164f5640b4b97649714fbbd3e5ab5bc26c3243e44683d98e840ef89b657,FB2312-baseline-awake,BOI_reference
/Users/zcm361/Documents/Github/OxygenDynamicsV2/reference-validation/phase1-optimized-20260909/FB2312-baseline-awake/Recording,sink,1,4,4,315,375,370,374,1038,20,15,0,5,0,NaN,NaN,insufficient_clean_prebaseline,insufficient_clean_prebaseline,NaN,NaN,NaN,1,0,Awake_immobile,-0.478039044396941,-0.535621533582607,NaN,NaN,NaN,NaN,d2e65164f5640b4b97649714fbbd3e5ab5bc26c3243e44683d98e840ef89b657,FB2312-baseline-awake,BOI_reference
/Users/zcm361/Documents/Github/OxygenDynamicsV2/reference-validation/phase1-optimized-20260909/FB2312-baseline-awake/Recording,sink,1,5,5,468,491,487,490,171,20,20,0,0,0,5954.71315789474,5954.71315789474,valid,valid,0.271747933316766,0.271747933316766,0,1,0,Awake_immobile,-0.622744523555215,-1.1135262311392,488,-27.1747933316766,1.30630250317639,-28.4810958348529,d2e65164f5640b4b97649714fbbd3e5ab5bc26c3243e44683d98e840ef89b657,FB2312-baseline-awake,BOI_reference
/Users/zcm361/Documents/Github/OxygenDynamicsV2/reference-validation/phase1-optimized-20260909/FB2312-baseline-awake/Recording,sink,1,6,6,527,553,529,540,2534,20,20,0,0,0,5611.25361089187,5611.25361089187,valid,valid,0.175958528457933,0.175958528457933,0,1,0,Awake_immobile,-0.709054149148735,-0.763080472991027,531,-17.5958528457933,0.335488883131577,-17.9313417289248,d2e65164f5640b4b97649714fbbd3e5ab5bc26c3243e44683d98e840ef89b657,FB2312-baseline-awake,BOI_reference
/Users/zcm361/Documents/Github/OxygenDynamicsV2/reference-validation/phase1-optimized-20260909/FB2312-baseline-awake/Recording,sink,1,7,7,553,624,585,594,2841,20,12,0,8,0,NaN,NaN,insufficient_clean_prebaseline,insufficient_clean_prebaseline,NaN,NaN,NaN,1,0,Awake_immobile,-0.5641202705573,-0.602256045115786,NaN,NaN,NaN,NaN,d2e65164f5640b4b97649714fbbd3e5ab5bc26c3243e44683d98e840ef89b657,FB2312-baseline-awake,BOI_reference
/Users/zcm361/Documents/Github/OxygenDynamicsV2/reference-validation/phase1-optimized-20260909/FB2312-baseline-awake/Recording,sink,1,8,8,624,654,640,646,641,20,20,0,0,0,5241.69266770671,5241.69266770671,valid,valid,0.159572609507653,0.159572609507653,0,1,0,Awake_immobile,-0.724235754289897,-0.813316773727255,643,-15.9572609507653,0.0409498762309753,-15.9982108269962,d2e65164f5640b4b97649714fbbd3e5ab5bc26c3243e44683d98e840ef89b657,FB2312-baseline-awake,BOI_reference
/Users/zcm361/Documents/Github/OxygenDynamicsV2/reference-validation/phase1-optimized-20260909/FB2312-baseline-awake/Recording,sink,1,9,9,764,805,776,779,708,20,20,0,0,0,5266.59752824859,5266.59752824859,valid,valid,0.0842700533735017,0.0842700533735017,0,1,0,Awake_immobile,-0.408122724111555,-0.4888668243156,769,-8.42700533735017,-0.129240368930366,-8.29776496841981,d2e65164f5640b4b97649714fbbd3e5ab5bc26c3243e44683d98e840ef89b657,FB2312-baseline-awake,BOI_reference
/Users/zcm361/Documents/Github/OxygenDynamicsV2/reference-validation/phase1-optimized-20260909/FB2312-baseline-awake/Recording,sink,1,10,10,886,953,929,932,488,20,20,0,0,0,5742.79672131148,5742.79672131148,valid,valid,0.0896849824127504,0.0896849824127504,0,1,0,Awake_immobile,-0.343356312260215,-0.407403492507929,933,-8.96849824127504,-0.794298634849038,-8.17419960642597,d2e65164f5640b4b97649714fbbd3e5ab5bc26c3243e44683d98e840ef89b657,FB2312-baseline-awake,BOI_reference
/Users/zcm361/Documents/Github/OxygenDynamicsV2/reference-validation/phase1-optimized-20260909/FB2312-baseline-awake/Recording,sink,1,11,11,1096,1126,1102,1107,1021,20,20,0,0,0,5169.10812928502,5169.10812928502,valid,valid,0.0657210656678606,0.0657210656678606,0,1,0,Awake_immobile,-0.221207358345628,-0.260736790729535,1106,-6.57210656678606,-0.480827180555576,-6.09127938623048,d2e65164f5640b4b97649714fbbd3e5ab5bc26c3243e44683d98e840ef89b657,FB2312-baseline-awake,BOI_reference
/Users/zcm361/Documents/Github/OxygenDynamicsV2/reference-validation/phase1-optimized-20260909/FB2312-baseline-awake/Recording,sink,1,12,12,1156,1174,1172,1174,687,20,20,0,0,0,5209.61186317322,5209.61186317322,valid,valid,0.0755797979345282,0.0755797979345282,0,1,0,Awake_immobile,-0.25442931439216,-0.271803961763954,1172,-7.55797979345282,0.0125648726723291,-7.57054466612516,d2e65164f5640b4b97649714fbbd3e5ab5bc26c3243e44683d98e840ef89b657,FB2312-baseline-awake,BOI_reference
/Users/zcm361/Documents/Github/OxygenDynamicsV2/reference-validation/phase1-optimized-20260909/FB2312-baseline-awake/Recording,sink,2,1,13,14,35,15,20,1397,20,13,1,0,0,NaN,NaN,insufficient_clean_prebaseline,insufficient_clean_prebaseline,NaN,NaN,NaN,1,0,Awake_immobile,-0.487530788852502,-0.530845355170095,NaN,NaN,NaN,NaN,d2e65164f5640b4b97649714fbbd3e5ab5bc26c3243e44683d98e840ef89b657,FB2312-baseline-awake,BOI_reference
/Users/zcm361/Documents/Github/OxygenDynamicsV2/reference-validation/phase1-optimized-20260909/FB2312-baseline-awake/Recording,sink,2,2,14,676,710,694,696,618,20,20,0,0,0,5660.30080906149,5660.30080906149,valid,valid,0.0806328148363359,0.0806328148363359,0,1,0,Awake_immobile,-0.348360732077202,-0.401251499255905,686,-8.06328148363359,-0.0699181121956032,-7.99336337143796,d2e65164f5640b4b97649714fbbd3e5ab5bc26c3243e44683d98e840ef89b657,FB2312-baseline-awake,BOI_reference
/Users/zcm361/Documents/Github/OxygenDynamicsV2/reference-validation/phase1-optimized-20260909/FB2312-baseline-awake/Recording,sink,2,3,15,1179,1195,1193,1195,663,20,20,0,0,0,4501.34886877828,4501.34886877828,valid,valid,0.0689926595825491,0.0689926595825491,0,1,0,Awake_immobile,-0.264083449402426,-0.33052847291159,1182,-6.89926595825491,-0.540876717278326,-6.35838924097658,d2e65164f5640b4b97649714fbbd3e5ab5bc26c3243e44683d98e840ef89b657,FB2312-baseline-awake,BOI_reference
/Users/zcm361/Documents/Github/OxygenDynamicsV2/reference-validation/phase1-optimized-20260909/FB2312-baseline-awake/Recording,sink,3,1,16,10,22,10,13,490,20,9,1,0,0,NaN,NaN,insufficient_clean_prebaseline,insufficient_clean_prebaseline,NaN,NaN,NaN,1,0,Awake_immobile,-0.623921928189847,-0.697937744963951,NaN,NaN,NaN,NaN,d2e65164f5640b4b97649714fbbd3e5ab5bc26c3243e44683d98e840ef89b657,FB2312-baseline-awake,BOI_reference
/Users/zcm361/Documents/Github/OxygenDynamicsV2/reference-validation/phase1-optimized-20260909/FB2312-baseline-awake/Recording,sink,3,2,17,295,406,320,342,1838,20,20,0,0,0,6415.46556039173,6415.46556039173,valid,valid,0.129067419431402,0.129067419431402,0,1,0,Awake_immobile,-0.506821817666663,-0.568256124024096,315,-12.9067419431402,2.31180927748856,-15.2185512206288,d2e65164f5640b4b97649714fbbd3e5ab5bc26c3243e44683d98e840ef89b657,FB2312-baseline-awake,BOI_reference
/Users/zcm361/Documents/Github/OxygenDynamicsV2/reference-validation/phase1-optimized-20260909/FB2312-baseline-awake/Recording,sink,4,1,18,34,52,34,36,487,20,20,0,0,0,2691.8727926078,2691.8727926078,valid,valid,-0.0123635899847745,-0.0123635899847745,0,1,1,Awake_immobile,-0.333294064755068,-0.385587274347745,35,1.23635899847745,2.44404625802824,-1.20768725955076,d2e65164f5640b4b97649714fbbd3e5ab5bc26c3243e44683d98e840ef89b657,FB2312-baseline-awake,BOI_reference
/Users/zcm361/Documents/Github/OxygenDynamicsV2/reference-validation/phase1-optimized-20260909/FB2312-baseline-awake/Recording,sink,4,2,19,411,449,433,440,386,20,20,0,0,0,5274.99378238342,5274.99378238342,valid,valid,0.172952393038697,0.172952393038697,0,1,0,Awake_immobile,-0.472867621437024,-0.608379498466338,429,-17.2952393038697,1.41496069045623,-18.710199994326,d2e65164f5640b4b97649714fbbd3e5ab5bc26c3243e44683d98e840ef89b657,FB2312-baseline-awake,BOI_reference
/Users/zcm361/Documents/Github/OxygenDynamicsV2/reference-validation/phase1-optimized-20260909/FB2312-baseline-awake/Recording,sink,4,3,20,474,512,489,511,3112,20,13,0,7,0,NaN,NaN,insufficient_clean_prebaseline,insufficient_clean_prebaseline,NaN,NaN,NaN,1,0,Awake_immobile,-0.504369531994168,-0.552820229509699,NaN,NaN,NaN,NaN,d2e65164f5640b4b97649714fbbd3e5ab5bc26c3243e44683d98e840ef89b657,FB2312-baseline-awake,BOI_reference
/Users/zcm361/Documents/Github/OxygenDynamicsV2/reference-validation/phase1-optimized-20260909/FB2312-baseline-awake/Recording,sink,4,4,21,537,570,551,569,2578,20,20,0,0,0,4449.94133048875,4449.94133048875,valid,valid,0.138098660003166,0.138098660003166,0,1,0,Awake_immobile,-0.342997069396417,-0.398370253344095,550,-13.8098660003166,0.739523158470396,-14.549389158787,d2e65164f5640b4b97649714fbbd3e5ab5bc26c3243e44683d98e840ef89b657,FB2312-baseline-awake,BOI_reference
/Users/zcm361/Documents/Github/OxygenDynamicsV2/reference-validation/phase1-optimized-20260909/FB2312-baseline-awake/Recording,sink,4,5,22,854,900,860,869,1926,20,18,0,2,0,NaN,NaN,insufficient_clean_prebaseline,insufficient_clean_prebaseline,NaN,NaN,NaN,1,0,Awake_immobile,-0.322505174512662,-0.367197221221801,NaN,NaN,NaN,NaN,d2e65164f5640b4b97649714fbbd3e5ab5bc26c3243e44683d98e840ef89b657,FB2312-baseline-awake,BOI_reference
/Users/zcm361/Documents/Github/OxygenDynamicsV2/reference-validation/phase1-optimized-20260909/FB2312-baseline-awake/Recording,sink,4,6,23,854,900,890,898,2198,20,18,0,2,0,NaN,NaN,insufficient_clean_prebaseline,insufficient_clean_prebaseline,NaN,NaN,NaN,1,0,Awake_immobile,-0.25652111894741,-0.275015891245631,NaN,NaN,NaN,NaN,d2e65164f5640b4b97649714fbbd3e5ab5bc26c3243e44683d98e840ef89b657,FB2312-baseline-awake,BOI_reference
/Users/zcm361/Documents/Github/OxygenDynamicsV2/reference-validation/phase1-optimized-20260909/FB2312-baseline-awake/Recording,sink,4,7,24,943,955,945,953,1741,20,20,0,0,0,4419.82030442274,4419.82030442274,valid,valid,0.099918184197973,0.099918184197973,0,1,0,Awake_immobile,-0.341707747878113,-0.384977839752227,952,-9.99181841979729,-0.528326637259725,-9.46349178253759,d2e65164f5640b4b97649714fbbd3e5ab5bc26c3243e44683d98e840ef89b657,FB2312-baseline-awake,BOI_reference
/Users/zcm361/Documents/Github/OxygenDynamicsV2/reference-validation/phase1-optimized-20260909/FB2312-baseline-awake/Recording,sink,4,8,25,977,1028,977,987,561,20,20,0,0,0,4141.29777183601,4141.29777183601,valid,valid,0.053444134438125,0.053444134438125,0,1,0,Awake_immobile,-0.279041728343174,-0.309469852672945,979,-5.3444134438125,-0.401155894109599,-4.94325754970286,d2e65164f5640b4b97649714fbbd3e5ab5bc26c3243e44683d98e840ef89b657,FB2312-baseline-awake,BOI_reference
/Users/zcm361/Documents/Github/OxygenDynamicsV2/reference-validation/phase1-optimized-20260909/FB2312-baseline-awake/Recording,sink,4,9,26,1031,1070,1038,1058,2540,20,20,0,0,0,4329.92232283465,4329.92232283465,valid,valid,0.146183424741294,0.146183424741294,0,1,0,Awake_immobile,-0.289081342769013,-0.335388710951311,1043,-14.6183424741294,-0.851378078431531,-13.7669643956979,d2e65164f5640b4b97649714fbbd3e5ab5bc26c3243e44683d98e840ef89b657,FB2312-baseline-awake,BOI_reference
/Users/zcm361/Documents/Github/OxygenDynamicsV2/reference-validation/phase1-optimized-20260909/FB2312-baseline-awake/Recording,sink,4,10,27,1096,1121,1101,1112,1945,20,20,0,0,0,4095.43264781491,4095.43264781491,valid,valid,0.0786767100826408,0.0786767100826408,0,1,0,Awake_immobile,-0.229819652236237,-0.264309314170709,1106,-7.86767100826408,-0.982836517913559,-6.88483449035054,d2e65164f5640b4b97649714fbbd3e5ab5bc26c3243e44683d98e840ef89b657,FB2312-baseline-awake,BOI_reference
/Users/zcm361/Documents/Github/OxygenDynamicsV2/reference-validation/phase1-optimized-20260909/FB2312-baseline-awake/Recording,sink,5,1,28,196,253,210,215,733,20,20,0,0,0,6049.09863574352,6049.09863574352,valid,valid,0.0864946381354596,0.0864946381354596,0,1,0,Awake_immobile,-0.643606663468536,-0.761101006610691,210,-8.64946381354596,2.47854382771574,-11.1280076412617,d2e65164f5640b4b97649714fbbd3e5ab5bc26c3243e44683d98e840ef89b657,FB2312-baseline-awake,BOI_reference
/Users/zcm361/Documents/Github/OxygenDynamicsV2/reference-validation/phase1-optimized-20260909/FB2312-baseline-awake/Recording,sink,5,2,29,196,253,238,250,2255,20,20,0,0,0,5648.16314855876,5648.16314855876,valid,valid,0.0464148621549385,0.0464148621549385,0,1,0,Awake_immobile,-0.349818234814903,-0.396693581191241,240,-4.64148621549385,5.05965596860683,-9.70114218410068,d2e65164f5640b4b97649714fbbd3e5ab5bc26c3243e44683d98e840ef89b657,FB2312-baseline-awake,BOI_reference
/Users/zcm361/Documents/Github/OxygenDynamicsV2/reference-validation/phase1-optimized-20260909/FB2312-baseline-awake/Recording,sink,5,3,30,276,370,304,308,536,20,20,0,0,0,6409.8302238806,6409.8302238806,valid,valid,0.119659955601078,0.119659955601078,0,1,0,Awake_immobile,-0.478485371478235,-0.559427992562497,331,-11.9659955601078,4.28623711100887,-16.2522326711167,d2e65164f5640b4b97649714fbbd3e5ab5bc26c3243e44683d98e840ef89b657,FB2312-baseline-awake,BOI_reference
/Users/zcm361/Documents/Github/OxygenDynamicsV2/reference-validation/phase1-optimized-20260909/FB2312-baseline-awake/Recording,sink,5,4,31,408,418,408,410,424,20,20,0,0,0,6505.67712264151,6505.67712264151,valid,valid,0.0593846716824358,0.0593846716824358,0,1,0,Awake_immobile,-0.318676580610515,-0.399082417092462,408,-5.93846716824358,0.347192746392304,-6.28565991463588,d2e65164f5640b4b97649714fbbd3e5ab5bc26c3243e44683d98e840ef89b657,FB2312-baseline-awake,BOI_reference
/Users/zcm361/Documents/Github/OxygenDynamicsV2/reference-validation/phase1-optimized-20260909/FB2312-baseline-awake/Recording,sink,5,5,32,1032,1059,1051,1058,1525,20,20,0,0,0,6252.44895081967,6252.44895081967,valid,valid,0.112218392506799,0.112218392506799,0,1,0,Awake_immobile,-0.351321155337776,-0.387189347808205,1052,-11.2218392506799,-1.55418022336507,-9.66765902731479,d2e65164f5640b4b97649714fbbd3e5ab5bc26c3243e44683d98e840ef89b657,FB2312-baseline-awake,BOI_reference
/Users/zcm361/Documents/Github/OxygenDynamicsV2/reference-validation/phase1-optimized-20260909/FB2312-baseline-awake/Recording,sink,5,6,33,1138,1150,1140,1142,525,20,20,0,0,0,6833.31961904762,6833.31961904762,valid,valid,0.0556245855043947,0.0556245855043947,0,1,0,Awake_immobile,-0.267278739980289,-0.348015192971347,1142,-5.56245855043947,-0.424325342253704,-5.13813320818576,d2e65164f5640b4b97649714fbbd3e5ab5bc26c3243e44683d98e840ef89b657,FB2312-baseline-awake,BOI_reference
/Users/zcm361/Documents/Github/OxygenDynamicsV2/reference-validation/phase1-optimized-20260909/FB2312-baseline-awake/Recording,sink,5,7,34,1173,1183,1180,1183,352,20,20,0,0,0,6806.26221590909,6806.26221590909,valid,valid,0.108913445058931,0.108913445058931,0,1,0,Awake_immobile,-0.425592625026845,-0.511087016018047,1182,-10.8913445058931,-0.351971109704187,-10.5393733961889,d2e65164f5640b4b97649714fbbd3e5ab5bc26c3243e44683d98e840ef89b657,FB2312-baseline-awake,BOI_reference
/Users/zcm361/Documents/Github/OxygenDynamicsV2/reference-validation/phase1-optimized-20260909/FB2312-baseline-awake/Recording,sink,6,1,35,28,62,30,32,262,20,20,0,0,0,5521.78396946565,5521.78396946565,valid,valid,0.0308026350041481,0.0308026350041481,0,1,0,Awake_immobile,-0.38841530248409,-0.494057209032565,31,-3.08026350041481,2.99910543606033,-6.07936893647512,d2e65164f5640b4b97649714fbbd3e5ab5bc26c3243e44683d98e840ef89b657,FB2312-baseline-awake,BOI_reference
/Users/zcm361/Documents/Github/OxygenDynamicsV2/reference-validation/phase1-optimized-20260909/FB2312-baseline-awake/Recording,sink,6,2,36,63,86,68,73,1172,20,20,0,0,0,5357.37209897611,5357.37209897611,valid,valid,0.0670553945146653,0.0670553945146653,0,1,0,Awake_immobile,-0.469129085974647,-0.535110958445302,70,-6.70553945146653,3.22420878033661,-9.92974823180312,d2e65164f5640b4b97649714fbbd3e5ab5bc26c3243e44683d98e840ef89b657,FB2312-baseline-awake,BOI_reference
/Users/zcm361/Documents/Github/OxygenDynamicsV2/reference-validation/phase1-optimized-20260909/FB2312-baseline-awake/Recording,sink,6,3,37,194,323,206,209,612,20,20,0,0,0,6521.4183006536,6521.4183006536,valid,valid,0.0451691610450032,0.0451691610450032,0,1,0,Awake_immobile,-0.651488344824197,-0.782447021417075,205,-4.51691610450032,2.22512405346396,-6.74204015796428,d2e65164f5640b4b97649714fbbd3e5ab5bc26c3243e44683d98e840ef89b657,FB2312-baseline-awake,BOI_reference
/Users/zcm361/Documents/Github/OxygenDynamicsV2/reference-validation/phase1-optimized-20260909/FB2312-baseline-awake/Recording,sink,7,1,38,503,584,522,524,199,20,20,0,0,0,7055.66407035176,7055.66407035176,valid,valid,0.104510033512047,0.104510033512047,0,1,0,Awake_immobile,-0.483615624095926,-0.689686049694559,581,-10.4510033512047,0.0442708191152115,-10.4952741703199,d2e65164f5640b4b97649714fbbd3e5ab5bc26c3243e44683d98e840ef89b657,FB2312-baseline-awake,BOI_reference
/Users/zcm361/Documents/Github/OxygenDynamicsV2/reference-validation/phase1-optimized-20260909/FB2312-baseline-awake/Recording,sink,7,2,39,893,910,899,902,292,20,20,0,0,0,8474.41455479452,8474.41455479452,valid,valid,0.0657660697093048,0.0657660697093048,0,1,0,Awake_immobile,-0.319017767574485,-0.417001212527258,901,-6.57660697093048,-0.817021689373003,-5.75958528155749,d2e65164f5640b4b97649714fbbd3e5ab5bc26c3243e44683d98e840ef89b657,FB2312-baseline-awake,BOI_reference
/Users/zcm361/Documents/Github/OxygenDynamicsV2/reference-validation/phase1-optimized-20260909/FB2312-baseline-awake/Recording,sink,7,3,40,1009,1022,1011,1014,376,20,20,0,0,0,7213.37965425532,7213.37965425532,valid,valid,0.0747686198897347,0.0747686198897347,0,1,0,Awake_immobile,-0.427366951232816,-0.498940261925627,1014,-7.47686198897347,-0.607641565221924,-6.86922042375154,d2e65164f5640b4b97649714fbbd3e5ab5bc26c3243e44683d98e840ef89b657,FB2312-baseline-awake,BOI_reference
/Users/zcm361/Documents/Github/OxygenDynamicsV2/reference-validation/phase1-optimized-20260909/FB2312-baseline-awake/Recording,sink,8,1,41,26,43,32,34,2062,20,20,0,0,0,3285.27895247333,3285.27895247333,valid,valid,0.00109860209961084,0.00109860209961084,0,1,0,Awake_immobile,-0.362273293704209,-0.396935139054665,31,-0.109860209961084,3.8568549957456,-3.9667152057067,d2e65164f5640b4b97649714fbbd3e5ab5bc26c3243e44683d98e840ef89b657,FB2312-baseline-awake,BOI_reference
/Users/zcm361/Documents/Github/OxygenDynamicsV2/reference-validation/phase1-optimized-20260909/FB2312-baseline-awake/Recording,sink,9,1,42,37,54,47,51,783,20,20,0,0,0,3029.06641123882,3029.06641123882,valid,valid,-0.0193965744411638,-0.0193965744411638,0,1,1,Awake_immobile,-0.329459269065053,-0.385292197397625,50,1.93965744411638,6.48810618415197,-4.5484487400356,d2e65164f5640b4b97649714fbbd3e5ab5bc26c3243e44683d98e840ef89b657,FB2312-baseline-awake,BOI_reference
/Users/zcm361/Documents/Github/OxygenDynamicsV2/reference-validation/phase1-optimized-20260909/FB2312-baseline-awake/Recording,sink,9,2,43,184,243,209,217,973,20,20,0,0,0,4260.48335046249,4260.48335046249,valid,valid,0.0574816443945791,0.0574816443945791,0,1,0,Awake_immobile,-0.507888317257898,-0.55970674334739,210,-5.7481644394579,4.5668071484969,-10.3149715879548,d2e65164f5640b4b97649714fbbd3e5ab5bc26c3243e44683d98e840ef89b657,FB2312-baseline-awake,BOI_reference
/Users/zcm361/Documents/Github/OxygenDynamicsV2/reference-validation/phase1-optimized-20260909/FB2312-baseline-awake/Recording,sink,10,1,44,48,51,48,50,288,20,20,0,0,0,3357.37309027778,3357.37309027778,valid,valid,0.0251689521026717,0.0251689521026717,0,1,0,Awake_immobile,-0.316201850547697,-0.506838310461953,48,-2.51689521026716,3.74529727778203,-6.26219248804917,d2e65164f5640b4b97649714fbbd3e5ab5bc26c3243e44683d98e840ef89b657,FB2312-baseline-awake,BOI_reference
/Users/zcm361/Documents/Github/OxygenDynamicsV2/reference-validation/phase1-optimized-20260909/FB2312-baseline-awake/Recording,sink,10,2,45,70,128,74,118,1503,20,19,0,1,0,NaN,NaN,insufficient_clean_prebaseline,insufficient_clean_prebaseline,NaN,NaN,NaN,1,0,Awake_immobile,-0.425704558923828,-0.465342181278307,NaN,NaN,NaN,NaN,d2e65164f5640b4b97649714fbbd3e5ab5bc26c3243e44683d98e840ef89b657,FB2312-baseline-awake,BOI_reference
/Users/zcm361/Documents/Github/OxygenDynamicsV2/reference-validation/phase1-optimized-20260909/FB2312-baseline-awake/Recording,sink,10,3,46,271,298,279,283,476,20,20,0,0,0,4463.31092436975,4463.31092436975,valid,valid,0.235939047396702,0.235939047396702,0,1,0,Awake_immobile,-0.728388081459688,-0.99850897508174,282,-23.5939047396702,1.89638629122861,-25.4902910308988,d2e65164f5640b4b97649714fbbd3e5ab5bc26c3243e44683d98e840ef89b657,FB2312-baseline-awake,BOI_reference
/Users/zcm361/Documents/Github/OxygenDynamicsV2/reference-validation/phase1-optimized-20260909/FB2312-baseline-awake/Recording,sink,10,4,47,633,655,646,654,632,20,20,0,0,0,4190.7914556962,4190.7914556962,valid,valid,0.160095661819114,0.160095661819114,0,1,0,Awake_immobile,-0.42097578368672,-0.488161061408657,648,-16.0095661819114,0.0178950262728977,-16.0274612081842,d2e65164f5640b4b97649714fbbd3e5ab5bc26c3243e44683d98e840ef89b657,FB2312-baseline-awake,BOI_reference
/Users/zcm361/Documents/Github/OxygenDynamicsV2/reference-validation/phase1-optimized-20260909/FB2312-baseline-awake/Recording,sink,10,5,48,1089,1132,1120,1122,640,20,20,0,0,0,5183.94921875,5183.94921875,valid,valid,0.0701581127443409,0.0701581127443409,0,1,0,Awake_immobile,-0.234740937656413,-0.29557465479658,1121,-7.01581127443409,-0.599462056350698,-6.41634921808339,d2e65164f5640b4b97649714fbbd3e5ab5bc26c3243e44683d98e840ef89b657,FB2312-baseline-awake,BOI_reference
/Users/zcm361/Documents/Github/OxygenDynamicsV2/reference-validation/phase1-optimized-20260909/FB2312-baseline-awake/Recording,sink,11,1,49,41,53,48,50,315,20,20,0,0,0,2436.60317460317,2436.60317460317,valid,valid,-0.0174924758641356,-0.0174924758641356,0,1,1,Awake_immobile,-0.296779393660959,-0.387712029344941,49,1.74924758641356,5.41761409613218,-3.66836650971863,d2e65164f5640b4b97649714fbbd3e5ab5bc26c3243e44683d98e840ef89b657,FB2312-baseline-awake,BOI_reference
/Users/zcm361/Documents/Github/OxygenDynamicsV2/reference-validation/phase1-optimized-20260909/FB2312-baseline-awake/Recording,sink,11,2,50,360,416,371,374,1002,20,17,0,3,0,NaN,NaN,insufficient_clean_prebaseline,insufficient_clean_prebaseline,NaN,NaN,NaN,1,0,Awake_immobile,-0.425810732047804,-0.509172498083716,NaN,NaN,NaN,NaN,d2e65164f5640b4b97649714fbbd3e5ab5bc26c3243e44683d98e840ef89b657,FB2312-baseline-awake,BOI_reference
/Users/zcm361/Documents/Github/OxygenDynamicsV2/reference-validation/phase1-optimized-20260909/FB2312-baseline-awake/Recording,sink,12,1,51,35,57,51,53,317,20,12,0,8,0,NaN,NaN,insufficient_clean_prebaseline,insufficient_clean_prebaseline,NaN,NaN,NaN,1,0,Awake_immobile,-0.341272500411193,-0.531915678123534,NaN,NaN,NaN,NaN,d2e65164f5640b4b97649714fbbd3e5ab5bc26c3243e44683d98e840ef89b657,FB2312-baseline-awake,BOI_reference
/Users/zcm361/Documents/Github/OxygenDynamicsV2/reference-validation/phase1-optimized-20260909/FB2312-baseline-awake/Recording,sink,13,1,52,245,251,247,249,637,20,20,0,0,0,3132.67692307692,3132.67692307692,valid,valid,0.0959923532529344,0.0959923532529344,0,1,0,Awake_immobile,-0.554464998683775,-0.762954867683611,248,-9.59923532529344,1.54408055088744,-11.1433158761809,d2e65164f5640b4b97649714fbbd3e5ab5bc26c3243e44683d98e840ef89b657,FB2312-baseline-awake,BOI_reference
/Users/zcm361/Documents/Github/OxygenDynamicsV2/reference-validation/phase1-optimized-20260909/FB2312-baseline-awake/Recording,sink,13,2,53,350,391,373,375,762,20,20,0,0,0,3585.44101049869,3585.44101049869,valid,valid,0.077550814691106,0.077550814691106,0,1,0,Awake_immobile,-0.500866516381632,-0.611883419033324,375,-7.7550814691106,2.31633535527828,-10.0714168243889,d2e65164f5640b4b97649714fbbd3e5ab5bc26c3243e44683d98e840ef89b657,FB2312-baseline-awake,BOI_reference
/Users/zcm361/Documents/Github/OxygenDynamicsV2/reference-validation/phase1-optimized-20260909/FB2312-baseline-awake/Recording,sink,13,3,54,511,523,517,520,417,20,20,0,0,0,4044.02805755396,4044.02805755396,valid,valid,0.0693978277588107,0.0693978277588107,0,1,0,Awake_immobile,-0.382978750701002,-0.532485966519814,517,-6.93978277588107,0.397763096876801,-7.3375458727579,d2e65164f5640b4b97649714fbbd3e5ab5bc26c3243e44683d98e840ef89b657,FB2312-baseline-awake,BOI_reference
/Users/zcm361/Documents/Github/OxygenDynamicsV2/reference-validation/phase1-optimized-20260909/FB2312-baseline-awake/Recording,sink,13,4,55,710,739,728,730,477,20,20,0,0,0,4121.82536687631,4121.82536687631,valid,valid,0.144362013797087,0.144362013797087,0,1,0,Awake_immobile,-0.420761104514347,-0.648612471283639,728,-14.4362013797087,-0.121399487360354,-14.3148018923483,d2e65164f5640b4b97649714fbbd3e5ab5bc26c3243e44683d98e840ef89b657,FB2312-baseline-awake,BOI_reference
/Users/zcm361/Documents/Github/OxygenDynamicsV2/reference-validation/phase1-optimized-20260909/FB2312-baseline-awake/Recording,sink,13,5,56,739,773,768,772,428,20,17,0,3,0,NaN,NaN,insufficient_clean_prebaseline,insufficient_clean_prebaseline,NaN,NaN,NaN,1,0,Awake_immobile,-0.410062918851204,-0.545262983360889,NaN,NaN,NaN,NaN,d2e65164f5640b4b97649714fbbd3e5ab5bc26c3243e44683d98e840ef89b657,FB2312-baseline-awake,BOI_reference
/Users/zcm361/Documents/Github/OxygenDynamicsV2/reference-validation/phase1-optimized-20260909/FB2312-baseline-awake/Recording,sink,13,6,57,773,807,800,804,461,20,15,0,5,0,NaN,NaN,insufficient_clean_prebaseline,insufficient_clean_prebaseline,NaN,NaN,NaN,1,0,Awake_immobile,-0.275464007701248,-0.384541621680196,NaN,NaN,NaN,NaN,d2e65164f5640b4b97649714fbbd3e5ab5bc26c3243e44683d98e840ef89b657,FB2312-baseline-awake,BOI_reference
/Users/zcm361/Documents/Github/OxygenDynamicsV2/reference-validation/phase1-optimized-20260909/FB2312-baseline-awake/Recording,sink,14,1,58,693,728,713,722,1730,20,14,0,6,0,NaN,NaN,insufficient_clean_prebaseline,insufficient_clean_prebaseline,NaN,NaN,NaN,1,0,Awake_immobile,-0.513753916914258,-0.56115714910786,NaN,NaN,NaN,NaN,d2e65164f5640b4b97649714fbbd3e5ab5bc26c3243e44683d98e840ef89b657,FB2312-baseline-awake,BOI_reference
/Users/zcm361/Documents/Github/OxygenDynamicsV2/reference-validation/phase1-optimized-20260909/FB2312-baseline-awake/Recording,sink,14,2,59,1123,1136,1133,1135,1058,20,20,0,0,0,5116.54796786389,5116.54796786389,valid,valid,0.0668646171095667,0.0668646171095667,0,1,0,Awake_immobile,-0.271081547144268,-0.302377532061435,1133,-6.68646171095667,-0.926431202278991,-5.7600305086777,d2e65164f5640b4b97649714fbbd3e5ab5bc26c3243e44683d98e840ef89b657,FB2312-baseline-awake,BOI_reference
/Users/zcm361/Documents/Github/OxygenDynamicsV2/reference-validation/phase1-optimized-20260909/FB2312-baseline-awake/Recording,sink,14,3,60,1178,1186,1182,1184,255,20,20,0,0,0,4589.99215686274,4589.99215686274,valid,valid,0.0999574521892471,0.0999574521892471,0,1,0,Awake_immobile,-0.357672671827615,-0.393713039230689,1182,-9.99574521892471,-0.652544001962316,-9.34320121696242,d2e65164f5640b4b97649714fbbd3e5ab5bc26c3243e44683d98e840ef89b657,FB2312-baseline-awake,BOI_reference
/Users/zcm361/Documents/Github/OxygenDynamicsV2/reference-validation/phase1-optimized-20260909/FB2312-baseline-awake/Recording,sink,15,1,61,67,151,67,85,2272,20,20,0,0,0,5159.21241197183,5159.21241197183,valid,valid,0.111547658329565,0.111547658329565,0,1,0,Awake_immobile,-0.413397233566112,-0.46349666007797,73,-11.1547658329565,3.88354099620926,-15.0383068291657,d2e65164f5640b4b97649714fbbd3e5ab5bc26c3243e44683d98e840ef89b657,FB2312-baseline-awake,BOI_reference
/Users/zcm361/Documents/Github/OxygenDynamicsV2/reference-validation/phase1-optimized-20260909/FB2312-baseline-awake/Recording,sink,16,1,62,43,84,68,75,604,20,15,0,5,0,NaN,NaN,insufficient_clean_prebaseline,insufficient_clean_prebaseline,NaN,NaN,NaN,1,0,Awake_immobile,-0.495881484355778,-0.617736055781935,NaN,NaN,NaN,NaN,d2e65164f5640b4b97649714fbbd3e5ab5bc26c3243e44683d98e840ef89b657,FB2312-baseline-awake,BOI_reference
/Users/zcm361/Documents/Github/OxygenDynamicsV2/reference-validation/phase1-optimized-20260909/FB2312-baseline-awake/Recording,sink,16,2,63,96,138,117,119,245,20,20,0,0,0,4176.41816326531,4176.41816326531,valid,valid,0.0466716206236486,0.0466716206236486,0,1,0,Awake_immobile,-0.473535317202815,-0.618564244467436,117,-4.66716206236486,7.48612110014022,-12.1532831625051,d2e65164f5640b4b97649714fbbd3e5ab5bc26c3243e44683d98e840ef89b657,FB2312-baseline-awake,BOI_reference
/Users/zcm361/Documents/Github/OxygenDynamicsV2/reference-validation/phase1-optimized-20260909/FB2312-baseline-awake/Recording,sink,16,3,64,270,321,280,289,643,20,20,0,0,0,5569.85497667185,5569.85497667185,valid,valid,0.128272910434118,0.128272910434118,0,1,0,Awake_immobile,-0.558385394272484,-0.710013498670591,281,-12.8272910434118,2.09414784082963,-14.9214388842414,d2e65164f5640b4b97649714fbbd3e5ab5bc26c3243e44683d98e840ef89b657,FB2312-baseline-awake,BOI_reference
/Users/zcm361/Documents/Github/OxygenDynamicsV2/reference-validation/phase1-optimized-20260909/FB2312-baseline-awake/Recording,sink,17,1,65,468,491,484,487,154,20,20,0,0,0,4623.2474025974,4623.2474025974,valid,valid,0.386474425338573,0.386474425338573,0,1,0,Awake_immobile,-0.830902060276115,-1.29108546161533,472,-38.6474425338573,0.58946702163747,-39.2369095554948,d2e65164f5640b4b97649714fbbd3e5ab5bc26c3243e44683d98e840ef89b657,FB2312-baseline-awake,BOI_reference
/Users/zcm361/Documents/Github/OxygenDynamicsV2/reference-validation/phase1-optimized-20260909/FB2312-baseline-awake/Recording,sink,17,2,66,491,572,541,546,394,20,16,0,4,0,NaN,NaN,insufficient_clean_prebaseline,insufficient_clean_prebaseline,NaN,NaN,NaN,1,0,Awake_immobile,-0.693031126195202,-0.950478959301749,NaN,NaN,NaN,NaN,d2e65164f5640b4b97649714fbbd3e5ab5bc26c3243e44683d98e840ef89b657,FB2312-baseline-awake,BOI_reference
/Users/zcm361/Documents/Github/OxygenDynamicsV2/reference-validation/phase1-optimized-20260909/FB2312-baseline-awake/Recording,sink,17,3,67,572,614,577,582,853,20,20,0,0,0,4809.12145369285,4809.12145369285,valid,valid,0.193358283640657,0.193358283640657,0,1,0,Awake_immobile,-0.663028385776964,-0.773029767422853,579,-19.3358283640657,0.21708933787783,-19.5529177019435,d2e65164f5640b4b97649714fbbd3e5ab5bc26c3243e44683d98e840ef89b657,FB2312-baseline-awake,BOI_reference
/Users/zcm361/Documents/Github/OxygenDynamicsV2/reference-validation/phase1-optimized-20260909/FB2312-baseline-awake/Recording,sink,17,4,68,638,691,640,650,1210,20,20,0,0,0,4709.87276859504,4709.87276859504,valid,valid,0.250261195225738,0.250261195225738,0,1,0,Awake_immobile,-0.617706141148251,-0.727298846130566,643,-25.0261195225738,0.050312877957985,-25.0764324005318,d2e65164f5640b4b97649714fbbd3e5ab5bc26c3243e44683d98e840ef89b657,FB2312-baseline-awake,BOI_reference
/Users/zcm361/Documents/Github/OxygenDynamicsV2/reference-validation/phase1-optimized-20260909/FB2312-baseline-awake/Recording,sink,17,5,69,638,691,677,682,773,20,20,0,0,0,4872.98001293661,4872.98001293661,valid,valid,0.256851988333747,0.256851988333747,0,1,0,Awake_immobile,-0.770690010687872,-0.933796669360767,643,-25.6851988333747,0.0509610264183862,-25.7361598597931,d2e65164f5640b4b97649714fbbd3e5ab5bc26c3243e44683d98e840ef89b657,FB2312-baseline-awake,BOI_reference
/Users/zcm361/Documents/Github/OxygenDynamicsV2/reference-validation/phase1-optimized-20260909/FB2312-baseline-awake/Recording,sink,17,6,70,1062,1073,1065,1071,404,20,20,0,0,0,3647.46547029703,3647.46547029703,valid,valid,0.0432641735728534,0.0432641735728534,0,1,0,Awake_immobile,-0.209779276042291,-0.30973208632544,1069,-4.32641735728534,-0.511789482555279,-3.81462787473009,d2e65164f5640b4b97649714fbbd3e5ab5bc26c3243e44683d98e840ef89b657,FB2312-baseline-awake,BOI_reference
/Users/zcm361/Documents/Github/OxygenDynamicsV2/reference-validation/phase1-optimized-20260909/FB2312-baseline-awake/Recording,sink,17,7,71,1196,1200,1198,1200,351,20,20,0,0,0,4596.98974358974,4596.98974358974,valid,valid,0.0968801954753743,0.0968801954753743,0,1,0,Awake_immobile,-0.307082379702036,-0.498321380804524,1199,-9.68801954753743,-0.352529428006117,-9.33549011953128,d2e65164f5640b4b97649714fbbd3e5ab5bc26c3243e44683d98e840ef89b657,FB2312-baseline-awake,BOI_reference
/Users/zcm361/Documents/Github/OxygenDynamicsV2/reference-validation/phase1-optimized-20260909/FB2312-baseline-awake/Recording,sink,18,1,72,202,218,204,209,254,20,20,0,0,0,2905.06023622047,2905.06023622047,valid,valid,0.280084587672366,0.280084587672366,0,1,0,Awake_immobile,-0.776063497063369,-1.05938301463908,205,-28.0084587672366,1.76733465643356,-29.7757934236702,d2e65164f5640b4b97649714fbbd3e5ab5bc26c3243e44683d98e840ef89b657,FB2312-baseline-awake,BOI_reference
/Users/zcm361/Documents/Github/OxygenDynamicsV2/reference-validation/phase1-optimized-20260909/FB2312-baseline-awake/Recording,sink,18,2,73,306,322,313,321,194,20,20,0,0,0,3173.12087628866,3173.12087628866,valid,valid,0.184979112160627,0.184979112160627,0,1,0,Awake_immobile,-0.614000993103369,-0.958622053032341,314,-18.4979112160627,1.76497785876597,-20.2628890748287,d2e65164f5640b4b97649714fbbd3e5ab5bc26c3243e44683d98e840ef89b657,FB2312-baseline-awake,BOI_reference
/Users/zcm361/Documents/Github/OxygenDynamicsV2/reference-validation/phase1-optimized-20260909/FB2312-baseline-awake/Recording,sink,18,3,74,576,591,578,584,306,20,20,0,0,0,3964.73300653595,3964.73300653595,valid,valid,0.192416504239214,0.192416504239214,0,1,0,Awake_immobile,-0.534206508548389,-0.706146615670717,580,-19.2416504239214,0.23213221668724,-19.4737826406087,d2e65164f5640b4b97649714fbbd3e5ab5bc26c3243e44683d98e840ef89b657,FB2312-baseline-awake,BOI_reference
/Users/zcm361/Documents/Github/OxygenDynamicsV2/reference-validation/phase1-optimized-20260909/FB2312-baseline-awake/Recording,sink,18,4,75,679,766,703,706,1922,20,20,0,0,0,4216.83108740895,4216.83108740895,valid,valid,0.161222795865982,0.161222795865982,0,1,0,Awake_immobile,-0.560151240665322,-0.609052248089028,721,-16.1222795865982,-0.158548155078225,-15.96373143152,d2e65164f5640b4b97649714fbbd3e5ab5bc26c3243e44683d98e840ef89b657,FB2312-baseline-awake,BOI_reference
/Users/zcm361/Documents/Github/OxygenDynamicsV2/reference-validation/phase1-optimized-20260909/FB2312-baseline-awake/Recording,sink,18,5,76,679,766,726,734,2606,20,20,0,0,0,3810.32954719877,3810.32954719877,valid,valid,0.147889867737241,0.147889867737241,0,1,0,Awake_immobile,-0.361845074087992,-0.387339205038001,721,-14.7889867737241,0.0227740143901347,-14.8117607881143,d2e65164f5640b4b97649714fbbd3e5ab5bc26c3243e44683d98e840ef89b657,FB2312-baseline-awake,BOI_reference
/Users/zcm361/Documents/Github/OxygenDynamicsV2/reference-validation/phase1-optimized-20260909/FB2312-baseline-awake/Recording,sink,18,6,77,796,806,799,804,944,20,20,0,0,0,3255.26387711864,3255.26387711864,valid,valid,0.108937997456597,0.108937997456597,0,1,0,Awake_immobile,-0.21044754246714,-0.310971203147113,799,-10.8937997456597,-0.196861774844627,-10.696937970815,d2e65164f5640b4b97649714fbbd3e5ab5bc26c3243e44683d98e840ef89b657,FB2312-baseline-awake,BOI_reference
/Users/zcm361/Documents/Github/OxygenDynamicsV2/reference-validation/phase1-optimized-20260909/FB2312-baseline-awake/Recording,sink,18,7,78,846,858,847,850,416,20,20,0,0,0,3330.86598557692,3330.86598557692,valid,valid,0.212066768412652,0.212066768412652,0,1,0,Awake_immobile,-0.307216362467583,-0.447601385766365,850,-21.2066768412652,-0.211817527267909,-20.9948593139973,d2e65164f5640b4b97649714fbbd3e5ab5bc26c3243e44683d98e840ef89b657,FB2312-baseline-awake,BOI_reference
/Users/zcm361/Documents/Github/OxygenDynamicsV2/reference-validation/phase1-optimized-20260909/FB2312-baseline-awake/Recording,sink,18,8,79,892,918,893,900,868,20,20,0,0,0,2822.97471198157,2822.97471198157,valid,valid,0.0987539882442127,0.0987539882442127,0,1,0,Awake_immobile,-0.192985402745257,-0.283776715174946,896,-9.87539882442127,-0.212659898508953,-9.66273892591233,d2e65164f5640b4b97649714fbbd3e5ab5bc26c3243e44683d98e840ef89b657,FB2312-baseline-awake,BOI_reference
/Users/zcm361/Documents/Github/OxygenDynamicsV2/reference-validation/phase1-optimized-20260909/FB2312-baseline-awake/Recording,sink,18,9,80,957,1026,963,967,1122,20,20,0,0,0,3412.46265597148,3412.46265597148,valid,valid,0.0980327404809114,0.0980327404809114,0,1,0,Awake_immobile,-0.357657790898533,-0.451680222661538,966,-9.80327404809114,-0.437415706395157,-9.36585834169597,d2e65164f5640b4b97649714fbbd3e5ab5bc26c3243e44683d98e840ef89b657,FB2312-baseline-awake,BOI_reference
/Users/zcm361/Documents/Github/OxygenDynamicsV2/reference-validation/phase1-optimized-20260909/FB2312-baseline-awake/Recording,sink,18,10,81,1054,1079,1062,1073,1514,20,20,0,0,0,2873.67817040951,2873.67817040951,valid,valid,0.029083212401084,0.029083212401084,0,1,0,Awake_immobile,-0.160541700339236,-0.201487521497052,1063,-2.90832124010841,-0.539026111838237,-2.36929512827014,d2e65164f5640b4b97649714fbbd3e5ab5bc26c3243e44683d98e840ef89b657,FB2312-baseline-awake,BOI_reference
/Users/zcm361/Documents/Github/OxygenDynamicsV2/reference-validation/phase1-optimized-20260909/FB2312-baseline-awake/Recording,sink,18,11,82,1089,1101,1095,1098,701,20,20,0,0,0,3474.52054208274,3474.52054208274,valid,valid,0.0458253068630166,0.0458253068630166,0,1,0,Awake_immobile,-0.179513017865808,-0.216964033787021,1096,-4.58253068630165,-0.730897409678888,-3.85163327662274,d2e65164f5640b4b97649714fbbd3e5ab5bc26c3243e44683d98e840ef89b657,FB2312-baseline-awake,BOI_reference
/Users/zcm361/Documents/Github/OxygenDynamicsV2/reference-validation/phase1-optimized-20260909/FB2312-baseline-awake/Recording,sink,18,12,83,1128,1132,1128,1131,1471,20,20,0,0,0,2708.38239292998,2708.38239292998,valid,valid,0.0372121900171195,0.0372121900171195,0,1,0,Awake_immobile,-0.165870481122032,-0.223218098667495,1131,-3.72121900171195,-0.150017698783179,-3.57120130292879,d2e65164f5640b4b97649714fbbd3e5ab5bc26c3243e44683d98e840ef89b657,FB2312-baseline-awake,BOI_reference
/Users/zcm361/Documents/Github/OxygenDynamicsV2/reference-validation/phase1-optimized-20260909/FB2312-baseline-awake/Recording,sink,18,13,84,1167,1190,1177,1179,654,20,20,0,0,0,3761.06834862385,3761.06834862385,valid,valid,0.109456626429466,0.109456626429466,0,1,0,Awake_immobile,-0.288439654022224,-0.347169053388778,1172,-10.9456626429466,-0.528828029853588,-10.416834613093,d2e65164f5640b4b97649714fbbd3e5ab5bc26c3243e44683d98e840ef89b657,FB2312-baseline-awake,BOI_reference
/Users/zcm361/Documents/Github/OxygenDynamicsV2/reference-validation/phase1-optimized-20260909/FB2312-baseline-awake/Recording,sink,19,1,85,97,115,100,106,1128,20,20,0,0,0,4286.17194148936,4286.17194148936,valid,valid,0.133051975376158,0.133051975376158,0,1,0,Awake_immobile,-0.702321203983188,-0.848371357037508,103,-13.3051975376158,2.68885553189688,-15.9940530695126,d2e65164f5640b4b97649714fbbd3e5ab5bc26c3243e44683d98e840ef89b657,FB2312-baseline-awake,BOI_reference
/Users/zcm361/Documents/Github/OxygenDynamicsV2/reference-validation/phase1-optimized-20260909/FB2312-baseline-awake/Recording,sink,20,1,86,395,539,415,418,559,20,18,0,2,0,NaN,NaN,insufficient_clean_prebaseline,insufficient_clean_prebaseline,NaN,NaN,NaN,1,0,Awake_immobile,-0.414539590078091,-0.531246415842623,NaN,NaN,NaN,NaN,d2e65164f5640b4b97649714fbbd3e5ab5bc26c3243e44683d98e840ef89b657,FB2312-baseline-awake,BOI_reference
/Users/zcm361/Documents/Github/OxygenDynamicsV2/reference-validation/phase1-optimized-20260909/FB2312-baseline-awake/Recording,sink,20,2,87,539,576,546,561,784,20,10,0,10,0,NaN,NaN,insufficient_clean_prebaseline,insufficient_clean_prebaseline,NaN,NaN,NaN,1,0,Awake_immobile,-0.501616766289048,-0.599783921620698,NaN,NaN,NaN,NaN,d2e65164f5640b4b97649714fbbd3e5ab5bc26c3243e44683d98e840ef89b657,FB2312-baseline-awake,BOI_reference
/Users/zcm361/Documents/Github/OxygenDynamicsV2/reference-validation/phase1-optimized-20260909/FB2312-baseline-awake/Recording,sink,20,3,88,639,675,646,658,632,20,20,0,0,0,5912.26384493671,5912.26384493671,valid,valid,0.151145745845952,0.151145745845952,0,1,0,Awake_immobile,-0.388761735310871,-0.408685656032056,642,-15.1145745845952,0.0997843506117357,-15.2143589352069,d2e65164f5640b4b97649714fbbd3e5ab5bc26c3243e44683d98e840ef89b657,FB2312-baseline-awake,BOI_reference
/Users/zcm361/Documents/Github/OxygenDynamicsV2/reference-validation/phase1-optimized-20260909/FB2312-baseline-awake/Recording,sink,20,4,89,1110,1127,1119,1127,652,20,20,0,0,0,5869.95222392638,5869.95222392638,valid,valid,0.0989360301045498,0.0989360301045498,0,1,0,Awake_immobile,-0.211705811184851,-0.269921100237909,1113,-9.89360301045498,-1.09745720592957,-8.79614580452543,d2e65164f5640b4b97649714fbbd3e5ab5bc26c3243e44683d98e840ef89b657,FB2312-baseline-awake,BOI_reference
/Users/zcm361/Documents/Github/OxygenDynamicsV2/reference-validation/phase1-optimized-20260909/FB2312-baseline-awake/Recording,sink,21,1,90,103,167,125,132,1102,20,20,0,0,0,2448.8582123412,2448.8582123412,valid,valid,0.087361632939978,0.087361632939978,0,1,0,Awake_immobile,-0.369654034940482,-0.421072749696893,116,-8.7361632939978,5.2891996518197,-14.0253629458175,d2e65164f5640b4b97649714fbbd3e5ab5bc26c3243e44683d98e840ef89b657,FB2312-baseline-awake,BOI_reference
/Users/zcm361/Documents/Github/OxygenDynamicsV2/reference-validation/phase1-optimized-20260909/FB2312-baseline-awake/Recording,sink,21,2,91,319,369,349,352,606,20,20,0,0,0,3179.71080858086,3179.71080858086,valid,valid,0.108020258915237,0.108020258915237,0,1,0,Awake_immobile,-0.482294607704671,-0.559345825450839,325,-10.8020258915237,1.49556127857722,-12.2975871701009,d2e65164f5640b4b97649714fbbd3e5ab5bc26c3243e44683d98e840ef89b657,FB2312-baseline-awake,BOI_reference
/Users/zcm361/Documents/Github/OxygenDynamicsV2/reference-validation/phase1-optimized-20260909/FB2312-baseline-awake/Recording,sink,21,3,92,653,684,675,681,465,20,20,0,0,0,3391.13731182796,3391.13731182796,valid,valid,0.204962385030404,0.204962385030404,0,1,0,Awake_immobile,-0.645435097603022,-0.816328322474212,678,-20.4962385030404,0.458432201233634,-20.954670704274,d2e65164f5640b4b97649714fbbd3e5ab5bc26c3243e44683d98e840ef89b657,FB2312-baseline-awake,BOI_reference
/Users/zcm361/Documents/Github/OxygenDynamicsV2/reference-validation/phase1-optimized-20260909/FB2312-baseline-awake/Recording,sink,21,4,93,687,743,714,718,584,20,13,0,7,0,NaN,NaN,insufficient_clean_prebaseline,insufficient_clean_prebaseline,NaN,NaN,NaN,1,0,Awake_immobile,-0.657830730427618,-0.821809581156957,NaN,NaN,NaN,NaN,d2e65164f5640b4b97649714fbbd3e5ab5bc26c3243e44683d98e840ef89b657,FB2312-baseline-awake,BOI_reference
/Users/zcm361/Documents/Github/OxygenDynamicsV2/reference-validation/phase1-optimized-20260909/FB2312-baseline-awake/Recording,sink,21,5,94,874,885,880,882,268,20,20,0,0,0,3764.21716417911,3764.21716417911,valid,valid,0.117075739321431,0.117075739321431,0,1,0,Awake_immobile,-0.34443449366152,-0.485611050317889,881,-11.7075739321431,-0.407953647137858,-11.2996202850052,d2e65164f5640b4b97649714fbbd3e5ab5bc26c3243e44683d98e840ef89b657,FB2312-baseline-awake,BOI_reference
/Users/zcm361/Documents/Github/OxygenDynamicsV2/reference-validation/phase1-optimized-20260909/FB2312-baseline-awake/Recording,sink,21,6,95,898,1025,960,983,1968,20,17,0,3,0,NaN,NaN,insufficient_clean_prebaseline,insufficient_clean_prebaseline,NaN,NaN,NaN,1,0,Awake_immobile,-0.317619958647421,-0.341661105131281,NaN,NaN,NaN,NaN,d2e65164f5640b4b97649714fbbd3e5ab5bc26c3243e44683d98e840ef89b657,FB2312-baseline-awake,BOI_reference
/Users/zcm361/Documents/Github/OxygenDynamicsV2/reference-validation/phase1-optimized-20260909/FB2312-baseline-awake/Recording,sink,21,7,96,1036,1079,1039,1050,1185,20,20,0,0,0,2824.16573839662,2824.16573839662,valid,valid,0.122403019342047,0.122403019342047,0,1,0,Awake_immobile,-0.311706609163761,-0.346259111425792,1052,-12.2403019342047,-1.18051092365262,-11.0597910105521,d2e65164f5640b4b97649714fbbd3e5ab5bc26c3243e44683d98e840ef89b657,FB2312-baseline-awake,BOI_reference
/Users/zcm361/Documents/Github/OxygenDynamicsV2/reference-validation/phase1-optimized-20260909/FB2312-baseline-awake/Recording,sink,21,8,97,1098,1124,1108,1118,900,20,20,0,0,0,2656.57022222222,2656.57022222222,valid,valid,0.0868108470018902,0.0868108470018902,0,1,0,Awake_immobile,-0.269193040243811,-0.326909682854742,1113,-8.68108470018902,-1.46557464024754,-7.21551005994151,d2e65164f5640b4b97649714fbbd3e5ab5bc26c3243e44683d98e840ef89b657,FB2312-baseline-awake,BOI_reference
/Users/zcm361/Documents/Github/OxygenDynamicsV2/reference-validation/phase1-optimized-20260909/FB2312-baseline-awake/Recording,sink,21,9,98,1156,1181,1159,1163,373,20,20,0,0,0,3351.92627345845,3351.92627345845,valid,valid,0.108674656683744,0.108674656683744,0,1,0,Awake_immobile,-0.281147986350846,-0.393825163488244,1160,-10.8674656683744,-0.646819035034275,-10.2206466333402,d2e65164f5640b4b97649714fbbd3e5ab5bc26c3243e44683d98e840ef89b657,FB2312-baseline-awake,BOI_reference
/Users/zcm361/Documents/Github/OxygenDynamicsV2/reference-validation/phase1-optimized-20260909/FB2312-baseline-awake/Recording,sink,22,1,99,111,150,113,118,403,20,20,0,0,0,5675.13126550868,5675.13126550868,valid,valid,0.084811234457733,0.084811234457733,0,1,0,Awake_immobile,-0.551290605492224,-0.688258119995943,116,-8.4811234457733,2.90518342232193,-11.3863068680953,d2e65164f5640b4b97649714fbbd3e5ab5bc26c3243e44683d98e840ef89b657,FB2312-baseline-awake,BOI_reference
/Users/zcm361/Documents/Github/OxygenDynamicsV2/reference-validation/phase1-optimized-20260909/FB2312-baseline-awake/Recording,sink,22,2,100,111,150,139,142,252,20,20,0,0,0,5585.29404761905,5585.29404761905,valid,valid,0.0848785795975981,0.0848785795975981,0,1,0,Awake_immobile,-0.565827387665945,-0.750799880939234,115,-8.48785795975981,2.79013056828061,-11.2779885280404,d2e65164f5640b4b97649714fbbd3e5ab5bc26c3243e44683d98e840ef89b657,FB2312-baseline-awake,BOI_reference
/Users/zcm361/Documents/Github/OxygenDynamicsV2/reference-validation/phase1-optimized-20260909/FB2312-baseline-awake/Recording,sink,23,1,101,1115,1130,1117,1120,688,20,20,0,0,0,4723.70675872093,4723.70675872093,valid,valid,0.06220056384634,0.06220056384634,0,1,0,Awake_immobile,-0.262426764114427,-0.348576140248314,1120,-6.220056384634,-0.46346812213655,-5.75658826249744,d2e65164f5640b4b97649714fbbd3e5ab5bc26c3243e44683d98e840ef89b657,FB2312-baseline-awake,BOI_reference
/Users/zcm361/Documents/Github/OxygenDynamicsV2/reference-validation/phase1-optimized-20260909/FB2312-baseline-awake/Recording,sink,24,1,102,398,414,407,414,431,20,12,0,8,0,NaN,NaN,insufficient_clean_prebaseline,insufficient_clean_prebaseline,NaN,NaN,NaN,1,0,Awake_immobile,-0.377171173843009,-0.517088644663888,NaN,NaN,NaN,NaN,d2e65164f5640b4b97649714fbbd3e5ab5bc26c3243e44683d98e840ef89b657,FB2312-baseline-awake,BOI_reference
/Users/zcm361/Documents/Github/OxygenDynamicsV2/reference-validation/phase1-optimized-20260909/FB2312-baseline-awake/Recording,sink,24,2,103,894,907,901,903,2453,20,20,0,0,0,6665.19033836119,6665.19033836119,valid,valid,0.0604344532823237,0.0604344532823237,0,1,0,Awake_immobile,-0.418760862753741,-0.45904382079054,902,-6.04344532823237,-0.705856248599778,-5.33758907963259,d2e65164f5640b4b97649714fbbd3e5ab5bc26c3243e44683d98e840ef89b657,FB2312-baseline-awake,BOI_reference
/Users/zcm361/Documents/Github/OxygenDynamicsV2/reference-validation/phase1-optimized-20260909/FB2312-baseline-awake/Recording,sink,25,1,104,106,154,125,132,315,20,20,0,0,0,4197.40666666667,4197.40666666667,valid,valid,0.0527378545376961,0.0527378545376961,0,1,0,Awake_immobile,-0.403547529485964,-0.552408156698729,125,-5.27378545376961,5.81888675663919,-11.0926722104088,d2e65164f5640b4b97649714fbbd3e5ab5bc26c3243e44683d98e840ef89b657,FB2312-baseline-awake,BOI_reference
/Users/zcm361/Documents/Github/OxygenDynamicsV2/reference-validation/phase1-optimized-20260909/FB2312-baseline-awake/Recording,sink,25,2,105,762,792,767,772,859,20,17,0,3,0,NaN,NaN,insufficient_clean_prebaseline,insufficient_clean_prebaseline,NaN,NaN,NaN,1,0,Awake_immobile,-0.404173605588543,-0.496484991104141,NaN,NaN,NaN,NaN,d2e65164f5640b4b97649714fbbd3e5ab5bc26c3243e44683d98e840ef89b657,FB2312-baseline-awake,BOI_reference
/Users/zcm361/Documents/Github/OxygenDynamicsV2/reference-validation/phase1-optimized-20260909/FB2312-baseline-awake/Recording,sink,25,3,106,792,810,797,800,424,20,19,0,1,0,NaN,NaN,insufficient_clean_prebaseline,insufficient_clean_prebaseline,NaN,NaN,NaN,1,0,Awake_immobile,-0.26439316900346,-0.343904494729117,NaN,NaN,NaN,NaN,d2e65164f5640b4b97649714fbbd3e5ab5bc26c3243e44683d98e840ef89b657,FB2312-baseline-awake,BOI_reference
/Users/zcm361/Documents/Github/OxygenDynamicsV2/reference-validation/phase1-optimized-20260909/FB2312-baseline-awake/Recording,sink,26,1,107,286,384,310,312,469,20,15,0,5,0,NaN,NaN,insufficient_clean_prebaseline,insufficient_clean_prebaseline,NaN,NaN,NaN,1,0,Awake_immobile,-0.419821440675789,-0.532050489439075,NaN,NaN,NaN,NaN,d2e65164f5640b4b97649714fbbd3e5ab5bc26c3243e44683d98e840ef89b657,FB2312-baseline-awake,BOI_reference
/Users/zcm361/Documents/Github/OxygenDynamicsV2/reference-validation/phase1-optimized-20260909/FB2312-baseline-awake/Recording,sink,26,2,108,286,384,332,334,285,20,15,0,5,0,NaN,NaN,insufficient_clean_prebaseline,insufficient_clean_prebaseline,NaN,NaN,NaN,1,0,Awake_immobile,-0.437109467840334,-0.709785523696507,NaN,NaN,NaN,NaN,d2e65164f5640b4b97649714fbbd3e5ab5bc26c3243e44683d98e840ef89b657,FB2312-baseline-awake,BOI_reference
/Users/zcm361/Documents/Github/OxygenDynamicsV2/reference-validation/phase1-optimized-20260909/FB2312-baseline-awake/Recording,sink,27,1,109,713,771,739,741,389,20,20,0,0,0,4238.42313624679,4238.42313624679,valid,valid,0.123137539752925,0.123137539752925,0,1,0,Awake_immobile,-0.444775938604669,-0.602372629531669,721,-12.3137539752925,0.168104251129147,-12.4818582264216,d2e65164f5640b4b97649714fbbd3e5ab5bc26c3243e44683d98e840ef89b657,FB2312-baseline-awake,BOI_reference
/Users/zcm361/Documents/Github/OxygenDynamicsV2/reference-validation/phase1-optimized-20260909/FB2312-baseline-awake/Recording,sink,27,2,110,988,1021,998,1000,524,20,20,0,0,0,4595.74036259542,4595.74036259542,valid,valid,0.0497980010073632,0.0497980010073632,0,1,0,Awake_immobile,-0.302012350628243,-0.403503793389686,1003,-4.97980010073632,-0.653089484076209,-4.32671061666011,d2e65164f5640b4b97649714fbbd3e5ab5bc26c3243e44683d98e840ef89b657,FB2312-baseline-awake,BOI_reference
/Users/zcm361/Documents/Github/OxygenDynamicsV2/reference-validation/phase1-optimized-20260909/FB2312-baseline-awake/Recording,sink,27,3,111,1021,1069,1030,1033,581,20,20,0,0,0,4030.16179001721,4030.16179001721,valid,valid,0.113205331228721,0.113205331228721,0,1,0,Awake_immobile,-0.312668313485492,-0.354054004932944,1044,-11.3205331228721,-0.740759570958443,-10.5797735519136,d2e65164f5640b4b97649714fbbd3e5ab5bc26c3243e44683d98e840ef89b657,FB2312-baseline-awake,BOI_reference
/Users/zcm361/Documents/Github/OxygenDynamicsV2/reference-validation/phase1-optimized-20260909/FB2312-baseline-awake/Recording,sink,27,4,112,1145,1167,1159,1162,627,20,20,0,0,0,3423.43133971292,3423.43133971292,valid,valid,0.0636165823069084,0.0636165823069084,0,1,0,Awake_immobile,-0.286973687316599,-0.371561857803756,1161,-6.36165823069084,-1.02045874912636,-5.34119948156446,d2e65164f5640b4b97649714fbbd3e5ab5bc26c3243e44683d98e840ef89b657,FB2312-baseline-awake,BOI_reference
/Users/zcm361/Documents/Github/OxygenDynamicsV2/reference-validation/phase1-optimized-20260909/FB2312-baseline-awake/Recording,sink,28,1,113,134,212,166,177,1078,20,20,0,0,0,1755.41428571429,1755.41428571429,valid,valid,0.190540414427328,0.190540414427328,0,1,0,Awake_immobile,-0.606026194281461,-0.671308711748146,166,-19.0540414427328,3.04497985486404,-22.0990212975968,d2e65164f5640b4b97649714fbbd3e5ab5bc26c3243e44683d98e840ef89b657,FB2312-baseline-awake,BOI_reference
/Users/zcm361/Documents/Github/OxygenDynamicsV2/reference-validation/phase1-optimized-20260909/FB2312-baseline-awake/Recording,sink,28,2,114,134,212,204,207,350,20,20,0,0,0,1971.70914285714,1971.70914285714,valid,valid,0.194450876701316,0.194450876701316,0,1,0,Awake_immobile,-0.655767653371607,-0.756031055494345,205,-19.4450876701316,7.85061543891939,-27.295703109051,d2e65164f5640b4b97649714fbbd3e5ab5bc26c3243e44683d98e840ef89b657,FB2312-baseline-awake,BOI_reference
/Users/zcm361/Documents/Github/OxygenDynamicsV2/reference-validation/phase1-optimized-20260909/FB2312-baseline-awake/Recording,sink,28,3,115,336,479,401,406,418,20,20,0,0,0,1973.49425837321,1973.49425837321,valid,valid,0.258220730576979,0.258220730576979,0,1,0,Awake_immobile,-0.634864283080972,-0.808541996455878,429,-25.8220730576979,3.70138035390474,-29.5234534116027,d2e65164f5640b4b97649714fbbd3e5ab5bc26c3243e44683d98e840ef89b657,FB2312-baseline-awake,BOI_reference
/Users/zcm361/Documents/Github/OxygenDynamicsV2/reference-validation/phase1-optimized-20260909/FB2312-baseline-awake/Recording,sink,28,4,116,336,479,427,433,628,20,20,0,0,0,2003.20525477707,2003.20525477707,valid,valid,0.215270368054254,0.215270368054254,0,1,0,Awake_immobile,-0.77480988043468,-0.968512833443463,429,-21.5270368054254,4.26772260215372,-25.7947594075791,d2e65164f5640b4b97649714fbbd3e5ab5bc26c3243e44683d98e840ef89b657,FB2312-baseline-awake,BOI_reference
/Users/zcm361/Documents/Github/OxygenDynamicsV2/reference-validation/phase1-optimized-20260909/FB2312-baseline-awake/Recording,sink,28,5,117,336,479,469,476,680,20,20,0,0,0,1964.57794117647,1964.57794117647,valid,valid,0.204164492747657,0.204164492747657,0,1,0,Awake_immobile,-0.669279867076479,-0.802783228915373,429,-20.4164492747657,4.14496310366999,-24.5614123784356,d2e65164f5640b4b97649714fbbd3e5ab5bc26c3243e44683d98e840ef89b657,FB2312-baseline-awake,BOI_reference
/Users/zcm361/Documents/Github/OxygenDynamicsV2/reference-validation/phase1-optimized-20260909/FB2312-baseline-awake/Recording,sink,28,6,118,537,553,540,543,201,20,12,0,8,0,NaN,NaN,insufficient_clean_prebaseline,insufficient_clean_prebaseline,NaN,NaN,NaN,1,0,Awake_immobile,-0.812668928533644,-1.03489267533362,NaN,NaN,NaN,NaN,d2e65164f5640b4b97649714fbbd3e5ab5bc26c3243e44683d98e840ef89b657,FB2312-baseline-awake,BOI_reference
/Users/zcm361/Documents/Github/OxygenDynamicsV2/reference-validation/phase1-optimized-20260909/FB2312-baseline-awake/Recording,sink,28,7,119,557,582,574,579,813,20,16,0,4,0,NaN,NaN,insufficient_clean_prebaseline,insufficient_clean_prebaseline,NaN,NaN,NaN,1,0,Awake_immobile,-0.770396911154618,-0.931182541573647,NaN,NaN,NaN,NaN,d2e65164f5640b4b97649714fbbd3e5ab5bc26c3243e44683d98e840ef89b657,FB2312-baseline-awake,BOI_reference
/Users/zcm361/Documents/Github/OxygenDynamicsV2/reference-validation/phase1-optimized-20260909/FB2312-baseline-awake/Recording,sink,28,8,120,659,693,659,669,433,20,20,0,0,0,1824.51766743649,1824.51766743649,valid,valid,0.0993260074493414,0.0993260074493414,0,1,0,Awake_immobile,-0.446394658730188,-0.639151434765754,678,-9.93260074493414,0.035499693709135,-9.96810043864327,d2e65164f5640b4b97649714fbbd3e5ab5bc26c3243e44683d98e840ef89b657,FB2312-baseline-awake,BOI_reference
/Users/zcm361/Documents/Github/OxygenDynamicsV2/reference-validation/phase1-optimized-20260909/FB2312-baseline-awake/Recording,sink,28,9,121,706,719,711,718,1399,20,20,0,0,0,1971.82498213009,1971.82498213009,valid,valid,0.138190922394346,0.138190922394346,0,1,0,Awake_immobile,-0.542149710240211,-0.648703872452701,715,-13.8190922394346,-0.21412660965082,-13.6049656297838,d2e65164f5640b4b97649714fbbd3e5ab5bc26c3243e44683d98e840ef89b657,FB2312-baseline-awake,BOI_reference
/Users/zcm361/Documents/Github/OxygenDynamicsV2/reference-validation/phase1-optimized-20260909/FB2312-baseline-awake/Recording,sink,28,10,122,921,961,936,941,1205,20,20,0,0,0,2303.15580912863,2303.15580912863,valid,valid,0.165800199635877,0.165800199635877,0,1,0,Awake_immobile,-0.416929107593736,-0.469896258735476,934,-16.5800199635877,-0.536303311873252,-16.0437166517145,d2e65164f5640b4b97649714fbbd3e5ab5bc26c3243e44683d98e840ef89b657,FB2312-baseline-awake,BOI_reference
/Users/zcm361/Documents/Github/OxygenDynamicsV2/reference-validation/phase1-optimized-20260909/FB2312-baseline-awake/Recording,sink,28,11,123,966,1019,976,999,2318,20,14,0,6,0,NaN,NaN,insufficient_clean_prebaseline,insufficient_clean_prebaseline,NaN,NaN,NaN,1,0,Awake_immobile,-0.293024538839467,-0.321198957331829,NaN,NaN,NaN,NaN,d2e65164f5640b4b97649714fbbd3e5ab5bc26c3243e44683d98e840ef89b657,FB2312-baseline-awake,BOI_reference
/Users/zcm361/Documents/Github/OxygenDynamicsV2/reference-validation/phase1-optimized-20260909/FB2312-baseline-awake/Recording,sink,28,12,124,1080,1097,1093,1096,1224,20,20,0,0,0,1791.8535130719,1791.8535130719,valid,valid,0.0551049236224203,0.0551049236224203,0,1,0,Awake_immobile,-0.187991198801528,-0.257996587662322,1095,-5.51049236224203,-1.14263430169769,-4.36785806054431,d2e65164f5640b4b97649714fbbd3e5ab5bc26c3243e44683d98e840ef89b657,FB2312-baseline-awake,BOI_reference
/Users/zcm361/Documents/Github/OxygenDynamicsV2/reference-validation/phase1-optimized-20260909/FB2312-baseline-awake/Recording,sink,29,1,125,154,180,165,168,829,20,20,0,0,0,3607.71942098914,3607.71942098914,valid,valid,0.228707214532677,0.228707214532677,0,1,0,Awake_immobile,-0.741535415672961,-0.875957872423866,167,-22.8707214532677,2.54297416028851,-25.4136956135562,d2e65164f5640b4b97649714fbbd3e5ab5bc26c3243e44683d98e840ef89b657,FB2312-baseline-awake,BOI_reference
/Users/zcm361/Documents/Github/OxygenDynamicsV2/reference-validation/phase1-optimized-20260909/FB2312-baseline-awake/Recording,sink,29,2,126,321,382,323,326,1169,20,20,0,0,0,4096.37360992301,4096.37360992301,valid,valid,0.195831318808709,0.195831318808709,0,1,0,Awake_immobile,-0.711900387816546,-0.890375058346397,325,-19.5831318808709,0.985240470256146,-20.568372351127,d2e65164f5640b4b97649714fbbd3e5ab5bc26c3243e44683d98e840ef89b657,FB2312-baseline-awake,BOI_reference
/Users/zcm361/Documents/Github/OxygenDynamicsV2/reference-validation/phase1-optimized-20260909/FB2312-baseline-awake/Recording,sink,29,3,127,386,414,400,407,1977,20,20,0,0,0,3993.07035912999,3993.07035912999,valid,valid,0.193129230037759,0.193129230037759,0,1,0,Awake_immobile,-0.46374995358101,-0.559378937638656,401,-19.3129230037759,1.24476993626413,-20.55769294004,d2e65164f5640b4b97649714fbbd3e5ab5bc26c3243e44683d98e840ef89b657,FB2312-baseline-awake,BOI_reference
/Users/zcm361/Documents/Github/OxygenDynamicsV2/reference-validation/phase1-optimized-20260909/FB2312-baseline-awake/Recording,sink,29,4,128,433,478,470,475,1155,20,20,0,0,0,4165.15835497836,4165.15835497836,valid,valid,0.226556173196743,0.226556173196743,0,1,0,Awake_immobile,-0.760639512321736,-0.869078535343228,472,-22.6556173196743,2.13036358516353,-24.7859809048378,d2e65164f5640b4b97649714fbbd3e5ab5bc26c3243e44683d98e840ef89b657,FB2312-baseline-awake,BOI_reference
/Users/zcm361/Documents/Github/OxygenDynamicsV2/reference-validation/phase1-optimized-20260909/FB2312-baseline-awake/Recording,sink,29,5,129,490,688,539,545,1455,20,14,0,6,0,NaN,NaN,insufficient_clean_prebaseline,insufficient_clean_prebaseline,NaN,NaN,NaN,1,0,Awake_immobile,-0.875751555997423,-1.00673219475935,NaN,NaN,NaN,NaN,d2e65164f5640b4b97649714fbbd3e5ab5bc26c3243e44683d98e840ef89b657,FB2312-baseline-awake,BOI_reference
/Users/zcm361/Documents/Github/OxygenDynamicsV2/reference-validation/phase1-optimized-20260909/FB2312-baseline-awake/Recording,sink,29,6,130,490,688,574,578,1240,20,14,0,6,0,NaN,NaN,insufficient_clean_prebaseline,insufficient_clean_prebaseline,NaN,NaN,NaN,1,0,Awake_immobile,-0.888742703540671,-1.07059014276027,NaN,NaN,NaN,NaN,d2e65164f5640b4b97649714fbbd3e5ab5bc26c3243e44683d98e840ef89b657,FB2312-baseline-awake,BOI_reference
/Users/zcm361/Documents/Github/OxygenDynamicsV2/reference-validation/phase1-optimized-20260909/FB2312-baseline-awake/Recording,sink,29,7,131,490,688,640,646,950,20,14,0,6,0,NaN,NaN,insufficient_clean_prebaseline,insufficient_clean_prebaseline,NaN,NaN,NaN,1,0,Awake_immobile,-0.656372805659036,-0.730399244035372,NaN,NaN,NaN,NaN,d2e65164f5640b4b97649714fbbd3e5ab5bc26c3243e44683d98e840ef89b657,FB2312-baseline-awake,BOI_reference
/Users/zcm361/Documents/Github/OxygenDynamicsV2/reference-validation/phase1-optimized-20260909/FB2312-baseline-awake/Recording,sink,29,8,132,490,688,675,682,995,20,14,0,6,0,NaN,NaN,insufficient_clean_prebaseline,insufficient_clean_prebaseline,NaN,NaN,NaN,1,0,Awake_immobile,-0.58291397756574,-0.652788494211567,NaN,NaN,NaN,NaN,d2e65164f5640b4b97649714fbbd3e5ab5bc26c3243e44683d98e840ef89b657,FB2312-baseline-awake,BOI_reference
/Users/zcm361/Documents/Github/OxygenDynamicsV2/reference-validation/phase1-optimized-20260909/FB2312-baseline-awake/Recording,sink,29,9,133,700,720,713,715,686,20,17,0,3,0,NaN,NaN,insufficient_clean_prebaseline,insufficient_clean_prebaseline,NaN,NaN,NaN,1,0,Awake_immobile,-0.705935083307956,-0.799689989611783,NaN,NaN,NaN,NaN,d2e65164f5640b4b97649714fbbd3e5ab5bc26c3243e44683d98e840ef89b657,FB2312-baseline-awake,BOI_reference
/Users/zcm361/Documents/Github/OxygenDynamicsV2/reference-validation/phase1-optimized-20260909/FB2312-baseline-awake/Recording,sink,29,10,134,1105,1126,1107,1111,560,20,20,0,0,0,4255.38223214286,4255.38223214286,valid,valid,0.0522330323650418,0.0522330323650418,0,1,0,Awake_immobile,-0.297149336604135,-0.378410362907876,1120,-5.22330323650418,-0.822282668307291,-4.40102056819689,d2e65164f5640b4b97649714fbbd3e5ab5bc26c3243e44683d98e840ef89b657,FB2312-baseline-awake,BOI_reference
/Users/zcm361/Documents/Github/OxygenDynamicsV2/reference-validation/phase1-optimized-20260909/FB2312-baseline-awake/Recording,sink,30,1,135,118,175,158,162,340,20,20,0,0,0,2691.12147058823,2691.12147058823,valid,valid,0.14859243571426,0.14859243571426,0,1,0,Awake_immobile,-0.759060301622924,-1.09261105926387,160,-14.859243571426,7.52543338259899,-22.384676954025,d2e65164f5640b4b97649714fbbd3e5ab5bc26c3243e44683d98e840ef89b657,FB2312-baseline-awake,BOI_reference
/Users/zcm361/Documents/Github/OxygenDynamicsV2/reference-validation/phase1-optimized-20260909/FB2312-baseline-awake/Recording,sink,31,1,136,71,190,171,183,376,20,20,0,0,0,2981.35545212766,2981.35545212766,valid,valid,0.312453063237471,0.312453063237471,0,1,0,Awake_immobile,-0.675328575483174,-0.955464666452817,166,-31.2453063237471,9.416139178183,-40.6614455019301,d2e65164f5640b4b97649714fbbd3e5ab5bc26c3243e44683d98e840ef89b657,FB2312-baseline-awake,BOI_reference
/Users/zcm361/Documents/Github/OxygenDynamicsV2/reference-validation/phase1-optimized-20260909/FB2312-baseline-awake/Recording,sink,31,2,137,190,219,203,214,994,20,7,0,13,0,NaN,NaN,insufficient_clean_prebaseline,insufficient_clean_prebaseline,NaN,NaN,NaN,1,0,Awake_immobile,-0.549662939471453,-0.700030396118215,NaN,NaN,NaN,NaN,d2e65164f5640b4b97649714fbbd3e5ab5bc26c3243e44683d98e840ef89b657,FB2312-baseline-awake,BOI_reference
/Users/zcm361/Documents/Github/OxygenDynamicsV2/reference-validation/phase1-optimized-20260909/FB2312-baseline-awake/Recording,sink,31,3,138,231,247,236,238,762,20,16,0,4,0,NaN,NaN,insufficient_clean_prebaseline,insufficient_clean_prebaseline,NaN,NaN,NaN,1,0,Awake_immobile,-0.430827106006137,-0.545496486214433,NaN,NaN,NaN,NaN,d2e65164f5640b4b97649714fbbd3e5ab5bc26c3243e44683d98e840ef89b657,FB2312-baseline-awake,BOI_reference
/Users/zcm361/Documents/Github/OxygenDynamicsV2/reference-validation/phase1-optimized-20260909/FB2312-baseline-awake/Recording,sink,31,4,139,265,333,319,325,565,20,20,0,0,0,4407.86371681416,4407.86371681416,valid,valid,0.160333322224199,0.160333322224199,0,1,0,Awake_immobile,-0.412290610624665,-0.564713354251352,325,-16.0333322224199,2.5125931157319,-18.5459253381518,d2e65164f5640b4b97649714fbbd3e5ab5bc26c3243e44683d98e840ef89b657,FB2312-baseline-awake,BOI_reference
/Users/zcm361/Documents/Github/OxygenDynamicsV2/reference-validation/phase1-optimized-20260909/FB2312-baseline-awake/Recording,sink,31,5,140,399,411,400,407,306,20,6,0,14,0,NaN,NaN,insufficient_clean_prebaseline,insufficient_clean_prebaseline,NaN,NaN,NaN,1,0,Awake_immobile,-0.558726105412919,-0.83969677447409,NaN,NaN,NaN,NaN,d2e65164f5640b4b97649714fbbd3e5ab5bc26c3243e44683d98e840ef89b657,FB2312-baseline-awake,BOI_reference
/Users/zcm361/Documents/Github/OxygenDynamicsV2/reference-validation/phase1-optimized-20260909/FB2312-baseline-awake/Recording,sink,31,6,141,570,584,574,578,378,20,20,0,0,0,3317.99206349206,3317.99206349206,valid,valid,0.29529796260727,0.29529796260727,0,1,0,Awake_immobile,-0.777044539200881,-1.06779492011712,574,-29.529796260727,0.0169685734675833,-29.5467648341945,d2e65164f5640b4b97649714fbbd3e5ab5bc26c3243e44683d98e840ef89b657,FB2312-baseline-awake,BOI_reference
/Users/zcm361/Documents/Github/OxygenDynamicsV2/reference-validation/phase1-optimized-20260909/FB2312-baseline-awake/Recording,sink,31,7,142,789,823,803,807,560,20,20,0,0,0,3955.31535714286,3955.31535714286,valid,valid,0.112541866130776,0.112541866130776,0,1,0,Awake_immobile,-0.253323103972694,-0.322864697730235,799,-11.2541866130776,-0.512746856254403,-10.7414397568231,d2e65164f5640b4b97649714fbbd3e5ab5bc26c3243e44683d98e840ef89b657,FB2312-baseline-awake,BOI_reference
/Users/zcm361/Documents/Github/OxygenDynamicsV2/reference-validation/phase1-optimized-20260909/FB2312-baseline-awake/Recording,sink,31,8,143,968,1029,987,992,305,20,20,0,0,0,3411.72721311475,3411.72721311475,valid,valid,0.131190508956187,0.131190508956187,0,1,0,Awake_immobile,-0.249339119967867,-0.342522804407865,979,-13.1190508956187,-0.673679614257346,-12.4453712813613,d2e65164f5640b4b97649714fbbd3e5ab5bc26c3243e44683d98e840ef89b657,FB2312-baseline-awake,BOI_reference
/Users/zcm361/Documents/Github/OxygenDynamicsV2/reference-validation/phase1-optimized-20260909/FB2312-baseline-awake/Recording,sink,32,1,144,159,218,192,196,1770,20,20,0,0,0,5571.29720338983,5571.29720338983,valid,valid,0.0610345892068539,0.0610345892068539,0,1,0,Awake_immobile,-0.427653660319619,-0.501832313708863,185,-6.10345892068539,5.6784157698971,-11.7818746905825,d2e65164f5640b4b97649714fbbd3e5ab5bc26c3243e44683d98e840ef89b657,FB2312-baseline-awake,BOI_reference
/Users/zcm361/Documents/Github/OxygenDynamicsV2/reference-validation/phase1-optimized-20260909/FB2312-baseline-awake/Recording,sink,33,1,145,169,202,187,193,323,20,20,0,0,0,4598.33405572755,4598.33405572755,valid,valid,0.184075212593819,0.184075212593819,0,1,0,Awake_immobile,-0.718992283522476,-0.993019627408686,189,-18.4075212593819,3.15389434170068,-21.5614156010826,d2e65164f5640b4b97649714fbbd3e5ab5bc26c3243e44683d98e840ef89b657,FB2312-baseline-awake,BOI_reference
/Users/zcm361/Documents/Github/OxygenDynamicsV2/reference-validation/phase1-optimized-20260909/FB2312-baseline-awake/Recording,sink,33,2,146,202,244,225,232,342,20,13,0,7,0,NaN,NaN,insufficient_clean_prebaseline,insufficient_clean_prebaseline,NaN,NaN,NaN,1,0,Awake_immobile,-0.574315914315068,-0.836891780683055,NaN,NaN,NaN,NaN,d2e65164f5640b4b97649714fbbd3e5ab5bc26c3243e44683d98e840ef89b657,FB2312-baseline-awake,BOI_reference
/Users/zcm361/Documents/Github/OxygenDynamicsV2/reference-validation/phase1-optimized-20260909/FB2312-baseline-awake/Recording,sink,33,3,147,556,595,579,582,214,20,20,0,0,0,5553.98714953271,5553.98714953271,valid,valid,0.103837375397358,0.103837375397358,0,1,0,Awake_immobile,-0.629401505515676,-0.733558502015954,581,-10.3837375397358,0.250499373415204,-10.634236913151,d2e65164f5640b4b97649714fbbd3e5ab5bc26c3243e44683d98e840ef89b657,FB2312-baseline-awake,BOI_reference
/Users/zcm361/Documents/Github/OxygenDynamicsV2/reference-validation/phase1-optimized-20260909/FB2312-baseline-awake/Recording,sink,33,4,148,711,737,719,723,253,20,20,0,0,0,5633.12272727273,5633.12272727273,valid,valid,0.165757337116808,0.165757337116808,0,1,0,Awake_immobile,-0.542975389297772,-0.664718523122998,721,-16.5757337116808,-0.233231923506963,-16.3425017881739,d2e65164f5640b4b97649714fbbd3e5ab5bc26c3243e44683d98e840ef89b657,FB2312-baseline-awake,BOI_reference
/Users/zcm361/Documents/Github/OxygenDynamicsV2/reference-validation/phase1-optimized-20260909/FB2312-baseline-awake/Recording,sink,33,5,149,957,988,978,981,303,20,20,0,0,0,5376.24587458746,5376.24587458746,valid,valid,0.0998706263495607,0.0998706263495607,0,1,0,Awake_immobile,-0.327767628229687,-0.396451470538505,979,-9.98706263495607,-0.968106602494949,-9.01895603246111,d2e65164f5640b4b97649714fbbd3e5ab5bc26c3243e44683d98e840ef89b657,FB2312-baseline-awake,BOI_reference
/Users/zcm361/Documents/Github/OxygenDynamicsV2/reference-validation/phase1-optimized-20260909/FB2312-baseline-awake/Recording,sink,33,6,150,1039,1071,1063,1070,595,20,20,0,0,0,4613.70554621849,4613.70554621849,valid,valid,0.125707227876548,0.125707227876548,0,1,0,Awake_immobile,-0.218270179130207,-0.234437367258142,1044,-12.5707227876548,-0.506346307674022,-12.0643764799808,d2e65164f5640b4b97649714fbbd3e5ab5bc26c3243e44683d98e840ef89b657,FB2312-baseline-awake,BOI_reference
/Users/zcm361/Documents/Github/OxygenDynamicsV2/reference-validation/phase1-optimized-20260909/FB2312-baseline-awake/Recording,sink,34,1,151,171,237,192,194,233,20,20,0,0,0,3935.13755364807,3935.13755364807,valid,valid,0.192846054484028,0.192846054484028,0,1,0,Awake_immobile,-0.491290753534082,-0.884588340873922,185,-19.2846054484028,2.56428644658462,-21.8488918949874,d2e65164f5640b4b97649714fbbd3e5ab5bc26c3243e44683d98e840ef89b657,FB2312-baseline-awake,BOI_reference
/Users/zcm361/Documents/Github/OxygenDynamicsV2/reference-validation/phase1-optimized-20260909/FB2312-baseline-awake/Recording,sink,35,1,152,207,234,227,232,492,20,20,0,0,0,3654.41636178862,3654.41636178862,valid,valid,0.146984338500996,0.146984338500996,0,1,0,Awake_immobile,-0.57921837221296,-0.721526766861456,230,-14.6984338500996,3.76993852475862,-18.4683723748582,d2e65164f5640b4b97649714fbbd3e5ab5bc26c3243e44683d98e840ef89b657,FB2312-baseline-awake,BOI_reference
/Users/zcm361/Documents/Github/OxygenDynamicsV2/reference-validation/phase1-optimized-20260909/FB2312-baseline-awake/Recording,sink,36,1,153,225,261,236,238,345,20,20,0,0,0,2867.71594202899,2867.71594202899,valid,valid,0.151100406120308,0.151100406120308,0,1,0,Awake_immobile,-0.445737810872027,-0.707568615726825,231,-15.1100406120308,1.79520663227126,-16.905247244302,d2e65164f5640b4b97649714fbbd3e5ab5bc26c3243e44683d98e840ef89b657,FB2312-baseline-awake,BOI_reference
/Users/zcm361/Documents/Github/OxygenDynamicsV2/reference-validation/phase1-optimized-20260909/FB2312-baseline-awake/Recording,sink,37,1,154,234,288,242,244,343,20,20,0,0,0,4010.23177842566,4010.23177842566,valid,valid,0.0835948424929092,0.0835948424929092,0,1,0,Awake_immobile,-0.399383107908034,-0.550434840663085,240,-8.35948424929092,1.21124211519965,-9.57072636449056,d2e65164f5640b4b97649714fbbd3e5ab5bc26c3243e44683d98e840ef89b657,FB2312-baseline-awake,BOI_reference
/Users/zcm361/Documents/Github/OxygenDynamicsV2/reference-validation/phase1-optimized-20260909/FB2312-baseline-awake/Recording,sink,38,1,155,265,311,283,289,454,20,20,0,0,0,4391.12015418502,4391.12015418502,valid,valid,0.117064722956229,0.117064722956229,0,1,0,Awake_immobile,-0.504889547001967,-0.654279601773758,288,-11.7064722956229,2.52747098365886,-14.2339432792817,d2e65164f5640b4b97649714fbbd3e5ab5bc26c3243e44683d98e840ef89b657,FB2312-baseline-awake,BOI_reference
/Users/zcm361/Documents/Github/OxygenDynamicsV2/reference-validation/phase1-optimized-20260909/FB2312-baseline-awake/Recording,sink,39,1,156,243,312,286,289,480,20,20,0,0,0,4291.47572916667,4291.47572916667,valid,valid,0.0554827354333507,0.0554827354333507,0,1,0,Awake_immobile,-0.481365331355482,-0.609828076070918,287,-5.54827354333507,5.23665749965998,-10.784931042995,d2e65164f5640b4b97649714fbbd3e5ab5bc26c3243e44683d98e840ef89b657,FB2312-baseline-awake,BOI_reference
/Users/zcm361/Documents/Github/OxygenDynamicsV2/reference-validation/phase1-optimized-20260909/FB2312-baseline-awake/Recording,sink,40,1,157,289,321,293,320,1617,20,20,0,0,0,5326.88951762523,5326.88951762523,valid,valid,0.167178837543438,0.167178837543438,0,1,0,Awake_immobile,-0.438421392722744,-0.501570454494309,294,-16.7178837543438,1.16598048637447,-17.8838642407183,d2e65164f5640b4b97649714fbbd3e5ab5bc26c3243e44683d98e840ef89b657,FB2312-baseline-awake,BOI_reference
/Users/zcm361/Documents/Github/OxygenDynamicsV2/reference-validation/phase1-optimized-20260909/FB2312-baseline-awake/Recording,sink,41,1,158,326,353,334,336,351,20,20,0,0,0,2702.20284900285,2702.20284900285,valid,valid,0.102678915967262,0.102678915967262,0,1,0,Awake_immobile,-0.345833059587823,-0.440251788794328,332,-10.2678915967262,1.41814814126614,-11.6860397379923,d2e65164f5640b4b97649714fbbd3e5ab5bc26c3243e44683d98e840ef89b657,FB2312-baseline-awake,BOI_reference
/Users/zcm361/Documents/Github/OxygenDynamicsV2/reference-validation/phase1-optimized-20260909/FB2312-baseline-awake/Recording,sink,42,1,159,397,483,433,448,657,20,20,0,0,0,4119.05258751903,4119.05258751903,valid,valid,0.147461740465026,0.147461740465026,0,1,0,Awake_immobile,-0.419347493433007,-0.513952845836247,429,-14.7461740465026,2.83473232935217,-17.5809063758548,d2e65164f5640b4b97649714fbbd3e5ab5bc26c3243e44683d98e840ef89b657,FB2312-baseline-awake,BOI_reference
/Users/zcm361/Documents/Github/OxygenDynamicsV2/reference-validation/phase1-optimized-20260909/FB2312-baseline-awake/Recording,sink,42,2,160,944,959,953,955,588,20,20,0,0,0,4360.72295918367,4360.72295918367,valid,valid,0.0632189764764321,0.0632189764764321,0,1,0,Awake_immobile,-0.336011953972905,-0.381023673077094,952,-6.32189764764321,-0.715084948589937,-5.60681269905327,d2e65164f5640b4b97649714fbbd3e5ab5bc26c3243e44683d98e840ef89b657,FB2312-baseline-awake,BOI_reference
/Users/zcm361/Documents/Github/OxygenDynamicsV2/reference-validation/phase1-optimized-20260909/FB2312-baseline-awake/Recording,sink,42,3,161,959,987,979,981,283,20,17,0,3,0,NaN,NaN,insufficient_clean_prebaseline,insufficient_clean_prebaseline,NaN,NaN,NaN,1,0,Awake_immobile,-0.299930419356017,-0.380209772519601,NaN,NaN,NaN,NaN,d2e65164f5640b4b97649714fbbd3e5ab5bc26c3243e44683d98e840ef89b657,FB2312-baseline-awake,BOI_reference
/Users/zcm361/Documents/Github/OxygenDynamicsV2/reference-validation/phase1-optimized-20260909/FB2312-baseline-awake/Recording,sink,42,4,162,1106,1130,1112,1115,524,20,20,0,0,0,3989.29465648855,3989.29465648855,valid,valid,0.0918863768222434,0.0918863768222434,0,1,0,Awake_immobile,-0.276522611019038,-0.335013005919159,1113,-9.18863768222434,-1.17019499577872,-8.01844268644562,d2e65164f5640b4b97649714fbbd3e5ab5bc26c3243e44683d98e840ef89b657,FB2312-baseline-awake,BOI_reference
/Users/zcm361/Documents/Github/OxygenDynamicsV2/reference-validation/phase1-optimized-20260909/FB2312-baseline-awake/Recording,sink,43,1,163,722,762,751,756,347,20,20,0,0,0,3318.45893371758,3318.45893371758,valid,valid,0.0834145133076901,0.0834145133076901,0,1,0,Awake_immobile,-0.284609272789688,-0.433382070566263,754,-8.34145133076901,-1.40878176608407,-6.93266956468492,d2e65164f5640b4b97649714fbbd3e5ab5bc26c3243e44683d98e840ef89b657,FB2312-baseline-awake,BOI_reference
/Users/zcm361/Documents/Github/OxygenDynamicsV2/reference-validation/phase1-optimized-20260909/FB2312-baseline-awake/Recording,sink,44,1,164,347,413,350,353,399,20,20,0,0,0,4888.95526315789,4888.95526315789,valid,valid,0.0668332433524976,0.0668332433524976,0,1,0,Awake_immobile,-0.468713677672665,-0.465019874974609,354,-6.68332433524976,1.04708216942729,-7.73040650467708,d2e65164f5640b4b97649714fbbd3e5ab5bc26c3243e44683d98e840ef89b657,FB2312-baseline-awake,BOI_reference
/Users/zcm361/Documents/Github/OxygenDynamicsV2/reference-validation/phase1-optimized-20260909/FB2312-baseline-awake/Recording,sink,45,1,165,340,413,407,410,348,20,20,0,0,0,3833.42298850575,3833.42298850575,valid,valid,0.0983981484091227,0.0983981484091227,0,1,0,Awake_immobile,-0.374964287129884,-0.570646358829948,354,-9.83981484091227,1.54332497735702,-11.3831398182693,d2e65164f5640b4b97649714fbbd3e5ab5bc26c3243e44683d98e840ef89b657,FB2312-baseline-awake,BOI_reference
/Users/zcm361/Documents/Github/OxygenDynamicsV2/reference-validation/phase1-optimized-20260909/FB2312-baseline-awake/Recording,sink,46,1,166,374,416,407,409,371,20,20,0,0,0,5827.95013477089,5827.95013477089,valid,valid,0.132920892649721,0.132920892649721,0,1,0,Awake_immobile,-0.369570414787568,-0.450031722296139,406,-13.2920892649721,1.81439517819724,-15.1064844431693,d2e65164f5640b4b97649714fbbd3e5ab5bc26c3243e44683d98e840ef89b657,FB2312-baseline-awake,BOI_reference
/Users/zcm361/Documents/Github/OxygenDynamicsV2/reference-validation/phase1-optimized-20260909/FB2312-baseline-awake/Recording,sink,47,1,167,1123,1178,1140,1142,714,20,20,0,0,0,6388.83382352941,6388.83382352941,valid,valid,0.0880600976754489,0.0880600976754489,0,1,0,Awake_immobile,-0.305309487651098,-0.439071210295531,1172,-8.80600976754489,-3.95042394716219,-4.85558582038271,d2e65164f5640b4b97649714fbbd3e5ab5bc26c3243e44683d98e840ef89b657,FB2312-baseline-awake,BOI_reference
/Users/zcm361/Documents/Github/OxygenDynamicsV2/reference-validation/phase1-optimized-20260909/FB2312-baseline-awake/Recording,sink,48,1,168,399,457,411,418,368,20,20,0,0,0,2884.12092391304,2884.12092391304,valid,valid,0.198368314510723,0.198368314510723,0,1,0,Awake_immobile,-0.441939336065527,-0.685622940700316,435,-19.8368314510723,2.15830875771391,-21.9951402087862,d2e65164f5640b4b97649714fbbd3e5ab5bc26c3243e44683d98e840ef89b657,FB2312-baseline-awake,BOI_reference
/Users/zcm361/Documents/Github/OxygenDynamicsV2/reference-validation/phase1-optimized-20260909/FB2312-baseline-awake/Recording,sink,48,2,169,872,887,880,886,466,20,20,0,0,0,2740.03615879828,2740.03615879828,valid,valid,0.0749197923009145,0.0749197923009145,0,1,0,Awake_immobile,-0.308234205530017,-0.427030459288295,881,-7.49197923009145,-0.209874687693568,-7.28210454239791,d2e65164f5640b4b97649714fbbd3e5ab5bc26c3243e44683d98e840ef89b657,FB2312-baseline-awake,BOI_reference
/Users/zcm361/Documents/Github/OxygenDynamicsV2/reference-validation/phase1-optimized-20260909/FB2312-baseline-awake/Recording,sink,49,1,170,406,421,414,416,320,20,20,0,0,0,2245.3928125,2245.3928125,valid,valid,0.112886289244769,0.112886289244769,0,1,0,Awake_immobile,-0.411637384506563,-0.575808603389305,418,-11.2886289244769,1.10441361033041,-12.3930425348073,d2e65164f5640b4b97649714fbbd3e5ab5bc26c3243e44683d98e840ef89b657,FB2312-baseline-awake,BOI_reference
/Users/zcm361/Documents/Github/OxygenDynamicsV2/reference-validation/phase1-optimized-20260909/FB2312-baseline-awake/Recording,sink,50,1,171,356,426,416,418,133,20,20,0,0,0,3944.8530075188,3944.8530075188,valid,valid,0.112813698710292,0.112813698710292,0,1,0,Awake_immobile,-0.429450596559018,-0.590223603210246,422,-11.2813698710292,4.4505674686148,-15.731937339644,d2e65164f5640b4b97649714fbbd3e5ab5bc26c3243e44683d98e840ef89b657,FB2312-baseline-awake,BOI_reference
/Users/zcm361/Documents/Github/OxygenDynamicsV2/reference-validation/phase1-optimized-20260909/FB2312-baseline-awake/Recording,sink,50,2,172,427,460,447,453,513,20,17,0,3,0,NaN,NaN,insufficient_clean_prebaseline,insufficient_clean_prebaseline,NaN,NaN,NaN,1,0,Awake_immobile,-0.416627956632617,-0.530074862792058,NaN,NaN,NaN,NaN,d2e65164f5640b4b97649714fbbd3e5ab5bc26c3243e44683d98e840ef89b657,FB2312-baseline-awake,BOI_reference
/Users/zcm361/Documents/Github/OxygenDynamicsV2/reference-validation/phase1-optimized-20260909/FB2312-baseline-awake/Recording,sink,51,1,173,413,482,418,423,341,20,18,0,2,0,NaN,NaN,insufficient_clean_prebaseline,insufficient_clean_prebaseline,NaN,NaN,NaN,1,0,Awake_immobile,-0.531700503820315,-0.698219730889412,NaN,NaN,NaN,NaN,d2e65164f5640b4b97649714fbbd3e5ab5bc26c3243e44683d98e840ef89b657,FB2312-baseline-awake,BOI_reference
/Users/zcm361/Documents/Github/OxygenDynamicsV2/reference-validation/phase1-optimized-20260909/FB2312-baseline-awake/Recording,sink,52,1,174,550,573,567,569,429,20,20,0,0,0,2904.42634032634,2904.42634032634,valid,valid,0.0847985499826685,0.0847985499826685,0,1,0,Awake_immobile,-0.395644246073036,-0.475703257801432,550,-8.47985499826685,0.502343891833038,-8.9821988900999,d2e65164f5640b4b97649714fbbd3e5ab5bc26c3243e44683d98e840ef89b657,FB2312-baseline-awake,BOI_reference
/Users/zcm361/Documents/Github/OxygenDynamicsV2/reference-validation/phase1-optimized-20260909/FB2312-baseline-awake/Recording,sink,52,2,175,856,874,865,869,585,20,20,0,0,0,3374.82991452991,3374.82991452991,valid,valid,0.103852020652639,0.103852020652639,0,1,0,Awake_immobile,-0.310341934582107,-0.384793556557817,868,-10.3852020652639,-0.26510478722191,-10.120097278042,d2e65164f5640b4b97649714fbbd3e5ab5bc26c3243e44683d98e840ef89b657,FB2312-baseline-awake,BOI_reference
/Users/zcm361/Documents/Github/OxygenDynamicsV2/reference-validation/phase1-optimized-20260909/FB2312-baseline-awake/Recording,sink,52,3,176,874,902,896,899,571,20,15,0,5,0,NaN,NaN,insufficient_clean_prebaseline,insufficient_clean_prebaseline,NaN,NaN,NaN,1,0,Awake_immobile,-0.296243087439137,-0.378226254027199,NaN,NaN,NaN,NaN,d2e65164f5640b4b97649714fbbd3e5ab5bc26c3243e44683d98e840ef89b657,FB2312-baseline-awake,BOI_reference
/Users/zcm361/Documents/Github/OxygenDynamicsV2/reference-validation/phase1-optimized-20260909/FB2312-baseline-awake/Recording,sink,52,4,177,934,984,962,968,563,20,20,0,0,0,3245.20586145648,3245.20586145648,valid,valid,0.114124844578769,0.114124844578769,0,1,0,Awake_immobile,-0.38400324612319,-0.480219140619967,973,-11.4124844578769,-1.39373208698082,-10.0187523708961,d2e65164f5640b4b97649714fbbd3e5ab5bc26c3243e44683d98e840ef89b657,FB2312-baseline-awake,BOI_reference
/Users/zcm361/Documents/Github/OxygenDynamicsV2/reference-validation/phase1-optimized-20260909/FB2312-baseline-awake/Recording,sink,52,5,178,1077,1095,1079,1081,463,20,20,0,0,0,2951.86900647948,2951.86900647948,valid,valid,0.0790503669985123,0.0790503669985123,0,1,0,Awake_immobile,-0.24698280014736,-0.335147102367514,1082,-7.90503669985123,-0.75992664884906,-7.14511005100216,d2e65164f5640b4b97649714fbbd3e5ab5bc26c3243e44683d98e840ef89b657,FB2312-baseline-awake,BOI_reference
/Users/zcm361/Documents/Github/OxygenDynamicsV2/reference-validation/phase1-optimized-20260909/FB2312-baseline-awake/Recording,sink,52,6,179,1096,1125,1116,1119,897,20,17,0,3,0,NaN,NaN,insufficient_clean_prebaseline,insufficient_clean_prebaseline,NaN,NaN,NaN,1,0,Awake_immobile,-0.280501735391492,-0.338494219361237,NaN,NaN,NaN,NaN,d2e65164f5640b4b97649714fbbd3e5ab5bc26c3243e44683d98e840ef89b657,FB2312-baseline-awake,BOI_reference
/Users/zcm361/Documents/Github/OxygenDynamicsV2/reference-validation/phase1-optimized-20260909/FB2312-baseline-awake/Recording,sink,53,1,180,420,455,437,444,331,20,20,0,0,0,3041.16374622356,3041.16374622356,valid,valid,0.0874547944955084,0.0874547944955084,0,1,0,Awake_immobile,-0.442739205277353,-0.640920111945295,434,-8.74547944955084,1.26677212796021,-10.012251577511,d2e65164f5640b4b97649714fbbd3e5ab5bc26c3243e44683d98e840ef89b657,FB2312-baseline-awake,BOI_reference
/Users/zcm361/Documents/Github/OxygenDynamicsV2/reference-validation/phase1-optimized-20260909/FB2312-baseline-awake/Recording,sink,53,2,181,552,567,555,564,454,20,20,0,0,0,3184.15253303965,3184.15253303965,valid,valid,0.106559000114312,0.106559000114312,0,1,0,Awake_immobile,-0.4513307072173,-0.619408668965489,562,-10.6559000114312,0.46388355252195,-11.1197835639531,d2e65164f5640b4b97649714fbbd3e5ab5bc26c3243e44683d98e840ef89b657,FB2312-baseline-awake,BOI_reference
/Users/zcm361/Documents/Github/OxygenDynamicsV2/reference-validation/phase1-optimized-20260909/FB2312-baseline-awake/Recording,sink,54,1,182,753,774,756,758,276,20,20,0,0,0,4141.2356884058,4141.2356884058,valid,valid,0.102829395115518,0.102829395115518,0,1,0,Awake_immobile,-0.345411197367858,-0.585281554187145,756,-10.2829395115518,-0.209438585935831,-10.073500925616,d2e65164f5640b4b97649714fbbd3e5ab5bc26c3243e44683d98e840ef89b657,FB2312-baseline-awake,BOI_reference
/Users/zcm361/Documents/Github/OxygenDynamicsV2/reference-validation/phase1-optimized-20260909/FB2312-baseline-awake/Recording,sink,55,1,183,739,788,778,780,562,20,20,0,0,0,5371.51352313167,5371.51352313167,valid,valid,0.0897507101022508,0.0897507101022508,0,1,0,Awake_immobile,-0.318942830081441,-0.437577468359098,770,-8.97507101022508,-0.80038699261026,-8.17468401761482,d2e65164f5640b4b97649714fbbd3e5ab5bc26c3243e44683d98e840ef89b657,FB2312-baseline-awake,BOI_reference
/Users/zcm361/Documents/Github/OxygenDynamicsV2/reference-validation/phase1-optimized-20260909/FB2312-baseline-awake/Recording,sink,55,2,184,909,936,918,922,961,20,20,0,0,0,4954.81888657648,4954.81888657648,valid,valid,0.105360584072397,0.105360584072397,0,1,0,Awake_immobile,-0.306002002390069,-0.358099476837492,934,-10.5360584072397,-0.892953985893997,-9.64310442134571,d2e65164f5640b4b97649714fbbd3e5ab5bc26c3243e44683d98e840ef89b657,FB2312-baseline-awake,BOI_reference
/Users/zcm361/Documents/Github/OxygenDynamicsV2/reference-validation/phase1-optimized-20260909/FB2312-baseline-awake/Recording,sink,56,1,185,730,820,797,810,883,20,20,0,0,0,3100.91489241223,3100.91489241223,valid,valid,0.0888309969236602,0.0888309969236602,0,1,0,Awake_immobile,-0.296068587443864,-0.341245994081026,799,-8.88309969236602,-1.19087438521569,-7.69222530715034,d2e65164f5640b4b97649714fbbd3e5ab5bc26c3243e44683d98e840ef89b657,FB2312-baseline-awake,BOI_reference
/Users/zcm361/Documents/Github/OxygenDynamicsV2/reference-validation/phase1-optimized-20260909/FB2312-baseline-awake/Recording,sink,56,2,186,853,874,860,862,227,20,20,0,0,0,2697.78876651982,2697.78876651982,valid,valid,0.0827077258002373,0.0827077258002373,0,1,0,Awake_immobile,-0.402141461463402,-0.476036063033117,863,-8.27077258002373,-0.502988273110833,-7.76778430691289,d2e65164f5640b4b97649714fbbd3e5ab5bc26c3243e44683d98e840ef89b657,FB2312-baseline-awake,BOI_reference
/Users/zcm361/Documents/Github/OxygenDynamicsV2/reference-validation/phase1-optimized-20260909/FB2312-baseline-awake/Recording,sink,56,3,187,1126,1179,1169,1173,576,20,14,0,6,0,NaN,NaN,insufficient_clean_prebaseline,insufficient_clean_prebaseline,NaN,NaN,NaN,1,0,Awake_immobile,-0.277855972845029,-0.378803922818302,NaN,NaN,NaN,NaN,d2e65164f5640b4b97649714fbbd3e5ab5bc26c3243e44683d98e840ef89b657,FB2312-baseline-awake,BOI_reference
/Users/zcm361/Documents/Github/OxygenDynamicsV2/reference-validation/phase1-optimized-20260909/FB2312-baseline-awake/Recording,sink,57,1,188,916,960,928,933,545,20,20,0,0,0,3906.19486238532,3906.19486238532,valid,valid,0.17694133646663,0.17694133646663,0,1,0,Awake_immobile,-0.393528798031151,-0.483679269275248,933,-17.694133646663,-0.948830029232069,-16.7453036174309,d2e65164f5640b4b97649714fbbd3e5ab5bc26c3243e44683d98e840ef89b657,FB2312-baseline-awake,BOI_reference
/Users/zcm361/Documents/Github/OxygenDynamicsV2/reference-validation/phase1-optimized-20260909/FB2312-baseline-awake/Recording,sink,57,2,189,995,1086,1040,1049,528,20,20,0,0,0,3215.16268939394,3215.16268939394,valid,valid,0.134598907791261,0.134598907791261,0,1,0,Awake_immobile,-0.366521800555127,-0.48174648196162,1052,-13.4598907791261,-5.43218404009826,-8.0277067390278,d2e65164f5640b4b97649714fbbd3e5ab5bc26c3243e44683d98e840ef89b657,FB2312-baseline-awake,BOI_reference
/Users/zcm361/Documents/Github/OxygenDynamicsV2/reference-validation/phase1-optimized-20260909/FB2312-baseline-awake/Recording,sink,57,3,190,1098,1123,1108,1110,397,20,20,0,0,0,3358.22682619647,3358.22682619647,valid,valid,0.0781696634990254,0.0781696634990254,0,1,0,Awake_immobile,-0.329986524359205,-0.385616284997635,1111,-7.81696634990254,-1.99834438015781,-5.81862196974477,d2e65164f5640b4b97649714fbbd3e5ab5bc26c3243e44683d98e840ef89b657,FB2312-baseline-awake,BOI_reference
/Users/zcm361/Documents/Github/OxygenDynamicsV2/reference-validation/phase1-optimized-20260909/FB2312-baseline-awake/Recording,sink,58,1,191,928,983,938,940,362,20,20,0,0,0,2723.79544198895,2723.79544198895,valid,valid,0.130627918600949,0.130627918600949,0,1,0,Awake_immobile,-0.37378957454616,-0.427353691033981,952,-13.0627918600949,-0.92658187110742,-12.1362099889874,d2e65164f5640b4b97649714fbbd3e5ab5bc26c3243e44683d98e840ef89b657,FB2312-baseline-awake,BOI_reference
/Users/zcm361/Documents/Github/OxygenDynamicsV2/reference-validation/phase1-optimized-20260909/FB2312-baseline-awake/Recording,sink,59,1,192,1097,1142,1105,1107,430,20,20,0,0,0,4039.00627906977,4039.00627906977,valid,valid,0.0773484636187568,0.0773484636187568,0,1,0,Awake_immobile,-0.25888506205276,-0.31429376577852,1106,-7.73484636187568,-0.747372793218793,-6.98747356865688,d2e65164f5640b4b97649714fbbd3e5ab5bc26c3243e44683d98e840ef89b657,FB2312-baseline-awake,BOI_reference
/Users/zcm361/Documents/Github/OxygenDynamicsV2/reference-validation/phase1-optimized-20260909/FB2312-baseline-awake/Recording,surge,1,1,1,1,18,1,18,4282,20,0,1,0,0,NaN,NaN,insufficient_clean_prebaseline,insufficient_clean_prebaseline,NaN,NaN,NaN,1,0,Awake_immobile,0.699457026977857,0.71834033434698,NaN,NaN,NaN,NaN,d2e65164f5640b4b97649714fbbd3e5ab5bc26c3243e44683d98e840ef89b657,FB2312-baseline-awake,BOI_reference
/Users/zcm361/Documents/Github/OxygenDynamicsV2/reference-validation/phase1-optimized-20260909/FB2312-baseline-awake/Recording,surge,1,2,2,403,412,403,412,3684,20,20,0,0,0,706.302619435396,706.302619435396,valid,valid,-0.0238810145437647,-0.0238810145437647,0,1,1,Awake_immobile,0.490300758365424,0.511856850112811,411,-2.38810145437647,0.242449599677689,-2.63055105405414,d2e65164f5640b4b97649714fbbd3e5ab5bc26c3243e44683d98e840ef89b657,FB2312-baseline-awake,BOI_reference
/Users/zcm361/Documents/Github/OxygenDynamicsV2/reference-validation/phase1-optimized-20260909/FB2312-baseline-awake/Recording,surge,1,3,3,542,552,542,552,2530,20,20,0,0,0,611.546699604743,611.546699604743,valid,valid,0.00197377458949367,0.00197377458949367,0,1,0,Awake_immobile,1.00602515654366,1.07278751460585,546,0.197377458949367,0.0574313373989717,0.139946121550362,d2e65164f5640b4b97649714fbbd3e5ab5bc26c3243e44683d98e840ef89b657,FB2312-baseline-awake,BOI_reference
/Users/zcm361/Documents/Github/OxygenDynamicsV2/reference-validation/phase1-optimized-20260909/FB2312-baseline-awake/Recording,surge,2,1,4,1,18,1,18,16141,20,0,1,0,0,NaN,NaN,insufficient_clean_prebaseline,insufficient_clean_prebaseline,NaN,NaN,NaN,1,0,Awake_immobile,0.759569839713766,0.773996019023831,NaN,NaN,NaN,NaN,d2e65164f5640b4b97649714fbbd3e5ab5bc26c3243e44683d98e840ef89b657,FB2312-baseline-awake,BOI_reference
/Users/zcm361/Documents/Github/OxygenDynamicsV2/reference-validation/phase1-optimized-20260909/FB2312-baseline-awake/Recording,surge,2,2,5,204,214,204,214,16060,20,20,0,0,0,607.904750933998,607.904750933998,valid,valid,0.00323638849211381,0.00323638849211381,0,1,0,Awake_immobile,0.547066959187761,0.601171853922164,208,0.323638849211381,0.381725284328409,-0.0580864351170327,d2e65164f5640b4b97649714fbbd3e5ab5bc26c3243e44683d98e840ef89b657,FB2312-baseline-awake,BOI_reference
/Users/zcm361/Documents/Github/OxygenDynamicsV2/reference-validation/phase1-optimized-20260909/FB2312-baseline-awake/Recording,surge,2,3,6,402,413,402,413,17743,20,20,0,0,0,663.36549343403,663.36549343403,valid,valid,-0.00235732612822521,-0.00235732612822521,0,1,1,Awake_immobile,0.537642419341853,0.582055979087753,402,-0.235732612822521,0.134870395620007,-0.370603008442525,d2e65164f5640b4b97649714fbbd3e5ab5bc26c3243e44683d98e840ef89b657,FB2312-baseline-awake,BOI_reference
/Users/zcm361/Documents/Github/OxygenDynamicsV2/reference-validation/phase1-optimized-20260909/FB2312-baseline-awake/Recording,surge,2,4,7,428,438,428,438,17070,20,14,0,6,0,NaN,NaN,insufficient_clean_prebaseline,insufficient_clean_prebaseline,NaN,NaN,NaN,1,0,Awake_immobile,0.641727809977657,0.686726058142182,NaN,NaN,NaN,NaN,d2e65164f5640b4b97649714fbbd3e5ab5bc26c3243e44683d98e840ef89b657,FB2312-baseline-awake,BOI_reference
/Users/zcm361/Documents/Github/OxygenDynamicsV2/reference-validation/phase1-optimized-20260909/FB2312-baseline-awake/Recording,surge,2,5,8,471,491,471,491,17881,20,20,0,0,0,678.397153403053,678.397153403053,valid,valid,0.00115721471957336,0.00115721471957336,0,1,0,Awake_immobile,0.74405865681615,0.781394966566453,481,0.115721471957336,0.165216233253655,-0.0494947612963417,d2e65164f5640b4b97649714fbbd3e5ab5bc26c3243e44683d98e840ef89b657,FB2312-baseline-awake,BOI_reference
/Users/zcm361/Documents/Github/OxygenDynamicsV2/reference-validation/phase1-optimized-20260909/FB2312-baseline-awake/Recording,surge,2,6,9,493,503,493,503,17676,20,1,0,19,0,NaN,NaN,insufficient_clean_prebaseline,insufficient_clean_prebaseline,NaN,NaN,NaN,1,0,Awake_immobile,0.615792419281391,0.661083249720606,NaN,NaN,NaN,NaN,d2e65164f5640b4b97649714fbbd3e5ab5bc26c3243e44683d98e840ef89b657,FB2312-baseline-awake,BOI_reference
/Users/zcm361/Documents/Github/OxygenDynamicsV2/reference-validation/phase1-optimized-20260909/FB2312-baseline-awake/Recording,surge,2,7,10,531,553,531,553,16928,20,20,0,0,0,648.036259451796,648.036259451796,valid,valid,0.00728828692485952,0.00728828692485952,0,1,0,Awake_immobile,0.970467971782477,1.01452863660355,540,0.728828692485952,0.0611176019588365,0.667711090527116,d2e65164f5640b4b97649714fbbd3e5ab5bc26c3243e44683d98e840ef89b657,FB2312-baseline-awake,BOI_reference
/Users/zcm361/Documents/Github/OxygenDynamicsV2/reference-validation/phase1-optimized-20260909/FB2312-baseline-awake/Recording,surge,2,8,11,641,650,641,650,16195,20,20,0,0,0,654.124439641865,654.124439641865,valid,valid,-0.00647368733109602,-0.00647368733109602,0,1,1,Awake_immobile,0.833602055862808,0.911000991663462,641,-0.647368733109602,-0.0191839469008049,-0.628184786208797,d2e65164f5640b4b97649714fbbd3e5ab5bc26c3243e44683d98e840ef89b657,FB2312-baseline-awake,BOI_reference
/Users/zcm361/Documents/Github/OxygenDynamicsV2/reference-validation/phase1-optimized-20260909/FB2312-baseline-awake/Recording,surge,3,1,12,1,24,1,24,12559,20,0,1,0,0,NaN,NaN,insufficient_clean_prebaseline,insufficient_clean_prebaseline,NaN,NaN,NaN,1,0,Awake_immobile,0.664162042559493,0.685318255255605,NaN,NaN,NaN,NaN,d2e65164f5640b4b97649714fbbd3e5ab5bc26c3243e44683d98e840ef89b657,FB2312-baseline-awake,BOI_reference
/Users/zcm361/Documents/Github/OxygenDynamicsV2/reference-validation/phase1-optimized-20260909/FB2312-baseline-awake/Recording,surge,3,2,13,204,214,204,214,12461,20,20,0,0,0,542.950405264425,542.950405264425,valid,valid,0.00587980114415293,0.00587980114415293,0,1,0,Awake_immobile,0.560890346552662,0.619749821788506,214,0.587980114415293,0.573063329595863,0.0149167848194167,d2e65164f5640b4b97649714fbbd3e5ab5bc26c3243e44683d98e840ef89b657,FB2312-baseline-awake,BOI_reference
/Users/zcm361/Documents/Github/OxygenDynamicsV2/reference-validation/phase1-optimized-20260909/FB2312-baseline-awake/Recording,surge,3,3,14,324,333,324,333,11780,20,20,0,0,0,557.739384550085,557.739384550085,valid,valid,0.00607732376846692,0.00607732376846692,0,1,0,Awake_immobile,0.867322275433784,0.923872478030007,333,0.607732376846692,0.351991752756337,0.255740624090339,d2e65164f5640b4b97649714fbbd3e5ab5bc26c3243e44683d98e840ef89b657,FB2312-baseline-awake,BOI_reference
/Users/zcm361/Documents/Github/OxygenDynamicsV2/reference-validation/phase1-optimized-20260909/FB2312-baseline-awake/Recording,surge,3,4,15,402,412,402,412,12879,20,20,0,0,0,580.465750446463,580.465750446463,valid,valid,-0.00598414750149637,-0.00598414750149637,0,1,1,Awake_immobile,0.568076625616022,0.608549159744837,410,-0.598414750149637,0.249214262448001,-0.847629012597613,d2e65164f5640b4b97649714fbbd3e5ab5bc26c3243e44683d98e840ef89b657,FB2312-baseline-awake,BOI_reference
/Users/zcm361/Documents/Github/OxygenDynamicsV2/reference-validation/phase1-optimized-20260909/FB2312-baseline-awake/Recording,surge,3,5,16,428,438,428,438,11478,20,15,0,5,0,NaN,NaN,insufficient_clean_prebaseline,insufficient_clean_prebaseline,NaN,NaN,NaN,1,0,Awake_immobile,0.655334621374401,0.706839854840803,NaN,NaN,NaN,NaN,d2e65164f5640b4b97649714fbbd3e5ab5bc26c3243e44683d98e840ef89b657,FB2312-baseline-awake,BOI_reference
/Users/zcm361/Documents/Github/OxygenDynamicsV2/reference-validation/phase1-optimized-20260909/FB2312-baseline-awake/Recording,surge,3,6,17,471,491,471,491,12518,20,20,0,0,0,584.23451030516,584.23451030516,valid,valid,-0.00918849818517853,-0.00918849818517853,0,1,1,Awake_immobile,0.759106650583135,0.796450967275192,491,-0.918849818517853,0.26121123577219,-1.18006105429007,d2e65164f5640b4b97649714fbbd3e5ab5bc26c3243e44683d98e840ef89b657,FB2312-baseline-awake,BOI_reference
/Users/zcm361/Documents/Github/OxygenDynamicsV2/reference-validation/phase1-optimized-20260909/FB2312-baseline-awake/Recording,surge,3,7,18,493,503,493,503,11517,20,1,0,19,0,NaN,NaN,insufficient_clean_prebaseline,insufficient_clean_prebaseline,NaN,NaN,NaN,1,0,Awake_immobile,0.63062429483724,0.680106758258059,NaN,NaN,NaN,NaN,d2e65164f5640b4b97649714fbbd3e5ab5bc26c3243e44683d98e840ef89b657,FB2312-baseline-awake,BOI_reference
/Users/zcm361/Documents/Github/OxygenDynamicsV2/reference-validation/phase1-optimized-20260909/FB2312-baseline-awake/Recording,surge,3,8,19,531,553,531,553,12403,20,20,0,0,0,583.971398048859,583.971398048859,valid,valid,0.00303103111077422,0.00303103111077422,0,1,0,Awake_immobile,0.987641825252139,1.03433803897146,540,0.303103111077422,0.116528260626838,0.186574850450536,d2e65164f5640b4b97649714fbbd3e5ab5bc26c3243e44683d98e840ef89b657,FB2312-baseline-awake,BOI_reference
/Users/zcm361/Documents/Github/OxygenDynamicsV2/reference-validation/phase1-optimized-20260909/FB2312-baseline-awake/Recording,surge,3,9,20,641,650,641,650,13180,20,20,0,0,0,596.27096737481,596.27096737481,valid,valid,-0.0121952109451718,-0.0121952109451718,0,1,1,Awake_immobile,0.84329204926451,0.921021704294934,650,-1.21952109451718,0.00843983094739682,-1.22796092546458,d2e65164f5640b4b97649714fbbd3e5ab5bc26c3243e44683d98e840ef89b657,FB2312-baseline-awake,BOI_reference
/Users/zcm361/Documents/Github/OxygenDynamicsV2/reference-validation/phase1-optimized-20260909/FB2312-baseline-awake/Recording,surge,3,10,21,683,695,683,695,11521,20,20,0,0,0,574.227623470185,574.227623470185,valid,valid,3.04655164929027e-05,3.04655164929027e-05,0,1,0,Awake_immobile,0.51540036592515,0.542715574559714,691,0.00304655164929027,-0.0154052003521228,0.018451752001418,d2e65164f5640b4b97649714fbbd3e5ab5bc26c3243e44683d98e840ef89b657,FB2312-baseline-awake,BOI_reference
/Users/zcm361/Documents/Github/OxygenDynamicsV2/reference-validation/phase1-optimized-20260909/FB2312-baseline-awake/Recording,surge,3,11,22,1063,1075,1063,1075,12620,20,20,0,0,0,571.033510301109,571.033510301109,valid,valid,0.00587531193787738,0.00587531193787738,0,1,0,Awake_immobile,0.207206856937711,0.236154825930551,1065,0.587531193787738,-0.133165204000191,0.720696397787923,d2e65164f5640b4b97649714fbbd3e5ab5bc26c3243e44683d98e840ef89b657,FB2312-baseline-awake,BOI_reference
/Users/zcm361/Documents/Github/OxygenDynamicsV2/reference-validation/phase1-optimized-20260909/FB2312-baseline-awake/Recording,surge,4,1,23,17,46,17,46,24252,20,13,1,3,0,NaN,NaN,insufficient_clean_prebaseline,insufficient_clean_prebaseline,NaN,NaN,NaN,1,0,Awake_immobile,0.122028005048845,0.130459055162433,NaN,NaN,NaN,NaN,d2e65164f5640b4b97649714fbbd3e5ab5bc26c3243e44683d98e840ef89b657,FB2312-baseline-awake,BOI_reference
/Users/zcm361/Documents/Github/OxygenDynamicsV2/reference-validation/phase1-optimized-20260909/FB2312-baseline-awake/Recording,surge,4,2,24,253,266,253,266,16691,20,20,0,0,0,5656.78279611767,5656.78279611767,valid,valid,0.140623960656922,0.140623960656922,0,1,0,Awake_immobile,0.393854105823976,0.419919879340401,262,14.0623960656922,1.77541001638055,12.2869860493117,d2e65164f5640b4b97649714fbbd3e5ab5bc26c3243e44683d98e840ef89b657,FB2312-baseline-awake,BOI_reference
/Users/zcm361/Documents/Github/OxygenDynamicsV2/reference-validation/phase1-optimized-20260909/FB2312-baseline-awake/Recording,surge,4,3,25,356,395,356,395,25933,20,12,0,8,0,NaN,NaN,insufficient_clean_prebaseline,insufficient_clean_prebaseline,NaN,NaN,NaN,1,0,Awake_immobile,0.253564929707139,0.265077986771845,NaN,NaN,NaN,NaN,d2e65164f5640b4b97649714fbbd3e5ab5bc26c3243e44683d98e840ef89b657,FB2312-baseline-awake,BOI_reference
/Users/zcm361/Documents/Github/OxygenDynamicsV2/reference-validation/phase1-optimized-20260909/FB2312-baseline-awake/Recording,surge,4,4,26,448,468,448,468,27016,20,5,0,15,0,NaN,NaN,insufficient_clean_prebaseline,insufficient_clean_prebaseline,NaN,NaN,NaN,1,0,Awake_immobile,0.148599593145799,0.161967968774438,NaN,NaN,NaN,NaN,d2e65164f5640b4b97649714fbbd3e5ab5bc26c3243e44683d98e840ef89b657,FB2312-baseline-awake,BOI_reference
/Users/zcm361/Documents/Github/OxygenDynamicsV2/reference-validation/phase1-optimized-20260909/FB2312-baseline-awake/Recording,surge,4,5,27,1150,1160,1150,1160,10157,20,20,0,0,0,5663.26270060057,5663.26270060057,valid,valid,0.0540412148468841,0.0540412148468841,0,1,0,Awake_immobile,0.131453820901767,0.141914881849356,1156,5.40412148468841,-0.973975984980977,6.3780974696694,d2e65164f5640b4b97649714fbbd3e5ab5bc26c3243e44683d98e840ef89b657,FB2312-baseline-awake,BOI_reference
/Users/zcm361/Documents/Github/OxygenDynamicsV2/reference-validation/phase1-optimized-20260909/FB2312-baseline-awake/Recording,surge,5,1,28,661,673,661,673,6491,20,20,0,0,0,5807.28636573718,5807.28636573718,valid,valid,0.0596511602445641,0.0596511602445641,0,1,0,Awake_immobile,0.201729242967481,0.213503327439968,665,5.96511602445641,-0.281485208542911,6.24660123299935,d2e65164f5640b4b97649714fbbd3e5ab5bc26c3243e44683d98e840ef89b657,FB2312-baseline-awake,BOI_reference
/Users/zcm361/Documents/Github/OxygenDynamicsV2/reference-validation/phase1-optimized-20260909/FB2312-baseline-awake/Recording,surge,6,1,29,511,523,511,523,8973,20,20,0,0,0,4340.84242728185,4340.84242728185,valid,valid,0.091178827576546,0.091178827576546,0,1,0,Awake_immobile,0.211498055716165,0.22557559705246,513,9.1178827576546,0.266591325436422,8.85129143221818,d2e65164f5640b4b97649714fbbd3e5ab5bc26c3243e44683d98e840ef89b657,FB2312-baseline-awake,BOI_reference
/Users/zcm361/Documents/Github/OxygenDynamicsV2/reference-validation/phase1-optimized-20260909/FB2312-baseline-awake/Recording,surge,7,1,30,24,39,24,39,5468,20,20,0,0,0,1570.50656547184,1570.50656547184,valid,valid,0.170497001704763,0.170497001704763,0,1,0,Awake_immobile,0.128205013233311,0.135297994403469,39,17.0497001704763,7.54913327280498,9.50056689767128,d2e65164f5640b4b97649714fbbd3e5ab5bc26c3243e44683d98e840ef89b657,FB2312-baseline-awake,BOI_reference
/Users/zcm361/Documents/Github/OxygenDynamicsV2/reference-validation/phase1-optimized-20260909/FB2312-baseline-awake/Recording,surge,7,2,31,515,526,515,526,1673,20,20,0,0,0,2921.84079497908,2921.84079497908,valid,valid,0.114569331722515,0.114569331722515,0,1,0,Awake_immobile,0.200282924741328,0.211685390735739,524,11.4569331722515,0.680145294703253,10.7767878775482,d2e65164f5640b4b97649714fbbd3e5ab5bc26c3243e44683d98e840ef89b657,FB2312-baseline-awake,BOI_reference
/Users/zcm361/Documents/Github/OxygenDynamicsV2/reference-validation/phase1-optimized-20260909/FB2312-baseline-awake/Recording,surge,7,3,32,1190,1200,1190,1200,3952,20,20,0,0,0,2674.46428390688,2674.46428390688,valid,valid,0.0508650383022286,0.0508650383022286,0,1,0,Awake_immobile,0.185149171638135,0.215779760609814,1192,5.08650383022286,-0.453375402285091,5.53987923250799,d2e65164f5640b4b97649714fbbd3e5ab5bc26c3243e44683d98e840ef89b657,FB2312-baseline-awake,BOI_reference
/Users/zcm361/Documents/Github/OxygenDynamicsV2/reference-validation/phase1-optimized-20260909/FB2312-baseline-awake/Recording,surge,8,1,33,355,364,355,364,12104,20,20,0,0,0,4455.00776602776,4455.00776602776,valid,valid,0.151427745283339,0.151427745283339,0,1,0,Awake_immobile,0.34484369597733,0.374696147746173,358,15.1427745283339,0.839041613800347,14.3037329145335,d2e65164f5640b4b97649714fbbd3e5ab5bc26c3243e44683d98e840ef89b657,FB2312-baseline-awake,BOI_reference
/Users/zcm361/Documents/Github/OxygenDynamicsV2/reference-validation/phase1-optimized-20260909/FB2312-baseline-awake/Recording,surge,8,2,34,660,671,660,671,24878,20,5,0,15,0,NaN,NaN,insufficient_clean_prebaseline,insufficient_clean_prebaseline,NaN,NaN,NaN,1,0,Awake_immobile,0.238445630001496,0.250746463672077,NaN,NaN,NaN,NaN,d2e65164f5640b4b97649714fbbd3e5ab5bc26c3243e44683d98e840ef89b657,FB2312-baseline-awake,BOI_reference
/Users/zcm361/Documents/Github/OxygenDynamicsV2/reference-validation/phase1-optimized-20260909/FB2312-baseline-awake/Recording,surge,9,1,35,37,53,37,53,5725,20,14,0,6,0,NaN,NaN,insufficient_clean_prebaseline,insufficient_clean_prebaseline,NaN,NaN,NaN,1,0,Awake_immobile,0.133947267825093,0.152910689253855,NaN,NaN,NaN,NaN,d2e65164f5640b4b97649714fbbd3e5ab5bc26c3243e44683d98e840ef89b657,FB2312-baseline-awake,BOI_reference
/Users/zcm361/Documents/Github/OxygenDynamicsV2/reference-validation/phase1-optimized-20260909/FB2312-baseline-awake/Recording,surge,9,2,36,249,274,249,274,7953,20,20,0,0,0,5767.61056205206,5767.61056205206,valid,valid,0.154965187252544,0.154965187252544,0,1,0,Awake_immobile,0.274537853568987,0.310330844177657,262,15.4965187252544,2.01674583123026,13.4797728940241,d2e65164f5640b4b97649714fbbd3e5ab5bc26c3243e44683d98e840ef89b657,FB2312-baseline-awake,BOI_reference
/Users/zcm361/Documents/Github/OxygenDynamicsV2/reference-validation/phase1-optimized-20260909/FB2312-baseline-awake/Recording,surge,9,3,37,355,366,355,366,5643,20,12,0,8,0,NaN,NaN,insufficient_clean_prebaseline,insufficient_clean_prebaseline,NaN,NaN,NaN,1,0,Awake_immobile,0.323598834972732,0.370109837702549,NaN,NaN,NaN,NaN,d2e65164f5640b4b97649714fbbd3e5ab5bc26c3243e44683d98e840ef89b657,FB2312-baseline-awake,BOI_reference
/Users/zcm361/Documents/Github/OxygenDynamicsV2/reference-validation/phase1-optimized-20260909/FB2312-baseline-awake/Recording,surge,9,4,38,448,467,448,467,1896,20,20,0,0,0,5657.46563818565,5657.46563818565,valid,valid,0.193479097345035,0.193479097345035,0,1,0,Awake_immobile,0.234148114249615,0.28234215449654,462,19.3479097345035,1.13961488836712,18.2082948461363,d2e65164f5640b4b97649714fbbd3e5ab5bc26c3243e44683d98e840ef89b657,FB2312-baseline-awake,BOI_reference
/Users/zcm361/Documents/Github/OxygenDynamicsV2/reference-validation/phase1-optimized-20260909/FB2312-baseline-awake/Recording,surge,9,5,39,511,528,511,528,5693,20,20,0,0,0,6329.91616019673,6329.91616019673,valid,valid,0.103117947796995,0.103117947796995,0,1,0,Awake_immobile,0.19930764092421,0.221222772994288,528,10.3117947796995,0.747212245220874,9.56458253447861,d2e65164f5640b4b97649714fbbd3e5ab5bc26c3243e44683d98e840ef89b657,FB2312-baseline-awake,BOI_reference
/Users/zcm361/Documents/Github/OxygenDynamicsV2/reference-validation/phase1-optimized-20260909/FB2312-baseline-awake/Recording,surge,9,6,40,1144,1161,1144,1161,4821,20,13,0,7,0,NaN,NaN,insufficient_clean_prebaseline,insufficient_clean_prebaseline,NaN,NaN,NaN,1,0,Awake_immobile,0.11296872458775,0.126644068917589,NaN,NaN,NaN,NaN,d2e65164f5640b4b97649714fbbd3e5ab5bc26c3243e44683d98e840ef89b657,FB2312-baseline-awake,BOI_reference
/Users/zcm361/Documents/Github/OxygenDynamicsV2/reference-validation/phase1-optimized-20260909/FB2312-baseline-awake/Recording,surge,10,1,41,24,35,24,35,5645,20,20,0,0,0,3567.01715677591,3567.01715677591,valid,valid,0.0937951826362543,0.0937951826362543,0,1,0,Awake_immobile,0.118616277416407,0.138560835744065,28,9.37951826362543,3.51734721184013,5.86217105178526,d2e65164f5640b4b97649714fbbd3e5ab5bc26c3243e44683d98e840ef89b657,FB2312-baseline-awake,BOI_reference
/Users/zcm361/Documents/Github/OxygenDynamicsV2/reference-validation/phase1-optimized-20260909/FB2312-baseline-awake/Recording,surge,11,1,42,25,44,25,44,3272,20,20,0,0,0,1839.40414119804,1839.40414119804,valid,valid,0.19643710029642,0.19643710029642,0,1,0,Awake_immobile,0.156209207751123,0.173081819156749,40,19.643710029642,7.69107641207533,11.9526336175667,d2e65164f5640b4b97649714fbbd3e5ab5bc26c3243e44683d98e840ef89b657,FB2312-baseline-awake,BOI_reference
/Users/zcm361/Documents/Github/OxygenDynamicsV2/reference-validation/phase1-optimized-20260909/FB2312-baseline-awake/Recording,surge,11,2,43,46,55,46,55,3706,20,1,0,19,0,NaN,NaN,insufficient_clean_prebaseline,insufficient_clean_prebaseline,NaN,NaN,NaN,1,0,Awake_immobile,0.160407583482334,0.182891565982227,NaN,NaN,NaN,NaN,d2e65164f5640b4b97649714fbbd3e5ab5bc26c3243e44683d98e840ef89b657,FB2312-baseline-awake,BOI_reference
/Users/zcm361/Documents/Github/OxygenDynamicsV2/reference-validation/phase1-optimized-20260909/FB2312-baseline-awake/Recording,surge,11,3,44,513,528,513,528,9648,20,20,0,0,0,2426.43580534826,2426.43580534826,valid,valid,0.158188183842604,0.158188183842604,0,1,0,Awake_immobile,0.175887022840045,0.198128213382256,526,15.8188183842604,0.324361334309871,15.4944570499505,d2e65164f5640b4b97649714fbbd3e5ab5bc26c3243e44683d98e840ef89b657,FB2312-baseline-awake,BOI_reference
/Users/zcm361/Documents/Github/OxygenDynamicsV2/reference-validation/phase1-optimized-20260909/FB2312-baseline-awake/Recording,surge,11,4,45,758,767,758,767,7478,20,19,0,1,0,NaN,NaN,insufficient_clean_prebaseline,insufficient_clean_prebaseline,NaN,NaN,NaN,1,0,Awake_immobile,0.114251583800539,0.138091070980942,NaN,NaN,NaN,NaN,d2e65164f5640b4b97649714fbbd3e5ab5bc26c3243e44683d98e840ef89b657,FB2312-baseline-awake,BOI_reference
/Users/zcm361/Documents/Github/OxygenDynamicsV2/reference-validation/phase1-optimized-20260909/FB2312-baseline-awake/Recording,surge,11,5,46,823,835,823,835,26668,20,18,0,2,0,NaN,NaN,insufficient_clean_prebaseline,insufficient_clean_prebaseline,NaN,NaN,NaN,1,0,Awake_immobile,0.187181598501957,0.201826189535123,NaN,NaN,NaN,NaN,d2e65164f5640b4b97649714fbbd3e5ab5bc26c3243e44683d98e840ef89b657,FB2312-baseline-awake,BOI_reference
/Users/zcm361/Documents/Github/OxygenDynamicsV2/reference-validation/phase1-optimized-20260909/FB2312-baseline-awake/Recording,surge,11,6,47,1191,1200,1191,1200,20401,20,17,0,3,0,NaN,NaN,insufficient_clean_prebaseline,insufficient_clean_prebaseline,NaN,NaN,NaN,1,0,Awake_immobile,0.231535100717529,0.239527908885447,NaN,NaN,NaN,NaN,d2e65164f5640b4b97649714fbbd3e5ab5bc26c3243e44683d98e840ef89b657,FB2312-baseline-awake,BOI_reference
/Users/zcm361/Documents/Github/OxygenDynamicsV2/reference-validation/phase1-optimized-20260909/FB2312-baseline-awake/Recording,surge,12,1,48,26,38,26,38,1703,20,20,0,0,0,1428.04166177334,1428.04166177334,valid,valid,0.159769016280503,0.159769016280503,0,1,0,Awake_immobile,0.176963087672486,0.203544284824737,38,15.9769016280503,5.67353447497814,10.3033671530722,d2e65164f5640b4b97649714fbbd3e5ab5bc26c3243e44683d98e840ef89b657,FB2312-baseline-awake,BOI_reference
/Users/zcm361/Documents/Github/OxygenDynamicsV2/reference-validation/phase1-optimized-20260909/FB2312-baseline-awake/Recording,surge,13,1,49,735,748,735,748,11978,20,12,0,8,0,NaN,NaN,insufficient_clean_prebaseline,insufficient_clean_prebaseline,NaN,NaN,NaN,1,0,Awake_immobile,0.173743511857689,0.191944104784539,NaN,NaN,NaN,NaN,d2e65164f5640b4b97649714fbbd3e5ab5bc26c3243e44683d98e840ef89b657,FB2312-baseline-awake,BOI_reference
/Users/zcm361/Documents/Github/OxygenDynamicsV2/reference-validation/phase1-optimized-20260909/FB2312-baseline-awake/Recording,surge,14,1,50,127,140,127,140,2423,20,20,0,0,0,3707.86044160132,3707.86044160132,valid,valid,0.0904019328671071,0.0904019328671071,0,1,0,Awake_immobile,0.251990879363275,0.303243523370249,134,9.0401932867107,2.03721896819661,7.0029743185141,d2e65164f5640b4b97649714fbbd3e5ab5bc26c3243e44683d98e840ef89b657,FB2312-baseline-awake,BOI_reference
/Users/zcm361/Documents/Github/OxygenDynamicsV2/reference-validation/phase1-optimized-20260909/FB2312-baseline-awake/Recording,surge,14,2,51,360,388,360,388,4386,20,19,0,1,0,NaN,NaN,insufficient_clean_prebaseline,insufficient_clean_prebaseline,NaN,NaN,NaN,1,0,Awake_immobile,0.26043427408851,0.313725398969314,NaN,NaN,NaN,NaN,d2e65164f5640b4b97649714fbbd3e5ab5bc26c3243e44683d98e840ef89b657,FB2312-baseline-awake,BOI_reference
/Users/zcm361/Documents/Github/OxygenDynamicsV2/reference-validation/phase1-optimized-20260909/FB2312-baseline-awake/Recording,surge,14,3,52,460,469,460,469,7086,20,20,0,0,0,4253.41336438047,4253.41336438047,valid,valid,0.177024163598567,0.177024163598567,0,1,0,Awake_immobile,0.337869900006254,0.380111661052538,462,17.7024163598567,0.453595790541485,17.2488205693151,d2e65164f5640b4b97649714fbbd3e5ab5bc26c3243e44683d98e840ef89b657,FB2312-baseline-awake,BOI_reference
/Users/zcm361/Documents/Github/OxygenDynamicsV2/reference-validation/phase1-optimized-20260909/FB2312-baseline-awake/Recording,surge,15,1,53,452,463,452,463,1416,20,20,0,0,0,7127.97326977401,7127.97326977401,valid,valid,0.14216298171499,0.14216298171499,0,1,0,Awake_immobile,0.27447873538902,0.325109087814076,462,14.216298171499,0.765769305627044,13.450528865872,d2e65164f5640b4b97649714fbbd3e5ab5bc26c3243e44683d98e840ef89b657,FB2312-baseline-awake,BOI_reference
/Users/zcm361/Documents/Github/OxygenDynamicsV2/reference-validation/phase1-optimized-20260909/FB2312-baseline-awake/Recording,surge,16,1,54,41,50,41,50,2280,20,7,0,13,0,NaN,NaN,insufficient_clean_prebaseline,insufficient_clean_prebaseline,NaN,NaN,NaN,1,0,Awake_immobile,0.139731797884505,0.178040483444089,NaN,NaN,NaN,NaN,d2e65164f5640b4b97649714fbbd3e5ab5bc26c3243e44683d98e840ef89b657,FB2312-baseline-awake,BOI_reference
/Users/zcm361/Documents/Github/OxygenDynamicsV2/reference-validation/phase1-optimized-20260909/FB2312-baseline-awake/Recording,surge,17,1,55,452,462,452,462,1423,20,4,0,16,0,NaN,NaN,insufficient_clean_prebaseline,insufficient_clean_prebaseline,NaN,NaN,NaN,1,0,Awake_immobile,0.307694942601037,0.339923065330474,NaN,NaN,NaN,NaN,d2e65164f5640b4b97649714fbbd3e5ab5bc26c3243e44683d98e840ef89b657,FB2312-baseline-awake,BOI_reference
/Users/zcm361/Documents/Github/OxygenDynamicsV2/reference-validation/phase1-optimized-20260909/FB2312-baseline-awake/Recording,surge,17,2,56,513,527,513,527,913,20,20,0,0,0,4310.33176341731,4310.33176341731,valid,valid,0.125536800203104,0.125536800203104,0,1,0,Awake_immobile,0.283073646175686,0.353610303693515,527,12.5536800203104,1.05148655400684,11.5021934663035,d2e65164f5640b4b97649714fbbd3e5ab5bc26c3243e44683d98e840ef89b657,FB2312-baseline-awake,BOI_reference
/Users/zcm361/Documents/Github/OxygenDynamicsV2/reference-validation/phase1-optimized-20260909/FB2312-baseline-awake/Recording,surge,18,1,57,385,398,385,398,3694,20,20,0,0,0,3985.16119382783,3985.16119382783,valid,valid,0.0337569655438314,0.0337569655438314,0,1,0,Awake_immobile,0.321078573667935,0.361500753531773,392,3.37569655438314,0.450861469111765,2.92483508527134,d2e65164f5640b4b97649714fbbd3e5ab5bc26c3243e44683d98e840ef89b657,FB2312-baseline-awake,BOI_reference
/Users/zcm361/Documents/Github/OxygenDynamicsV2/reference-validation/phase1-optimized-20260909/FB2312-baseline-awake/Recording,surge,19,1,58,816,835,816,835,4304,20,20,0,0,0,4485.63402648699,4485.63402648699,valid,valid,0.0902882992241105,0.0902882992241105,0,1,0,Awake_immobile,0.223972606298213,0.256963715183922,827,9.02882992241105,-0.297873795121375,9.32670371753241,d2e65164f5640b4b97649714fbbd3e5ab5bc26c3243e44683d98e840ef89b657,FB2312-baseline-awake,BOI_reference
/Users/zcm361/Documents/Github/OxygenDynamicsV2/reference-validation/phase1-optimized-20260909/FB2316-baseline/Recording,sink,1,1,1,28,88,52,64,2273,20,20,0,0,0,2164.73611966564,2164.73611966564,valid,valid,-0.00105128698516981,-0.00105128698516981,0,1,1,Anesthetized,-0.336975006095058,-0.358822045624812,31,0.105128698516981,1.96917481693438,-1.86404611841742,23385c57fd4c0fbd8eb031c2058b48166e42a5df01cf8b1fb486cfa6360a2065,FB2316-baseline,BOI_reference
/Users/zcm361/Documents/Github/OxygenDynamicsV2/reference-validation/phase1-optimized-20260909/FB2316-baseline/Recording,sink,1,2,2,135,319,278,291,1122,20,10,0,10,0,NaN,NaN,insufficient_clean_prebaseline,insufficient_clean_prebaseline,NaN,NaN,NaN,1,0,Anesthetized,-0.236434907000951,-0.264937232049444,NaN,NaN,NaN,NaN,23385c57fd4c0fbd8eb031c2058b48166e42a5df01cf8b1fb486cfa6360a2065,FB2316-baseline,BOI_reference
/Users/zcm361/Documents/Github/OxygenDynamicsV2/reference-validation/phase1-optimized-20260909/FB2316-baseline/Recording,sink,1,3,3,320,368,323,362,2827,20,20,0,0,0,3613.08878669968,3613.08878669968,valid,valid,0.039108586260581,0.039108586260581,0,1,0,Anesthetized,-0.209171323525179,-0.234894453303948,350,-3.9108586260581,0.669332765399041,-4.58019139145715,23385c57fd4c0fbd8eb031c2058b48166e42a5df01cf8b1fb486cfa6360a2065,FB2316-baseline,BOI_reference
/Users/zcm361/Documents/Github/OxygenDynamicsV2/reference-validation/phase1-optimized-20260909/FB2316-baseline/Recording,sink,1,4,4,404,427,404,427,2593,20,7,0,13,0,NaN,NaN,insufficient_clean_prebaseline,insufficient_clean_prebaseline,NaN,NaN,NaN,1,0,Anesthetized,-0.203147450899731,-0.224701330226614,NaN,NaN,NaN,NaN,23385c57fd4c0fbd8eb031c2058b48166e42a5df01cf8b1fb486cfa6360a2065,FB2316-baseline,BOI_reference
/Users/zcm361/Documents/Github/OxygenDynamicsV2/reference-validation/phase1-optimized-20260909/FB2316-baseline/Recording,sink,1,5,5,435,553,455,458,851,20,13,0,7,0,NaN,NaN,insufficient_clean_prebaseline,insufficient_clean_prebaseline,NaN,NaN,NaN,1,0,Anesthetized,-0.161018599873709,-0.184851206319961,NaN,NaN,NaN,NaN,23385c57fd4c0fbd8eb031c2058b48166e42a5df01cf8b1fb486cfa6360a2065,FB2316-baseline,BOI_reference
/Users/zcm361/Documents/Github/OxygenDynamicsV2/reference-validation/phase1-optimized-20260909/FB2316-baseline/Recording,sink,1,6,6,557,573,558,567,790,20,20,0,0,0,4875.03006329114,4875.03006329114,valid,valid,0.0405075723324004,0.0405075723324004,0,1,0,Anesthetized,-0.182071962284449,-0.212784029615986,572,-4.05075723324004,-1.01129602921715,-3.03946120402289,23385c57fd4c0fbd8eb031c2058b48166e42a5df01cf8b1fb486cfa6360a2065,FB2316-baseline,BOI_reference
/Users/zcm361/Documents/Github/OxygenDynamicsV2/reference-validation/phase1-optimized-20260909/FB2316-baseline/Recording,sink,1,7,7,602,688,602,688,1262,20,20,0,0,0,3485.48296354992,3485.48296354992,valid,valid,0.0686668578604103,0.0686668578604103,0,1,0,Anesthetized,-0.183711257862005,-0.216759205878678,683,-6.86668578604103,-5.21786569607347,-1.64882008996753,23385c57fd4c0fbd8eb031c2058b48166e42a5df01cf8b1fb486cfa6360a2065,FB2316-baseline,BOI_reference
/Users/zcm361/Documents/Github/OxygenDynamicsV2/reference-validation/phase1-optimized-20260909/FB2316-baseline/Recording,sink,1,8,8,735,745,736,742,339,20,20,0,0,0,3068.46828908555,3068.46828908555,valid,valid,0.0587167071672733,0.0587167071672733,0,1,0,Anesthetized,-0.27228685507054,-0.413453862530566,740,-5.87167071672733,-1.1540747540885,-4.71759596263885,23385c57fd4c0fbd8eb031c2058b48166e42a5df01cf8b1fb486cfa6360a2065,FB2316-baseline,BOI_reference
/Users/zcm361/Documents/Github/OxygenDynamicsV2/reference-validation/phase1-optimized-20260909/FB2316-baseline/Recording,sink,1,9,9,761,767,763,766,307,20,18,0,2,0,NaN,NaN,insufficient_clean_prebaseline,insufficient_clean_prebaseline,NaN,NaN,NaN,1,0,Anesthetized,-0.253579089308843,-0.404384715113912,NaN,NaN,NaN,NaN,23385c57fd4c0fbd8eb031c2058b48166e42a5df01cf8b1fb486cfa6360a2065,FB2316-baseline,BOI_reference
/Users/zcm361/Documents/Github/OxygenDynamicsV2/reference-validation/phase1-optimized-20260909/FB2316-baseline/Recording,sink,1,10,10,1089,1098,1091,1095,447,20,20,0,0,0,2781.22438478747,2781.22438478747,valid,valid,0.0780934120962773,0.0780934120962773,0,1,0,Anesthetized,-0.255158648538243,-0.396205582542315,1094,-7.80934120962773,0.201859814979743,-8.01120102460748,23385c57fd4c0fbd8eb031c2058b48166e42a5df01cf8b1fb486cfa6360a2065,FB2316-baseline,BOI_reference
/Users/zcm361/Documents/Github/OxygenDynamicsV2/reference-validation/phase1-optimized-20260909/FB2316-baseline/Recording,sink,1,11,11,1126,1153,1138,1153,2487,20,6,0,14,0,NaN,NaN,insufficient_clean_prebaseline,insufficient_clean_prebaseline,NaN,NaN,NaN,1,0,Anesthetized,-0.154800933634395,-0.184366058620406,NaN,NaN,NaN,NaN,23385c57fd4c0fbd8eb031c2058b48166e42a5df01cf8b1fb486cfa6360a2065,FB2316-baseline,BOI_reference
/Users/zcm361/Documents/Github/OxygenDynamicsV2/reference-validation/phase1-optimized-20260909/FB2316-baseline/Recording,sink,1,12,12,1173,1186,1176,1186,719,20,19,0,1,0,NaN,NaN,insufficient_clean_prebaseline,insufficient_clean_prebaseline,NaN,NaN,NaN,1,0,Anesthetized,-0.288321988283834,-0.327506891953051,NaN,NaN,NaN,NaN,23385c57fd4c0fbd8eb031c2058b48166e42a5df01cf8b1fb486cfa6360a2065,FB2316-baseline,BOI_reference
/Users/zcm361/Documents/Github/OxygenDynamicsV2/reference-validation/phase1-optimized-20260909/FB2316-baseline/Recording,sink,2,1,13,17,51,20,27,405,20,16,1,0,0,NaN,NaN,insufficient_clean_prebaseline,insufficient_clean_prebaseline,NaN,NaN,NaN,1,0,Anesthetized,-0.600333198739423,-0.748968680555271,NaN,NaN,NaN,NaN,23385c57fd4c0fbd8eb031c2058b48166e42a5df01cf8b1fb486cfa6360a2065,FB2316-baseline,BOI_reference
/Users/zcm361/Documents/Github/OxygenDynamicsV2/reference-validation/phase1-optimized-20260909/FB2316-baseline/Recording,sink,2,2,14,444,453,444,447,438,20,12,0,8,0,NaN,NaN,insufficient_clean_prebaseline,insufficient_clean_prebaseline,NaN,NaN,NaN,1,0,Anesthetized,-0.187874997162247,-0.208346374833916,NaN,NaN,NaN,NaN,23385c57fd4c0fbd8eb031c2058b48166e42a5df01cf8b1fb486cfa6360a2065,FB2316-baseline,BOI_reference
/Users/zcm361/Documents/Github/OxygenDynamicsV2/reference-validation/phase1-optimized-20260909/FB2316-baseline/Recording,sink,2,3,15,453,516,510,516,780,20,7,0,13,0,NaN,NaN,insufficient_clean_prebaseline,insufficient_clean_prebaseline,NaN,NaN,NaN,1,0,Anesthetized,-0.178440742636594,-0.210720031996338,NaN,NaN,NaN,NaN,23385c57fd4c0fbd8eb031c2058b48166e42a5df01cf8b1fb486cfa6360a2065,FB2316-baseline,BOI_reference
/Users/zcm361/Documents/Github/OxygenDynamicsV2/reference-validation/phase1-optimized-20260909/FB2316-baseline/Recording,sink,2,4,16,1179,1200,1179,1200,821,20,20,0,0,0,2901.0631546894,2901.0631546894,valid,valid,0.0362578026699732,0.0362578026699732,0,1,0,Anesthetized,-0.335368913503999,-0.349935289469338,1194,-3.62578026699732,1.4167412289923,-5.04252149598963,23385c57fd4c0fbd8eb031c2058b48166e42a5df01cf8b1fb486cfa6360a2065,FB2316-baseline,BOI_reference
/Users/zcm361/Documents/Github/OxygenDynamicsV2/reference-validation/phase1-optimized-20260909/FB2316-baseline/Recording,sink,3,1,17,3,15,3,8,194,20,2,1,0,0,NaN,NaN,insufficient_clean_prebaseline,insufficient_clean_prebaseline,NaN,NaN,NaN,1,0,Anesthetized,-0.812804604774898,-1.1780002421077,NaN,NaN,NaN,NaN,23385c57fd4c0fbd8eb031c2058b48166e42a5df01cf8b1fb486cfa6360a2065,FB2316-baseline,BOI_reference
/Users/zcm361/Documents/Github/OxygenDynamicsV2/reference-validation/phase1-optimized-20260909/FB2316-baseline/Recording,sink,3,2,18,144,179,161,174,914,20,7,0,13,0,NaN,NaN,insufficient_clean_prebaseline,insufficient_clean_prebaseline,NaN,NaN,NaN,1,0,Anesthetized,-0.703562423647982,-0.816950566266225,NaN,NaN,NaN,NaN,23385c57fd4c0fbd8eb031c2058b48166e42a5df01cf8b1fb486cfa6360a2065,FB2316-baseline,BOI_reference
/Users/zcm361/Documents/Github/OxygenDynamicsV2/reference-validation/phase1-optimized-20260909/FB2316-baseline/Recording,sink,3,3,19,198,207,198,206,382,20,16,0,4,0,NaN,NaN,insufficient_clean_prebaseline,insufficient_clean_prebaseline,NaN,NaN,NaN,1,0,Anesthetized,-0.780238149279144,-0.973589683003987,NaN,NaN,NaN,NaN,23385c57fd4c0fbd8eb031c2058b48166e42a5df01cf8b1fb486cfa6360a2065,FB2316-baseline,BOI_reference
/Users/zcm361/Documents/Github/OxygenDynamicsV2/reference-validation/phase1-optimized-20260909/FB2316-baseline/Recording,sink,3,4,20,265,329,274,305,2008,20,18,0,2,0,NaN,NaN,insufficient_clean_prebaseline,insufficient_clean_prebaseline,NaN,NaN,NaN,1,0,Anesthetized,-0.268240004881731,-0.312677391484624,NaN,NaN,NaN,NaN,23385c57fd4c0fbd8eb031c2058b48166e42a5df01cf8b1fb486cfa6360a2065,FB2316-baseline,BOI_reference
/Users/zcm361/Documents/Github/OxygenDynamicsV2/reference-validation/phase1-optimized-20260909/FB2316-baseline/Recording,sink,3,5,21,333,340,333,338,638,20,9,0,11,0,NaN,NaN,insufficient_clean_prebaseline,insufficient_clean_prebaseline,NaN,NaN,NaN,1,0,Anesthetized,-0.333764914656788,-0.429238194030892,NaN,NaN,NaN,NaN,23385c57fd4c0fbd8eb031c2058b48166e42a5df01cf8b1fb486cfa6360a2065,FB2316-baseline,BOI_reference
/Users/zcm361/Documents/Github/OxygenDynamicsV2/reference-validation/phase1-optimized-20260909/FB2316-baseline/Recording,sink,3,6,22,385,423,386,422,4282,20,2,0,18,0,NaN,NaN,insufficient_clean_prebaseline,insufficient_clean_prebaseline,NaN,NaN,NaN,1,0,Anesthetized,-0.198532592415341,-0.214844408881325,NaN,NaN,NaN,NaN,23385c57fd4c0fbd8eb031c2058b48166e42a5df01cf8b1fb486cfa6360a2065,FB2316-baseline,BOI_reference
/Users/zcm361/Documents/Github/OxygenDynamicsV2/reference-validation/phase1-optimized-20260909/FB2316-baseline/Recording,sink,3,7,23,433,507,462,477,2193,20,12,0,8,0,NaN,NaN,insufficient_clean_prebaseline,insufficient_clean_prebaseline,NaN,NaN,NaN,1,0,Anesthetized,-0.148004293806459,-0.177330277540101,NaN,NaN,NaN,NaN,23385c57fd4c0fbd8eb031c2058b48166e42a5df01cf8b1fb486cfa6360a2065,FB2316-baseline,BOI_reference
/Users/zcm361/Documents/Github/OxygenDynamicsV2/reference-validation/phase1-optimized-20260909/FB2316-baseline/Recording,sink,3,8,24,514,549,517,546,3360,20,12,0,8,0,NaN,NaN,insufficient_clean_prebaseline,insufficient_clean_prebaseline,NaN,NaN,NaN,1,0,Anesthetized,-0.109441944696656,-0.132928519994875,NaN,NaN,NaN,NaN,23385c57fd4c0fbd8eb031c2058b48166e42a5df01cf8b1fb486cfa6360a2065,FB2316-baseline,BOI_reference
/Users/zcm361/Documents/Github/OxygenDynamicsV2/reference-validation/phase1-optimized-20260909/FB2316-baseline/Recording,sink,3,9,25,575,667,583,662,4587,20,20,0,0,0,4663.87217135383,4663.87217135383,valid,valid,0.0655976129665592,0.0655976129665592,0,1,0,Anesthetized,-0.142530430155275,-0.153031493277797,662,-6.55976129665592,-4.43122916276092,-2.12853213389505,23385c57fd4c0fbd8eb031c2058b48166e42a5df01cf8b1fb486cfa6360a2065,FB2316-baseline,BOI_reference
/Users/zcm361/Documents/Github/OxygenDynamicsV2/reference-validation/phase1-optimized-20260909/FB2316-baseline/Recording,sink,3,10,26,681,707,687,706,1244,20,18,0,2,0,NaN,NaN,insufficient_clean_prebaseline,insufficient_clean_prebaseline,NaN,NaN,NaN,1,0,Anesthetized,-0.23875857817271,-0.273303752405365,NaN,NaN,NaN,NaN,23385c57fd4c0fbd8eb031c2058b48166e42a5df01cf8b1fb486cfa6360a2065,FB2316-baseline,BOI_reference
/Users/zcm361/Documents/Github/OxygenDynamicsV2/reference-validation/phase1-optimized-20260909/FB2316-baseline/Recording,sink,3,11,27,733,769,733,768,2487,20,20,0,0,0,3831.81648572577,3831.81648572577,valid,valid,0.0554421513580304,0.0554421513580304,0,1,0,Anesthetized,-0.114879392501268,-0.136879632644227,760,-5.54421513580304,-2.44204307520112,-3.10217206060193,23385c57fd4c0fbd8eb031c2058b48166e42a5df01cf8b1fb486cfa6360a2065,FB2316-baseline,BOI_reference
/Users/zcm361/Documents/Github/OxygenDynamicsV2/reference-validation/phase1-optimized-20260909/FB2316-baseline/Recording,sink,3,12,28,796,826,796,801,807,20,20,0,0,0,3232.34851301115,3232.34851301115,valid,valid,0.0780953958210358,0.0780953958210358,0,1,0,Anesthetized,-0.294134441503019,-0.364739497302056,799,-7.80953958210358,-0.888499780717942,-6.92103980138564,23385c57fd4c0fbd8eb031c2058b48166e42a5df01cf8b1fb486cfa6360a2065,FB2316-baseline,BOI_reference
/Users/zcm361/Documents/Github/OxygenDynamicsV2/reference-validation/phase1-optimized-20260909/FB2316-baseline/Recording,sink,3,13,29,1008,1034,1016,1032,491,20,20,0,0,0,3622.76089613035,3622.76089613035,valid,valid,0.148616610212103,0.148616610212103,0,1,0,Anesthetized,-0.56102544629311,-0.766197822666793,1023,-14.8616610212103,-1.33180718233222,-13.5298538388781,23385c57fd4c0fbd8eb031c2058b48166e42a5df01cf8b1fb486cfa6360a2065,FB2316-baseline,BOI_reference
/Users/zcm361/Documents/Github/OxygenDynamicsV2/reference-validation/phase1-optimized-20260909/FB2316-baseline/Recording,sink,3,14,30,1073,1154,1074,1121,1110,20,15,0,5,0,NaN,NaN,insufficient_clean_prebaseline,insufficient_clean_prebaseline,NaN,NaN,NaN,1,0,Anesthetized,-0.127641710654184,-0.156398036205065,NaN,NaN,NaN,NaN,23385c57fd4c0fbd8eb031c2058b48166e42a5df01cf8b1fb486cfa6360a2065,FB2316-baseline,BOI_reference
/Users/zcm361/Documents/Github/OxygenDynamicsV2/reference-validation/phase1-optimized-20260909/FB2316-baseline/Recording,sink,3,15,31,1178,1200,1185,1200,652,20,20,0,0,0,4063.59394171779,4063.59394171779,valid,valid,0.0511055399617262,0.0511055399617262,0,1,0,Anesthetized,-0.337337468049426,-0.424098379215594,1198,-5.11055399617262,0.914515334728788,-6.0250693309014,23385c57fd4c0fbd8eb031c2058b48166e42a5df01cf8b1fb486cfa6360a2065,FB2316-baseline,BOI_reference
/Users/zcm361/Documents/Github/OxygenDynamicsV2/reference-validation/phase1-optimized-20260909/FB2316-baseline/Recording,sink,4,1,32,20,23,20,22,211,20,19,1,0,0,NaN,NaN,insufficient_clean_prebaseline,insufficient_clean_prebaseline,NaN,NaN,NaN,1,0,Anesthetized,-0.605499688906692,-0.879355903786253,NaN,NaN,NaN,NaN,23385c57fd4c0fbd8eb031c2058b48166e42a5df01cf8b1fb486cfa6360a2065,FB2316-baseline,BOI_reference
/Users/zcm361/Documents/Github/OxygenDynamicsV2/reference-validation/phase1-optimized-20260909/FB2316-baseline/Recording,sink,4,2,33,24,97,72,74,355,20,17,0,3,0,NaN,NaN,insufficient_clean_prebaseline,insufficient_clean_prebaseline,NaN,NaN,NaN,1,0,Anesthetized,-0.327239579633928,-0.457986629027556,NaN,NaN,NaN,NaN,23385c57fd4c0fbd8eb031c2058b48166e42a5df01cf8b1fb486cfa6360a2065,FB2316-baseline,BOI_reference
/Users/zcm361/Documents/Github/OxygenDynamicsV2/reference-validation/phase1-optimized-20260909/FB2316-baseline/Recording,sink,4,3,34,270,296,274,278,414,20,16,0,4,0,NaN,NaN,insufficient_clean_prebaseline,insufficient_clean_prebaseline,NaN,NaN,NaN,1,0,Anesthetized,-0.331042156156134,-0.548639582106782,NaN,NaN,NaN,NaN,23385c57fd4c0fbd8eb031c2058b48166e42a5df01cf8b1fb486cfa6360a2065,FB2316-baseline,BOI_reference
/Users/zcm361/Documents/Github/OxygenDynamicsV2/reference-validation/phase1-optimized-20260909/FB2316-baseline/Recording,sink,4,4,35,331,366,349,351,561,20,20,0,0,0,7619.53217468806,7619.53217468806,valid,valid,0.0783696431926621,0.0783696431926621,0,1,0,Anesthetized,-0.304394968301146,-0.425796894291051,350,-7.83696431926621,0.623662555471624,-8.46062687473784,23385c57fd4c0fbd8eb031c2058b48166e42a5df01cf8b1fb486cfa6360a2065,FB2316-baseline,BOI_reference
/Users/zcm361/Documents/Github/OxygenDynamicsV2/reference-validation/phase1-optimized-20260909/FB2316-baseline/Recording,sink,4,5,36,369,420,388,397,407,20,16,0,4,0,NaN,NaN,insufficient_clean_prebaseline,insufficient_clean_prebaseline,NaN,NaN,NaN,1,0,Anesthetized,-0.225443298313813,-0.298380438848268,NaN,NaN,NaN,NaN,23385c57fd4c0fbd8eb031c2058b48166e42a5df01cf8b1fb486cfa6360a2065,FB2316-baseline,BOI_reference
/Users/zcm361/Documents/Github/OxygenDynamicsV2/reference-validation/phase1-optimized-20260909/FB2316-baseline/Recording,sink,5,1,37,1196,1199,1196,1199,547,20,20,0,0,0,7146.73071297989,7146.73071297989,valid,valid,0.00933825944679028,0.00933825944679028,0,1,0,Anesthetized,-0.378693715636865,-0.395965468267495,1199,-0.933825944679028,0.478934160503506,-1.41276010518252,23385c57fd4c0fbd8eb031c2058b48166e42a5df01cf8b1fb486cfa6360a2065,FB2316-baseline,BOI_reference
/Users/zcm361/Documents/Github/OxygenDynamicsV2/reference-validation/phase1-optimized-20260909/FB2316-baseline/Recording,sink,6,1,38,1090,1173,1112,1126,540,20,20,0,0,0,981.092314814815,981.092314814815,valid,valid,0.140751752794056,0.140751752794056,0,1,0,Anesthetized,-0.14613016391196,-0.176473377534232,1170,-14.0751752794056,-7.24505159233442,-6.83012368707117,23385c57fd4c0fbd8eb031c2058b48166e42a5df01cf8b1fb486cfa6360a2065,FB2316-baseline,BOI_reference
/Users/zcm361/Documents/Github/OxygenDynamicsV2/reference-validation/phase1-optimized-20260909/FB2316-baseline/Recording,sink,7,1,39,34,100,43,80,1972,20,12,0,8,0,NaN,NaN,insufficient_clean_prebaseline,insufficient_clean_prebaseline,NaN,NaN,NaN,1,0,Anesthetized,-0.362041333946456,-0.385925742056069,NaN,NaN,NaN,NaN,23385c57fd4c0fbd8eb031c2058b48166e42a5df01cf8b1fb486cfa6360a2065,FB2316-baseline,BOI_reference
/Users/zcm361/Documents/Github/OxygenDynamicsV2/reference-validation/phase1-optimized-20260909/FB2316-baseline/Recording,sink,7,2,40,436,443,436,443,568,20,20,0,0,0,3679.84031690141,3679.84031690141,valid,valid,0.0333068551610164,0.0333068551610164,0,1,0,Anesthetized,-0.205725238938868,-0.26906515788322,443,-3.33068551610164,-0.509518284474239,-2.8211672316274,23385c57fd4c0fbd8eb031c2058b48166e42a5df01cf8b1fb486cfa6360a2065,FB2316-baseline,BOI_reference
/Users/zcm361/Documents/Github/OxygenDynamicsV2/reference-validation/phase1-optimized-20260909/FB2316-baseline/Recording,sink,7,3,41,1085,1168,1108,1120,771,20,16,0,4,0,NaN,NaN,insufficient_clean_prebaseline,insufficient_clean_prebaseline,NaN,NaN,NaN,1,0,Anesthetized,-0.166568159096008,-0.206679083281748,NaN,NaN,NaN,NaN,23385c57fd4c0fbd8eb031c2058b48166e42a5df01cf8b1fb486cfa6360a2065,FB2316-baseline,BOI_reference
/Users/zcm361/Documents/Github/OxygenDynamicsV2/reference-validation/phase1-optimized-20260909/FB2316-baseline/Recording,sink,7,4,42,1085,1168,1140,1142,437,20,16,0,4,0,NaN,NaN,insufficient_clean_prebaseline,insufficient_clean_prebaseline,NaN,NaN,NaN,1,0,Anesthetized,-0.161638307665751,-0.214666280492311,NaN,NaN,NaN,NaN,23385c57fd4c0fbd8eb031c2058b48166e42a5df01cf8b1fb486cfa6360a2065,FB2316-baseline,BOI_reference
/Users/zcm361/Documents/Github/OxygenDynamicsV2/reference-validation/phase1-optimized-20260909/FB2316-baseline/Recording,sink,8,1,43,37,66,47,50,586,20,20,0,0,0,2722.33694539249,2722.33694539249,valid,valid,0.040495754547866,0.040495754547866,0,1,0,Anesthetized,-0.446465604903602,-0.640448287827422,48,-4.0495754547866,5.01877380701196,-9.06834926179856,23385c57fd4c0fbd8eb031c2058b48166e42a5df01cf8b1fb486cfa6360a2065,FB2316-baseline,BOI_reference
/Users/zcm361/Documents/Github/OxygenDynamicsV2/reference-validation/phase1-optimized-20260909/FB2316-baseline/Recording,sink,8,2,44,89,139,99,102,436,20,20,0,0,0,3212.23061926606,3212.23061926606,valid,valid,0.0484383958087944,0.0484383958087944,0,1,0,Anesthetized,-0.372097516227343,-0.526316551726164,100,-4.84383958087944,3.65009136967967,-8.4939309505591,23385c57fd4c0fbd8eb031c2058b48166e42a5df01cf8b1fb486cfa6360a2065,FB2316-baseline,BOI_reference
/Users/zcm361/Documents/Github/OxygenDynamicsV2/reference-validation/phase1-optimized-20260909/FB2316-baseline/Recording,sink,8,3,45,368,378,372,376,1238,20,20,0,0,0,4076.29830371567,4076.29830371567,valid,valid,0.103603631006647,0.103603631006647,0,1,0,Anesthetized,-0.335079198076671,-0.422081215038477,374,-10.3603631006647,0.328364828177141,-10.6887279288418,23385c57fd4c0fbd8eb031c2058b48166e42a5df01cf8b1fb486cfa6360a2065,FB2316-baseline,BOI_reference
/Users/zcm361/Documents/Github/OxygenDynamicsV2/reference-validation/phase1-optimized-20260909/FB2316-baseline/Recording,sink,8,4,46,532,539,533,538,215,20,20,0,0,0,5042.37,5042.37,valid,valid,0.0815273235071122,0.0815273235071122,0,1,0,Anesthetized,-0.243006057552127,-0.38839743883636,534,-8.15273235071122,-0.14749796305647,-8.00523438765478,23385c57fd4c0fbd8eb031c2058b48166e42a5df01cf8b1fb486cfa6360a2065,FB2316-baseline,BOI_reference
/Users/zcm361/Documents/Github/OxygenDynamicsV2/reference-validation/phase1-optimized-20260909/FB2316-baseline/Recording,sink,9,1,47,57,110,67,103,1540,20,20,0,0,0,2577.12467532468,2577.12467532468,valid,valid,0.0218422726223627,0.0218422726223627,0,1,0,Anesthetized,-0.275195823804908,-0.323934332557549,77,-2.18422726223627,9.70864796952335,-11.8928752317596,23385c57fd4c0fbd8eb031c2058b48166e42a5df01cf8b1fb486cfa6360a2065,FB2316-baseline,BOI_reference
/Users/zcm361/Documents/Github/OxygenDynamicsV2/reference-validation/phase1-optimized-20260909/FB2316-baseline/Recording,sink,9,2,48,442,453,447,451,530,20,19,0,1,0,NaN,NaN,insufficient_clean_prebaseline,insufficient_clean_prebaseline,NaN,NaN,NaN,1,0,Anesthetized,-0.21050097007132,-0.329973124763917,NaN,NaN,NaN,NaN,23385c57fd4c0fbd8eb031c2058b48166e42a5df01cf8b1fb486cfa6360a2065,FB2316-baseline,BOI_reference
/Users/zcm361/Documents/Github/OxygenDynamicsV2/reference-validation/phase1-optimized-20260909/FB2316-baseline/Recording,sink,9,3,49,468,487,477,487,1108,20,16,0,4,0,NaN,NaN,insufficient_clean_prebaseline,insufficient_clean_prebaseline,NaN,NaN,NaN,1,0,Anesthetized,-0.178599590938628,-0.226809984418658,NaN,NaN,NaN,NaN,23385c57fd4c0fbd8eb031c2058b48166e42a5df01cf8b1fb486cfa6360a2065,FB2316-baseline,BOI_reference
/Users/zcm361/Documents/Github/OxygenDynamicsV2/reference-validation/phase1-optimized-20260909/FB2316-baseline/Recording,sink,9,4,50,552,584,553,580,2159,20,20,0,0,0,4146.88584993052,4146.88584993052,valid,valid,0.0976027251619715,0.0976027251619715,0,1,0,Anesthetized,-0.20134435046689,-0.219795973176784,574,-9.76027251619715,-0.341970540758824,-9.41830197543832,23385c57fd4c0fbd8eb031c2058b48166e42a5df01cf8b1fb486cfa6360a2065,FB2316-baseline,BOI_reference
/Users/zcm361/Documents/Github/OxygenDynamicsV2/reference-validation/phase1-optimized-20260909/FB2316-baseline/Recording,sink,9,5,51,590,775,661,775,1971,20,9,0,11,0,NaN,NaN,insufficient_clean_prebaseline,insufficient_clean_prebaseline,NaN,NaN,NaN,1,0,Anesthetized,-0.235322945790905,-0.255205852447201,NaN,NaN,NaN,NaN,23385c57fd4c0fbd8eb031c2058b48166e42a5df01cf8b1fb486cfa6360a2065,FB2316-baseline,BOI_reference
/Users/zcm361/Documents/Github/OxygenDynamicsV2/reference-validation/phase1-optimized-20260909/FB2316-baseline/Recording,sink,9,6,52,1035,1060,1038,1058,499,20,20,0,0,0,4148.68066132264,4148.68066132264,valid,valid,0.0420273408019976,0.0420273408019976,0,1,0,Anesthetized,-0.268329515210486,-0.350344722846775,1054,-4.20273408019976,-0.473866670921803,-3.72886740927798,23385c57fd4c0fbd8eb031c2058b48166e42a5df01cf8b1fb486cfa6360a2065,FB2316-baseline,BOI_reference
/Users/zcm361/Documents/Github/OxygenDynamicsV2/reference-validation/phase1-optimized-20260909/FB2316-baseline/Recording,sink,9,7,53,1076,1109,1089,1107,643,20,17,0,3,0,NaN,NaN,insufficient_clean_prebaseline,insufficient_clean_prebaseline,NaN,NaN,NaN,1,0,Anesthetized,-0.199198494507193,-0.260934297812415,NaN,NaN,NaN,NaN,23385c57fd4c0fbd8eb031c2058b48166e42a5df01cf8b1fb486cfa6360a2065,FB2316-baseline,BOI_reference
/Users/zcm361/Documents/Github/OxygenDynamicsV2/reference-validation/phase1-optimized-20260909/FB2316-baseline/Recording,sink,9,8,54,1163,1178,1164,1178,819,20,20,0,0,0,4510.47533577534,4510.47533577534,valid,valid,0.0536694759097348,0.0536694759097348,0,1,0,Anesthetized,-0.263036584563869,-0.30291615771887,1173,-5.36694759097348,0.328759993637013,-5.69570758461049,23385c57fd4c0fbd8eb031c2058b48166e42a5df01cf8b1fb486cfa6360a2065,FB2316-baseline,BOI_reference
/Users/zcm361/Documents/Github/OxygenDynamicsV2/reference-validation/phase1-optimized-20260909/FB2316-baseline/Recording,sink,10,1,55,88,93,88,90,222,20,15,0,5,0,NaN,NaN,insufficient_clean_prebaseline,insufficient_clean_prebaseline,NaN,NaN,NaN,1,0,Anesthetized,-0.372682193557063,-0.468507368514886,NaN,NaN,NaN,NaN,23385c57fd4c0fbd8eb031c2058b48166e42a5df01cf8b1fb486cfa6360a2065,FB2316-baseline,BOI_reference
/Users/zcm361/Documents/Github/OxygenDynamicsV2/reference-validation/phase1-optimized-20260909/FB2316-baseline/Recording,sink,11,1,56,86,102,89,97,274,20,20,0,0,0,1678.51003649635,1678.51003649635,valid,valid,0.112386234967904,0.112386234967904,0,1,0,Anesthetized,-0.420415276835241,-0.61109683392686,97,-11.2386234967904,5.95904863347908,-17.1976721302695,23385c57fd4c0fbd8eb031c2058b48166e42a5df01cf8b1fb486cfa6360a2065,FB2316-baseline,BOI_reference
/Users/zcm361/Documents/Github/OxygenDynamicsV2/reference-validation/phase1-optimized-20260909/FB2316-baseline/Recording,sink,11,2,57,119,182,132,141,382,20,20,0,0,0,1586.10248691099,1586.10248691099,valid,valid,0.0819242037121684,0.0819242037121684,0,1,0,Anesthetized,-0.477659862344178,-0.626501800249252,138,-8.19242037121684,6.87683329263317,-15.06925366385,23385c57fd4c0fbd8eb031c2058b48166e42a5df01cf8b1fb486cfa6360a2065,FB2316-baseline,BOI_reference
/Users/zcm361/Documents/Github/OxygenDynamicsV2/reference-validation/phase1-optimized-20260909/FB2316-baseline/Recording,sink,11,3,58,469,483,470,481,1126,20,1,0,19,0,NaN,NaN,insufficient_clean_prebaseline,insufficient_clean_prebaseline,NaN,NaN,NaN,1,0,Anesthetized,-0.284771928258952,-0.34490721601592,NaN,NaN,NaN,NaN,23385c57fd4c0fbd8eb031c2058b48166e42a5df01cf8b1fb486cfa6360a2065,FB2316-baseline,BOI_reference
/Users/zcm361/Documents/Github/OxygenDynamicsV2/reference-validation/phase1-optimized-20260909/FB2316-baseline/Recording,sink,11,4,59,539,560,552,557,359,20,20,0,0,0,2932.4577994429,2932.4577994429,valid,valid,0.127991497715488,0.127991497715488,0,1,0,Anesthetized,-0.263662832686219,-0.410634007685608,552,-12.7991497715488,0.873735577811613,-13.6728853493604,23385c57fd4c0fbd8eb031c2058b48166e42a5df01cf8b1fb486cfa6360a2065,FB2316-baseline,BOI_reference
/Users/zcm361/Documents/Github/OxygenDynamicsV2/reference-validation/phase1-optimized-20260909/FB2316-baseline/Recording,sink,11,5,60,703,723,707,712,292,20,20,0,0,0,2623.41044520548,2623.41044520548,valid,valid,0.0540716860705672,0.0540716860705672,0,1,0,Anesthetized,-0.243481046152322,-0.334055770258306,717,-5.40716860705672,0.469043549853943,-5.87621215691063,23385c57fd4c0fbd8eb031c2058b48166e42a5df01cf8b1fb486cfa6360a2065,FB2316-baseline,BOI_reference
/Users/zcm361/Documents/Github/OxygenDynamicsV2/reference-validation/phase1-optimized-20260909/FB2316-baseline/Recording,sink,11,6,61,736,772,740,749,509,20,20,0,0,0,2841.16719056974,2841.16719056974,valid,valid,0.0365024031671314,0.0365024031671314,0,1,0,Anesthetized,-0.204496938895163,-0.267291489910853,740,-3.65024031671314,0.133839235407726,-3.78407955212086,23385c57fd4c0fbd8eb031c2058b48166e42a5df01cf8b1fb486cfa6360a2065,FB2316-baseline,BOI_reference
/Users/zcm361/Documents/Github/OxygenDynamicsV2/reference-validation/phase1-optimized-20260909/FB2316-baseline/Recording,sink,11,7,62,1070,1095,1082,1092,563,20,19,0,1,0,NaN,NaN,insufficient_clean_prebaseline,insufficient_clean_prebaseline,NaN,NaN,NaN,1,0,Anesthetized,-0.170903337077416,-0.240296404084308,NaN,NaN,NaN,NaN,23385c57fd4c0fbd8eb031c2058b48166e42a5df01cf8b1fb486cfa6360a2065,FB2316-baseline,BOI_reference
/Users/zcm361/Documents/Github/OxygenDynamicsV2/reference-validation/phase1-optimized-20260909/FB2316-baseline/Recording,sink,11,8,63,1111,1128,1114,1121,414,20,18,0,2,0,NaN,NaN,insufficient_clean_prebaseline,insufficient_clean_prebaseline,NaN,NaN,NaN,1,0,Anesthetized,-0.168808270894321,-0.256165502695567,NaN,NaN,NaN,NaN,23385c57fd4c0fbd8eb031c2058b48166e42a5df01cf8b1fb486cfa6360a2065,FB2316-baseline,BOI_reference
/Users/zcm361/Documents/Github/OxygenDynamicsV2/reference-validation/phase1-optimized-20260909/FB2316-baseline/Recording,sink,12,1,64,284,384,328,349,689,20,20,0,0,0,4467.24825834543,4467.24825834543,valid,valid,0.0579983349545776,0.0579983349545776,0,1,0,Anesthetized,-0.26863698029972,-0.332064410250486,336,-5.79983349545776,2.28355930746089,-8.08339280291868,23385c57fd4c0fbd8eb031c2058b48166e42a5df01cf8b1fb486cfa6360a2065,FB2316-baseline,BOI_reference
/Users/zcm361/Documents/Github/OxygenDynamicsV2/reference-validation/phase1-optimized-20260909/FB2316-baseline/Recording,sink,12,2,65,445,507,464,466,394,20,18,0,2,0,NaN,NaN,insufficient_clean_prebaseline,insufficient_clean_prebaseline,NaN,NaN,NaN,1,0,Anesthetized,-0.253265038126364,-0.368319722113882,NaN,NaN,NaN,NaN,23385c57fd4c0fbd8eb031c2058b48166e42a5df01cf8b1fb486cfa6360a2065,FB2316-baseline,BOI_reference
/Users/zcm361/Documents/Github/OxygenDynamicsV2/reference-validation/phase1-optimized-20260909/FB2316-baseline/Recording,sink,12,3,66,535,563,539,552,1115,20,19,0,1,0,NaN,NaN,insufficient_clean_prebaseline,insufficient_clean_prebaseline,NaN,NaN,NaN,1,0,Anesthetized,-0.216169856216169,-0.232858883956483,NaN,NaN,NaN,NaN,23385c57fd4c0fbd8eb031c2058b48166e42a5df01cf8b1fb486cfa6360a2065,FB2316-baseline,BOI_reference
/Users/zcm361/Documents/Github/OxygenDynamicsV2/reference-validation/phase1-optimized-20260909/FB2316-baseline/Recording,sink,12,4,67,564,581,575,580,628,20,12,0,8,0,NaN,NaN,insufficient_clean_prebaseline,insufficient_clean_prebaseline,NaN,NaN,NaN,1,0,Anesthetized,-0.280537042846891,-0.358882759727519,NaN,NaN,NaN,NaN,23385c57fd4c0fbd8eb031c2058b48166e42a5df01cf8b1fb486cfa6360a2065,FB2316-baseline,BOI_reference
/Users/zcm361/Documents/Github/OxygenDynamicsV2/reference-validation/phase1-optimized-20260909/FB2316-baseline/Recording,sink,13,1,68,102,145,109,111,273,20,20,0,0,0,2369.85256410256,2369.85256410256,valid,valid,0.0301293066638742,0.0301293066638742,0,1,0,Anesthetized,-0.312338576284811,-0.402919610646714,109,-3.01293066638742,3.85159279390308,-6.86452346029049,23385c57fd4c0fbd8eb031c2058b48166e42a5df01cf8b1fb486cfa6360a2065,FB2316-baseline,BOI_reference
/Users/zcm361/Documents/Github/OxygenDynamicsV2/reference-validation/phase1-optimized-20260909/FB2316-baseline/Recording,sink,13,2,69,708,723,710,721,561,20,20,0,0,0,2825.02549019608,2825.02549019608,valid,valid,0.0704944028079059,0.0704944028079059,0,1,0,Anesthetized,-0.271159101695246,-0.37210172962968,711,-7.04944028079059,-0.412085374778385,-6.63735490601223,23385c57fd4c0fbd8eb031c2058b48166e42a5df01cf8b1fb486cfa6360a2065,FB2316-baseline,BOI_reference
/Users/zcm361/Documents/Github/OxygenDynamicsV2/reference-validation/phase1-optimized-20260909/FB2316-baseline/Recording,sink,13,3,70,769,788,772,785,811,20,20,0,0,0,3164.45770653514,3164.45770653514,valid,valid,0.0712776526207078,0.0712776526207078,0,1,0,Anesthetized,-0.202733348833898,-0.251589516840239,777,-7.12776526207078,-0.645157636004338,-6.48260762606643,23385c57fd4c0fbd8eb031c2058b48166e42a5df01cf8b1fb486cfa6360a2065,FB2316-baseline,BOI_reference
/Users/zcm361/Documents/Github/OxygenDynamicsV2/reference-validation/phase1-optimized-20260909/FB2316-baseline/Recording,sink,13,4,71,798,836,809,811,343,20,12,0,8,0,NaN,NaN,insufficient_clean_prebaseline,insufficient_clean_prebaseline,NaN,NaN,NaN,1,0,Anesthetized,-0.346207501140466,-0.595038248099428,NaN,NaN,NaN,NaN,23385c57fd4c0fbd8eb031c2058b48166e42a5df01cf8b1fb486cfa6360a2065,FB2316-baseline,BOI_reference
/Users/zcm361/Documents/Github/OxygenDynamicsV2/reference-validation/phase1-optimized-20260909/FB2316-baseline/Recording,sink,14,1,72,101,114,109,112,788,20,20,0,0,0,3706.98654822335,3706.98654822335,valid,valid,0.0727034361717998,0.0727034361717998,0,1,0,Anesthetized,-0.410111484185173,-0.54652511472809,110,-7.27034361717998,4.2633588675124,-11.5337024846924,23385c57fd4c0fbd8eb031c2058b48166e42a5df01cf8b1fb486cfa6360a2065,FB2316-baseline,BOI_reference
/Users/zcm361/Documents/Github/OxygenDynamicsV2/reference-validation/phase1-optimized-20260909/FB2316-baseline/Recording,sink,14,2,73,250,289,268,272,1392,20,20,0,0,0,3815.3409841954,3815.3409841954,valid,valid,0.100895730676216,0.100895730676216,0,1,0,Anesthetized,-0.510679306683998,-0.612628741970849,270,-10.0895730676216,2.79770923718941,-12.8872823048111,23385c57fd4c0fbd8eb031c2058b48166e42a5df01cf8b1fb486cfa6360a2065,FB2316-baseline,BOI_reference
/Users/zcm361/Documents/Github/OxygenDynamicsV2/reference-validation/phase1-optimized-20260909/FB2316-baseline/Recording,sink,14,3,74,309,314,311,314,226,20,20,0,0,0,5420.13318584071,5420.13318584071,valid,valid,0.00953189848304835,0.00953189848304835,0,1,0,Anesthetized,-0.211119721965057,-0.38389318895143,309,-0.953189848304835,0.679245578850103,-1.63243542715495,23385c57fd4c0fbd8eb031c2058b48166e42a5df01cf8b1fb486cfa6360a2065,FB2316-baseline,BOI_reference
/Users/zcm361/Documents/Github/OxygenDynamicsV2/reference-validation/phase1-optimized-20260909/FB2316-baseline/Recording,sink,14,4,75,450,510,452,458,415,20,18,0,2,0,NaN,NaN,insufficient_clean_prebaseline,insufficient_clean_prebaseline,NaN,NaN,NaN,1,0,Anesthetized,-0.196834302373012,-0.261653400393471,NaN,NaN,NaN,NaN,23385c57fd4c0fbd8eb031c2058b48166e42a5df01cf8b1fb486cfa6360a2065,FB2316-baseline,BOI_reference
/Users/zcm361/Documents/Github/OxygenDynamicsV2/reference-validation/phase1-optimized-20260909/FB2316-baseline/Recording,sink,14,5,76,450,510,481,497,807,20,20,0,0,0,3183.56232961586,3183.56232961586,valid,valid,0.0394789716756007,0.0394789716756007,0,1,0,Anesthetized,-0.161372783214268,-0.195230991947179,494,-3.94789716756007,0.67178473389042,-4.61968190145049,23385c57fd4c0fbd8eb031c2058b48166e42a5df01cf8b1fb486cfa6360a2065,FB2316-baseline,BOI_reference
/Users/zcm361/Documents/Github/OxygenDynamicsV2/reference-validation/phase1-optimized-20260909/FB2316-baseline/Recording,sink,14,6,77,716,779,741,772,782,20,20,0,0,0,4989.71003836317,4989.71003836317,valid,valid,0.0672684251150369,0.0672684251150369,0,1,0,Anesthetized,-0.189689838204277,-0.221553029232274,771,-6.72684251150369,-2.50641350303571,-4.22042900846797,23385c57fd4c0fbd8eb031c2058b48166e42a5df01cf8b1fb486cfa6360a2065,FB2316-baseline,BOI_reference
/Users/zcm361/Documents/Github/OxygenDynamicsV2/reference-validation/phase1-optimized-20260909/FB2316-baseline/Recording,sink,14,7,78,780,824,813,815,248,20,7,0,13,0,NaN,NaN,insufficient_clean_prebaseline,insufficient_clean_prebaseline,NaN,NaN,NaN,1,0,Anesthetized,-0.177037496370093,-0.245491245386137,NaN,NaN,NaN,NaN,23385c57fd4c0fbd8eb031c2058b48166e42a5df01cf8b1fb486cfa6360a2065,FB2316-baseline,BOI_reference
/Users/zcm361/Documents/Github/OxygenDynamicsV2/reference-validation/phase1-optimized-20260909/FB2316-baseline/Recording,sink,15,1,79,83,159,109,112,264,20,20,0,0,0,2246.22291666667,2246.22291666667,valid,valid,0.0520956180901995,0.0520956180901995,0,1,0,Anesthetized,-0.319261219959254,-0.435963114812198,87,-5.20956180901995,4.31796409196817,-9.52752590098814,23385c57fd4c0fbd8eb031c2058b48166e42a5df01cf8b1fb486cfa6360a2065,FB2316-baseline,BOI_reference
/Users/zcm361/Documents/Github/OxygenDynamicsV2/reference-validation/phase1-optimized-20260909/FB2316-baseline/Recording,sink,16,1,80,307,331,318,326,558,20,20,0,0,0,4126.68664874552,4126.68664874552,valid,valid,0.0402989997160495,0.0402989997160495,0,1,0,Anesthetized,-0.213653405803381,-0.238237749261255,320,-4.02989997160495,1.67005774366915,-5.69995771527411,23385c57fd4c0fbd8eb031c2058b48166e42a5df01cf8b1fb486cfa6360a2065,FB2316-baseline,BOI_reference
/Users/zcm361/Documents/Github/OxygenDynamicsV2/reference-validation/phase1-optimized-20260909/FB2316-baseline/Recording,sink,16,2,81,729,745,738,740,262,20,20,0,0,0,4407.59751908397,4407.59751908397,valid,valid,0.0621390173308918,0.0621390173308918,0,1,0,Anesthetized,-0.263851638115544,-0.41936523229584,738,-6.21390173308918,-0.899879631475289,-5.3140221016139,23385c57fd4c0fbd8eb031c2058b48166e42a5df01cf8b1fb486cfa6360a2065,FB2316-baseline,BOI_reference
/Users/zcm361/Documents/Github/OxygenDynamicsV2/reference-validation/phase1-optimized-20260909/FB2316-baseline/Recording,sink,17,1,82,143,275,146,152,569,20,9,0,11,0,NaN,NaN,insufficient_clean_prebaseline,insufficient_clean_prebaseline,NaN,NaN,NaN,1,0,Anesthetized,-0.469660078696561,-0.576064219216573,NaN,NaN,NaN,NaN,23385c57fd4c0fbd8eb031c2058b48166e42a5df01cf8b1fb486cfa6360a2065,FB2316-baseline,BOI_reference
/Users/zcm361/Documents/Github/OxygenDynamicsV2/reference-validation/phase1-optimized-20260909/FB2316-baseline/Recording,sink,17,2,83,143,275,179,182,510,20,9,0,11,0,NaN,NaN,insufficient_clean_prebaseline,insufficient_clean_prebaseline,NaN,NaN,NaN,1,0,Anesthetized,-0.724267010361541,-0.945980083462657,NaN,NaN,NaN,NaN,23385c57fd4c0fbd8eb031c2058b48166e42a5df01cf8b1fb486cfa6360a2065,FB2316-baseline,BOI_reference
/Users/zcm361/Documents/Github/OxygenDynamicsV2/reference-validation/phase1-optimized-20260909/FB2316-baseline/Recording,sink,18,1,84,426,458,447,456,986,20,15,0,5,0,NaN,NaN,insufficient_clean_prebaseline,insufficient_clean_prebaseline,NaN,NaN,NaN,1,0,Anesthetized,-0.209131645413788,-0.25933613644315,NaN,NaN,NaN,NaN,23385c57fd4c0fbd8eb031c2058b48166e42a5df01cf8b1fb486cfa6360a2065,FB2316-baseline,BOI_reference
/Users/zcm361/Documents/Github/OxygenDynamicsV2/reference-validation/phase1-optimized-20260909/FB2316-baseline/Recording,sink,18,2,85,538,587,544,583,532,20,20,0,0,0,2772.30253759399,2772.30253759399,valid,valid,0.0981892952300482,0.0981892952300482,0,1,0,Anesthetized,-0.233888353096235,-0.304316672048365,552,-9.81892952300482,-0.0873690403659212,-9.73156048263888,23385c57fd4c0fbd8eb031c2058b48166e42a5df01cf8b1fb486cfa6360a2065,FB2316-baseline,BOI_reference
/Users/zcm361/Documents/Github/OxygenDynamicsV2/reference-validation/phase1-optimized-20260909/FB2316-baseline/Recording,sink,18,3,86,774,810,798,806,1706,20,20,0,0,0,2845.77684642438,2845.77684642438,valid,valid,0.0667944991522269,0.0667944991522269,0,1,0,Anesthetized,-0.247027252267065,-0.271066510326752,800,-6.67944991522269,-1.10296989959501,-5.57648001562767,23385c57fd4c0fbd8eb031c2058b48166e42a5df01cf8b1fb486cfa6360a2065,FB2316-baseline,BOI_reference
/Users/zcm361/Documents/Github/OxygenDynamicsV2/reference-validation/phase1-optimized-20260909/FB2316-baseline/Recording,sink,18,4,87,1089,1110,1091,1110,747,20,20,0,0,0,2365.0453145917,2365.0453145917,valid,valid,0.0369373758146489,0.0369373758146489,0,1,0,Anesthetized,-0.206099325650788,-0.26450498162389,1105,-3.69373758146489,-0.3724533096476,-3.32128427181729,23385c57fd4c0fbd8eb031c2058b48166e42a5df01cf8b1fb486cfa6360a2065,FB2316-baseline,BOI_reference
/Users/zcm361/Documents/Github/OxygenDynamicsV2/reference-validation/phase1-optimized-20260909/FB2316-baseline/Recording,sink,18,5,88,1152,1155,1153,1155,280,20,20,0,0,0,3529.3625,3529.3625,valid,valid,0.0516670604717668,0.0516670604717668,0,1,0,Anesthetized,-0.202092178777925,-0.298287408226835,1153,-5.16670604717668,0.285811974323994,-5.45251802150068,23385c57fd4c0fbd8eb031c2058b48166e42a5df01cf8b1fb486cfa6360a2065,FB2316-baseline,BOI_reference
/Users/zcm361/Documents/Github/OxygenDynamicsV2/reference-validation/phase1-optimized-20260909/FB2316-baseline/Recording,sink,19,1,89,193,213,204,206,232,20,20,0,0,0,2888.81551724138,2888.81551724138,valid,valid,0.201484858667166,0.201484858667166,0,1,0,Anesthetized,-0.779033741175101,-1.26288860224739,204,-20.1484858667166,2.99719952630581,-23.1456853930225,23385c57fd4c0fbd8eb031c2058b48166e42a5df01cf8b1fb486cfa6360a2065,FB2316-baseline,BOI_reference
/Users/zcm361/Documents/Github/OxygenDynamicsV2/reference-validation/phase1-optimized-20260909/FB2316-baseline/Recording,sink,19,2,90,390,458,421,446,568,20,20,0,0,0,3045.12922535211,3045.12922535211,valid,valid,0.103820497453391,0.103820497453391,0,1,0,Anesthetized,-0.178003506099762,-0.242398264300537,405,-10.3820497453391,1.08688687215456,-11.4689366174936,23385c57fd4c0fbd8eb031c2058b48166e42a5df01cf8b1fb486cfa6360a2065,FB2316-baseline,BOI_reference
/Users/zcm361/Documents/Github/OxygenDynamicsV2/reference-validation/phase1-optimized-20260909/FB2316-baseline/Recording,sink,20,1,91,123,318,225,236,2046,20,14,0,6,0,NaN,NaN,insufficient_clean_prebaseline,insufficient_clean_prebaseline,NaN,NaN,NaN,1,0,Anesthetized,-0.812642880719982,-0.858742891080552,NaN,NaN,NaN,NaN,23385c57fd4c0fbd8eb031c2058b48166e42a5df01cf8b1fb486cfa6360a2065,FB2316-baseline,BOI_reference
/Users/zcm361/Documents/Github/OxygenDynamicsV2/reference-validation/phase1-optimized-20260909/FB2316-baseline/Recording,sink,21,1,92,256,307,279,285,297,20,20,0,0,0,3748.88501683502,3748.88501683502,valid,valid,0.051266286716809,0.051266286716809,0,1,0,Anesthetized,-0.276304513696239,-0.410342410387549,280,-5.1266286716809,3.15919297745788,-8.28582164913879,23385c57fd4c0fbd8eb031c2058b48166e42a5df01cf8b1fb486cfa6360a2065,FB2316-baseline,BOI_reference
/Users/zcm361/Documents/Github/OxygenDynamicsV2/reference-validation/phase1-optimized-20260909/FB2316-baseline/Recording,sink,22,1,93,508,536,515,517,304,20,20,0,0,0,1201.17319078947,1201.17319078947,valid,valid,0.0883529027884334,0.0883529027884334,0,1,0,Anesthetized,-0.186290062833251,-0.249336298153043,516,-8.83529027884334,0.0555446767847755,-8.8908349556281,23385c57fd4c0fbd8eb031c2058b48166e42a5df01cf8b1fb486cfa6360a2065,FB2316-baseline,BOI_reference
/Users/zcm361/Documents/Github/OxygenDynamicsV2/reference-validation/phase1-optimized-20260909/FB2316-baseline/Recording,sink,22,2,94,800,816,807,814,460,20,20,0,0,0,1094.14760869565,1094.14760869565,valid,valid,0.0562119132244894,0.0562119132244894,0,1,0,Anesthetized,-0.234061984365563,-0.279822264032349,811,-5.62119132244894,-0.721228346302235,-4.89996297614672,23385c57fd4c0fbd8eb031c2058b48166e42a5df01cf8b1fb486cfa6360a2065,FB2316-baseline,BOI_reference
/Users/zcm361/Documents/Github/OxygenDynamicsV2/reference-validation/phase1-optimized-20260909/FB2316-baseline/Recording,sink,22,3,95,851,891,870,874,571,20,20,0,0,0,1059.68905429072,1059.68905429072,valid,valid,0.0891472724089089,0.0891472724089089,0,1,0,Anesthetized,-0.274060471640368,-0.338035431307557,857,-8.91472724089089,-0.646552688969784,-8.2681745519211,23385c57fd4c0fbd8eb031c2058b48166e42a5df01cf8b1fb486cfa6360a2065,FB2316-baseline,BOI_reference
/Users/zcm361/Documents/Github/OxygenDynamicsV2/reference-validation/phase1-optimized-20260909/FB2316-baseline/Recording,sink,23,1,96,479,501,482,485,666,20,20,0,0,0,1527.08025525526,1527.08025525526,valid,valid,0.0611625189662759,0.0611625189662759,0,1,0,Anesthetized,-0.207734982769757,-0.261679409973541,482,-6.11625189662759,-0.665313973259481,-5.45093792336812,23385c57fd4c0fbd8eb031c2058b48166e42a5df01cf8b1fb486cfa6360a2065,FB2316-baseline,BOI_reference
/Users/zcm361/Documents/Github/OxygenDynamicsV2/reference-validation/phase1-optimized-20260909/FB2316-baseline/Recording,sink,23,2,97,512,523,518,521,236,20,20,0,0,0,1233.21800847458,1233.21800847458,valid,valid,0.0511320716143464,0.0511320716143464,0,1,0,Anesthetized,-0.173149096053409,-0.251760426099312,513,-5.11320716143464,-0.480535132956519,-4.63267202847814,23385c57fd4c0fbd8eb031c2058b48166e42a5df01cf8b1fb486cfa6360a2065,FB2316-baseline,BOI_reference
/Users/zcm361/Documents/Github/OxygenDynamicsV2/reference-validation/phase1-optimized-20260909/FB2316-baseline/Recording,sink,23,3,98,537,547,543,545,319,20,16,0,4,0,NaN,NaN,insufficient_clean_prebaseline,insufficient_clean_prebaseline,NaN,NaN,NaN,1,0,Anesthetized,-0.231094195644684,-0.351491494695649,NaN,NaN,NaN,NaN,23385c57fd4c0fbd8eb031c2058b48166e42a5df01cf8b1fb486cfa6360a2065,FB2316-baseline,BOI_reference
/Users/zcm361/Documents/Github/OxygenDynamicsV2/reference-validation/phase1-optimized-20260909/FB2316-baseline/Recording,sink,24,1,99,747,760,750,753,302,20,16,0,4,0,NaN,NaN,insufficient_clean_prebaseline,insufficient_clean_prebaseline,NaN,NaN,NaN,1,0,Anesthetized,-0.241792831286196,-0.332359610380996,NaN,NaN,NaN,NaN,23385c57fd4c0fbd8eb031c2058b48166e42a5df01cf8b1fb486cfa6360a2065,FB2316-baseline,BOI_reference
/Users/zcm361/Documents/Github/OxygenDynamicsV2/reference-validation/phase1-optimized-20260909/FB2316-baseline/Recording,sink,25,1,100,281,334,311,323,397,20,20,0,0,0,6683.07720403023,6683.07720403023,valid,valid,0.0447744126377477,0.0447744126377477,0,1,0,Anesthetized,-0.219199975272195,-0.314411314086496,292,-4.47744126377477,1.04150569362706,-5.51894695740181,23385c57fd4c0fbd8eb031c2058b48166e42a5df01cf8b1fb486cfa6360a2065,FB2316-baseline,BOI_reference
/Users/zcm361/Documents/Github/OxygenDynamicsV2/reference-validation/phase1-optimized-20260909/FB2316-baseline/Recording,sink,25,2,101,1033,1048,1038,1041,352,20,20,0,0,0,4919.44900568182,4919.44900568182,valid,valid,0.0721793290262754,0.0721793290262754,0,1,0,Anesthetized,-0.249811596718659,-0.366004462676508,1040,-7.21793290262754,-0.700845921345256,-6.51708698128228,23385c57fd4c0fbd8eb031c2058b48166e42a5df01cf8b1fb486cfa6360a2065,FB2316-baseline,BOI_reference
/Users/zcm361/Documents/Github/OxygenDynamicsV2/reference-validation/phase1-optimized-20260909/FB2316-baseline/Recording,sink,26,1,102,264,344,293,295,294,20,20,0,0,0,1753.2693877551,1753.2693877551,valid,valid,0.06684150038839,0.06684150038839,0,1,0,Anesthetized,-0.281297182161657,-0.412783761799933,295,-6.684150038839,2.45645317839344,-9.14060321723243,23385c57fd4c0fbd8eb031c2058b48166e42a5df01cf8b1fb486cfa6360a2065,FB2316-baseline,BOI_reference
/Users/zcm361/Documents/Github/OxygenDynamicsV2/reference-validation/phase1-optimized-20260909/FB2316-baseline/Recording,sink,27,1,103,616,638,626,633,226,20,20,0,0,0,2505.26460176991,2505.26460176991,valid,valid,0.101460323022421,0.101460323022421,0,1,0,Anesthetized,-0.268828391756829,-0.487376614564629,628,-10.1460323022421,-0.930547956694052,-9.21548434554809,23385c57fd4c0fbd8eb031c2058b48166e42a5df01cf8b1fb486cfa6360a2065,FB2316-baseline,BOI_reference
/Users/zcm361/Documents/Github/OxygenDynamicsV2/reference-validation/phase1-optimized-20260909/FB2316-baseline/Recording,sink,27,2,104,705,734,713,733,1077,20,20,0,0,0,2797.2595636026,2797.2595636026,valid,valid,0.0983405614969591,0.0983405614969591,0,1,0,Anesthetized,-0.322824226345207,-0.376196798931588,717,-9.83405614969591,-1.02721054041288,-8.80684560928303,23385c57fd4c0fbd8eb031c2058b48166e42a5df01cf8b1fb486cfa6360a2065,FB2316-baseline,BOI_reference
/Users/zcm361/Documents/Github/OxygenDynamicsV2/reference-validation/phase1-optimized-20260909/FB2316-baseline/Recording,sink,27,3,105,749,791,757,781,1271,20,15,0,5,0,NaN,NaN,insufficient_clean_prebaseline,insufficient_clean_prebaseline,NaN,NaN,NaN,1,0,Anesthetized,-0.32286914341078,-0.36429076964967,NaN,NaN,NaN,NaN,23385c57fd4c0fbd8eb031c2058b48166e42a5df01cf8b1fb486cfa6360a2065,FB2316-baseline,BOI_reference
/Users/zcm361/Documents/Github/OxygenDynamicsV2/reference-validation/phase1-optimized-20260909/FB2316-baseline/Recording,sink,27,4,106,1116,1145,1127,1131,265,20,20,0,0,0,1195.03849056604,1195.03849056604,valid,valid,0.10235148342897,0.10235148342897,0,1,0,Anesthetized,-0.156913257826049,-0.272578993439762,1142,-10.235148342897,-3.19033138206188,-7.0448169608351,23385c57fd4c0fbd8eb031c2058b48166e42a5df01cf8b1fb486cfa6360a2065,FB2316-baseline,BOI_reference
/Users/zcm361/Documents/Github/OxygenDynamicsV2/reference-validation/phase1-optimized-20260909/FB2316-baseline/Recording,sink,28,1,107,311,404,317,330,692,20,3,0,17,0,NaN,NaN,insufficient_clean_prebaseline,insufficient_clean_prebaseline,NaN,NaN,NaN,1,0,Anesthetized,-0.210214443752601,-0.262240690081676,NaN,NaN,NaN,NaN,23385c57fd4c0fbd8eb031c2058b48166e42a5df01cf8b1fb486cfa6360a2065,FB2316-baseline,BOI_reference
/Users/zcm361/Documents/Github/OxygenDynamicsV2/reference-validation/phase1-optimized-20260909/FB2316-baseline/Recording,sink,28,2,108,767,803,787,790,211,20,20,0,0,0,4328.92061611374,4328.92061611374,valid,valid,0.0392644642598592,0.0392644642598592,0,1,0,Anesthetized,-0.224486356504014,-0.27365030367446,786,-3.92644642598592,-1.12045318398767,-2.80599324199826,23385c57fd4c0fbd8eb031c2058b48166e42a5df01cf8b1fb486cfa6360a2065,FB2316-baseline,BOI_reference
/Users/zcm361/Documents/Github/OxygenDynamicsV2/reference-validation/phase1-optimized-20260909/FB2316-baseline/Recording,sink,29,1,109,317,347,322,324,204,20,19,0,1,0,NaN,NaN,insufficient_clean_prebaseline,insufficient_clean_prebaseline,NaN,NaN,NaN,1,0,Anesthetized,-0.223242262926172,-0.25447752682935,NaN,NaN,NaN,NaN,23385c57fd4c0fbd8eb031c2058b48166e42a5df01cf8b1fb486cfa6360a2065,FB2316-baseline,BOI_reference
/Users/zcm361/Documents/Github/OxygenDynamicsV2/reference-validation/phase1-optimized-20260909/FB2316-baseline/Recording,sink,29,2,110,765,825,795,801,961,20,20,0,0,0,3562.28064516129,3562.28064516129,valid,valid,0.0449774704714096,0.0449774704714096,0,1,0,Anesthetized,-0.21473588924387,-0.251112596519595,798,-4.49774704714096,-1.40938721300554,-3.08835983413545,23385c57fd4c0fbd8eb031c2058b48166e42a5df01cf8b1fb486cfa6360a2065,FB2316-baseline,BOI_reference
/Users/zcm361/Documents/Github/OxygenDynamicsV2/reference-validation/phase1-optimized-20260909/FB2316-baseline/Recording,sink,30,1,111,320,332,327,329,346,20,20,0,0,0,1768.21835260116,1768.21835260116,valid,valid,0.0663114001218202,0.0663114001218202,0,1,0,Anesthetized,-0.224105199020148,-0.322281301529407,328,-6.63114001218202,1.10902865000424,-7.74016866218625,23385c57fd4c0fbd8eb031c2058b48166e42a5df01cf8b1fb486cfa6360a2065,FB2316-baseline,BOI_reference
/Users/zcm361/Documents/Github/OxygenDynamicsV2/reference-validation/phase1-optimized-20260909/FB2316-baseline/Recording,sink,30,2,112,561,607,594,596,496,20,20,0,0,0,1955.47822580645,1955.47822580645,valid,valid,0.118351545884535,0.118351545884535,0,1,0,Anesthetized,-0.251123615500507,-0.372650616747221,595,-11.8351545884535,-0.0847040292588283,-11.7504505591947,23385c57fd4c0fbd8eb031c2058b48166e42a5df01cf8b1fb486cfa6360a2065,FB2316-baseline,BOI_reference
/Users/zcm361/Documents/Github/OxygenDynamicsV2/reference-validation/phase1-optimized-20260909/FB2316-baseline/Recording,sink,30,3,113,644,687,649,652,456,20,20,0,0,0,1924.10581140351,1924.10581140351,valid,valid,0.0862251176711443,0.0862251176711443,0,1,0,Anesthetized,-0.264600229555774,-0.333268620400511,651,-8.62251176711443,-0.238442530422972,-8.38406923669143,23385c57fd4c0fbd8eb031c2058b48166e42a5df01cf8b1fb486cfa6360a2065,FB2316-baseline,BOI_reference
/Users/zcm361/Documents/Github/OxygenDynamicsV2/reference-validation/phase1-optimized-20260909/FB2316-baseline/Recording,sink,30,4,114,721,745,726,743,916,20,20,0,0,0,1974.77554585153,1974.77554585153,valid,valid,0.0644954177535184,0.0644954177535184,0,1,0,Anesthetized,-0.226816797386613,-0.266523625983108,738,-6.44954177535184,-0.74869013218758,-5.70085164316424,23385c57fd4c0fbd8eb031c2058b48166e42a5df01cf8b1fb486cfa6360a2065,FB2316-baseline,BOI_reference
/Users/zcm361/Documents/Github/OxygenDynamicsV2/reference-validation/phase1-optimized-20260909/FB2316-baseline/Recording,sink,30,5,115,829,857,845,850,475,20,20,0,0,0,1639.92378947368,1639.92378947368,valid,valid,0.0712713479111612,0.0712713479111612,0,1,0,Anesthetized,-0.271517199361533,-0.33474058515791,849,-7.12713479111612,-1.29151192144541,-5.83562286967068,23385c57fd4c0fbd8eb031c2058b48166e42a5df01cf8b1fb486cfa6360a2065,FB2316-baseline,BOI_reference
/Users/zcm361/Documents/Github/OxygenDynamicsV2/reference-validation/phase1-optimized-20260909/FB2316-baseline/Recording,sink,30,6,116,1053,1096,1075,1089,719,20,20,0,0,0,1739.73066759388,1739.73066759388,valid,valid,0.0757533768495728,0.0757533768495728,0,1,0,Anesthetized,-0.178672974524561,-0.207000366187546,1081,-7.57533768495728,-1.20614827100867,-6.36918941394864,23385c57fd4c0fbd8eb031c2058b48166e42a5df01cf8b1fb486cfa6360a2065,FB2316-baseline,BOI_reference
/Users/zcm361/Documents/Github/OxygenDynamicsV2/reference-validation/phase1-optimized-20260909/FB2316-baseline/Recording,sink,31,1,117,304,341,328,331,325,20,20,0,0,0,2873.98584615385,2873.98584615385,valid,valid,0.068832200233522,0.068832200233522,0,1,0,Anesthetized,-0.25121141920296,-0.425402102197091,329,-6.8832200233522,2.09844106167013,-8.98166108502232,23385c57fd4c0fbd8eb031c2058b48166e42a5df01cf8b1fb486cfa6360a2065,FB2316-baseline,BOI_reference
/Users/zcm361/Documents/Github/OxygenDynamicsV2/reference-validation/phase1-optimized-20260909/FB2316-baseline/Recording,sink,32,1,118,431,521,485,492,372,20,20,0,0,0,4060.37701612903,4060.37701612903,valid,valid,0.0413253178956546,0.0413253178956546,0,1,0,Anesthetized,-0.176982691924598,-0.258109841067465,489,-4.13253178956545,1.87385992087828,-6.00639171044372,23385c57fd4c0fbd8eb031c2058b48166e42a5df01cf8b1fb486cfa6360a2065,FB2316-baseline,BOI_reference
/Users/zcm361/Documents/Github/OxygenDynamicsV2/reference-validation/phase1-optimized-20260909/FB2316-baseline/Recording,sink,32,2,119,710,769,749,763,652,20,20,0,0,0,3844.15253067485,3844.15253067485,valid,valid,0.106464565165294,0.106464565165294,0,1,0,Anesthetized,-0.248020205116909,-0.31422591232667,760,-10.6464565165294,-1.59749865001653,-9.04895786651288,23385c57fd4c0fbd8eb031c2058b48166e42a5df01cf8b1fb486cfa6360a2065,FB2316-baseline,BOI_reference
/Users/zcm361/Documents/Github/OxygenDynamicsV2/reference-validation/phase1-optimized-20260909/FB2316-baseline/Recording,sink,33,1,120,312,397,365,374,370,20,17,0,3,0,NaN,NaN,insufficient_clean_prebaseline,insufficient_clean_prebaseline,NaN,NaN,NaN,1,0,Anesthetized,-0.192131219806938,-0.286465050752127,NaN,NaN,NaN,NaN,23385c57fd4c0fbd8eb031c2058b48166e42a5df01cf8b1fb486cfa6360a2065,FB2316-baseline,BOI_reference
/Users/zcm361/Documents/Github/OxygenDynamicsV2/reference-validation/phase1-optimized-20260909/FB2316-baseline/Recording,sink,34,1,121,368,387,381,383,446,20,20,0,0,0,6976.35325112108,6976.35325112108,valid,valid,0.0147926199958861,0.0147926199958861,0,1,0,Anesthetized,-0.177178524596051,-0.246049929299905,383,-1.47926199958861,0.288327805415529,-1.76758980500413,23385c57fd4c0fbd8eb031c2058b48166e42a5df01cf8b1fb486cfa6360a2065,FB2316-baseline,BOI_reference
/Users/zcm361/Documents/Github/OxygenDynamicsV2/reference-validation/phase1-optimized-20260909/FB2316-baseline/Recording,sink,35,1,122,1186,1194,1191,1193,493,20,20,0,0,0,6487.21855983773,6487.21855983773,valid,valid,0.0200274451361097,0.0200274451361097,0,1,0,Anesthetized,-0.344968606202162,-0.35851563728482,1189,-2.00274451361097,0.384551473770058,-2.38729598738102,23385c57fd4c0fbd8eb031c2058b48166e42a5df01cf8b1fb486cfa6360a2065,FB2316-baseline,BOI_reference
/Users/zcm361/Documents/Github/OxygenDynamicsV2/reference-validation/phase1-optimized-20260909/FB2316-baseline/Recording,sink,36,1,123,1191,1197,1191,1196,466,20,20,0,0,0,7186.21899141631,7186.21899141631,valid,valid,0.0213489962405839,0.0213489962405839,0,1,0,Anesthetized,-0.324005977747607,-0.350180906416247,1196,-2.13489962405839,0.376799257930087,-2.51169888198849,23385c57fd4c0fbd8eb031c2058b48166e42a5df01cf8b1fb486cfa6360a2065,FB2316-baseline,BOI_reference
/Users/zcm361/Documents/Github/OxygenDynamicsV2/reference-validation/phase1-optimized-20260909/FB2316-baseline/Recording,sink,37,1,124,775,786,779,781,169,20,20,0,0,0,5819.01449704142,5819.01449704142,valid,valid,0.0338499031104365,0.0338499031104365,0,1,0,Anesthetized,-0.226084434451201,-0.207543088974676,781,-3.38499031104365,-1.11448376807325,-2.2705065429704,23385c57fd4c0fbd8eb031c2058b48166e42a5df01cf8b1fb486cfa6360a2065,FB2316-baseline,BOI_reference
/Users/zcm361/Documents/Github/OxygenDynamicsV2/reference-validation/phase1-optimized-20260909/FB2316-baseline/Recording,sink,38,1,125,388,443,393,408,445,20,20,0,0,0,7034.82146067416,7034.82146067416,valid,valid,0.0613728871136713,0.0613728871136713,0,1,0,Anesthetized,-0.306921993771547,-0.381472751480645,404,-6.13728871136713,0.185525413324644,-6.32281412469177,23385c57fd4c0fbd8eb031c2058b48166e42a5df01cf8b1fb486cfa6360a2065,FB2316-baseline,BOI_reference
/Users/zcm361/Documents/Github/OxygenDynamicsV2/reference-validation/phase1-optimized-20260909/FB2316-baseline/Recording,sink,38,2,126,603,808,756,758,256,20,20,0,0,0,6848.85078125,6848.85078125,valid,valid,0.149962887249902,0.149962887249902,0,1,0,Anesthetized,-0.247483839261501,-0.313550679783702,781,-14.9962887249902,-9.96975331908166,-5.02653540590859,23385c57fd4c0fbd8eb031c2058b48166e42a5df01cf8b1fb486cfa6360a2065,FB2316-baseline,BOI_reference
/Users/zcm361/Documents/Github/OxygenDynamicsV2/reference-validation/phase1-optimized-20260909/FB2316-baseline/Recording,sink,38,3,127,603,808,779,782,320,20,20,0,0,0,7159.27703125,7159.27703125,valid,valid,0.152204898133372,0.152204898133372,0,1,0,Anesthetized,-0.234660695854109,-0.345716317383994,781,-15.2204898133372,-10.2393024626106,-4.98118735072664,23385c57fd4c0fbd8eb031c2058b48166e42a5df01cf8b1fb486cfa6360a2065,FB2316-baseline,BOI_reference
/Users/zcm361/Documents/Github/OxygenDynamicsV2/reference-validation/phase1-optimized-20260909/FB2316-baseline/Recording,sink,39,1,128,397,412,401,404,260,20,20,0,0,0,5645.96115384615,5645.96115384615,valid,valid,0.0992417384271765,0.0992417384271765,0,1,0,Anesthetized,-0.363965254835784,-0.669091151902803,403,-9.92417384271765,0.131988130933312,-10.056161973651,23385c57fd4c0fbd8eb031c2058b48166e42a5df01cf8b1fb486cfa6360a2065,FB2316-baseline,BOI_reference
/Users/zcm361/Documents/Github/OxygenDynamicsV2/reference-validation/phase1-optimized-20260909/FB2316-baseline/Recording,sink,39,2,129,515,527,515,527,597,20,20,0,0,0,4658.48274706868,4658.48274706868,valid,valid,0.0572950941748454,0.0572950941748454,0,1,0,Anesthetized,-0.217739748490708,-0.263323560560466,516,-5.72950941748454,-0.236985042509668,-5.49252437497489,23385c57fd4c0fbd8eb031c2058b48166e42a5df01cf8b1fb486cfa6360a2065,FB2316-baseline,BOI_reference
/Users/zcm361/Documents/Github/OxygenDynamicsV2/reference-validation/phase1-optimized-20260909/FB2316-baseline/Recording,sink,39,3,130,547,661,580,658,927,20,19,0,1,0,NaN,NaN,insufficient_clean_prebaseline,insufficient_clean_prebaseline,NaN,NaN,NaN,1,0,Anesthetized,-0.222092187813385,-0.251003416354352,NaN,NaN,NaN,NaN,23385c57fd4c0fbd8eb031c2058b48166e42a5df01cf8b1fb486cfa6360a2065,FB2316-baseline,BOI_reference
/Users/zcm361/Documents/Github/OxygenDynamicsV2/reference-validation/phase1-optimized-20260909/FB2316-baseline/Recording,sink,39,4,131,1182,1193,1189,1193,225,20,20,0,0,0,4643.26644444444,4643.26644444444,valid,valid,0.0640458615843183,0.0640458615843183,0,1,0,Anesthetized,-0.353907141420576,-0.583456387173798,1190,-6.40458615843183,0.570303392304019,-6.97488955073586,23385c57fd4c0fbd8eb031c2058b48166e42a5df01cf8b1fb486cfa6360a2065,FB2316-baseline,BOI_reference
/Users/zcm361/Documents/Github/OxygenDynamicsV2/reference-validation/phase1-optimized-20260909/FB2316-baseline/Recording,sink,40,1,132,417,428,423,425,207,20,20,0,0,0,6611.60869565217,6611.60869565217,valid,valid,0.0552110436700782,0.0552110436700782,0,1,0,Anesthetized,-0.204264714929985,-0.320725956190102,420,-5.52110436700782,0.0955704630414853,-5.61667483004931,23385c57fd4c0fbd8eb031c2058b48166e42a5df01cf8b1fb486cfa6360a2065,FB2316-baseline,BOI_reference
/Users/zcm361/Documents/Github/OxygenDynamicsV2/reference-validation/phase1-optimized-20260909/FB2316-baseline/Recording,sink,40,2,133,460,557,523,555,719,20,20,0,0,0,6972.50438108484,6972.50438108484,valid,valid,0.0655041973781919,0.0655041973781919,0,1,0,Anesthetized,-0.237576448894749,-0.277304389294726,552,-6.55041973781919,-1.48207691582287,-5.0683428219963,23385c57fd4c0fbd8eb031c2058b48166e42a5df01cf8b1fb486cfa6360a2065,FB2316-baseline,BOI_reference
/Users/zcm361/Documents/Github/OxygenDynamicsV2/reference-validation/phase1-optimized-20260909/FB2316-baseline/Recording,sink,41,1,134,416,429,420,426,476,20,20,0,0,0,3981.9987394958,3981.9987394958,valid,valid,0.0313983402406438,0.0313983402406438,0,1,0,Anesthetized,-0.170153159521471,-0.23591754397687,421,-3.13983402406438,0.215710089347573,-3.35554411341197,23385c57fd4c0fbd8eb031c2058b48166e42a5df01cf8b1fb486cfa6360a2065,FB2316-baseline,BOI_reference
/Users/zcm361/Documents/Github/OxygenDynamicsV2/reference-validation/phase1-optimized-20260909/FB2316-baseline/Recording,sink,41,2,135,1097,1145,1109,1112,538,20,16,0,4,0,NaN,NaN,insufficient_clean_prebaseline,insufficient_clean_prebaseline,NaN,NaN,NaN,1,0,Anesthetized,-0.189630182541311,-0.265820803688284,NaN,NaN,NaN,NaN,23385c57fd4c0fbd8eb031c2058b48166e42a5df01cf8b1fb486cfa6360a2065,FB2316-baseline,BOI_reference
/Users/zcm361/Documents/Github/OxygenDynamicsV2/reference-validation/phase1-optimized-20260909/FB2316-baseline/Recording,sink,41,3,136,1166,1187,1168,1170,310,20,20,0,0,0,3670.94951612903,3670.94951612903,valid,valid,0.0627141514366922,0.0627141514366922,0,1,0,Anesthetized,-0.232633714137539,-0.438274039945412,1169,-6.27141514366922,-0.0814670405222191,-6.189948103147,23385c57fd4c0fbd8eb031c2058b48166e42a5df01cf8b1fb486cfa6360a2065,FB2316-baseline,BOI_reference
/Users/zcm361/Documents/Github/OxygenDynamicsV2/reference-validation/phase1-optimized-20260909/FB2316-baseline/Recording,sink,42,1,137,419,467,422,433,868,20,20,0,0,0,5461.17402073733,5461.17402073733,valid,valid,0.0344588069818086,0.0344588069818086,0,1,0,Anesthetized,-0.179535320629515,-0.216753106121254,425,-3.44588069818086,0.147192716211511,-3.59307341439237,23385c57fd4c0fbd8eb031c2058b48166e42a5df01cf8b1fb486cfa6360a2065,FB2316-baseline,BOI_reference
/Users/zcm361/Documents/Github/OxygenDynamicsV2/reference-validation/phase1-optimized-20260909/FB2316-baseline/Recording,sink,42,2,138,468,513,504,512,527,20,19,0,1,0,NaN,NaN,insufficient_clean_prebaseline,insufficient_clean_prebaseline,NaN,NaN,NaN,1,0,Anesthetized,-0.204832263855606,-0.25130976789165,NaN,NaN,NaN,NaN,23385c57fd4c0fbd8eb031c2058b48166e42a5df01cf8b1fb486cfa6360a2065,FB2316-baseline,BOI_reference
/Users/zcm361/Documents/Github/OxygenDynamicsV2/reference-validation/phase1-optimized-20260909/FB2316-baseline/Recording,sink,43,1,139,416,457,449,452,584,20,20,0,0,0,1619.58595890411,1619.58595890411,valid,valid,0.0528855781041616,0.0528855781041616,0,1,0,Anesthetized,-0.231489282777558,-0.326435880792254,451,-5.28855781041616,0.999947965509884,-6.28850577592608,23385c57fd4c0fbd8eb031c2058b48166e42a5df01cf8b1fb486cfa6360a2065,FB2316-baseline,BOI_reference
/Users/zcm361/Documents/Github/OxygenDynamicsV2/reference-validation/phase1-optimized-20260909/FB2316-baseline/Recording,sink,44,1,140,424,495,427,470,831,20,20,0,0,0,7830.16636582431,7830.16636582431,valid,valid,0.0313499892978471,0.0313499892978471,0,1,0,Anesthetized,-0.172514808697814,-0.178264690520763,480,-3.13499892978471,-0.768776767281075,-2.36622216250363,23385c57fd4c0fbd8eb031c2058b48166e42a5df01cf8b1fb486cfa6360a2065,FB2316-baseline,BOI_reference
/Users/zcm361/Documents/Github/OxygenDynamicsV2/reference-validation/phase1-optimized-20260909/FB2316-baseline/Recording,sink,45,1,141,433,445,436,441,539,20,20,0,0,0,2584.55352504638,2584.55352504638,valid,valid,0.0377498516141655,0.0377498516141655,0,1,0,Anesthetized,-0.157932257529537,-0.191442474302198,443,-3.77498516141655,0.328990284451768,-4.10397544586832,23385c57fd4c0fbd8eb031c2058b48166e42a5df01cf8b1fb486cfa6360a2065,FB2316-baseline,BOI_reference
/Users/zcm361/Documents/Github/OxygenDynamicsV2/reference-validation/phase1-optimized-20260909/FB2316-baseline/Recording,sink,45,2,142,472,492,475,480,248,20,20,0,0,0,2667.10201612903,2667.10201612903,valid,valid,0.0631851987470392,0.0631851987470392,0,1,0,Anesthetized,-0.221245165739048,-0.314182253189492,475,-6.31851987470392,0.0519492333232734,-6.3704691080272,23385c57fd4c0fbd8eb031c2058b48166e42a5df01cf8b1fb486cfa6360a2065,FB2316-baseline,BOI_reference
/Users/zcm361/Documents/Github/OxygenDynamicsV2/reference-validation/phase1-optimized-20260909/FB2316-baseline/Recording,sink,45,3,143,1072,1098,1085,1090,294,20,20,0,0,0,2435.26275510204,2435.26275510204,valid,valid,0.0613732681208532,0.0613732681208532,0,1,0,Anesthetized,-0.182122978329016,-0.215185292273853,1081,-6.13732681208533,-0.485830951203098,-5.65149586088224,23385c57fd4c0fbd8eb031c2058b48166e42a5df01cf8b1fb486cfa6360a2065,FB2316-baseline,BOI_reference
/Users/zcm361/Documents/Github/OxygenDynamicsV2/reference-validation/phase1-optimized-20260909/FB2316-baseline/Recording,sink,46,1,144,437,456,438,456,589,20,20,0,0,0,7317.09185059423,7317.09185059423,valid,valid,0.0331711892273713,0.0331711892273713,0,1,0,Anesthetized,-0.184940267227162,-0.207607190426893,454,-3.31711892273713,-0.195321808617105,-3.12179711412005,23385c57fd4c0fbd8eb031c2058b48166e42a5df01cf8b1fb486cfa6360a2065,FB2316-baseline,BOI_reference
/Users/zcm361/Documents/Github/OxygenDynamicsV2/reference-validation/phase1-optimized-20260909/FB2316-baseline/Recording,sink,46,2,145,555,594,582,593,995,20,20,0,0,0,6974.05778894472,6974.05778894472,valid,valid,0.0553052500743061,0.0553052500743061,0,1,0,Anesthetized,-0.227498632150279,-0.269004903162777,583,-5.53052500743061,-1.24472116737417,-4.28580384005647,23385c57fd4c0fbd8eb031c2058b48166e42a5df01cf8b1fb486cfa6360a2065,FB2316-baseline,BOI_reference
/Users/zcm361/Documents/Github/OxygenDynamicsV2/reference-validation/phase1-optimized-20260909/FB2316-baseline/Recording,sink,47,1,146,438,446,441,443,232,20,20,0,0,0,7409.70732758621,7409.70732758621,valid,valid,0.0350792742116426,0.0350792742116426,0,1,0,Anesthetized,-0.226332967694121,-0.350803219135208,443,-3.50792742116426,-0.0980540148090089,-3.40987340635525,23385c57fd4c0fbd8eb031c2058b48166e42a5df01cf8b1fb486cfa6360a2065,FB2316-baseline,BOI_reference
/Users/zcm361/Documents/Github/OxygenDynamicsV2/reference-validation/phase1-optimized-20260909/FB2316-baseline/Recording,sink,48,1,147,386,447,443,446,451,20,13,0,7,0,NaN,NaN,insufficient_clean_prebaseline,insufficient_clean_prebaseline,NaN,NaN,NaN,1,0,Anesthetized,-0.214031924280914,-0.385543501356573,NaN,NaN,NaN,NaN,23385c57fd4c0fbd8eb031c2058b48166e42a5df01cf8b1fb486cfa6360a2065,FB2316-baseline,BOI_reference
/Users/zcm361/Documents/Github/OxygenDynamicsV2/reference-validation/phase1-optimized-20260909/FB2316-baseline/Recording,sink,49,1,148,426,451,446,448,176,20,20,0,0,0,1071.66590909091,1071.66590909091,valid,valid,0.0692539016357285,0.0692539016357285,0,1,0,Anesthetized,-0.18759498254142,-0.282164163907344,448,-6.92539016357285,0.483461557795734,-7.40885172136862,23385c57fd4c0fbd8eb031c2058b48166e42a5df01cf8b1fb486cfa6360a2065,FB2316-baseline,BOI_reference
/Users/zcm361/Documents/Github/OxygenDynamicsV2/reference-validation/phase1-optimized-20260909/FB2316-baseline/Recording,sink,50,1,149,485,524,487,512,769,20,20,0,0,0,8629.7988946684,8629.7988946684,valid,valid,0.0297355293702252,0.0297355293702252,0,1,0,Anesthetized,-0.172026303704301,-0.19205153680263,524,-2.97355293702252,-1.48192482079796,-1.49162811622456,23385c57fd4c0fbd8eb031c2058b48166e42a5df01cf8b1fb486cfa6360a2065,FB2316-baseline,BOI_reference
/Users/zcm361/Documents/Github/OxygenDynamicsV2/reference-validation/phase1-optimized-20260909/FB2316-baseline/Recording,sink,50,2,150,1156,1161,1158,1160,535,20,20,0,0,0,6059.79785046729,6059.79785046729,valid,valid,0.0343091084575057,0.0343091084575057,0,1,0,Anesthetized,-0.235968451076579,-0.306414547732594,1159,-3.43091084575057,0.0805724801484693,-3.51148332589904,23385c57fd4c0fbd8eb031c2058b48166e42a5df01cf8b1fb486cfa6360a2065,FB2316-baseline,BOI_reference
/Users/zcm361/Documents/Github/OxygenDynamicsV2/reference-validation/phase1-optimized-20260909/FB2316-baseline/Recording,sink,50,3,151,1197,1199,1197,1199,264,20,20,0,0,0,5783.41799242424,5783.41799242424,valid,valid,0.0129211823497343,0.0129211823497343,0,1,0,Anesthetized,-0.372792904951958,-0.306848354792549,1198,-1.29211823497343,0.31468362767303,-1.60680186264649,23385c57fd4c0fbd8eb031c2058b48166e42a5df01cf8b1fb486cfa6360a2065,FB2316-baseline,BOI_reference
/Users/zcm361/Documents/Github/OxygenDynamicsV2/reference-validation/phase1-optimized-20260909/FB2316-baseline/Recording,sink,51,1,152,478,507,498,500,297,20,20,0,0,0,1523.42222222222,1523.42222222222,valid,valid,0.0620466414001436,0.0620466414001436,0,1,0,Anesthetized,-0.190125671902088,-0.292807641249426,500,-6.20466414001436,0.392293999278484,-6.59695813929289,23385c57fd4c0fbd8eb031c2058b48166e42a5df01cf8b1fb486cfa6360a2065,FB2316-baseline,BOI_reference
/Users/zcm361/Documents/Github/OxygenDynamicsV2/reference-validation/phase1-optimized-20260909/FB2316-baseline/Recording,sink,52,1,153,545,592,548,550,283,20,20,0,0,0,2205.53957597173,2205.53957597173,valid,valid,0.099165176281951,0.099165176281951,0,1,0,Anesthetized,-0.279931316141245,-0.486276469410735,550,-9.9165176281951,-0.000754444119113118,-9.91576318407603,23385c57fd4c0fbd8eb031c2058b48166e42a5df01cf8b1fb486cfa6360a2065,FB2316-baseline,BOI_reference
/Users/zcm361/Documents/Github/OxygenDynamicsV2/reference-validation/phase1-optimized-20260909/FB2316-baseline/Recording,sink,52,2,154,941,983,975,979,445,20,20,0,0,0,2180.44617977528,2180.44617977528,valid,valid,0.11205989125718,0.11205989125718,0,1,0,Anesthetized,-0.358327021404599,-0.463602441630687,975,-11.205989125718,-1.57385143704148,-9.63213768867659,23385c57fd4c0fbd8eb031c2058b48166e42a5df01cf8b1fb486cfa6360a2065,FB2316-baseline,BOI_reference
/Users/zcm361/Documents/Github/OxygenDynamicsV2/reference-validation/phase1-optimized-20260909/FB2316-baseline/Recording,sink,53,1,155,465,477,471,475,681,20,20,0,0,0,6542.9748164464,6542.9748164464,valid,valid,0.0636049692781768,0.0636049692781768,0,1,0,Anesthetized,-0.295544540315385,-0.390080541900621,474,-6.36049692781768,-0.24259672681509,-6.11790020100261,23385c57fd4c0fbd8eb031c2058b48166e42a5df01cf8b1fb486cfa6360a2065,FB2316-baseline,BOI_reference
/Users/zcm361/Documents/Github/OxygenDynamicsV2/reference-validation/phase1-optimized-20260909/FB2316-baseline/Recording,sink,53,2,156,517,527,519,527,301,20,20,0,0,0,8092.54966777409,8092.54966777409,valid,valid,0.0368089889660824,0.0368089889660824,0,1,0,Anesthetized,-0.193593936972664,-0.311427809812432,525,-3.68089889660824,-0.456492388128756,-3.22440650847948,23385c57fd4c0fbd8eb031c2058b48166e42a5df01cf8b1fb486cfa6360a2065,FB2316-baseline,BOI_reference
/Users/zcm361/Documents/Github/OxygenDynamicsV2/reference-validation/phase1-optimized-20260909/FB2316-baseline/Recording,sink,54,1,157,477,490,481,488,751,20,20,0,0,0,7348.07609853529,7348.07609853529,valid,valid,0.0289893811076921,0.0289893811076921,0,1,0,Anesthetized,-0.16069908516486,-0.185274579591032,488,-2.89893811076921,-0.346169302917476,-2.55276880785171,23385c57fd4c0fbd8eb031c2058b48166e42a5df01cf8b1fb486cfa6360a2065,FB2316-baseline,BOI_reference
/Users/zcm361/Documents/Github/OxygenDynamicsV2/reference-validation/phase1-optimized-20260909/FB2316-baseline/Recording,sink,55,1,158,477,513,486,494,333,20,20,0,0,0,5891.97702702703,5891.97702702703,valid,valid,0.0400485293701286,0.0400485293701286,0,1,0,Anesthetized,-0.173673464497443,-0.235885389232655,507,-4.00485293701286,-0.872443892696386,-3.13240904431648,23385c57fd4c0fbd8eb031c2058b48166e42a5df01cf8b1fb486cfa6360a2065,FB2316-baseline,BOI_reference
/Users/zcm361/Documents/Github/OxygenDynamicsV2/reference-validation/phase1-optimized-20260909/FB2316-baseline/Recording,sink,55,2,159,1194,1198,1196,1198,206,20,20,0,0,0,5816.67111650485,5816.67111650485,valid,valid,0.0331481511232046,0.0331481511232046,0,1,0,Anesthetized,-0.369636503431018,-0.503309674981852,1197,-3.31481511232046,0.597575650966863,-3.91239076328734,23385c57fd4c0fbd8eb031c2058b48166e42a5df01cf8b1fb486cfa6360a2065,FB2316-baseline,BOI_reference
/Users/zcm361/Documents/Github/OxygenDynamicsV2/reference-validation/phase1-optimized-20260909/FB2316-baseline/Recording,sink,56,1,160,486,536,496,500,374,20,20,0,0,0,1445.43970588235,1445.43970588235,valid,valid,0.0951756903904583,0.0951756903904583,0,1,0,Anesthetized,-0.168907175276847,-0.226234995652791,525,-9.51756903904583,-3.54686043753369,-5.97070860151211,23385c57fd4c0fbd8eb031c2058b48166e42a5df01cf8b1fb486cfa6360a2065,FB2316-baseline,BOI_reference
/Users/zcm361/Documents/Github/OxygenDynamicsV2/reference-validation/phase1-optimized-20260909/FB2316-baseline/Recording,sink,56,2,161,486,536,526,528,241,20,20,0,0,0,1619.52219917012,1619.52219917012,valid,valid,0.108107419110985,0.108107419110985,0,1,0,Anesthetized,-0.209052933923601,-0.206924033069463,532,-10.8107419110985,-4.99505016191569,-5.81569174918277,23385c57fd4c0fbd8eb031c2058b48166e42a5df01cf8b1fb486cfa6360a2065,FB2316-baseline,BOI_reference
/Users/zcm361/Documents/Github/OxygenDynamicsV2/reference-validation/phase1-optimized-20260909/FB2316-baseline/Recording,sink,57,1,162,492,504,497,500,354,20,20,0,0,0,2733.15437853107,2733.15437853107,valid,valid,0.0794756973805593,0.0794756973805593,0,1,0,Anesthetized,-0.215251330286264,-0.374801153431618,500,-7.94756973805593,0.0590426237958707,-8.0066123618518,23385c57fd4c0fbd8eb031c2058b48166e42a5df01cf8b1fb486cfa6360a2065,FB2316-baseline,BOI_reference
/Users/zcm361/Documents/Github/OxygenDynamicsV2/reference-validation/phase1-optimized-20260909/FB2316-baseline/Recording,sink,58,1,163,653,717,695,704,268,20,20,0,0,0,4639.06940298507,4639.06940298507,valid,valid,0.0991510617238112,0.0991510617238112,0,1,0,Anesthetized,-0.2484964628968,-0.421860781580005,671,-9.91510617238112,-0.960980511240457,-8.95412566114066,23385c57fd4c0fbd8eb031c2058b48166e42a5df01cf8b1fb486cfa6360a2065,FB2316-baseline,BOI_reference
/Users/zcm361/Documents/Github/OxygenDynamicsV2/reference-validation/phase1-optimized-20260909/FB2316-baseline/Recording,sink,58,2,164,1054,1080,1073,1077,333,20,20,0,0,0,3700.48438438438,3700.48438438438,valid,valid,0.0739813057506554,0.0739813057506554,0,1,0,Anesthetized,-0.181637306551676,-0.28307513792883,1077,-7.39813057506554,-1.39057710171906,-6.00755347334648,23385c57fd4c0fbd8eb031c2058b48166e42a5df01cf8b1fb486cfa6360a2065,FB2316-baseline,BOI_reference
/Users/zcm361/Documents/Github/OxygenDynamicsV2/reference-validation/phase1-optimized-20260909/FB2316-baseline/Recording,sink,58,3,165,1123,1128,1123,1127,406,20,20,0,0,0,3693.47857142857,3693.47857142857,valid,valid,0.0283833381469921,0.0283833381469921,0,1,0,Anesthetized,-0.131853568983342,-0.178907001215914,1125,-2.83833381469921,-0.336335523596435,-2.50199829110279,23385c57fd4c0fbd8eb031c2058b48166e42a5df01cf8b1fb486cfa6360a2065,FB2316-baseline,BOI_reference
/Users/zcm361/Documents/Github/OxygenDynamicsV2/reference-validation/phase1-optimized-20260909/FB2316-baseline/Recording,sink,59,1,166,492,541,513,516,315,20,20,0,0,0,3090.68571428571,3090.68571428571,valid,valid,0.0460348861813169,0.0460348861813169,0,1,0,Anesthetized,-0.193070502183031,-0.264943044726431,515,-4.60348861813169,-0.0115667578703703,-4.59192186026133,23385c57fd4c0fbd8eb031c2058b48166e42a5df01cf8b1fb486cfa6360a2065,FB2316-baseline,BOI_reference
/Users/zcm361/Documents/Github/OxygenDynamicsV2/reference-validation/phase1-optimized-20260909/FB2316-baseline/Recording,sink,59,2,167,774,823,780,784,362,20,20,0,0,0,3154.88825966851,3154.88825966851,valid,valid,0.055920893784446,0.055920893784446,0,1,0,Anesthetized,-0.234199996514874,-0.299162070108986,797,-5.59208937844461,-1.07460395319468,-4.51748542524993,23385c57fd4c0fbd8eb031c2058b48166e42a5df01cf8b1fb486cfa6360a2065,FB2316-baseline,BOI_reference
/Users/zcm361/Documents/Github/OxygenDynamicsV2/reference-validation/phase1-optimized-20260909/FB2316-baseline/Recording,sink,60,1,168,515,521,516,519,250,20,2,0,18,0,NaN,NaN,insufficient_clean_prebaseline,insufficient_clean_prebaseline,NaN,NaN,NaN,1,0,Anesthetized,-0.202523495659232,-0.358739545793738,NaN,NaN,NaN,NaN,23385c57fd4c0fbd8eb031c2058b48166e42a5df01cf8b1fb486cfa6360a2065,FB2316-baseline,BOI_reference
/Users/zcm361/Documents/Github/OxygenDynamicsV2/reference-validation/phase1-optimized-20260909/FB2316-baseline/Recording,sink,61,1,169,510,543,525,528,173,20,17,0,3,0,NaN,NaN,insufficient_clean_prebaseline,insufficient_clean_prebaseline,NaN,NaN,NaN,1,0,Anesthetized,-0.213361308495433,-0.360849444654913,NaN,NaN,NaN,NaN,23385c57fd4c0fbd8eb031c2058b48166e42a5df01cf8b1fb486cfa6360a2065,FB2316-baseline,BOI_reference
/Users/zcm361/Documents/Github/OxygenDynamicsV2/reference-validation/phase1-optimized-20260909/FB2316-baseline/Recording,sink,62,1,170,523,539,527,529,203,20,20,0,0,0,6089.10837438424,6089.10837438424,valid,valid,0.0676318614598141,0.0676318614598141,0,1,0,Anesthetized,-0.23388562487264,-0.467242636014394,526,-6.76318614598141,-0.138733983593999,-6.62445216238739,23385c57fd4c0fbd8eb031c2058b48166e42a5df01cf8b1fb486cfa6360a2065,FB2316-baseline,BOI_reference
/Users/zcm361/Documents/Github/OxygenDynamicsV2/reference-validation/phase1-optimized-20260909/FB2316-baseline/Recording,sink,63,1,171,528,539,530,532,334,20,20,0,0,0,2396.39071856287,2396.39071856287,valid,valid,0.0964180788348746,0.0964180788348746,0,1,0,Anesthetized,-0.252311773196666,-0.405787803033881,531,-9.64180788348746,-0.114043835742652,-9.52776404774481,23385c57fd4c0fbd8eb031c2058b48166e42a5df01cf8b1fb486cfa6360a2065,FB2316-baseline,BOI_reference
/Users/zcm361/Documents/Github/OxygenDynamicsV2/reference-validation/phase1-optimized-20260909/FB2316-baseline/Recording,sink,64,1,172,545,561,556,558,370,20,20,0,0,0,9382.33283783784,9382.33283783784,valid,valid,0.0337132053382161,0.0337132053382161,0,1,0,Anesthetized,-0.23322760333886,-0.26585080673507,557,-3.37132053382161,-0.947937180384944,-2.42338335343665,23385c57fd4c0fbd8eb031c2058b48166e42a5df01cf8b1fb486cfa6360a2065,FB2316-baseline,BOI_reference
/Users/zcm361/Documents/Github/OxygenDynamicsV2/reference-validation/phase1-optimized-20260909/FB2316-baseline/Recording,sink,65,1,173,555,577,556,558,407,20,20,0,0,0,5957.64324324324,5957.64324324324,valid,valid,0.0983894163910931,0.0983894163910931,0,1,0,Anesthetized,-0.279370851552359,-0.468188276030634,557,-9.83894163910931,-0.158304002699526,-9.6806376364098,23385c57fd4c0fbd8eb031c2058b48166e42a5df01cf8b1fb486cfa6360a2065,FB2316-baseline,BOI_reference
/Users/zcm361/Documents/Github/OxygenDynamicsV2/reference-validation/phase1-optimized-20260909/FB2316-baseline/Recording,sink,66,1,174,579,600,582,597,487,20,20,0,0,0,4727.42186858316,4727.42186858316,valid,valid,0.0882758419687279,0.0882758419687279,0,1,0,Anesthetized,-0.299386419096265,-0.431979247024738,591,-8.82758419687279,-0.401069989431453,-8.4265142074413,23385c57fd4c0fbd8eb031c2058b48166e42a5df01cf8b1fb486cfa6360a2065,FB2316-baseline,BOI_reference
/Users/zcm361/Documents/Github/OxygenDynamicsV2/reference-validation/phase1-optimized-20260909/FB2316-baseline/Recording,sink,67,1,175,589,630,597,601,296,20,20,0,0,0,2391.11824324324,2391.11824324324,valid,valid,0.114654316155932,0.114654316155932,0,1,0,Anesthetized,-0.239238273151018,-0.348691276760616,598,-11.4654316155932,-0.0849453720583452,-11.3804862435348,23385c57fd4c0fbd8eb031c2058b48166e42a5df01cf8b1fb486cfa6360a2065,FB2316-baseline,BOI_reference
/Users/zcm361/Documents/Github/OxygenDynamicsV2/reference-validation/phase1-optimized-20260909/FB2316-baseline/Recording,sink,68,1,176,652,677,653,674,456,20,20,0,0,0,6126.44221491228,6126.44221491228,valid,valid,0.0482062109507225,0.0482062109507225,0,1,0,Anesthetized,-0.25352438490361,-0.330166705122198,661,-4.82062109507225,-0.893345656470668,-3.92727543860158,23385c57fd4c0fbd8eb031c2058b48166e42a5df01cf8b1fb486cfa6360a2065,FB2316-baseline,BOI_reference
/Users/zcm361/Documents/Github/OxygenDynamicsV2/reference-validation/phase1-optimized-20260909/FB2316-baseline/Recording,sink,68,2,177,685,745,698,704,260,20,10,0,10,0,NaN,NaN,insufficient_clean_prebaseline,insufficient_clean_prebaseline,NaN,NaN,NaN,1,0,Anesthetized,-0.241385704631006,-0.356986443660651,NaN,NaN,NaN,NaN,23385c57fd4c0fbd8eb031c2058b48166e42a5df01cf8b1fb486cfa6360a2065,FB2316-baseline,BOI_reference
/Users/zcm361/Documents/Github/OxygenDynamicsV2/reference-validation/phase1-optimized-20260909/FB2316-baseline/Recording,sink,68,3,178,685,745,729,738,332,20,10,0,10,0,NaN,NaN,insufficient_clean_prebaseline,insufficient_clean_prebaseline,NaN,NaN,NaN,1,0,Anesthetized,-0.253798965660922,-0.37127280811332,NaN,NaN,NaN,NaN,23385c57fd4c0fbd8eb031c2058b48166e42a5df01cf8b1fb486cfa6360a2065,FB2316-baseline,BOI_reference
/Users/zcm361/Documents/Github/OxygenDynamicsV2/reference-validation/phase1-optimized-20260909/FB2316-baseline/Recording,sink,68,4,179,1137,1143,1137,1141,460,20,20,0,0,0,5179.43717391304,5179.43717391304,valid,valid,0.0284348085327888,0.0284348085327888,0,1,0,Anesthetized,-0.146484430031446,-0.223247975649302,1142,-2.84348085327888,0.0182612091540898,-2.86174206243297,23385c57fd4c0fbd8eb031c2058b48166e42a5df01cf8b1fb486cfa6360a2065,FB2316-baseline,BOI_reference
/Users/zcm361/Documents/Github/OxygenDynamicsV2/reference-validation/phase1-optimized-20260909/FB2316-baseline/Recording,sink,69,1,180,646,678,652,664,354,20,20,0,0,0,5072.2384180791,5072.2384180791,valid,valid,0.0802247795744689,0.0802247795744689,0,1,0,Anesthetized,-0.2634362317476,-0.368806476236155,672,-8.02247795744689,-1.38181001258381,-6.64066794486307,23385c57fd4c0fbd8eb031c2058b48166e42a5df01cf8b1fb486cfa6360a2065,FB2316-baseline,BOI_reference
/Users/zcm361/Documents/Github/OxygenDynamicsV2/reference-validation/phase1-optimized-20260909/FB2316-baseline/Recording,sink,70,1,181,730,790,775,781,236,20,20,0,0,0,5633.06122881356,5633.06122881356,valid,valid,0.0656298248886181,0.0656298248886181,0,1,0,Anesthetized,-0.227108860176426,-0.338399535864375,760,-6.56298248886181,-2.10927116532521,-4.45371132353661,23385c57fd4c0fbd8eb031c2058b48166e42a5df01cf8b1fb486cfa6360a2065,FB2316-baseline,BOI_reference
/Users/zcm361/Documents/Github/OxygenDynamicsV2/reference-validation/phase1-optimized-20260909/FB2316-baseline/Recording,sink,70,2,182,1188,1199,1189,1196,404,20,20,0,0,0,4845.99839108911,4845.99839108911,valid,valid,0.0254892095185096,0.0254892095185096,0,1,0,Anesthetized,-0.338098405168788,-0.360560279321477,1190,-2.54892095185096,0.524915120455583,-3.07383607230657,23385c57fd4c0fbd8eb031c2058b48166e42a5df01cf8b1fb486cfa6360a2065,FB2316-baseline,BOI_reference
/Users/zcm361/Documents/Github/OxygenDynamicsV2/reference-validation/phase1-optimized-20260909/FB2316-baseline/Recording,sink,71,1,183,742,828,792,795,291,20,20,0,0,0,3615.37577319588,3615.37577319588,valid,valid,0.0635956479691762,0.0635956479691762,0,1,0,Anesthetized,-0.18401412886673,-0.272872395955928,792,-6.35956479691762,-2.12104068554044,-4.23852411137719,23385c57fd4c0fbd8eb031c2058b48166e42a5df01cf8b1fb486cfa6360a2065,FB2316-baseline,BOI_reference
/Users/zcm361/Documents/Github/OxygenDynamicsV2/reference-validation/phase1-optimized-20260909/FB2316-baseline/Recording,sink,72,1,184,755,810,789,793,322,20,20,0,0,0,5118.59611801242,5118.59611801242,valid,valid,0.0616962100711874,0.0616962100711874,0,1,0,Anesthetized,-0.191805850413645,-0.232797151060142,797,-6.16962100711874,-2.4962202875306,-3.67340071958813,23385c57fd4c0fbd8eb031c2058b48166e42a5df01cf8b1fb486cfa6360a2065,FB2316-baseline,BOI_reference
/Users/zcm361/Documents/Github/OxygenDynamicsV2/reference-validation/phase1-optimized-20260909/FB2316-baseline/Recording,sink,73,1,185,849,892,873,875,300,20,20,0,0,0,3378.6635,3378.6635,valid,valid,0.0400750671579655,0.0400750671579655,0,1,0,Anesthetized,-0.199093132317066,-0.329826687404032,875,-4.00750671579655,-1.5848867611161,-2.42261995468044,23385c57fd4c0fbd8eb031c2058b48166e42a5df01cf8b1fb486cfa6360a2065,FB2316-baseline,BOI_reference
/Users/zcm361/Documents/Github/OxygenDynamicsV2/reference-validation/phase1-optimized-20260909/FB2316-baseline/Recording,sink,74,1,186,1044,1099,1080,1082,670,20,20,0,0,0,2073.18865671642,2073.18865671642,valid,valid,0.0853932985485475,0.0853932985485475,0,1,0,Anesthetized,-0.230908483993355,-0.295713041761189,1081,-8.53932985485475,-1.40523031846676,-7.134099536388,23385c57fd4c0fbd8eb031c2058b48166e42a5df01cf8b1fb486cfa6360a2065,FB2316-baseline,BOI_reference
/Users/zcm361/Documents/Github/OxygenDynamicsV2/reference-validation/phase1-optimized-20260909/FB2316-baseline/Recording,sink,75,1,187,1068,1097,1078,1087,332,20,10,0,10,0,NaN,NaN,insufficient_clean_prebaseline,insufficient_clean_prebaseline,NaN,NaN,NaN,1,0,Anesthetized,-0.18519446179383,-0.284832145299963,NaN,NaN,NaN,NaN,23385c57fd4c0fbd8eb031c2058b48166e42a5df01cf8b1fb486cfa6360a2065,FB2316-baseline,BOI_reference
/Users/zcm361/Documents/Github/OxygenDynamicsV2/reference-validation/phase1-optimized-20260909/FB2316-baseline/Recording,sink,76,1,188,1072,1099,1085,1087,215,20,20,0,0,0,694.796744186046,694.796744186046,valid,valid,0.107217570070684,0.107217570070684,0,1,0,Anesthetized,-0.18967924575473,-0.279238067938073,1081,-10.7217570070684,-1.59022848224532,-9.13152852482315,23385c57fd4c0fbd8eb031c2058b48166e42a5df01cf8b1fb486cfa6360a2065,FB2316-baseline,BOI_reference
/Users/zcm361/Documents/Github/OxygenDynamicsV2/reference-validation/phase1-optimized-20260909/FB2316-baseline/Recording,sink,77,1,189,1075,1167,1103,1111,365,20,20,0,0,0,2118.13808219178,2118.13808219178,valid,valid,0.0744830947417762,0.0744830947417762,0,1,0,Anesthetized,-0.181818346803954,-0.282138703172744,1104,-7.44830947417762,-1.03718131498134,-6.41112815919628,23385c57fd4c0fbd8eb031c2058b48166e42a5df01cf8b1fb486cfa6360a2065,FB2316-baseline,BOI_reference
/Users/zcm361/Documents/Github/OxygenDynamicsV2/reference-validation/phase1-optimized-20260909/FB2316-baseline/Recording,sink,78,1,190,1081,1104,1088,1091,513,20,20,0,0,0,5817.84113060429,5817.84113060429,valid,valid,0.0418030843819971,0.0418030843819971,0,1,0,Anesthetized,-0.19261705528647,-0.252258037233258,1091,-4.18030843819971,-0.485775504891979,-3.69453293330771,23385c57fd4c0fbd8eb031c2058b48166e42a5df01cf8b1fb486cfa6360a2065,FB2316-baseline,BOI_reference
/Users/zcm361/Documents/Github/OxygenDynamicsV2/reference-validation/phase1-optimized-20260909/FB2316-baseline/Recording,sink,79,1,191,1098,1149,1123,1131,452,20,20,0,0,0,750.388053097345,750.388053097345,valid,valid,0.0571662921308561,0.0571662921308561,0,1,0,Anesthetized,-0.143431731258888,-0.187235261198422,1102,-5.71662921308561,-0.342718216061923,-5.37391099702369,23385c57fd4c0fbd8eb031c2058b48166e42a5df01cf8b1fb486cfa6360a2065,FB2316-baseline,BOI_reference
/Users/zcm361/Documents/Github/OxygenDynamicsV2/reference-validation/phase1-optimized-20260909/FB2316-baseline/Recording,sink,80,1,192,1099,1141,1120,1128,534,20,20,0,0,0,3337.54391385768,3337.54391385768,valid,valid,0.0551289299760648,0.0551289299760648,0,1,0,Anesthetized,-0.155850591743384,-0.189713727690925,1125,-5.51289299760648,-1.35196745477671,-4.16092554282976,23385c57fd4c0fbd8eb031c2058b48166e42a5df01cf8b1fb486cfa6360a2065,FB2316-baseline,BOI_reference
/Users/zcm361/Documents/Github/OxygenDynamicsV2/reference-validation/phase1-optimized-20260909/FB2316-baseline/Recording,sink,81,1,193,1122,1141,1125,1128,220,20,20,0,0,0,2355.17431818182,2355.17431818182,valid,valid,0.0489335522066643,0.0489335522066643,0,1,0,Anesthetized,-0.154147715553303,-0.253482535462006,1125,-4.89335522066643,-0.375566133480327,-4.51778908718612,23385c57fd4c0fbd8eb031c2058b48166e42a5df01cf8b1fb486cfa6360a2065,FB2316-baseline,BOI_reference
/Users/zcm361/Documents/Github/OxygenDynamicsV2/reference-validation/phase1-optimized-20260909/FB2316-baseline/Recording,surge,1,1,1,214,223,214,223,11195,20,15,0,5,0,NaN,NaN,insufficient_clean_prebaseline,insufficient_clean_prebaseline,NaN,NaN,NaN,1,0,Anesthetized,0.37359327042637,0.405728777045739,NaN,NaN,NaN,NaN,23385c57fd4c0fbd8eb031c2058b48166e42a5df01cf8b1fb486cfa6360a2065,FB2316-baseline,BOI_reference
/Users/zcm361/Documents/Github/OxygenDynamicsV2/reference-validation/phase1-optimized-20260909/FB2316-baseline/Recording,surge,1,2,2,311,320,311,320,2318,20,20,0,0,0,1474.92899050906,1474.92899050906,valid,valid,0.0145742235174071,0.0145742235174071,0,1,0,Anesthetized,0.0779005285754878,0.0941152054431865,312,1.45742235174071,-0.315410037391865,1.7728323891326,23385c57fd4c0fbd8eb031c2058b48166e42a5df01cf8b1fb486cfa6360a2065,FB2316-baseline,BOI_reference
/Users/zcm361/Documents/Github/OxygenDynamicsV2/reference-validation/phase1-optimized-20260909/FB2316-baseline/Recording,surge,1,3,3,429,438,429,438,2157,20,20,0,0,0,1148.42865090403,1148.42865090403,valid,valid,0.0153221393881363,0.0153221393881363,0,1,0,Anesthetized,0.0971980650833304,0.109145789597872,433,1.53221393881363,-0.48995179183308,2.02216573064674,23385c57fd4c0fbd8eb031c2058b48166e42a5df01cf8b1fb486cfa6360a2065,FB2316-baseline,BOI_reference
/Users/zcm361/Documents/Github/OxygenDynamicsV2/reference-validation/phase1-optimized-20260909/FB2316-baseline/Recording,surge,2,1,4,359,379,359,379,17942,20,7,0,13,0,NaN,NaN,insufficient_clean_prebaseline,insufficient_clean_prebaseline,NaN,NaN,NaN,1,0,Anesthetized,0.0572935566029345,0.0629239189908251,NaN,NaN,NaN,NaN,23385c57fd4c0fbd8eb031c2058b48166e42a5df01cf8b1fb486cfa6360a2065,FB2316-baseline,BOI_reference
/Users/zcm361/Documents/Github/OxygenDynamicsV2/reference-validation/phase1-optimized-20260909/FB2316-baseline/Recording,surge,2,2,5,486,500,486,500,11475,20,8,0,12,0,NaN,NaN,insufficient_clean_prebaseline,insufficient_clean_prebaseline,NaN,NaN,NaN,1,0,Anesthetized,0.147764256906706,0.156720681392969,NaN,NaN,NaN,NaN,23385c57fd4c0fbd8eb031c2058b48166e42a5df01cf8b1fb486cfa6360a2065,FB2316-baseline,BOI_reference
/Users/zcm361/Documents/Github/OxygenDynamicsV2/reference-validation/phase1-optimized-20260909/FB2316-baseline/Recording,surge,2,3,6,513,523,513,523,10708,20,12,0,8,0,NaN,NaN,insufficient_clean_prebaseline,insufficient_clean_prebaseline,NaN,NaN,NaN,1,0,Anesthetized,0.120895984397432,0.129438460620663,NaN,NaN,NaN,NaN,23385c57fd4c0fbd8eb031c2058b48166e42a5df01cf8b1fb486cfa6360a2065,FB2316-baseline,BOI_reference
/Users/zcm361/Documents/Github/OxygenDynamicsV2/reference-validation/phase1-optimized-20260909/FB2316-baseline/Recording,surge,2,4,7,1050,1068,1050,1068,12437,20,17,0,3,0,NaN,NaN,insufficient_clean_prebaseline,insufficient_clean_prebaseline,NaN,NaN,NaN,1,0,Anesthetized,0.0824867014380528,0.0934755790517869,NaN,NaN,NaN,NaN,23385c57fd4c0fbd8eb031c2058b48166e42a5df01cf8b1fb486cfa6360a2065,FB2316-baseline,BOI_reference
/Users/zcm361/Documents/Github/OxygenDynamicsV2/reference-validation/phase1-optimized-20260909/FB2316-baseline/Recording,surge,3,1,8,314,324,314,324,6057,20,8,0,12,0,NaN,NaN,insufficient_clean_prebaseline,insufficient_clean_prebaseline,NaN,NaN,NaN,1,0,Anesthetized,0.17103030904378,0.184127370754359,NaN,NaN,NaN,NaN,23385c57fd4c0fbd8eb031c2058b48166e42a5df01cf8b1fb486cfa6360a2065,FB2316-baseline,BOI_reference
/Users/zcm361/Documents/Github/OxygenDynamicsV2/reference-validation/phase1-optimized-20260909/FB2316-baseline/Recording,surge,3,2,9,1103,1119,1103,1119,7019,20,18,0,2,0,NaN,NaN,insufficient_clean_prebaseline,insufficient_clean_prebaseline,NaN,NaN,NaN,1,0,Anesthetized,0.0581144634784231,0.0687955445563407,NaN,NaN,NaN,NaN,23385c57fd4c0fbd8eb031c2058b48166e42a5df01cf8b1fb486cfa6360a2065,FB2316-baseline,BOI_reference
/Users/zcm361/Documents/Github/OxygenDynamicsV2/reference-validation/phase1-optimized-20260909/FB2316-baseline/Recording,surge,4,1,10,64,79,64,79,1638,20,20,0,0,0,2252.00271672772,2252.00271672772,valid,valid,0.0758653310472842,0.0758653310472842,0,1,0,Anesthetized,0.294726412693468,0.330800352691834,77,7.58653310472842,4.38382132381753,3.20271178091088,23385c57fd4c0fbd8eb031c2058b48166e42a5df01cf8b1fb486cfa6360a2065,FB2316-baseline,BOI_reference
/Users/zcm361/Documents/Github/OxygenDynamicsV2/reference-validation/phase1-optimized-20260909/FB2316-baseline/Recording,surge,4,2,11,1120,1141,1120,1141,4284,20,3,0,17,0,NaN,NaN,insufficient_clean_prebaseline,insufficient_clean_prebaseline,NaN,NaN,NaN,1,0,Anesthetized,0.118453425819008,0.12735615697989,NaN,NaN,NaN,NaN,23385c57fd4c0fbd8eb031c2058b48166e42a5df01cf8b1fb486cfa6360a2065,FB2316-baseline,BOI_reference
/Users/zcm361/Documents/Github/OxygenDynamicsV2/reference-validation/phase1-optimized-20260909/FB2316-baseline/Recording,surge,5,1,12,367,377,367,377,4682,20,20,0,0,0,1204.98963049979,1204.98963049979,valid,valid,0.0595772354040244,0.0595772354040244,0,1,0,Anesthetized,0.112791384742357,0.119769610337803,374,5.95772354040244,0.427527121671368,5.5301964187311,23385c57fd4c0fbd8eb031c2058b48166e42a5df01cf8b1fb486cfa6360a2065,FB2316-baseline,BOI_reference
/Users/zcm361/Documents/Github/OxygenDynamicsV2/reference-validation/phase1-optimized-20260909/FB2316-baseline/Recording,surge,5,2,13,382,395,382,395,8350,20,8,0,12,0,NaN,NaN,insufficient_clean_prebaseline,insufficient_clean_prebaseline,NaN,NaN,NaN,1,0,Anesthetized,0.122225905443216,0.1330635207733,NaN,NaN,NaN,NaN,23385c57fd4c0fbd8eb031c2058b48166e42a5df01cf8b1fb486cfa6360a2065,FB2316-baseline,BOI_reference
/Users/zcm361/Documents/Github/OxygenDynamicsV2/reference-validation/phase1-optimized-20260909/FB2316-baseline/Recording,surge,5,3,14,1107,1118,1107,1118,4822,20,20,0,0,0,834.103909166321,834.103909166321,valid,valid,0.0193632521711789,0.0193632521711789,0,1,0,Anesthetized,0.0551280514505618,0.053857314473813,1110,1.93632521711789,-0.271926445399646,2.20825166251752,23385c57fd4c0fbd8eb031c2058b48166e42a5df01cf8b1fb486cfa6360a2065,FB2316-baseline,BOI_reference
/Users/zcm361/Documents/Github/OxygenDynamicsV2/reference-validation/phase1-optimized-20260909/FB2316-baseline/Recording,surge,6,1,15,105,114,105,114,8721,20,20,0,0,0,2781.83796582961,2781.83796582961,valid,valid,0.044582888295836,0.044582888295836,0,1,0,Anesthetized,0.126963438082186,0.142701802927653,114,4.4582888295836,2.25213380372814,2.20615502585544,23385c57fd4c0fbd8eb031c2058b48166e42a5df01cf8b1fb486cfa6360a2065,FB2316-baseline,BOI_reference
/Users/zcm361/Documents/Github/OxygenDynamicsV2/reference-validation/phase1-optimized-20260909/FB2316-baseline/Recording,surge,6,2,16,125,144,125,144,14826,20,7,0,13,0,NaN,NaN,insufficient_clean_prebaseline,insufficient_clean_prebaseline,NaN,NaN,NaN,1,0,Anesthetized,0.207288291590998,0.22849729139127,NaN,NaN,NaN,NaN,23385c57fd4c0fbd8eb031c2058b48166e42a5df01cf8b1fb486cfa6360a2065,FB2316-baseline,BOI_reference
/Users/zcm361/Documents/Github/OxygenDynamicsV2/reference-validation/phase1-optimized-20260909/FB2316-baseline/Recording,surge,7,1,17,1130,1141,1130,1141,7326,20,17,0,3,0,NaN,NaN,insufficient_clean_prebaseline,insufficient_clean_prebaseline,NaN,NaN,NaN,1,0,Anesthetized,0.10048984480438,0.105305591482086,NaN,NaN,NaN,NaN,23385c57fd4c0fbd8eb031c2058b48166e42a5df01cf8b1fb486cfa6360a2065,FB2316-baseline,BOI_reference
/Users/zcm361/Documents/Github/OxygenDynamicsV2/reference-validation/phase1-optimized-20260909/FB2316-baseline/Recording,surge,8,1,18,368,378,368,378,5948,20,20,0,0,0,2913.96213012777,2913.96213012777,valid,valid,0.0247590088111341,0.0247590088111341,0,1,0,Anesthetized,0.0836949535897926,0.0859940814930628,368,2.47590088111341,0.418350053976842,2.05755082713655,23385c57fd4c0fbd8eb031c2058b48166e42a5df01cf8b1fb486cfa6360a2065,FB2316-baseline,BOI_reference
/Users/zcm361/Documents/Github/OxygenDynamicsV2/reference-validation/phase1-optimized-20260909/FB2316-baseline/Recording,surge,9,1,19,104,125,104,125,2792,20,16,0,4,0,NaN,NaN,insufficient_clean_prebaseline,insufficient_clean_prebaseline,NaN,NaN,NaN,1,0,Anesthetized,0.134883071181573,0.148817834339133,NaN,NaN,NaN,NaN,23385c57fd4c0fbd8eb031c2058b48166e42a5df01cf8b1fb486cfa6360a2065,FB2316-baseline,BOI_reference
/Users/zcm361/Documents/Github/OxygenDynamicsV2/reference-validation/phase1-optimized-20260909/FB2316-baseline/Recording,surge,10,1,20,122,143,122,143,9537,20,18,0,2,0,NaN,NaN,insufficient_clean_prebaseline,insufficient_clean_prebaseline,NaN,NaN,NaN,1,0,Anesthetized,0.162215720633207,0.177216420959328,NaN,NaN,NaN,NaN,23385c57fd4c0fbd8eb031c2058b48166e42a5df01cf8b1fb486cfa6360a2065,FB2316-baseline,BOI_reference
/Users/zcm361/Documents/Github/OxygenDynamicsV2/reference-validation/phase1-optimized-20260909/FB2316-baseline/Recording,surge,10,2,21,168,187,168,187,20547,20,13,0,7,0,NaN,NaN,insufficient_clean_prebaseline,insufficient_clean_prebaseline,NaN,NaN,NaN,1,0,Anesthetized,0.269214257232427,0.290959338559669,NaN,NaN,NaN,NaN,23385c57fd4c0fbd8eb031c2058b48166e42a5df01cf8b1fb486cfa6360a2065,FB2316-baseline,BOI_reference
/Users/zcm361/Documents/Github/OxygenDynamicsV2/reference-validation/phase1-optimized-20260909/FB2316-baseline/Recording,surge,10,3,22,194,206,194,206,9361,20,0,0,20,0,NaN,NaN,insufficient_clean_prebaseline,insufficient_clean_prebaseline,NaN,NaN,NaN,1,0,Anesthetized,0.217895525716181,0.229379993079738,NaN,NaN,NaN,NaN,23385c57fd4c0fbd8eb031c2058b48166e42a5df01cf8b1fb486cfa6360a2065,FB2316-baseline,BOI_reference
/Users/zcm361/Documents/Github/OxygenDynamicsV2/reference-validation/phase1-optimized-20260909/FB2316-baseline/Recording,surge,11,1,23,185,195,185,195,10981,20,19,0,1,0,NaN,NaN,insufficient_clean_prebaseline,insufficient_clean_prebaseline,NaN,NaN,NaN,1,0,Anesthetized,0.19469540134432,0.205038044527812,NaN,NaN,NaN,NaN,23385c57fd4c0fbd8eb031c2058b48166e42a5df01cf8b1fb486cfa6360a2065,FB2316-baseline,BOI_reference
/Users/zcm361/Documents/Github/OxygenDynamicsV2/reference-validation/phase1-optimized-20260909/FB2316-baseline/Recording,surge,11,2,24,235,245,235,245,17936,20,17,0,3,0,NaN,NaN,insufficient_clean_prebaseline,insufficient_clean_prebaseline,NaN,NaN,NaN,1,0,Anesthetized,0.182537501921233,0.189246932325501,NaN,NaN,NaN,NaN,23385c57fd4c0fbd8eb031c2058b48166e42a5df01cf8b1fb486cfa6360a2065,FB2316-baseline,BOI_reference
/Users/zcm361/Documents/Github/OxygenDynamicsV2/reference-validation/phase1-optimized-20260909/FB2316-baseline/Recording,surge,12,1,25,208,217,208,217,3746,20,20,0,0,0,6846.57712226375,6846.57712226375,valid,valid,0.0166858292590965,0.0166858292590965,0,1,0,Anesthetized,0.176738442866844,0.186429028041833,211,1.66858292590965,1.01202561648931,0.656557309420341,23385c57fd4c0fbd8eb031c2058b48166e42a5df01cf8b1fb486cfa6360a2065,FB2316-baseline,BOI_reference
/Users/zcm361/Documents/Github/OxygenDynamicsV2/reference-validation/phase1-optimized-20260909/FB2316-baseline/Recording,surge,12,2,26,848,861,848,861,5350,20,20,0,0,0,6089.68099065421,6089.68099065421,valid,valid,-0.00127288407320874,-0.00127288407320874,0,1,1,Anesthetized,0.0841886979436399,0.0906031881527458,856,-0.127288407320874,-1.05803473049631,0.930746323175446,23385c57fd4c0fbd8eb031c2058b48166e42a5df01cf8b1fb486cfa6360a2065,FB2316-baseline,BOI_reference
/Users/zcm361/Documents/Github/OxygenDynamicsV2/reference-validation/phase1-optimized-20260909/FB2316-baseline/Recording,surge,12,3,27,988,997,988,997,3214,20,20,0,0,0,5758.38268512757,5758.38268512757,valid,valid,0.00457394653613903,0.00457394653613903,0,1,0,Anesthetized,0.135341559780318,0.143860341670635,997,0.457394653613903,-0.769709471622029,1.22710412523596,23385c57fd4c0fbd8eb031c2058b48166e42a5df01cf8b1fb486cfa6360a2065,FB2316-baseline,BOI_reference
/Users/zcm361/Documents/Github/OxygenDynamicsV2/reference-validation/phase1-optimized-20260909/FB2316-baseline/Recording,surge,13,1,28,186,198,186,198,14991,20,0,0,20,0,NaN,NaN,insufficient_clean_prebaseline,insufficient_clean_prebaseline,NaN,NaN,NaN,1,0,Anesthetized,0.323095045156079,0.354530225765846,NaN,NaN,NaN,NaN,23385c57fd4c0fbd8eb031c2058b48166e42a5df01cf8b1fb486cfa6360a2065,FB2316-baseline,BOI_reference
/Users/zcm361/Documents/Github/OxygenDynamicsV2/reference-validation/phase1-optimized-20260909/FB2316-baseline/Recording,surge,13,2,29,242,253,242,253,10227,20,15,0,5,0,NaN,NaN,insufficient_clean_prebaseline,insufficient_clean_prebaseline,NaN,NaN,NaN,1,0,Anesthetized,0.214731794123925,0.234225980979323,NaN,NaN,NaN,NaN,23385c57fd4c0fbd8eb031c2058b48166e42a5df01cf8b1fb486cfa6360a2065,FB2316-baseline,BOI_reference
/Users/zcm361/Documents/Github/OxygenDynamicsV2/reference-validation/phase1-optimized-20260909/FB2316-baseline/Recording,surge,14,1,30,925,934,925,934,3134,20,20,0,0,0,5091.16119974474,5091.16119974474,valid,valid,0.00474293223076056,0.00474293223076056,0,1,0,Anesthetized,0.147099114322192,0.15604016654932,931,0.474293223076056,-0.850793117350831,1.3250863404269,23385c57fd4c0fbd8eb031c2058b48166e42a5df01cf8b1fb486cfa6360a2065,FB2316-baseline,BOI_reference
/Users/zcm361/Documents/Github/OxygenDynamicsV2/reference-validation/phase1-optimized-20260909/FB2316-baseline/Recording,surge,15,1,31,163,172,163,172,1843,20,20,0,0,0,4882.45314704287,4882.45314704287,valid,valid,0.0550867921099164,0.0550867921099164,0,1,0,Anesthetized,0.201811433526607,0.244558121723164,172,5.50867921099164,2.65164304265656,2.85703616833508,23385c57fd4c0fbd8eb031c2058b48166e42a5df01cf8b1fb486cfa6360a2065,FB2316-baseline,BOI_reference
/Users/zcm361/Documents/Github/OxygenDynamicsV2/reference-validation/phase1-optimized-20260909/FB2316-baseline/Recording,surge,15,2,32,847,866,847,866,4106,20,20,0,0,0,4353.70683146615,4353.70683146615,valid,valid,0.00766347593263743,0.00766347593263743,0,1,0,Anesthetized,0.0859008491542471,0.0925517023713635,861,0.766347593263743,-1.07482819396321,1.84117578722699,23385c57fd4c0fbd8eb031c2058b48166e42a5df01cf8b1fb486cfa6360a2065,FB2316-baseline,BOI_reference
/Users/zcm361/Documents/Github/OxygenDynamicsV2/reference-validation/phase1-optimized-20260909/FB2316-baseline/Recording,surge,15,3,33,895,918,895,918,3358,20,20,0,0,0,4741.596128648,4741.596128648,valid,valid,0.00592184041383337,0.00592184041383337,0,1,0,Anesthetized,0.104459799677202,0.115767044205491,904,0.592184041383338,-0.889132012244169,1.4813160536275,23385c57fd4c0fbd8eb031c2058b48166e42a5df01cf8b1fb486cfa6360a2065,FB2316-baseline,BOI_reference
/Users/zcm361/Documents/Github/OxygenDynamicsV2/reference-validation/phase1-optimized-20260909/FB2316-baseline/Recording,surge,16,1,34,916,933,916,933,2252,20,20,0,0,0,5060.08841030195,5060.08841030195,valid,valid,0.00273962490440505,0.00273962490440505,0,1,0,Anesthetized,0.129179703290505,0.134883696136659,918,0.273962490440505,-0.580214904534647,0.854177394975116,23385c57fd4c0fbd8eb031c2058b48166e42a5df01cf8b1fb486cfa6360a2065,FB2316-baseline,BOI_reference
/Users/zcm361/Documents/Github/OxygenDynamicsV2/reference-validation/phase1-optimized-20260909/FB2316-baseline/Recording,surge,16,2,35,950,961,950,961,1369,20,16,0,4,0,NaN,NaN,insufficient_clean_prebaseline,insufficient_clean_prebaseline,NaN,NaN,NaN,1,0,Anesthetized,0.14476415485536,0.161722822001417,NaN,NaN,NaN,NaN,23385c57fd4c0fbd8eb031c2058b48166e42a5df01cf8b1fb486cfa6360a2065,FB2316-baseline,BOI_reference
/Users/zcm361/Documents/Github/OxygenDynamicsV2/reference-validation/phase1-optimized-20260909/FB2316-baseline/Recording,surge,17,1,36,274,288,274,288,8662,20,20,0,0,0,4033.26884668668,4033.26884668668,valid,valid,0.0239843444794997,0.0239843444794997,0,1,0,Anesthetized,0.123302227651613,0.134361175222709,280,2.39843444794997,1.23972285977408,1.1587115881759,23385c57fd4c0fbd8eb031c2058b48166e42a5df01cf8b1fb486cfa6360a2065,FB2316-baseline,BOI_reference
/Users/zcm361/Documents/Github/OxygenDynamicsV2/reference-validation/phase1-optimized-20260909/FB2316-baseline/Recording,surge,17,2,37,291,317,291,317,9876,20,3,0,17,0,NaN,NaN,insufficient_clean_prebaseline,insufficient_clean_prebaseline,NaN,NaN,NaN,1,0,Anesthetized,0.0868729365485597,0.0923367510052425,NaN,NaN,NaN,NaN,23385c57fd4c0fbd8eb031c2058b48166e42a5df01cf8b1fb486cfa6360a2065,FB2316-baseline,BOI_reference
/Users/zcm361/Documents/Github/OxygenDynamicsV2/reference-validation/phase1-optimized-20260909/FB2316-baseline/Recording,surge,17,3,38,985,994,985,994,6326,20,4,0,16,0,NaN,NaN,insufficient_clean_prebaseline,insufficient_clean_prebaseline,NaN,NaN,NaN,1,0,Anesthetized,0.171991327140572,0.188148138038652,NaN,NaN,NaN,NaN,23385c57fd4c0fbd8eb031c2058b48166e42a5df01cf8b1fb486cfa6360a2065,FB2316-baseline,BOI_reference
/Users/zcm361/Documents/Github/OxygenDynamicsV2/reference-validation/phase1-optimized-20260909/FB2316-baseline/Recording,surge,18,1,39,904,917,904,917,4827,20,20,0,0,0,3640.47112077895,3640.47112077895,valid,valid,0.00766786087174436,0.00766786087174436,0,1,0,Anesthetized,0.130391501660568,0.146907947223652,904,0.766786087174436,-0.673542546085386,1.44032863325981,23385c57fd4c0fbd8eb031c2058b48166e42a5df01cf8b1fb486cfa6360a2065,FB2316-baseline,BOI_reference
/Users/zcm361/Documents/Github/OxygenDynamicsV2/reference-validation/phase1-optimized-20260909/FB2316-baseline/Recording,surge,18,2,40,926,940,926,940,4051,20,8,0,12,0,NaN,NaN,insufficient_clean_prebaseline,insufficient_clean_prebaseline,NaN,NaN,NaN,1,0,Anesthetized,0.150362579467108,0.169115791998371,NaN,NaN,NaN,NaN,23385c57fd4c0fbd8eb031c2058b48166e42a5df01cf8b1fb486cfa6360a2065,FB2316-baseline,BOI_reference
/Users/zcm361/Documents/Github/OxygenDynamicsV2/reference-validation/phase1-optimized-20260909/FB2316-baseline/Recording,surge,19,1,41,169,179,169,179,967,20,20,0,0,0,4099.06504653568,4099.06504653568,valid,valid,0.0899037460531203,0.0899037460531203,0,1,0,Anesthetized,0.206963929967671,0.274096949445273,177,8.99037460531203,1.78466729939801,7.20570730591403,23385c57fd4c0fbd8eb031c2058b48166e42a5df01cf8b1fb486cfa6360a2065,FB2316-baseline,BOI_reference
/Users/zcm361/Documents/Github/OxygenDynamicsV2/reference-validation/phase1-optimized-20260909/FB2316-baseline/Recording,surge,19,2,42,182,202,182,202,1125,20,9,0,11,0,NaN,NaN,insufficient_clean_prebaseline,insufficient_clean_prebaseline,NaN,NaN,NaN,1,0,Anesthetized,0.196655737967568,0.236339516355507,NaN,NaN,NaN,NaN,23385c57fd4c0fbd8eb031c2058b48166e42a5df01cf8b1fb486cfa6360a2065,FB2316-baseline,BOI_reference
/Users/zcm361/Documents/Github/OxygenDynamicsV2/reference-validation/phase1-optimized-20260909/FB2316-baseline/Recording,surge,20,1,43,445,464,445,464,2484,20,20,0,0,0,4260.52892512077,4260.52892512077,valid,valid,0.027381643894367,0.027381643894367,0,1,0,Anesthetized,0.0847263948720153,0.0908219290471626,459,2.7381643894367,0.303219690667182,2.43494469876953,23385c57fd4c0fbd8eb031c2058b48166e42a5df01cf8b1fb486cfa6360a2065,FB2316-baseline,BOI_reference
/Users/zcm361/Documents/Github/OxygenDynamicsV2/reference-validation/phase1-optimized-20260909/FB2316-baseline/Recording,surge,21,1,44,391,403,391,403,1622,20,20,0,0,0,2171.01088162762,2171.01088162762,valid,valid,0.090076442055886,0.090076442055886,0,1,0,Anesthetized,0.22681472955858,0.244058722008598,401,9.0076442055886,1.04235366884807,7.9652905367405,23385c57fd4c0fbd8eb031c2058b48166e42a5df01cf8b1fb486cfa6360a2065,FB2316-baseline,BOI_reference
/Users/zcm361/Documents/Github/OxygenDynamicsV2/reference-validation/phase1-optimized-20260909/FB2316-baseline/Recording,surge,21,2,45,418,438,418,438,4406,20,14,0,6,0,NaN,NaN,insufficient_clean_prebaseline,insufficient_clean_prebaseline,NaN,NaN,NaN,1,0,Anesthetized,0.138741354417752,0.144125210353221,NaN,NaN,NaN,NaN,23385c57fd4c0fbd8eb031c2058b48166e42a5df01cf8b1fb486cfa6360a2065,FB2316-baseline,BOI_reference
/Users/zcm361/Documents/Github/OxygenDynamicsV2/reference-validation/phase1-optimized-20260909/FB2316-baseline/Recording,surge,21,3,46,445,467,445,467,4543,20,6,0,14,0,NaN,NaN,insufficient_clean_prebaseline,insufficient_clean_prebaseline,NaN,NaN,NaN,1,0,Anesthetized,0.0968629757299152,0.102417915231725,NaN,NaN,NaN,NaN,23385c57fd4c0fbd8eb031c2058b48166e42a5df01cf8b1fb486cfa6360a2065,FB2316-baseline,BOI_reference
/Users/zcm361/Documents/Github/OxygenDynamicsV2/reference-validation/phase1-optimized-20260909/FB2316-baseline/Recording,surge,22,1,47,208,226,208,226,2877,20,3,0,17,0,NaN,NaN,insufficient_clean_prebaseline,insufficient_clean_prebaseline,NaN,NaN,NaN,1,0,Anesthetized,0.175145758812758,0.192094560224227,NaN,NaN,NaN,NaN,23385c57fd4c0fbd8eb031c2058b48166e42a5df01cf8b1fb486cfa6360a2065,FB2316-baseline,BOI_reference
/Users/zcm361/Documents/Github/OxygenDynamicsV2/reference-validation/phase1-optimized-20260909/FB2316-baseline/Recording,surge,22,2,48,841,850,841,850,5174,20,20,0,0,0,4621.21744298415,4621.21744298415,valid,valid,-0.000764362741148262,-0.000764362741148262,0,1,1,Anesthetized,0.0868227273504233,0.0949357860510867,843,-0.0764362741148262,-0.712186740502296,0.635750466387489,23385c57fd4c0fbd8eb031c2058b48166e42a5df01cf8b1fb486cfa6360a2065,FB2316-baseline,BOI_reference
/Users/zcm361/Documents/Github/OxygenDynamicsV2/reference-validation/phase1-optimized-20260909/FB2316-baseline/Recording,surge,23,1,49,857,868,857,868,1666,20,20,0,0,0,4026.13871548619,4026.13871548619,valid,valid,0.00582774886515534,0.00582774886515534,0,1,0,Anesthetized,0.102243054557261,0.114518328280866,857,0.582774886515534,-0.590856347285044,1.17363123380055,23385c57fd4c0fbd8eb031c2058b48166e42a5df01cf8b1fb486cfa6360a2065,FB2316-baseline,BOI_reference
/Users/zcm361/Documents/Github/OxygenDynamicsV2/reference-validation/phase1-optimized-20260909/FB2316-baseline/Recording,surge,24,1,50,916,943,916,943,2279,20,20,0,0,0,4212.83938130759,4212.83938130759,valid,valid,0.0517182478671798,0.0517182478671798,0,1,0,Anesthetized,0.214892358149732,0.228415494181482,936,5.17182478671798,-1.10078315574433,6.27260794246233,23385c57fd4c0fbd8eb031c2058b48166e42a5df01cf8b1fb486cfa6360a2065,FB2316-baseline,BOI_reference
/Users/zcm361/Documents/Github/OxygenDynamicsV2/reference-validation/phase1-optimized-20260909/FB2316-baseline/Recording,surge,24,2,51,946,955,946,955,2318,20,2,0,18,0,NaN,NaN,insufficient_clean_prebaseline,insufficient_clean_prebaseline,NaN,NaN,NaN,1,0,Anesthetized,0.275643471924261,0.300283770935054,NaN,NaN,NaN,NaN,23385c57fd4c0fbd8eb031c2058b48166e42a5df01cf8b1fb486cfa6360a2065,FB2316-baseline,BOI_reference
/Users/zcm361/Documents/Github/OxygenDynamicsV2/reference-validation/phase1-optimized-20260909/FB2316-baseline/Recording,surge,25,1,52,844,861,844,861,1897,20,20,0,0,0,4977.30342646284,4977.30342646284,valid,valid,-0.00341832126403307,-0.00341832126403307,0,1,1,Anesthetized,0.0739719569040048,0.0907182381063648,861,-0.341832126403307,-1.06746042149203,0.725628295088741,23385c57fd4c0fbd8eb031c2058b48166e42a5df01cf8b1fb486cfa6360a2065,FB2316-baseline,BOI_reference
/Users/zcm361/Documents/Github/OxygenDynamicsV2/reference-validation/phase1-optimized-20260909/FB2316-baseline/Recording,surge,25,2,53,967,982,967,982,4940,20,11,0,9,0,NaN,NaN,insufficient_clean_prebaseline,insufficient_clean_prebaseline,NaN,NaN,NaN,1,0,Anesthetized,0.136025748129989,0.143755248962866,NaN,NaN,NaN,NaN,23385c57fd4c0fbd8eb031c2058b48166e42a5df01cf8b1fb486cfa6360a2065,FB2316-baseline,BOI_reference
/Users/zcm361/Documents/Github/OxygenDynamicsV2/reference-validation/phase1-optimized-20260909/FB2316-baseline/Recording,surge,26,1,54,274,295,274,295,1916,20,15,0,5,0,NaN,NaN,insufficient_clean_prebaseline,insufficient_clean_prebaseline,NaN,NaN,NaN,1,0,Anesthetized,0.0999532420270037,0.121237479718587,NaN,NaN,NaN,NaN,23385c57fd4c0fbd8eb031c2058b48166e42a5df01cf8b1fb486cfa6360a2065,FB2316-baseline,BOI_reference
/Users/zcm361/Documents/Github/OxygenDynamicsV2/reference-validation/phase1-optimized-20260909/FB2316-baseline/Recording,surge,26,2,55,337,347,337,347,1240,20,20,0,0,0,3063.44669354839,3063.44669354839,valid,valid,0.0637517476822634,0.0637517476822634,0,1,0,Anesthetized,0.197391147043606,0.23402291247393,343,6.37517476822634,0.912507279187688,5.46266748903866,23385c57fd4c0fbd8eb031c2058b48166e42a5df01cf8b1fb486cfa6360a2065,FB2316-baseline,BOI_reference
/Users/zcm361/Documents/Github/OxygenDynamicsV2/reference-validation/phase1-optimized-20260909/FB2316-baseline/Recording,surge,27,1,56,285,294,285,294,2146,20,15,0,5,0,NaN,NaN,insufficient_clean_prebaseline,insufficient_clean_prebaseline,NaN,NaN,NaN,1,0,Anesthetized,0.110250209958222,0.123970216203909,NaN,NaN,NaN,NaN,23385c57fd4c0fbd8eb031c2058b48166e42a5df01cf8b1fb486cfa6360a2065,FB2316-baseline,BOI_reference
/Users/zcm361/Documents/Github/OxygenDynamicsV2/reference-validation/phase1-optimized-20260909/FB2316-baseline/Recording,surge,28,1,57,1051,1071,1051,1071,2143,20,20,0,0,0,2588.399160056,2588.399160056,valid,valid,0.0216863014584223,0.0216863014584223,0,1,0,Anesthetized,0.0885134524535854,0.110962977365984,1059,2.16863014584223,-0.248507827187578,2.4171379730298,23385c57fd4c0fbd8eb031c2058b48166e42a5df01cf8b1fb486cfa6360a2065,FB2316-baseline,BOI_reference
/Users/zcm361/Documents/Github/OxygenDynamicsV2/reference-validation/phase1-optimized-20260909/FB2316-baseline/Recording,surge,29,1,58,383,396,383,396,1432,20,20,0,0,0,3276.63910614525,3276.63910614525,valid,valid,0.0256155220364783,0.0256155220364783,0,1,0,Anesthetized,0.129876541140049,0.161378860883488,387,2.56155220364783,0.0441942031841672,2.51735800046368,23385c57fd4c0fbd8eb031c2058b48166e42a5df01cf8b1fb486cfa6360a2065,FB2316-baseline,BOI_reference
/Users/zcm361/Documents/Github/OxygenDynamicsV2/reference-validation/phase1-optimized-20260909/FB2316-baseline/Recording,surge,30,1,59,388,397,388,397,1796,20,20,0,0,0,5209.95111358575,5209.95111358575,valid,valid,0.0110994975543737,0.0110994975543737,0,1,0,Anesthetized,0.11263825680414,0.124835089430018,395,1.10994975543737,0.521039108728869,0.588910646708526,23385c57fd4c0fbd8eb031c2058b48166e42a5df01cf8b1fb486cfa6360a2065,FB2316-baseline,BOI_reference
/Users/zcm361/Documents/Github/OxygenDynamicsV2/reference-validation/phase1-optimized-20260909/FB2316-baseline/Recording,surge,30,2,60,439,452,439,452,2241,20,20,0,0,0,5124.48101294065,5124.48101294065,valid,valid,0.00832683445106682,0.00832683445106682,0,1,0,Anesthetized,0.0654102946514749,0.0802492328612272,451,0.832683445106682,0.344790777939035,0.487892667167661,23385c57fd4c0fbd8eb031c2058b48166e42a5df01cf8b1fb486cfa6360a2065,FB2316-baseline,BOI_reference
/Users/zcm361/Documents/Github/OxygenDynamicsV2/reference-validation/phase1-optimized-20260909/FB2316-baseline/Recording,surge,31,1,61,523,535,523,535,2049,20,20,0,0,0,1732.43167398731,1732.43167398731,valid,valid,0.000297344674030189,0.000297344674030189,0,1,0,Anesthetized,0.171047148119146,0.178479925875887,523,0.0297344674030189,-0.00364685104689249,0.03338131844989,23385c57fd4c0fbd8eb031c2058b48166e42a5df01cf8b1fb486cfa6360a2065,FB2316-baseline,BOI_reference
/Users/zcm361/Documents/Github/OxygenDynamicsV2/reference-validation/phase1-optimized-20260909/FB2316-baseline/Recording,surge,32,1,62,850,866,850,866,1199,20,20,0,0,0,3113.02197664721,3113.02197664721,valid,valid,0.000385973167383314,0.000385973167383314,0,1,0,Anesthetized,0.112860947230847,0.13573012192742,859,0.0385973167383314,-1.18235024036294,1.22094755710123,23385c57fd4c0fbd8eb031c2058b48166e42a5df01cf8b1fb486cfa6360a2065,FB2316-baseline,BOI_reference
/Users/zcm361/Documents/Github/OxygenDynamicsV2/reference-validation/phase1-optimized-20260909/ID13-20200917/Recording,sink,1,1,1,1,17,1,12,3050,20,0,1,0,0,NaN,NaN,insufficient_clean_prebaseline,insufficient_clean_prebaseline,NaN,NaN,NaN,1,0,Awake_mobile,-0.261357640713181,-0.275637018533611,NaN,NaN,NaN,NaN,19211dc232042f969c35fc18d135b54793a9c162e883e4107ae4a411cd9be63b,ID13-20200917,BOI_reference
/Users/zcm361/Documents/Github/OxygenDynamicsV2/reference-validation/phase1-optimized-20260909/ID13-20200917/Recording,sink,1,2,2,66,96,79,89,1355,20,20,0,0,0,9.77317343173432,9.77317343173432,valid,valid,0.126156773757518,0.126156773757518,0,1,0,Awake_mobile,-0.245748012392078,-0.305031802823668,85,-12.6156773757518,1.4552836252265,-14.0709610009783,19211dc232042f969c35fc18d135b54793a9c162e883e4107ae4a411cd9be63b,ID13-20200917,BOI_reference
/Users/zcm361/Documents/Github/OxygenDynamicsV2/reference-validation/phase1-optimized-20260909/ID13-20200917/Recording,sink,1,3,3,171,270,227,243,1246,20,20,0,0,0,10.8184991974318,10.8184991974318,valid,valid,0.126770698487001,0.126770698487001,0,1,0,Awake_mobile,-0.266536393374491,-0.294986136696845,261,-12.6770698487001,0.211478128644028,-12.8885479773441,19211dc232042f969c35fc18d135b54793a9c162e883e4107ae4a411cd9be63b,ID13-20200917,BOI_reference
/Users/zcm361/Documents/Github/OxygenDynamicsV2/reference-validation/phase1-optimized-20260909/ID13-20200917/Recording,sink,1,4,4,280,302,292,301,2067,20,11,0,9,0,NaN,NaN,insufficient_clean_prebaseline,insufficient_clean_prebaseline,NaN,NaN,NaN,1,0,Awake_mobile,-0.238898857763974,-0.271607360748513,NaN,NaN,NaN,NaN,19211dc232042f969c35fc18d135b54793a9c162e883e4107ae4a411cd9be63b,ID13-20200917,BOI_reference
/Users/zcm361/Documents/Github/OxygenDynamicsV2/reference-validation/phase1-optimized-20260909/ID13-20200917/Recording,sink,1,5,5,334,355,346,354,876,20,20,0,0,0,9.65182648401827,9.65182648401827,valid,valid,0.0706091070372561,0.0706091070372561,0,1,0,Awake_mobile,-0.28456521267662,-0.369136480548688,352,-7.06091070372561,0.2808690266014,-7.34177973032702,19211dc232042f969c35fc18d135b54793a9c162e883e4107ae4a411cd9be63b,ID13-20200917,BOI_reference
/Users/zcm361/Documents/Github/OxygenDynamicsV2/reference-validation/phase1-optimized-20260909/ID13-20200917/Recording,sink,1,6,6,419,465,420,441,919,20,20,0,0,0,10.7256256800871,10.7256256800871,valid,valid,0.178540811719769,0.178540811719769,0,1,0,Awake_mobile,-0.350634724931458,-0.431553768731095,432,-17.8540811719768,0.202703816062339,-18.0567849880392,19211dc232042f969c35fc18d135b54793a9c162e883e4107ae4a411cd9be63b,ID13-20200917,BOI_reference
/Users/zcm361/Documents/Github/OxygenDynamicsV2/reference-validation/phase1-optimized-20260909/ID13-20200917/Recording,sink,1,7,7,468,477,473,477,660,20,8,0,12,0,NaN,NaN,insufficient_clean_prebaseline,insufficient_clean_prebaseline,NaN,NaN,NaN,1,0,Awake_mobile,-0.188435409010924,-0.276894971373935,NaN,NaN,NaN,NaN,19211dc232042f969c35fc18d135b54793a9c162e883e4107ae4a411cd9be63b,ID13-20200917,BOI_reference
/Users/zcm361/Documents/Github/OxygenDynamicsV2/reference-validation/phase1-optimized-20260909/ID13-20200917/Recording,sink,1,8,8,514,541,531,537,1682,20,20,0,0,0,12.3021105826397,12.3021105826397,valid,valid,0.0748182281686533,0.0748182281686533,0,1,0,Awake_mobile,-0.223066436503186,-0.245181061610326,533,-7.48182281686533,-0.262703886314049,-7.21911893055128,19211dc232042f969c35fc18d135b54793a9c162e883e4107ae4a411cd9be63b,ID13-20200917,BOI_reference
/Users/zcm361/Documents/Github/OxygenDynamicsV2/reference-validation/phase1-optimized-20260909/ID13-20200917/Recording,sink,1,9,9,553,561,557,559,725,20,15,0,5,0,NaN,NaN,insufficient_clean_prebaseline,insufficient_clean_prebaseline,NaN,NaN,NaN,1,0,Awake_mobile,-0.185625533108739,-0.243920134205372,NaN,NaN,NaN,NaN,19211dc232042f969c35fc18d135b54793a9c162e883e4107ae4a411cd9be63b,ID13-20200917,BOI_reference
/Users/zcm361/Documents/Github/OxygenDynamicsV2/reference-validation/phase1-optimized-20260909/ID13-20200917/Recording,sink,1,10,10,646,674,647,665,1344,20,20,0,0,0,9.67611607142857,9.67611607142857,valid,valid,0.10716894661161,0.10716894661161,0,1,0,Awake_mobile,-0.299181423819167,-0.344811363116113,661,-10.716894661161,-0.207407780286191,-10.5094868808747,19211dc232042f969c35fc18d135b54793a9c162e883e4107ae4a411cd9be63b,ID13-20200917,BOI_reference
/Users/zcm361/Documents/Github/OxygenDynamicsV2/reference-validation/phase1-optimized-20260909/ID13-20200917/Recording,sink,1,11,11,689,701,694,701,1218,20,20,0,0,0,12.4886288998358,12.4886288998358,valid,valid,0.071799305114998,0.071799305114998,0,1,0,Awake_mobile,-0.168038395555745,-0.190233554529719,696,-7.1799305114998,-0.224233248926177,-6.95569726257361,19211dc232042f969c35fc18d135b54793a9c162e883e4107ae4a411cd9be63b,ID13-20200917,BOI_reference
/Users/zcm361/Documents/Github/OxygenDynamicsV2/reference-validation/phase1-optimized-20260909/ID13-20200917/Recording,sink,1,12,12,774,817,774,811,2466,20,20,0,0,0,10.4867599351176,10.4867599351176,valid,valid,0.0492394727836245,0.0492394727836245,0,1,0,Awake_mobile,-0.166018440542982,-0.204612597395233,800,-4.92394727836245,-0.530389883835486,-4.39355739452696,19211dc232042f969c35fc18d135b54793a9c162e883e4107ae4a411cd9be63b,ID13-20200917,BOI_reference
/Users/zcm361/Documents/Github/OxygenDynamicsV2/reference-validation/phase1-optimized-20260909/ID13-20200917/Recording,sink,1,13,13,852,863,853,862,850,20,20,0,0,0,10.5048823529412,10.5048823529412,valid,valid,0.0735960309771928,0.0735960309771928,0,1,0,Awake_mobile,-0.239028485936934,-0.307207088213691,853,-7.35960309771928,-0.235840194200089,-7.12376290351914,19211dc232042f969c35fc18d135b54793a9c162e883e4107ae4a411cd9be63b,ID13-20200917,BOI_reference
/Users/zcm361/Documents/Github/OxygenDynamicsV2/reference-validation/phase1-optimized-20260909/ID13-20200917/Recording,sink,1,14,14,890,906,891,898,748,20,20,0,0,0,11.8569518716578,11.8569518716578,valid,valid,0.107227421355282,0.107227421355282,0,1,0,Awake_mobile,-0.235479672666002,-0.284545635701017,896,-10.7227421355282,-0.17442285673558,-10.5483192787927,19211dc232042f969c35fc18d135b54793a9c162e883e4107ae4a411cd9be63b,ID13-20200917,BOI_reference
/Users/zcm361/Documents/Github/OxygenDynamicsV2/reference-validation/phase1-optimized-20260909/ID13-20200917/Recording,sink,1,15,15,943,954,951,953,212,20,20,0,0,0,12.4462264150943,12.4462264150943,valid,valid,0.0616235882665048,0.0616235882665048,0,1,0,Awake_mobile,-0.283114556293443,-0.334386708693719,945,-6.16235882665048,-0.152763146198545,-6.00959568045192,19211dc232042f969c35fc18d135b54793a9c162e883e4107ae4a411cd9be63b,ID13-20200917,BOI_reference
/Users/zcm361/Documents/Github/OxygenDynamicsV2/reference-validation/phase1-optimized-20260909/ID13-20200917/Recording,sink,1,16,16,980,1002,983,992,580,20,15,0,5,0,NaN,NaN,insufficient_clean_prebaseline,insufficient_clean_prebaseline,NaN,NaN,NaN,1,0,Awake_mobile,-0.41704267329439,-0.528454828878177,NaN,NaN,NaN,NaN,19211dc232042f969c35fc18d135b54793a9c162e883e4107ae4a411cd9be63b,ID13-20200917,BOI_reference
/Users/zcm361/Documents/Github/OxygenDynamicsV2/reference-validation/phase1-optimized-20260909/ID13-20200917/Recording,sink,1,17,17,1024,1039,1025,1030,844,20,20,0,0,0,8.25011848341232,8.25011848341232,valid,valid,0.106001637201821,0.106001637201821,0,1,0,Awake_mobile,-0.330543225692912,-0.404561709128251,1026,-10.6001637201821,-0.140953951576402,-10.4592097686057,19211dc232042f969c35fc18d135b54793a9c162e883e4107ae4a411cd9be63b,ID13-20200917,BOI_reference
/Users/zcm361/Documents/Github/OxygenDynamicsV2/reference-validation/phase1-optimized-20260909/ID13-20200917/Recording,sink,1,18,18,1059,1085,1059,1084,923,20,17,0,3,0,NaN,NaN,insufficient_clean_prebaseline,insufficient_clean_prebaseline,NaN,NaN,NaN,1,0,Awake_mobile,-0.315934991209293,-0.389240392438872,NaN,NaN,NaN,NaN,19211dc232042f969c35fc18d135b54793a9c162e883e4107ae4a411cd9be63b,ID13-20200917,BOI_reference
/Users/zcm361/Documents/Github/OxygenDynamicsV2/reference-validation/phase1-optimized-20260909/ID13-20200917/Recording,sink,1,19,19,1152,1192,1164,1181,1415,20,20,0,0,0,9.75904593639576,9.75904593639576,valid,valid,0.0742303054880677,0.0742303054880677,0,1,0,Awake_mobile,-0.274498328968563,-0.340742287744814,1169,-7.42303054880677,-0.228294302568298,-7.19473624623845,19211dc232042f969c35fc18d135b54793a9c162e883e4107ae4a411cd9be63b,ID13-20200917,BOI_reference
/Users/zcm361/Documents/Github/OxygenDynamicsV2/reference-validation/phase1-optimized-20260909/ID13-20200917/Recording,sink,2,1,20,74,104,80,87,781,20,20,0,0,0,7.34014084507042,7.34014084507042,valid,valid,0.121174326009786,0.121174326009786,0,1,0,Awake_mobile,-0.254262530748707,-0.290742054633319,90,-12.1174326009786,1.35353786546562,-13.4709704664442,19211dc232042f969c35fc18d135b54793a9c162e883e4107ae4a411cd9be63b,ID13-20200917,BOI_reference
/Users/zcm361/Documents/Github/OxygenDynamicsV2/reference-validation/phase1-optimized-20260909/ID13-20200917/Recording,sink,2,2,21,413,441,431,433,293,20,20,0,0,0,9.66262798634812,9.66262798634812,valid,valid,0.195733182628967,0.195733182628967,0,1,0,Awake_mobile,-0.388694251560107,-0.471086089750932,432,-19.5733182628967,0.312689421045316,-19.886007683942,19211dc232042f969c35fc18d135b54793a9c162e883e4107ae4a411cd9be63b,ID13-20200917,BOI_reference
/Users/zcm361/Documents/Github/OxygenDynamicsV2/reference-validation/phase1-optimized-20260909/ID13-20200917/Recording,sink,2,3,22,735,786,747,754,476,20,17,0,3,0,NaN,NaN,insufficient_clean_prebaseline,insufficient_clean_prebaseline,NaN,NaN,NaN,1,0,Awake_mobile,-0.348711226112014,-0.418527257123962,NaN,NaN,NaN,NaN,19211dc232042f969c35fc18d135b54793a9c162e883e4107ae4a411cd9be63b,ID13-20200917,BOI_reference
/Users/zcm361/Documents/Github/OxygenDynamicsV2/reference-validation/phase1-optimized-20260909/ID13-20200917/Recording,sink,2,4,23,856,1058,997,1017,895,20,20,0,0,0,8.17648044692737,8.17648044692737,valid,valid,0.363072991753155,0.363072991753155,0,1,0,Awake_mobile,-0.370358407847835,-0.443341876001055,976,-36.3072991753155,-3.54099993154293,-32.7662992437726,19211dc232042f969c35fc18d135b54793a9c162e883e4107ae4a411cd9be63b,ID13-20200917,BOI_reference
/Users/zcm361/Documents/Github/OxygenDynamicsV2/reference-validation/phase1-optimized-20260909/ID13-20200917/Recording,sink,2,5,24,856,1058,1037,1044,364,20,20,0,0,0,9.4081043956044,9.4081043956044,valid,valid,0.383276634886335,0.383276634886335,0,1,0,Awake_mobile,-0.29177566864886,-0.334593149638265,976,-38.3276634886335,-3.40587838926337,-34.9217850993702,19211dc232042f969c35fc18d135b54793a9c162e883e4107ae4a411cd9be63b,ID13-20200917,BOI_reference
/Users/zcm361/Documents/Github/OxygenDynamicsV2/reference-validation/phase1-optimized-20260909/ID13-20200917/Recording,sink,3,1,25,7,11,8,10,203,20,6,1,0,0,NaN,NaN,insufficient_clean_prebaseline,insufficient_clean_prebaseline,NaN,NaN,NaN,1,0,Awake_mobile,-0.226237940328266,-0.231742850997812,NaN,NaN,NaN,NaN,19211dc232042f969c35fc18d135b54793a9c162e883e4107ae4a411cd9be63b,ID13-20200917,BOI_reference
/Users/zcm361/Documents/Github/OxygenDynamicsV2/reference-validation/phase1-optimized-20260909/ID13-20200917/Recording,sink,4,1,26,84,93,86,92,412,20,16,0,4,0,NaN,NaN,insufficient_clean_prebaseline,insufficient_clean_prebaseline,NaN,NaN,NaN,1,0,Awake_mobile,-0.406795136759706,-0.57227849727878,NaN,NaN,NaN,NaN,19211dc232042f969c35fc18d135b54793a9c162e883e4107ae4a411cd9be63b,ID13-20200917,BOI_reference
/Users/zcm361/Documents/Github/OxygenDynamicsV2/reference-validation/phase1-optimized-20260909/ID13-20200917/Recording,sink,4,2,27,170,223,188,193,366,20,20,0,0,0,7.49125683060109,7.49125683060109,valid,valid,0.0845430009482821,0.0845430009482821,0,1,0,Awake_mobile,-0.217667364411884,-0.259015423835597,171,-8.45430009482821,0.256003095344204,-8.71030319017241,19211dc232042f969c35fc18d135b54793a9c162e883e4107ae4a411cd9be63b,ID13-20200917,BOI_reference
/Users/zcm361/Documents/Github/OxygenDynamicsV2/reference-validation/phase1-optimized-20260909/ID13-20200917/Recording,sink,4,3,28,291,313,305,307,558,20,20,0,0,0,10.2152329749104,10.2152329749104,valid,valid,0.0994894826406554,0.0994894826406554,0,1,0,Awake_mobile,-0.413514213411754,-0.49293639048971,307,-9.94894826406554,0.227238972546053,-10.1761872366116,19211dc232042f969c35fc18d135b54793a9c162e883e4107ae4a411cd9be63b,ID13-20200917,BOI_reference
/Users/zcm361/Documents/Github/OxygenDynamicsV2/reference-validation/phase1-optimized-20260909/ID13-20200917/Recording,sink,4,4,29,399,407,402,404,351,20,20,0,0,0,12.3349002849003,12.3349002849003,valid,valid,0.0781951934958599,0.0781951934958599,0,1,0,Awake_mobile,-0.229012670524326,-0.387990215384748,403,-7.81951934958599,0.124994828970932,-7.94451417855691,19211dc232042f969c35fc18d135b54793a9c162e883e4107ae4a411cd9be63b,ID13-20200917,BOI_reference
/Users/zcm361/Documents/Github/OxygenDynamicsV2/reference-validation/phase1-optimized-20260909/ID13-20200917/Recording,sink,4,5,30,522,653,527,540,954,20,20,0,0,0,9.60607966457023,9.60607966457023,valid,valid,0.0622203793020668,0.0622203793020668,0,1,0,Awake_mobile,-0.225212744731498,-0.248406462485391,533,-6.22203793020668,-0.00692635985801942,-6.21511157034866,19211dc232042f969c35fc18d135b54793a9c162e883e4107ae4a411cd9be63b,ID13-20200917,BOI_reference
/Users/zcm361/Documents/Github/OxygenDynamicsV2/reference-validation/phase1-optimized-20260909/ID13-20200917/Recording,sink,4,6,31,522,653,594,599,915,20,20,0,0,0,10.5779781420765,10.5779781420765,valid,valid,0.113117777421905,0.113117777421905,0,1,0,Awake_mobile,-0.208388675174562,-0.24591700630656,604,-11.3117777421905,0.302086818611334,-11.6138645608018,19211dc232042f969c35fc18d135b54793a9c162e883e4107ae4a411cd9be63b,ID13-20200917,BOI_reference
/Users/zcm361/Documents/Github/OxygenDynamicsV2/reference-validation/phase1-optimized-20260909/ID13-20200917/Recording,sink,4,7,32,695,742,726,733,467,20,20,0,0,0,12.2853319057816,12.2853319057816,valid,valid,0.0722035818554186,0.0722035818554186,0,1,0,Awake_mobile,-0.229589089663496,-0.293620521878357,732,-7.22035818554186,0.164662146355676,-7.38502033189751,19211dc232042f969c35fc18d135b54793a9c162e883e4107ae4a411cd9be63b,ID13-20200917,BOI_reference
/Users/zcm361/Documents/Github/OxygenDynamicsV2/reference-validation/phase1-optimized-20260909/ID13-20200917/Recording,sink,4,8,33,766,793,776,785,345,20,20,0,0,0,11.9130434782609,11.9130434782609,valid,valid,0.0768856447688563,0.0768856447688563,0,1,0,Awake_mobile,-0.228107704136899,-0.319306048656497,769,-7.68856447688563,0.0277428099001817,-7.71630728678582,19211dc232042f969c35fc18d135b54793a9c162e883e4107ae4a411cd9be63b,ID13-20200917,BOI_reference
/Users/zcm361/Documents/Github/OxygenDynamicsV2/reference-validation/phase1-optimized-20260909/ID13-20200917/Recording,sink,4,9,34,851,866,852,864,439,20,20,0,0,0,12.0990888382688,12.0990888382688,valid,valid,0.0970535630236279,0.0970535630236279,0,1,0,Awake_mobile,-0.291898020630138,-0.394546980547921,853,-9.70535630236279,-0.00217780357690926,-9.7031784987859,19211dc232042f969c35fc18d135b54793a9c162e883e4107ae4a411cd9be63b,ID13-20200917,BOI_reference
/Users/zcm361/Documents/Github/OxygenDynamicsV2/reference-validation/phase1-optimized-20260909/ID13-20200917/Recording,sink,4,10,35,1059,1108,1096,1106,310,20,20,0,0,0,8.99806451612903,8.99806451612903,valid,valid,0.142826414282641,0.142826414282641,0,1,0,Awake_mobile,-0.280161689103873,-0.412703056347845,1066,-14.2826414282641,-0.144639360071533,-14.1380020681926,19211dc232042f969c35fc18d135b54793a9c162e883e4107ae4a411cd9be63b,ID13-20200917,BOI_reference
/Users/zcm361/Documents/Github/OxygenDynamicsV2/reference-validation/phase1-optimized-20260909/ID13-20200917/Recording,sink,4,11,36,1182,1195,1183,1195,505,20,16,0,4,0,NaN,NaN,insufficient_clean_prebaseline,insufficient_clean_prebaseline,NaN,NaN,NaN,1,0,Awake_mobile,-0.280565102284197,-0.40876594493892,NaN,NaN,NaN,NaN,19211dc232042f969c35fc18d135b54793a9c162e883e4107ae4a411cd9be63b,ID13-20200917,BOI_reference
/Users/zcm361/Documents/Github/OxygenDynamicsV2/reference-validation/phase1-optimized-20260909/ID13-20200917/Recording,sink,5,1,37,16,22,17,19,417,20,15,1,0,0,NaN,NaN,insufficient_clean_prebaseline,insufficient_clean_prebaseline,NaN,NaN,NaN,1,0,Awake_mobile,-0.20434296599252,-0.242065821603054,NaN,NaN,NaN,NaN,19211dc232042f969c35fc18d135b54793a9c162e883e4107ae4a411cd9be63b,ID13-20200917,BOI_reference
/Users/zcm361/Documents/Github/OxygenDynamicsV2/reference-validation/phase1-optimized-20260909/ID13-20200917/Recording,sink,5,2,38,1184,1195,1186,1190,675,20,20,0,0,0,9.96103703703704,9.96103703703704,valid,valid,0.10822910004908,0.10822910004908,0,1,0,Awake_mobile,-0.301655990717588,-0.360829088893788,1188,-10.822910004908,0.0218937114040053,-10.844803716312,19211dc232042f969c35fc18d135b54793a9c162e883e4107ae4a411cd9be63b,ID13-20200917,BOI_reference
/Users/zcm361/Documents/Github/OxygenDynamicsV2/reference-validation/phase1-optimized-20260909/ID13-20200917/Recording,sink,6,1,39,19,31,20,27,384,20,18,1,0,0,NaN,NaN,insufficient_clean_prebaseline,insufficient_clean_prebaseline,NaN,NaN,NaN,1,0,Awake_mobile,-0.175964533544175,-0.252170511500528,NaN,NaN,NaN,NaN,19211dc232042f969c35fc18d135b54793a9c162e883e4107ae4a411cd9be63b,ID13-20200917,BOI_reference
/Users/zcm361/Documents/Github/OxygenDynamicsV2/reference-validation/phase1-optimized-20260909/ID13-20200917/Recording,sink,6,2,40,74,104,80,84,491,20,20,0,0,0,4.16059063136456,4.16059063136456,valid,valid,0.141885111486404,0.141885111486404,0,1,0,Awake_mobile,-0.246367538788654,-0.301779506505584,90,-14.1885111486404,0.140629759275761,-14.3291409079161,19211dc232042f969c35fc18d135b54793a9c162e883e4107ae4a411cd9be63b,ID13-20200917,BOI_reference
/Users/zcm361/Documents/Github/OxygenDynamicsV2/reference-validation/phase1-optimized-20260909/ID13-20200917/Recording,sink,6,3,41,475,505,480,495,910,20,20,0,0,0,3.86054945054945,3.86054945054945,valid,valid,-0.00936494833622739,-0.00936494833622739,0,1,1,Awake_mobile,-0.181807672433941,-0.203642747436871,484,0.936494833622739,-0.12756482211627,1.06405965573899,19211dc232042f969c35fc18d135b54793a9c162e883e4107ae4a411cd9be63b,ID13-20200917,BOI_reference
/Users/zcm361/Documents/Github/OxygenDynamicsV2/reference-validation/phase1-optimized-20260909/ID13-20200917/Recording,sink,7,1,42,25,37,28,36,934,20,20,0,0,0,5.60626338329765,5.60626338329765,valid,valid,0.174218190498926,0.174218190498926,0,1,0,Awake_mobile,-0.273467363956557,-0.348808609016235,35,-17.4218190498926,0.999590715101521,-18.4214097649941,19211dc232042f969c35fc18d135b54793a9c162e883e4107ae4a411cd9be63b,ID13-20200917,BOI_reference
/Users/zcm361/Documents/Github/OxygenDynamicsV2/reference-validation/phase1-optimized-20260909/ID13-20200917/Recording,sink,7,2,43,57,70,60,66,1683,20,14,0,6,0,NaN,NaN,insufficient_clean_prebaseline,insufficient_clean_prebaseline,NaN,NaN,NaN,1,0,Awake_mobile,-0.260406084150546,-0.296988228717694,NaN,NaN,NaN,NaN,19211dc232042f969c35fc18d135b54793a9c162e883e4107ae4a411cd9be63b,ID13-20200917,BOI_reference
/Users/zcm361/Documents/Github/OxygenDynamicsV2/reference-validation/phase1-optimized-20260909/ID13-20200917/Recording,sink,7,3,44,72,129,87,92,343,20,13,0,7,0,NaN,NaN,insufficient_clean_prebaseline,insufficient_clean_prebaseline,NaN,NaN,NaN,1,0,Awake_mobile,-0.401792898289027,-0.548917557034244,NaN,NaN,NaN,NaN,19211dc232042f969c35fc18d135b54793a9c162e883e4107ae4a411cd9be63b,ID13-20200917,BOI_reference
/Users/zcm361/Documents/Github/OxygenDynamicsV2/reference-validation/phase1-optimized-20260909/ID13-20200917/Recording,sink,7,4,45,72,129,112,115,988,20,14,0,6,0,NaN,NaN,insufficient_clean_prebaseline,insufficient_clean_prebaseline,NaN,NaN,NaN,1,0,Awake_mobile,-0.227617499535443,-0.250455806403972,NaN,NaN,NaN,NaN,19211dc232042f969c35fc18d135b54793a9c162e883e4107ae4a411cd9be63b,ID13-20200917,BOI_reference
/Users/zcm361/Documents/Github/OxygenDynamicsV2/reference-validation/phase1-optimized-20260909/ID13-20200917/Recording,sink,7,5,46,199,368,309,313,581,20,13,0,7,0,NaN,NaN,insufficient_clean_prebaseline,insufficient_clean_prebaseline,NaN,NaN,NaN,1,0,Awake_mobile,-0.320504060664604,-0.380042192985594,NaN,NaN,NaN,NaN,19211dc232042f969c35fc18d135b54793a9c162e883e4107ae4a411cd9be63b,ID13-20200917,BOI_reference
/Users/zcm361/Documents/Github/OxygenDynamicsV2/reference-validation/phase1-optimized-20260909/ID13-20200917/Recording,sink,7,6,47,199,368,343,356,1249,20,13,0,7,0,NaN,NaN,insufficient_clean_prebaseline,insufficient_clean_prebaseline,NaN,NaN,NaN,1,0,Awake_mobile,-0.262310129939405,-0.312119073568357,NaN,NaN,NaN,NaN,19211dc232042f969c35fc18d135b54793a9c162e883e4107ae4a411cd9be63b,ID13-20200917,BOI_reference
/Users/zcm361/Documents/Github/OxygenDynamicsV2/reference-validation/phase1-optimized-20260909/ID13-20200917/Recording,sink,7,7,48,399,464,415,452,1760,20,20,0,0,0,7.67008522727273,7.67008522727273,valid,valid,0.202702352335483,0.202702352335483,0,1,0,Awake_mobile,-0.291733977238812,-0.340884375072902,432,-20.2702352335483,0.606835103769136,-20.8770703373174,19211dc232042f969c35fc18d135b54793a9c162e883e4107ae4a411cd9be63b,ID13-20200917,BOI_reference
/Users/zcm361/Documents/Github/OxygenDynamicsV2/reference-validation/phase1-optimized-20260909/ID13-20200917/Recording,sink,7,8,49,599,612,607,610,427,20,20,0,0,0,8.65433255269321,8.65433255269321,valid,valid,0.268279482599989,0.268279482599989,0,1,0,Awake_mobile,-0.428729636389631,-0.582669695135887,604,-26.8279482599989,0.161355545736555,-26.9893038057355,19211dc232042f969c35fc18d135b54793a9c162e883e4107ae4a411cd9be63b,ID13-20200917,BOI_reference
/Users/zcm361/Documents/Github/OxygenDynamicsV2/reference-validation/phase1-optimized-20260909/ID13-20200917/Recording,sink,7,9,50,631,683,656,658,324,20,20,0,0,0,7.19398148148148,7.19398148148148,valid,valid,0.066005963489714,0.066005963489714,0,1,0,Awake_mobile,-0.330303631354997,-0.481372935497752,657,-6.6005963489714,0.30858408377844,-6.90918043274984,19211dc232042f969c35fc18d135b54793a9c162e883e4107ae4a411cd9be63b,ID13-20200917,BOI_reference
/Users/zcm361/Documents/Github/OxygenDynamicsV2/reference-validation/phase1-optimized-20260909/ID13-20200917/Recording,sink,7,10,51,631,683,678,681,532,20,20,0,0,0,5.97058270676692,5.97058270676692,valid,valid,0.0536307396854883,0.0536307396854883,0,1,0,Awake_mobile,-0.206851688199642,-0.252590877768955,635,-5.36307396854883,-0.0679362187624014,-5.2951377497864,19211dc232042f969c35fc18d135b54793a9c162e883e4107ae4a411cd9be63b,ID13-20200917,BOI_reference
/Users/zcm361/Documents/Github/OxygenDynamicsV2/reference-validation/phase1-optimized-20260909/ID13-20200917/Recording,sink,7,11,52,721,785,743,765,2110,20,20,0,0,0,7.74950236966825,7.74950236966825,valid,valid,0.195973445780038,0.195973445780038,0,1,0,Awake_mobile,-0.22376482080869,-0.258671093062347,751,-19.5973445780038,-0.172656816574479,-19.4246877614293,19211dc232042f969c35fc18d135b54793a9c162e883e4107ae4a411cd9be63b,ID13-20200917,BOI_reference
/Users/zcm361/Documents/Github/OxygenDynamicsV2/reference-validation/phase1-optimized-20260909/ID13-20200917/Recording,sink,7,12,53,892,994,979,988,840,20,18,0,2,0,NaN,NaN,insufficient_clean_prebaseline,insufficient_clean_prebaseline,NaN,NaN,NaN,1,0,Awake_mobile,-0.448923243362279,-0.535686033391023,NaN,NaN,NaN,NaN,19211dc232042f969c35fc18d135b54793a9c162e883e4107ae4a411cd9be63b,ID13-20200917,BOI_reference
/Users/zcm361/Documents/Github/OxygenDynamicsV2/reference-validation/phase1-optimized-20260909/ID13-20200917/Recording,sink,7,13,54,1032,1091,1054,1077,2600,20,20,0,0,0,7.84763461538462,7.84763461538462,valid,valid,0.197014288969974,0.197014288969974,0,1,0,Awake_mobile,-0.380476326186424,-0.419041972671564,1050,-19.7014288969974,-0.456230663350736,-19.2451982336466,19211dc232042f969c35fc18d135b54793a9c162e883e4107ae4a411cd9be63b,ID13-20200917,BOI_reference
/Users/zcm361/Documents/Github/OxygenDynamicsV2/reference-validation/phase1-optimized-20260909/ID13-20200917/Recording,sink,7,14,55,1182,1196,1184,1196,1490,20,0,0,20,0,NaN,NaN,insufficient_clean_prebaseline,insufficient_clean_prebaseline,NaN,NaN,NaN,1,0,Awake_mobile,-0.282194323428687,-0.36937573455086,NaN,NaN,NaN,NaN,19211dc232042f969c35fc18d135b54793a9c162e883e4107ae4a411cd9be63b,ID13-20200917,BOI_reference
/Users/zcm361/Documents/Github/OxygenDynamicsV2/reference-validation/phase1-optimized-20260909/ID13-20200917/Recording,sink,8,1,56,16,37,29,34,490,20,15,1,0,0,NaN,NaN,insufficient_clean_prebaseline,insufficient_clean_prebaseline,NaN,NaN,NaN,1,0,Awake_mobile,-0.260777935717686,-0.398309174357822,NaN,NaN,NaN,NaN,19211dc232042f969c35fc18d135b54793a9c162e883e4107ae4a411cd9be63b,ID13-20200917,BOI_reference
/Users/zcm361/Documents/Github/OxygenDynamicsV2/reference-validation/phase1-optimized-20260909/ID13-20200917/Recording,sink,8,2,57,37,73,62,65,533,20,14,0,6,0,NaN,NaN,insufficient_clean_prebaseline,insufficient_clean_prebaseline,NaN,NaN,NaN,1,0,Awake_mobile,-0.294906384187557,-0.412210150220266,NaN,NaN,NaN,NaN,19211dc232042f969c35fc18d135b54793a9c162e883e4107ae4a411cd9be63b,ID13-20200917,BOI_reference
/Users/zcm361/Documents/Github/OxygenDynamicsV2/reference-validation/phase1-optimized-20260909/ID13-20200917/Recording,sink,8,3,58,434,455,442,444,278,20,20,0,0,0,3.65791366906475,3.65791366906475,valid,valid,0.0569377519913463,0.0569377519913463,0,1,0,Awake_mobile,-0.285705564387268,-0.478443502646154,449,-5.69377519913463,0.615805554097823,-6.30958075323244,19211dc232042f969c35fc18d135b54793a9c162e883e4107ae4a411cd9be63b,ID13-20200917,BOI_reference
/Users/zcm361/Documents/Github/OxygenDynamicsV2/reference-validation/phase1-optimized-20260909/ID13-20200917/Recording,sink,8,4,59,740,755,743,747,316,20,20,0,0,0,4.48338607594937,4.48338607594937,valid,valid,0.284983236280219,0.284983236280219,0,1,0,Awake_mobile,-0.288822698371508,-0.538259454929827,751,-28.4983236280219,0.213993536396228,-28.7123171644181,19211dc232042f969c35fc18d135b54793a9c162e883e4107ae4a411cd9be63b,ID13-20200917,BOI_reference
/Users/zcm361/Documents/Github/OxygenDynamicsV2/reference-validation/phase1-optimized-20260909/ID13-20200917/Recording,sink,8,5,60,842,887,878,880,503,20,20,0,0,0,4.82007952286282,4.82007952286282,valid,valid,0.305836254897917,0.305836254897917,0,1,0,Awake_mobile,-0.311618943782023,-0.479384058816735,880,-30.5836254897917,0.100612099167517,-30.6842375889592,19211dc232042f969c35fc18d135b54793a9c162e883e4107ae4a411cd9be63b,ID13-20200917,BOI_reference
/Users/zcm361/Documents/Github/OxygenDynamicsV2/reference-validation/phase1-optimized-20260909/ID13-20200917/Recording,sink,8,6,61,1005,1050,1045,1047,317,20,20,0,0,0,3.6493690851735,3.6493690851735,valid,valid,0.0716168906945585,0.0716168906945585,0,1,0,Awake_mobile,-0.33583402943912,-0.568867026290467,1046,-7.16168906945585,-0.87874010673814,-6.28294896271771,19211dc232042f969c35fc18d135b54793a9c162e883e4107ae4a411cd9be63b,ID13-20200917,BOI_reference
/Users/zcm361/Documents/Github/OxygenDynamicsV2/reference-validation/phase1-optimized-20260909/ID13-20200917/Recording,sink,8,7,62,1069,1113,1094,1100,589,20,20,0,0,0,3.49431239388795,3.49431239388795,valid,valid,0.0350557539537933,0.0350557539537933,0,1,0,Awake_mobile,-0.26872839715414,-0.414219024447189,1075,-3.50557539537933,-0.324225886651537,-3.18134950872779,19211dc232042f969c35fc18d135b54793a9c162e883e4107ae4a411cd9be63b,ID13-20200917,BOI_reference
/Users/zcm361/Documents/Github/OxygenDynamicsV2/reference-validation/phase1-optimized-20260909/ID13-20200917/Recording,sink,9,1,63,30,38,30,35,319,20,20,0,0,0,10.1584639498433,10.1584639498433,valid,valid,0.15909336378084,0.15909336378084,0,1,0,Awake_mobile,-0.359851149945299,-0.581201593390776,34,-15.909336378084,0.119936287351628,-16.0292726654356,19211dc232042f969c35fc18d135b54793a9c162e883e4107ae4a411cd9be63b,ID13-20200917,BOI_reference
/Users/zcm361/Documents/Github/OxygenDynamicsV2/reference-validation/phase1-optimized-20260909/ID13-20200917/Recording,sink,9,2,64,40,135,76,99,2386,20,8,0,12,0,NaN,NaN,insufficient_clean_prebaseline,insufficient_clean_prebaseline,NaN,NaN,NaN,1,0,Awake_mobile,-0.250452578687606,-0.281838395111049,NaN,NaN,NaN,NaN,19211dc232042f969c35fc18d135b54793a9c162e883e4107ae4a411cd9be63b,ID13-20200917,BOI_reference
/Users/zcm361/Documents/Github/OxygenDynamicsV2/reference-validation/phase1-optimized-20260909/ID13-20200917/Recording,sink,9,3,65,268,337,285,289,372,20,12,0,8,0,NaN,NaN,insufficient_clean_prebaseline,insufficient_clean_prebaseline,NaN,NaN,NaN,1,0,Awake_mobile,-0.262067033017996,-0.356268614132529,NaN,NaN,NaN,NaN,19211dc232042f969c35fc18d135b54793a9c162e883e4107ae4a411cd9be63b,ID13-20200917,BOI_reference
/Users/zcm361/Documents/Github/OxygenDynamicsV2/reference-validation/phase1-optimized-20260909/ID13-20200917/Recording,sink,10,1,66,22,50,30,36,363,20,16,0,4,0,NaN,NaN,insufficient_clean_prebaseline,insufficient_clean_prebaseline,NaN,NaN,NaN,1,0,Awake_mobile,-0.31781979943107,-0.527888510089941,NaN,NaN,NaN,NaN,19211dc232042f969c35fc18d135b54793a9c162e883e4107ae4a411cd9be63b,ID13-20200917,BOI_reference
/Users/zcm361/Documents/Github/OxygenDynamicsV2/reference-validation/phase1-optimized-20260909/ID13-20200917/Recording,sink,10,2,67,57,69,62,64,178,20,20,0,0,0,7.5691011235955,7.5691011235955,valid,valid,0.0885474653009721,0.0885474653009721,0,1,0,Awake_mobile,-0.290357916570558,-0.419322408824263,63,-8.85474653009721,0.049808688569744,-8.90455521866697,19211dc232042f969c35fc18d135b54793a9c162e883e4107ae4a411cd9be63b,ID13-20200917,BOI_reference
/Users/zcm361/Documents/Github/OxygenDynamicsV2/reference-validation/phase1-optimized-20260909/ID13-20200917/Recording,sink,10,3,68,321,360,354,358,387,20,20,0,0,0,7.83359173126615,7.83359173126615,valid,valid,0.044069138408761,0.044069138408761,0,1,0,Awake_mobile,-0.266987452750366,-0.368885301674646,357,-4.4069138408761,-0.273906622024932,-4.13300721885118,19211dc232042f969c35fc18d135b54793a9c162e883e4107ae4a411cd9be63b,ID13-20200917,BOI_reference
/Users/zcm361/Documents/Github/OxygenDynamicsV2/reference-validation/phase1-optimized-20260909/ID13-20200917/Recording,sink,10,4,69,431,440,434,436,283,20,20,0,0,0,8.56024734982332,8.56024734982332,valid,valid,0.0964066789127157,0.0964066789127157,0,1,0,Awake_mobile,-0.324174087235728,-0.500008259663244,432,-9.64066789127157,-0.114572292153967,-9.52609559911764,19211dc232042f969c35fc18d135b54793a9c162e883e4107ae4a411cd9be63b,ID13-20200917,BOI_reference
/Users/zcm361/Documents/Github/OxygenDynamicsV2/reference-validation/phase1-optimized-20260909/ID13-20200917/Recording,sink,10,5,70,611,664,641,662,2393,20,6,0,14,0,NaN,NaN,insufficient_clean_prebaseline,insufficient_clean_prebaseline,NaN,NaN,NaN,1,0,Awake_mobile,-0.380467240346794,-0.43132988430415,NaN,NaN,NaN,NaN,19211dc232042f969c35fc18d135b54793a9c162e883e4107ae4a411cd9be63b,ID13-20200917,BOI_reference
/Users/zcm361/Documents/Github/OxygenDynamicsV2/reference-validation/phase1-optimized-20260909/ID13-20200917/Recording,sink,10,6,71,727,753,743,748,489,20,20,0,0,0,8.36216768916155,8.36216768916155,valid,valid,0.185395319263408,0.185395319263408,0,1,0,Awake_mobile,-0.276604540092488,-0.370912391760448,751,-18.5395319263408,-0.390501224064929,-18.1490307022758,19211dc232042f969c35fc18d135b54793a9c162e883e4107ae4a411cd9be63b,ID13-20200917,BOI_reference
/Users/zcm361/Documents/Github/OxygenDynamicsV2/reference-validation/phase1-optimized-20260909/ID13-20200917/Recording,sink,10,7,72,836,861,851,861,966,20,5,0,15,0,NaN,NaN,insufficient_clean_prebaseline,insufficient_clean_prebaseline,NaN,NaN,NaN,1,0,Awake_mobile,-0.239555137639756,-0.270724004813992,NaN,NaN,NaN,NaN,19211dc232042f969c35fc18d135b54793a9c162e883e4107ae4a411cd9be63b,ID13-20200917,BOI_reference
/Users/zcm361/Documents/Github/OxygenDynamicsV2/reference-validation/phase1-optimized-20260909/ID13-20200917/Recording,sink,10,8,73,889,904,895,901,1546,20,20,0,0,0,9.52102199223803,9.52102199223803,valid,valid,0.131220489826421,0.131220489826421,0,1,0,Awake_mobile,-0.314928917310315,-0.359209036345752,901,-13.1220489826421,-0.499069610177576,-12.6229793724645,19211dc232042f969c35fc18d135b54793a9c162e883e4107ae4a411cd9be63b,ID13-20200917,BOI_reference
/Users/zcm361/Documents/Github/OxygenDynamicsV2/reference-validation/phase1-optimized-20260909/ID13-20200917/Recording,sink,10,9,74,936,952,940,949,1009,20,12,0,8,0,NaN,NaN,insufficient_clean_prebaseline,insufficient_clean_prebaseline,NaN,NaN,NaN,1,0,Awake_mobile,-0.273638874542695,-0.306363052487596,NaN,NaN,NaN,NaN,19211dc232042f969c35fc18d135b54793a9c162e883e4107ae4a411cd9be63b,ID13-20200917,BOI_reference
/Users/zcm361/Documents/Github/OxygenDynamicsV2/reference-validation/phase1-optimized-20260909/ID13-20200917/Recording,sink,10,10,75,967,995,975,983,1089,20,5,0,15,0,NaN,NaN,insufficient_clean_prebaseline,insufficient_clean_prebaseline,NaN,NaN,NaN,1,0,Awake_mobile,-0.49221812797078,-0.555674125917955,NaN,NaN,NaN,NaN,19211dc232042f969c35fc18d135b54793a9c162e883e4107ae4a411cd9be63b,ID13-20200917,BOI_reference
/Users/zcm361/Documents/Github/OxygenDynamicsV2/reference-validation/phase1-optimized-20260909/ID13-20200917/Recording,sink,10,11,76,999,1022,1013,1019,295,20,17,0,3,0,NaN,NaN,insufficient_clean_prebaseline,insufficient_clean_prebaseline,NaN,NaN,NaN,1,0,Awake_mobile,-0.35619078182568,-0.496933536468034,NaN,NaN,NaN,NaN,19211dc232042f969c35fc18d135b54793a9c162e883e4107ae4a411cd9be63b,ID13-20200917,BOI_reference
/Users/zcm361/Documents/Github/OxygenDynamicsV2/reference-validation/phase1-optimized-20260909/ID13-20200917/Recording,sink,10,12,77,1089,1177,1133,1151,2340,20,15,0,5,0,NaN,NaN,insufficient_clean_prebaseline,insufficient_clean_prebaseline,NaN,NaN,NaN,1,0,Awake_mobile,-0.260265841503181,-0.300470981276339,NaN,NaN,NaN,NaN,19211dc232042f969c35fc18d135b54793a9c162e883e4107ae4a411cd9be63b,ID13-20200917,BOI_reference
/Users/zcm361/Documents/Github/OxygenDynamicsV2/reference-validation/phase1-optimized-20260909/ID13-20200917/Recording,sink,11,1,78,29,38,31,35,591,20,20,0,0,0,9.84881556683587,9.84881556683587,valid,valid,0.148720503723811,0.148720503723811,0,1,0,Awake_mobile,-0.319117805033973,-0.482144906793507,35,-14.8720503723811,0.395163790296435,-15.2672141626775,19211dc232042f969c35fc18d135b54793a9c162e883e4107ae4a411cd9be63b,ID13-20200917,BOI_reference
/Users/zcm361/Documents/Github/OxygenDynamicsV2/reference-validation/phase1-optimized-20260909/ID13-20200917/Recording,sink,11,2,79,58,72,63,65,219,20,20,0,0,0,8.11689497716895,8.11689497716895,valid,valid,0.0627812781278129,0.0627812781278129,0,1,0,Awake_mobile,-0.273693290996951,-0.35342923511965,63,-6.27812781278129,0.428053843562437,-6.70618165634372,19211dc232042f969c35fc18d135b54793a9c162e883e4107ae4a411cd9be63b,ID13-20200917,BOI_reference
/Users/zcm361/Documents/Github/OxygenDynamicsV2/reference-validation/phase1-optimized-20260909/ID13-20200917/Recording,sink,11,3,80,72,98,86,92,1081,20,17,0,3,0,NaN,NaN,insufficient_clean_prebaseline,insufficient_clean_prebaseline,NaN,NaN,NaN,1,0,Awake_mobile,-0.345772456804144,-0.435450481552781,NaN,NaN,NaN,NaN,19211dc232042f969c35fc18d135b54793a9c162e883e4107ae4a411cd9be63b,ID13-20200917,BOI_reference
/Users/zcm361/Documents/Github/OxygenDynamicsV2/reference-validation/phase1-optimized-20260909/ID13-20200917/Recording,sink,11,4,81,256,315,308,310,269,20,10,0,10,0,NaN,NaN,insufficient_clean_prebaseline,insufficient_clean_prebaseline,NaN,NaN,NaN,1,0,Awake_mobile,-0.323468261879616,-0.38353773829114,NaN,NaN,NaN,NaN,19211dc232042f969c35fc18d135b54793a9c162e883e4107ae4a411cd9be63b,ID13-20200917,BOI_reference
/Users/zcm361/Documents/Github/OxygenDynamicsV2/reference-validation/phase1-optimized-20260909/ID13-20200917/Recording,sink,11,5,82,342,367,344,357,806,20,20,0,0,0,9.70781637717122,9.70781637717122,valid,valid,0.0905489168636973,0.0905489168636973,0,1,0,Awake_mobile,-0.262186876196085,-0.336857101817511,358,-9.05489168636973,0.230304471023761,-9.28519615739352,19211dc232042f969c35fc18d135b54793a9c162e883e4107ae4a411cd9be63b,ID13-20200917,BOI_reference
/Users/zcm361/Documents/Github/OxygenDynamicsV2/reference-validation/phase1-optimized-20260909/ID13-20200917/Recording,sink,11,6,83,418,571,438,443,276,20,20,0,0,0,10.2413043478261,10.2413043478261,valid,valid,0.19620745772306,0.19620745772306,0,1,0,Awake_mobile,-0.277366737767622,-0.388215891334911,432,-19.620745772306,0.17053546015498,-19.791281232461,19211dc232042f969c35fc18d135b54793a9c162e883e4107ae4a411cd9be63b,ID13-20200917,BOI_reference
/Users/zcm361/Documents/Github/OxygenDynamicsV2/reference-validation/phase1-optimized-20260909/ID13-20200917/Recording,sink,11,7,84,623,668,635,642,1366,20,20,0,0,0,8.48572474377746,8.48572474377746,valid,valid,0.123927015485485,0.123927015485485,0,1,0,Awake_mobile,-0.480032080195375,-0.563823388393098,636,-12.3927015485485,-0.0464474813010818,-12.3462540672474,19211dc232042f969c35fc18d135b54793a9c162e883e4107ae4a411cd9be63b,ID13-20200917,BOI_reference
/Users/zcm361/Documents/Github/OxygenDynamicsV2/reference-validation/phase1-optimized-20260909/ID13-20200917/Recording,sink,11,8,85,733,765,746,748,158,20,20,0,0,0,10.3490506329114,10.3490506329114,valid,valid,0.187230529309238,0.187230529309238,0,1,0,Awake_mobile,-0.297208133629103,-0.457012625732155,751,-18.7230529309238,-0.172857359770133,-18.5501955711536,19211dc232042f969c35fc18d135b54793a9c162e883e4107ae4a411cd9be63b,ID13-20200917,BOI_reference
/Users/zcm361/Documents/Github/OxygenDynamicsV2/reference-validation/phase1-optimized-20260909/ID13-20200917/Recording,sink,11,9,86,769,775,772,774,213,20,20,0,0,0,7.23802816901408,7.23802816901408,valid,valid,0.0568852565349938,0.0568852565349938,0,1,0,Awake_mobile,-0.185588765137352,-0.289103458081944,772,-5.68852565349938,-0.12308982590396,-5.56543582759543,19211dc232042f969c35fc18d135b54793a9c162e883e4107ae4a411cd9be63b,ID13-20200917,BOI_reference
/Users/zcm361/Documents/Github/OxygenDynamicsV2/reference-validation/phase1-optimized-20260909/ID13-20200917/Recording,sink,11,10,87,876,894,879,881,259,20,20,0,0,0,10.8702702702703,10.8702702702703,valid,valid,0.250195354123748,0.250195354123748,0,1,0,Awake_mobile,-0.330406093171665,-0.538020979772931,881,-25.0195354123748,-0.216145892166801,-24.803389520208,19211dc232042f969c35fc18d135b54793a9c162e883e4107ae4a411cd9be63b,ID13-20200917,BOI_reference
/Users/zcm361/Documents/Github/OxygenDynamicsV2/reference-validation/phase1-optimized-20260909/ID13-20200917/Recording,sink,11,11,88,901,1014,979,988,536,20,19,0,1,0,NaN,NaN,insufficient_clean_prebaseline,insufficient_clean_prebaseline,NaN,NaN,NaN,1,0,Awake_mobile,-0.422288116662582,-0.597784111499261,NaN,NaN,NaN,NaN,19211dc232042f969c35fc18d135b54793a9c162e883e4107ae4a411cd9be63b,ID13-20200917,BOI_reference
/Users/zcm361/Documents/Github/OxygenDynamicsV2/reference-validation/phase1-optimized-20260909/ID13-20200917/Recording,sink,11,12,89,901,1014,1010,1012,386,20,19,0,1,0,NaN,NaN,insufficient_clean_prebaseline,insufficient_clean_prebaseline,NaN,NaN,NaN,1,0,Awake_mobile,-0.345921976192628,-0.53674926359845,NaN,NaN,NaN,NaN,19211dc232042f969c35fc18d135b54793a9c162e883e4107ae4a411cd9be63b,ID13-20200917,BOI_reference
/Users/zcm361/Documents/Github/OxygenDynamicsV2/reference-validation/phase1-optimized-20260909/ID13-20200917/Recording,sink,11,13,90,1033,1091,1059,1068,539,20,20,0,0,0,8.73200371057514,8.73200371057514,valid,valid,0.128023711635912,0.128023711635912,0,1,0,Awake_mobile,-0.337229554482316,-0.497133042700382,1050,-12.8023711635912,-0.695428234068919,-12.1069429295222,19211dc232042f969c35fc18d135b54793a9c162e883e4107ae4a411cd9be63b,ID13-20200917,BOI_reference
/Users/zcm361/Documents/Github/OxygenDynamicsV2/reference-validation/phase1-optimized-20260909/ID13-20200917/Recording,sink,11,14,91,1093,1108,1095,1099,423,20,20,0,0,0,8.30886524822695,8.30886524822695,valid,valid,0.020955144893517,0.020955144893517,0,1,0,Awake_mobile,-0.270728962761009,-0.42219653350387,1097,-2.0955144893517,-0.388676436592306,-1.70683805275941,19211dc232042f969c35fc18d135b54793a9c162e883e4107ae4a411cd9be63b,ID13-20200917,BOI_reference
/Users/zcm361/Documents/Github/OxygenDynamicsV2/reference-validation/phase1-optimized-20260909/ID13-20200917/Recording,sink,11,15,92,1158,1163,1159,1163,1472,20,20,0,0,0,8.04025135869565,8.04025135869565,valid,valid,0.121015610147652,0.121015610147652,0,1,0,Awake_mobile,-0.30199844919793,-0.391600984840585,1162,-12.1015610147652,-0.329334688407605,-11.7722263263576,19211dc232042f969c35fc18d135b54793a9c162e883e4107ae4a411cd9be63b,ID13-20200917,BOI_reference
/Users/zcm361/Documents/Github/OxygenDynamicsV2/reference-validation/phase1-optimized-20260909/ID13-20200917/Recording,sink,11,16,93,1158,1195,1192,1195,315,20,20,0,0,0,10.465873015873,10.465873015873,valid,valid,0.278683551983014,0.278683551983014,0,1,0,Awake_mobile,-0.294024001670972,-0.503712149017808,1195,-27.8683551983014,-1.27104826798472,-26.5973069303166,19211dc232042f969c35fc18d135b54793a9c162e883e4107ae4a411cd9be63b,ID13-20200917,BOI_reference
/Users/zcm361/Documents/Github/OxygenDynamicsV2/reference-validation/phase1-optimized-20260909/ID13-20200917/Recording,sink,12,1,94,445,477,446,465,1435,20,20,0,0,0,8.22783972125435,8.22783972125435,valid,valid,0.134238732272094,0.134238732272094,0,1,0,Awake_mobile,-0.296475312365501,-0.33840639148508,450,-13.4238732272094,-0.359798533551348,-13.064074693658,19211dc232042f969c35fc18d135b54793a9c162e883e4107ae4a411cd9be63b,ID13-20200917,BOI_reference
/Users/zcm361/Documents/Github/OxygenDynamicsV2/reference-validation/phase1-optimized-20260909/ID13-20200917/Recording,sink,12,2,95,560,596,561,563,1365,20,6,0,14,0,NaN,NaN,insufficient_clean_prebaseline,insufficient_clean_prebaseline,NaN,NaN,NaN,1,0,Awake_mobile,-0.231109319091985,-0.31575483491115,NaN,NaN,NaN,NaN,19211dc232042f969c35fc18d135b54793a9c162e883e4107ae4a411cd9be63b,ID13-20200917,BOI_reference
/Users/zcm361/Documents/Github/OxygenDynamicsV2/reference-validation/phase1-optimized-20260909/ID13-20200917/Recording,sink,12,3,96,601,653,621,631,1376,20,6,0,14,0,NaN,NaN,insufficient_clean_prebaseline,insufficient_clean_prebaseline,NaN,NaN,NaN,1,0,Awake_mobile,-0.475457239400863,-0.535152310972443,NaN,NaN,NaN,NaN,19211dc232042f969c35fc18d135b54793a9c162e883e4107ae4a411cd9be63b,ID13-20200917,BOI_reference
/Users/zcm361/Documents/Github/OxygenDynamicsV2/reference-validation/phase1-optimized-20260909/ID13-20200917/Recording,sink,12,4,97,696,780,749,754,1624,20,20,0,0,0,8.68352832512315,8.68352832512315,valid,valid,0.270389766026925,0.270389766026925,0,1,0,Awake_mobile,-0.329573987664533,-0.36100588824971,751,-27.0389766026925,-2.33849149577992,-24.7004851069126,19211dc232042f969c35fc18d135b54793a9c162e883e4107ae4a411cd9be63b,ID13-20200917,BOI_reference
/Users/zcm361/Documents/Github/OxygenDynamicsV2/reference-validation/phase1-optimized-20260909/ID13-20200917/Recording,sink,12,5,98,794,894,881,886,1797,20,19,0,1,0,NaN,NaN,insufficient_clean_prebaseline,insufficient_clean_prebaseline,NaN,NaN,NaN,1,0,Awake_mobile,-0.202694966737666,-0.220338597531725,NaN,NaN,NaN,NaN,19211dc232042f969c35fc18d135b54793a9c162e883e4107ae4a411cd9be63b,ID13-20200917,BOI_reference
/Users/zcm361/Documents/Github/OxygenDynamicsV2/reference-validation/phase1-optimized-20260909/ID13-20200917/Recording,sink,12,6,99,895,1039,997,1034,3011,20,14,0,6,0,NaN,NaN,insufficient_clean_prebaseline,insufficient_clean_prebaseline,NaN,NaN,NaN,1,0,Awake_mobile,-0.300633014044276,-0.329795681795596,NaN,NaN,NaN,NaN,19211dc232042f969c35fc18d135b54793a9c162e883e4107ae4a411cd9be63b,ID13-20200917,BOI_reference
/Users/zcm361/Documents/Github/OxygenDynamicsV2/reference-validation/phase1-optimized-20260909/ID13-20200917/Recording,sink,12,7,100,1061,1068,1062,1064,304,20,20,0,0,0,6.01809210526316,6.01809210526316,valid,valid,0.0822629133643074,0.0822629133643074,0,1,0,Awake_mobile,-0.270789183545531,-0.440876088519425,1063,-8.22629133643074,-0.288316901705155,-7.93797443472556,19211dc232042f969c35fc18d135b54793a9c162e883e4107ae4a411cd9be63b,ID13-20200917,BOI_reference
/Users/zcm361/Documents/Github/OxygenDynamicsV2/reference-validation/phase1-optimized-20260909/ID13-20200917/Recording,sink,12,8,101,1183,1200,1196,1200,839,20,7,0,13,0,NaN,NaN,insufficient_clean_prebaseline,insufficient_clean_prebaseline,NaN,NaN,NaN,1,0,Awake_mobile,-0.460097312689254,-0.536055062153708,NaN,NaN,NaN,NaN,19211dc232042f969c35fc18d135b54793a9c162e883e4107ae4a411cd9be63b,ID13-20200917,BOI_reference
/Users/zcm361/Documents/Github/OxygenDynamicsV2/reference-validation/phase1-optimized-20260909/ID13-20200917/Recording,sink,13,1,102,31,51,35,38,758,20,20,0,0,0,5.68634564643799,5.68634564643799,valid,valid,0.15526941592715,0.15526941592715,0,1,0,Awake_mobile,-0.313299348349327,-0.385190478296911,36,-15.526941592715,-0.170882880668614,-15.3560587120464,19211dc232042f969c35fc18d135b54793a9c162e883e4107ae4a411cd9be63b,ID13-20200917,BOI_reference
/Users/zcm361/Documents/Github/OxygenDynamicsV2/reference-validation/phase1-optimized-20260909/ID13-20200917/Recording,sink,13,2,103,401,474,461,464,996,20,20,0,0,0,5.31857429718876,5.31857429718876,valid,valid,0.206954486247711,0.206954486247711,0,1,0,Awake_mobile,-0.292669908790643,-0.344704931935246,450,-20.6954486247711,-1.5283574712124,-19.1670911535587,19211dc232042f969c35fc18d135b54793a9c162e883e4107ae4a411cd9be63b,ID13-20200917,BOI_reference
/Users/zcm361/Documents/Github/OxygenDynamicsV2/reference-validation/phase1-optimized-20260909/ID13-20200917/Recording,sink,13,3,104,874,892,880,882,275,20,20,0,0,0,5.29981818181818,5.29981818181818,valid,valid,0.252118426018045,0.252118426018045,0,1,0,Awake_mobile,-0.313538491021503,-0.423923355071368,880,-25.2118426018045,-0.340160742385568,-24.871681859419,19211dc232042f969c35fc18d135b54793a9c162e883e4107ae4a411cd9be63b,ID13-20200917,BOI_reference
/Users/zcm361/Documents/Github/OxygenDynamicsV2/reference-validation/phase1-optimized-20260909/ID13-20200917/Recording,sink,14,1,105,31,46,36,38,370,20,13,0,7,0,NaN,NaN,insufficient_clean_prebaseline,insufficient_clean_prebaseline,NaN,NaN,NaN,1,0,Awake_mobile,-0.321817344722447,-0.473591228280634,NaN,NaN,NaN,NaN,19211dc232042f969c35fc18d135b54793a9c162e883e4107ae4a411cd9be63b,ID13-20200917,BOI_reference
/Users/zcm361/Documents/Github/OxygenDynamicsV2/reference-validation/phase1-optimized-20260909/ID13-20200917/Recording,sink,15,1,106,36,61,36,38,393,20,20,0,0,0,7.74681933842239,7.74681933842239,valid,valid,0.116767942190836,0.116767942190836,0,1,0,Awake_mobile,-0.300402989558894,-0.420180545124169,36,-11.6767942190836,-0.551658233832277,-11.1251359852513,19211dc232042f969c35fc18d135b54793a9c162e883e4107ae4a411cd9be63b,ID13-20200917,BOI_reference
/Users/zcm361/Documents/Github/OxygenDynamicsV2/reference-validation/phase1-optimized-20260909/ID13-20200917/Recording,sink,15,2,107,271,336,312,334,2845,20,20,0,0,0,6.76418277680141,6.76418277680141,valid,valid,0.147271111665393,0.147271111665393,0,1,0,Awake_mobile,-0.277675515589079,-0.296702574560899,278,-14.7271111665393,-0.39768123595426,-14.3294299305851,19211dc232042f969c35fc18d135b54793a9c162e883e4107ae4a411cd9be63b,ID13-20200917,BOI_reference
/Users/zcm361/Documents/Github/OxygenDynamicsV2/reference-validation/phase1-optimized-20260909/ID13-20200917/Recording,sink,15,3,108,429,466,453,465,828,20,20,0,0,0,5.68544685990338,5.68544685990338,valid,valid,0.160285073976909,0.160285073976909,0,1,0,Awake_mobile,-0.271020707495051,-0.292157668080995,451,-16.0285073976909,-1.2420577609388,-14.7864496367521,19211dc232042f969c35fc18d135b54793a9c162e883e4107ae4a411cd9be63b,ID13-20200917,BOI_reference
/Users/zcm361/Documents/Github/OxygenDynamicsV2/reference-validation/phase1-optimized-20260909/ID13-20200917/Recording,sink,16,1,109,34,70,37,43,476,20,20,0,0,0,14.0200630252101,14.0200630252101,valid,valid,0.135992088168966,0.135992088168966,0,1,0,Awake_mobile,-0.286202199696725,-0.372224540781438,39,-13.5992088168966,0.0315387628269515,-13.6307475797235,19211dc232042f969c35fc18d135b54793a9c162e883e4107ae4a411cd9be63b,ID13-20200917,BOI_reference
/Users/zcm361/Documents/Github/OxygenDynamicsV2/reference-validation/phase1-optimized-20260909/ID13-20200917/Recording,sink,17,1,110,31,52,39,45,647,20,20,0,0,0,7.57998454404946,7.57998454404946,valid,valid,0.154814701534383,0.154814701534383,0,1,0,Awake_mobile,-0.249942760774167,-0.2934210069616,41,-15.4814701534383,-0.57162889227683,-14.9098412611615,19211dc232042f969c35fc18d135b54793a9c162e883e4107ae4a411cd9be63b,ID13-20200917,BOI_reference
/Users/zcm361/Documents/Github/OxygenDynamicsV2/reference-validation/phase1-optimized-20260909/ID13-20200917/Recording,sink,17,2,111,167,203,182,191,1018,20,20,0,0,0,6.75761296660118,6.75761296660118,valid,valid,0.13260893265981,0.13260893265981,0,1,0,Awake_mobile,-0.223269161295343,-0.246975680503152,185,-13.260893265981,-0.288901633595459,-12.9719916323856,19211dc232042f969c35fc18d135b54793a9c162e883e4107ae4a411cd9be63b,ID13-20200917,BOI_reference
/Users/zcm361/Documents/Github/OxygenDynamicsV2/reference-validation/phase1-optimized-20260909/ID13-20200917/Recording,sink,17,3,112,330,344,339,341,304,20,20,0,0,0,4.93157894736842,4.93157894736842,valid,valid,0.0601654215581641,0.0601654215581641,0,1,0,Awake_mobile,-0.17118010778601,-0.1955375275394,340,-6.01654215581641,0.0459665350984614,-6.06250869091488,19211dc232042f969c35fc18d135b54793a9c162e883e4107ae4a411cd9be63b,ID13-20200917,BOI_reference
/Users/zcm361/Documents/Github/OxygenDynamicsV2/reference-validation/phase1-optimized-20260909/ID13-20200917/Recording,sink,17,4,113,572,601,579,581,514,20,20,0,0,0,7.09124513618677,7.09124513618677,valid,valid,0.0548437542868115,0.0548437542868115,0,1,0,Awake_mobile,-0.2096240648664,-0.229293733068631,580,-5.48437542868115,-0.112477945346108,-5.37189748333506,19211dc232042f969c35fc18d135b54793a9c162e883e4107ae4a411cd9be63b,ID13-20200917,BOI_reference
/Users/zcm361/Documents/Github/OxygenDynamicsV2/reference-validation/phase1-optimized-20260909/ID13-20200917/Recording,sink,17,5,114,1161,1184,1172,1176,602,20,20,0,0,0,6.72275747508306,6.72275747508306,valid,valid,0.118875244001878,0.118875244001878,0,1,0,Awake_mobile,-0.291056722169897,-0.326854625313355,1175,-11.8875244001878,-0.895796870596522,-10.9917275295913,19211dc232042f969c35fc18d135b54793a9c162e883e4107ae4a411cd9be63b,ID13-20200917,BOI_reference
/Users/zcm361/Documents/Github/OxygenDynamicsV2/reference-validation/phase1-optimized-20260909/ID13-20200917/Recording,sink,18,1,115,34,59,39,42,845,20,13,0,7,0,NaN,NaN,insufficient_clean_prebaseline,insufficient_clean_prebaseline,NaN,NaN,NaN,1,0,Awake_mobile,-0.27610739995257,-0.303265394389781,NaN,NaN,NaN,NaN,19211dc232042f969c35fc18d135b54793a9c162e883e4107ae4a411cd9be63b,ID13-20200917,BOI_reference
/Users/zcm361/Documents/Github/OxygenDynamicsV2/reference-validation/phase1-optimized-20260909/ID13-20200917/Recording,sink,18,2,116,444,688,465,468,351,20,20,0,0,0,13.5605413105413,13.5605413105413,valid,valid,0.158569252586795,0.158569252586795,0,1,0,Awake_mobile,-0.266167785356782,-0.310589893801391,624,-15.8569252586795,-2.39124022429109,-13.4656850343885,19211dc232042f969c35fc18d135b54793a9c162e883e4107ae4a411cd9be63b,ID13-20200917,BOI_reference
/Users/zcm361/Documents/Github/OxygenDynamicsV2/reference-validation/phase1-optimized-20260909/ID13-20200917/Recording,sink,18,3,117,444,688,615,621,1039,20,20,0,0,0,9.92786333012512,9.92786333012512,valid,valid,0.152888255510153,0.152888255510153,0,1,0,Awake_mobile,-0.436480257006157,-0.462799672896507,624,-15.2888255510153,-1.85007244835165,-13.4387531026636,19211dc232042f969c35fc18d135b54793a9c162e883e4107ae4a411cd9be63b,ID13-20200917,BOI_reference
/Users/zcm361/Documents/Github/OxygenDynamicsV2/reference-validation/phase1-optimized-20260909/ID13-20200917/Recording,sink,18,4,118,444,688,673,677,917,20,20,0,0,0,10.7028898582334,10.7028898582334,valid,valid,0.129659536096917,0.129659536096917,0,1,0,Awake_mobile,-0.224185799601343,-0.25596995245534,624,-12.9659536096917,-1.49055935740147,-11.4753942522903,19211dc232042f969c35fc18d135b54793a9c162e883e4107ae4a411cd9be63b,ID13-20200917,BOI_reference
/Users/zcm361/Documents/Github/OxygenDynamicsV2/reference-validation/phase1-optimized-20260909/ID13-20200917/Recording,sink,18,5,119,760,779,770,772,413,20,19,0,1,0,NaN,NaN,insufficient_clean_prebaseline,insufficient_clean_prebaseline,NaN,NaN,NaN,1,0,Awake_mobile,-0.181957426110374,-0.212728273904679,NaN,NaN,NaN,NaN,19211dc232042f969c35fc18d135b54793a9c162e883e4107ae4a411cd9be63b,ID13-20200917,BOI_reference
/Users/zcm361/Documents/Github/OxygenDynamicsV2/reference-validation/phase1-optimized-20260909/ID13-20200917/Recording,sink,18,6,120,867,907,887,891,449,20,20,0,0,0,12.3430957683742,12.3430957683742,valid,valid,0.140029411499355,0.140029411499355,0,1,0,Awake_mobile,-0.214737004479746,-0.272778409604504,883,-14.0029411499355,-0.714950211333152,-13.2879909386023,19211dc232042f969c35fc18d135b54793a9c162e883e4107ae4a411cd9be63b,ID13-20200917,BOI_reference
/Users/zcm361/Documents/Github/OxygenDynamicsV2/reference-validation/phase1-optimized-20260909/ID13-20200917/Recording,sink,18,7,121,972,1031,974,979,499,20,8,0,12,0,NaN,NaN,insufficient_clean_prebaseline,insufficient_clean_prebaseline,NaN,NaN,NaN,1,0,Awake_mobile,-0.654337843995773,-0.763086052935249,NaN,NaN,NaN,NaN,19211dc232042f969c35fc18d135b54793a9c162e883e4107ae4a411cd9be63b,ID13-20200917,BOI_reference
/Users/zcm361/Documents/Github/OxygenDynamicsV2/reference-validation/phase1-optimized-20260909/ID13-20200917/Recording,sink,18,8,122,972,1031,1001,1003,774,20,8,0,12,0,NaN,NaN,insufficient_clean_prebaseline,insufficient_clean_prebaseline,NaN,NaN,NaN,1,0,Awake_mobile,-0.462459116917453,-0.50695319795589,NaN,NaN,NaN,NaN,19211dc232042f969c35fc18d135b54793a9c162e883e4107ae4a411cd9be63b,ID13-20200917,BOI_reference
/Users/zcm361/Documents/Github/OxygenDynamicsV2/reference-validation/phase1-optimized-20260909/ID13-20200917/Recording,sink,18,9,123,1083,1118,1085,1088,2502,20,18,0,2,0,NaN,NaN,insufficient_clean_prebaseline,insufficient_clean_prebaseline,NaN,NaN,NaN,1,0,Awake_mobile,-0.400545284149053,-0.480862562900878,NaN,NaN,NaN,NaN,19211dc232042f969c35fc18d135b54793a9c162e883e4107ae4a411cd9be63b,ID13-20200917,BOI_reference
/Users/zcm361/Documents/Github/OxygenDynamicsV2/reference-validation/phase1-optimized-20260909/ID13-20200917/Recording,sink,18,10,124,1152,1198,1196,1198,969,20,19,0,1,0,NaN,NaN,insufficient_clean_prebaseline,insufficient_clean_prebaseline,NaN,NaN,NaN,1,0,Awake_mobile,-0.473158818956991,-0.56759850742253,NaN,NaN,NaN,NaN,19211dc232042f969c35fc18d135b54793a9c162e883e4107ae4a411cd9be63b,ID13-20200917,BOI_reference
/Users/zcm361/Documents/Github/OxygenDynamicsV2/reference-validation/phase1-optimized-20260909/ID13-20200917/Recording,sink,19,1,125,18,61,55,59,882,20,11,1,6,0,NaN,NaN,insufficient_clean_prebaseline,insufficient_clean_prebaseline,NaN,NaN,NaN,1,0,Awake_mobile,-0.175292264123589,-0.184636459101839,NaN,NaN,NaN,NaN,19211dc232042f969c35fc18d135b54793a9c162e883e4107ae4a411cd9be63b,ID13-20200917,BOI_reference
/Users/zcm361/Documents/Github/OxygenDynamicsV2/reference-validation/phase1-optimized-20260909/ID13-20200917/Recording,sink,19,2,126,443,471,464,468,648,20,20,0,0,0,10.764274691358,10.764274691358,valid,valid,0.115443890899968,0.115443890899968,0,1,0,Awake_mobile,-0.26243386230213,-0.297939156087446,451,-11.5443890899968,-0.206287428340161,-11.3381016616566,19211dc232042f969c35fc18d135b54793a9c162e883e4107ae4a411cd9be63b,ID13-20200917,BOI_reference
/Users/zcm361/Documents/Github/OxygenDynamicsV2/reference-validation/phase1-optimized-20260909/ID13-20200917/Recording,sink,19,3,127,609,726,679,681,306,20,5,0,15,0,NaN,NaN,insufficient_clean_prebaseline,insufficient_clean_prebaseline,NaN,NaN,NaN,1,0,Awake_mobile,-0.195254263535045,-0.242745774097194,NaN,NaN,NaN,NaN,19211dc232042f969c35fc18d135b54793a9c162e883e4107ae4a411cd9be63b,ID13-20200917,BOI_reference
/Users/zcm361/Documents/Github/OxygenDynamicsV2/reference-validation/phase1-optimized-20260909/ID13-20200917/Recording,sink,19,4,128,947,1012,989,991,389,20,18,0,2,0,NaN,NaN,insufficient_clean_prebaseline,insufficient_clean_prebaseline,NaN,NaN,NaN,1,0,Awake_mobile,-0.438378542661667,-0.527789420293142,NaN,NaN,NaN,NaN,19211dc232042f969c35fc18d135b54793a9c162e883e4107ae4a411cd9be63b,ID13-20200917,BOI_reference
/Users/zcm361/Documents/Github/OxygenDynamicsV2/reference-validation/phase1-optimized-20260909/ID13-20200917/Recording,sink,20,1,129,155,172,156,158,292,20,20,0,0,0,13.6402397260274,13.6402397260274,valid,valid,0.0614996422249841,0.0614996422249841,0,1,0,Awake_mobile,-0.225352285089626,-0.288045851944454,158,-6.14996422249841,0.277447645476319,-6.42741186797472,19211dc232042f969c35fc18d135b54793a9c162e883e4107ae4a411cd9be63b,ID13-20200917,BOI_reference
/Users/zcm361/Documents/Github/OxygenDynamicsV2/reference-validation/phase1-optimized-20260909/ID13-20200917/Recording,sink,20,2,130,212,269,213,268,1327,20,18,0,2,0,NaN,NaN,insufficient_clean_prebaseline,insufficient_clean_prebaseline,NaN,NaN,NaN,1,0,Awake_mobile,-0.202319464438478,-0.272508412136474,NaN,NaN,NaN,NaN,19211dc232042f969c35fc18d135b54793a9c162e883e4107ae4a411cd9be63b,ID13-20200917,BOI_reference
/Users/zcm361/Documents/Github/OxygenDynamicsV2/reference-validation/phase1-optimized-20260909/ID13-20200917/Recording,sink,21,1,131,60,74,68,71,382,20,20,0,0,0,13.2133507853403,13.2133507853403,valid,valid,0.0813273897969293,0.0813273897969293,0,1,0,Awake_mobile,-0.304881282511572,-0.399879210983834,68,-8.13273897969293,0.452764590745046,-8.58550357043796,19211dc232042f969c35fc18d135b54793a9c162e883e4107ae4a411cd9be63b,ID13-20200917,BOI_reference
/Users/zcm361/Documents/Github/OxygenDynamicsV2/reference-validation/phase1-optimized-20260909/ID13-20200917/Recording,sink,21,2,132,241,266,260,264,669,20,20,0,0,0,12.0986547085202,12.0986547085202,valid,valid,0.0733876945885843,0.0733876945885843,0,1,0,Awake_mobile,-0.284070824095576,-0.358771005162912,261,-7.33876945885843,0.62318484480527,-7.96195430366369,19211dc232042f969c35fc18d135b54793a9c162e883e4107ae4a411cd9be63b,ID13-20200917,BOI_reference
/Users/zcm361/Documents/Github/OxygenDynamicsV2/reference-validation/phase1-optimized-20260909/ID13-20200917/Recording,sink,21,3,133,291,334,318,329,530,20,20,0,0,0,13.0512264150943,13.0512264150943,valid,valid,0.0999183189608437,0.0999183189608437,0,1,0,Awake_mobile,-0.308346345781718,-0.381447258551195,321,-9.99183189608437,0.606729752308829,-10.5985616483932,19211dc232042f969c35fc18d135b54793a9c162e883e4107ae4a411cd9be63b,ID13-20200917,BOI_reference
/Users/zcm361/Documents/Github/OxygenDynamicsV2/reference-validation/phase1-optimized-20260909/ID13-20200917/Recording,sink,21,4,134,339,367,351,356,596,20,9,0,11,0,NaN,NaN,insufficient_clean_prebaseline,insufficient_clean_prebaseline,NaN,NaN,NaN,1,0,Awake_mobile,-0.274009148447759,-0.348407947664251,NaN,NaN,NaN,NaN,19211dc232042f969c35fc18d135b54793a9c162e883e4107ae4a411cd9be63b,ID13-20200917,BOI_reference
/Users/zcm361/Documents/Github/OxygenDynamicsV2/reference-validation/phase1-optimized-20260909/ID13-20200917/Recording,sink,21,5,135,416,436,419,430,532,20,20,0,0,0,12.9168233082707,12.9168233082707,valid,valid,0.133699567068069,0.133699567068069,0,1,0,Awake_mobile,-0.366210859281222,-0.459898525226624,425,-13.3699567068069,0.154522978787006,-13.5244796855939,19211dc232042f969c35fc18d135b54793a9c162e883e4107ae4a411cd9be63b,ID13-20200917,BOI_reference
/Users/zcm361/Documents/Github/OxygenDynamicsV2/reference-validation/phase1-optimized-20260909/ID13-20200917/Recording,sink,21,6,136,470,534,527,531,253,20,20,0,0,0,13.8254940711462,13.8254940711462,valid,valid,0.0754320511171147,0.0754320511171147,0,1,0,Awake_mobile,-0.224989652021129,-0.394281101792522,523,-7.54320511171147,0.223233487744988,-7.76643859945649,19211dc232042f969c35fc18d135b54793a9c162e883e4107ae4a411cd9be63b,ID13-20200917,BOI_reference
/Users/zcm361/Documents/Github/OxygenDynamicsV2/reference-validation/phase1-optimized-20260909/ID13-20200917/Recording,sink,21,7,137,743,786,744,750,315,20,20,0,0,0,10.7906349206349,10.7906349206349,valid,valid,0.20624880481311,0.20624880481311,0,1,0,Awake_mobile,-0.30641877820162,-0.482087233060387,751,-20.624880481311,-0.252064653140895,-20.37281582817,19211dc232042f969c35fc18d135b54793a9c162e883e4107ae4a411cd9be63b,ID13-20200917,BOI_reference
/Users/zcm361/Documents/Github/OxygenDynamicsV2/reference-validation/phase1-optimized-20260909/ID13-20200917/Recording,sink,21,8,138,850,871,852,855,533,20,18,0,2,0,NaN,NaN,insufficient_clean_prebaseline,insufficient_clean_prebaseline,NaN,NaN,NaN,1,0,Awake_mobile,-0.302002893100313,-0.387592948135984,NaN,NaN,NaN,NaN,19211dc232042f969c35fc18d135b54793a9c162e883e4107ae4a411cd9be63b,ID13-20200917,BOI_reference
/Users/zcm361/Documents/Github/OxygenDynamicsV2/reference-validation/phase1-optimized-20260909/ID13-20200917/Recording,sink,21,9,139,972,1028,978,1004,1245,20,16,0,4,0,NaN,NaN,insufficient_clean_prebaseline,insufficient_clean_prebaseline,NaN,NaN,NaN,1,0,Awake_mobile,-0.345764234150762,-0.412330410338785,NaN,NaN,NaN,NaN,19211dc232042f969c35fc18d135b54793a9c162e883e4107ae4a411cd9be63b,ID13-20200917,BOI_reference
/Users/zcm361/Documents/Github/OxygenDynamicsV2/reference-validation/phase1-optimized-20260909/ID13-20200917/Recording,sink,21,10,140,1092,1111,1095,1097,208,20,20,0,0,0,8.90264423076923,8.90264423076923,valid,valid,0.0706088834885918,0.0706088834885918,0,1,0,Awake_mobile,-0.27065341363255,-0.386652835026885,1095,-7.06088834885918,-0.668237066160282,-6.39265128269889,19211dc232042f969c35fc18d135b54793a9c162e883e4107ae4a411cd9be63b,ID13-20200917,BOI_reference
/Users/zcm361/Documents/Github/OxygenDynamicsV2/reference-validation/phase1-optimized-20260909/ID13-20200917/Recording,sink,21,11,141,1150,1195,1193,1195,210,20,20,0,0,0,10.3342857142857,10.3342857142857,valid,valid,0.290387982674408,0.290387982674408,0,1,0,Awake_mobile,-0.309905148900691,-0.555984778601181,1195,-29.0387982674408,-3.11181918507216,-25.9269790823686,19211dc232042f969c35fc18d135b54793a9c162e883e4107ae4a411cd9be63b,ID13-20200917,BOI_reference
/Users/zcm361/Documents/Github/OxygenDynamicsV2/reference-validation/phase1-optimized-20260909/ID13-20200917/Recording,sink,22,1,142,50,62,57,59,267,20,4,0,16,0,NaN,NaN,insufficient_clean_prebaseline,insufficient_clean_prebaseline,NaN,NaN,NaN,1,0,Awake_mobile,-0.179869548890847,-0.194781349445042,NaN,NaN,NaN,NaN,19211dc232042f969c35fc18d135b54793a9c162e883e4107ae4a411cd9be63b,ID13-20200917,BOI_reference
/Users/zcm361/Documents/Github/OxygenDynamicsV2/reference-validation/phase1-optimized-20260909/ID13-20200917/Recording,sink,22,2,143,359,388,363,387,933,20,20,0,0,0,8.65326902465166,8.65326902465166,valid,valid,0.0228525422679134,0.0228525422679134,0,1,0,Awake_mobile,-0.140811937492428,-0.173768056463764,364,-2.28525422679134,0.837451453333905,-3.12270568012525,19211dc232042f969c35fc18d135b54793a9c162e883e4107ae4a411cd9be63b,ID13-20200917,BOI_reference
/Users/zcm361/Documents/Github/OxygenDynamicsV2/reference-validation/phase1-optimized-20260909/ID13-20200917/Recording,sink,22,3,144,457,471,465,468,647,20,0,0,20,0,NaN,NaN,insufficient_clean_prebaseline,insufficient_clean_prebaseline,NaN,NaN,NaN,1,0,Awake_mobile,-0.283388495438054,-0.388615097445188,NaN,NaN,NaN,NaN,19211dc232042f969c35fc18d135b54793a9c162e883e4107ae4a411cd9be63b,ID13-20200917,BOI_reference
/Users/zcm361/Documents/Github/OxygenDynamicsV2/reference-validation/phase1-optimized-20260909/ID13-20200917/Recording,sink,22,4,145,524,538,526,529,390,20,18,0,2,0,NaN,NaN,insufficient_clean_prebaseline,insufficient_clean_prebaseline,NaN,NaN,NaN,1,0,Awake_mobile,-0.194152492258507,-0.258641230548025,NaN,NaN,NaN,NaN,19211dc232042f969c35fc18d135b54793a9c162e883e4107ae4a411cd9be63b,ID13-20200917,BOI_reference
/Users/zcm361/Documents/Github/OxygenDynamicsV2/reference-validation/phase1-optimized-20260909/ID13-20200917/Recording,sink,22,5,146,585,656,587,592,288,20,20,0,0,0,9.23263888888889,9.23263888888889,valid,valid,0.0770966528770214,0.0770966528770214,0,1,0,Awake_mobile,-0.207010016841296,-0.271541920906909,591,-7.70966528770214,0.655449030351913,-8.36511431805407,19211dc232042f969c35fc18d135b54793a9c162e883e4107ae4a411cd9be63b,ID13-20200917,BOI_reference
/Users/zcm361/Documents/Github/OxygenDynamicsV2/reference-validation/phase1-optimized-20260909/ID13-20200917/Recording,sink,22,6,147,721,744,733,744,674,20,20,0,0,0,10.2629821958457,10.2629821958457,valid,valid,0.10267808739022,0.10267808739022,0,1,0,Awake_mobile,-0.196665160274791,-0.239501508666818,727,-10.267808739022,0.230895880655532,-10.4987046196775,19211dc232042f969c35fc18d135b54793a9c162e883e4107ae4a411cd9be63b,ID13-20200917,BOI_reference
/Users/zcm361/Documents/Github/OxygenDynamicsV2/reference-validation/phase1-optimized-20260909/ID13-20200917/Recording,sink,22,7,148,798,807,805,807,396,20,20,0,0,0,8.77159090909091,8.77159090909091,valid,valid,0.0655093492248564,0.0655093492248564,0,1,0,Awake_mobile,-0.241621636029847,-0.335814505074436,805,-6.55093492248564,0.0106137014413906,-6.56154862392703,19211dc232042f969c35fc18d135b54793a9c162e883e4107ae4a411cd9be63b,ID13-20200917,BOI_reference
/Users/zcm361/Documents/Github/OxygenDynamicsV2/reference-validation/phase1-optimized-20260909/ID13-20200917/Recording,sink,22,8,149,830,866,852,862,940,20,12,0,8,0,NaN,NaN,insufficient_clean_prebaseline,insufficient_clean_prebaseline,NaN,NaN,NaN,1,0,Awake_mobile,-0.272300907058733,-0.310576785719835,NaN,NaN,NaN,NaN,19211dc232042f969c35fc18d135b54793a9c162e883e4107ae4a411cd9be63b,ID13-20200917,BOI_reference
/Users/zcm361/Documents/Github/OxygenDynamicsV2/reference-validation/phase1-optimized-20260909/ID13-20200917/Recording,sink,22,9,150,887,918,890,898,683,20,20,0,0,0,10.5699853587116,10.5699853587116,valid,valid,0.108223789010015,0.108223789010015,0,1,0,Awake_mobile,-0.223095085160385,-0.295226885274529,893,-10.8223789010015,-0.0936268959897627,-10.7287520050117,19211dc232042f969c35fc18d135b54793a9c162e883e4107ae4a411cd9be63b,ID13-20200917,BOI_reference
/Users/zcm361/Documents/Github/OxygenDynamicsV2/reference-validation/phase1-optimized-20260909/ID13-20200917/Recording,sink,22,10,151,1064,1096,1090,1093,260,20,20,0,0,0,9.44673076923077,9.44673076923077,valid,valid,0.145817641430694,0.145817641430694,0,1,0,Awake_mobile,-0.184573460707011,-0.23045732625984,1066,-14.5817641430694,-0.312844902719151,-14.2689192403503,19211dc232042f969c35fc18d135b54793a9c162e883e4107ae4a411cd9be63b,ID13-20200917,BOI_reference
/Users/zcm361/Documents/Github/OxygenDynamicsV2/reference-validation/phase1-optimized-20260909/ID13-20200917/Recording,sink,23,1,152,52,113,93,96,1343,20,20,0,0,0,6.1765078183172,6.1765078183172,valid,valid,0.0805359823026984,0.0805359823026984,0,1,0,Awake_mobile,-0.328247271324227,-0.356967076110803,94,-8.05359823026985,1.84905190297676,-9.90265013324663,19211dc232042f969c35fc18d135b54793a9c162e883e4107ae4a411cd9be63b,ID13-20200917,BOI_reference
/Users/zcm361/Documents/Github/OxygenDynamicsV2/reference-validation/phase1-optimized-20260909/ID13-20200917/Recording,sink,23,2,153,444,466,447,459,967,20,20,0,0,0,6.80806618407446,6.80806618407446,valid,valid,0.121122824072668,0.121122824072668,0,1,0,Awake_mobile,-0.335326052047612,-0.358730302182162,449,-12.1122824072668,0.0698344078999102,-12.1821168151667,19211dc232042f969c35fc18d135b54793a9c162e883e4107ae4a411cd9be63b,ID13-20200917,BOI_reference
/Users/zcm361/Documents/Github/OxygenDynamicsV2/reference-validation/phase1-optimized-20260909/ID13-20200917/Recording,sink,23,3,154,476,488,481,487,1354,20,16,0,4,0,NaN,NaN,insufficient_clean_prebaseline,insufficient_clean_prebaseline,NaN,NaN,NaN,1,0,Awake_mobile,-0.196159296298424,-0.2304991689206,NaN,NaN,NaN,NaN,19211dc232042f969c35fc18d135b54793a9c162e883e4107ae4a411cd9be63b,ID13-20200917,BOI_reference
/Users/zcm361/Documents/Github/OxygenDynamicsV2/reference-validation/phase1-optimized-20260909/ID13-20200917/Recording,sink,23,4,155,580,643,583,587,1398,20,20,0,0,0,7.16262517882689,7.16262517882689,valid,valid,0.235520580025666,0.235520580025666,0,1,0,Awake_mobile,-0.229957508158274,-0.261878317832359,605,-23.5520580025666,-0.158800572741108,-23.3932574298255,19211dc232042f969c35fc18d135b54793a9c162e883e4107ae4a411cd9be63b,ID13-20200917,BOI_reference
/Users/zcm361/Documents/Github/OxygenDynamicsV2/reference-validation/phase1-optimized-20260909/ID13-20200917/Recording,sink,23,5,156,580,643,610,613,840,20,20,0,0,0,7.45857142857143,7.45857142857143,valid,valid,0.2485475324012,0.2485475324012,0,1,0,Awake_mobile,-0.430649095472126,-0.455191892469832,605,-24.85475324012,-0.126249094148543,-24.7285041459715,19211dc232042f969c35fc18d135b54793a9c162e883e4107ae4a411cd9be63b,ID13-20200917,BOI_reference
/Users/zcm361/Documents/Github/OxygenDynamicsV2/reference-validation/phase1-optimized-20260909/ID13-20200917/Recording,sink,23,6,157,643,707,663,669,1628,20,20,0,0,0,6.53178746928747,6.53178746928747,valid,valid,0.041260138709298,0.041260138709298,0,1,0,Awake_mobile,-0.286094250681814,-0.306469920937978,661,-4.1260138709298,-0.159666108240954,-3.96634776268887,19211dc232042f969c35fc18d135b54793a9c162e883e4107ae4a411cd9be63b,ID13-20200917,BOI_reference
/Users/zcm361/Documents/Github/OxygenDynamicsV2/reference-validation/phase1-optimized-20260909/ID13-20200917/Recording,sink,24,1,158,72,247,125,127,911,20,20,0,0,0,8.52283205268935,8.52283205268935,valid,valid,0.0730651829527453,0.0730651829527453,0,1,0,Awake_mobile,-0.190359646593487,-0.25901220279518,95,-7.30651829527453,0.359476296269045,-7.66599459154355,19211dc232042f969c35fc18d135b54793a9c162e883e4107ae4a411cd9be63b,ID13-20200917,BOI_reference
/Users/zcm361/Documents/Github/OxygenDynamicsV2/reference-validation/phase1-optimized-20260909/ID13-20200917/Recording,sink,25,1,159,160,178,165,171,1371,20,20,0,0,0,7.27417943107221,7.27417943107221,valid,valid,0.0855217639803866,0.0855217639803866,0,1,0,Awake_mobile,-0.269965038572244,-0.296544091770533,167,-8.55217639803866,0.386669667072367,-8.93884606511105,19211dc232042f969c35fc18d135b54793a9c162e883e4107ae4a411cd9be63b,ID13-20200917,BOI_reference
/Users/zcm361/Documents/Github/OxygenDynamicsV2/reference-validation/phase1-optimized-20260909/ID13-20200917/Recording,sink,25,2,160,703,759,706,743,2914,20,20,0,0,0,7.97916952642416,7.97916952642416,valid,valid,0.16408974982044,0.16408974982044,0,1,0,Awake_mobile,-0.222090625423673,-0.232544546749327,751,-16.408974982044,-0.266501257507908,-16.1424737245361,19211dc232042f969c35fc18d135b54793a9c162e883e4107ae4a411cd9be63b,ID13-20200917,BOI_reference
/Users/zcm361/Documents/Github/OxygenDynamicsV2/reference-validation/phase1-optimized-20260909/ID13-20200917/Recording,sink,25,3,161,886,925,892,895,254,20,20,0,0,0,8.46850393700787,8.46850393700787,valid,valid,0.101348210134821,0.101348210134821,0,1,0,Awake_mobile,-0.209873324626778,-0.218769201029941,896,-10.1348210134821,-0.332477519898906,-9.8023434935832,19211dc232042f969c35fc18d135b54793a9c162e883e4107ae4a411cd9be63b,ID13-20200917,BOI_reference
/Users/zcm361/Documents/Github/OxygenDynamicsV2/reference-validation/phase1-optimized-20260909/ID13-20200917/Recording,sink,26,1,162,92,105,98,101,2489,20,20,0,0,0,7.66271595018079,7.66271595018079,valid,valid,0.109660505964084,0.109660505964084,0,1,0,Awake_mobile,-0.29947443690799,-0.331256726064498,101,-10.9660505964084,0.125010392700976,-11.0910609891094,19211dc232042f969c35fc18d135b54793a9c162e883e4107ae4a411cd9be63b,ID13-20200917,BOI_reference
/Users/zcm361/Documents/Github/OxygenDynamicsV2/reference-validation/phase1-optimized-20260909/ID13-20200917/Recording,sink,26,2,163,147,162,149,151,200,20,20,0,0,0,6.73975,6.73975,valid,valid,0.0578285544716052,0.0578285544716052,0,1,0,Awake_mobile,-0.206411053190629,-0.329575230935394,153,-5.78285544716052,-0.0867208196199668,-5.69613462754053,19211dc232042f969c35fc18d135b54793a9c162e883e4107ae4a411cd9be63b,ID13-20200917,BOI_reference
/Users/zcm361/Documents/Github/OxygenDynamicsV2/reference-validation/phase1-optimized-20260909/ID13-20200917/Recording,sink,26,3,164,747,840,765,796,1314,20,20,0,0,0,7.62956621004566,7.62956621004566,valid,valid,0.175481908181841,0.175481908181841,0,1,0,Awake_mobile,-0.192238806087974,-0.212844220536982,751,-17.5481908181841,-0.240245357869262,-17.3079454603148,19211dc232042f969c35fc18d135b54793a9c162e883e4107ae4a411cd9be63b,ID13-20200917,BOI_reference
/Users/zcm361/Documents/Github/OxygenDynamicsV2/reference-validation/phase1-optimized-20260909/ID13-20200917/Recording,sink,27,1,165,97,107,101,103,931,20,20,0,0,0,8.49210526315789,8.49210526315789,valid,valid,0.12599685055305,0.12599685055305,0,1,0,Awake_mobile,-0.296109323108064,-0.338884651614382,102,-12.599685055305,0.63126717170038,-13.2309522270054,19211dc232042f969c35fc18d135b54793a9c162e883e4107ae4a411cd9be63b,ID13-20200917,BOI_reference
/Users/zcm361/Documents/Github/OxygenDynamicsV2/reference-validation/phase1-optimized-20260909/ID13-20200917/Recording,sink,27,2,166,196,238,210,224,710,20,20,0,0,0,7.19640845070422,7.19640845070422,valid,valid,0.0664357220444468,0.0664357220444468,0,1,0,Awake_mobile,-0.230647400441304,-0.277268031656108,215,-6.64357220444468,0.537713640483,-7.18128584492771,19211dc232042f969c35fc18d135b54793a9c162e883e4107ae4a411cd9be63b,ID13-20200917,BOI_reference
/Users/zcm361/Documents/Github/OxygenDynamicsV2/reference-validation/phase1-optimized-20260909/ID13-20200917/Recording,sink,28,1,167,91,127,104,123,1960,20,20,0,0,0,9.05788265306122,9.05788265306122,valid,valid,0.0914441981699332,0.0914441981699332,0,1,0,Awake_mobile,-0.229250904639152,-0.250978730009197,110,-9.14441981699332,0.411462739813993,-9.5558825568073,19211dc232042f969c35fc18d135b54793a9c162e883e4107ae4a411cd9be63b,ID13-20200917,BOI_reference
/Users/zcm361/Documents/Github/OxygenDynamicsV2/reference-validation/phase1-optimized-20260909/ID13-20200917/Recording,sink,28,2,168,455,488,474,476,224,20,20,0,0,0,8.753125,8.753125,valid,valid,0.085530677819146,0.085530677819146,0,1,0,Awake_mobile,-0.187881398413863,-0.291524137489822,465,-8.5530677819146,-0.0401146776656884,-8.51295310424889,19211dc232042f969c35fc18d135b54793a9c162e883e4107ae4a411cd9be63b,ID13-20200917,BOI_reference
/Users/zcm361/Documents/Github/OxygenDynamicsV2/reference-validation/phase1-optimized-20260909/ID13-20200917/Recording,sink,28,3,169,869,911,888,890,641,20,20,0,0,0,7.77332293291732,7.77332293291732,valid,valid,0.0966744937483691,0.0966744937483691,0,1,0,Awake_mobile,-0.205776722928353,-0.201265385877773,881,-9.66744937483691,-0.357287042227674,-9.31016233260927,19211dc232042f969c35fc18d135b54793a9c162e883e4107ae4a411cd9be63b,ID13-20200917,BOI_reference
/Users/zcm361/Documents/Github/OxygenDynamicsV2/reference-validation/phase1-optimized-20260909/ID13-20200917/Recording,sink,29,1,170,98,190,120,126,1213,20,20,0,0,0,4.87992580379225,4.87992580379225,valid,valid,0.098887546774561,0.098887546774561,0,1,0,Awake_mobile,-0.181785634518224,-0.200824813818242,102,-9.8887546774561,0.856244935111267,-10.7449996125674,19211dc232042f969c35fc18d135b54793a9c162e883e4107ae4a411cd9be63b,ID13-20200917,BOI_reference
/Users/zcm361/Documents/Github/OxygenDynamicsV2/reference-validation/phase1-optimized-20260909/ID13-20200917/Recording,sink,29,2,171,98,190,146,164,767,20,20,0,0,0,4.98572359843546,4.98572359843546,valid,valid,0.0967691322027695,0.0967691322027695,0,1,0,Awake_mobile,-0.212170682954864,-0.250386356249102,102,-9.67691322027695,1.06892615462044,-10.7458393748973,19211dc232042f969c35fc18d135b54793a9c162e883e4107ae4a411cd9be63b,ID13-20200917,BOI_reference
/Users/zcm361/Documents/Github/OxygenDynamicsV2/reference-validation/phase1-optimized-20260909/ID13-20200917/Recording,sink,29,3,172,460,485,467,472,822,20,20,0,0,0,5.56587591240876,5.56587591240876,valid,valid,0.0376271816224604,0.0376271816224604,0,1,0,Awake_mobile,-0.229049824723567,-0.272898798853902,468,-3.76271816224604,0.144158549251394,-3.90687671149746,19211dc232042f969c35fc18d135b54793a9c162e883e4107ae4a411cd9be63b,ID13-20200917,BOI_reference
/Users/zcm361/Documents/Github/OxygenDynamicsV2/reference-validation/phase1-optimized-20260909/ID13-20200917/Recording,sink,29,4,173,755,773,758,760,750,20,20,0,0,0,5.82093333333333,5.82093333333333,valid,valid,0.129578303593925,0.129578303593925,0,1,0,Awake_mobile,-0.285131190518538,-0.370291555198626,760,-12.9578303593925,-0.144135729370242,-12.8136946300223,19211dc232042f969c35fc18d135b54793a9c162e883e4107ae4a411cd9be63b,ID13-20200917,BOI_reference
/Users/zcm361/Documents/Github/OxygenDynamicsV2/reference-validation/phase1-optimized-20260909/ID13-20200917/Recording,sink,29,5,174,885,912,888,890,510,20,20,0,0,0,5.27539215686275,5.27539215686275,valid,valid,0.104610752848037,0.104610752848037,0,1,0,Awake_mobile,-0.209329704901362,-0.239801801537511,897,-10.4610752848037,-0.131885607842141,-10.3291896769615,19211dc232042f969c35fc18d135b54793a9c162e883e4107ae4a411cd9be63b,ID13-20200917,BOI_reference
/Users/zcm361/Documents/Github/OxygenDynamicsV2/reference-validation/phase1-optimized-20260909/ID13-20200917/Recording,sink,29,6,175,1108,1135,1115,1124,2243,20,20,0,0,0,5.2761925991975,5.2761925991975,valid,valid,0.0962862816342053,0.0962862816342053,0,1,0,Awake_mobile,-0.269594995900617,-0.284785468019092,1119,-9.62862816342053,-0.0897967821000173,-9.5388313813205,19211dc232042f969c35fc18d135b54793a9c162e883e4107ae4a411cd9be63b,ID13-20200917,BOI_reference
/Users/zcm361/Documents/Github/OxygenDynamicsV2/reference-validation/phase1-optimized-20260909/ID13-20200917/Recording,sink,30,1,176,103,126,117,119,529,20,20,0,0,0,4.00926275992439,4.00926275992439,valid,valid,0.0735065302465933,0.0735065302465933,0,1,0,Awake_mobile,-0.228641765465621,-0.2771147478255,119,-7.35065302465933,0.271910630493186,-7.62256365515253,19211dc232042f969c35fc18d135b54793a9c162e883e4107ae4a411cd9be63b,ID13-20200917,BOI_reference
/Users/zcm361/Documents/Github/OxygenDynamicsV2/reference-validation/phase1-optimized-20260909/ID13-20200917/Recording,sink,30,2,177,463,534,504,506,219,20,20,0,0,0,4.17785388127854,4.17785388127854,valid,valid,0.115798677523362,0.115798677523362,0,1,0,Awake_mobile,-0.166552391872831,-0.226528784083493,465,-11.5798677523362,0.0430594600917698,-11.622927212428,19211dc232042f969c35fc18d135b54793a9c162e883e4107ae4a411cd9be63b,ID13-20200917,BOI_reference
/Users/zcm361/Documents/Github/OxygenDynamicsV2/reference-validation/phase1-optimized-20260909/ID13-20200917/Recording,sink,31,1,178,435,470,454,456,776,20,20,0,0,0,8.83859536082474,8.83859536082474,valid,valid,0.10289775833789,0.10289775833789,0,1,0,Awake_mobile,-0.351364402778933,-0.420379838448643,451,-10.289775833789,-0.196786584012864,-10.0929892497761,19211dc232042f969c35fc18d135b54793a9c162e883e4107ae4a411cd9be63b,ID13-20200917,BOI_reference
/Users/zcm361/Documents/Github/OxygenDynamicsV2/reference-validation/phase1-optimized-20260909/ID13-20200917/Recording,sink,32,1,179,126,158,139,147,1016,20,20,0,0,0,7.8873031496063,7.8873031496063,valid,valid,0.0286391713982653,0.0286391713982653,0,1,0,Awake_mobile,-0.213036438027333,-0.233617954295809,144,-2.86391713982653,1.08483422774709,-3.94875136757366,19211dc232042f969c35fc18d135b54793a9c162e883e4107ae4a411cd9be63b,ID13-20200917,BOI_reference
/Users/zcm361/Documents/Github/OxygenDynamicsV2/reference-validation/phase1-optimized-20260909/ID13-20200917/Recording,sink,32,2,180,380,395,388,392,580,20,20,0,0,0,8.45956896551724,8.45956896551724,valid,valid,0.0694072209597374,0.0694072209597374,0,1,0,Awake_mobile,-0.24817473485552,-0.277180386723324,390,-6.94072209597373,0.452692492071155,-7.3934145880449,19211dc232042f969c35fc18d135b54793a9c162e883e4107ae4a411cd9be63b,ID13-20200917,BOI_reference
/Users/zcm361/Documents/Github/OxygenDynamicsV2/reference-validation/phase1-optimized-20260909/ID13-20200917/Recording,sink,32,3,181,772,803,789,796,555,20,13,0,7,0,NaN,NaN,insufficient_clean_prebaseline,insufficient_clean_prebaseline,NaN,NaN,NaN,1,0,Awake_mobile,-0.230225962329958,-0.258046172032108,NaN,NaN,NaN,NaN,19211dc232042f969c35fc18d135b54793a9c162e883e4107ae4a411cd9be63b,ID13-20200917,BOI_reference
/Users/zcm361/Documents/Github/OxygenDynamicsV2/reference-validation/phase1-optimized-20260909/ID13-20200917/Recording,sink,32,4,182,1089,1116,1106,1110,735,20,20,0,0,0,7.87163265306122,7.87163265306122,valid,valid,0.10640982430669,0.10640982430669,0,1,0,Awake_mobile,-0.206627355639626,-0.216445991586804,1101,-10.640982430669,-1.06385382726373,-9.57712860340526,19211dc232042f969c35fc18d135b54793a9c162e883e4107ae4a411cd9be63b,ID13-20200917,BOI_reference
/Users/zcm361/Documents/Github/OxygenDynamicsV2/reference-validation/phase1-optimized-20260909/ID13-20200917/Recording,sink,33,1,183,136,181,147,157,613,20,20,0,0,0,8.50399673735726,8.50399673735726,valid,valid,0.0669390652125957,0.0669390652125957,0,1,0,Awake_mobile,-0.192901327827622,-0.223126695441634,175,-6.69390652125957,1.01302603738264,-7.7069325586422,19211dc232042f969c35fc18d135b54793a9c162e883e4107ae4a411cd9be63b,ID13-20200917,BOI_reference
/Users/zcm361/Documents/Github/OxygenDynamicsV2/reference-validation/phase1-optimized-20260909/ID13-20200917/Recording,sink,33,2,184,204,270,204,231,912,20,20,0,0,0,8.47894736842105,8.47894736842105,valid,valid,0.082738464721705,0.082738464721705,0,1,0,Awake_mobile,-0.222416894669314,-0.271858934093427,247,-8.2738464721705,0.912648737918643,-9.18649521008914,19211dc232042f969c35fc18d135b54793a9c162e883e4107ae4a411cd9be63b,ID13-20200917,BOI_reference
/Users/zcm361/Documents/Github/OxygenDynamicsV2/reference-validation/phase1-optimized-20260909/ID13-20200917/Recording,sink,33,3,185,204,270,259,269,656,20,20,0,0,0,7.78795731707317,7.78795731707317,valid,valid,0.0931511675703186,0.0931511675703186,0,1,0,Awake_mobile,-0.258908832544861,-0.348799547126813,261,-9.31511675703186,1.23951846169221,-10.554635218724,19211dc232042f969c35fc18d135b54793a9c162e883e4107ae4a411cd9be63b,ID13-20200917,BOI_reference
/Users/zcm361/Documents/Github/OxygenDynamicsV2/reference-validation/phase1-optimized-20260909/ID13-20200917/Recording,sink,33,4,186,367,414,405,408,268,20,20,0,0,0,9.16679104477612,9.16679104477612,valid,valid,0.124435217975333,0.124435217975333,0,1,0,Awake_mobile,-0.234101686904679,-0.365053964976209,412,-12.4435217975333,0.411905449095435,-12.8554272466287,19211dc232042f969c35fc18d135b54793a9c162e883e4107ae4a411cd9be63b,ID13-20200917,BOI_reference
/Users/zcm361/Documents/Github/OxygenDynamicsV2/reference-validation/phase1-optimized-20260909/ID13-20200917/Recording,sink,33,5,187,834,870,836,842,997,20,6,0,14,0,NaN,NaN,insufficient_clean_prebaseline,insufficient_clean_prebaseline,NaN,NaN,NaN,1,0,Awake_mobile,-0.268525061876279,-0.32208887812897,NaN,NaN,NaN,NaN,19211dc232042f969c35fc18d135b54793a9c162e883e4107ae4a411cd9be63b,ID13-20200917,BOI_reference
/Users/zcm361/Documents/Github/OxygenDynamicsV2/reference-validation/phase1-optimized-20260909/ID13-20200917/Recording,sink,34,1,188,121,149,137,139,193,20,20,0,0,0,11.7347150259067,11.7347150259067,valid,valid,0.0780642882373719,0.0780642882373719,0,1,0,Awake_mobile,-0.199272699293798,-0.410311865757038,139,-7.80642882373719,0.578059546497446,-8.38448837023465,19211dc232042f969c35fc18d135b54793a9c162e883e4107ae4a411cd9be63b,ID13-20200917,BOI_reference
/Users/zcm361/Documents/Github/OxygenDynamicsV2/reference-validation/phase1-optimized-20260909/ID13-20200917/Recording,sink,34,2,189,772,818,794,797,260,20,20,0,0,0,10.7513461538462,10.7513461538462,valid,valid,0.0652333339295616,0.0652333339295616,0,1,0,Awake_mobile,-0.244117589251926,-0.353616180550643,795,-6.52333339295616,-0.64578842682667,-5.87754496612949,19211dc232042f969c35fc18d135b54793a9c162e883e4107ae4a411cd9be63b,ID13-20200917,BOI_reference
/Users/zcm361/Documents/Github/OxygenDynamicsV2/reference-validation/phase1-optimized-20260909/ID13-20200917/Recording,sink,35,1,190,687,703,690,692,228,20,20,0,0,0,12.1620614035088,12.1620614035088,valid,valid,0.0555184911375974,0.0555184911375974,0,1,0,Awake_mobile,-0.184289830546194,-0.232910406287475,695,-5.55184911375974,-0.472631889560188,-5.07921722419953,19211dc232042f969c35fc18d135b54793a9c162e883e4107ae4a411cd9be63b,ID13-20200917,BOI_reference
/Users/zcm361/Documents/Github/OxygenDynamicsV2/reference-validation/phase1-optimized-20260909/ID13-20200917/Recording,sink,36,1,191,366,401,378,380,275,20,20,0,0,0,7.236,7.236,valid,valid,0.0944268556208857,0.0944268556208857,0,1,0,Awake_mobile,-0.241777651490587,-0.359960335408986,394,-9.44268556208857,0.291043714248811,-9.73372927633736,19211dc232042f969c35fc18d135b54793a9c162e883e4107ae4a411cd9be63b,ID13-20200917,BOI_reference
/Users/zcm361/Documents/Github/OxygenDynamicsV2/reference-validation/phase1-optimized-20260909/ID13-20200917/Recording,sink,36,2,192,554,610,563,572,615,20,20,0,0,0,6.96967479674797,6.96967479674797,valid,valid,0.20865071681034,0.20865071681034,0,1,0,Awake_mobile,-0.221469974822404,-0.262053960556675,605,-20.865071681034,-0.30026379839533,-20.5648078826387,19211dc232042f969c35fc18d135b54793a9c162e883e4107ae4a411cd9be63b,ID13-20200917,BOI_reference
/Users/zcm361/Documents/Github/OxygenDynamicsV2/reference-validation/phase1-optimized-20260909/ID13-20200917/Recording,sink,36,3,193,697,711,700,702,341,20,20,0,0,0,6.43533724340176,6.43533724340176,valid,valid,0.0781289161293263,0.0781289161293263,0,1,0,Awake_mobile,-0.182641482495959,-0.273348213540561,701,-7.81289161293263,-0.0743703790440121,-7.73852123388861,19211dc232042f969c35fc18d135b54793a9c162e883e4107ae4a411cd9be63b,ID13-20200917,BOI_reference
/Users/zcm361/Documents/Github/OxygenDynamicsV2/reference-validation/phase1-optimized-20260909/ID13-20200917/Recording,sink,36,4,194,1146,1183,1177,1182,719,20,20,0,0,0,6.41015299026426,6.41015299026426,valid,valid,0.111935602855345,0.111935602855345,0,1,0,Awake_mobile,-0.29514044133094,-0.35776159967473,1180,-11.1935602855345,-0.437908993593535,-10.755651291941,19211dc232042f969c35fc18d135b54793a9c162e883e4107ae4a411cd9be63b,ID13-20200917,BOI_reference
/Users/zcm361/Documents/Github/OxygenDynamicsV2/reference-validation/phase1-optimized-20260909/ID13-20200917/Recording,sink,37,1,195,144,210,167,169,276,20,20,0,0,0,5.14221014492754,5.14221014492754,valid,valid,0.0938876166989607,0.0938876166989607,0,1,0,Awake_mobile,-0.250885241039565,-0.295197050270722,159,-9.38876166989608,0.520060009907427,-9.90882167980351,19211dc232042f969c35fc18d135b54793a9c162e883e4107ae4a411cd9be63b,ID13-20200917,BOI_reference
/Users/zcm361/Documents/Github/OxygenDynamicsV2/reference-validation/phase1-optimized-20260909/ID13-20200917/Recording,sink,37,2,196,884,945,926,931,468,20,18,0,2,0,NaN,NaN,insufficient_clean_prebaseline,insufficient_clean_prebaseline,NaN,NaN,NaN,1,0,Awake_mobile,-0.315603392028868,-0.378357709777982,NaN,NaN,NaN,NaN,19211dc232042f969c35fc18d135b54793a9c162e883e4107ae4a411cd9be63b,ID13-20200917,BOI_reference
/Users/zcm361/Documents/Github/OxygenDynamicsV2/reference-validation/phase1-optimized-20260909/ID13-20200917/Recording,sink,38,1,197,365,397,377,391,2124,20,20,0,0,0,4.73693502824859,4.73693502824859,valid,valid,0.105975897627034,0.105975897627034,0,1,0,Awake_mobile,-0.248225822165984,-0.266823567087565,370,-10.5975897627034,0.0218094029873948,-10.6193991656909,19211dc232042f969c35fc18d135b54793a9c162e883e4107ae4a411cd9be63b,ID13-20200917,BOI_reference
/Users/zcm361/Documents/Github/OxygenDynamicsV2/reference-validation/phase1-optimized-20260909/ID13-20200917/Recording,sink,39,1,198,201,225,204,208,299,20,20,0,0,0,5.72190635451505,5.72190635451505,valid,valid,0.0525177543326417,0.0525177543326417,0,1,0,Awake_mobile,-0.209002504450422,-0.278709025182652,221,-5.25177543326418,1.2021794338168,-6.45395486708094,19211dc232042f969c35fc18d135b54793a9c162e883e4107ae4a411cd9be63b,ID13-20200917,BOI_reference
/Users/zcm361/Documents/Github/OxygenDynamicsV2/reference-validation/phase1-optimized-20260909/ID13-20200917/Recording,sink,39,2,199,240,270,254,257,338,20,20,0,0,0,5.84319526627219,5.84319526627219,valid,valid,0.0632911392405063,0.0632911392405063,0,1,0,Awake_mobile,-0.270568738553739,-0.37381358092543,256,-6.32911392405063,0.849865036255173,-7.1789789603058,19211dc232042f969c35fc18d135b54793a9c162e883e4107ae4a411cd9be63b,ID13-20200917,BOI_reference
/Users/zcm361/Documents/Github/OxygenDynamicsV2/reference-validation/phase1-optimized-20260909/ID13-20200917/Recording,sink,39,3,200,404,439,406,409,423,20,20,0,0,0,5.43569739952719,5.43569739952719,valid,valid,0.0753707650154393,0.0753707650154393,0,1,0,Awake_mobile,-0.23042962248338,-0.351096141879963,409,-7.53707650154393,0.275745714624981,-7.81282221616897,19211dc232042f969c35fc18d135b54793a9c162e883e4107ae4a411cd9be63b,ID13-20200917,BOI_reference
/Users/zcm361/Documents/Github/OxygenDynamicsV2/reference-validation/phase1-optimized-20260909/ID13-20200917/Recording,sink,39,4,201,883,959,907,910,2470,20,20,0,0,0,7.39168016194332,7.39168016194332,valid,valid,0.135640519349636,0.135640519349636,0,1,0,Awake_mobile,-0.342564752547123,-0.357660693252891,903,-13.5640519349636,-0.514600089094414,-13.0494518458691,19211dc232042f969c35fc18d135b54793a9c162e883e4107ae4a411cd9be63b,ID13-20200917,BOI_reference
/Users/zcm361/Documents/Github/OxygenDynamicsV2/reference-validation/phase1-optimized-20260909/ID13-20200917/Recording,sink,39,5,202,883,959,945,956,1818,20,20,0,0,0,7.02208470847085,7.02208470847085,valid,valid,0.139521312220207,0.139521312220207,0,1,0,Awake_mobile,-0.255999675230951,-0.283026667394809,903,-13.9521312220207,-0.45333156036762,-13.4987996616531,19211dc232042f969c35fc18d135b54793a9c162e883e4107ae4a411cd9be63b,ID13-20200917,BOI_reference
/Users/zcm361/Documents/Github/OxygenDynamicsV2/reference-validation/phase1-optimized-20260909/ID13-20200917/Recording,sink,39,6,203,1113,1160,1133,1135,389,20,18,0,2,0,NaN,NaN,insufficient_clean_prebaseline,insufficient_clean_prebaseline,NaN,NaN,NaN,1,0,Awake_mobile,-0.261124212681072,-0.376652556792292,NaN,NaN,NaN,NaN,19211dc232042f969c35fc18d135b54793a9c162e883e4107ae4a411cd9be63b,ID13-20200917,BOI_reference
/Users/zcm361/Documents/Github/OxygenDynamicsV2/reference-validation/phase1-optimized-20260909/ID13-20200917/Recording,sink,39,7,204,1161,1181,1169,1171,202,20,20,0,0,0,5.14232673267327,5.14232673267327,valid,valid,0.0844765342960287,0.0844765342960287,0,1,0,Awake_mobile,-0.253795955834216,-0.454170783043905,1170,-8.44765342960287,-0.432169923879168,-8.01548350572372,19211dc232042f969c35fc18d135b54793a9c162e883e4107ae4a411cd9be63b,ID13-20200917,BOI_reference
/Users/zcm361/Documents/Github/OxygenDynamicsV2/reference-validation/phase1-optimized-20260909/ID13-20200917/Recording,sink,40,1,205,212,281,247,249,176,20,20,0,0,0,5.87130681818182,5.87130681818182,valid,valid,0.0932404316059419,0.0932404316059419,0,1,0,Awake_mobile,-0.25592728941278,-0.281840016204638,277,-9.32404316059419,1.67259380376743,-10.9966369643616,19211dc232042f969c35fc18d135b54793a9c162e883e4107ae4a411cd9be63b,ID13-20200917,BOI_reference
/Users/zcm361/Documents/Github/OxygenDynamicsV2/reference-validation/phase1-optimized-20260909/ID13-20200917/Recording,sink,41,1,206,241,262,252,254,225,20,20,0,0,0,12.8964444444444,12.8964444444444,valid,valid,0.0495226935934109,0.0495226935934109,0,1,0,Awake_mobile,-0.277307986550861,-0.271069153857383,247,-4.95226935934109,0.898160817478315,-5.85043017681942,19211dc232042f969c35fc18d135b54793a9c162e883e4107ae4a411cd9be63b,ID13-20200917,BOI_reference
/Users/zcm361/Documents/Github/OxygenDynamicsV2/reference-validation/phase1-optimized-20260909/ID13-20200917/Recording,sink,41,2,207,873,918,887,893,1090,20,20,0,0,0,12.6065137614679,12.6065137614679,valid,valid,0.074237142586838,0.074237142586838,0,1,0,Awake_mobile,-0.213643919289854,-0.233795660034281,900,-7.4237142586838,-0.619014904033654,-6.80469935465016,19211dc232042f969c35fc18d135b54793a9c162e883e4107ae4a411cd9be63b,ID13-20200917,BOI_reference
/Users/zcm361/Documents/Github/OxygenDynamicsV2/reference-validation/phase1-optimized-20260909/ID13-20200917/Recording,sink,41,3,208,1023,1041,1025,1027,955,20,20,0,0,0,11.5920942408377,11.5920942408377,valid,valid,0.129845670230207,0.129845670230207,0,1,0,Awake_mobile,-0.440061420295875,-0.529490968922375,1026,-12.9845670230207,-0.467326763997298,-12.5172402590234,19211dc232042f969c35fc18d135b54793a9c162e883e4107ae4a411cd9be63b,ID13-20200917,BOI_reference
/Users/zcm361/Documents/Github/OxygenDynamicsV2/reference-validation/phase1-optimized-20260909/ID13-20200917/Recording,sink,41,4,209,1041,1073,1050,1053,386,20,17,0,3,0,NaN,NaN,insufficient_clean_prebaseline,insufficient_clean_prebaseline,NaN,NaN,NaN,1,0,Awake_mobile,-0.524072776283162,-0.62455247871477,NaN,NaN,NaN,NaN,19211dc232042f969c35fc18d135b54793a9c162e883e4107ae4a411cd9be63b,ID13-20200917,BOI_reference
/Users/zcm361/Documents/Github/OxygenDynamicsV2/reference-validation/phase1-optimized-20260909/ID13-20200917/Recording,sink,41,5,210,1073,1100,1088,1092,710,20,19,0,1,0,NaN,NaN,insufficient_clean_prebaseline,insufficient_clean_prebaseline,NaN,NaN,NaN,1,0,Awake_mobile,-0.237604765002157,-0.233186103478008,NaN,NaN,NaN,NaN,19211dc232042f969c35fc18d135b54793a9c162e883e4107ae4a411cd9be63b,ID13-20200917,BOI_reference
/Users/zcm361/Documents/Github/OxygenDynamicsV2/reference-validation/phase1-optimized-20260909/ID13-20200917/Recording,sink,42,1,211,227,288,268,273,1532,20,20,0,0,0,4.8201044386423,4.8201044386423,valid,valid,0.132766372352527,0.132766372352527,0,1,0,Awake_mobile,-0.226701451990319,-0.243432977174956,276,-13.2766372352527,0.863394266027043,-14.1400315012797,19211dc232042f969c35fc18d135b54793a9c162e883e4107ae4a411cd9be63b,ID13-20200917,BOI_reference
/Users/zcm361/Documents/Github/OxygenDynamicsV2/reference-validation/phase1-optimized-20260909/ID13-20200917/Recording,sink,43,1,212,338,382,360,363,448,20,20,0,0,0,6.728125,6.728125,valid,valid,0.0846659146705593,0.0846659146705593,0,1,0,Awake_mobile,-0.208061187860689,-0.244620436553321,357,-8.46659146705593,-0.235984542256097,-8.23060692479982,19211dc232042f969c35fc18d135b54793a9c162e883e4107ae4a411cd9be63b,ID13-20200917,BOI_reference
/Users/zcm361/Documents/Github/OxygenDynamicsV2/reference-validation/phase1-optimized-20260909/ID13-20200917/Recording,sink,44,1,213,481,646,613,615,207,20,20,0,0,0,8.08357487922705,8.08357487922705,valid,valid,0.196199127472659,0.196199127472659,0,1,0,Awake_mobile,-0.450460222800189,-0.481952105229552,605,-19.6199127472659,0.878685254733882,-20.4985980019998,19211dc232042f969c35fc18d135b54793a9c162e883e4107ae4a411cd9be63b,ID13-20200917,BOI_reference
/Users/zcm361/Documents/Github/OxygenDynamicsV2/reference-validation/phase1-optimized-20260909/ID13-20200917/Recording,sink,45,1,214,363,398,392,395,555,20,20,0,0,0,4.55711711711712,4.55711711711712,valid,valid,0.0439664716115767,0.0439664716115767,0,1,0,Awake_mobile,-0.20981489422622,-0.246685493036133,370,-4.39664716115767,0.317298949565286,-4.71394611072297,19211dc232042f969c35fc18d135b54793a9c162e883e4107ae4a411cd9be63b,ID13-20200917,BOI_reference
/Users/zcm361/Documents/Github/OxygenDynamicsV2/reference-validation/phase1-optimized-20260909/ID13-20200917/Recording,sink,46,1,215,1102,1183,1113,1115,248,20,20,0,0,0,2.86391129032258,2.86391129032258,valid,valid,0.0665258711721223,0.0665258711721223,0,1,0,Awake_mobile,-0.234197501053092,-0.265702555316043,1108,-6.65258711721223,-0.343208773990236,-6.30937834322201,19211dc232042f969c35fc18d135b54793a9c162e883e4107ae4a411cd9be63b,ID13-20200917,BOI_reference
/Users/zcm361/Documents/Github/OxygenDynamicsV2/reference-validation/phase1-optimized-20260909/ID13-20200917/Recording,sink,47,1,216,415,564,436,439,296,20,20,0,0,0,5.80878378378378,5.80878378378378,valid,valid,0.172967314179365,0.172967314179365,0,1,0,Awake_mobile,-0.326325865638619,-0.386292616000373,451,-17.2967314179365,-0.556778069786319,-16.7399533481501,19211dc232042f969c35fc18d135b54793a9c162e883e4107ae4a411cd9be63b,ID13-20200917,BOI_reference
/Users/zcm361/Documents/Github/OxygenDynamicsV2/reference-validation/phase1-optimized-20260909/ID13-20200917/Recording,sink,48,1,217,415,461,442,444,220,20,20,0,0,0,7.51409090909091,7.51409090909091,valid,valid,0.186982033754764,0.186982033754764,0,1,0,Awake_mobile,-0.276985336749843,-0.361418405739294,431,-18.6982033754764,0.147771168139104,-18.8459745436155,19211dc232042f969c35fc18d135b54793a9c162e883e4107ae4a411cd9be63b,ID13-20200917,BOI_reference
/Users/zcm361/Documents/Github/OxygenDynamicsV2/reference-validation/phase1-optimized-20260909/ID13-20200917/Recording,sink,48,2,218,971,1028,987,999,967,20,17,0,3,0,NaN,NaN,insufficient_clean_prebaseline,insufficient_clean_prebaseline,NaN,NaN,NaN,1,0,Awake_mobile,-0.449899426770707,-0.538726439286126,NaN,NaN,NaN,NaN,19211dc232042f969c35fc18d135b54793a9c162e883e4107ae4a411cd9be63b,ID13-20200917,BOI_reference
/Users/zcm361/Documents/Github/OxygenDynamicsV2/reference-validation/phase1-optimized-20260909/ID13-20200917/Recording,sink,49,1,219,467,504,479,484,564,20,20,0,0,0,3.93971631205674,3.93971631205674,valid,valid,0.0252025202520251,0.0252025202520251,0,1,0,Awake_mobile,-0.19211244477558,-0.220627937094389,473,-2.52025202520251,-0.244705646243596,-2.27554637895891,19211dc232042f969c35fc18d135b54793a9c162e883e4107ae4a411cd9be63b,ID13-20200917,BOI_reference
/Users/zcm361/Documents/Github/OxygenDynamicsV2/reference-validation/phase1-optimized-20260909/ID13-20200917/Recording,sink,50,1,220,687,734,698,700,257,20,20,0,0,0,5.23326848249027,5.23326848249027,valid,valid,0.0624186772742481,0.0624186772742481,0,1,0,Awake_mobile,-0.175953319303488,-0.248097385190145,691,-6.24186772742481,-0.23112321206521,-6.01074451535961,19211dc232042f969c35fc18d135b54793a9c162e883e4107ae4a411cd9be63b,ID13-20200917,BOI_reference
/Users/zcm361/Documents/Github/OxygenDynamicsV2/reference-validation/phase1-optimized-20260909/ID13-20200917/Recording,sink,50,2,221,1118,1162,1154,1162,829,20,20,0,0,0,4.86700844390832,4.86700844390832,valid,valid,0.0928805997893303,0.0928805997893303,0,1,0,Awake_mobile,-0.283068274487209,-0.323688336370103,1159,-9.28805997893303,-1.06548578141801,-8.222574197515,19211dc232042f969c35fc18d135b54793a9c162e883e4107ae4a411cd9be63b,ID13-20200917,BOI_reference
/Users/zcm361/Documents/Github/OxygenDynamicsV2/reference-validation/phase1-optimized-20260909/ID13-20200917/Recording,sink,51,1,222,567,638,602,604,339,20,20,0,0,0,7.84926253687316,7.84926253687316,valid,valid,0.255515051298433,0.255515051298433,0,1,0,Awake_mobile,-0.357096111704115,-0.482378279363655,604,-25.5515051298433,-0.661795196901733,-24.8897099329416,19211dc232042f969c35fc18d135b54793a9c162e883e4107ae4a411cd9be63b,ID13-20200917,BOI_reference
/Users/zcm361/Documents/Github/OxygenDynamicsV2/reference-validation/phase1-optimized-20260909/ID13-20200917/Recording,sink,51,2,223,963,1008,993,995,153,20,20,0,0,0,8.11274509803922,8.11274509803922,valid,valid,0.295065458207452,0.295065458207452,0,1,0,Awake_mobile,-0.46304050295701,-0.602759156381196,976,-29.5065458207452,-0.3123058711316,-29.1942399496136,19211dc232042f969c35fc18d135b54793a9c162e883e4107ae4a411cd9be63b,ID13-20200917,BOI_reference
/Users/zcm361/Documents/Github/OxygenDynamicsV2/reference-validation/phase1-optimized-20260909/ID13-20200917/Recording,sink,52,1,224,631,687,654,656,181,20,20,0,0,0,12.0348066298343,12.0348066298343,valid,valid,0.0818528210072074,0.0818528210072074,0,1,0,Awake_mobile,-0.321069607418545,-0.423318555100333,661,-8.18528210072074,-0.588244866075674,-7.59703723464505,19211dc232042f969c35fc18d135b54793a9c162e883e4107ae4a411cd9be63b,ID13-20200917,BOI_reference
/Users/zcm361/Documents/Github/OxygenDynamicsV2/reference-validation/phase1-optimized-20260909/ID13-20200917/Recording,sink,53,1,225,619,684,662,667,331,20,20,0,0,0,9.50317220543807,9.50317220543807,valid,valid,0.101587957590883,0.101587957590883,0,1,0,Awake_mobile,-0.289775606743759,-0.328449873273926,661,-10.1587957590883,-0.377349579462919,-9.78144617962534,19211dc232042f969c35fc18d135b54793a9c162e883e4107ae4a411cd9be63b,ID13-20200917,BOI_reference
/Users/zcm361/Documents/Github/OxygenDynamicsV2/reference-validation/phase1-optimized-20260909/ID13-20200917/Recording,sink,54,1,226,653,745,683,694,1758,20,20,0,0,0,3.85108077360637,3.85108077360637,valid,valid,0.0465569702519867,0.0465569702519867,0,1,0,Awake_mobile,-0.180027797850235,-0.192601953666188,661,-4.65569702519867,-0.435937981920172,-4.21975904327852,19211dc232042f969c35fc18d135b54793a9c162e883e4107ae4a411cd9be63b,ID13-20200917,BOI_reference
/Users/zcm361/Documents/Github/OxygenDynamicsV2/reference-validation/phase1-optimized-20260909/ID13-20200917/Recording,sink,55,1,227,785,891,834,843,245,20,20,0,0,0,4.81285714285714,4.81285714285714,valid,valid,0.0985031590552515,0.0985031590552515,0,1,0,Awake_mobile,-0.273501077793082,-0.361544384827305,853,-9.85031590552515,-0.355400839303958,-9.49491506622122,19211dc232042f969c35fc18d135b54793a9c162e883e4107ae4a411cd9be63b,ID13-20200917,BOI_reference
/Users/zcm361/Documents/Github/OxygenDynamicsV2/reference-validation/phase1-optimized-20260909/ID13-20200917/Recording,sink,55,2,228,901,1037,963,967,214,20,20,0,0,0,4.70303738317757,4.70303738317757,valid,valid,0.0918575190024342,0.0918575190024342,0,1,0,Awake_mobile,-0.362522570134323,-0.449745329411887,942,-9.18575190024342,-0.340240641140412,-8.845511259103,19211dc232042f969c35fc18d135b54793a9c162e883e4107ae4a411cd9be63b,ID13-20200917,BOI_reference
/Users/zcm361/Documents/Github/OxygenDynamicsV2/reference-validation/phase1-optimized-20260909/ID13-20200917/Recording,sink,55,3,229,1098,1124,1110,1112,286,20,20,0,0,0,4.93234265734266,4.93234265734266,valid,valid,0.130188211108354,0.130188211108354,0,1,0,Awake_mobile,-0.205607269454252,-0.28665950992119,1111,-13.0188211108354,-0.28930334506204,-12.7295177657734,19211dc232042f969c35fc18d135b54793a9c162e883e4107ae4a411cd9be63b,ID13-20200917,BOI_reference
/Users/zcm361/Documents/Github/OxygenDynamicsV2/reference-validation/phase1-optimized-20260909/ID13-20200917/Recording,sink,55,4,230,1124,1164,1147,1153,538,20,15,0,5,0,NaN,NaN,insufficient_clean_prebaseline,insufficient_clean_prebaseline,NaN,NaN,NaN,1,0,Awake_mobile,-0.286671819821182,-0.329012664934662,NaN,NaN,NaN,NaN,19211dc232042f969c35fc18d135b54793a9c162e883e4107ae4a411cd9be63b,ID13-20200917,BOI_reference
/Users/zcm361/Documents/Github/OxygenDynamicsV2/reference-validation/phase1-optimized-20260909/ID13-20200917/Recording,sink,56,1,231,695,726,710,712,780,20,20,0,0,0,9.56166666666667,9.56166666666667,valid,valid,0.0898486209624438,0.0898486209624438,0,1,0,Awake_mobile,-0.283204992854188,-0.36215543955262,712,-8.98486209624438,-0.109081273562627,-8.87578082268173,19211dc232042f969c35fc18d135b54793a9c162e883e4107ae4a411cd9be63b,ID13-20200917,BOI_reference
/Users/zcm361/Documents/Github/OxygenDynamicsV2/reference-validation/phase1-optimized-20260909/ID13-20200917/Recording,sink,57,1,232,713,784,723,726,545,20,20,0,0,0,6.49495412844037,6.49495412844037,valid,valid,0.206158627021683,0.206158627021683,0,1,0,Awake_mobile,-0.198871807675433,-0.218705181490658,751,-20.6158627021683,-0.685153903161526,-19.9307087990067,19211dc232042f969c35fc18d135b54793a9c162e883e4107ae4a411cd9be63b,ID13-20200917,BOI_reference
/Users/zcm361/Documents/Github/OxygenDynamicsV2/reference-validation/phase1-optimized-20260909/ID13-20200917/Recording,sink,58,1,233,732,744,739,741,222,20,20,0,0,0,9.24527027027027,9.24527027027027,valid,valid,0.10351043874394,0.10351043874394,0,1,0,Awake_mobile,-0.221641090360132,-0.327579822560825,739,-10.351043874394,-0.0953926452306463,-10.2556512291634,19211dc232042f969c35fc18d135b54793a9c162e883e4107ae4a411cd9be63b,ID13-20200917,BOI_reference
/Users/zcm361/Documents/Github/OxygenDynamicsV2/reference-validation/phase1-optimized-20260909/ID13-20200917/Recording,sink,59,1,234,750,802,759,768,1655,20,20,0,0,0,9.46716012084592,9.46716012084592,valid,valid,0.116615554484735,0.116615554484735,0,1,0,Awake_mobile,-0.310589402851246,-0.337017496420958,763,-11.6615554484735,-0.225491643048536,-11.436063805425,19211dc232042f969c35fc18d135b54793a9c162e883e4107ae4a411cd9be63b,ID13-20200917,BOI_reference
/Users/zcm361/Documents/Github/OxygenDynamicsV2/reference-validation/phase1-optimized-20260909/ID13-20200917/Recording,sink,60,1,235,1008,1081,1033,1037,499,20,20,0,0,0,10.3955911823647,10.3955911823647,valid,valid,0.13482669545437,0.13482669545437,0,1,0,Awake_mobile,-0.278916685757991,-0.310112439279229,1050,-13.482669545437,-2.21472103326546,-11.2679485121716,19211dc232042f969c35fc18d135b54793a9c162e883e4107ae4a411cd9be63b,ID13-20200917,BOI_reference
/Users/zcm361/Documents/Github/OxygenDynamicsV2/reference-validation/phase1-optimized-20260909/ID13-20200917/Recording,surge,1,1,1,11,20,11,20,4953,20,7,1,3,0,NaN,NaN,insufficient_clean_prebaseline,insufficient_clean_prebaseline,NaN,NaN,NaN,1,0,Awake_mobile,0.0983908987585967,0.111900829269825,NaN,NaN,NaN,NaN,19211dc232042f969c35fc18d135b54793a9c162e883e4107ae4a411cd9be63b,ID13-20200917,BOI_reference
/Users/zcm361/Documents/Github/OxygenDynamicsV2/reference-validation/phase1-optimized-20260909/ID13-20200917/Recording,surge,1,2,2,23,34,23,34,5452,20,10,0,10,0,NaN,NaN,insufficient_clean_prebaseline,insufficient_clean_prebaseline,NaN,NaN,NaN,1,0,Awake_mobile,0.121078016158895,0.126014232871456,NaN,NaN,NaN,NaN,19211dc232042f969c35fc18d135b54793a9c162e883e4107ae4a411cd9be63b,ID13-20200917,BOI_reference
/Users/zcm361/Documents/Github/OxygenDynamicsV2/reference-validation/phase1-optimized-20260909/ID13-20200917/Recording,surge,1,3,3,50,59,50,59,4767,20,15,0,5,0,NaN,NaN,insufficient_clean_prebaseline,insufficient_clean_prebaseline,NaN,NaN,NaN,1,0,Awake_mobile,0.0688951904081951,0.0729144021161902,NaN,NaN,NaN,NaN,19211dc232042f969c35fc18d135b54793a9c162e883e4107ae4a411cd9be63b,ID13-20200917,BOI_reference
/Users/zcm361/Documents/Github/OxygenDynamicsV2/reference-validation/phase1-optimized-20260909/ID13-20200917/Recording,surge,1,4,4,237,250,237,250,3342,20,0,0,20,0,NaN,NaN,insufficient_clean_prebaseline,insufficient_clean_prebaseline,NaN,NaN,NaN,1,0,Awake_mobile,0.181496512101837,0.205049526141629,NaN,NaN,NaN,NaN,19211dc232042f969c35fc18d135b54793a9c162e883e4107ae4a411cd9be63b,ID13-20200917,BOI_reference
/Users/zcm361/Documents/Github/OxygenDynamicsV2/reference-validation/phase1-optimized-20260909/ID13-20200917/Recording,surge,1,5,5,262,272,262,272,2623,20,11,0,9,0,NaN,NaN,insufficient_clean_prebaseline,insufficient_clean_prebaseline,NaN,NaN,NaN,1,0,Awake_mobile,0.0952212506489903,0.121000054259624,NaN,NaN,NaN,NaN,19211dc232042f969c35fc18d135b54793a9c162e883e4107ae4a411cd9be63b,ID13-20200917,BOI_reference
/Users/zcm361/Documents/Github/OxygenDynamicsV2/reference-validation/phase1-optimized-20260909/ID13-20200917/Recording,surge,1,6,6,323,343,323,343,4798,20,20,0,0,0,8.23584827011254,8.23584827011254,valid,valid,0.0518630616769076,0.0518630616769076,0,1,0,Awake_mobile,0.0716223859675439,0.0764597740115675,326,5.18630616769076,0.0172660747037652,5.16904009298697,19211dc232042f969c35fc18d135b54793a9c162e883e4107ae4a411cd9be63b,ID13-20200917,BOI_reference
/Users/zcm361/Documents/Github/OxygenDynamicsV2/reference-validation/phase1-optimized-20260909/ID13-20200917/Recording,surge,1,7,7,377,409,377,409,4522,20,20,0,0,0,7.78800309597523,7.78800309597523,valid,valid,0.0809444776509306,0.0809444776509306,0,1,0,Awake_mobile,0.0488040719382384,0.0548202699285471,396,8.09444776509306,-0.111705706835922,8.20615347192899,19211dc232042f969c35fc18d135b54793a9c162e883e4107ae4a411cd9be63b,ID13-20200917,BOI_reference
/Users/zcm361/Documents/Github/OxygenDynamicsV2/reference-validation/phase1-optimized-20260909/ID13-20200917/Recording,surge,1,8,8,485,498,485,498,8230,20,14,0,6,0,NaN,NaN,insufficient_clean_prebaseline,insufficient_clean_prebaseline,NaN,NaN,NaN,1,0,Awake_mobile,0.139268980999414,0.151670025355606,NaN,NaN,NaN,NaN,19211dc232042f969c35fc18d135b54793a9c162e883e4107ae4a411cd9be63b,ID13-20200917,BOI_reference
/Users/zcm361/Documents/Github/OxygenDynamicsV2/reference-validation/phase1-optimized-20260909/ID13-20200917/Recording,surge,1,9,9,529,554,529,554,4855,20,20,0,0,0,8.49157569515963,8.49157569515963,valid,valid,0.0389166217927262,0.0389166217927262,0,1,0,Awake_mobile,0.102777690331163,0.113937160511157,552,3.89166217927262,-0.486515556141586,4.3781777354142,19211dc232042f969c35fc18d135b54793a9c162e883e4107ae4a411cd9be63b,ID13-20200917,BOI_reference
/Users/zcm361/Documents/Github/OxygenDynamicsV2/reference-validation/phase1-optimized-20260909/ID13-20200917/Recording,surge,1,10,10,566,594,566,594,8198,20,8,0,12,0,NaN,NaN,insufficient_clean_prebaseline,insufficient_clean_prebaseline,NaN,NaN,NaN,1,0,Awake_mobile,0.0996161554835891,0.10454346227951,NaN,NaN,NaN,NaN,19211dc232042f969c35fc18d135b54793a9c162e883e4107ae4a411cd9be63b,ID13-20200917,BOI_reference
/Users/zcm361/Documents/Github/OxygenDynamicsV2/reference-validation/phase1-optimized-20260909/ID13-20200917/Recording,surge,1,11,11,817,838,817,838,6137,20,16,0,4,0,NaN,NaN,insufficient_clean_prebaseline,insufficient_clean_prebaseline,NaN,NaN,NaN,1,0,Awake_mobile,0.117570933305904,0.13618569504709,NaN,NaN,NaN,NaN,19211dc232042f969c35fc18d135b54793a9c162e883e4107ae4a411cd9be63b,ID13-20200917,BOI_reference
/Users/zcm361/Documents/Github/OxygenDynamicsV2/reference-validation/phase1-optimized-20260909/ID13-20200917/Recording,surge,1,12,12,907,920,907,920,4379,20,20,0,0,0,6.99529572961864,6.99529572961864,valid,valid,0.09335213695303,0.09335213695303,0,1,0,Awake_mobile,0.13300713195555,0.158273438190413,920,9.335213695303,-0.714780393586705,10.0499940888897,19211dc232042f969c35fc18d135b54793a9c162e883e4107ae4a411cd9be63b,ID13-20200917,BOI_reference
/Users/zcm361/Documents/Github/OxygenDynamicsV2/reference-validation/phase1-optimized-20260909/ID13-20200917/Recording,surge,1,13,13,1077,1088,1077,1088,6195,20,18,0,2,0,NaN,NaN,insufficient_clean_prebaseline,insufficient_clean_prebaseline,NaN,NaN,NaN,1,0,Awake_mobile,0.133050465420233,0.146968273906451,NaN,NaN,NaN,NaN,19211dc232042f969c35fc18d135b54793a9c162e883e4107ae4a411cd9be63b,ID13-20200917,BOI_reference
/Users/zcm361/Documents/Github/OxygenDynamicsV2/reference-validation/phase1-optimized-20260909/ID13-20200917/Recording,surge,1,14,14,1105,1116,1105,1116,15397,20,16,0,4,0,NaN,NaN,insufficient_clean_prebaseline,insufficient_clean_prebaseline,NaN,NaN,NaN,1,0,Awake_mobile,0.118263462417643,0.125485679397109,NaN,NaN,NaN,NaN,19211dc232042f969c35fc18d135b54793a9c162e883e4107ae4a411cd9be63b,ID13-20200917,BOI_reference
/Users/zcm361/Documents/Github/OxygenDynamicsV2/reference-validation/phase1-optimized-20260909/ID13-20200917/Recording,surge,1,15,15,1120,1156,1120,1156,5227,20,5,0,15,0,NaN,NaN,insufficient_clean_prebaseline,insufficient_clean_prebaseline,NaN,NaN,NaN,1,0,Awake_mobile,0.0971621941668597,0.113923733040213,NaN,NaN,NaN,NaN,19211dc232042f969c35fc18d135b54793a9c162e883e4107ae4a411cd9be63b,ID13-20200917,BOI_reference
/Users/zcm361/Documents/Github/OxygenDynamicsV2/reference-validation/phase1-optimized-20260909/ID13-20200917/Recording,surge,1,16,16,1170,1182,1170,1182,1900,20,13,0,7,0,NaN,NaN,insufficient_clean_prebaseline,insufficient_clean_prebaseline,NaN,NaN,NaN,1,0,Awake_mobile,0.149081173340228,0.171432543366619,NaN,NaN,NaN,NaN,19211dc232042f969c35fc18d135b54793a9c162e883e4107ae4a411cd9be63b,ID13-20200917,BOI_reference
/Users/zcm361/Documents/Github/OxygenDynamicsV2/reference-validation/phase1-optimized-20260909/ID13-20200917/Recording,surge,2,1,17,3,12,3,12,15354,20,2,1,0,0,NaN,NaN,insufficient_clean_prebaseline,insufficient_clean_prebaseline,NaN,NaN,NaN,1,0,Awake_mobile,0.0891551451214731,0.0946449132110034,NaN,NaN,NaN,NaN,19211dc232042f969c35fc18d135b54793a9c162e883e4107ae4a411cd9be63b,ID13-20200917,BOI_reference
/Users/zcm361/Documents/Github/OxygenDynamicsV2/reference-validation/phase1-optimized-20260909/ID13-20200917/Recording,surge,2,2,18,26,36,26,36,9173,20,13,0,7,0,NaN,NaN,insufficient_clean_prebaseline,insufficient_clean_prebaseline,NaN,NaN,NaN,1,0,Awake_mobile,0.0911796692512307,0.105986486126823,NaN,NaN,NaN,NaN,19211dc232042f969c35fc18d135b54793a9c162e883e4107ae4a411cd9be63b,ID13-20200917,BOI_reference
/Users/zcm361/Documents/Github/OxygenDynamicsV2/reference-validation/phase1-optimized-20260909/ID13-20200917/Recording,surge,2,3,19,80,90,80,90,7009,20,20,0,0,0,8.64197460408047,8.64197460408047,valid,valid,0.0412470530743783,0.0412470530743783,0,1,0,Awake_mobile,0.100479002473446,0.112000835124714,83,4.12470530743783,0.188911732586988,3.93579357485083,19211dc232042f969c35fc18d135b54793a9c162e883e4107ae4a411cd9be63b,ID13-20200917,BOI_reference
/Users/zcm361/Documents/Github/OxygenDynamicsV2/reference-validation/phase1-optimized-20260909/ID13-20200917/Recording,surge,2,4,20,166,175,166,175,9937,20,20,0,0,0,8.33362181744993,8.33362181744993,valid,valid,0.0386034739262322,0.0386034739262322,0,1,0,Awake_mobile,0.122341253894995,0.129251087762362,172,3.86034739262322,0.055514092880925,3.80483329974228,19211dc232042f969c35fc18d135b54793a9c162e883e4107ae4a411cd9be63b,ID13-20200917,BOI_reference
/Users/zcm361/Documents/Github/OxygenDynamicsV2/reference-validation/phase1-optimized-20260909/ID13-20200917/Recording,surge,2,5,21,324,346,324,346,11516,20,8,0,12,0,NaN,NaN,insufficient_clean_prebaseline,insufficient_clean_prebaseline,NaN,NaN,NaN,1,0,Awake_mobile,0.0419840061801291,0.0525094408166332,NaN,NaN,NaN,NaN,19211dc232042f969c35fc18d135b54793a9c162e883e4107ae4a411cd9be63b,ID13-20200917,BOI_reference
/Users/zcm361/Documents/Github/OxygenDynamicsV2/reference-validation/phase1-optimized-20260909/ID13-20200917/Recording,surge,2,6,22,470,482,470,482,13736,20,12,0,8,0,NaN,NaN,insufficient_clean_prebaseline,insufficient_clean_prebaseline,NaN,NaN,NaN,1,0,Awake_mobile,0.0937318460757174,0.100195366086401,NaN,NaN,NaN,NaN,19211dc232042f969c35fc18d135b54793a9c162e883e4107ae4a411cd9be63b,ID13-20200917,BOI_reference
/Users/zcm361/Documents/Github/OxygenDynamicsV2/reference-validation/phase1-optimized-20260909/ID13-20200917/Recording,surge,2,7,23,487,513,487,513,17719,20,5,0,15,0,NaN,NaN,insufficient_clean_prebaseline,insufficient_clean_prebaseline,NaN,NaN,NaN,1,0,Awake_mobile,0.0862968147847929,0.087741072552336,NaN,NaN,NaN,NaN,19211dc232042f969c35fc18d135b54793a9c162e883e4107ae4a411cd9be63b,ID13-20200917,BOI_reference
/Users/zcm361/Documents/Github/OxygenDynamicsV2/reference-validation/phase1-optimized-20260909/ID13-20200917/Recording,surge,2,8,24,532,557,532,557,22892,20,18,0,2,0,NaN,NaN,insufficient_clean_prebaseline,insufficient_clean_prebaseline,NaN,NaN,NaN,1,0,Awake_mobile,0.141078921404856,0.143373035664821,NaN,NaN,NaN,NaN,19211dc232042f969c35fc18d135b54793a9c162e883e4107ae4a411cd9be63b,ID13-20200917,BOI_reference
/Users/zcm361/Documents/Github/OxygenDynamicsV2/reference-validation/phase1-optimized-20260909/ID13-20200917/Recording,surge,2,9,25,559,580,559,580,19313,20,1,0,19,0,NaN,NaN,insufficient_clean_prebaseline,insufficient_clean_prebaseline,NaN,NaN,NaN,1,0,Awake_mobile,0.110034681660317,0.110887576304507,NaN,NaN,NaN,NaN,19211dc232042f969c35fc18d135b54793a9c162e883e4107ae4a411cd9be63b,ID13-20200917,BOI_reference
/Users/zcm361/Documents/Github/OxygenDynamicsV2/reference-validation/phase1-optimized-20260909/ID13-20200917/Recording,surge,2,10,26,582,604,582,604,19525,20,1,0,19,0,NaN,NaN,insufficient_clean_prebaseline,insufficient_clean_prebaseline,NaN,NaN,NaN,1,0,Awake_mobile,0.114524131466681,0.119012814812663,NaN,NaN,NaN,NaN,19211dc232042f969c35fc18d135b54793a9c162e883e4107ae4a411cd9be63b,ID13-20200917,BOI_reference
/Users/zcm361/Documents/Github/OxygenDynamicsV2/reference-validation/phase1-optimized-20260909/ID13-20200917/Recording,surge,2,11,27,664,675,664,675,6980,20,5,0,15,0,NaN,NaN,insufficient_clean_prebaseline,insufficient_clean_prebaseline,NaN,NaN,NaN,1,0,Awake_mobile,0.0991015598189967,0.118262346723187,NaN,NaN,NaN,NaN,19211dc232042f969c35fc18d135b54793a9c162e883e4107ae4a411cd9be63b,ID13-20200917,BOI_reference
/Users/zcm361/Documents/Github/OxygenDynamicsV2/reference-validation/phase1-optimized-20260909/ID13-20200917/Recording,surge,2,12,28,685,695,685,695,4102,20,13,0,7,0,NaN,NaN,insufficient_clean_prebaseline,insufficient_clean_prebaseline,NaN,NaN,NaN,1,0,Awake_mobile,0.103686642232623,0.117709642801533,NaN,NaN,NaN,NaN,19211dc232042f969c35fc18d135b54793a9c162e883e4107ae4a411cd9be63b,ID13-20200917,BOI_reference
/Users/zcm361/Documents/Github/OxygenDynamicsV2/reference-validation/phase1-optimized-20260909/ID13-20200917/Recording,surge,2,13,29,707,716,707,716,17483,20,11,0,9,0,NaN,NaN,insufficient_clean_prebaseline,insufficient_clean_prebaseline,NaN,NaN,NaN,1,0,Awake_mobile,0.134580405090873,0.137831868185161,NaN,NaN,NaN,NaN,19211dc232042f969c35fc18d135b54793a9c162e883e4107ae4a411cd9be63b,ID13-20200917,BOI_reference
/Users/zcm361/Documents/Github/OxygenDynamicsV2/reference-validation/phase1-optimized-20260909/ID13-20200917/Recording,surge,2,14,30,721,740,721,740,13072,20,10,0,10,0,NaN,NaN,insufficient_clean_prebaseline,insufficient_clean_prebaseline,NaN,NaN,NaN,1,0,Awake_mobile,0.0866506987399376,0.0901045439044819,NaN,NaN,NaN,NaN,19211dc232042f969c35fc18d135b54793a9c162e883e4107ae4a411cd9be63b,ID13-20200917,BOI_reference
/Users/zcm361/Documents/Github/OxygenDynamicsV2/reference-validation/phase1-optimized-20260909/ID13-20200917/Recording,surge,2,15,31,781,802,781,802,14261,20,18,0,2,0,NaN,NaN,insufficient_clean_prebaseline,insufficient_clean_prebaseline,NaN,NaN,NaN,1,0,Awake_mobile,0.133413720660391,0.143667313126679,NaN,NaN,NaN,NaN,19211dc232042f969c35fc18d135b54793a9c162e883e4107ae4a411cd9be63b,ID13-20200917,BOI_reference
/Users/zcm361/Documents/Github/OxygenDynamicsV2/reference-validation/phase1-optimized-20260909/ID13-20200917/Recording,surge,2,16,32,819,840,819,840,15580,20,14,0,6,0,NaN,NaN,insufficient_clean_prebaseline,insufficient_clean_prebaseline,NaN,NaN,NaN,1,0,Awake_mobile,0.134509105046817,0.145407117357427,NaN,NaN,NaN,NaN,19211dc232042f969c35fc18d135b54793a9c162e883e4107ae4a411cd9be63b,ID13-20200917,BOI_reference
/Users/zcm361/Documents/Github/OxygenDynamicsV2/reference-validation/phase1-optimized-20260909/ID13-20200917/Recording,surge,2,17,33,925,943,925,943,6955,20,20,0,0,0,9.35396117900791,9.35396117900791,valid,valid,0.0577679812102656,0.0577679812102656,0,1,0,Awake_mobile,0.141429470665903,0.162670648914525,931,5.77679812102656,-0.356859792397179,6.13365791342374,19211dc232042f969c35fc18d135b54793a9c162e883e4107ae4a411cd9be63b,ID13-20200917,BOI_reference
/Users/zcm361/Documents/Github/OxygenDynamicsV2/reference-validation/phase1-optimized-20260909/ID13-20200917/Recording,surge,2,18,34,947,963,947,963,9767,20,0,0,20,0,NaN,NaN,insufficient_clean_prebaseline,insufficient_clean_prebaseline,NaN,NaN,NaN,1,0,Awake_mobile,0.125326232452559,0.142602194289151,NaN,NaN,NaN,NaN,19211dc232042f969c35fc18d135b54793a9c162e883e4107ae4a411cd9be63b,ID13-20200917,BOI_reference
/Users/zcm361/Documents/Github/OxygenDynamicsV2/reference-validation/phase1-optimized-20260909/ID13-20200917/Recording,surge,2,19,35,1038,1048,1038,1048,4902,20,18,0,2,0,NaN,NaN,insufficient_clean_prebaseline,insufficient_clean_prebaseline,NaN,NaN,NaN,1,0,Awake_mobile,0.161223857969014,0.187171737488952,NaN,NaN,NaN,NaN,19211dc232042f969c35fc18d135b54793a9c162e883e4107ae4a411cd9be63b,ID13-20200917,BOI_reference
/Users/zcm361/Documents/Github/OxygenDynamicsV2/reference-validation/phase1-optimized-20260909/ID13-20200917/Recording,surge,2,20,36,1071,1086,1071,1086,10019,20,20,0,0,0,6.68542269687594,6.68542269687594,valid,valid,0.0689707940655032,0.0689707940655032,0,1,0,Awake_mobile,0.134677496132228,0.151931373356157,1073,6.89707940655032,-0.300784586178897,7.19786399272922,19211dc232042f969c35fc18d135b54793a9c162e883e4107ae4a411cd9be63b,ID13-20200917,BOI_reference
/Users/zcm361/Documents/Github/OxygenDynamicsV2/reference-validation/phase1-optimized-20260909/ID13-20200917/Recording,surge,2,21,37,1090,1119,1090,1119,14878,20,2,0,18,0,NaN,NaN,insufficient_clean_prebaseline,insufficient_clean_prebaseline,NaN,NaN,NaN,1,0,Awake_mobile,0.0834223206980275,0.0954547552573077,NaN,NaN,NaN,NaN,19211dc232042f969c35fc18d135b54793a9c162e883e4107ae4a411cd9be63b,ID13-20200917,BOI_reference
/Users/zcm361/Documents/Github/OxygenDynamicsV2/reference-validation/phase1-optimized-20260909/ID13-20200917/Recording,surge,2,22,38,1125,1142,1125,1142,12664,20,7,0,13,0,NaN,NaN,insufficient_clean_prebaseline,insufficient_clean_prebaseline,NaN,NaN,NaN,1,0,Awake_mobile,0.118994749374999,0.128429112701136,NaN,NaN,NaN,NaN,19211dc232042f969c35fc18d135b54793a9c162e883e4107ae4a411cd9be63b,ID13-20200917,BOI_reference
/Users/zcm361/Documents/Github/OxygenDynamicsV2/reference-validation/phase1-optimized-20260909/ID13-20200917/Recording,surge,2,23,39,1154,1178,1154,1178,13918,20,2,0,18,0,NaN,NaN,insufficient_clean_prebaseline,insufficient_clean_prebaseline,NaN,NaN,NaN,1,0,Awake_mobile,0.156100493546482,0.17005058413127,NaN,NaN,NaN,NaN,19211dc232042f969c35fc18d135b54793a9c162e883e4107ae4a411cd9be63b,ID13-20200917,BOI_reference
/Users/zcm361/Documents/Github/OxygenDynamicsV2/reference-validation/phase1-optimized-20260909/ID13-20200917/Recording,surge,3,1,40,26,46,26,46,4053,20,20,0,0,0,7.22757216876388,7.22757216876388,valid,valid,0.0825323836297315,0.0825323836297315,0,1,0,Awake_mobile,0.0702129253029612,0.0971769447151324,45,8.25323836297315,1.65869288836305,6.5945454746101,19211dc232042f969c35fc18d135b54793a9c162e883e4107ae4a411cd9be63b,ID13-20200917,BOI_reference
/Users/zcm361/Documents/Github/OxygenDynamicsV2/reference-validation/phase1-optimized-20260909/ID13-20200917/Recording,surge,3,2,41,91,101,91,101,1697,20,20,0,0,0,7.75533294048321,7.75533294048321,valid,valid,0.0927907118108322,0.0927907118108322,0,1,0,Awake_mobile,0.199914889911542,0.249557755510215,93,9.27907118108322,0.766075241864079,8.51299593921915,19211dc232042f969c35fc18d135b54793a9c162e883e4107ae4a411cd9be63b,ID13-20200917,BOI_reference
/Users/zcm361/Documents/Github/OxygenDynamicsV2/reference-validation/phase1-optimized-20260909/ID13-20200917/Recording,surge,3,3,42,164,185,164,185,21203,20,14,0,6,0,NaN,NaN,insufficient_clean_prebaseline,insufficient_clean_prebaseline,NaN,NaN,NaN,1,0,Awake_mobile,0.166811370711589,0.187931838309436,NaN,NaN,NaN,NaN,19211dc232042f969c35fc18d135b54793a9c162e883e4107ae4a411cd9be63b,ID13-20200917,BOI_reference
/Users/zcm361/Documents/Github/OxygenDynamicsV2/reference-validation/phase1-optimized-20260909/ID13-20200917/Recording,surge,3,4,43,238,255,238,255,12525,20,18,0,2,0,NaN,NaN,insufficient_clean_prebaseline,insufficient_clean_prebaseline,NaN,NaN,NaN,1,0,Awake_mobile,0.180531082379077,0.224592066545741,NaN,NaN,NaN,NaN,19211dc232042f969c35fc18d135b54793a9c162e883e4107ae4a411cd9be63b,ID13-20200917,BOI_reference
/Users/zcm361/Documents/Github/OxygenDynamicsV2/reference-validation/phase1-optimized-20260909/ID13-20200917/Recording,surge,3,5,44,360,369,360,369,12038,20,0,0,20,0,NaN,NaN,insufficient_clean_prebaseline,insufficient_clean_prebaseline,NaN,NaN,NaN,1,0,Awake_mobile,0.0825203891740621,0.100329967977677,NaN,NaN,NaN,NaN,19211dc232042f969c35fc18d135b54793a9c162e883e4107ae4a411cd9be63b,ID13-20200917,BOI_reference
/Users/zcm361/Documents/Github/OxygenDynamicsV2/reference-validation/phase1-optimized-20260909/ID13-20200917/Recording,surge,3,6,45,417,458,417,458,7936,20,17,0,3,0,NaN,NaN,insufficient_clean_prebaseline,insufficient_clean_prebaseline,NaN,NaN,NaN,1,0,Awake_mobile,0.169361192220529,0.212794896308835,NaN,NaN,NaN,NaN,19211dc232042f969c35fc18d135b54793a9c162e883e4107ae4a411cd9be63b,ID13-20200917,BOI_reference
/Users/zcm361/Documents/Github/OxygenDynamicsV2/reference-validation/phase1-optimized-20260909/ID13-20200917/Recording,surge,3,7,46,485,495,485,495,1418,20,16,0,4,0,NaN,NaN,insufficient_clean_prebaseline,insufficient_clean_prebaseline,NaN,NaN,NaN,1,0,Awake_mobile,0.145362096268344,0.182117088925385,NaN,NaN,NaN,NaN,19211dc232042f969c35fc18d135b54793a9c162e883e4107ae4a411cd9be63b,ID13-20200917,BOI_reference
/Users/zcm361/Documents/Github/OxygenDynamicsV2/reference-validation/phase1-optimized-20260909/ID13-20200917/Recording,surge,3,8,47,506,524,506,524,3887,20,10,0,10,0,NaN,NaN,insufficient_clean_prebaseline,insufficient_clean_prebaseline,NaN,NaN,NaN,1,0,Awake_mobile,0.0966784875725639,0.113689975194127,NaN,NaN,NaN,NaN,19211dc232042f969c35fc18d135b54793a9c162e883e4107ae4a411cd9be63b,ID13-20200917,BOI_reference
/Users/zcm361/Documents/Github/OxygenDynamicsV2/reference-validation/phase1-optimized-20260909/ID13-20200917/Recording,surge,3,9,48,559,568,559,568,3947,20,20,0,0,0,8.43202432227008,8.43202432227008,valid,valid,0.0468372534644182,0.0468372534644182,0,1,0,Awake_mobile,0.113337941177191,0.131807890592622,563,4.68372534644182,0.15689942711087,4.52682591933094,19211dc232042f969c35fc18d135b54793a9c162e883e4107ae4a411cd9be63b,ID13-20200917,BOI_reference
/Users/zcm361/Documents/Github/OxygenDynamicsV2/reference-validation/phase1-optimized-20260909/ID13-20200917/Recording,surge,3,10,49,601,625,601,625,8115,20,7,0,13,0,NaN,NaN,insufficient_clean_prebaseline,insufficient_clean_prebaseline,NaN,NaN,NaN,1,0,Awake_mobile,0.278683990132515,0.331681697903314,NaN,NaN,NaN,NaN,19211dc232042f969c35fc18d135b54793a9c162e883e4107ae4a411cd9be63b,ID13-20200917,BOI_reference
/Users/zcm361/Documents/Github/OxygenDynamicsV2/reference-validation/phase1-optimized-20260909/ID13-20200917/Recording,surge,3,11,50,745,754,745,754,1792,20,8,0,12,0,NaN,NaN,insufficient_clean_prebaseline,insufficient_clean_prebaseline,NaN,NaN,NaN,1,0,Awake_mobile,0.27066686372441,0.356572987791885,NaN,NaN,NaN,NaN,19211dc232042f969c35fc18d135b54793a9c162e883e4107ae4a411cd9be63b,ID13-20200917,BOI_reference
/Users/zcm361/Documents/Github/OxygenDynamicsV2/reference-validation/phase1-optimized-20260909/ID13-20200917/Recording,surge,3,12,51,798,807,798,807,4512,20,20,0,0,0,7.22695035460993,7.22695035460993,valid,valid,0.075993621197252,0.075993621197252,0,1,0,Awake_mobile,0.181061976179494,0.200796781548364,803,7.5993621197252,-0.066392308820723,7.66575442854595,19211dc232042f969c35fc18d135b54793a9c162e883e4107ae4a411cd9be63b,ID13-20200917,BOI_reference
/Users/zcm361/Documents/Github/OxygenDynamicsV2/reference-validation/phase1-optimized-20260909/ID13-20200917/Recording,surge,3,13,52,812,821,812,821,4275,20,10,0,10,0,NaN,NaN,insufficient_clean_prebaseline,insufficient_clean_prebaseline,NaN,NaN,NaN,1,0,Awake_mobile,0.213920114507258,0.237365072596823,NaN,NaN,NaN,NaN,19211dc232042f969c35fc18d135b54793a9c162e883e4107ae4a411cd9be63b,ID13-20200917,BOI_reference
/Users/zcm361/Documents/Github/OxygenDynamicsV2/reference-validation/phase1-optimized-20260909/ID13-20200917/Recording,surge,3,14,53,828,845,828,845,4204,20,10,0,10,0,NaN,NaN,insufficient_clean_prebaseline,insufficient_clean_prebaseline,NaN,NaN,NaN,1,0,Awake_mobile,0.190071087886517,0.205718517270966,NaN,NaN,NaN,NaN,19211dc232042f969c35fc18d135b54793a9c162e883e4107ae4a411cd9be63b,ID13-20200917,BOI_reference
/Users/zcm361/Documents/Github/OxygenDynamicsV2/reference-validation/phase1-optimized-20260909/ID13-20200917/Recording,surge,3,15,54,921,959,921,959,14569,20,17,0,3,0,NaN,NaN,insufficient_clean_prebaseline,insufficient_clean_prebaseline,NaN,NaN,NaN,1,0,Awake_mobile,0.177632909741085,0.208643142011936,NaN,NaN,NaN,NaN,19211dc232042f969c35fc18d135b54793a9c162e883e4107ae4a411cd9be63b,ID13-20200917,BOI_reference
/Users/zcm361/Documents/Github/OxygenDynamicsV2/reference-validation/phase1-optimized-20260909/ID13-20200917/Recording,surge,3,16,55,1121,1153,1121,1153,6721,20,11,0,9,0,NaN,NaN,insufficient_clean_prebaseline,insufficient_clean_prebaseline,NaN,NaN,NaN,1,0,Awake_mobile,0.143249546006357,0.163046503405627,NaN,NaN,NaN,NaN,19211dc232042f969c35fc18d135b54793a9c162e883e4107ae4a411cd9be63b,ID13-20200917,BOI_reference
/Users/zcm361/Documents/Github/OxygenDynamicsV2/reference-validation/phase1-optimized-20260909/ID13-20200917/Recording,surge,3,17,56,1159,1187,1159,1187,11403,20,3,0,17,0,NaN,NaN,insufficient_clean_prebaseline,insufficient_clean_prebaseline,NaN,NaN,NaN,1,0,Awake_mobile,0.0472581326329311,0.0453781676788955,NaN,NaN,NaN,NaN,19211dc232042f969c35fc18d135b54793a9c162e883e4107ae4a411cd9be63b,ID13-20200917,BOI_reference
/Users/zcm361/Documents/Github/OxygenDynamicsV2/reference-validation/phase1-optimized-20260909/ID13-20200917/Recording,surge,4,1,57,1,20,1,20,3521,20,0,1,0,0,NaN,NaN,insufficient_clean_prebaseline,insufficient_clean_prebaseline,NaN,NaN,NaN,1,0,Awake_mobile,0.0270284888630978,0.0448651050542526,NaN,NaN,NaN,NaN,19211dc232042f969c35fc18d135b54793a9c162e883e4107ae4a411cd9be63b,ID13-20200917,BOI_reference
/Users/zcm361/Documents/Github/OxygenDynamicsV2/reference-validation/phase1-optimized-20260909/ID13-20200917/Recording,surge,4,2,58,24,37,24,37,4323,20,3,0,17,0,NaN,NaN,insufficient_clean_prebaseline,insufficient_clean_prebaseline,NaN,NaN,NaN,1,0,Awake_mobile,0.131228057017199,0.189444330634636,NaN,NaN,NaN,NaN,19211dc232042f969c35fc18d135b54793a9c162e883e4107ae4a411cd9be63b,ID13-20200917,BOI_reference
/Users/zcm361/Documents/Github/OxygenDynamicsV2/reference-validation/phase1-optimized-20260909/ID13-20200917/Recording,surge,4,3,59,87,98,87,98,12495,20,7,0,13,0,NaN,NaN,insufficient_clean_prebaseline,insufficient_clean_prebaseline,NaN,NaN,NaN,1,0,Awake_mobile,0.105736716948658,0.134470505695135,NaN,NaN,NaN,NaN,19211dc232042f969c35fc18d135b54793a9c162e883e4107ae4a411cd9be63b,ID13-20200917,BOI_reference
/Users/zcm361/Documents/Github/OxygenDynamicsV2/reference-validation/phase1-optimized-20260909/ID13-20200917/Recording,surge,4,4,60,338,347,338,347,9901,20,20,0,0,0,10.1443945056055,10.1443945056055,valid,valid,0.048659568208372,0.048659568208372,0,1,0,Awake_mobile,0.0766198584444699,0.0909921695836031,342,4.8659568208372,0.0539212998802689,4.81203552095694,19211dc232042f969c35fc18d135b54793a9c162e883e4107ae4a411cd9be63b,ID13-20200917,BOI_reference
/Users/zcm361/Documents/Github/OxygenDynamicsV2/reference-validation/phase1-optimized-20260909/ID13-20200917/Recording,surge,4,5,61,350,359,350,359,3288,20,10,0,10,0,NaN,NaN,insufficient_clean_prebaseline,insufficient_clean_prebaseline,NaN,NaN,NaN,1,0,Awake_mobile,0.155129613719233,0.211355344005579,NaN,NaN,NaN,NaN,19211dc232042f969c35fc18d135b54793a9c162e883e4107ae4a411cd9be63b,ID13-20200917,BOI_reference
/Users/zcm361/Documents/Github/OxygenDynamicsV2/reference-validation/phase1-optimized-20260909/ID13-20200917/Recording,surge,4,6,62,450,460,450,460,7432,20,12,0,8,0,NaN,NaN,insufficient_clean_prebaseline,insufficient_clean_prebaseline,NaN,NaN,NaN,1,0,Awake_mobile,0.172035926418421,0.196676439965784,NaN,NaN,NaN,NaN,19211dc232042f969c35fc18d135b54793a9c162e883e4107ae4a411cd9be63b,ID13-20200917,BOI_reference
/Users/zcm361/Documents/Github/OxygenDynamicsV2/reference-validation/phase1-optimized-20260909/ID13-20200917/Recording,surge,4,7,63,594,620,594,620,6456,20,20,0,0,0,10.789699504337,10.789699504337,valid,valid,0.0648838688282661,0.0648838688282661,0,1,0,Awake_mobile,0.171580760833624,0.193075544291722,601,6.48838688282661,-0.260992724042647,6.74937960686925,19211dc232042f969c35fc18d135b54793a9c162e883e4107ae4a411cd9be63b,ID13-20200917,BOI_reference
/Users/zcm361/Documents/Github/OxygenDynamicsV2/reference-validation/phase1-optimized-20260909/ID13-20200917/Recording,surge,4,8,64,743,753,743,753,3562,20,20,0,0,0,11.2370578326783,11.2370578326783,valid,valid,0.0763396158535367,0.0763396158535367,0,1,0,Awake_mobile,0.243937443565567,0.296384498498178,746,7.63396158535367,-0.279270808365755,7.91323239371942,19211dc232042f969c35fc18d135b54793a9c162e883e4107ae4a411cd9be63b,ID13-20200917,BOI_reference
/Users/zcm361/Documents/Github/OxygenDynamicsV2/reference-validation/phase1-optimized-20260909/ID13-20200917/Recording,surge,4,9,65,969,984,969,984,4723,20,8,0,12,0,NaN,NaN,insufficient_clean_prebaseline,insufficient_clean_prebaseline,NaN,NaN,NaN,1,0,Awake_mobile,0.23101115632949,0.302920358929091,NaN,NaN,NaN,NaN,19211dc232042f969c35fc18d135b54793a9c162e883e4107ae4a411cd9be63b,ID13-20200917,BOI_reference
/Users/zcm361/Documents/Github/OxygenDynamicsV2/reference-validation/phase1-optimized-20260909/ID13-20200917/Recording,surge,4,10,66,1039,1048,1039,1048,3599,20,20,0,0,0,9.33980272297861,9.33980272297861,valid,valid,0.0551571594531435,0.0551571594531435,0,1,0,Awake_mobile,0.14274929995631,0.190359503986868,1039,5.51571594531435,-0.197637051229706,5.71335299654407,19211dc232042f969c35fc18d135b54793a9c162e883e4107ae4a411cd9be63b,ID13-20200917,BOI_reference
/Users/zcm361/Documents/Github/OxygenDynamicsV2/reference-validation/phase1-optimized-20260909/ID13-20200917/Recording,surge,4,11,67,1077,1087,1077,1087,2108,20,20,0,0,0,7.71902277039848,7.71902277039848,valid,valid,0.0935550680014996,0.0935550680014996,0,1,0,Awake_mobile,0.158820344058477,0.240562772927246,1085,9.35550680014996,-0.507969992857395,9.86347679300735,19211dc232042f969c35fc18d135b54793a9c162e883e4107ae4a411cd9be63b,ID13-20200917,BOI_reference
/Users/zcm361/Documents/Github/OxygenDynamicsV2/reference-validation/phase1-optimized-20260909/ID13-20200917/Recording,surge,4,12,68,1094,1117,1094,1117,13408,20,6,0,14,0,NaN,NaN,insufficient_clean_prebaseline,insufficient_clean_prebaseline,NaN,NaN,NaN,1,0,Awake_mobile,0.0662745138098093,0.0783537386440209,NaN,NaN,NaN,NaN,19211dc232042f969c35fc18d135b54793a9c162e883e4107ae4a411cd9be63b,ID13-20200917,BOI_reference
/Users/zcm361/Documents/Github/OxygenDynamicsV2/reference-validation/phase1-optimized-20260909/ID13-20200917/Recording,surge,4,13,69,1187,1198,1187,1198,2969,20,3,0,17,0,NaN,NaN,insufficient_clean_prebaseline,insufficient_clean_prebaseline,NaN,NaN,NaN,1,0,Awake_mobile,0.112898964119664,0.147648644581134,NaN,NaN,NaN,NaN,19211dc232042f969c35fc18d135b54793a9c162e883e4107ae4a411cd9be63b,ID13-20200917,BOI_reference
/Users/zcm361/Documents/Github/OxygenDynamicsV2/reference-validation/phase1-optimized-20260909/ID13-20200917/Recording,surge,5,1,70,1,13,1,13,6624,20,0,1,0,0,NaN,NaN,insufficient_clean_prebaseline,insufficient_clean_prebaseline,NaN,NaN,NaN,1,0,Awake_mobile,0.0762249846417195,0.0877695544674479,NaN,NaN,NaN,NaN,19211dc232042f969c35fc18d135b54793a9c162e883e4107ae4a411cd9be63b,ID13-20200917,BOI_reference
/Users/zcm361/Documents/Github/OxygenDynamicsV2/reference-validation/phase1-optimized-20260909/ID13-20200917/Recording,surge,5,2,71,187,197,187,197,2394,20,20,0,0,0,10.1719507101086,10.1719507101086,valid,valid,0.073027905706595,0.073027905706595,0,1,0,Awake_mobile,0.132994869622146,0.184236311697272,196,7.3027905706595,0.491645293503311,6.81114527715617,19211dc232042f969c35fc18d135b54793a9c162e883e4107ae4a411cd9be63b,ID13-20200917,BOI_reference
/Users/zcm361/Documents/Github/OxygenDynamicsV2/reference-validation/phase1-optimized-20260909/ID13-20200917/Recording,surge,5,3,72,537,566,537,566,13956,20,12,0,8,0,NaN,NaN,insufficient_clean_prebaseline,insufficient_clean_prebaseline,NaN,NaN,NaN,1,0,Awake_mobile,0.105359331893326,0.116582784640789,NaN,NaN,NaN,NaN,19211dc232042f969c35fc18d135b54793a9c162e883e4107ae4a411cd9be63b,ID13-20200917,BOI_reference
/Users/zcm361/Documents/Github/OxygenDynamicsV2/reference-validation/phase1-optimized-20260909/ID13-20200917/Recording,surge,5,4,73,610,623,610,623,6431,20,12,0,8,0,NaN,NaN,insufficient_clean_prebaseline,insufficient_clean_prebaseline,NaN,NaN,NaN,1,0,Awake_mobile,0.277212568920311,0.315097041228252,NaN,NaN,NaN,NaN,19211dc232042f969c35fc18d135b54793a9c162e883e4107ae4a411cd9be63b,ID13-20200917,BOI_reference
/Users/zcm361/Documents/Github/OxygenDynamicsV2/reference-validation/phase1-optimized-20260909/ID13-20200917/Recording,surge,5,5,74,921,932,921,932,5665,20,14,0,6,0,NaN,NaN,insufficient_clean_prebaseline,insufficient_clean_prebaseline,NaN,NaN,NaN,1,0,Awake_mobile,0.147223480965545,0.189977835988333,NaN,NaN,NaN,NaN,19211dc232042f969c35fc18d135b54793a9c162e883e4107ae4a411cd9be63b,ID13-20200917,BOI_reference
/Users/zcm361/Documents/Github/OxygenDynamicsV2/reference-validation/phase1-optimized-20260909/ID13-20200917/Recording,surge,5,6,75,961,971,961,971,16361,20,1,0,19,0,NaN,NaN,insufficient_clean_prebaseline,insufficient_clean_prebaseline,NaN,NaN,NaN,1,0,Awake_mobile,0.196310869793555,0.220924984355413,NaN,NaN,NaN,NaN,19211dc232042f969c35fc18d135b54793a9c162e883e4107ae4a411cd9be63b,ID13-20200917,BOI_reference
/Users/zcm361/Documents/Github/OxygenDynamicsV2/reference-validation/phase1-optimized-20260909/ID13-20200917/Recording,surge,5,7,76,1161,1176,1161,1176,9779,20,18,0,2,0,NaN,NaN,insufficient_clean_prebaseline,insufficient_clean_prebaseline,NaN,NaN,NaN,1,0,Awake_mobile,0.194130492795488,0.246841146353753,NaN,NaN,NaN,NaN,19211dc232042f969c35fc18d135b54793a9c162e883e4107ae4a411cd9be63b,ID13-20200917,BOI_reference
/Users/zcm361/Documents/Github/OxygenDynamicsV2/reference-validation/phase1-optimized-20260909/ID13-20200917/Recording,surge,6,1,77,24,37,24,37,3147,20,20,0,0,0,4.45351128058468,4.45351128058468,valid,valid,0.270335064786803,0.270335064786803,0,1,0,Awake_mobile,0.217021587991649,0.378058972318573,35,27.0335064786803,2.07487687801581,24.9586296006645,19211dc232042f969c35fc18d135b54793a9c162e883e4107ae4a411cd9be63b,ID13-20200917,BOI_reference
/Users/zcm361/Documents/Github/OxygenDynamicsV2/reference-validation/phase1-optimized-20260909/ID13-20200917/Recording,surge,6,2,78,72,85,72,85,7415,20,20,0,0,0,5.5872016183412,5.5872016183412,valid,valid,0.0642519388545732,0.0642519388545732,0,1,0,Awake_mobile,0.111047421759513,0.151482855904344,83,6.42519388545732,0.500331594439708,5.92486229101762,19211dc232042f969c35fc18d135b54793a9c162e883e4107ae4a411cd9be63b,ID13-20200917,BOI_reference
/Users/zcm361/Documents/Github/OxygenDynamicsV2/reference-validation/phase1-optimized-20260909/ID13-20200917/Recording,surge,6,3,79,293,313,293,313,3742,20,20,0,0,0,5.23551576696953,5.23551576696953,valid,valid,0.0703730737623334,0.0703730737623334,0,1,0,Awake_mobile,0.176485350364669,0.282791559321779,312,7.03730737623334,1.39832107607465,5.63898630015866,19211dc232042f969c35fc18d135b54793a9c162e883e4107ae4a411cd9be63b,ID13-20200917,BOI_reference
/Users/zcm361/Documents/Github/OxygenDynamicsV2/reference-validation/phase1-optimized-20260909/ID13-20200917/Recording,surge,6,4,80,318,329,318,329,3371,20,4,0,16,0,NaN,NaN,insufficient_clean_prebaseline,insufficient_clean_prebaseline,NaN,NaN,NaN,1,0,Awake_mobile,0.148592030105333,0.247551252800446,NaN,NaN,NaN,NaN,19211dc232042f969c35fc18d135b54793a9c162e883e4107ae4a411cd9be63b,ID13-20200917,BOI_reference
/Users/zcm361/Documents/Github/OxygenDynamicsV2/reference-validation/phase1-optimized-20260909/ID13-20200917/Recording,surge,6,5,81,339,363,339,363,3944,20,9,0,11,0,NaN,NaN,insufficient_clean_prebaseline,insufficient_clean_prebaseline,NaN,NaN,NaN,1,0,Awake_mobile,0.124834406359701,0.206259210660155,NaN,NaN,NaN,NaN,19211dc232042f969c35fc18d135b54793a9c162e883e4107ae4a411cd9be63b,ID13-20200917,BOI_reference
/Users/zcm361/Documents/Github/OxygenDynamicsV2/reference-validation/phase1-optimized-20260909/ID13-20200917/Recording,surge,7,1,82,588,600,588,600,12583,20,20,0,0,0,9.7650997377414,9.7650997377414,valid,valid,0.028197527146656,0.028197527146656,0,1,0,Awake_mobile,0.130352078781259,0.13606152361456,600,2.8197527146656,-0.0902757926759755,2.91002850734157,19211dc232042f969c35fc18d135b54793a9c162e883e4107ae4a411cd9be63b,ID13-20200917,BOI_reference
/Users/zcm361/Documents/Github/OxygenDynamicsV2/reference-validation/phase1-optimized-20260909/ID13-20200917/Recording,surge,7,2,83,919,931,919,931,4227,20,7,0,13,0,NaN,NaN,insufficient_clean_prebaseline,insufficient_clean_prebaseline,NaN,NaN,NaN,1,0,Awake_mobile,0.183829932580929,0.207791149496948,NaN,NaN,NaN,NaN,19211dc232042f969c35fc18d135b54793a9c162e883e4107ae4a411cd9be63b,ID13-20200917,BOI_reference
/Users/zcm361/Documents/Github/OxygenDynamicsV2/reference-validation/phase1-optimized-20260909/ID13-20200917/Recording,surge,8,1,84,544,556,544,556,8010,20,20,0,0,0,8.07559925093633,8.07559925093633,valid,valid,0.0427831254430088,0.0427831254430088,0,1,0,Awake_mobile,0.124360358690329,0.130586964783451,545,4.27831254430088,-0.00121043380868756,4.27952297810956,19211dc232042f969c35fc18d135b54793a9c162e883e4107ae4a411cd9be63b,ID13-20200917,BOI_reference
/Users/zcm361/Documents/Github/OxygenDynamicsV2/reference-validation/phase1-optimized-20260909/ID13-20200917/Recording,surge,9,1,85,78,88,78,88,3223,20,20,0,0,0,8.87753645671734,8.87753645671734,valid,valid,0.0990727763933696,0.0990727763933696,0,1,0,Awake_mobile,0.117457694869247,0.126854432751003,83,9.90727763933696,0.625963639716775,9.28131399962013,19211dc232042f969c35fc18d135b54793a9c162e883e4107ae4a411cd9be63b,ID13-20200917,BOI_reference
/Users/zcm361/Documents/Github/OxygenDynamicsV2/reference-validation/phase1-optimized-20260909/ID13-20200917/Recording,surge,10,1,86,821,834,821,834,7581,20,17,0,3,0,NaN,NaN,insufficient_clean_prebaseline,insufficient_clean_prebaseline,NaN,NaN,NaN,1,0,Awake_mobile,0.167223835658776,0.181114686442234,NaN,NaN,NaN,NaN,19211dc232042f969c35fc18d135b54793a9c162e883e4107ae4a411cd9be63b,ID13-20200917,BOI_reference
/Users/zcm361/Documents/Github/OxygenDynamicsV2/reference-validation/phase1-optimized-20260909/ID13-20200917/Recording,surge,11,1,87,647,656,647,656,5162,20,20,0,0,0,4.00855288647811,4.00855288647811,valid,valid,0.0276360842155116,0.0276360842155116,0,1,0,Awake_mobile,0.195035475236059,0.211283357636736,653,2.76360842155115,0.0383878285396931,2.72522059301149,19211dc232042f969c35fc18d135b54793a9c162e883e4107ae4a411cd9be63b,ID13-20200917,BOI_reference
/Users/zcm361/Documents/Github/OxygenDynamicsV2/reference-validation/phase1-optimized-20260909/ID13-20200917/Recording,surge,12,1,88,198,222,198,222,2977,20,20,0,0,0,5.40342626805509,5.40342626805509,valid,valid,0.0879025239338556,0.0879025239338556,0,1,0,Awake_mobile,0.136690856618201,0.142953297155882,205,8.79025239338556,0.508288577659394,8.28196381572615,19211dc232042f969c35fc18d135b54793a9c162e883e4107ae4a411cd9be63b,ID13-20200917,BOI_reference
/Users/zcm361/Documents/Github/OxygenDynamicsV2/reference-validation/phase1-optimized-20260909/ID13-20200917/Recording,surge,12,2,89,225,236,225,236,2672,20,2,0,18,0,NaN,NaN,insufficient_clean_prebaseline,insufficient_clean_prebaseline,NaN,NaN,NaN,1,0,Awake_mobile,0.146096341534042,0.156540539168465,NaN,NaN,NaN,NaN,19211dc232042f969c35fc18d135b54793a9c162e883e4107ae4a411cd9be63b,ID13-20200917,BOI_reference
/Users/zcm361/Documents/Github/OxygenDynamicsV2/reference-validation/phase1-optimized-20260909/ID13-20200917/Recording,surge,13,1,90,108,118,108,118,3754,20,20,0,0,0,4.43637453383058,4.43637453383058,valid,valid,0.105189997688264,0.105189997688264,0,1,0,Awake_mobile,0.100489002360579,0.112396802430401,116,10.5189997688264,0.435519996004103,10.0834797728223,19211dc232042f969c35fc18d135b54793a9c162e883e4107ae4a411cd9be63b,ID13-20200917,BOI_reference
/Users/zcm361/Documents/Github/OxygenDynamicsV2/reference-validation/phase1-optimized-20260909/ID13-20200917/Recording,surge,14,1,91,335,344,335,344,2919,20,20,0,0,0,7.73030147310723,7.73030147310723,valid,valid,0.0373259176370222,0.0373259176370222,0,1,0,Awake_mobile,0.0655330427824476,0.0733132242050713,336,3.73259176370222,-0.00545331146870308,3.73804507517096,19211dc232042f969c35fc18d135b54793a9c162e883e4107ae4a411cd9be63b,ID13-20200917,BOI_reference
/Users/zcm361/Documents/Github/OxygenDynamicsV2/reference-validation/phase1-optimized-20260909/ID13-20200917/Recording,surge,15,1,92,243,252,243,252,1492,20,20,0,0,0,10.7133378016086,10.7133378016086,valid,valid,0.0419599231746149,0.0419599231746149,0,1,0,Awake_mobile,0.20758459087254,0.250991440975892,244,4.19599231746149,0.188237908584651,4.00775440887685,19211dc232042f969c35fc18d135b54793a9c162e883e4107ae4a411cd9be63b,ID13-20200917,BOI_reference
/Users/zcm361/Documents/Github/OxygenDynamicsV2/reference-validation/phase1-optimized-20260909/ID13-20200917/Recording,surge,15,2,93,934,943,934,943,1775,20,19,0,1,0,NaN,NaN,insufficient_clean_prebaseline,insufficient_clean_prebaseline,NaN,NaN,NaN,1,0,Awake_mobile,0.209636315104722,0.251355187380117,NaN,NaN,NaN,NaN,19211dc232042f969c35fc18d135b54793a9c162e883e4107ae4a411cd9be63b,ID13-20200917,BOI_reference
/Users/zcm361/Documents/Github/OxygenDynamicsV2/reference-validation/phase1-optimized-20260909/ID13-20200917/Recording,surge,16,1,94,26,35,26,35,4249,20,18,0,2,0,NaN,NaN,insufficient_clean_prebaseline,insufficient_clean_prebaseline,NaN,NaN,NaN,1,0,Awake_mobile,0.137896718670862,0.164475756083146,NaN,NaN,NaN,NaN,19211dc232042f969c35fc18d135b54793a9c162e883e4107ae4a411cd9be63b,ID13-20200917,BOI_reference
/Users/zcm361/Documents/Github/OxygenDynamicsV2/reference-validation/phase1-optimized-20260909/ID13-20200917/Recording,surge,16,2,95,80,89,80,89,3173,20,20,0,0,0,8.48156318941065,8.48156318941065,valid,valid,0.0468564209274673,0.0468564209274673,0,1,0,Awake_mobile,0.130920570647204,0.149700555725754,88,4.68564209274673,0.376554213504511,4.30908787924222,19211dc232042f969c35fc18d135b54793a9c162e883e4107ae4a411cd9be63b,ID13-20200917,BOI_reference
/Users/zcm361/Documents/Github/OxygenDynamicsV2/reference-validation/phase1-optimized-20260909/ID13-20200917/Recording,surge,17,1,96,800,812,800,812,1350,20,20,0,0,0,8.00551851851852,8.00551851851852,valid,valid,0.0698175795400394,0.0698175795400394,0,1,0,Awake_mobile,0.159122956840225,0.182075227495508,803,6.98175795400394,-0.279419090288131,7.26117704429206,19211dc232042f969c35fc18d135b54793a9c162e883e4107ae4a411cd9be63b,ID13-20200917,BOI_reference
/Users/zcm361/Documents/Github/OxygenDynamicsV2/reference-validation/phase1-optimized-20260909/ID13-20200917/Recording,surge,17,2,97,906,918,906,918,2607,20,20,0,0,0,7.09551208285385,7.09551208285385,valid,valid,0.0500054059898369,0.0500054059898369,0,1,0,Awake_mobile,0.141990909628841,0.168596299145265,918,5.00054059898369,-0.553131807690996,5.55367240667468,19211dc232042f969c35fc18d135b54793a9c162e883e4107ae4a411cd9be63b,ID13-20200917,BOI_reference
/Users/zcm361/Documents/Github/OxygenDynamicsV2/reference-validation/phase1-optimized-20260909/ID13-20200917/Recording,surge,17,3,98,957,971,957,971,3161,20,4,0,16,0,NaN,NaN,insufficient_clean_prebaseline,insufficient_clean_prebaseline,NaN,NaN,NaN,1,0,Awake_mobile,0.126271052356822,0.139247425935092,NaN,NaN,NaN,NaN,19211dc232042f969c35fc18d135b54793a9c162e883e4107ae4a411cd9be63b,ID13-20200917,BOI_reference
/Users/zcm361/Documents/Github/OxygenDynamicsV2/reference-validation/phase1-optimized-20260909/ID13-20200917/Recording,surge,18,1,99,641,657,641,657,5103,20,20,0,0,0,5.12978640015677,5.12978640015677,valid,valid,0.0899137802599963,0.0899137802599963,0,1,0,Awake_mobile,0.176064262317572,0.183900340957972,643,8.99137802599964,-0.0728774461568273,9.0642554721565,19211dc232042f969c35fc18d135b54793a9c162e883e4107ae4a411cd9be63b,ID13-20200917,BOI_reference
/Users/zcm361/Documents/Github/OxygenDynamicsV2/reference-validation/phase1-optimized-20260909/ID13-20200917/Recording,surge,18,2,100,1049,1059,1049,1059,5013,20,20,0,0,0,4.64067424695791,4.64067424695791,valid,valid,0.0353039284378668,0.0353039284378668,0,1,0,Awake_mobile,0.214832984575116,0.227376063009612,1059,3.53039284378668,-0.232215470859213,3.76260831464587,19211dc232042f969c35fc18d135b54793a9c162e883e4107ae4a411cd9be63b,ID13-20200917,BOI_reference
/Users/zcm361/Documents/Github/OxygenDynamicsV2/reference-validation/phase1-optimized-20260909/ID13-20200917/Recording,surge,19,1,101,416,428,416,428,2513,20,16,0,4,0,NaN,NaN,insufficient_clean_prebaseline,insufficient_clean_prebaseline,NaN,NaN,NaN,1,0,Awake_mobile,0.170074324205643,0.21582945494264,NaN,NaN,NaN,NaN,19211dc232042f969c35fc18d135b54793a9c162e883e4107ae4a411cd9be63b,ID13-20200917,BOI_reference
/Users/zcm361/Documents/Github/OxygenDynamicsV2/reference-validation/phase1-optimized-20260909/ID13-20200917/Recording,surge,19,2,102,434,449,434,449,2383,20,7,0,13,0,NaN,NaN,insufficient_clean_prebaseline,insufficient_clean_prebaseline,NaN,NaN,NaN,1,0,Awake_mobile,0.207671030274763,0.251009575775516,NaN,NaN,NaN,NaN,19211dc232042f969c35fc18d135b54793a9c162e883e4107ae4a411cd9be63b,ID13-20200917,BOI_reference
/Users/zcm361/Documents/Github/OxygenDynamicsV2/reference-validation/phase1-optimized-20260909/ID13-20200917/Recording,surge,20,1,103,649,659,649,659,1333,20,20,0,0,0,9.63304576144036,9.63304576144036,valid,valid,0.00227009894204818,0.00227009894204818,0,1,0,Awake_mobile,0.181107257482537,0.201318241534691,651,0.227009894204818,-0.23946987923244,0.466479773437274,19211dc232042f969c35fc18d135b54793a9c162e883e4107ae4a411cd9be63b,ID13-20200917,BOI_reference
/Users/zcm361/Documents/Github/OxygenDynamicsV2/reference-validation/phase1-optimized-20260909/ID13-20200917/Recording,surge,21,1,104,690,700,690,700,2222,20,20,0,0,0,4.01635913591359,4.01635913591359,valid,valid,0.16411839517724,0.16411839517724,0,1,0,Awake_mobile,0.0903184205155105,0.15004587481787,699,16.411839517724,-0.0794173090076991,16.4912568267317,19211dc232042f969c35fc18d135b54793a9c162e883e4107ae4a411cd9be63b,ID13-20200917,BOI_reference
/Users/zcm361/Documents/Github/OxygenDynamicsV2/reference-validation/phase1-optimized-20260909/ID13-20200917/Recording,surge,21,2,105,772,781,772,781,4430,20,17,0,3,0,NaN,NaN,insufficient_clean_prebaseline,insufficient_clean_prebaseline,NaN,NaN,NaN,1,0,Awake_mobile,0.106448286878276,0.172425733189773,NaN,NaN,NaN,NaN,19211dc232042f969c35fc18d135b54793a9c162e883e4107ae4a411cd9be63b,ID13-20200917,BOI_reference
/Users/zcm361/Documents/Github/OxygenDynamicsV2/reference-validation/phase1-optimized-20260909/ID13-20200917/Recording,surge,21,3,106,853,868,853,868,4024,20,20,0,0,0,3.70557902584493,3.70557902584493,valid,valid,0.0405566267080224,0.0405566267080224,0,1,0,Awake_mobile,0.177601390197452,0.31707733245794,868,4.05566267080224,-0.307723424465819,4.36338609526808,19211dc232042f969c35fc18d135b54793a9c162e883e4107ae4a411cd9be63b,ID13-20200917,BOI_reference
/Users/zcm361/Documents/Github/OxygenDynamicsV2/reference-validation/phase1-optimized-20260909/ID13-20200917/Recording,surge,22,1,107,727,742,727,742,5669,20,20,0,0,0,6.21358264244135,6.21358264244135,valid,valid,0.0330505780018623,0.0330505780018623,0,1,0,Awake_mobile,0.113297260595241,0.123025043342246,728,3.30505780018623,-0.0826377778643036,3.38769557805053,19211dc232042f969c35fc18d135b54793a9c162e883e4107ae4a411cd9be63b,ID13-20200917,BOI_reference
/Users/zcm361/Documents/Github/OxygenDynamicsV2/reference-validation/phase1-optimized-20260909/ID13-20200917/Recording,surge,23,1,108,199,210,199,210,2717,20,20,0,0,0,8.63787265366213,8.63787265366213,valid,valid,0.0273508570844216,0.0273508570844216,0,1,0,Awake_mobile,0.122281311920609,0.138545827324164,205,2.73508570844216,0.175718115492068,2.55936759295008,19211dc232042f969c35fc18d135b54793a9c162e883e4107ae4a411cd9be63b,ID13-20200917,BOI_reference
/Users/zcm361/Documents/Github/OxygenDynamicsV2/reference-validation/phase1-optimized-20260909/ID13-20200917/Recording,surge,23,2,109,217,241,217,241,3424,20,8,0,12,0,NaN,NaN,insufficient_clean_prebaseline,insufficient_clean_prebaseline,NaN,NaN,NaN,1,0,Awake_mobile,0.131922998101578,0.159449655332195,NaN,NaN,NaN,NaN,19211dc232042f969c35fc18d135b54793a9c162e883e4107ae4a411cd9be63b,ID13-20200917,BOI_reference
/Users/zcm361/Documents/Github/OxygenDynamicsV2/reference-validation/phase1-optimized-20260909/ID13-20200917/Recording,surge,24,1,110,236,245,236,245,1298,20,20,0,0,0,5.30065485362096,5.30065485362096,valid,valid,0.0367355837360561,0.0367355837360561,0,1,0,Awake_mobile,0.154635346971635,0.324355279146912,237,3.6735583736056,-0.139374984277739,3.81293335788334,19211dc232042f969c35fc18d135b54793a9c162e883e4107ae4a411cd9be63b,ID13-20200917,BOI_reference
/Users/zcm361/Documents/Github/OxygenDynamicsV2/reference-validation/phase1-optimized-20260909/ID13-20200917/Recording,surge,25,1,111,141,151,141,151,3414,20,20,0,0,0,8.89526947861745,8.89526947861745,valid,valid,0.0324860175609889,0.0324860175609889,0,1,0,Awake_mobile,0.12015231556624,0.129079492047177,149,3.24860175609889,0.34513667467642,2.90346508142244,19211dc232042f969c35fc18d135b54793a9c162e883e4107ae4a411cd9be63b,ID13-20200917,BOI_reference
/Users/zcm361/Documents/Github/OxygenDynamicsV2/reference-validation/phase1-optimized-20260909/ID13-20200917/Recording,surge,25,2,112,164,173,164,173,2292,20,12,0,8,0,NaN,NaN,insufficient_clean_prebaseline,insufficient_clean_prebaseline,NaN,NaN,NaN,1,0,Awake_mobile,0.12282613250727,0.139853881110797,NaN,NaN,NaN,NaN,19211dc232042f969c35fc18d135b54793a9c162e883e4107ae4a411cd9be63b,ID13-20200917,BOI_reference
/Users/zcm361/Documents/Github/OxygenDynamicsV2/reference-validation/phase1-optimized-20260909/ID13-20200917/Recording,surge,25,3,113,228,245,228,245,2499,20,20,0,0,0,9.34495798319328,9.34495798319328,valid,valid,0.0344259101059602,0.0344259101059602,0,1,0,Awake_mobile,0.148993552275803,0.183872611621402,241,3.44259101059602,0.280389679578836,3.16220133101721,19211dc232042f969c35fc18d135b54793a9c162e883e4107ae4a411cd9be63b,ID13-20200917,BOI_reference
/Users/zcm361/Documents/Github/OxygenDynamicsV2/reference-validation/phase1-optimized-20260909/ID13-20200917/Recording,surge,25,4,114,800,816,800,816,3221,20,20,0,0,0,9.09393045638,9.09393045638,valid,valid,0.0477424376654702,0.0477424376654702,0,1,0,Awake_mobile,0.166856811678942,0.181186115192286,803,4.77424376654703,-0.134760240374428,4.90900400692143,19211dc232042f969c35fc18d135b54793a9c162e883e4107ae4a411cd9be63b,ID13-20200917,BOI_reference
/Users/zcm361/Documents/Github/OxygenDynamicsV2/reference-validation/phase1-optimized-20260909/ID13-20200917/Recording,surge,25,5,115,932,942,932,942,2994,20,20,0,0,0,8.99859719438878,8.99859719438878,valid,valid,0.0444736431864241,0.0444736431864241,0,1,0,Awake_mobile,0.200445364889434,0.23968964198481,933,4.44736431864241,-0.174805952764215,4.62217027140662,19211dc232042f969c35fc18d135b54793a9c162e883e4107ae4a411cd9be63b,ID13-20200917,BOI_reference
/Users/zcm361/Documents/Github/OxygenDynamicsV2/reference-validation/phase1-optimized-20260909/ID13-20200917/Recording,surge,25,6,116,951,961,951,961,2695,20,9,0,11,0,NaN,NaN,insufficient_clean_prebaseline,insufficient_clean_prebaseline,NaN,NaN,NaN,1,0,Awake_mobile,0.20222728642131,0.236554142137259,NaN,NaN,NaN,NaN,19211dc232042f969c35fc18d135b54793a9c162e883e4107ae4a411cd9be63b,ID13-20200917,BOI_reference
/Users/zcm361/Documents/Github/OxygenDynamicsV2/reference-validation/phase1-optimized-20260909/ID13-20200917/Recording,surge,26,1,117,894,906,894,906,1464,20,20,0,0,0,9.06492486338798,9.06492486338798,valid,valid,0.077156668085796,0.077156668085796,0,1,0,Awake_mobile,0.129891704362033,0.234641597577203,895,7.7156668085796,-0.368040025426474,8.08370683400604,19211dc232042f969c35fc18d135b54793a9c162e883e4107ae4a411cd9be63b,ID13-20200917,BOI_reference
/Users/zcm361/Documents/Github/OxygenDynamicsV2/reference-validation/phase1-optimized-20260909/ID13-20200917/Recording,surge,27,1,118,255,266,255,266,2465,20,18,0,2,0,NaN,NaN,insufficient_clean_prebaseline,insufficient_clean_prebaseline,NaN,NaN,NaN,1,0,Awake_mobile,0.160724369715498,0.22212691454848,NaN,NaN,NaN,NaN,19211dc232042f969c35fc18d135b54793a9c162e883e4107ae4a411cd9be63b,ID13-20200917,BOI_reference
/Users/zcm361/Documents/Github/OxygenDynamicsV2/reference-validation/phase1-optimized-20260909/ID13-20200917/Recording,surge,28,1,119,158,167,158,167,620,20,20,0,0,0,6.97217741935484,6.97217741935484,valid,valid,0.0430859984963278,0.0430859984963278,0,1,0,Awake_mobile,0.137895629214899,0.294434796663637,166,4.30859984963278,-0.167942799665648,4.4765426492984,19211dc232042f969c35fc18d135b54793a9c162e883e4107ae4a411cd9be63b,ID13-20200917,BOI_reference
/Users/zcm361/Documents/Github/OxygenDynamicsV2/reference-validation/phase1-optimized-20260909/ID13-20200917/Recording,surge,29,1,120,808,823,808,823,1409,20,20,0,0,0,7.49638041163946,7.49638041163946,valid,valid,0.0409566007725518,0.0409566007725518,0,1,0,Awake_mobile,0.160071077971026,0.180139337325502,819,4.09566007725518,-0.358024668429542,4.45368474568472,19211dc232042f969c35fc18d135b54793a9c162e883e4107ae4a411cd9be63b,ID13-20200917,BOI_reference
/Users/zcm361/Documents/Github/OxygenDynamicsV2/reference-validation/phase1-optimized-20260909/ID13-20200917/Recording,surge,29,2,121,829,845,829,845,2626,20,5,0,15,0,NaN,NaN,insufficient_clean_prebaseline,insufficient_clean_prebaseline,NaN,NaN,NaN,1,0,Awake_mobile,0.132482665123545,0.173593075330835,NaN,NaN,NaN,NaN,19211dc232042f969c35fc18d135b54793a9c162e883e4107ae4a411cd9be63b,ID13-20200917,BOI_reference
/Users/zcm361/Documents/Github/OxygenDynamicsV2/reference-validation/phase1-optimized-20260909/ID13-20200917/Recording,surge,29,3,122,1142,1159,1142,1159,1254,20,20,0,0,0,6.8231658692185,6.8231658692185,valid,valid,0.0437983929875821,0.0437983929875821,0,1,0,Awake_mobile,0.144808672837807,0.177880633186691,1142,4.37983929875821,-0.272696971212448,4.65253626997065,19211dc232042f969c35fc18d135b54793a9c162e883e4107ae4a411cd9be63b,ID13-20200917,BOI_reference
/Users/zcm361/Documents/Github/OxygenDynamicsV2/reference-validation/phase1-optimized-20260909/ID13-20200917/Recording,surge,30,1,123,817,826,817,826,1374,20,19,0,1,0,NaN,NaN,insufficient_clean_prebaseline,insufficient_clean_prebaseline,NaN,NaN,NaN,1,0,Awake_mobile,0.171707976614831,0.224313478375912,NaN,NaN,NaN,NaN,19211dc232042f969c35fc18d135b54793a9c162e883e4107ae4a411cd9be63b,ID13-20200917,BOI_reference
/Users/zcm361/Documents/Github/OxygenDynamicsV2/reference-validation/phase1-optimized-20260909/ID13-20200917/Recording,surge,30,2,124,828,847,828,847,1315,20,10,0,10,0,NaN,NaN,insufficient_clean_prebaseline,insufficient_clean_prebaseline,NaN,NaN,NaN,1,0,Awake_mobile,0.145519517365685,0.179227914358701,NaN,NaN,NaN,NaN,19211dc232042f969c35fc18d135b54793a9c162e883e4107ae4a411cd9be63b,ID13-20200917,BOI_reference
/Users/zcm361/Documents/Github/OxygenDynamicsV2/reference-validation/phase1-optimized-20260909/ID13-20200917/Recording,surge,30,3,125,855,864,855,864,1767,20,7,0,13,0,NaN,NaN,insufficient_clean_prebaseline,insufficient_clean_prebaseline,NaN,NaN,NaN,1,0,Awake_mobile,0.128788990550429,0.178798365435617,NaN,NaN,NaN,NaN,19211dc232042f969c35fc18d135b54793a9c162e883e4107ae4a411cd9be63b,ID13-20200917,BOI_reference
/Users/zcm361/Documents/Github/OxygenDynamicsV2/reference-validation/phase1-optimized-20260909/ID13-20200917/Recording,surge,30,4,126,1144,1153,1144,1153,2378,20,20,0,0,0,9.92819596299411,9.92819596299411,valid,valid,0.0215064010927919,0.0215064010927919,0,1,0,Awake_mobile,0.117603157529574,0.154728432066755,1144,2.15064010927919,-0.116404090978286,2.2670442002575,19211dc232042f969c35fc18d135b54793a9c162e883e4107ae4a411cd9be63b,ID13-20200917,BOI_reference
/Users/zcm361/Documents/Github/OxygenDynamicsV2/reference-validation/phase1-optimized-20260909/ID13-20200917/Recording,surge,31,1,127,177,187,177,187,754,20,20,0,0,0,4.57380636604775,4.57380636604775,valid,valid,0.0296782799066299,0.0296782799066299,0,1,0,Awake_mobile,0.158046225416222,0.205019094493088,177,2.96782799066299,0.0219109522607741,2.94591703840222,19211dc232042f969c35fc18d135b54793a9c162e883e4107ae4a411cd9be63b,ID13-20200917,BOI_reference
/Users/zcm361/Documents/Github/OxygenDynamicsV2/reference-validation/phase1-optimized-20260909/ID13-20200917/Recording,surge,31,2,128,238,258,238,258,1622,20,20,0,0,0,3.86131319358816,3.86131319358816,valid,valid,0.0173956778247018,0.0173956778247018,0,1,0,Awake_mobile,0.127188938877985,0.150869546613033,241,1.73956778247018,0.0477781672402567,1.69178961522994,19211dc232042f969c35fc18d135b54793a9c162e883e4107ae4a411cd9be63b,ID13-20200917,BOI_reference
/Users/zcm361/Documents/Github/OxygenDynamicsV2/reference-validation/phase1-optimized-20260909/ID13-20200917/Recording,surge,32,1,129,1154,1164,1154,1164,1005,20,20,0,0,0,10.0530845771144,10.0530845771144,valid,valid,0.0402490263130544,0.0402490263130544,0,1,0,Awake_mobile,0.17975910182188,0.240724937642551,1154,4.02490263130544,-0.547861199751649,4.5727638310571,19211dc232042f969c35fc18d135b54793a9c162e883e4107ae4a411cd9be63b,ID13-20200917,BOI_reference
/Users/zcm361/Documents/Github/OxygenDynamicsV2/reference-validation/phase1-optimized-20260909/ID13-20200917/Recording,surge,33,1,130,894,903,894,903,1309,20,20,0,0,0,8.16249045072574,8.16249045072574,valid,valid,0.0590844852920532,0.0590844852920532,0,1,0,Awake_mobile,0.129071382904125,0.158339593725433,899,5.90844852920532,-0.127753329824801,6.03620185903011,19211dc232042f969c35fc18d135b54793a9c162e883e4107ae4a411cd9be63b,ID13-20200917,BOI_reference
/Users/zcm361/Documents/Github/OxygenDynamicsV2/reference-validation/phase1-optimized-20260909/ID13-20200917/Recording,surge,34,1,131,953,967,953,967,1752,20,19,0,1,0,NaN,NaN,insufficient_clean_prebaseline,insufficient_clean_prebaseline,NaN,NaN,NaN,1,0,Awake_mobile,0.204324735567901,0.43231908243197,NaN,NaN,NaN,NaN,19211dc232042f969c35fc18d135b54793a9c162e883e4107ae4a411cd9be63b,ID13-20200917,BOI_reference
/Users/zcm361/Documents/Github/OxygenDynamicsV2/reference-validation/phase1-optimized-20260909/FB2411/Recording,sink,1,1,1,1,5,1,4,801,20,0,1,0,0,NaN,NaN,insufficient_clean_prebaseline,insufficient_clean_prebaseline,NaN,NaN,NaN,1,0,mNeongreen KX,-0.138319419871332,-0.165187262496707,NaN,NaN,NaN,NaN,15edc9f8854a50d1fc478841d8cefd717043cb4ebbf5471a58f017870915a5db,FB2411,fluorescence_control
/Users/zcm361/Documents/Github/OxygenDynamicsV2/reference-validation/phase1-optimized-20260909/FB2411/Recording,sink,1,2,2,47,67,48,52,441,20,20,0,0,0,21553.4839002268,21553.4839002268,valid,valid,0.003498589975994,0.003498589975994,0,1,0,mNeongreen KX,-0.15247947978502,-0.224828913416492,67,-0.3498589975994,-0.0918663819746276,-0.257992615624814,15edc9f8854a50d1fc478841d8cefd717043cb4ebbf5471a58f017870915a5db,FB2411,fluorescence_control
/Users/zcm361/Documents/Github/OxygenDynamicsV2/reference-validation/phase1-optimized-20260909/FB2411/Recording,sink,1,3,3,101,120,102,110,792,20,20,0,0,0,21576.6451388889,21576.6451388889,valid,valid,0.00545752069498053,0.00545752069498053,0,1,0,mNeongreen KX,-0.163249053329904,-0.227868469569419,108,-0.545752069498053,-0.0173197670179858,-0.528432302480074,15edc9f8854a50d1fc478841d8cefd717043cb4ebbf5471a58f017870915a5db,FB2411,fluorescence_control
/Users/zcm361/Documents/Github/OxygenDynamicsV2/reference-validation/phase1-optimized-20260909/FB2411/Recording,sink,1,4,4,186,199,188,198,1012,20,20,0,0,0,21536.8219367589,21536.8219367589,valid,valid,0.00249603769420753,0.00249603769420753,0,1,0,mNeongreen KX,-0.132570577455713,-0.161365764396005,191,-0.249603769420753,-0.00862137122692385,-0.240982398193828,15edc9f8854a50d1fc478841d8cefd717043cb4ebbf5471a58f017870915a5db,FB2411,fluorescence_control
/Users/zcm361/Documents/Github/OxygenDynamicsV2/reference-validation/phase1-optimized-20260909/FB2411/Recording,sink,1,5,5,294,301,294,301,725,20,20,0,0,0,21575.6075172414,21575.6075172414,valid,valid,0.00261281330955376,0.00261281330955376,0,1,0,mNeongreen KX,-0.119094974083087,-0.151052547198889,298,-0.261281330955376,-0.0138721680007468,-0.247409162954655,15edc9f8854a50d1fc478841d8cefd717043cb4ebbf5471a58f017870915a5db,FB2411,fluorescence_control
/Users/zcm361/Documents/Github/OxygenDynamicsV2/reference-validation/phase1-optimized-20260909/FB2411/Recording,sink,2,1,6,127,143,132,137,381,20,20,0,0,0,16115.038976378,16115.038976378,valid,valid,0.00366782965492141,0.00366782965492141,0,1,0,mNeongreen KX,-0.135046796477216,-0.163649982773455,134,-0.366782965492141,-0.0137849638445545,-0.352998001647589,15edc9f8854a50d1fc478841d8cefd717043cb4ebbf5471a58f017870915a5db,FB2411,fluorescence_control
/Users/zcm361/Documents/Github/OxygenDynamicsV2/reference-validation/phase1-optimized-20260909/FB2411/Recording,sink,3,1,7,267,287,281,283,580,20,20,0,0,0,15790.0302586207,15790.0302586207,valid,valid,0.00247848993279245,0.00247848993279245,0,1,0,mNeongreen KX,-0.129664889427608,-0.172258028308038,278,-0.247848993279245,-0.0970730977237199,-0.150775895555534,15edc9f8854a50d1fc478841d8cefd717043cb4ebbf5471a58f017870915a5db,FB2411,fluorescence_control
/Users/zcm361/Documents/Github/OxygenDynamicsV2/reference-validation/phase1-optimized-20260909/FB2411/Recording,sink,4,1,8,21,30,22,25,430,20,20,0,0,0,15516.2738372093,15516.2738372093,valid,valid,0.00160922566258372,0.00160922566258372,0,1,0,mNeongreen KX,-0.123858856624209,-0.15659729598983,26,-0.160922566258372,-0.0517035169651251,-0.10921904929322,15edc9f8854a50d1fc478841d8cefd717043cb4ebbf5471a58f017870915a5db,FB2411,fluorescence_control
/Users/zcm361/Documents/Github/OxygenDynamicsV2/reference-validation/phase1-optimized-20260909/FB2411/Recording,sink,4,2,9,198,206,200,202,337,20,20,0,0,0,14444.5630563798,14444.5630563798,valid,valid,0.000961570510728326,0.000961570510728326,0,1,0,mNeongreen KX,-0.146704173126395,-0.207910524999021,199,-0.0961570510728326,-0.0499210127869939,-0.0462360382858495,15edc9f8854a50d1fc478841d8cefd717043cb4ebbf5471a58f017870915a5db,FB2411,fluorescence_control
/Users/zcm361/Documents/Github/OxygenDynamicsV2/reference-validation/phase1-optimized-20260909/FB2411/Recording,sink,5,1,10,19,29,21,24,368,20,18,1,0,0,NaN,NaN,insufficient_clean_prebaseline,insufficient_clean_prebaseline,NaN,NaN,NaN,1,0,mNeongreen KX,-0.127833920840361,-0.197801833755282,NaN,NaN,NaN,NaN,15edc9f8854a50d1fc478841d8cefd717043cb4ebbf5471a58f017870915a5db,FB2411,fluorescence_control
/Users/zcm361/Documents/Github/OxygenDynamicsV2/reference-validation/phase1-optimized-20260909/FB2411/Recording,sink,6,1,11,127,143,129,134,331,20,20,0,0,0,22657.7737160121,22657.7737160121,valid,valid,0.00234569993657503,0.00234569993657503,0,1,0,mNeongreen KX,-0.110096254133013,-0.148695164490238,134,-0.234569993657503,-0.0564310685829577,-0.178138925074537,15edc9f8854a50d1fc478841d8cefd717043cb4ebbf5471a58f017870915a5db,FB2411,fluorescence_control
/Users/zcm361/Documents/Github/OxygenDynamicsV2/reference-validation/phase1-optimized-20260909/FB2411/Recording,sink,7,1,12,207,236,227,230,591,20,20,0,0,0,23555.6735194585,23555.6735194585,valid,valid,0.00357442779447419,0.00357442779447419,0,1,0,mNeongreen KX,-0.141580252158069,-0.174881070714,227,-0.357442779447419,-0.07363523323315,-0.283807546214281,15edc9f8854a50d1fc478841d8cefd717043cb4ebbf5471a58f017870915a5db,FB2411,fluorescence_control
/Users/zcm361/Documents/Github/OxygenDynamicsV2/reference-validation/phase1-optimized-20260909/FB2411/Recording,sink,8,1,13,179,188,184,186,568,20,20,0,0,0,26283.8826584507,26283.8826584507,valid,valid,0.0017995115875028,0.0017995115875028,0,1,0,mNeongreen KX,-0.128624085236905,-0.146363333664528,185,-0.17995115875028,-0.0410011649752783,-0.138949993775008,15edc9f8854a50d1fc478841d8cefd717043cb4ebbf5471a58f017870915a5db,FB2411,fluorescence_control
/Users/zcm361/Documents/Github/OxygenDynamicsV2/reference-validation/phase1-optimized-20260909/FB2411/Recording,sink,9,1,14,45,61,49,60,493,20,20,0,0,0,16539.6695740365,16539.6695740365,valid,valid,0.00279751536201529,0.00279751536201529,0,1,0,mNeongreen KX,-0.141710810318742,-0.18082195633396,45,-0.279751536201529,-0.00978025193051833,-0.269971284270992,15edc9f8854a50d1fc478841d8cefd717043cb4ebbf5471a58f017870915a5db,FB2411,fluorescence_control
/Users/zcm361/Documents/Github/OxygenDynamicsV2/reference-validation/phase1-optimized-20260909/FB2411/Recording,sink,9,2,15,191,209,199,203,345,20,20,0,0,0,16094.3795652174,16094.3795652174,valid,valid,0.00271891657488236,0.00271891657488236,0,1,0,mNeongreen KX,-0.132861352301594,-0.179641204873552,205,-0.271891657488236,-0.0290508168755502,-0.242840840612691,15edc9f8854a50d1fc478841d8cefd717043cb4ebbf5471a58f017870915a5db,FB2411,fluorescence_control
/Users/zcm361/Documents/Github/OxygenDynamicsV2/reference-validation/phase1-optimized-20260909/FB2411/Recording,sink,10,1,16,76,142,123,126,294,20,20,0,0,0,22264.8726190476,22264.8726190476,valid,valid,0.00238876481027738,0.00238876481027738,0,1,0,mNeongreen KX,-0.132310626293425,-0.182133502117685,108,-0.238876481027738,-0.0057749969045036,-0.233101484123203,15edc9f8854a50d1fc478841d8cefd717043cb4ebbf5471a58f017870915a5db,FB2411,fluorescence_control
/Users/zcm361/Documents/Github/OxygenDynamicsV2/reference-validation/phase1-optimized-20260909/FB2411/Recording,sink,11,1,17,70,78,72,74,534,20,20,0,0,0,24905.4006554307,24905.4006554307,valid,valid,0.00174502635495102,0.00174502635495102,0,1,0,mNeongreen KX,-0.134363139727235,-0.203683370128818,75,-0.174502635495102,-0.00547760615249351,-0.169025029342612,15edc9f8854a50d1fc478841d8cefd717043cb4ebbf5471a58f017870915a5db,FB2411,fluorescence_control
/Users/zcm361/Documents/Github/OxygenDynamicsV2/reference-validation/phase1-optimized-20260909/FB2411/Recording,sink,12,1,18,72,82,75,79,309,20,20,0,0,0,25771.0066343042,25771.0066343042,valid,valid,0.0019212089529804,0.0019212089529804,0,1,0,mNeongreen KX,-0.127481332133467,-0.186247719993804,75,-0.19212089529804,-0.0106734665578236,-0.181447428740198,15edc9f8854a50d1fc478841d8cefd717043cb4ebbf5471a58f017870915a5db,FB2411,fluorescence_control
/Users/zcm361/Documents/Github/OxygenDynamicsV2/reference-validation/phase1-optimized-20260909/FB2411/Recording,sink,13,1,19,241,253,243,245,166,20,20,0,0,0,18386.890060241,18386.890060241,valid,valid,0.00500577652604917,0.00500577652604917,0,1,0,mNeongreen KX,-0.14270749770434,-0.184257235585143,246,-0.500577652604917,-0.074191714279085,-0.42638593832581,15edc9f8854a50d1fc478841d8cefd717043cb4ebbf5471a58f017870915a5db,FB2411,fluorescence_control
/Users/zcm361/Documents/Github/OxygenDynamicsV2/reference-validation/phase1-optimized-20260909/FB2411/Recording,sink,14,1,20,79,105,86,88,378,20,20,0,0,0,24016.0363756614,24016.0363756614,valid,valid,0.00381884932650999,0.00381884932650999,0,1,0,mNeongreen KX,-0.146976820493817,-0.168027483777273,86,-0.381884932650999,-0.0564285143722378,-0.325456418278693,15edc9f8854a50d1fc478841d8cefd717043cb4ebbf5471a58f017870915a5db,FB2411,fluorescence_control
/Users/zcm361/Documents/Github/OxygenDynamicsV2/reference-validation/phase1-optimized-20260909/FB2411/Recording,sink,15,1,21,130,157,140,142,335,20,20,0,0,0,21783.3871641791,21783.3871641791,valid,valid,0.00431188510669369,0.00431188510669369,0,1,0,mNeongreen KX,-0.154574318489625,-0.200033974398626,156,-0.431188510669369,-0.0807110176577228,-0.35047749301163,15edc9f8854a50d1fc478841d8cefd717043cb4ebbf5471a58f017870915a5db,FB2411,fluorescence_control
/Users/zcm361/Documents/Github/OxygenDynamicsV2/reference-validation/phase1-optimized-20260909/FB2411/Recording,sink,16,1,22,139,164,148,159,1027,20,20,0,0,0,24044.7067185979,24044.7067185979,valid,valid,0.00529125520799386,0.00529125520799386,0,1,0,mNeongreen KX,-0.147114547278446,-0.166512693133258,157,-0.529125520799386,-0.0744009810788888,-0.454724539720489,15edc9f8854a50d1fc478841d8cefd717043cb4ebbf5471a58f017870915a5db,FB2411,fluorescence_control
/Users/zcm361/Documents/Github/OxygenDynamicsV2/reference-validation/phase1-optimized-20260909/FB2411/Recording,sink,17,1,23,138,160,143,146,272,20,20,0,0,0,26594.4145220588,26594.4145220588,valid,valid,0.00515847343691496,0.00515847343691496,0,1,0,mNeongreen KX,-0.135651670293609,-0.197228119884505,144,-0.515847343691496,-0.0385730354589932,-0.477274308232525,15edc9f8854a50d1fc478841d8cefd717043cb4ebbf5471a58f017870915a5db,FB2411,fluorescence_control
/Users/zcm361/Documents/Github/OxygenDynamicsV2/reference-validation/phase1-optimized-20260909/FB2411/Recording,sink,18,1,24,164,187,170,173,687,20,20,0,0,0,20523.6939592431,20523.6939592431,valid,valid,0.00330677198085621,0.00330677198085621,0,1,0,mNeongreen KX,-0.147084896258869,-0.170549104728988,175,-0.330677198085621,-0.0717423243087744,-0.258934873776851,15edc9f8854a50d1fc478841d8cefd717043cb4ebbf5471a58f017870915a5db,FB2411,fluorescence_control
/Users/zcm361/Documents/Github/OxygenDynamicsV2/reference-validation/phase1-optimized-20260909/FB2411/Recording,sink,19,1,25,201,219,211,214,260,20,20,0,0,0,19566.0561538462,19566.0561538462,valid,valid,0.00229648103684132,0.00229648103684132,0,1,0,mNeongreen KX,-0.136291584988626,-0.232843208017249,215,-0.229648103684132,-0.0529748454549563,-0.176673258229182,15edc9f8854a50d1fc478841d8cefd717043cb4ebbf5471a58f017870915a5db,FB2411,fluorescence_control
/Users/zcm361/Documents/Github/OxygenDynamicsV2/reference-validation/phase1-optimized-20260909/FB2411/Recording,sink,20,1,26,241,252,242,245,358,20,20,0,0,0,26182.1400837989,26182.1400837989,valid,valid,0.00382677489708263,0.00382677489708263,0,1,0,mNeongreen KX,-0.114076152551196,-0.117213057478637,246,-0.382677489708263,-0.0487068079388391,-0.333970681769431,15edc9f8854a50d1fc478841d8cefd717043cb4ebbf5471a58f017870915a5db,FB2411,fluorescence_control
/Users/zcm361/Documents/Github/OxygenDynamicsV2/reference-validation/phase1-optimized-20260909/FB2411/Recording,surge,1,1,1,8,25,8,25,3494,20,7,1,0,0,NaN,NaN,insufficient_clean_prebaseline,insufficient_clean_prebaseline,NaN,NaN,NaN,1,0,mNeongreen KX,0.0536173165382982,0.061422297155441,NaN,NaN,NaN,NaN,15edc9f8854a50d1fc478841d8cefd717043cb4ebbf5471a58f017870915a5db,FB2411,fluorescence_control
