RecordingID,EventType,SiteID,EventID,EventRow,StartFrame,EndFrame,DetectedStartFrame,DetectedEndFrame,FootprintPixels,BaselineWindowFrames,CleanBaselineFrames,TruncatedBaseline,OverlapExcludedFrames,NonfiniteBaselineFrames,StoredBaseline,RecomputedBaseline,StoredStatus,RecomputedStatus,StoredAmplitude,RecomputedAmplitude,AbsDifference,MeasurementMatches,WrongDirection,Condition,NativeFilteredMean,NativeZMean,RawExtremeFrame,RawChangeAtExtremePercent,CubicTrendContributionPercent,ResidualContributionPercent,DetrendedChangeAtRawExtreme,SpatialZChangeAtRawExtreme,TemporalZChangeAtRawExtreme,SourceRawSHA256
/Users/zcm361/Documents/Github/OxygenDynamicsV2/reference-validation/phase1-optimized-20260909/FB2312-baseline-awake/Recording,sink,1,1,1,1,28,1,15,1184,20,0,1,0,0,NaN,NaN,insufficient_clean_prebaseline,insufficient_clean_prebaseline,NaN,NaN,NaN,1,0,Awake_immobile,-0.676766550878214,-0.771638012521042,NaN,NaN,NaN,NaN,NaN,NaN,NaN,d2e65164f5640b4b97649714fbbd3e5ab5bc26c3243e44683d98e840ef89b657
/Users/zcm361/Documents/Github/OxygenDynamicsV2/reference-validation/phase1-optimized-20260909/FB2312-baseline-awake/Recording,sink,1,2,2,106,132,125,131,434,20,20,0,0,0,3349.37315668203,3349.37315668203,valid,valid,0.0757125989494081,0.0757125989494081,0,1,0,Awake_immobile,-0.385825087285065,-0.465092798867115,123,-7.57125989494081,6.37304652946728,-13.9443064244081,-467.046867687032,-1.08823852494699,-0.752764853240335,d2e65164f5640b4b97649714fbbd3e5ab5bc26c3243e44683d98e840ef89b657
/Users/zcm361/Documents/Github/OxygenDynamicsV2/reference-validation/phase1-optimized-20260909/FB2312-baseline-awake/Recording,sink,1,3,3,291,314,306,310,825,20,20,0,0,0,4754.25618181818,4754.25618181818,valid,valid,0.137927155211113,0.137927155211113,0,1,0,Awake_immobile,-0.489251523014271,-0.604292614541266,308,-13.7927155211113,2.39415028890711,-16.1868658100184,-769.565075432055,-1.29406702979995,-0.909101862061875,d2e65164f5640b4b97649714fbbd3e5ab5bc26c3243e44683d98e840ef89b657
/Users/zcm361/Documents/Github/OxygenDynamicsV2/reference-validation/phase1-optimized-20260909/FB2312-baseline-awake/Recording,sink,1,4,4,315,375,370,374,1038,20,15,0,5,0,NaN,NaN,insufficient_clean_prebaseline,insufficient_clean_prebaseline,NaN,NaN,NaN,1,0,Awake_immobile,-0.478039044396941,-0.535621533582607,NaN,NaN,NaN,NaN,NaN,NaN,NaN,d2e65164f5640b4b97649714fbbd3e5ab5bc26c3243e44683d98e840ef89b657
/Users/zcm361/Documents/Github/OxygenDynamicsV2/reference-validation/phase1-optimized-20260909/FB2312-baseline-awake/Recording,sink,1,5,5,468,491,487,490,171,20,20,0,0,0,5954.71315789474,5954.71315789474,valid,valid,0.271747933316766,0.271747933316766,0,1,0,Awake_immobile,-0.622744523555215,-1.1135262311392,488,-27.1747933316766,1.30630250317639,-28.4810958348529,-1695.96753614995,-2.56814114085857,-1.56632323518026,d2e65164f5640b4b97649714fbbd3e5ab5bc26c3243e44683d98e840ef89b657
/Users/zcm361/Documents/Github/OxygenDynamicsV2/reference-validation/phase1-optimized-20260909/FB2312-baseline-awake/Recording,sink,1,6,6,527,553,529,540,2534,20,20,0,0,0,5611.25361089187,5611.25361089187,valid,valid,0.175958528457933,0.175958528457933,0,1,0,Awake_immobile,-0.709054149148735,-0.763080472991027,531,-17.5958528457933,0.335488883131577,-17.9313417289248,-1006.17306213138,-1.50927968185864,-1.11456712645271,d2e65164f5640b4b97649714fbbd3e5ab5bc26c3243e44683d98e840ef89b657
/Users/zcm361/Documents/Github/OxygenDynamicsV2/reference-validation/phase1-optimized-20260909/FB2312-baseline-awake/Recording,sink,1,7,7,553,624,585,594,2841,20,12,0,8,0,NaN,NaN,insufficient_clean_prebaseline,insufficient_clean_prebaseline,NaN,NaN,NaN,1,0,Awake_immobile,-0.5641202705573,-0.602256045115786,NaN,NaN,NaN,NaN,NaN,NaN,NaN,d2e65164f5640b4b97649714fbbd3e5ab5bc26c3243e44683d98e840ef89b657
/Users/zcm361/Documents/Github/OxygenDynamicsV2/reference-validation/phase1-optimized-20260909/FB2312-baseline-awake/Recording,sink,1,8,8,624,654,640,646,641,20,20,0,0,0,5241.69266770671,5241.69266770671,valid,valid,0.159572609507653,0.159572609507653,0,1,0,Awake_immobile,-0.724235754289897,-0.813316773727255,643,-15.9572609507653,0.0409498762309753,-15.9982108269962,-838.577048991139,-0.938461734878038,-0.646219621763657,d2e65164f5640b4b97649714fbbd3e5ab5bc26c3243e44683d98e840ef89b657
/Users/zcm361/Documents/Github/OxygenDynamicsV2/reference-validation/phase1-optimized-20260909/FB2312-baseline-awake/Recording,sink,1,9,9,764,805,776,779,708,20,20,0,0,0,5266.59752824859,5266.59752824859,valid,valid,0.0842700533735017,0.0842700533735017,0,1,0,Awake_immobile,-0.408122724111555,-0.4888668243156,769,-8.42700533735017,-0.129240368930366,-8.29776496841981,-437.009885919431,-0.541075776272796,-0.418640789392391,d2e65164f5640b4b97649714fbbd3e5ab5bc26c3243e44683d98e840ef89b657
/Users/zcm361/Documents/Github/OxygenDynamicsV2/reference-validation/phase1-optimized-20260909/FB2312-baseline-awake/Recording,sink,1,10,10,886,953,929,932,488,20,20,0,0,0,5742.79672131148,5742.79672131148,valid,valid,0.0896849824127504,0.0896849824127504,0,1,0,Awake_immobile,-0.343356312260215,-0.407403492507929,933,-8.96849824127504,-0.794298634849038,-8.17419960642597,-469.427673740074,-0.538786256099511,-0.360761811054579,d2e65164f5640b4b97649714fbbd3e5ab5bc26c3243e44683d98e840ef89b657
/Users/zcm361/Documents/Github/OxygenDynamicsV2/reference-validation/phase1-optimized-20260909/FB2312-baseline-awake/Recording,sink,1,11,11,1096,1126,1102,1107,1021,20,20,0,0,0,5169.10812928502,5169.10812928502,valid,valid,0.0657210656678606,0.0657210656678606,0,1,0,Awake_immobile,-0.221207358345628,-0.260736790729535,1106,-6.57210656678606,-0.480827180555576,-6.09127938623048,-314.864811899333,-0.476771067193283,-0.357548725918209,d2e65164f5640b4b97649714fbbd3e5ab5bc26c3243e44683d98e840ef89b657
/Users/zcm361/Documents/Github/OxygenDynamicsV2/reference-validation/phase1-optimized-20260909/FB2312-baseline-awake/Recording,sink,1,12,12,1156,1174,1172,1174,687,20,20,0,0,0,5209.61186317322,5209.61186317322,valid,valid,0.0755797979345282,0.0755797979345282,0,1,0,Awake_immobile,-0.25442931439216,-0.271803961763954,1172,-7.55797979345282,0.0125648726723291,-7.57054466612516,-394.395995311931,-0.512601230543113,-0.346602950745647,d2e65164f5640b4b97649714fbbd3e5ab5bc26c3243e44683d98e840ef89b657
/Users/zcm361/Documents/Github/OxygenDynamicsV2/reference-validation/phase1-optimized-20260909/FB2312-baseline-awake/Recording,sink,2,1,13,14,35,15,20,1397,20,13,1,0,0,NaN,NaN,insufficient_clean_prebaseline,insufficient_clean_prebaseline,NaN,NaN,NaN,1,0,Awake_immobile,-0.487530788852502,-0.530845355170095,NaN,NaN,NaN,NaN,NaN,NaN,NaN,d2e65164f5640b4b97649714fbbd3e5ab5bc26c3243e44683d98e840ef89b657
/Users/zcm361/Documents/Github/OxygenDynamicsV2/reference-validation/phase1-optimized-20260909/FB2312-baseline-awake/Recording,sink,2,2,14,676,710,694,696,618,20,20,0,0,0,5660.30080906149,5660.30080906149,valid,valid,0.0806328148363359,0.0806328148363359,0,1,0,Awake_immobile,-0.348360732077202,-0.401251499255905,686,-8.06328148363359,-0.0699181121956032,-7.99336337143796,-452.448403565243,-0.369454528349452,-0.250159092156548,d2e65164f5640b4b97649714fbbd3e5ab5bc26c3243e44683d98e840ef89b657
/Users/zcm361/Documents/Github/OxygenDynamicsV2/reference-validation/phase1-optimized-20260909/FB2312-baseline-awake/Recording,sink,2,3,15,1179,1195,1193,1195,663,20,20,0,0,0,4501.34886877828,4501.34886877828,valid,valid,0.0689926595825491,0.0689926595825491,0,1,0,Awake_immobile,-0.264083449402426,-0.33052847291159,1182,-6.89926595825491,-0.540876717278326,-6.35838924097658,-286.213272430742,-0.371832529267093,-0.288691300569025,d2e65164f5640b4b97649714fbbd3e5ab5bc26c3243e44683d98e840ef89b657
/Users/zcm361/Documents/Github/OxygenDynamicsV2/reference-validation/phase1-optimized-20260909/FB2312-baseline-awake/Recording,sink,3,1,16,10,22,10,13,490,20,9,1,0,0,NaN,NaN,insufficient_clean_prebaseline,insufficient_clean_prebaseline,NaN,NaN,NaN,1,0,Awake_immobile,-0.623921928189847,-0.697937744963951,NaN,NaN,NaN,NaN,NaN,NaN,NaN,d2e65164f5640b4b97649714fbbd3e5ab5bc26c3243e44683d98e840ef89b657
/Users/zcm361/Documents/Github/OxygenDynamicsV2/reference-validation/phase1-optimized-20260909/FB2312-baseline-awake/Recording,sink,3,2,17,295,406,320,342,1838,20,20,0,0,0,6415.46556039173,6415.46556039173,valid,valid,0.129067419431402,0.129067419431402,0,1,0,Awake_immobile,-0.506821817666663,-0.568256124024096,315,-12.9067419431402,2.31180927748856,-15.2185512206288,-976.34091913765,-1.66158460163815,-1.00509703244823,d2e65164f5640b4b97649714fbbd3e5ab5bc26c3243e44683d98e840ef89b657
/Users/zcm361/Documents/Github/OxygenDynamicsV2/reference-validation/phase1-optimized-20260909/FB2312-baseline-awake/Recording,sink,4,1,18,34,52,34,36,487,20,20,0,0,0,2691.8727926078,2691.8727926078,valid,valid,-0.0123635899847745,-0.0123635899847745,0,1,1,Awake_immobile,-0.333294064755068,-0.385587274347745,35,1.23635899847745,2.44404625802824,-1.20768725955076,-32.5094059186305,-0.110862025244505,-0.0659915994506942,d2e65164f5640b4b97649714fbbd3e5ab5bc26c3243e44683d98e840ef89b657
/Users/zcm361/Documents/Github/OxygenDynamicsV2/reference-validation/phase1-optimized-20260909/FB2312-baseline-awake/Recording,sink,4,2,19,411,449,433,440,386,20,20,0,0,0,5274.99378238342,5274.99378238342,valid,valid,0.172952393038697,0.172952393038697,0,1,0,Awake_immobile,-0.472867621437024,-0.608379498466338,429,-17.2952393038697,1.41496069045623,-18.710199994326,-986.961886897112,-1.59571860422268,-0.964021705732411,d2e65164f5640b4b97649714fbbd3e5ab5bc26c3243e44683d98e840ef89b657
/Users/zcm361/Documents/Github/OxygenDynamicsV2/reference-validation/phase1-optimized-20260909/FB2312-baseline-awake/Recording,sink,4,3,20,474,512,489,511,3112,20,13,0,7,0,NaN,NaN,insufficient_clean_prebaseline,insufficient_clean_prebaseline,NaN,NaN,NaN,1,0,Awake_immobile,-0.504369531994168,-0.552820229509699,NaN,NaN,NaN,NaN,NaN,NaN,NaN,d2e65164f5640b4b97649714fbbd3e5ab5bc26c3243e44683d98e840ef89b657
/Users/zcm361/Documents/Github/OxygenDynamicsV2/reference-validation/phase1-optimized-20260909/FB2312-baseline-awake/Recording,sink,4,4,21,537,570,551,569,2578,20,20,0,0,0,4449.94133048875,4449.94133048875,valid,valid,0.138098660003166,0.138098660003166,0,1,0,Awake_immobile,-0.342997069396417,-0.398370253344095,550,-13.8098660003166,0.739523158470396,-14.549389158787,-647.439282633779,-0.456944380580282,-0.308989407225738,d2e65164f5640b4b97649714fbbd3e5ab5bc26c3243e44683d98e840ef89b657
/Users/zcm361/Documents/Github/OxygenDynamicsV2/reference-validation/phase1-optimized-20260909/FB2312-baseline-awake/Recording,sink,4,5,22,854,900,860,869,1926,20,18,0,2,0,NaN,NaN,insufficient_clean_prebaseline,insufficient_clean_prebaseline,NaN,NaN,NaN,1,0,Awake_immobile,-0.322505174512662,-0.367197221221801,NaN,NaN,NaN,NaN,NaN,NaN,NaN,d2e65164f5640b4b97649714fbbd3e5ab5bc26c3243e44683d98e840ef89b657
/Users/zcm361/Documents/Github/OxygenDynamicsV2/reference-validation/phase1-optimized-20260909/FB2312-baseline-awake/Recording,sink,4,6,23,854,900,890,898,2198,20,18,0,2,0,NaN,NaN,insufficient_clean_prebaseline,insufficient_clean_prebaseline,NaN,NaN,NaN,1,0,Awake_immobile,-0.25652111894741,-0.275015891245631,NaN,NaN,NaN,NaN,NaN,NaN,NaN,d2e65164f5640b4b97649714fbbd3e5ab5bc26c3243e44683d98e840ef89b657
/Users/zcm361/Documents/Github/OxygenDynamicsV2/reference-validation/phase1-optimized-20260909/FB2312-baseline-awake/Recording,sink,4,7,24,943,955,945,953,1741,20,20,0,0,0,4419.82030442274,4419.82030442274,valid,valid,0.099918184197973,0.099918184197973,0,1,0,Awake_immobile,-0.341707747878113,-0.384977839752227,952,-9.99181841979729,-0.528326637259725,-9.46349178253759,-418.269333742899,-0.476561001776309,-0.325273144450528,d2e65164f5640b4b97649714fbbd3e5ab5bc26c3243e44683d98e840ef89b657
/Users/zcm361/Documents/Github/OxygenDynamicsV2/reference-validation/phase1-optimized-20260909/FB2312-baseline-awake/Recording,sink,4,8,25,977,1028,977,987,561,20,20,0,0,0,4141.29777183601,4141.29777183601,valid,valid,0.053444134438125,0.053444134438125,0,1,0,Awake_immobile,-0.279041728343174,-0.309469852672945,979,-5.3444134438125,-0.401155894109599,-4.94325754970286,-204.715010731743,-0.151891525431395,-0.125379261389424,d2e65164f5640b4b97649714fbbd3e5ab5bc26c3243e44683d98e840ef89b657
/Users/zcm361/Documents/Github/OxygenDynamicsV2/reference-validation/phase1-optimized-20260909/FB2312-baseline-awake/Recording,sink,4,9,26,1031,1070,1038,1058,2540,20,20,0,0,0,4329.92232283465,4329.92232283465,valid,valid,0.146183424741294,0.146183424741294,0,1,0,Awake_immobile,-0.289081342769013,-0.335388710951311,1043,-14.6183424741294,-0.851378078431531,-13.7669643956979,-596.098862617072,-0.800911182296147,-0.600340687182041,d2e65164f5640b4b97649714fbbd3e5ab5bc26c3243e44683d98e840ef89b657
/Users/zcm361/Documents/Github/OxygenDynamicsV2/reference-validation/phase1-optimized-20260909/FB2312-baseline-awake/Recording,sink,4,10,27,1096,1121,1101,1112,1945,20,20,0,0,0,4095.43264781491,4095.43264781491,valid,valid,0.0786767100826408,0.0786767100826408,0,1,0,Awake_immobile,-0.229819652236237,-0.264309314170709,1106,-7.86767100826408,-0.982836517913559,-6.88483449035054,-281.963762276068,-0.414363985179803,-0.302466457822497,d2e65164f5640b4b97649714fbbd3e5ab5bc26c3243e44683d98e840ef89b657
/Users/zcm361/Documents/Github/OxygenDynamicsV2/reference-validation/phase1-optimized-20260909/FB2312-baseline-awake/Recording,sink,5,1,28,196,253,210,215,733,20,20,0,0,0,6049.09863574352,6049.09863574352,valid,valid,0.0864946381354596,0.0864946381354596,0,1,0,Awake_immobile,-0.643606663468536,-0.761101006610691,210,-8.64946381354596,2.47854382771574,-11.1280076412617,-673.144159526747,-1.31480645977553,-0.81510327056563,d2e65164f5640b4b97649714fbbd3e5ab5bc26c3243e44683d98e840ef89b657
/Users/zcm361/Documents/Github/OxygenDynamicsV2/reference-validation/phase1-optimized-20260909/FB2312-baseline-awake/Recording,sink,5,2,29,196,253,238,250,2255,20,20,0,0,0,5648.16314855876,5648.16314855876,valid,valid,0.0464148621549385,0.0464148621549385,0,1,0,Awake_immobile,-0.349818234814903,-0.396693581191241,240,-4.64148621549385,5.05965596860683,-9.70114218410068,-547.936334323249,-0.910646931712069,-0.579284486418578,d2e65164f5640b4b97649714fbbd3e5ab5bc26c3243e44683d98e840ef89b657
/Users/zcm361/Documents/Github/OxygenDynamicsV2/reference-validation/phase1-optimized-20260909/FB2312-baseline-awake/Recording,sink,5,3,30,276,370,304,308,536,20,20,0,0,0,6409.8302238806,6409.8302238806,valid,valid,0.119659955601078,0.119659955601078,0,1,0,Awake_immobile,-0.478485371478235,-0.559427992562497,331,-11.9659955601078,4.28623711100887,-16.2522326711167,-1041.74051645763,-1.1934133663434,-0.75964827506455,d2e65164f5640b4b97649714fbbd3e5ab5bc26c3243e44683d98e840ef89b657
/Users/zcm361/Documents/Github/OxygenDynamicsV2/reference-validation/phase1-optimized-20260909/FB2312-baseline-awake/Recording,sink,5,4,31,408,418,408,410,424,20,20,0,0,0,6505.67712264151,6505.67712264151,valid,valid,0.0593846716824358,0.0593846716824358,0,1,0,Awake_immobile,-0.318676580610515,-0.399082417092462,408,-5.93846716824358,0.347192746392304,-6.28565991463588,-408.924757241303,-0.676182768952233,-0.449751029965573,d2e65164f5640b4b97649714fbbd3e5ab5bc26c3243e44683d98e840ef89b657
/Users/zcm361/Documents/Github/OxygenDynamicsV2/reference-validation/phase1-optimized-20260909/FB2312-baseline-awake/Recording,sink,5,5,32,1032,1059,1051,1058,1525,20,20,0,0,0,6252.44895081967,6252.44895081967,valid,valid,0.112218392506799,0.112218392506799,0,1,0,Awake_immobile,-0.351321155337776,-0.387189347808205,1052,-11.2218392506799,-1.55418022336507,-9.66765902731479,-604.465446825371,-0.709218455175637,-0.405122175631286,d2e65164f5640b4b97649714fbbd3e5ab5bc26c3243e44683d98e840ef89b657
/Users/zcm361/Documents/Github/OxygenDynamicsV2/reference-validation/phase1-optimized-20260909/FB2312-baseline-awake/Recording,sink,5,6,33,1138,1150,1140,1142,525,20,20,0,0,0,6833.31961904762,6833.31961904762,valid,valid,0.0556245855043947,0.0556245855043947,0,1,0,Awake_immobile,-0.267278739980289,-0.348015192971347,1142,-5.56245855043947,-0.424325342253704,-5.13813320818576,-351.105067243304,-0.657677026975374,-0.355358315910567,d2e65164f5640b4b97649714fbbd3e5ab5bc26c3243e44683d98e840ef89b657
/Users/zcm361/Documents/Github/OxygenDynamicsV2/reference-validation/phase1-optimized-20260909/FB2312-baseline-awake/Recording,sink,5,7,34,1173,1183,1180,1183,352,20,20,0,0,0,6806.26221590909,6806.26221590909,valid,valid,0.108913445058931,0.108913445058931,0,1,0,Awake_immobile,-0.425592625026845,-0.511087016018047,1182,-10.8913445058931,-0.351971109704187,-10.5393733961889,-717.337384414673,-1.31444855047765,-0.688621013650719,d2e65164f5640b4b97649714fbbd3e5ab5bc26c3243e44683d98e840ef89b657
/Users/zcm361/Documents/Github/OxygenDynamicsV2/reference-validation/phase1-optimized-20260909/FB2312-baseline-awake/Recording,sink,6,1,35,28,62,30,32,262,20,20,0,0,0,5521.78396946565,5521.78396946565,valid,valid,0.0308026350041481,0.0308026350041481,0,1,0,Awake_immobile,-0.38841530248409,-0.494057209032565,31,-3.08026350041481,2.99910543606033,-6.07936893647512,-335.689620948384,-1.11212900841937,-0.652791727317612,d2e65164f5640b4b97649714fbbd3e5ab5bc26c3243e44683d98e840ef89b657
/Users/zcm361/Documents/Github/OxygenDynamicsV2/reference-validation/phase1-optimized-20260909/FB2312-baseline-awake/Recording,sink,6,2,36,63,86,68,73,1172,20,20,0,0,0,5357.37209897611,5357.37209897611,valid,valid,0.0670553945146653,0.0670553945146653,0,1,0,Awake_immobile,-0.469129085974647,-0.535110958445302,70,-6.70553945146653,3.22420878033661,-9.92974823180312,-531.973555841544,-1.1388324593298,-0.702045192992492,d2e65164f5640b4b97649714fbbd3e5ab5bc26c3243e44683d98e840ef89b657
/Users/zcm361/Documents/Github/OxygenDynamicsV2/reference-validation/phase1-optimized-20260909/FB2312-baseline-awake/Recording,sink,6,3,37,194,323,206,209,612,20,20,0,0,0,6521.4183006536,6521.4183006536,valid,valid,0.0451691610450032,0.0451691610450032,0,1,0,Awake_immobile,-0.651488344824197,-0.782447021417075,205,-4.51691610450032,2.22512405346396,-6.74204015796428,-439.67664382037,-0.744633772424386,-0.44988909200411,d2e65164f5640b4b97649714fbbd3e5ab5bc26c3243e44683d98e840ef89b657
/Users/zcm361/Documents/Github/OxygenDynamicsV2/reference-validation/phase1-optimized-20260909/FB2312-baseline-awake/Recording,sink,7,1,38,503,584,522,524,199,20,20,0,0,0,7055.66407035176,7055.66407035176,valid,valid,0.104510033512047,0.104510033512047,0,1,0,Awake_immobile,-0.483615624095926,-0.689686049694559,581,-10.4510033512047,0.0442708191152115,-10.4952741703199,-740.511291871957,-1.18133140959401,-0.68298903323383,d2e65164f5640b4b97649714fbbd3e5ab5bc26c3243e44683d98e840ef89b657
/Users/zcm361/Documents/Github/OxygenDynamicsV2/reference-validation/phase1-optimized-20260909/FB2312-baseline-awake/Recording,sink,7,2,39,893,910,899,902,292,20,20,0,0,0,8474.41455479452,8474.41455479452,valid,valid,0.0657660697093048,0.0657660697093048,0,1,0,Awake_immobile,-0.319017767574485,-0.417001212527258,901,-6.57660697093048,-0.817021689373003,-5.75958528155749,-488.091135019799,-0.891580714390058,-0.460222296335813,d2e65164f5640b4b97649714fbbd3e5ab5bc26c3243e44683d98e840ef89b657
/Users/zcm361/Documents/Github/OxygenDynamicsV2/reference-validation/phase1-optimized-20260909/FB2312-baseline-awake/Recording,sink,7,3,40,1009,1022,1011,1014,376,20,20,0,0,0,7213.37965425532,7213.37965425532,valid,valid,0.0747686198897347,0.0747686198897347,0,1,0,Awake_immobile,-0.427366951232816,-0.498940261925627,1014,-7.47686198897347,-0.607641565221924,-6.86922042375154,-495.502943030824,-0.875136980660916,-0.471555618552907,d2e65164f5640b4b97649714fbbd3e5ab5bc26c3243e44683d98e840ef89b657
/Users/zcm361/Documents/Github/OxygenDynamicsV2/reference-validation/phase1-optimized-20260909/FB2312-baseline-awake/Recording,sink,8,1,41,26,43,32,34,2062,20,20,0,0,0,3285.27895247333,3285.27895247333,valid,valid,0.00109860209961084,0.00109860209961084,0,1,0,Awake_immobile,-0.362273293704209,-0.396935139054665,31,-0.109860209961084,3.8568549957456,-3.9667152057067,-130.317656499824,-0.490587142457846,-0.352560573177136,d2e65164f5640b4b97649714fbbd3e5ab5bc26c3243e44683d98e840ef89b657
/Users/zcm361/Documents/Github/OxygenDynamicsV2/reference-validation/phase1-optimized-20260909/FB2312-baseline-awake/Recording,sink,9,1,42,37,54,47,51,783,20,20,0,0,0,3029.06641123882,3029.06641123882,valid,valid,-0.0193965744411638,-0.0193965744411638,0,1,1,Awake_immobile,-0.329459269065053,-0.385292197397625,50,1.93965744411638,6.48810618415197,-4.5484487400356,-137.775529501417,-0.47151891755252,-0.358266045290485,d2e65164f5640b4b97649714fbbd3e5ab5bc26c3243e44683d98e840ef89b657
/Users/zcm361/Documents/Github/OxygenDynamicsV2/reference-validation/phase1-optimized-20260909/FB2312-baseline-awake/Recording,sink,9,2,43,184,243,209,217,973,20,20,0,0,0,4260.48335046249,4260.48335046249,valid,valid,0.0574816443945791,0.0574816443945791,0,1,0,Awake_immobile,-0.507888317257898,-0.55970674334739,210,-5.7481644394579,4.5668071484969,-10.3149715879548,-439.467649497868,-0.783954097776446,-0.594044569087056,d2e65164f5640b4b97649714fbbd3e5ab5bc26c3243e44683d98e840ef89b657
/Users/zcm361/Documents/Github/OxygenDynamicsV2/reference-validation/phase1-optimized-20260909/FB2312-baseline-awake/Recording,sink,10,1,44,48,51,48,50,288,20,20,0,0,0,3357.37309027778,3357.37309027778,valid,valid,0.0251689521026717,0.0251689521026717,0,1,0,Awake_immobile,-0.316201850547697,-0.506838310461953,48,-2.51689521026716,3.74529727778203,-6.26219248804917,-210.245147175259,-0.613300687799518,-0.403534442640017,d2e65164f5640b4b97649714fbbd3e5ab5bc26c3243e44683d98e840ef89b657
/Users/zcm361/Documents/Github/OxygenDynamicsV2/reference-validation/phase1-optimized-20260909/FB2312-baseline-awake/Recording,sink,10,2,45,70,128,74,118,1503,20,19,0,1,0,NaN,NaN,insufficient_clean_prebaseline,insufficient_clean_prebaseline,NaN,NaN,NaN,1,0,Awake_immobile,-0.425704558923828,-0.465342181278307,NaN,NaN,NaN,NaN,NaN,NaN,NaN,d2e65164f5640b4b97649714fbbd3e5ab5bc26c3243e44683d98e840ef89b657
/Users/zcm361/Documents/Github/OxygenDynamicsV2/reference-validation/phase1-optimized-20260909/FB2312-baseline-awake/Recording,sink,10,3,46,271,298,279,283,476,20,20,0,0,0,4463.31092436975,4463.31092436975,valid,valid,0.235939047396702,0.235939047396702,0,1,0,Awake_immobile,-0.728388081459688,-0.99850897508174,282,-23.5939047396702,1.89638629122861,-25.4902910308988,-1137.71094845043,-2.04382096583319,-1.65387939131671,d2e65164f5640b4b97649714fbbd3e5ab5bc26c3243e44683d98e840ef89b657
/Users/zcm361/Documents/Github/OxygenDynamicsV2/reference-validation/phase1-optimized-20260909/FB2312-baseline-awake/Recording,sink,10,4,47,633,655,646,654,632,20,20,0,0,0,4190.7914556962,4190.7914556962,valid,valid,0.160095661819114,0.160095661819114,0,1,0,Awake_immobile,-0.42097578368672,-0.488161061408657,648,-16.0095661819114,0.0178950262728977,-16.0274612081842,-671.677474705177,-0.685852251731054,-0.621849406076931,d2e65164f5640b4b97649714fbbd3e5ab5bc26c3243e44683d98e840ef89b657
/Users/zcm361/Documents/Github/OxygenDynamicsV2/reference-validation/phase1-optimized-20260909/FB2312-baseline-awake/Recording,sink,10,5,48,1089,1132,1120,1122,640,20,20,0,0,0,5183.94921875,5183.94921875,valid,valid,0.0701581127443409,0.0701581127443409,0,1,0,Awake_immobile,-0.234740937656413,-0.29557465479658,1121,-7.01581127443409,-0.599462056350698,-6.41634921808339,-332.62028678894,-0.64328096003027,-0.436112519107919,d2e65164f5640b4b97649714fbbd3e5ab5bc26c3243e44683d98e840ef89b657
/Users/zcm361/Documents/Github/OxygenDynamicsV2/reference-validation/phase1-optimized-20260909/FB2312-baseline-awake/Recording,sink,11,1,49,41,53,48,50,315,20,20,0,0,0,2436.60317460317,2436.60317460317,valid,valid,-0.0174924758641356,-0.0174924758641356,0,1,1,Awake_immobile,-0.296779393660959,-0.387712029344941,49,1.74924758641356,5.41761409613218,-3.66836650971863,-89.3835288783482,-0.315052709877209,-0.270734918169993,d2e65164f5640b4b97649714fbbd3e5ab5bc26c3243e44683d98e840ef89b657
/Users/zcm361/Documents/Github/OxygenDynamicsV2/reference-validation/phase1-optimized-20260909/FB2312-baseline-awake/Recording,sink,11,2,50,360,416,371,374,1002,20,17,0,3,0,NaN,NaN,insufficient_clean_prebaseline,insufficient_clean_prebaseline,NaN,NaN,NaN,1,0,Awake_immobile,-0.425810732047804,-0.509172498083716,NaN,NaN,NaN,NaN,NaN,NaN,NaN,d2e65164f5640b4b97649714fbbd3e5ab5bc26c3243e44683d98e840ef89b657
/Users/zcm361/Documents/Github/OxygenDynamicsV2/reference-validation/phase1-optimized-20260909/FB2312-baseline-awake/Recording,sink,12,1,51,35,57,51,53,317,20,12,0,8,0,NaN,NaN,insufficient_clean_prebaseline,insufficient_clean_prebaseline,NaN,NaN,NaN,1,0,Awake_immobile,-0.341272500411193,-0.531915678123534,NaN,NaN,NaN,NaN,NaN,NaN,NaN,d2e65164f5640b4b97649714fbbd3e5ab5bc26c3243e44683d98e840ef89b657
/Users/zcm361/Documents/Github/OxygenDynamicsV2/reference-validation/phase1-optimized-20260909/FB2312-baseline-awake/Recording,sink,13,1,52,245,251,247,249,637,20,20,0,0,0,3132.67692307692,3132.67692307692,valid,valid,0.0959923532529344,0.0959923532529344,0,1,0,Awake_immobile,-0.554464998683775,-0.762954867683611,248,-9.59923532529344,1.54408055088744,-11.1433158761809,-349.084083545152,-0.858156083852428,-0.751914648818259,d2e65164f5640b4b97649714fbbd3e5ab5bc26c3243e44683d98e840ef89b657
/Users/zcm361/Documents/Github/OxygenDynamicsV2/reference-validation/phase1-optimized-20260909/FB2312-baseline-awake/Recording,sink,13,2,53,350,391,373,375,762,20,20,0,0,0,3585.44101049869,3585.44101049869,valid,valid,0.077550814691106,0.077550814691106,0,1,0,Awake_immobile,-0.500866516381632,-0.611883419033324,375,-7.7550814691106,2.31633535527828,-10.0714168243889,-361.104711737846,-0.93784020488332,-0.826595981684017,d2e65164f5640b4b97649714fbbd3e5ab5bc26c3243e44683d98e840ef89b657
/Users/zcm361/Documents/Github/OxygenDynamicsV2/reference-validation/phase1-optimized-20260909/FB2312-baseline-awake/Recording,sink,13,3,54,511,523,517,520,417,20,20,0,0,0,4044.02805755396,4044.02805755396,valid,valid,0.0693978277588107,0.0693978277588107,0,1,0,Awake_immobile,-0.382978750701002,-0.532485966519814,517,-6.93978277588107,0.397763096876801,-7.3375458727579,-296.73240679917,-0.844021461991921,-0.726725449489978,d2e65164f5640b4b97649714fbbd3e5ab5bc26c3243e44683d98e840ef89b657
/Users/zcm361/Documents/Github/OxygenDynamicsV2/reference-validation/phase1-optimized-20260909/FB2312-baseline-awake/Recording,sink,13,4,55,710,739,728,730,477,20,20,0,0,0,4121.82536687631,4121.82536687631,valid,valid,0.144362013797087,0.144362013797087,0,1,0,Awake_immobile,-0.420761104514347,-0.648612471283639,728,-14.4362013797087,-0.121399487360354,-14.3148018923483,-590.031138473287,-0.901944986649499,-0.76671623191402,d2e65164f5640b4b97649714fbbd3e5ab5bc26c3243e44683d98e840ef89b657
/Users/zcm361/Documents/Github/OxygenDynamicsV2/reference-validation/phase1-optimized-20260909/FB2312-baseline-awake/Recording,sink,13,5,56,739,773,768,772,428,20,17,0,3,0,NaN,NaN,insufficient_clean_prebaseline,insufficient_clean_prebaseline,NaN,NaN,NaN,1,0,Awake_immobile,-0.410062918851204,-0.545262983360889,NaN,NaN,NaN,NaN,NaN,NaN,NaN,d2e65164f5640b4b97649714fbbd3e5ab5bc26c3243e44683d98e840ef89b657
/Users/zcm361/Documents/Github/OxygenDynamicsV2/reference-validation/phase1-optimized-20260909/FB2312-baseline-awake/Recording,sink,13,6,57,773,807,800,804,461,20,15,0,5,0,NaN,NaN,insufficient_clean_prebaseline,insufficient_clean_prebaseline,NaN,NaN,NaN,1,0,Awake_immobile,-0.275464007701248,-0.384541621680196,NaN,NaN,NaN,NaN,NaN,NaN,NaN,d2e65164f5640b4b97649714fbbd3e5ab5bc26c3243e44683d98e840ef89b657
/Users/zcm361/Documents/Github/OxygenDynamicsV2/reference-validation/phase1-optimized-20260909/FB2312-baseline-awake/Recording,sink,14,1,58,693,728,713,722,1730,20,14,0,6,0,NaN,NaN,insufficient_clean_prebaseline,insufficient_clean_prebaseline,NaN,NaN,NaN,1,0,Awake_immobile,-0.513753916914258,-0.56115714910786,NaN,NaN,NaN,NaN,NaN,NaN,NaN,d2e65164f5640b4b97649714fbbd3e5ab5bc26c3243e44683d98e840ef89b657
/Users/zcm361/Documents/Github/OxygenDynamicsV2/reference-validation/phase1-optimized-20260909/FB2312-baseline-awake/Recording,sink,14,2,59,1123,1136,1133,1135,1058,20,20,0,0,0,5116.54796786389,5116.54796786389,valid,valid,0.0668646171095667,0.0668646171095667,0,1,0,Awake_immobile,-0.271081547144268,-0.302377532061435,1133,-6.68646171095667,-0.926431202278991,-5.7600305086777,-294.714717318385,-0.542100953766598,-0.39889962694556,d2e65164f5640b4b97649714fbbd3e5ab5bc26c3243e44683d98e840ef89b657
/Users/zcm361/Documents/Github/OxygenDynamicsV2/reference-validation/phase1-optimized-20260909/FB2312-baseline-awake/Recording,sink,14,3,60,1178,1186,1182,1184,255,20,20,0,0,0,4589.99215686274,4589.99215686274,valid,valid,0.0999574521892471,0.0999574521892471,0,1,0,Awake_immobile,-0.357672671827615,-0.393713039230689,1182,-9.99574521892471,-0.652544001962316,-9.34320121696242,-428.852189606311,-0.689388358983909,-0.548905636931053,d2e65164f5640b4b97649714fbbd3e5ab5bc26c3243e44683d98e840ef89b657
/Users/zcm361/Documents/Github/OxygenDynamicsV2/reference-validation/phase1-optimized-20260909/FB2312-baseline-awake/Recording,sink,15,1,61,67,151,67,85,2272,20,20,0,0,0,5159.21241197183,5159.21241197183,valid,valid,0.111547658329565,0.111547658329565,0,1,0,Awake_immobile,-0.413397233566112,-0.46349666007797,73,-11.1547658329565,3.88354099620926,-15.0383068291657,-775.858197746814,-1.91919546332291,-1.09305066997484,d2e65164f5640b4b97649714fbbd3e5ab5bc26c3243e44683d98e840ef89b657
/Users/zcm361/Documents/Github/OxygenDynamicsV2/reference-validation/phase1-optimized-20260909/FB2312-baseline-awake/Recording,sink,16,1,62,43,84,68,75,604,20,15,0,5,0,NaN,NaN,insufficient_clean_prebaseline,insufficient_clean_prebaseline,NaN,NaN,NaN,1,0,Awake_immobile,-0.495881484355778,-0.617736055781935,NaN,NaN,NaN,NaN,NaN,NaN,NaN,d2e65164f5640b4b97649714fbbd3e5ab5bc26c3243e44683d98e840ef89b657
/Users/zcm361/Documents/Github/OxygenDynamicsV2/reference-validation/phase1-optimized-20260909/FB2312-baseline-awake/Recording,sink,16,2,63,96,138,117,119,245,20,20,0,0,0,4176.41816326531,4176.41816326531,valid,valid,0.0466716206236486,0.0466716206236486,0,1,0,Awake_immobile,-0.473535317202815,-0.618564244467436,117,-4.66716206236486,7.48612110014022,-12.1532831625051,-507.571912517937,-0.985011189725195,-0.624234050013427,d2e65164f5640b4b97649714fbbd3e5ab5bc26c3243e44683d98e840ef89b657
/Users/zcm361/Documents/Github/OxygenDynamicsV2/reference-validation/phase1-optimized-20260909/FB2312-baseline-awake/Recording,sink,16,3,64,270,321,280,289,643,20,20,0,0,0,5569.85497667185,5569.85497667185,valid,valid,0.128272910434118,0.128272910434118,0,1,0,Awake_immobile,-0.558385394272484,-0.710013498670591,281,-12.8272910434118,2.09414784082963,-14.9214388842414,-831.102508022848,-1.37007749243619,-0.888875379686881,d2e65164f5640b4b97649714fbbd3e5ab5bc26c3243e44683d98e840ef89b657
/Users/zcm361/Documents/Github/OxygenDynamicsV2/reference-validation/phase1-optimized-20260909/FB2312-baseline-awake/Recording,sink,17,1,65,468,491,484,487,154,20,20,0,0,0,4623.2474025974,4623.2474025974,valid,valid,0.386474425338573,0.386474425338573,0,1,0,Awake_immobile,-0.830902060276115,-1.29108546161533,472,-38.6474425338573,0.58946702163747,-39.2369095554948,-1814.01939736899,-2.87719574836501,-2.07517704093015,d2e65164f5640b4b97649714fbbd3e5ab5bc26c3243e44683d98e840ef89b657
/Users/zcm361/Documents/Github/OxygenDynamicsV2/reference-validation/phase1-optimized-20260909/FB2312-baseline-awake/Recording,sink,17,2,66,491,572,541,546,394,20,16,0,4,0,NaN,NaN,insufficient_clean_prebaseline,insufficient_clean_prebaseline,NaN,NaN,NaN,1,0,Awake_immobile,-0.693031126195202,-0.950478959301749,NaN,NaN,NaN,NaN,NaN,NaN,NaN,d2e65164f5640b4b97649714fbbd3e5ab5bc26c3243e44683d98e840ef89b657
/Users/zcm361/Documents/Github/OxygenDynamicsV2/reference-validation/phase1-optimized-20260909/FB2312-baseline-awake/Recording,sink,17,3,67,572,614,577,582,853,20,20,0,0,0,4809.12145369285,4809.12145369285,valid,valid,0.193358283640657,0.193358283640657,0,1,0,Awake_immobile,-0.663028385776964,-0.773029767422853,579,-19.3358283640657,0.21708933787783,-19.5529177019435,-940.323568915203,-1.52729926055793,-1.13561008134706,d2e65164f5640b4b97649714fbbd3e5ab5bc26c3243e44683d98e840ef89b657
/Users/zcm361/Documents/Github/OxygenDynamicsV2/reference-validation/phase1-optimized-20260909/FB2312-baseline-awake/Recording,sink,17,4,68,638,691,640,650,1210,20,20,0,0,0,4709.87276859504,4709.87276859504,valid,valid,0.250261195225738,0.250261195225738,0,1,0,Awake_immobile,-0.617706141148251,-0.727298846130566,643,-25.0261195225738,0.050312877957985,-25.0764324005318,-1181.06806269874,-1.58622017986854,-1.17569726445729,d2e65164f5640b4b97649714fbbd3e5ab5bc26c3243e44683d98e840ef89b657
/Users/zcm361/Documents/Github/OxygenDynamicsV2/reference-validation/phase1-optimized-20260909/FB2312-baseline-awake/Recording,sink,17,5,69,638,691,677,682,773,20,20,0,0,0,4872.98001293661,4872.98001293661,valid,valid,0.256851988333747,0.256851988333747,0,1,0,Awake_immobile,-0.770690010687872,-0.933796669360767,643,-25.6851988333747,0.0509610264183862,-25.7361598597931,-1254.11792570166,-1.7257846470778,-1.2501999308053,d2e65164f5640b4b97649714fbbd3e5ab5bc26c3243e44683d98e840ef89b657
/Users/zcm361/Documents/Github/OxygenDynamicsV2/reference-validation/phase1-optimized-20260909/FB2312-baseline-awake/Recording,sink,17,6,70,1062,1073,1065,1071,404,20,20,0,0,0,3647.46547029703,3647.46547029703,valid,valid,0.0432641735728534,0.0432641735728534,0,1,0,Awake_immobile,-0.209779276042291,-0.30973208632544,1069,-4.32641735728534,-0.511789482555279,-3.81462787473009,-139.137239935847,-0.260212399388373,-0.233217355590275,d2e65164f5640b4b97649714fbbd3e5ab5bc26c3243e44683d98e840ef89b657
/Users/zcm361/Documents/Github/OxygenDynamicsV2/reference-validation/phase1-optimized-20260909/FB2312-baseline-awake/Recording,sink,17,7,71,1196,1200,1198,1200,351,20,20,0,0,0,4596.98974358974,4596.98974358974,valid,valid,0.0968801954753743,0.0968801954753743,0,1,0,Awake_immobile,-0.307082379702036,-0.498321380804524,1199,-9.68801954753743,-0.352529428006117,-9.33549011953128,-429.151532208478,-0.888488698107871,-0.570683486345813,d2e65164f5640b4b97649714fbbd3e5ab5bc26c3243e44683d98e840ef89b657
/Users/zcm361/Documents/Github/OxygenDynamicsV2/reference-validation/phase1-optimized-20260909/FB2312-baseline-awake/Recording,sink,18,1,72,202,218,204,209,254,20,20,0,0,0,2905.06023622047,2905.06023622047,valid,valid,0.280084587672366,0.280084587672366,0,1,0,Awake_immobile,-0.776063497063369,-1.05938301463908,205,-28.0084587672366,1.76733465643356,-29.7757934236702,-865.004730104461,-1.57830972339749,-1.29292307021958,d2e65164f5640b4b97649714fbbd3e5ab5bc26c3243e44683d98e840ef89b657
/Users/zcm361/Documents/Github/OxygenDynamicsV2/reference-validation/phase1-optimized-20260909/FB2312-baseline-awake/Recording,sink,18,2,73,306,322,313,321,194,20,20,0,0,0,3173.12087628866,3173.12087628866,valid,valid,0.184979112160627,0.184979112160627,0,1,0,Awake_immobile,-0.614000993103369,-0.958622053032341,314,-18.4979112160627,1.76497785876597,-20.2628890748287,-642.965956414606,-0.959154013850028,-0.75777660622377,d2e65164f5640b4b97649714fbbd3e5ab5bc26c3243e44683d98e840ef89b657
/Users/zcm361/Documents/Github/OxygenDynamicsV2/reference-validation/phase1-optimized-20260909/FB2312-baseline-awake/Recording,sink,18,3,74,576,591,578,584,306,20,20,0,0,0,3964.73300653595,3964.73300653595,valid,valid,0.192416504239214,0.192416504239214,0,1,0,Awake_immobile,-0.534206508548389,-0.706146615670717,580,-19.2416504239214,0.23213221668724,-19.4737826406087,-772.083483607473,-1.00150564670138,-0.811346295721338,d2e65164f5640b4b97649714fbbd3e5ab5bc26c3243e44683d98e840ef89b657
/Users/zcm361/Documents/Github/OxygenDynamicsV2/reference-validation/phase1-optimized-20260909/FB2312-baseline-awake/Recording,sink,18,4,75,679,766,703,706,1922,20,20,0,0,0,4216.83108740895,4216.83108740895,valid,valid,0.161222795865982,0.161222795865982,0,1,0,Awake_immobile,-0.560151240665322,-0.609052248089028,721,-16.1222795865982,-0.158548155078225,-15.96373143152,-673.163592300653,-0.508894955655242,-0.407180464325668,d2e65164f5640b4b97649714fbbd3e5ab5bc26c3243e44683d98e840ef89b657
/Users/zcm361/Documents/Github/OxygenDynamicsV2/reference-validation/phase1-optimized-20260909/FB2312-baseline-awake/Recording,sink,18,5,76,679,766,726,734,2606,20,20,0,0,0,3810.32954719877,3810.32954719877,valid,valid,0.147889867737241,0.147889867737241,0,1,0,Awake_immobile,-0.361845074087992,-0.387339205038001,721,-14.7889867737241,0.0227740143901347,-14.8117607881143,-564.376902109352,-0.302828741470026,-0.21526101576888,d2e65164f5640b4b97649714fbbd3e5ab5bc26c3243e44683d98e840ef89b657
/Users/zcm361/Documents/Github/OxygenDynamicsV2/reference-validation/phase1-optimized-20260909/FB2312-baseline-awake/Recording,sink,18,6,77,796,806,799,804,944,20,20,0,0,0,3255.26387711864,3255.26387711864,valid,valid,0.108937997456597,0.108937997456597,0,1,0,Awake_immobile,-0.21044754246714,-0.310971203147113,799,-10.8937997456597,-0.196861774844627,-10.696937970815,-348.213559244447,-0.365275089177709,-0.307420222002986,d2e65164f5640b4b97649714fbbd3e5ab5bc26c3243e44683d98e840ef89b657
/Users/zcm361/Documents/Github/OxygenDynamicsV2/reference-validation/phase1-optimized-20260909/FB2312-baseline-awake/Recording,sink,18,7,78,846,858,847,850,416,20,20,0,0,0,3330.86598557692,3330.86598557692,valid,valid,0.212066768412652,0.212066768412652,0,1,0,Awake_immobile,-0.307216362467583,-0.447601385766365,850,-21.2066768412652,-0.211817527267909,-20.9948593139973,-699.310630636949,-1.02269168007471,-0.889602384546752,d2e65164f5640b4b97649714fbbd3e5ab5bc26c3243e44683d98e840ef89b657
/Users/zcm361/Documents/Github/OxygenDynamicsV2/reference-validation/phase1-optimized-20260909/FB2312-baseline-awake/Recording,sink,18,8,79,892,918,893,900,868,20,20,0,0,0,2822.97471198157,2822.97471198157,valid,valid,0.0987539882442127,0.0987539882442127,0,1,0,Awake_immobile,-0.192985402745257,-0.283776715174946,896,-9.87539882442127,-0.212659898508953,-9.66273892591233,-272.776674901725,-0.373572251456874,-0.357766485254255,d2e65164f5640b4b97649714fbbd3e5ab5bc26c3243e44683d98e840ef89b657
/Users/zcm361/Documents/Github/OxygenDynamicsV2/reference-validation/phase1-optimized-20260909/FB2312-baseline-awake/Recording,sink,18,9,80,957,1026,963,967,1122,20,20,0,0,0,3412.46265597148,3412.46265597148,valid,valid,0.0980327404809114,0.0980327404809114,0,1,0,Awake_immobile,-0.357657790898533,-0.451680222661538,966,-9.80327404809114,-0.437415706395157,-9.36585834169597,-319.606419217523,-0.614628510119372,-0.565121778945973,d2e65164f5640b4b97649714fbbd3e5ab5bc26c3243e44683d98e840ef89b657
/Users/zcm361/Documents/Github/OxygenDynamicsV2/reference-validation/phase1-optimized-20260909/FB2312-baseline-awake/Recording,sink,18,10,81,1054,1079,1062,1073,1514,20,20,0,0,0,2873.67817040951,2873.67817040951,valid,valid,0.029083212401084,0.029083212401084,0,1,0,Awake_immobile,-0.160541700339236,-0.201487521497052,1063,-2.90832124010841,-0.539026111838237,-2.36929512827014,-68.0859127956778,-0.165804071296794,-0.154873067536123,d2e65164f5640b4b97649714fbbd3e5ab5bc26c3243e44683d98e840ef89b657
/Users/zcm361/Documents/Github/OxygenDynamicsV2/reference-validation/phase1-optimized-20260909/FB2312-baseline-awake/Recording,sink,18,11,82,1089,1101,1095,1098,701,20,20,0,0,0,3474.52054208274,3474.52054208274,valid,valid,0.0458253068630166,0.0458253068630166,0,1,0,Awake_immobile,-0.179513017865808,-0.216964033787021,1096,-4.58253068630165,-0.730897409678888,-3.85163327662274,-133.825788807563,-0.261235481217588,-0.240592292817162,d2e65164f5640b4b97649714fbbd3e5ab5bc26c3243e44683d98e840ef89b657
/Users/zcm361/Documents/Github/OxygenDynamicsV2/reference-validation/phase1-optimized-20260909/FB2312-baseline-awake/Recording,sink,18,12,83,1128,1132,1128,1131,1471,20,20,0,0,0,2708.38239292998,2708.38239292998,valid,valid,0.0372121900171195,0.0372121900171195,0,1,0,Awake_immobile,-0.165870481122032,-0.223218098667495,1131,-3.72121900171195,-0.150017698783179,-3.57120130292879,-96.7217865259934,-0.177129453521946,-0.166720362690168,d2e65164f5640b4b97649714fbbd3e5ab5bc26c3243e44683d98e840ef89b657
/Users/zcm361/Documents/Github/OxygenDynamicsV2/reference-validation/phase1-optimized-20260909/FB2312-baseline-awake/Recording,sink,18,13,84,1167,1190,1177,1179,654,20,20,0,0,0,3761.06834862385,3761.06834862385,valid,valid,0.109456626429466,0.109456626429466,0,1,0,Awake_immobile,-0.288439654022224,-0.347169053388778,1172,-10.9456626429466,-0.528828029853588,-10.416834613093,-391.784274749289,-0.464940353578579,-0.401351649534936,d2e65164f5640b4b97649714fbbd3e5ab5bc26c3243e44683d98e840ef89b657
/Users/zcm361/Documents/Github/OxygenDynamicsV2/reference-validation/phase1-optimized-20260909/FB2312-baseline-awake/Recording,sink,19,1,85,97,115,100,106,1128,20,20,0,0,0,4286.17194148936,4286.17194148936,valid,valid,0.133051975376158,0.133051975376158,0,1,0,Awake_immobile,-0.702321203983188,-0.848371357037508,103,-13.3051975376158,2.68885553189688,-15.9940530695126,-685.532604888483,-1.65965971312133,-1.22182775616661,d2e65164f5640b4b97649714fbbd3e5ab5bc26c3243e44683d98e840ef89b657
/Users/zcm361/Documents/Github/OxygenDynamicsV2/reference-validation/phase1-optimized-20260909/FB2312-baseline-awake/Recording,sink,20,1,86,395,539,415,418,559,20,18,0,2,0,NaN,NaN,insufficient_clean_prebaseline,insufficient_clean_prebaseline,NaN,NaN,NaN,1,0,Awake_immobile,-0.414539590078091,-0.531246415842623,NaN,NaN,NaN,NaN,NaN,NaN,NaN,d2e65164f5640b4b97649714fbbd3e5ab5bc26c3243e44683d98e840ef89b657
/Users/zcm361/Documents/Github/OxygenDynamicsV2/reference-validation/phase1-optimized-20260909/FB2312-baseline-awake/Recording,sink,20,2,87,539,576,546,561,784,20,10,0,10,0,NaN,NaN,insufficient_clean_prebaseline,insufficient_clean_prebaseline,NaN,NaN,NaN,1,0,Awake_immobile,-0.501616766289048,-0.599783921620698,NaN,NaN,NaN,NaN,NaN,NaN,NaN,d2e65164f5640b4b97649714fbbd3e5ab5bc26c3243e44683d98e840ef89b657
/Users/zcm361/Documents/Github/OxygenDynamicsV2/reference-validation/phase1-optimized-20260909/FB2312-baseline-awake/Recording,sink,20,3,88,639,675,646,658,632,20,20,0,0,0,5912.26384493671,5912.26384493671,valid,valid,0.151145745845952,0.151145745845952,0,1,0,Awake_immobile,-0.388761735310871,-0.408685656032056,642,-15.1145745845952,0.0997843506117357,-15.2143589352069,-899.513049374351,-0.856228733160715,-0.544727612676231,d2e65164f5640b4b97649714fbbd3e5ab5bc26c3243e44683d98e840ef89b657
/Users/zcm361/Documents/Github/OxygenDynamicsV2/reference-validation/phase1-optimized-20260909/FB2312-baseline-awake/Recording,sink,20,4,89,1110,1127,1119,1127,652,20,20,0,0,0,5869.95222392638,5869.95222392638,valid,valid,0.0989360301045498,0.0989360301045498,0,1,0,Awake_immobile,-0.211705811184851,-0.269921100237909,1113,-9.89360301045498,-1.09745720592957,-8.79614580452543,-516.329552567371,-0.941046811488392,-0.610216240683775,d2e65164f5640b4b97649714fbbd3e5ab5bc26c3243e44683d98e840ef89b657
/Users/zcm361/Documents/Github/OxygenDynamicsV2/reference-validation/phase1-optimized-20260909/FB2312-baseline-awake/Recording,sink,21,1,90,103,167,125,132,1102,20,20,0,0,0,2448.8582123412,2448.8582123412,valid,valid,0.087361632939978,0.087361632939978,0,1,0,Awake_immobile,-0.369654034940482,-0.421072749696893,116,-8.7361632939978,5.2891996518197,-14.0253629458175,-343.461260210927,-0.543484030209007,-0.46264942667733,d2e65164f5640b4b97649714fbbd3e5ab5bc26c3243e44683d98e840ef89b657
/Users/zcm361/Documents/Github/OxygenDynamicsV2/reference-validation/phase1-optimized-20260909/FB2312-baseline-awake/Recording,sink,21,2,91,319,369,349,352,606,20,20,0,0,0,3179.71080858086,3179.71080858086,valid,valid,0.108020258915237,0.108020258915237,0,1,0,Awake_immobile,-0.482294607704671,-0.559345825450839,325,-10.8020258915237,1.49556127857722,-12.2975871701009,-391.027702658877,-0.543969279923032,-0.472492090029214,d2e65164f5640b4b97649714fbbd3e5ab5bc26c3243e44683d98e840ef89b657
/Users/zcm361/Documents/Github/OxygenDynamicsV2/reference-validation/phase1-optimized-20260909/FB2312-baseline-awake/Recording,sink,21,3,92,653,684,675,681,465,20,20,0,0,0,3391.13731182796,3391.13731182796,valid,valid,0.204962385030404,0.204962385030404,0,1,0,Awake_immobile,-0.645435097603022,-0.816328322474212,678,-20.4962385030404,0.458432201233634,-20.954670704274,-710.60165914556,-1.23553391264082,-1.07538252646281,d2e65164f5640b4b97649714fbbd3e5ab5bc26c3243e44683d98e840ef89b657
/Users/zcm361/Documents/Github/OxygenDynamicsV2/reference-validation/phase1-optimized-20260909/FB2312-baseline-awake/Recording,sink,21,4,93,687,743,714,718,584,20,13,0,7,0,NaN,NaN,insufficient_clean_prebaseline,insufficient_clean_prebaseline,NaN,NaN,NaN,1,0,Awake_immobile,-0.657830730427618,-0.821809581156957,NaN,NaN,NaN,NaN,NaN,NaN,NaN,d2e65164f5640b4b97649714fbbd3e5ab5bc26c3243e44683d98e840ef89b657
/Users/zcm361/Documents/Github/OxygenDynamicsV2/reference-validation/phase1-optimized-20260909/FB2312-baseline-awake/Recording,sink,21,5,94,874,885,880,882,268,20,20,0,0,0,3764.21716417911,3764.21716417911,valid,valid,0.117075739321431,0.117075739321431,0,1,0,Awake_immobile,-0.34443449366152,-0.485611050317889,881,-11.7075739321431,-0.407953647137858,-11.2996202850052,-425.342246804309,-0.541480042061394,-0.465461616416193,d2e65164f5640b4b97649714fbbd3e5ab5bc26c3243e44683d98e840ef89b657
/Users/zcm361/Documents/Github/OxygenDynamicsV2/reference-validation/phase1-optimized-20260909/FB2312-baseline-awake/Recording,sink,21,6,95,898,1025,960,983,1968,20,17,0,3,0,NaN,NaN,insufficient_clean_prebaseline,insufficient_clean_prebaseline,NaN,NaN,NaN,1,0,Awake_immobile,-0.317619958647421,-0.341661105131281,NaN,NaN,NaN,NaN,NaN,NaN,NaN,d2e65164f5640b4b97649714fbbd3e5ab5bc26c3243e44683d98e840ef89b657
/Users/zcm361/Documents/Github/OxygenDynamicsV2/reference-validation/phase1-optimized-20260909/FB2312-baseline-awake/Recording,sink,21,7,96,1036,1079,1039,1050,1185,20,20,0,0,0,2824.16573839662,2824.16573839662,valid,valid,0.122403019342047,0.122403019342047,0,1,0,Awake_immobile,-0.311706609163761,-0.346259111425792,1052,-12.2403019342047,-1.18051092365262,-11.0597910105521,-312.346828175476,-0.127517784107009,-0.105800919461173,d2e65164f5640b4b97649714fbbd3e5ab5bc26c3243e44683d98e840ef89b657
/Users/zcm361/Documents/Github/OxygenDynamicsV2/reference-validation/phase1-optimized-20260909/FB2312-baseline-awake/Recording,sink,21,8,97,1098,1124,1108,1118,900,20,20,0,0,0,2656.57022222222,2656.57022222222,valid,valid,0.0868108470018902,0.0868108470018902,0,1,0,Awake_immobile,-0.269193040243811,-0.326909682854742,1113,-8.68108470018902,-1.46557464024754,-7.21551005994151,-191.685093417697,-0.226381560976421,-0.207274764888226,d2e65164f5640b4b97649714fbbd3e5ab5bc26c3243e44683d98e840ef89b657
/Users/zcm361/Documents/Github/OxygenDynamicsV2/reference-validation/phase1-optimized-20260909/FB2312-baseline-awake/Recording,sink,21,9,98,1156,1181,1159,1163,373,20,20,0,0,0,3351.92627345845,3351.92627345845,valid,valid,0.108674656683744,0.108674656683744,0,1,0,Awake_immobile,-0.281147986350846,-0.393825163488244,1160,-10.8674656683744,-0.646819035034275,-10.2206466333402,-342.588540804866,-0.72232121432289,-0.656682339994095,d2e65164f5640b4b97649714fbbd3e5ab5bc26c3243e44683d98e840ef89b657
/Users/zcm361/Documents/Github/OxygenDynamicsV2/reference-validation/phase1-optimized-20260909/FB2312-baseline-awake/Recording,sink,22,1,99,111,150,113,118,403,20,20,0,0,0,5675.13126550868,5675.13126550868,valid,valid,0.084811234457733,0.084811234457733,0,1,0,Awake_immobile,-0.551290605492224,-0.688258119995943,116,-8.4811234457733,2.90518342232193,-11.3863068680953,-646.187870663626,-1.28427830884017,-0.73130222935274,d2e65164f5640b4b97649714fbbd3e5ab5bc26c3243e44683d98e840ef89b657
/Users/zcm361/Documents/Github/OxygenDynamicsV2/reference-validation/phase1-optimized-20260909/FB2312-baseline-awake/Recording,sink,22,2,100,111,150,139,142,252,20,20,0,0,0,5585.29404761905,5585.29404761905,valid,valid,0.0848785795975981,0.0848785795975981,0,1,0,Awake_immobile,-0.565827387665945,-0.750799880939234,115,-8.48785795975981,2.79013056828061,-11.2779885280404,-629.908819919162,-1.39028158414266,-0.78751986381133,d2e65164f5640b4b97649714fbbd3e5ab5bc26c3243e44683d98e840ef89b657
/Users/zcm361/Documents/Github/OxygenDynamicsV2/reference-validation/phase1-optimized-20260909/FB2312-baseline-awake/Recording,sink,23,1,101,1115,1130,1117,1120,688,20,20,0,0,0,4723.70675872093,4723.70675872093,valid,valid,0.06220056384634,0.06220056384634,0,1,0,Awake_immobile,-0.262426764114427,-0.348576140248314,1120,-6.220056384634,-0.46346812213655,-5.75658826249744,-271.9243499401,-0.307816147613436,-0.231472625926206,d2e65164f5640b4b97649714fbbd3e5ab5bc26c3243e44683d98e840ef89b657
/Users/zcm361/Documents/Github/OxygenDynamicsV2/reference-validation/phase1-optimized-20260909/FB2312-baseline-awake/Recording,sink,24,1,102,398,414,407,414,431,20,12,0,8,0,NaN,NaN,insufficient_clean_prebaseline,insufficient_clean_prebaseline,NaN,NaN,NaN,1,0,Awake_immobile,-0.377171173843009,-0.517088644663888,NaN,NaN,NaN,NaN,NaN,NaN,NaN,d2e65164f5640b4b97649714fbbd3e5ab5bc26c3243e44683d98e840ef89b657
/Users/zcm361/Documents/Github/OxygenDynamicsV2/reference-validation/phase1-optimized-20260909/FB2312-baseline-awake/Recording,sink,24,2,103,894,907,901,903,2453,20,20,0,0,0,6665.19033836119,6665.19033836119,valid,valid,0.0604344532823237,0.0604344532823237,0,1,0,Awake_immobile,-0.418760862753741,-0.45904382079054,902,-6.04344532823237,-0.705856248599778,-5.33758907963259,-355.760463374029,-0.685294975715751,-0.430701391535161,d2e65164f5640b4b97649714fbbd3e5ab5bc26c3243e44683d98e840ef89b657
/Users/zcm361/Documents/Github/OxygenDynamicsV2/reference-validation/phase1-optimized-20260909/FB2312-baseline-awake/Recording,sink,25,1,104,106,154,125,132,315,20,20,0,0,0,4197.40666666667,4197.40666666667,valid,valid,0.0527378545376961,0.0527378545376961,0,1,0,Awake_immobile,-0.403547529485964,-0.552408156698729,125,-5.27378545376961,5.81888675663919,-11.0926722104088,-465.604565914093,-0.932361676220011,-0.600894977274747,d2e65164f5640b4b97649714fbbd3e5ab5bc26c3243e44683d98e840ef89b657
/Users/zcm361/Documents/Github/OxygenDynamicsV2/reference-validation/phase1-optimized-20260909/FB2312-baseline-awake/Recording,sink,25,2,105,762,792,767,772,859,20,17,0,3,0,NaN,NaN,insufficient_clean_prebaseline,insufficient_clean_prebaseline,NaN,NaN,NaN,1,0,Awake_immobile,-0.404173605588543,-0.496484991104141,NaN,NaN,NaN,NaN,NaN,NaN,NaN,d2e65164f5640b4b97649714fbbd3e5ab5bc26c3243e44683d98e840ef89b657
/Users/zcm361/Documents/Github/OxygenDynamicsV2/reference-validation/phase1-optimized-20260909/FB2312-baseline-awake/Recording,sink,25,3,106,792,810,797,800,424,20,19,0,1,0,NaN,NaN,insufficient_clean_prebaseline,insufficient_clean_prebaseline,NaN,NaN,NaN,1,0,Awake_immobile,-0.26439316900346,-0.343904494729117,NaN,NaN,NaN,NaN,NaN,NaN,NaN,d2e65164f5640b4b97649714fbbd3e5ab5bc26c3243e44683d98e840ef89b657
/Users/zcm361/Documents/Github/OxygenDynamicsV2/reference-validation/phase1-optimized-20260909/FB2312-baseline-awake/Recording,sink,26,1,107,286,384,310,312,469,20,15,0,5,0,NaN,NaN,insufficient_clean_prebaseline,insufficient_clean_prebaseline,NaN,NaN,NaN,1,0,Awake_immobile,-0.419821440675789,-0.532050489439075,NaN,NaN,NaN,NaN,NaN,NaN,NaN,d2e65164f5640b4b97649714fbbd3e5ab5bc26c3243e44683d98e840ef89b657
/Users/zcm361/Documents/Github/OxygenDynamicsV2/reference-validation/phase1-optimized-20260909/FB2312-baseline-awake/Recording,sink,26,2,108,286,384,332,334,285,20,15,0,5,0,NaN,NaN,insufficient_clean_prebaseline,insufficient_clean_prebaseline,NaN,NaN,NaN,1,0,Awake_immobile,-0.437109467840334,-0.709785523696507,NaN,NaN,NaN,NaN,NaN,NaN,NaN,d2e65164f5640b4b97649714fbbd3e5ab5bc26c3243e44683d98e840ef89b657
/Users/zcm361/Documents/Github/OxygenDynamicsV2/reference-validation/phase1-optimized-20260909/FB2312-baseline-awake/Recording,sink,27,1,109,713,771,739,741,389,20,20,0,0,0,4238.42313624679,4238.42313624679,valid,valid,0.123137539752925,0.123137539752925,0,1,0,Awake_immobile,-0.444775938604669,-0.602372629531669,721,-12.3137539752925,0.168104251129147,-12.4818582264216,-529.033974615651,-0.332697116283741,-0.288441750127342,d2e65164f5640b4b97649714fbbd3e5ab5bc26c3243e44683d98e840ef89b657
/Users/zcm361/Documents/Github/OxygenDynamicsV2/reference-validation/phase1-optimized-20260909/FB2312-baseline-awake/Recording,sink,27,2,110,988,1021,998,1000,524,20,20,0,0,0,4595.74036259542,4595.74036259542,valid,valid,0.0497980010073632,0.0497980010073632,0,1,0,Awake_immobile,-0.302012350628243,-0.403503793389686,1003,-4.97980010073632,-0.653089484076209,-4.32671061666011,-198.844381364429,-0.102541995437651,-0.0886357260120627,d2e65164f5640b4b97649714fbbd3e5ab5bc26c3243e44683d98e840ef89b657
/Users/zcm361/Documents/Github/OxygenDynamicsV2/reference-validation/phase1-optimized-20260909/FB2312-baseline-awake/Recording,sink,27,3,111,1021,1069,1030,1033,581,20,20,0,0,0,4030.16179001721,4030.16179001721,valid,valid,0.113205331228721,0.113205331228721,0,1,0,Awake_immobile,-0.312668313485492,-0.354054004932944,1044,-11.3205331228721,-0.740759570958443,-10.5797735519136,-426.381987317294,-0.506202708813584,-0.457302386484593,d2e65164f5640b4b97649714fbbd3e5ab5bc26c3243e44683d98e840ef89b657
/Users/zcm361/Documents/Github/OxygenDynamicsV2/reference-validation/phase1-optimized-20260909/FB2312-baseline-awake/Recording,sink,27,4,112,1145,1167,1159,1162,627,20,20,0,0,0,3423.43133971292,3423.43133971292,valid,valid,0.0636165823069084,0.0636165823069084,0,1,0,Awake_immobile,-0.286973687316599,-0.371561857803756,1161,-6.36165823069084,-1.02045874912636,-5.34119948156446,-182.852293247545,-0.438104091579589,-0.433241443196915,d2e65164f5640b4b97649714fbbd3e5ab5bc26c3243e44683d98e840ef89b657
/Users/zcm361/Documents/Github/OxygenDynamicsV2/reference-validation/phase1-optimized-20260909/FB2312-baseline-awake/Recording,sink,28,1,113,134,212,166,177,1078,20,20,0,0,0,1755.41428571429,1755.41428571429,valid,valid,0.190540414427328,0.190540414427328,0,1,0,Awake_immobile,-0.606026194281461,-0.671308711748146,166,-19.0540414427328,3.04497985486404,-22.0990212975968,-387.92937885065,-0.769802107628045,-0.976274939487385,d2e65164f5640b4b97649714fbbd3e5ab5bc26c3243e44683d98e840ef89b657
/Users/zcm361/Documents/Github/OxygenDynamicsV2/reference-validation/phase1-optimized-20260909/FB2312-baseline-awake/Recording,sink,28,2,114,134,212,204,207,350,20,20,0,0,0,1971.70914285714,1971.70914285714,valid,valid,0.194450876701316,0.194450876701316,0,1,0,Awake_immobile,-0.655767653371607,-0.756031055494345,205,-19.4450876701316,7.85061543891939,-27.295703109051,-538.191869594029,-0.992722372477972,-1.02488941578786,d2e65164f5640b4b97649714fbbd3e5ab5bc26c3243e44683d98e840ef89b657
/Users/zcm361/Documents/Github/OxygenDynamicsV2/reference-validation/phase1-optimized-20260909/FB2312-baseline-awake/Recording,sink,28,3,115,336,479,401,406,418,20,20,0,0,0,1973.49425837321,1973.49425837321,valid,valid,0.258220730576979,0.258220730576979,0,1,0,Awake_immobile,-0.634864283080972,-0.808541996455878,429,-25.8220730576979,3.70138035390474,-29.5234534116027,-582.643659221156,-0.962946945632194,-1.11236455161547,d2e65164f5640b4b97649714fbbd3e5ab5bc26c3243e44683d98e840ef89b657
/Users/zcm361/Documents/Github/OxygenDynamicsV2/reference-validation/phase1-optimized-20260909/FB2312-baseline-awake/Recording,sink,28,4,116,336,479,427,433,628,20,20,0,0,0,2003.20525477707,2003.20525477707,valid,valid,0.215270368054254,0.215270368054254,0,1,0,Awake_immobile,-0.77480988043468,-0.968512833443463,429,-21.5270368054254,4.26772260215372,-25.7947594075791,-516.72197445426,-0.831850130106957,-0.932801295766174,d2e65164f5640b4b97649714fbbd3e5ab5bc26c3243e44683d98e840ef89b657
/Users/zcm361/Documents/Github/OxygenDynamicsV2/reference-validation/phase1-optimized-20260909/FB2312-baseline-awake/Recording,sink,28,5,117,336,479,469,476,680,20,20,0,0,0,1964.57794117647,1964.57794117647,valid,valid,0.204164492747657,0.204164492747657,0,1,0,Awake_immobile,-0.669279867076479,-0.802783228915373,429,-20.4164492747657,4.14496310366999,-24.5614123784356,-482.528090093276,-0.767799289615884,-0.880284334309492,d2e65164f5640b4b97649714fbbd3e5ab5bc26c3243e44683d98e840ef89b657
/Users/zcm361/Documents/Github/OxygenDynamicsV2/reference-validation/phase1-optimized-20260909/FB2312-baseline-awake/Recording,sink,28,6,118,537,553,540,543,201,20,12,0,8,0,NaN,NaN,insufficient_clean_prebaseline,insufficient_clean_prebaseline,NaN,NaN,NaN,1,0,Awake_immobile,-0.812668928533644,-1.03489267533362,NaN,NaN,NaN,NaN,NaN,NaN,NaN,d2e65164f5640b4b97649714fbbd3e5ab5bc26c3243e44683d98e840ef89b657
/Users/zcm361/Documents/Github/OxygenDynamicsV2/reference-validation/phase1-optimized-20260909/FB2312-baseline-awake/Recording,sink,28,7,119,557,582,574,579,813,20,16,0,4,0,NaN,NaN,insufficient_clean_prebaseline,insufficient_clean_prebaseline,NaN,NaN,NaN,1,0,Awake_immobile,-0.770396911154618,-0.931182541573647,NaN,NaN,NaN,NaN,NaN,NaN,NaN,d2e65164f5640b4b97649714fbbd3e5ab5bc26c3243e44683d98e840ef89b657
/Users/zcm361/Documents/Github/OxygenDynamicsV2/reference-validation/phase1-optimized-20260909/FB2312-baseline-awake/Recording,sink,28,8,120,659,693,659,669,433,20,20,0,0,0,1824.51766743649,1824.51766743649,valid,valid,0.0993260074493414,0.0993260074493414,0,1,0,Awake_immobile,-0.446394658730188,-0.639151434765754,678,-9.93260074493414,0.035499693709135,-9.96810043864327,-181.869749764317,-0.320617009730379,-0.357769714243461,d2e65164f5640b4b97649714fbbd3e5ab5bc26c3243e44683d98e840ef89b657
/Users/zcm361/Documents/Github/OxygenDynamicsV2/reference-validation/phase1-optimized-20260909/FB2312-baseline-awake/Recording,sink,28,9,121,706,719,711,718,1399,20,20,0,0,0,1971.82498213009,1971.82498213009,valid,valid,0.138190922394346,0.138190922394346,0,1,0,Awake_immobile,-0.542149710240211,-0.648703872452701,715,-13.8190922394346,-0.21412660965082,-13.6049656297838,-268.266110781383,-0.514932149907286,-0.59279930227301,d2e65164f5640b4b97649714fbbd3e5ab5bc26c3243e44683d98e840ef89b657
/Users/zcm361/Documents/Github/OxygenDynamicsV2/reference-validation/phase1-optimized-20260909/FB2312-baseline-awake/Recording,sink,28,10,122,921,961,936,941,1205,20,20,0,0,0,2303.15580912863,2303.15580912863,valid,valid,0.165800199635877,0.165800199635877,0,1,0,Awake_immobile,-0.416929107593736,-0.469896258735476,934,-16.5800199635877,-0.536303311873252,-16.0437166517145,-369.511795380778,-0.134092626599585,-0.101954273892918,d2e65164f5640b4b97649714fbbd3e5ab5bc26c3243e44683d98e840ef89b657
/Users/zcm361/Documents/Github/OxygenDynamicsV2/reference-validation/phase1-optimized-20260909/FB2312-baseline-awake/Recording,sink,28,11,123,966,1019,976,999,2318,20,14,0,6,0,NaN,NaN,insufficient_clean_prebaseline,insufficient_clean_prebaseline,NaN,NaN,NaN,1,0,Awake_immobile,-0.293024538839467,-0.321198957331829,NaN,NaN,NaN,NaN,NaN,NaN,NaN,d2e65164f5640b4b97649714fbbd3e5ab5bc26c3243e44683d98e840ef89b657
/Users/zcm361/Documents/Github/OxygenDynamicsV2/reference-validation/phase1-optimized-20260909/FB2312-baseline-awake/Recording,sink,28,12,124,1080,1097,1093,1096,1224,20,20,0,0,0,1791.8535130719,1791.8535130719,valid,valid,0.0551049236224203,0.0551049236224203,0,1,0,Awake_immobile,-0.187991198801528,-0.257996587662322,1095,-5.51049236224203,-1.14263430169769,-4.36785806054431,-78.2656194125905,-0.217405603229514,-0.306229987369917,d2e65164f5640b4b97649714fbbd3e5ab5bc26c3243e44683d98e840ef89b657
/Users/zcm361/Documents/Github/OxygenDynamicsV2/reference-validation/phase1-optimized-20260909/FB2312-baseline-awake/Recording,sink,29,1,125,154,180,165,168,829,20,20,0,0,0,3607.71942098914,3607.71942098914,valid,valid,0.228707214532677,0.228707214532677,0,1,0,Awake_immobile,-0.741535415672961,-0.875957872423866,167,-22.8707214532677,2.54297416028851,-25.4136956135562,-916.854830759598,-1.79933138909155,-1.36699827484789,d2e65164f5640b4b97649714fbbd3e5ab5bc26c3243e44683d98e840ef89b657
/Users/zcm361/Documents/Github/OxygenDynamicsV2/reference-validation/phase1-optimized-20260909/FB2312-baseline-awake/Recording,sink,29,2,126,321,382,323,326,1169,20,20,0,0,0,4096.37360992301,4096.37360992301,valid,valid,0.195831318808709,0.195831318808709,0,1,0,Awake_immobile,-0.711900387816546,-0.890375058346397,325,-19.5831318808709,0.985240470256146,-20.568372351127,-842.557374341718,-1.46381910563312,-1.05872031039043,d2e65164f5640b4b97649714fbbd3e5ab5bc26c3243e44683d98e840ef89b657
/Users/zcm361/Documents/Github/OxygenDynamicsV2/reference-validation/phase1-optimized-20260909/FB2312-baseline-awake/Recording,sink,29,3,127,386,414,400,407,1977,20,20,0,0,0,3993.07035912999,3993.07035912999,valid,valid,0.193129230037759,0.193129230037759,0,1,0,Awake_immobile,-0.46374995358101,-0.559378937638656,401,-19.3129230037759,1.24476993626413,-20.55769294004,-820.883145658718,-1.39373350914871,-1.09873959592806,d2e65164f5640b4b97649714fbbd3e5ab5bc26c3243e44683d98e840ef89b657
/Users/zcm361/Documents/Github/OxygenDynamicsV2/reference-validation/phase1-optimized-20260909/FB2312-baseline-awake/Recording,sink,29,4,128,433,478,470,475,1155,20,20,0,0,0,4165.15835497836,4165.15835497836,valid,valid,0.226556173196743,0.226556173196743,0,1,0,Awake_immobile,-0.760639512321736,-0.869078535343228,472,-22.6556173196743,2.13036358516353,-24.7859809048378,-1032.37535093365,-1.71968819729239,-1.23958674352905,d2e65164f5640b4b97649714fbbd3e5ab5bc26c3243e44683d98e840ef89b657
/Users/zcm361/Documents/Github/OxygenDynamicsV2/reference-validation/phase1-optimized-20260909/FB2312-baseline-awake/Recording,sink,29,5,129,490,688,539,545,1455,20,14,0,6,0,NaN,NaN,insufficient_clean_prebaseline,insufficient_clean_prebaseline,NaN,NaN,NaN,1,0,Awake_immobile,-0.875751555997423,-1.00673219475935,NaN,NaN,NaN,NaN,NaN,NaN,NaN,d2e65164f5640b4b97649714fbbd3e5ab5bc26c3243e44683d98e840ef89b657
/Users/zcm361/Documents/Github/OxygenDynamicsV2/reference-validation/phase1-optimized-20260909/FB2312-baseline-awake/Recording,sink,29,6,130,490,688,574,578,1240,20,14,0,6,0,NaN,NaN,insufficient_clean_prebaseline,insufficient_clean_prebaseline,NaN,NaN,NaN,1,0,Awake_immobile,-0.888742703540671,-1.07059014276027,NaN,NaN,NaN,NaN,NaN,NaN,NaN,d2e65164f5640b4b97649714fbbd3e5ab5bc26c3243e44683d98e840ef89b657
/Users/zcm361/Documents/Github/OxygenDynamicsV2/reference-validation/phase1-optimized-20260909/FB2312-baseline-awake/Recording,sink,29,7,131,490,688,640,646,950,20,14,0,6,0,NaN,NaN,insufficient_clean_prebaseline,insufficient_clean_prebaseline,NaN,NaN,NaN,1,0,Awake_immobile,-0.656372805659036,-0.730399244035372,NaN,NaN,NaN,NaN,NaN,NaN,NaN,d2e65164f5640b4b97649714fbbd3e5ab5bc26c3243e44683d98e840ef89b657
/Users/zcm361/Documents/Github/OxygenDynamicsV2/reference-validation/phase1-optimized-20260909/FB2312-baseline-awake/Recording,sink,29,8,132,490,688,675,682,995,20,14,0,6,0,NaN,NaN,insufficient_clean_prebaseline,insufficient_clean_prebaseline,NaN,NaN,NaN,1,0,Awake_immobile,-0.58291397756574,-0.652788494211567,NaN,NaN,NaN,NaN,NaN,NaN,NaN,d2e65164f5640b4b97649714fbbd3e5ab5bc26c3243e44683d98e840ef89b657
/Users/zcm361/Documents/Github/OxygenDynamicsV2/reference-validation/phase1-optimized-20260909/FB2312-baseline-awake/Recording,sink,29,9,133,700,720,713,715,686,20,17,0,3,0,NaN,NaN,insufficient_clean_prebaseline,insufficient_clean_prebaseline,NaN,NaN,NaN,1,0,Awake_immobile,-0.705935083307956,-0.799689989611783,NaN,NaN,NaN,NaN,NaN,NaN,NaN,d2e65164f5640b4b97649714fbbd3e5ab5bc26c3243e44683d98e840ef89b657
/Users/zcm361/Documents/Github/OxygenDynamicsV2/reference-validation/phase1-optimized-20260909/FB2312-baseline-awake/Recording,sink,29,10,134,1105,1126,1107,1111,560,20,20,0,0,0,4255.38223214286,4255.38223214286,valid,valid,0.0522330323650418,0.0522330323650418,0,1,0,Awake_immobile,-0.297149336604135,-0.378410362907876,1120,-5.22330323650418,-0.822282668307291,-4.40102056819689,-187.280256990705,-0.0947200901165018,-0.0421055135443203,d2e65164f5640b4b97649714fbbd3e5ab5bc26c3243e44683d98e840ef89b657
/Users/zcm361/Documents/Github/OxygenDynamicsV2/reference-validation/phase1-optimized-20260909/FB2312-baseline-awake/Recording,sink,30,1,135,118,175,158,162,340,20,20,0,0,0,2691.12147058823,2691.12147058823,valid,valid,0.14859243571426,0.14859243571426,0,1,0,Awake_immobile,-0.759060301622924,-1.09261105926387,160,-14.859243571426,7.52543338259899,-22.384676954025,-602.398851426068,-1.27789689697624,-1.13807633089785,d2e65164f5640b4b97649714fbbd3e5ab5bc26c3243e44683d98e840ef89b657
/Users/zcm361/Documents/Github/OxygenDynamicsV2/reference-validation/phase1-optimized-20260909/FB2312-baseline-awake/Recording,sink,31,1,136,71,190,171,183,376,20,20,0,0,0,2981.35545212766,2981.35545212766,valid,valid,0.312453063237471,0.312453063237471,0,1,0,Awake_immobile,-0.675328575483174,-0.955464666452817,166,-31.2453063237471,9.416139178183,-40.6614455019301,-1212.26222761438,-2.27937743811848,-1.8993679175696,d2e65164f5640b4b97649714fbbd3e5ab5bc26c3243e44683d98e840ef89b657
/Users/zcm361/Documents/Github/OxygenDynamicsV2/reference-validation/phase1-optimized-20260909/FB2312-baseline-awake/Recording,sink,31,2,137,190,219,203,214,994,20,7,0,13,0,NaN,NaN,insufficient_clean_prebaseline,insufficient_clean_prebaseline,NaN,NaN,NaN,1,0,Awake_immobile,-0.549662939471453,-0.700030396118215,NaN,NaN,NaN,NaN,NaN,NaN,NaN,d2e65164f5640b4b97649714fbbd3e5ab5bc26c3243e44683d98e840ef89b657
/Users/zcm361/Documents/Github/OxygenDynamicsV2/reference-validation/phase1-optimized-20260909/FB2312-baseline-awake/Recording,sink,31,3,138,231,247,236,238,762,20,16,0,4,0,NaN,NaN,insufficient_clean_prebaseline,insufficient_clean_prebaseline,NaN,NaN,NaN,1,0,Awake_immobile,-0.430827106006137,-0.545496486214433,NaN,NaN,NaN,NaN,NaN,NaN,NaN,d2e65164f5640b4b97649714fbbd3e5ab5bc26c3243e44683d98e840ef89b657
/Users/zcm361/Documents/Github/OxygenDynamicsV2/reference-validation/phase1-optimized-20260909/FB2312-baseline-awake/Recording,sink,31,4,139,265,333,319,325,565,20,20,0,0,0,4407.86371681416,4407.86371681416,valid,valid,0.160333322224199,0.160333322224199,0,1,0,Awake_immobile,-0.412290610624665,-0.564713354251352,325,-16.0333322224199,2.5125931157319,-18.5459253381518,-817.479111987089,-1.10820003048571,-0.810298187728282,d2e65164f5640b4b97649714fbbd3e5ab5bc26c3243e44683d98e840ef89b657
/Users/zcm361/Documents/Github/OxygenDynamicsV2/reference-validation/phase1-optimized-20260909/FB2312-baseline-awake/Recording,sink,31,5,140,399,411,400,407,306,20,6,0,14,0,NaN,NaN,insufficient_clean_prebaseline,insufficient_clean_prebaseline,NaN,NaN,NaN,1,0,Awake_immobile,-0.558726105412919,-0.83969677447409,NaN,NaN,NaN,NaN,NaN,NaN,NaN,d2e65164f5640b4b97649714fbbd3e5ab5bc26c3243e44683d98e840ef89b657
/Users/zcm361/Documents/Github/OxygenDynamicsV2/reference-validation/phase1-optimized-20260909/FB2312-baseline-awake/Recording,sink,31,6,141,570,584,574,578,378,20,20,0,0,0,3317.99206349206,3317.99206349206,valid,valid,0.29529796260727,0.29529796260727,0,1,0,Awake_immobile,-0.777044539200881,-1.06779492011712,574,-29.529796260727,0.0169685734675833,-29.5467648341945,-980.35931310906,-1.81440884701903,-1.61331178939555,d2e65164f5640b4b97649714fbbd3e5ab5bc26c3243e44683d98e840ef89b657
/Users/zcm361/Documents/Github/OxygenDynamicsV2/reference-validation/phase1-optimized-20260909/FB2312-baseline-awake/Recording,sink,31,7,142,789,823,803,807,560,20,20,0,0,0,3955.31535714286,3955.31535714286,valid,valid,0.112541866130776,0.112541866130776,0,1,0,Awake_immobile,-0.253323103972694,-0.322864697730235,799,-11.2541866130776,-0.512746856254403,-10.7414397568231,-424.857813862392,-0.612584984748449,-0.49221996578176,d2e65164f5640b4b97649714fbbd3e5ab5bc26c3243e44683d98e840ef89b657
/Users/zcm361/Documents/Github/OxygenDynamicsV2/reference-validation/phase1-optimized-20260909/FB2312-baseline-awake/Recording,sink,31,8,143,968,1029,987,992,305,20,20,0,0,0,3411.72721311475,3411.72721311475,valid,valid,0.131190508956187,0.131190508956187,0,1,0,Awake_immobile,-0.249339119967867,-0.342522804407865,979,-13.1190508956187,-0.673679614257346,-12.4453712813613,-424.602131167552,-0.694407970081637,-0.569309312418293,d2e65164f5640b4b97649714fbbd3e5ab5bc26c3243e44683d98e840ef89b657
/Users/zcm361/Documents/Github/OxygenDynamicsV2/reference-validation/phase1-optimized-20260909/FB2312-baseline-awake/Recording,sink,32,1,144,159,218,192,196,1770,20,20,0,0,0,5571.29720338983,5571.29720338983,valid,valid,0.0610345892068539,0.0610345892068539,0,1,0,Awake_immobile,-0.427653660319619,-0.501832313708863,185,-6.10345892068539,5.6784157698971,-11.7818746905825,-656.403265084304,-1.41598337140372,-0.907866638927378,d2e65164f5640b4b97649714fbbd3e5ab5bc26c3243e44683d98e840ef89b657
/Users/zcm361/Documents/Github/OxygenDynamicsV2/reference-validation/phase1-optimized-20260909/FB2312-baseline-awake/Recording,sink,33,1,145,169,202,187,193,323,20,20,0,0,0,4598.33405572755,4598.33405572755,valid,valid,0.184075212593819,0.184075212593819,0,1,0,Awake_immobile,-0.718992283522476,-0.993019627408686,189,-18.4075212593819,3.15389434170068,-21.5614156010826,-991.46592420454,-2.12379838163666,-1.41534921273756,d2e65164f5640b4b97649714fbbd3e5ab5bc26c3243e44683d98e840ef89b657
/Users/zcm361/Documents/Github/OxygenDynamicsV2/reference-validation/phase1-optimized-20260909/FB2312-baseline-awake/Recording,sink,33,2,146,202,244,225,232,342,20,13,0,7,0,NaN,NaN,insufficient_clean_prebaseline,insufficient_clean_prebaseline,NaN,NaN,NaN,1,0,Awake_immobile,-0.574315914315068,-0.836891780683055,NaN,NaN,NaN,NaN,NaN,NaN,NaN,d2e65164f5640b4b97649714fbbd3e5ab5bc26c3243e44683d98e840ef89b657
/Users/zcm361/Documents/Github/OxygenDynamicsV2/reference-validation/phase1-optimized-20260909/FB2312-baseline-awake/Recording,sink,33,3,147,556,595,579,582,214,20,20,0,0,0,5553.98714953271,5553.98714953271,valid,valid,0.103837375397358,0.103837375397358,0,1,0,Awake_immobile,-0.629401505515676,-0.733558502015954,581,-10.3837375397358,0.250499373415204,-10.634236913151,-590.624175055673,-0.926103196373393,-0.605161100697465,d2e65164f5640b4b97649714fbbd3e5ab5bc26c3243e44683d98e840ef89b657
/Users/zcm361/Documents/Github/OxygenDynamicsV2/reference-validation/phase1-optimized-20260909/FB2312-baseline-awake/Recording,sink,33,4,148,711,737,719,723,253,20,20,0,0,0,5633.12272727273,5633.12272727273,valid,valid,0.165757337116808,0.165757337116808,0,1,0,Awake_immobile,-0.542975389297772,-0.664718523122998,721,-16.5757337116808,-0.233231923506963,-16.3425017881739,-920.593193397974,-1.05135752212811,-0.66761977507832,d2e65164f5640b4b97649714fbbd3e5ab5bc26c3243e44683d98e840ef89b657
/Users/zcm361/Documents/Github/OxygenDynamicsV2/reference-validation/phase1-optimized-20260909/FB2312-baseline-awake/Recording,sink,33,5,149,957,988,978,981,303,20,20,0,0,0,5376.24587458746,5376.24587458746,valid,valid,0.0998706263495607,0.0998706263495607,0,1,0,Awake_immobile,-0.327767628229687,-0.396451470538505,979,-9.98706263495607,-0.968106602494949,-9.01895603246111,-484.881246333862,-0.743616726910517,-0.479061836211874,d2e65164f5640b4b97649714fbbd3e5ab5bc26c3243e44683d98e840ef89b657
/Users/zcm361/Documents/Github/OxygenDynamicsV2/reference-validation/phase1-optimized-20260909/FB2312-baseline-awake/Recording,sink,33,6,150,1039,1071,1063,1070,595,20,20,0,0,0,4613.70554621849,4613.70554621849,valid,valid,0.125707227876548,0.125707227876548,0,1,0,Awake_immobile,-0.218270179130207,-0.234437367258142,1044,-12.5707227876548,-0.506346307674022,-12.0643764799808,-556.614802225578,-0.685583518051727,-0.481441970653189,d2e65164f5640b4b97649714fbbd3e5ab5bc26c3243e44683d98e840ef89b657
/Users/zcm361/Documents/Github/OxygenDynamicsV2/reference-validation/phase1-optimized-20260909/FB2312-baseline-awake/Recording,sink,34,1,151,171,237,192,194,233,20,20,0,0,0,3935.13755364807,3935.13755364807,valid,valid,0.192846054484028,0.192846054484028,0,1,0,Awake_immobile,-0.491290753534082,-0.884588340873922,185,-19.2846054484028,2.56428644658462,-21.8488918949874,-859.783959017905,-1.92603464084529,-1.45433769487808,d2e65164f5640b4b97649714fbbd3e5ab5bc26c3243e44683d98e840ef89b657
/Users/zcm361/Documents/Github/OxygenDynamicsV2/reference-validation/phase1-optimized-20260909/FB2312-baseline-awake/Recording,sink,35,1,152,207,234,227,232,492,20,20,0,0,0,3654.41636178862,3654.41636178862,valid,valid,0.146984338500996,0.146984338500996,0,1,0,Awake_immobile,-0.57921837221296,-0.721526766861456,230,-14.6984338500996,3.76993852475862,-18.4683723748582,-674.911222727706,-1.19925721933377,-1.02740574471519,d2e65164f5640b4b97649714fbbd3e5ab5bc26c3243e44683d98e840ef89b657
/Users/zcm361/Documents/Github/OxygenDynamicsV2/reference-validation/phase1-optimized-20260909/FB2312-baseline-awake/Recording,sink,36,1,153,225,261,236,238,345,20,20,0,0,0,2867.71594202899,2867.71594202899,valid,valid,0.151100406120308,0.151100406120308,0,1,0,Awake_immobile,-0.445737810872027,-0.707568615726825,231,-15.1100406120308,1.79520663227126,-16.905247244302,-484.79447553994,-0.718131240415346,-0.714490668341371,d2e65164f5640b4b97649714fbbd3e5ab5bc26c3243e44683d98e840ef89b657
/Users/zcm361/Documents/Github/OxygenDynamicsV2/reference-validation/phase1-optimized-20260909/FB2312-baseline-awake/Recording,sink,37,1,154,234,288,242,244,343,20,20,0,0,0,4010.23177842566,4010.23177842566,valid,valid,0.0835948424929092,0.0835948424929092,0,1,0,Awake_immobile,-0.399383107908034,-0.550434840663085,240,-8.35948424929092,1.21124211519965,-9.57072636449056,-383.808306600054,-0.422340628855564,-0.264812669443723,d2e65164f5640b4b97649714fbbd3e5ab5bc26c3243e44683d98e840ef89b657
/Users/zcm361/Documents/Github/OxygenDynamicsV2/reference-validation/phase1-optimized-20260909/FB2312-baseline-awake/Recording,sink,38,1,155,265,311,283,289,454,20,20,0,0,0,4391.12015418502,4391.12015418502,valid,valid,0.117064722956229,0.117064722956229,0,1,0,Awake_immobile,-0.504889547001967,-0.654279601773758,288,-11.7064722956229,2.52747098365886,-14.2339432792817,-625.02956860244,-0.960554231185391,-0.699386479827442,d2e65164f5640b4b97649714fbbd3e5ab5bc26c3243e44683d98e840ef89b657
/Users/zcm361/Documents/Github/OxygenDynamicsV2/reference-validation/phase1-optimized-20260909/FB2312-baseline-awake/Recording,sink,39,1,156,243,312,286,289,480,20,20,0,0,0,4291.47572916667,4291.47572916667,valid,valid,0.0554827354333507,0.0554827354333507,0,1,0,Awake_immobile,-0.481365331355482,-0.609828076070918,287,-5.54827354333507,5.23665749965998,-10.784931042995,-462.832699152629,-0.861725520408894,-0.666723120175836,d2e65164f5640b4b97649714fbbd3e5ab5bc26c3243e44683d98e840ef89b657
/Users/zcm361/Documents/Github/OxygenDynamicsV2/reference-validation/phase1-optimized-20260909/FB2312-baseline-awake/Recording,sink,40,1,157,289,321,293,320,1617,20,20,0,0,0,5326.88951762523,5326.88951762523,valid,valid,0.167178837543438,0.167178837543438,0,1,0,Awake_immobile,-0.438421392722744,-0.501570454494309,294,-16.7178837543438,1.16598048637447,-17.8838642407183,-952.653694148114,-2.06103214421824,-1.41405311433314,d2e65164f5640b4b97649714fbbd3e5ab5bc26c3243e44683d98e840ef89b657
/Users/zcm361/Documents/Github/OxygenDynamicsV2/reference-validation/phase1-optimized-20260909/FB2312-baseline-awake/Recording,sink,41,1,158,326,353,334,336,351,20,20,0,0,0,2702.20284900285,2702.20284900285,valid,valid,0.102678915967262,0.102678915967262,0,1,0,Awake_immobile,-0.345833059587823,-0.440251788794328,332,-10.2678915967262,1.41814814126614,-11.6860397379923,-315.780498450298,-0.3616285661553,-0.317519197268232,d2e65164f5640b4b97649714fbbd3e5ab5bc26c3243e44683d98e840ef89b657
/Users/zcm361/Documents/Github/OxygenDynamicsV2/reference-validation/phase1-optimized-20260909/FB2312-baseline-awake/Recording,sink,42,1,159,397,483,433,448,657,20,20,0,0,0,4119.05258751903,4119.05258751903,valid,valid,0.147461740465026,0.147461740465026,0,1,0,Awake_immobile,-0.419347493433007,-0.513952845836247,429,-14.7461740465026,2.83473232935217,-17.5809063758548,-724.166779335521,-0.871475488948897,-0.7107658987704,d2e65164f5640b4b97649714fbbd3e5ab5bc26c3243e44683d98e840ef89b657
/Users/zcm361/Documents/Github/OxygenDynamicsV2/reference-validation/phase1-optimized-20260909/FB2312-baseline-awake/Recording,sink,42,2,160,944,959,953,955,588,20,20,0,0,0,4360.72295918367,4360.72295918367,valid,valid,0.0632189764764321,0.0632189764764321,0,1,0,Awake_immobile,-0.336011953972905,-0.381023673077094,952,-6.32189764764321,-0.715084948589937,-5.60681269905327,-244.497565922121,-0.106108116399712,-0.0666013034479124,d2e65164f5640b4b97649714fbbd3e5ab5bc26c3243e44683d98e840ef89b657
/Users/zcm361/Documents/Github/OxygenDynamicsV2/reference-validation/phase1-optimized-20260909/FB2312-baseline-awake/Recording,sink,42,3,161,959,987,979,981,283,20,17,0,3,0,NaN,NaN,insufficient_clean_prebaseline,insufficient_clean_prebaseline,NaN,NaN,NaN,1,0,Awake_immobile,-0.299930419356017,-0.380209772519601,NaN,NaN,NaN,NaN,NaN,NaN,NaN,d2e65164f5640b4b97649714fbbd3e5ab5bc26c3243e44683d98e840ef89b657
/Users/zcm361/Documents/Github/OxygenDynamicsV2/reference-validation/phase1-optimized-20260909/FB2312-baseline-awake/Recording,sink,42,4,162,1106,1130,1112,1115,524,20,20,0,0,0,3989.29465648855,3989.29465648855,valid,valid,0.0918863768222434,0.0918863768222434,0,1,0,Awake_immobile,-0.276522611019038,-0.335013005919159,1113,-9.18863768222434,-1.17019499577872,-8.01844268644562,-319.879302069977,-0.476518374120169,-0.42335132728726,d2e65164f5640b4b97649714fbbd3e5ab5bc26c3243e44683d98e840ef89b657
/Users/zcm361/Documents/Github/OxygenDynamicsV2/reference-validation/phase1-optimized-20260909/FB2312-baseline-awake/Recording,sink,43,1,163,722,762,751,756,347,20,20,0,0,0,3318.45893371758,3318.45893371758,valid,valid,0.0834145133076901,0.0834145133076901,0,1,0,Awake_immobile,-0.284609272789688,-0.433382070566263,754,-8.34145133076901,-1.40878176608407,-6.93266956468492,-230.057793872844,-0.370362022303542,-0.33123853283286,d2e65164f5640b4b97649714fbbd3e5ab5bc26c3243e44683d98e840ef89b657
/Users/zcm361/Documents/Github/OxygenDynamicsV2/reference-validation/phase1-optimized-20260909/FB2312-baseline-awake/Recording,sink,44,1,164,347,413,350,353,399,20,20,0,0,0,4888.95526315789,4888.95526315789,valid,valid,0.0668332433524976,0.0668332433524976,0,1,0,Awake_immobile,-0.468713677672665,-0.465019874974609,354,-6.68332433524976,1.04708216942729,-7.73040650467708,-377.936120483093,-0.535208810820961,-0.342004024446867,d2e65164f5640b4b97649714fbbd3e5ab5bc26c3243e44683d98e840ef89b657
/Users/zcm361/Documents/Github/OxygenDynamicsV2/reference-validation/phase1-optimized-20260909/FB2312-baseline-awake/Recording,sink,45,1,165,340,413,407,410,348,20,20,0,0,0,3833.42298850575,3833.42298850575,valid,valid,0.0983981484091227,0.0983981484091227,0,1,0,Awake_immobile,-0.374964287129884,-0.570646358829948,354,-9.83981484091227,1.54332497735702,-11.3831398182693,-436.363896652748,-0.624289854275597,-0.528249643256243,d2e65164f5640b4b97649714fbbd3e5ab5bc26c3243e44683d98e840ef89b657
/Users/zcm361/Documents/Github/OxygenDynamicsV2/reference-validation/phase1-optimized-20260909/FB2312-baseline-awake/Recording,sink,46,1,166,374,416,407,409,371,20,20,0,0,0,5827.95013477089,5827.95013477089,valid,valid,0.132920892649721,0.132920892649721,0,1,0,Awake_immobile,-0.369570414787568,-0.450031722296139,406,-13.2920892649721,1.81439517819724,-15.1064844431693,-880.398377813869,-1.13727647425814,-0.76582765306183,d2e65164f5640b4b97649714fbbd3e5ab5bc26c3243e44683d98e840ef89b657
/Users/zcm361/Documents/Github/OxygenDynamicsV2/reference-validation/phase1-optimized-20260909/FB2312-baseline-awake/Recording,sink,47,1,167,1123,1178,1140,1142,714,20,20,0,0,0,6388.83382352941,6388.83382352941,valid,valid,0.0880600976754489,0.0880600976754489,0,1,0,Awake_immobile,-0.305309487651098,-0.439071210295531,1172,-8.80600976754489,-3.95042394716219,-4.85558582038271,-310.21531744778,-0.480599503958988,-0.296422962891319,d2e65164f5640b4b97649714fbbd3e5ab5bc26c3243e44683d98e840ef89b657
/Users/zcm361/Documents/Github/OxygenDynamicsV2/reference-validation/phase1-optimized-20260909/FB2312-baseline-awake/Recording,sink,48,1,168,399,457,411,418,368,20,20,0,0,0,2884.12092391304,2884.12092391304,valid,valid,0.198368314510723,0.198368314510723,0,1,0,Awake_immobile,-0.441939336065527,-0.685622940700316,435,-19.8368314510723,2.15830875771391,-21.9951402087862,-634.366446072122,-0.845762094808315,-0.867740192734177,d2e65164f5640b4b97649714fbbd3e5ab5bc26c3243e44683d98e840ef89b657
/Users/zcm361/Documents/Github/OxygenDynamicsV2/reference-validation/phase1-optimized-20260909/FB2312-baseline-awake/Recording,sink,48,2,169,872,887,880,886,466,20,20,0,0,0,2740.03615879828,2740.03615879828,valid,valid,0.0749197923009145,0.0749197923009145,0,1,0,Awake_immobile,-0.308234205530017,-0.427030459288295,881,-7.49197923009145,-0.209874687693568,-7.28210454239791,-199.532294015516,-0.0662132393712149,-0.0611169574118252,d2e65164f5640b4b97649714fbbd3e5ab5bc26c3243e44683d98e840ef89b657
/Users/zcm361/Documents/Github/OxygenDynamicsV2/reference-validation/phase1-optimized-20260909/FB2312-baseline-awake/Recording,sink,49,1,170,406,421,414,416,320,20,20,0,0,0,2245.3928125,2245.3928125,valid,valid,0.112886289244769,0.112886289244769,0,1,0,Awake_immobile,-0.411637384506563,-0.575808603389305,418,-11.2886289244769,1.10441361033041,-12.3930425348073,-278.27248790741,-0.315672328293299,-0.341266024239376,d2e65164f5640b4b97649714fbbd3e5ab5bc26c3243e44683d98e840ef89b657
/Users/zcm361/Documents/Github/OxygenDynamicsV2/reference-validation/phase1-optimized-20260909/FB2312-baseline-awake/Recording,sink,50,1,171,356,426,416,418,133,20,20,0,0,0,3944.8530075188,3944.8530075188,valid,valid,0.112813698710292,0.112813698710292,0,1,0,Awake_immobile,-0.429450596559018,-0.590223603210246,422,-11.2813698710292,4.4505674686148,-15.731937339644,-620.601813707854,-1.02838297204089,-0.889625566017289,d2e65164f5640b4b97649714fbbd3e5ab5bc26c3243e44683d98e840ef89b657
/Users/zcm361/Documents/Github/OxygenDynamicsV2/reference-validation/phase1-optimized-20260909/FB2312-baseline-awake/Recording,sink,50,2,172,427,460,447,453,513,20,17,0,3,0,NaN,NaN,insufficient_clean_prebaseline,insufficient_clean_prebaseline,NaN,NaN,NaN,1,0,Awake_immobile,-0.416627956632617,-0.530074862792058,NaN,NaN,NaN,NaN,NaN,NaN,NaN,d2e65164f5640b4b97649714fbbd3e5ab5bc26c3243e44683d98e840ef89b657
/Users/zcm361/Documents/Github/OxygenDynamicsV2/reference-validation/phase1-optimized-20260909/FB2312-baseline-awake/Recording,sink,51,1,173,413,482,418,423,341,20,18,0,2,0,NaN,NaN,insufficient_clean_prebaseline,insufficient_clean_prebaseline,NaN,NaN,NaN,1,0,Awake_immobile,-0.531700503820315,-0.698219730889412,NaN,NaN,NaN,NaN,NaN,NaN,NaN,d2e65164f5640b4b97649714fbbd3e5ab5bc26c3243e44683d98e840ef89b657
/Users/zcm361/Documents/Github/OxygenDynamicsV2/reference-validation/phase1-optimized-20260909/FB2312-baseline-awake/Recording,sink,52,1,174,550,573,567,569,429,20,20,0,0,0,2904.42634032634,2904.42634032634,valid,valid,0.0847985499826685,0.0847985499826685,0,1,0,Awake_immobile,-0.395644246073036,-0.475703257801432,550,-8.47985499826685,0.502343891833038,-8.9821988900999,-260.88135067244,-0.0820276651245069,-0.0805064874119922,d2e65164f5640b4b97649714fbbd3e5ab5bc26c3243e44683d98e840ef89b657
/Users/zcm361/Documents/Github/OxygenDynamicsV2/reference-validation/phase1-optimized-20260909/FB2312-baseline-awake/Recording,sink,52,2,175,856,874,865,869,585,20,20,0,0,0,3374.82991452991,3374.82991452991,valid,valid,0.103852020652639,0.103852020652639,0,1,0,Awake_immobile,-0.310341934582107,-0.384793556557817,868,-10.3852020652639,-0.26510478722191,-10.120097278042,-341.536072299012,-0.571721485969398,-0.602683048198051,d2e65164f5640b4b97649714fbbd3e5ab5bc26c3243e44683d98e840ef89b657
/Users/zcm361/Documents/Github/OxygenDynamicsV2/reference-validation/phase1-optimized-20260909/FB2312-baseline-awake/Recording,sink,52,3,176,874,902,896,899,571,20,15,0,5,0,NaN,NaN,insufficient_clean_prebaseline,insufficient_clean_prebaseline,NaN,NaN,NaN,1,0,Awake_immobile,-0.296243087439137,-0.378226254027199,NaN,NaN,NaN,NaN,NaN,NaN,NaN,d2e65164f5640b4b97649714fbbd3e5ab5bc26c3243e44683d98e840ef89b657
/Users/zcm361/Documents/Github/OxygenDynamicsV2/reference-validation/phase1-optimized-20260909/FB2312-baseline-awake/Recording,sink,52,4,177,934,984,962,968,563,20,20,0,0,0,3245.20586145648,3245.20586145648,valid,valid,0.114124844578769,0.114124844578769,0,1,0,Awake_immobile,-0.38400324612319,-0.480219140619967,973,-11.4124844578769,-1.39373208698082,-10.0187523708961,-325.129143040388,-0.578611290100369,-0.620585259720766,d2e65164f5640b4b97649714fbbd3e5ab5bc26c3243e44683d98e840ef89b657
/Users/zcm361/Documents/Github/OxygenDynamicsV2/reference-validation/phase1-optimized-20260909/FB2312-baseline-awake/Recording,sink,52,5,178,1077,1095,1079,1081,463,20,20,0,0,0,2951.86900647948,2951.86900647948,valid,valid,0.0790503669985123,0.0790503669985123,0,1,0,Awake_immobile,-0.24698280014736,-0.335147102367514,1082,-7.90503669985123,-0.75992664884906,-7.14511005100216,-210.914287446848,-0.142461555378741,-0.146439537146678,d2e65164f5640b4b97649714fbbd3e5ab5bc26c3243e44683d98e840ef89b657
/Users/zcm361/Documents/Github/OxygenDynamicsV2/reference-validation/phase1-optimized-20260909/FB2312-baseline-awake/Recording,sink,52,6,179,1096,1125,1116,1119,897,20,17,0,3,0,NaN,NaN,insufficient_clean_prebaseline,insufficient_clean_prebaseline,NaN,NaN,NaN,1,0,Awake_immobile,-0.280501735391492,-0.338494219361237,NaN,NaN,NaN,NaN,NaN,NaN,NaN,d2e65164f5640b4b97649714fbbd3e5ab5bc26c3243e44683d98e840ef89b657
/Users/zcm361/Documents/Github/OxygenDynamicsV2/reference-validation/phase1-optimized-20260909/FB2312-baseline-awake/Recording,sink,53,1,180,420,455,437,444,331,20,20,0,0,0,3041.16374622356,3041.16374622356,valid,valid,0.0874547944955084,0.0874547944955084,0,1,0,Awake_immobile,-0.442739205277353,-0.640920111945295,434,-8.74547944955084,1.26677212796021,-10.012251577511,-304.48896829196,-0.365151374164169,-0.323335286255361,d2e65164f5640b4b97649714fbbd3e5ab5bc26c3243e44683d98e840ef89b657
/Users/zcm361/Documents/Github/OxygenDynamicsV2/reference-validation/phase1-optimized-20260909/FB2312-baseline-awake/Recording,sink,53,2,181,552,567,555,564,454,20,20,0,0,0,3184.15253303965,3184.15253303965,valid,valid,0.106559000114312,0.106559000114312,0,1,0,Awake_immobile,-0.4513307072173,-0.619408668965489,562,-10.6559000114312,0.46388355252195,-11.1197835639531,-354.070869681068,-0.754119803124006,-0.753904669013399,d2e65164f5640b4b97649714fbbd3e5ab5bc26c3243e44683d98e840ef89b657
/Users/zcm361/Documents/Github/OxygenDynamicsV2/reference-validation/phase1-optimized-20260909/FB2312-baseline-awake/Recording,sink,54,1,182,753,774,756,758,276,20,20,0,0,0,4141.2356884058,4141.2356884058,valid,valid,0.102829395115518,0.102829395115518,0,1,0,Awake_immobile,-0.345411197367858,-0.585281554187145,756,-10.2829395115518,-0.209438585935831,-10.073500925616,-417.167421512327,-0.764116479178519,-0.671214134588397,d2e65164f5640b4b97649714fbbd3e5ab5bc26c3243e44683d98e840ef89b657
/Users/zcm361/Documents/Github/OxygenDynamicsV2/reference-validation/phase1-optimized-20260909/FB2312-baseline-awake/Recording,sink,55,1,183,739,788,778,780,562,20,20,0,0,0,5371.51352313167,5371.51352313167,valid,valid,0.0897507101022508,0.0897507101022508,0,1,0,Awake_immobile,-0.318942830081441,-0.437577468359098,770,-8.97507101022508,-0.80038699261026,-8.17468401761482,-439.104253107797,-0.698343493210382,-0.512278312539626,d2e65164f5640b4b97649714fbbd3e5ab5bc26c3243e44683d98e840ef89b657
/Users/zcm361/Documents/Github/OxygenDynamicsV2/reference-validation/phase1-optimized-20260909/FB2312-baseline-awake/Recording,sink,55,2,184,909,936,918,922,961,20,20,0,0,0,4954.81888657648,4954.81888657648,valid,valid,0.105360584072397,0.105360584072397,0,1,0,Awake_immobile,-0.306002002390069,-0.358099476837492,934,-10.5360584072397,-0.892953985893997,-9.64310442134571,-477.798356877703,-0.412688858072159,-0.301198303522857,d2e65164f5640b4b97649714fbbd3e5ab5bc26c3243e44683d98e840ef89b657
/Users/zcm361/Documents/Github/OxygenDynamicsV2/reference-validation/phase1-optimized-20260909/FB2312-baseline-awake/Recording,sink,56,1,185,730,820,797,810,883,20,20,0,0,0,3100.91489241223,3100.91489241223,valid,valid,0.0888309969236602,0.0888309969236602,0,1,0,Awake_immobile,-0.296068587443864,-0.341245994081026,799,-8.88309969236602,-1.19087438521569,-7.69222530715034,-238.529361601297,-0.362046552323681,-0.384308520643377,d2e65164f5640b4b97649714fbbd3e5ab5bc26c3243e44683d98e840ef89b657
/Users/zcm361/Documents/Github/OxygenDynamicsV2/reference-validation/phase1-optimized-20260909/FB2312-baseline-awake/Recording,sink,56,2,186,853,874,860,862,227,20,20,0,0,0,2697.78876651982,2697.78876651982,valid,valid,0.0827077258002373,0.0827077258002373,0,1,0,Awake_immobile,-0.402141461463402,-0.476036063033117,863,-8.27077258002373,-0.502988273110833,-7.76778430691289,-209.558410967184,-0.275993835792794,-0.313775123953859,d2e65164f5640b4b97649714fbbd3e5ab5bc26c3243e44683d98e840ef89b657
/Users/zcm361/Documents/Github/OxygenDynamicsV2/reference-validation/phase1-optimized-20260909/FB2312-baseline-awake/Recording,sink,56,3,187,1126,1179,1169,1173,576,20,14,0,6,0,NaN,NaN,insufficient_clean_prebaseline,insufficient_clean_prebaseline,NaN,NaN,NaN,1,0,Awake_immobile,-0.277855972845029,-0.378803922818302,NaN,NaN,NaN,NaN,NaN,NaN,NaN,d2e65164f5640b4b97649714fbbd3e5ab5bc26c3243e44683d98e840ef89b657
/Users/zcm361/Documents/Github/OxygenDynamicsV2/reference-validation/phase1-optimized-20260909/FB2312-baseline-awake/Recording,sink,57,1,188,916,960,928,933,545,20,20,0,0,0,3906.19486238532,3906.19486238532,valid,valid,0.17694133646663,0.17694133646663,0,1,0,Awake_immobile,-0.393528798031151,-0.483679269275248,933,-17.694133646663,-0.948830029232069,-16.7453036174309,-654.104189587514,-0.889971470276541,-0.817276253508028,d2e65164f5640b4b97649714fbbd3e5ab5bc26c3243e44683d98e840ef89b657
/Users/zcm361/Documents/Github/OxygenDynamicsV2/reference-validation/phase1-optimized-20260909/FB2312-baseline-awake/Recording,sink,57,2,189,995,1086,1040,1049,528,20,20,0,0,0,3215.16268939394,3215.16268939394,valid,valid,0.134598907791261,0.134598907791261,0,1,0,Awake_immobile,-0.366521800555127,-0.48174648196162,1052,-13.4598907791261,-5.43218404009826,-8.0277067390278,-258.103834140662,-0.151374583552012,-0.136051298600133,d2e65164f5640b4b97649714fbbd3e5ab5bc26c3243e44683d98e840ef89b657
/Users/zcm361/Documents/Github/OxygenDynamicsV2/reference-validation/phase1-optimized-20260909/FB2312-baseline-awake/Recording,sink,57,3,190,1098,1123,1108,1110,397,20,20,0,0,0,3358.22682619647,3358.22682619647,valid,valid,0.0781696634990254,0.0781696634990254,0,1,0,Awake_immobile,-0.329986524359205,-0.385616284997635,1111,-7.81696634990254,-1.99834438015781,-5.81862196974477,-195.402511312259,-0.43102985176226,-0.402799469053367,d2e65164f5640b4b97649714fbbd3e5ab5bc26c3243e44683d98e840ef89b657
/Users/zcm361/Documents/Github/OxygenDynamicsV2/reference-validation/phase1-optimized-20260909/FB2312-baseline-awake/Recording,sink,58,1,191,928,983,938,940,362,20,20,0,0,0,2723.79544198895,2723.79544198895,valid,valid,0.130627918600949,0.130627918600949,0,1,0,Awake_immobile,-0.37378957454616,-0.427353691033981,952,-13.0627918600949,-0.92658187110742,-12.1362099889874,-330.56553700484,-0.181761781501114,-0.167516529153867,d2e65164f5640b4b97649714fbbd3e5ab5bc26c3243e44683d98e840ef89b657
/Users/zcm361/Documents/Github/OxygenDynamicsV2/reference-validation/phase1-optimized-20260909/FB2312-baseline-awake/Recording,sink,59,1,192,1097,1142,1105,1107,430,20,20,0,0,0,4039.00627906977,4039.00627906977,valid,valid,0.0773484636187568,0.0773484636187568,0,1,0,Awake_immobile,-0.25888506205276,-0.31429376577852,1106,-7.73484636187568,-0.747372793218793,-6.98747356865688,-282.224496190271,-0.409443709793806,-0.352281188837904,d2e65164f5640b4b97649714fbbd3e5ab5bc26c3243e44683d98e840ef89b657
/Users/zcm361/Documents/Github/OxygenDynamicsV2/reference-validation/phase1-optimized-20260909/FB2312-baseline-awake/Recording,surge,1,1,1,1,18,1,18,4282,20,0,1,0,0,NaN,NaN,insufficient_clean_prebaseline,insufficient_clean_prebaseline,NaN,NaN,NaN,1,0,Awake_immobile,0.699457026977857,0.71834033434698,NaN,NaN,NaN,NaN,NaN,NaN,NaN,d2e65164f5640b4b97649714fbbd3e5ab5bc26c3243e44683d98e840ef89b657
/Users/zcm361/Documents/Github/OxygenDynamicsV2/reference-validation/phase1-optimized-20260909/FB2312-baseline-awake/Recording,surge,1,2,2,403,412,403,412,3684,20,20,0,0,0,706.302619435396,706.302619435396,valid,valid,-0.0238810145437647,-0.0238810145437647,0,1,1,Awake_immobile,0.490300758365424,0.511856850112811,411,-2.38810145437647,0.242449599677689,-2.63055105405414,-18.5796506034694,0.210906184827158,0.596379219553338,d2e65164f5640b4b97649714fbbd3e5ab5bc26c3243e44683d98e840ef89b657
/Users/zcm361/Documents/Github/OxygenDynamicsV2/reference-validation/phase1-optimized-20260909/FB2312-baseline-awake/Recording,surge,1,3,3,542,552,542,552,2530,20,20,0,0,0,611.546699604743,611.546699604743,valid,valid,0.00197377458949367,0.00197377458949367,0,1,0,Awake_immobile,1.00602515654366,1.07278751460585,546,0.197377458949367,0.0574313373989717,0.139946121550362,0.855836174403256,0.195541804198219,0.57390177180915,d2e65164f5640b4b97649714fbbd3e5ab5bc26c3243e44683d98e840ef89b657
/Users/zcm361/Documents/Github/OxygenDynamicsV2/reference-validation/phase1-optimized-20260909/FB2312-baseline-awake/Recording,surge,2,1,4,1,18,1,18,16141,20,0,1,0,0,NaN,NaN,insufficient_clean_prebaseline,insufficient_clean_prebaseline,NaN,NaN,NaN,1,0,Awake_immobile,0.759569839713766,0.773996019023831,NaN,NaN,NaN,NaN,NaN,NaN,NaN,d2e65164f5640b4b97649714fbbd3e5ab5bc26c3243e44683d98e840ef89b657
/Users/zcm361/Documents/Github/OxygenDynamicsV2/reference-validation/phase1-optimized-20260909/FB2312-baseline-awake/Recording,surge,2,2,5,204,214,204,214,16060,20,20,0,0,0,607.904750933998,607.904750933998,valid,valid,0.00323638849211381,0.00323638849211381,0,1,0,Awake_immobile,0.547066959187761,0.601171853922164,208,0.323638849211381,0.381725284328409,-0.0580864351170327,-0.353110163535454,0.155689313628154,0.47060031769071,d2e65164f5640b4b97649714fbbd3e5ab5bc26c3243e44683d98e840ef89b657
/Users/zcm361/Documents/Github/OxygenDynamicsV2/reference-validation/phase1-optimized-20260909/FB2312-baseline-awake/Recording,surge,2,3,6,402,413,402,413,17743,20,20,0,0,0,663.36549343403,663.36549343403,valid,valid,-0.00235732612822521,-0.00235732612822521,0,1,1,Awake_immobile,0.537642419341853,0.582055979087753,402,-0.235732612822521,0.134870395620007,-0.370603008442525,-2.45845247939576,0.315179205630241,0.919320081539235,d2e65164f5640b4b97649714fbbd3e5ab5bc26c3243e44683d98e840ef89b657
/Users/zcm361/Documents/Github/OxygenDynamicsV2/reference-validation/phase1-optimized-20260909/FB2312-baseline-awake/Recording,surge,2,4,7,428,438,428,438,17070,20,14,0,6,0,NaN,NaN,insufficient_clean_prebaseline,insufficient_clean_prebaseline,NaN,NaN,NaN,1,0,Awake_immobile,0.641727809977657,0.686726058142182,NaN,NaN,NaN,NaN,NaN,NaN,NaN,d2e65164f5640b4b97649714fbbd3e5ab5bc26c3243e44683d98e840ef89b657
/Users/zcm361/Documents/Github/OxygenDynamicsV2/reference-validation/phase1-optimized-20260909/FB2312-baseline-awake/Recording,surge,2,5,8,471,491,471,491,17881,20,20,0,0,0,678.397153403053,678.397153403053,valid,valid,0.00115721471957336,0.00115721471957336,0,1,0,Awake_immobile,0.74405865681615,0.781394966566453,481,0.115721471957336,0.165216233253655,-0.0494947612963417,-0.335770852706702,0.354819186596905,1.02999961595404,d2e65164f5640b4b97649714fbbd3e5ab5bc26c3243e44683d98e840ef89b657
/Users/zcm361/Documents/Github/OxygenDynamicsV2/reference-validation/phase1-optimized-20260909/FB2312-baseline-awake/Recording,surge,2,6,9,493,503,493,503,17676,20,1,0,19,0,NaN,NaN,insufficient_clean_prebaseline,insufficient_clean_prebaseline,NaN,NaN,NaN,1,0,Awake_immobile,0.615792419281391,0.661083249720606,NaN,NaN,NaN,NaN,NaN,NaN,NaN,d2e65164f5640b4b97649714fbbd3e5ab5bc26c3243e44683d98e840ef89b657
/Users/zcm361/Documents/Github/OxygenDynamicsV2/reference-validation/phase1-optimized-20260909/FB2312-baseline-awake/Recording,surge,2,7,10,531,553,531,553,16928,20,20,0,0,0,648.036259451796,648.036259451796,valid,valid,0.00728828692485952,0.00728828692485952,0,1,0,Awake_immobile,0.970467971782477,1.01452863660355,540,0.728828692485952,0.0611176019588365,0.667711090527116,4.32700968149254,0.21510696626659,0.637576054444843,d2e65164f5640b4b97649714fbbd3e5ab5bc26c3243e44683d98e840ef89b657
/Users/zcm361/Documents/Github/OxygenDynamicsV2/reference-validation/phase1-optimized-20260909/FB2312-baseline-awake/Recording,surge,2,8,11,641,650,641,650,16195,20,20,0,0,0,654.124439641865,654.124439641865,valid,valid,-0.00647368733109602,-0.00647368733109602,0,1,1,Awake_immobile,0.833602055862808,0.911000991663462,641,-0.647368733109602,-0.0191839469008049,-0.628184786208797,-4.1091105167098,0.415161069481752,1.23759903602624,d2e65164f5640b4b97649714fbbd3e5ab5bc26c3243e44683d98e840ef89b657
/Users/zcm361/Documents/Github/OxygenDynamicsV2/reference-validation/phase1-optimized-20260909/FB2312-baseline-awake/Recording,surge,3,1,12,1,24,1,24,12559,20,0,1,0,0,NaN,NaN,insufficient_clean_prebaseline,insufficient_clean_prebaseline,NaN,NaN,NaN,1,0,Awake_immobile,0.664162042559493,0.685318255255605,NaN,NaN,NaN,NaN,NaN,NaN,NaN,d2e65164f5640b4b97649714fbbd3e5ab5bc26c3243e44683d98e840ef89b657
/Users/zcm361/Documents/Github/OxygenDynamicsV2/reference-validation/phase1-optimized-20260909/FB2312-baseline-awake/Recording,surge,3,2,13,204,214,204,214,12461,20,20,0,0,0,542.950405264425,542.950405264425,valid,valid,0.00587980114415293,0.00587980114415293,0,1,0,Awake_immobile,0.560890346552662,0.619749821788506,214,0.587980114415293,0.573063329595863,0.0149167848194167,0.0809908173266218,0.10561795898156,0.328271351454028,d2e65164f5640b4b97649714fbbd3e5ab5bc26c3243e44683d98e840ef89b657
/Users/zcm361/Documents/Github/OxygenDynamicsV2/reference-validation/phase1-optimized-20260909/FB2312-baseline-awake/Recording,surge,3,3,14,324,333,324,333,11780,20,20,0,0,0,557.739384550085,557.739384550085,valid,valid,0.00607732376846692,0.00607732376846692,0,1,0,Awake_immobile,0.867322275433784,0.923872478030007,333,0.607732376846692,0.351991752756337,0.255740624090339,1.42636633220472,-0.0510498661185248,-0.158662778966022,d2e65164f5640b4b97649714fbbd3e5ab5bc26c3243e44683d98e840ef89b657
/Users/zcm361/Documents/Github/OxygenDynamicsV2/reference-validation/phase1-optimized-20260909/FB2312-baseline-awake/Recording,surge,3,4,15,402,412,402,412,12879,20,20,0,0,0,580.465750446463,580.465750446463,valid,valid,-0.00598414750149637,-0.00598414750149637,0,1,1,Awake_immobile,0.568076625616022,0.608549159744837,410,-0.598414750149637,0.249214262448001,-0.847629012597613,-4.92019598927036,0.205812475624616,0.6327686120933,d2e65164f5640b4b97649714fbbd3e5ab5bc26c3243e44683d98e840ef89b657
/Users/zcm361/Documents/Github/OxygenDynamicsV2/reference-validation/phase1-optimized-20260909/FB2312-baseline-awake/Recording,surge,3,5,16,428,438,428,438,11478,20,15,0,5,0,NaN,NaN,insufficient_clean_prebaseline,insufficient_clean_prebaseline,NaN,NaN,NaN,1,0,Awake_immobile,0.655334621374401,0.706839854840803,NaN,NaN,NaN,NaN,NaN,NaN,NaN,d2e65164f5640b4b97649714fbbd3e5ab5bc26c3243e44683d98e840ef89b657
/Users/zcm361/Documents/Github/OxygenDynamicsV2/reference-validation/phase1-optimized-20260909/FB2312-baseline-awake/Recording,surge,3,6,17,471,491,471,491,12518,20,20,0,0,0,584.23451030516,584.23451030516,valid,valid,-0.00918849818517853,-0.00918849818517853,0,1,1,Awake_immobile,0.759106650583135,0.796450967275192,491,-0.918849818517853,0.26121123577219,-1.18006105429007,-6.89432405519645,0.254365540949021,0.785785714393757,d2e65164f5640b4b97649714fbbd3e5ab5bc26c3243e44683d98e840ef89b657
/Users/zcm361/Documents/Github/OxygenDynamicsV2/reference-validation/phase1-optimized-20260909/FB2312-baseline-awake/Recording,surge,3,7,18,493,503,493,503,11517,20,1,0,19,0,NaN,NaN,insufficient_clean_prebaseline,insufficient_clean_prebaseline,NaN,NaN,NaN,1,0,Awake_immobile,0.63062429483724,0.680106758258059,NaN,NaN,NaN,NaN,NaN,NaN,NaN,d2e65164f5640b4b97649714fbbd3e5ab5bc26c3243e44683d98e840ef89b657
/Users/zcm361/Documents/Github/OxygenDynamicsV2/reference-validation/phase1-optimized-20260909/FB2312-baseline-awake/Recording,surge,3,8,19,531,553,531,553,12403,20,20,0,0,0,583.971398048859,583.971398048859,valid,valid,0.00303103111077422,0.00303103111077422,0,1,0,Awake_immobile,0.987641825252139,1.03433803897146,540,0.303103111077422,0.116528260626838,0.186574850450536,1.08954366388546,0.208629035726525,0.644047689247381,d2e65164f5640b4b97649714fbbd3e5ab5bc26c3243e44683d98e840ef89b657
/Users/zcm361/Documents/Github/OxygenDynamicsV2/reference-validation/phase1-optimized-20260909/FB2312-baseline-awake/Recording,surge,3,9,20,641,650,641,650,13180,20,20,0,0,0,596.27096737481,596.27096737481,valid,valid,-0.0121952109451718,-0.0121952109451718,0,1,1,Awake_immobile,0.84329204926451,0.921021704294934,650,-1.21952109451718,0.00843983094739682,-1.22796092546458,-7.32197476921024,0.317078614783505,0.969456039235565,d2e65164f5640b4b97649714fbbd3e5ab5bc26c3243e44683d98e840ef89b657
/Users/zcm361/Documents/Github/OxygenDynamicsV2/reference-validation/phase1-optimized-20260909/FB2312-baseline-awake/Recording,surge,3,10,21,683,695,683,695,11521,20,20,0,0,0,574.227623470185,574.227623470185,valid,valid,3.04655164929027e-05,3.04655164929027e-05,0,1,0,Awake_immobile,0.51540036592515,0.542715574559714,691,0.00304655164929027,-0.0154052003521228,0.018451752001418,0.105955311341704,0.112302053256646,0.351654654533609,d2e65164f5640b4b97649714fbbd3e5ab5bc26c3243e44683d98e840ef89b657
/Users/zcm361/Documents/Github/OxygenDynamicsV2/reference-validation/phase1-optimized-20260909/FB2312-baseline-awake/Recording,surge,3,11,22,1063,1075,1063,1075,12620,20,20,0,0,0,571.033510301109,571.033510301109,valid,valid,0.00587531193787738,0.00587531193787738,0,1,0,Awake_immobile,0.207206856937711,0.236154825930551,1065,0.587531193787738,-0.133165204000191,0.720696397787923,4.11541804076375,-0.104987059370914,-0.325259923579773,d2e65164f5640b4b97649714fbbd3e5ab5bc26c3243e44683d98e840ef89b657
/Users/zcm361/Documents/Github/OxygenDynamicsV2/reference-validation/phase1-optimized-20260909/FB2312-baseline-awake/Recording,surge,4,1,23,17,46,17,46,24252,20,13,1,3,0,NaN,NaN,insufficient_clean_prebaseline,insufficient_clean_prebaseline,NaN,NaN,NaN,1,0,Awake_immobile,0.122028005048845,0.130459055162433,NaN,NaN,NaN,NaN,NaN,NaN,NaN,d2e65164f5640b4b97649714fbbd3e5ab5bc26c3243e44683d98e840ef89b657
/Users/zcm361/Documents/Github/OxygenDynamicsV2/reference-validation/phase1-optimized-20260909/FB2312-baseline-awake/Recording,surge,4,2,24,253,266,253,266,16691,20,20,0,0,0,5656.78279611767,5656.78279611767,valid,valid,0.140623960656922,0.140623960656922,0,1,0,Awake_immobile,0.393854105823976,0.419919879340401,262,14.0623960656922,1.77541001638055,12.2869860493117,695.048113023784,0.747095372479674,0.462782223380719,d2e65164f5640b4b97649714fbbd3e5ab5bc26c3243e44683d98e840ef89b657
/Users/zcm361/Documents/Github/OxygenDynamicsV2/reference-validation/phase1-optimized-20260909/FB2312-baseline-awake/Recording,surge,4,3,25,356,395,356,395,25933,20,12,0,8,0,NaN,NaN,insufficient_clean_prebaseline,insufficient_clean_prebaseline,NaN,NaN,NaN,1,0,Awake_immobile,0.253564929707139,0.265077986771845,NaN,NaN,NaN,NaN,NaN,NaN,NaN,d2e65164f5640b4b97649714fbbd3e5ab5bc26c3243e44683d98e840ef89b657
/Users/zcm361/Documents/Github/OxygenDynamicsV2/reference-validation/phase1-optimized-20260909/FB2312-baseline-awake/Recording,surge,4,4,26,448,468,448,468,27016,20,5,0,15,0,NaN,NaN,insufficient_clean_prebaseline,insufficient_clean_prebaseline,NaN,NaN,NaN,1,0,Awake_immobile,0.148599593145799,0.161967968774438,NaN,NaN,NaN,NaN,NaN,NaN,NaN,d2e65164f5640b4b97649714fbbd3e5ab5bc26c3243e44683d98e840ef89b657
/Users/zcm361/Documents/Github/OxygenDynamicsV2/reference-validation/phase1-optimized-20260909/FB2312-baseline-awake/Recording,surge,4,5,27,1150,1160,1150,1160,10157,20,20,0,0,0,5663.26270060057,5663.26270060057,valid,valid,0.0540412148468841,0.0540412148468841,0,1,0,Awake_immobile,0.131453820901767,0.141914881849356,1156,5.40412148468841,-0.973975984980977,6.3780974696694,361.208414271066,0.489860490842545,0.304429161246039,d2e65164f5640b4b97649714fbbd3e5ab5bc26c3243e44683d98e840ef89b657
/Users/zcm361/Documents/Github/OxygenDynamicsV2/reference-validation/phase1-optimized-20260909/FB2312-baseline-awake/Recording,surge,5,1,28,661,673,661,673,6491,20,20,0,0,0,5807.28636573718,5807.28636573718,valid,valid,0.0596511602445641,0.0596511602445641,0,1,0,Awake_immobile,0.201729242967481,0.213503327439968,665,5.96511602445641,-0.281485208542911,6.24660123299935,362.758018218848,0.311720101313967,0.193310315528519,d2e65164f5640b4b97649714fbbd3e5ab5bc26c3243e44683d98e840ef89b657
/Users/zcm361/Documents/Github/OxygenDynamicsV2/reference-validation/phase1-optimized-20260909/FB2312-baseline-awake/Recording,surge,6,1,29,511,523,511,523,8973,20,20,0,0,0,4340.84242728185,4340.84242728185,valid,valid,0.091178827576546,0.091178827576546,0,1,0,Awake_immobile,0.211498055716165,0.22557559705246,513,9.1178827576546,0.266591325436422,8.85129143221818,384.220613170757,0.292361815728032,0.164883254771549,d2e65164f5640b4b97649714fbbd3e5ab5bc26c3243e44683d98e840ef89b657
/Users/zcm361/Documents/Github/OxygenDynamicsV2/reference-validation/phase1-optimized-20260909/FB2312-baseline-awake/Recording,surge,7,1,30,24,39,24,39,5468,20,20,0,0,0,1570.50656547184,1570.50656547184,valid,valid,0.170497001704763,0.170497001704763,0,1,0,Awake_immobile,0.128205013233311,0.135297994403469,39,17.0497001704763,7.54913327280498,9.50056689767128,149.207027431954,-0.0255570330447062,-0.0691802603460788,d2e65164f5640b4b97649714fbbd3e5ab5bc26c3243e44683d98e840ef89b657
/Users/zcm361/Documents/Github/OxygenDynamicsV2/reference-validation/phase1-optimized-20260909/FB2312-baseline-awake/Recording,surge,7,2,31,515,526,515,526,1673,20,20,0,0,0,2921.84079497908,2921.84079497908,valid,valid,0.114569331722515,0.114569331722515,0,1,0,Awake_immobile,0.200282924741328,0.211685390735739,524,11.4569331722515,0.680145294703253,10.7767878775482,314.880583757308,0.37732515300498,0.370585510658729,d2e65164f5640b4b97649714fbbd3e5ab5bc26c3243e44683d98e840ef89b657
/Users/zcm361/Documents/Github/OxygenDynamicsV2/reference-validation/phase1-optimized-20260909/FB2312-baseline-awake/Recording,surge,7,3,32,1190,1200,1190,1200,3952,20,20,0,0,0,2674.46428390688,2674.46428390688,valid,valid,0.0508650383022286,0.0508650383022286,0,1,0,Awake_immobile,0.185149171638135,0.215779760609814,1192,5.08650383022286,-0.453375402285091,5.53987923250799,148.16209364671,0.152548203795533,0.158945330512629,d2e65164f5640b4b97649714fbbd3e5ab5bc26c3243e44683d98e840ef89b657
/Users/zcm361/Documents/Github/OxygenDynamicsV2/reference-validation/phase1-optimized-20260909/FB2312-baseline-awake/Recording,surge,8,1,33,355,364,355,364,12104,20,20,0,0,0,4455.00776602776,4455.00776602776,valid,valid,0.151427745283339,0.151427745283339,0,1,0,Awake_immobile,0.34484369597733,0.374696147746173,358,15.1427745283339,0.839041613800347,14.3037329145335,637.232411911404,0.442157155426248,0.340157533964994,d2e65164f5640b4b97649714fbbd3e5ab5bc26c3243e44683d98e840ef89b657
/Users/zcm361/Documents/Github/OxygenDynamicsV2/reference-validation/phase1-optimized-20260909/FB2312-baseline-awake/Recording,surge,8,2,34,660,671,660,671,24878,20,5,0,15,0,NaN,NaN,insufficient_clean_prebaseline,insufficient_clean_prebaseline,NaN,NaN,NaN,1,0,Awake_immobile,0.238445630001496,0.250746463672077,NaN,NaN,NaN,NaN,NaN,NaN,NaN,d2e65164f5640b4b97649714fbbd3e5ab5bc26c3243e44683d98e840ef89b657
/Users/zcm361/Documents/Github/OxygenDynamicsV2/reference-validation/phase1-optimized-20260909/FB2312-baseline-awake/Recording,surge,9,1,35,37,53,37,53,5725,20,14,0,6,0,NaN,NaN,insufficient_clean_prebaseline,insufficient_clean_prebaseline,NaN,NaN,NaN,1,0,Awake_immobile,0.133947267825093,0.152910689253855,NaN,NaN,NaN,NaN,NaN,NaN,NaN,d2e65164f5640b4b97649714fbbd3e5ab5bc26c3243e44683d98e840ef89b657
/Users/zcm361/Documents/Github/OxygenDynamicsV2/reference-validation/phase1-optimized-20260909/FB2312-baseline-awake/Recording,surge,9,2,36,249,274,249,274,7953,20,20,0,0,0,5767.61056205206,5767.61056205206,valid,valid,0.154965187252544,0.154965187252544,0,1,0,Awake_immobile,0.274537853568987,0.310330844177657,262,15.4965187252544,2.01674583123026,13.4797728940241,777.46080387729,0.858196584790242,0.523202486247952,d2e65164f5640b4b97649714fbbd3e5ab5bc26c3243e44683d98e840ef89b657
/Users/zcm361/Documents/Github/OxygenDynamicsV2/reference-validation/phase1-optimized-20260909/FB2312-baseline-awake/Recording,surge,9,3,37,355,366,355,366,5643,20,12,0,8,0,NaN,NaN,insufficient_clean_prebaseline,insufficient_clean_prebaseline,NaN,NaN,NaN,1,0,Awake_immobile,0.323598834972732,0.370109837702549,NaN,NaN,NaN,NaN,NaN,NaN,NaN,d2e65164f5640b4b97649714fbbd3e5ab5bc26c3243e44683d98e840ef89b657
/Users/zcm361/Documents/Github/OxygenDynamicsV2/reference-validation/phase1-optimized-20260909/FB2312-baseline-awake/Recording,surge,9,4,38,448,467,448,467,1896,20,20,0,0,0,5657.46563818565,5657.46563818565,valid,valid,0.193479097345035,0.193479097345035,0,1,0,Awake_immobile,0.234148114249615,0.28234215449654,462,19.3479097345035,1.13961488836712,18.2082948461363,1030.12802583075,1.08403245298011,0.672036025309736,d2e65164f5640b4b97649714fbbd3e5ab5bc26c3243e44683d98e840ef89b657
/Users/zcm361/Documents/Github/OxygenDynamicsV2/reference-validation/phase1-optimized-20260909/FB2312-baseline-awake/Recording,surge,9,5,39,511,528,511,528,5693,20,20,0,0,0,6329.91616019673,6329.91616019673,valid,valid,0.103117947796995,0.103117947796995,0,1,0,Awake_immobile,0.19930764092421,0.221222772994288,528,10.3117947796995,0.747212245220874,9.56458253447861,605.43005229361,0.522427307576201,0.342214846828049,d2e65164f5640b4b97649714fbbd3e5ab5bc26c3243e44683d98e840ef89b657
/Users/zcm361/Documents/Github/OxygenDynamicsV2/reference-validation/phase1-optimized-20260909/FB2312-baseline-awake/Recording,surge,9,6,40,1144,1161,1144,1161,4821,20,13,0,7,0,NaN,NaN,insufficient_clean_prebaseline,insufficient_clean_prebaseline,NaN,NaN,NaN,1,0,Awake_immobile,0.11296872458775,0.126644068917589,NaN,NaN,NaN,NaN,NaN,NaN,NaN,d2e65164f5640b4b97649714fbbd3e5ab5bc26c3243e44683d98e840ef89b657
/Users/zcm361/Documents/Github/OxygenDynamicsV2/reference-validation/phase1-optimized-20260909/FB2312-baseline-awake/Recording,surge,10,1,41,24,35,24,35,5645,20,20,0,0,0,3567.01715677591,3567.01715677591,valid,valid,0.0937951826362543,0.0937951826362543,0,1,0,Awake_immobile,0.118616277416407,0.138560835744065,28,9.37951826362543,3.51734721184013,5.86217105178526,209.104646203148,0.263239657010525,0.121097326696361,d2e65164f5640b4b97649714fbbd3e5ab5bc26c3243e44683d98e840ef89b657
/Users/zcm361/Documents/Github/OxygenDynamicsV2/reference-validation/phase1-optimized-20260909/FB2312-baseline-awake/Recording,surge,11,1,42,25,44,25,44,3272,20,20,0,0,0,1839.40414119804,1839.40414119804,valid,valid,0.19643710029642,0.19643710029642,0,1,0,Awake_immobile,0.156209207751123,0.173081819156749,40,19.643710029642,7.69107641207533,11.9526336175667,219.857236357598,0.155269909560793,0.102076221372542,d2e65164f5640b4b97649714fbbd3e5ab5bc26c3243e44683d98e840ef89b657
/Users/zcm361/Documents/Github/OxygenDynamicsV2/reference-validation/phase1-optimized-20260909/FB2312-baseline-awake/Recording,surge,11,2,43,46,55,46,55,3706,20,1,0,19,0,NaN,NaN,insufficient_clean_prebaseline,insufficient_clean_prebaseline,NaN,NaN,NaN,1,0,Awake_immobile,0.160407583482334,0.182891565982227,NaN,NaN,NaN,NaN,NaN,NaN,NaN,d2e65164f5640b4b97649714fbbd3e5ab5bc26c3243e44683d98e840ef89b657
/Users/zcm361/Documents/Github/OxygenDynamicsV2/reference-validation/phase1-optimized-20260909/FB2312-baseline-awake/Recording,surge,11,3,44,513,528,513,528,9648,20,20,0,0,0,2426.43580534826,2426.43580534826,valid,valid,0.158188183842604,0.158188183842604,0,1,0,Awake_immobile,0.175887022840045,0.198128213382256,526,15.8188183842604,0.324361334309871,15.4944570499505,375.963053373397,0.394589130932962,0.367922094709817,d2e65164f5640b4b97649714fbbd3e5ab5bc26c3243e44683d98e840ef89b657
/Users/zcm361/Documents/Github/OxygenDynamicsV2/reference-validation/phase1-optimized-20260909/FB2312-baseline-awake/Recording,surge,11,4,45,758,767,758,767,7478,20,19,0,1,0,NaN,NaN,insufficient_clean_prebaseline,insufficient_clean_prebaseline,NaN,NaN,NaN,1,0,Awake_immobile,0.114251583800539,0.138091070980942,NaN,NaN,NaN,NaN,NaN,NaN,NaN,d2e65164f5640b4b97649714fbbd3e5ab5bc26c3243e44683d98e840ef89b657
/Users/zcm361/Documents/Github/OxygenDynamicsV2/reference-validation/phase1-optimized-20260909/FB2312-baseline-awake/Recording,surge,11,5,46,823,835,823,835,26668,20,18,0,2,0,NaN,NaN,insufficient_clean_prebaseline,insufficient_clean_prebaseline,NaN,NaN,NaN,1,0,Awake_immobile,0.187181598501957,0.201826189535123,NaN,NaN,NaN,NaN,NaN,NaN,NaN,d2e65164f5640b4b97649714fbbd3e5ab5bc26c3243e44683d98e840ef89b657
/Users/zcm361/Documents/Github/OxygenDynamicsV2/reference-validation/phase1-optimized-20260909/FB2312-baseline-awake/Recording,surge,11,6,47,1191,1200,1191,1200,20401,20,17,0,3,0,NaN,NaN,insufficient_clean_prebaseline,insufficient_clean_prebaseline,NaN,NaN,NaN,1,0,Awake_immobile,0.231535100717529,0.239527908885447,NaN,NaN,NaN,NaN,NaN,NaN,NaN,d2e65164f5640b4b97649714fbbd3e5ab5bc26c3243e44683d98e840ef89b657
/Users/zcm361/Documents/Github/OxygenDynamicsV2/reference-validation/phase1-optimized-20260909/FB2312-baseline-awake/Recording,surge,12,1,48,26,38,26,38,1703,20,20,0,0,0,1428.04166177334,1428.04166177334,valid,valid,0.159769016280503,0.159769016280503,0,1,0,Awake_immobile,0.176963087672486,0.203544284824737,38,15.9769016280503,5.67353447497814,10.3033671530722,147.136375820588,0.170024548004215,0.138165928126761,d2e65164f5640b4b97649714fbbd3e5ab5bc26c3243e44683d98e840ef89b657
/Users/zcm361/Documents/Github/OxygenDynamicsV2/reference-validation/phase1-optimized-20260909/FB2312-baseline-awake/Recording,surge,13,1,49,735,748,735,748,11978,20,12,0,8,0,NaN,NaN,insufficient_clean_prebaseline,insufficient_clean_prebaseline,NaN,NaN,NaN,1,0,Awake_immobile,0.173743511857689,0.191944104784539,NaN,NaN,NaN,NaN,NaN,NaN,NaN,d2e65164f5640b4b97649714fbbd3e5ab5bc26c3243e44683d98e840ef89b657
/Users/zcm361/Documents/Github/OxygenDynamicsV2/reference-validation/phase1-optimized-20260909/FB2312-baseline-awake/Recording,surge,14,1,50,127,140,127,140,2423,20,20,0,0,0,3707.86044160132,3707.86044160132,valid,valid,0.0904019328671071,0.0904019328671071,0,1,0,Awake_immobile,0.251990879363275,0.303243523370249,134,9.0401932867107,2.03721896819661,7.0029743185141,259.660512927815,0.346501610732904,0.185561098017012,d2e65164f5640b4b97649714fbbd3e5ab5bc26c3243e44683d98e840ef89b657
/Users/zcm361/Documents/Github/OxygenDynamicsV2/reference-validation/phase1-optimized-20260909/FB2312-baseline-awake/Recording,surge,14,2,51,360,388,360,388,4386,20,19,0,1,0,NaN,NaN,insufficient_clean_prebaseline,insufficient_clean_prebaseline,NaN,NaN,NaN,1,0,Awake_immobile,0.26043427408851,0.313725398969314,NaN,NaN,NaN,NaN,NaN,NaN,NaN,d2e65164f5640b4b97649714fbbd3e5ab5bc26c3243e44683d98e840ef89b657
/Users/zcm361/Documents/Github/OxygenDynamicsV2/reference-validation/phase1-optimized-20260909/FB2312-baseline-awake/Recording,surge,14,3,52,460,469,460,469,7086,20,20,0,0,0,4253.41336438047,4253.41336438047,valid,valid,0.177024163598567,0.177024163598567,0,1,0,Awake_immobile,0.337869900006254,0.380111661052538,462,17.7024163598567,0.453595790541485,17.2488205693151,733.663640547754,0.709237273607133,0.570661077434701,d2e65164f5640b4b97649714fbbd3e5ab5bc26c3243e44683d98e840ef89b657
/Users/zcm361/Documents/Github/OxygenDynamicsV2/reference-validation/phase1-optimized-20260909/FB2312-baseline-awake/Recording,surge,15,1,53,452,463,452,463,1416,20,20,0,0,0,7127.97326977401,7127.97326977401,valid,valid,0.14216298171499,0.14216298171499,0,1,0,Awake_immobile,0.27447873538902,0.325109087814076,462,14.216298171499,0.765769305627044,13.450528865872,958.750105104608,0.97134358445371,0.564220945616064,d2e65164f5640b4b97649714fbbd3e5ab5bc26c3243e44683d98e840ef89b657
/Users/zcm361/Documents/Github/OxygenDynamicsV2/reference-validation/phase1-optimized-20260909/FB2312-baseline-awake/Recording,surge,16,1,54,41,50,41,50,2280,20,7,0,13,0,NaN,NaN,insufficient_clean_prebaseline,insufficient_clean_prebaseline,NaN,NaN,NaN,1,0,Awake_immobile,0.139731797884505,0.178040483444089,NaN,NaN,NaN,NaN,NaN,NaN,NaN,d2e65164f5640b4b97649714fbbd3e5ab5bc26c3243e44683d98e840ef89b657
/Users/zcm361/Documents/Github/OxygenDynamicsV2/reference-validation/phase1-optimized-20260909/FB2312-baseline-awake/Recording,surge,17,1,55,452,462,452,462,1423,20,4,0,16,0,NaN,NaN,insufficient_clean_prebaseline,insufficient_clean_prebaseline,NaN,NaN,NaN,1,0,Awake_immobile,0.307694942601037,0.339923065330474,NaN,NaN,NaN,NaN,NaN,NaN,NaN,d2e65164f5640b4b97649714fbbd3e5ab5bc26c3243e44683d98e840ef89b657
/Users/zcm361/Documents/Github/OxygenDynamicsV2/reference-validation/phase1-optimized-20260909/FB2312-baseline-awake/Recording,surge,17,2,56,513,527,513,527,913,20,20,0,0,0,4310.33176341731,4310.33176341731,valid,valid,0.125536800203104,0.125536800203104,0,1,0,Awake_immobile,0.283073646175686,0.353610303693515,527,12.5536800203104,1.05148655400684,11.5021934663035,495.782701152622,0.482053339795858,0.409534099096514,d2e65164f5640b4b97649714fbbd3e5ab5bc26c3243e44683d98e840ef89b657
/Users/zcm361/Documents/Github/OxygenDynamicsV2/reference-validation/phase1-optimized-20260909/FB2312-baseline-awake/Recording,surge,18,1,57,385,398,385,398,3694,20,20,0,0,0,3985.16119382783,3985.16119382783,valid,valid,0.0337569655438314,0.0337569655438314,0,1,0,Awake_immobile,0.321078573667935,0.361500753531773,392,3.37569655438314,0.450861469111765,2.92483508527134,116.559390004338,0.0887204588852797,0.0865381568745524,d2e65164f5640b4b97649714fbbd3e5ab5bc26c3243e44683d98e840ef89b657
/Users/zcm361/Documents/Github/OxygenDynamicsV2/reference-validation/phase1-optimized-20260909/FB2312-baseline-awake/Recording,surge,19,1,58,816,835,816,835,4304,20,20,0,0,0,4485.63402648699,4485.63402648699,valid,valid,0.0902882992241105,0.0902882992241105,0,1,0,Awake_immobile,0.223972606298213,0.256963715183922,827,9.02882992241105,-0.297873795121375,9.32670371753241,418.361791823433,0.356734466078466,0.237674345231286,d2e65164f5640b4b97649714fbbd3e5ab5bc26c3243e44683d98e840ef89b657
