Session,Kind,EventRow,CurrentStart,CurrentEnd,NativeStart,NativeEnd,CurrentAmplitude,NativeWindowAmplitude,CurrentStatus,NativeWindowStatus
M400-01-baseline-awake,sink,1,5,10,5,8,NaN,NaN,insufficient_clean_prebaseline,insufficient_clean_prebaseline
M400-01-baseline-awake,sink,2,430,458,436,440,0.0520498624193171,0.038989947281705,valid,valid
M400-01-baseline-awake,sink,3,577,600,582,600,0.0826756908675265,0.0758608366333866,valid,valid
M400-01-baseline-awake,sink,4,2,19,2,8,NaN,NaN,insufficient_clean_prebaseline,insufficient_clean_prebaseline
M400-01-baseline-awake,sink,5,30,45,35,39,0.0540871968955503,0.0497921967281059,valid,valid
M400-01-baseline-awake,sink,6,276,298,287,289,0.072996452663041,0.062948524070157,valid,valid
M400-01-baseline-awake,sink,7,4,24,4,16,NaN,NaN,insufficient_clean_prebaseline,insufficient_clean_prebaseline
M400-01-baseline-awake,sink,8,241,258,244,256,0.0564749317138082,0.0652452427150782,valid,valid
M400-01-baseline-awake,sink,9,452,462,457,461,0.110715508083192,0.110445644211605,valid,valid
M400-01-baseline-awake,sink,10,16,54,18,46,NaN,NaN,insufficient_clean_prebaseline,insufficient_clean_prebaseline
M400-01-baseline-awake,sink,11,210,227,219,227,NaN,NaN,insufficient_clean_prebaseline,insufficient_clean_prebaseline
M400-01-baseline-awake,sink,12,240,341,252,332,NaN,NaN,insufficient_clean_prebaseline,insufficient_clean_prebaseline
M400-01-baseline-awake,sink,13,402,409,405,408,NaN,NaN,insufficient_clean_prebaseline,insufficient_clean_prebaseline
M400-01-baseline-awake,sink,14,478,487,482,486,0.0953089071557409,0.0864239300710969,valid,valid
M400-01-baseline-awake,sink,15,545,551,546,549,0.0715917878947961,0.0721335432811552,valid,valid
M400-01-baseline-awake,sink,16,580,600,580,600,NaN,NaN,insufficient_clean_prebaseline,insufficient_clean_prebaseline
M400-01-baseline-awake,sink,17,23,38,23,33,0.0612548648804646,0.0612548648804646,valid,valid
M400-01-baseline-awake,sink,18,90,147,90,108,NaN,NaN,insufficient_clean_prebaseline,insufficient_clean_prebaseline
M400-01-baseline-awake,sink,19,13,116,28,30,NaN,0.0258555138602721,insufficient_clean_prebaseline,valid
M400-01-baseline-awake,sink,20,116,156,125,128,0.109080812105658,0.0845263687508577,valid,valid
M400-01-baseline-awake,sink,21,10,15,11,13,NaN,NaN,insufficient_clean_prebaseline,insufficient_clean_prebaseline
M400-01-baseline-awake,sink,22,94,120,102,104,0.110559771274638,0.0770515604322185,valid,valid
M400-01-baseline-awake,sink,23,120,166,124,130,NaN,NaN,insufficient_clean_prebaseline,insufficient_clean_prebaseline
M400-01-baseline-awake,sink,24,193,222,199,208,0.0829556262852224,NaN,valid,insufficient_clean_prebaseline
M400-01-baseline-awake,sink,25,240,255,245,254,0.069286579597052,NaN,valid,insufficient_clean_prebaseline
M400-01-baseline-awake,sink,26,317,348,335,347,0.0892656865309575,0.0645510045407913,valid,valid
M400-01-baseline-awake,sink,27,373,402,394,399,0.0989041090605354,0.0193416501039537,valid,valid
M400-01-baseline-awake,sink,28,556,573,567,570,NaN,NaN,insufficient_clean_prebaseline,insufficient_clean_prebaseline
M400-01-baseline-awake,sink,29,154,168,157,160,0.0989193646986778,0.0989712739752477,valid,valid
M400-01-baseline-awake,sink,30,228,241,232,234,NaN,0.121204302361961,insufficient_clean_prebaseline,valid
M400-01-baseline-awake,sink,31,485,501,488,500,NaN,NaN,insufficient_clean_prebaseline,insufficient_clean_prebaseline
M400-01-baseline-awake,sink,32,219,244,225,242,0.134780197678296,0.0929243115065745,valid,valid
M400-01-baseline-awake,sink,33,353,375,361,371,0.133380848258511,0.0581900642580976,valid,valid
M400-01-baseline-awake,sink,34,450,461,454,458,NaN,NaN,insufficient_clean_prebaseline,insufficient_clean_prebaseline
M400-01-baseline-awake,sink,35,17,42,28,39,NaN,0.0730056872666742,insufficient_clean_prebaseline,valid
M400-01-baseline-awake,sink,36,93,118,98,103,0.0611171880938139,0.0651611671953353,valid,valid
M400-01-baseline-awake,sink,37,208,234,226,232,0.0932550249666768,0.105257007056234,valid,valid
M400-01-baseline-awake,sink,38,380,413,394,399,0.0783980722132917,0.0465576837351379,valid,valid
M400-01-baseline-awake,sink,39,445,475,448,451,0.0680313928704981,0.0367772762169405,valid,valid
M400-01-baseline-awake,sink,40,587,596,592,596,0.0746016889857412,0.0583156034777697,valid,valid
M400-01-baseline-awake,sink,41,58,98,85,96,-0.00349679595615087,0.0452848900911279,valid,valid
M400-01-baseline-awake,sink,42,310,316,312,315,0.103112401225609,0.108043263494182,valid,valid
M400-01-baseline-awake,sink,43,392,404,399,401,0.0882768583362121,0.0768213212130977,valid,valid
M400-01-baseline-awake,sink,44,467,478,472,475,0.0550583736505651,0.0554560149037016,valid,valid
M400-01-baseline-awake,sink,45,530,550,533,536,0.0721861212132401,0.068591397089739,valid,valid
M400-01-baseline-awake,sink,46,41,48,41,43,0.0521229135025378,0.0396583014864326,valid,valid
M400-01-baseline-awake,sink,47,452,474,465,471,0.0794821522092952,0.0608814443176972,valid,valid
M400-01-baseline-awake,sink,48,106,124,109,124,0.109274161431045,0.0982621161316317,valid,valid
M400-01-baseline-awake,sink,49,310,325,312,324,0.102646118565828,0.0990730926626561,valid,valid
M400-01-baseline-awake,sink,50,325,373,365,369,NaN,-0.00959059502939047,insufficient_clean_prebaseline,valid
M400-01-baseline-awake,sink,51,503,513,507,511,0.0869066402322938,0.0834654422615482,valid,valid
M400-01-baseline-awake,sink,52,65,77,67,76,NaN,NaN,insufficient_clean_prebaseline,insufficient_clean_prebaseline
M400-01-baseline-awake,sink,53,94,114,107,109,NaN,0.138576996675148,insufficient_clean_prebaseline,valid
M400-01-baseline-awake,sink,54,181,222,211,219,0.106944142343746,NaN,valid,insufficient_clean_prebaseline
M400-01-baseline-awake,sink,55,276,298,292,296,0.106412179077976,0.116733496932886,valid,valid
M400-01-baseline-awake,sink,56,316,362,349,358,NaN,NaN,insufficient_clean_prebaseline,insufficient_clean_prebaseline
M400-01-baseline-awake,sink,57,402,426,404,409,NaN,NaN,insufficient_clean_prebaseline,insufficient_clean_prebaseline
M400-01-baseline-awake,sink,58,479,487,480,485,0.120869605619406,0.119210808483312,valid,valid
M400-01-baseline-awake,sink,59,507,517,513,515,0.103308603696581,0.105903576159795,valid,valid
M400-01-baseline-awake,sink,60,545,553,546,550,0.14176992129805,0.140914627885188,valid,valid
M400-01-baseline-awake,sink,61,555,580,572,575,NaN,0.0973758006052504,insufficient_clean_prebaseline,valid
M400-01-baseline-awake,sink,62,43,76,57,76,NaN,0.072716669104005,insufficient_clean_prebaseline,valid
M400-01-baseline-awake,sink,63,93,113,106,108,NaN,0.109396076859148,insufficient_clean_prebaseline,valid
M400-01-baseline-awake,sink,64,187,193,189,191,0.0926809110165138,0.0904752445506033,valid,valid
M400-01-baseline-awake,sink,65,403,427,405,412,NaN,NaN,insufficient_clean_prebaseline,insufficient_clean_prebaseline
M400-01-baseline-awake,sink,66,479,483,479,482,0.0827672578613658,0.0827672578613658,valid,valid
M400-01-baseline-awake,sink,67,511,515,512,514,0.0824242698167239,0.0837947526602576,valid,valid
M400-01-baseline-awake,sink,68,545,550,546,548,NaN,NaN,insufficient_clean_prebaseline,insufficient_clean_prebaseline
M400-01-baseline-awake,sink,69,39,57,49,55,NaN,NaN,insufficient_clean_prebaseline,insufficient_clean_prebaseline
M400-01-baseline-awake,sink,70,214,256,234,240,0.121456038789287,0.0764103269834842,valid,valid
M400-01-baseline-awake,sink,71,50,82,70,80,0.0701610882891803,0.0182919463990332,valid,valid
M400-01-baseline-awake,sink,72,301,304,301,304,0.0850990218686261,0.0850990218686261,valid,valid
M400-01-baseline-awake,sink,73,350,378,360,371,NaN,NaN,insufficient_clean_prebaseline,insufficient_clean_prebaseline
M400-01-baseline-awake,sink,74,468,519,488,519,NaN,0.0526848291649024,insufficient_clean_prebaseline,valid
M400-01-baseline-awake,sink,75,552,566,555,557,0.0724771852650093,0.0718676380994808,valid,valid
M400-01-baseline-awake,sink,76,59,79,71,78,0.0268396198218661,0.0105809444305083,valid,valid
M400-01-baseline-awake,sink,77,109,118,113,115,0.0465879371216496,0.0462594706432663,valid,valid
M400-01-baseline-awake,sink,78,260,267,263,266,0.0749093915166731,0.075636036565219,valid,valid
M400-01-baseline-awake,sink,79,296,303,297,301,0.0483079227876352,0.0476779228807666,valid,valid
M400-01-baseline-awake,sink,80,313,354,324,333,NaN,NaN,insufficient_clean_prebaseline,insufficient_clean_prebaseline
M400-01-baseline-awake,sink,81,481,499,483,486,0.0918840842944683,0.0890496383137939,valid,valid
M400-01-baseline-awake,sink,82,537,542,537,542,0.0728090886698026,0.0728090886698026,valid,valid
M400-01-baseline-awake,sink,83,467,481,471,478,NaN,NaN,insufficient_clean_prebaseline,insufficient_clean_prebaseline
M400-01-baseline-awake,sink,84,40,64,54,56,0.0728202590326237,0.0413875605677423,valid,valid
M400-01-baseline-awake,sink,85,23,61,55,57,0.138866786219018,0.0797602431084201,valid,valid
M400-01-baseline-awake,sink,86,45,84,71,76,0.104318269691322,0.0299099210936713,valid,valid
M400-01-baseline-awake,sink,87,355,378,369,371,0.0990851725012684,0.029728334799516,valid,valid
M400-01-baseline-awake,sink,88,482,521,488,512,0.0766592391436327,0.0650978982380606,valid,valid
M400-01-baseline-awake,sink,89,129,154,136,146,0.0869282610926754,0.0911198013928861,valid,valid
M400-01-baseline-awake,sink,90,213,251,216,223,NaN,NaN,insufficient_clean_prebaseline,insufficient_clean_prebaseline
M400-01-baseline-awake,sink,91,213,271,245,257,NaN,0.0392733581552427,insufficient_clean_prebaseline,valid
M400-01-baseline-awake,sink,92,345,392,357,368,NaN,0.0715949568167365,insufficient_clean_prebaseline,valid
M400-01-baseline-awake,sink,93,500,531,500,531,0.0988866801166102,0.0988866801166102,valid,valid
M400-01-baseline-awake,sink,94,553,559,553,557,NaN,NaN,insufficient_clean_prebaseline,insufficient_clean_prebaseline
M400-01-baseline-awake,sink,95,58,73,61,63,0.0614797261716694,0.059189628255192,valid,valid
M400-01-baseline-awake,sink,96,511,546,519,545,0.0880999259292086,0.0896620415912349,valid,valid
M400-01-baseline-awake,sink,97,82,109,94,96,0.0519212302187609,0.0193520272729927,valid,valid
M400-01-baseline-awake,sink,98,431,462,449,461,0.0837037339890545,NaN,valid,insufficient_clean_prebaseline
M400-01-baseline-awake,sink,99,94,112,102,105,0.0690906109733353,0.0664130693948471,valid,valid
M400-01-baseline-awake,sink,100,519,547,542,545,0.0838620566130022,0.0296406961705512,valid,valid
M400-01-baseline-awake,sink,101,255,291,285,287,NaN,0.065116941600422,insufficient_clean_prebaseline,valid
M400-01-baseline-awake,sink,102,116,152,137,142,0.0781060368894817,0.0335428111168426,valid,valid
M400-01-baseline-awake,sink,103,138,151,141,143,0.0468363536031374,0.0512025738611841,valid,valid
M400-01-baseline-awake,sink,104,87,165,142,145,NaN,0.0223563614322694,insufficient_clean_prebaseline,valid
M400-01-baseline-awake,sink,105,129,163,138,147,0.104565010121081,NaN,valid,insufficient_clean_prebaseline
M400-01-baseline-awake,sink,106,155,166,159,161,0.113686494490748,0.0850363798992557,valid,valid
M400-01-baseline-awake,sink,107,208,223,212,218,NaN,NaN,insufficient_clean_prebaseline,insufficient_clean_prebaseline
M400-01-baseline-awake,sink,108,235,266,258,264,NaN,0.11517947561921,insufficient_clean_prebaseline,valid
M400-01-baseline-awake,sink,109,348,380,356,374,NaN,0.108053699747452,insufficient_clean_prebaseline,valid
M400-01-baseline-awake,sink,110,575,581,577,579,0.0791633097603916,0.0723468992055366,valid,valid
M400-01-baseline-awake,sink,111,178,188,180,184,0.0577222170433861,0.0546871385355665,valid,valid
M400-01-baseline-awake,sink,112,181,194,183,189,0.0656568942992576,0.0637129061997468,valid,valid
M400-01-baseline-awake,sink,113,191,199,193,196,0.0668495735486285,0.0660200623883401,valid,valid
M400-01-baseline-awake,sink,114,185,209,194,196,0.0798000445244988,0.0699805478908474,valid,valid
M400-01-baseline-awake,sink,115,408,435,426,428,NaN,0.0169771757994491,insufficient_clean_prebaseline,valid
M400-01-baseline-awake,sink,116,432,471,449,454,0.0847501245904854,0.0584213307670407,valid,valid
M400-01-baseline-awake,sink,117,205,218,209,211,0.0732586805342622,0.0727696649895694,valid,valid
M400-01-baseline-awake,sink,118,222,257,232,234,0.111499553089794,0.0899013882143095,valid,valid
M400-01-baseline-awake,sink,119,276,307,280,290,0.0556979566917498,0.054203974666958,valid,valid
M400-01-baseline-awake,sink,120,394,409,398,404,0.131886680926004,0.0733082160602039,valid,valid
M400-01-baseline-awake,sink,121,430,465,438,441,0.0592166979362099,0.0574624404135163,valid,valid
M400-01-baseline-awake,sink,122,430,465,461,463,0.0631414203612477,NaN,valid,insufficient_clean_prebaseline
M400-01-baseline-awake,sink,123,567,577,572,574,0.100320834739612,0.111977170287659,valid,valid
M400-01-baseline-awake,sink,124,256,287,269,279,0.0531944699815256,0.0560736548422188,valid,valid
M400-01-baseline-awake,sink,125,294,352,297,311,0.0791757232640821,0.0600593018320356,valid,valid
M400-01-baseline-awake,sink,126,296,312,307,309,0.0788377013328394,NaN,valid,insufficient_clean_prebaseline
M400-01-baseline-awake,sink,127,333,361,351,358,NaN,0.148548557609929,insufficient_clean_prebaseline,valid
M400-01-baseline-awake,sink,128,330,350,339,341,0.08578918613117,0.0817769233577087,valid,valid
M400-01-baseline-awake,sink,129,354,375,370,372,0.126931384685904,NaN,valid,insufficient_clean_prebaseline
M400-01-baseline-awake,sink,130,396,436,421,428,NaN,0.000686004429319714,insufficient_clean_prebaseline,valid
M400-01-baseline-awake,sink,131,393,416,404,406,0.110236307298731,0.108748075511679,valid,valid
M400-01-baseline-awake,sink,132,403,418,411,413,NaN,NaN,insufficient_clean_prebaseline,insufficient_clean_prebaseline
M400-01-baseline-awake,sink,133,403,427,412,414,0.11255639021178,0.0521163825967189,valid,valid
M400-01-baseline-awake,sink,134,453,469,456,458,0.0875292880026777,0.0859284717773083,valid,valid
M400-01-baseline-awake,sink,135,466,473,468,470,0.0730268039459844,0.0712244128628065,valid,valid
M400-01-baseline-awake,sink,136,485,500,488,490,0.100071451078201,0.102616299653048,valid,valid
M400-01-baseline-awake,sink,137,534,568,549,567,0.0330715678218599,0.0330330366592985,valid,valid
M400-01-baseline-awake,surge,1,138,156,138,156,0.0166498274681453,0.0166498274681453,valid,valid
M400-01-baseline-awake,surge,2,241,254,241,254,0.0438686349581543,0.0438686349581543,valid,valid
M400-01-baseline-awake,surge,3,330,345,330,345,NaN,NaN,insufficient_clean_prebaseline,insufficient_clean_prebaseline
M400-01-baseline-awake,surge,4,432,459,432,459,0.0352694563934713,0.0352694563934713,valid,valid
M400-01-baseline-awake,surge,5,138,169,138,169,0.018880942130858,0.018880942130858,valid,valid
M400-01-baseline-awake,surge,6,174,188,174,188,NaN,NaN,insufficient_clean_prebaseline,insufficient_clean_prebaseline
M400-01-baseline-awake,surge,7,369,396,369,396,0.0478136897541871,0.0478136897541871,valid,valid
M400-01-baseline-awake,surge,8,590,600,590,600,0.00818385764185148,0.00818385764185148,valid,valid
M400-01-baseline-awake,surge,9,27,36,27,36,0.0149941682829049,0.0149941682829049,valid,valid
M400-01-baseline-awake,surge,10,123,148,123,148,NaN,NaN,insufficient_clean_prebaseline,insufficient_clean_prebaseline
M400-01-baseline-awake,surge,11,200,214,200,214,NaN,NaN,insufficient_clean_prebaseline,insufficient_clean_prebaseline
M400-01-baseline-awake,surge,12,240,260,240,260,0.0349442300429217,0.0349442300429217,valid,valid
M400-01-baseline-awake,surge,13,291,301,291,301,NaN,NaN,insufficient_clean_prebaseline,insufficient_clean_prebaseline
M400-01-baseline-awake,surge,14,308,318,308,318,NaN,NaN,insufficient_clean_prebaseline,insufficient_clean_prebaseline
M400-01-baseline-awake,surge,15,321,330,321,330,NaN,NaN,insufficient_clean_prebaseline,insufficient_clean_prebaseline
M400-01-baseline-awake,surge,16,375,387,375,387,NaN,NaN,insufficient_clean_prebaseline,insufficient_clean_prebaseline
M400-01-baseline-awake,surge,17,390,399,390,399,NaN,NaN,insufficient_clean_prebaseline,insufficient_clean_prebaseline
M400-01-baseline-awake,surge,18,437,447,437,447,0.0236912035217579,0.0236912035217579,valid,valid
M400-01-baseline-awake,surge,19,542,555,542,555,0.0415110215448344,0.0415110215448344,valid,valid
M400-01-baseline-awake,surge,20,170,186,170,186,NaN,NaN,insufficient_clean_prebaseline,insufficient_clean_prebaseline
M400-01-baseline-awake,surge,21,196,209,196,209,NaN,NaN,insufficient_clean_prebaseline,insufficient_clean_prebaseline
M400-01-baseline-awake,surge,22,324,334,324,334,0.0372407996936797,0.0372407996936797,valid,valid
M400-01-baseline-awake,surge,23,392,403,392,403,NaN,NaN,insufficient_clean_prebaseline,insufficient_clean_prebaseline
M400-01-baseline-awake,surge,24,442,452,442,452,0.0199825224547227,0.0199825224547227,valid,valid
M400-01-baseline-awake,surge,25,534,544,534,544,NaN,NaN,insufficient_clean_prebaseline,insufficient_clean_prebaseline
M400-01-baseline-awake,surge,26,199,208,199,208,0.0286350022772,0.0286350022772,valid,valid
M400-01-baseline-awake,surge,27,389,398,389,398,NaN,NaN,insufficient_clean_prebaseline,insufficient_clean_prebaseline
M400-01-baseline-awake,surge,28,2,14,2,14,NaN,NaN,insufficient_clean_prebaseline,insufficient_clean_prebaseline
M400-01-baseline-awake,surge,29,267,278,267,278,NaN,NaN,insufficient_clean_prebaseline,insufficient_clean_prebaseline
M400-01-baseline-awake,surge,30,588,600,588,600,0.0232716529454267,0.0232716529454267,valid,valid
M400-01-baseline-awake,surge,31,122,131,122,131,0.0730516765015189,0.0730516765015189,valid,valid
M400-01-baseline-awake,surge,32,535,544,535,544,0.0393792448870846,0.0393792448870846,valid,valid
M400-01-baseline-awake,surge,33,144,153,144,153,NaN,NaN,insufficient_clean_prebaseline,insufficient_clean_prebaseline
M400-01-baseline-awake,surge,34,174,185,174,185,0.126219293147134,0.126219293147134,valid,valid
M400-01-baseline-awake,surge,35,447,456,447,456,0.102437473483409,0.102437473483409,valid,valid
M400-01-baseline-awake,surge,36,55,64,55,64,0.0541473688245907,0.0541473688245907,valid,valid
M400-01-baseline-awake,surge,37,41,50,41,50,0.0705758776224684,0.0705758776224684,valid,valid
M400-01-baseline-awake,surge,38,59,83,59,83,NaN,NaN,insufficient_clean_prebaseline,insufficient_clean_prebaseline
M400-01-baseline-awake,surge,39,59,74,59,74,0.0607340136691323,0.0607340136691323,valid,valid
M400-01-baseline-awake,surge,40,54,67,54,67,NaN,NaN,insufficient_clean_prebaseline,insufficient_clean_prebaseline
M400-03-baseline-iso,sink,1,5,17,7,9,NaN,NaN,insufficient_clean_prebaseline,insufficient_clean_prebaseline
M400-03-baseline-iso,sink,2,571,579,573,575,0.0401421947181095,0.0383231720923449,valid,valid
M400-03-baseline-iso,sink,3,25,43,39,43,0.0373452654641071,0.0282989474254594,valid,valid
M400-03-baseline-iso,sink,4,164,176,173,176,0.0507629754535058,0.0440967449136542,valid,valid
M400-03-baseline-iso,sink,5,246,251,246,248,0.049557046825658,0.049557046825658,valid,valid
M400-03-baseline-iso,sink,6,296,298,296,298,0.0467138795902232,0.0467138795902232,valid,valid
M400-03-baseline-iso,sink,7,351,361,356,360,0.0570868178928539,0.0410821133194351,valid,valid
M400-03-baseline-iso,sink,8,499,505,501,503,0.0693298171932737,0.0655956068022653,valid,valid
M400-03-baseline-iso,sink,9,565,569,565,569,0.0580871580437048,0.0580871580437048,valid,valid
M400-03-baseline-iso,sink,10,9,13,11,13,NaN,NaN,insufficient_clean_prebaseline,insufficient_clean_prebaseline
M400-03-baseline-iso,sink,11,249,259,254,258,0.0550032765374385,0.0477894429931138,valid,valid
M400-03-baseline-iso,sink,12,278,283,278,280,NaN,NaN,insufficient_clean_prebaseline,insufficient_clean_prebaseline
M400-03-baseline-iso,sink,13,364,368,364,366,0.0381112909568774,0.0290373954200999,valid,valid
M400-03-baseline-iso,sink,14,593,598,593,595,0.0382822823981473,0.0382822823981473,valid,valid
M400-03-baseline-iso,sink,15,489,538,497,499,NaN,NaN,insufficient_clean_prebaseline,insufficient_clean_prebaseline
M400-03-baseline-iso,sink,16,12,17,14,16,NaN,NaN,insufficient_clean_prebaseline,insufficient_clean_prebaseline
M400-03-baseline-iso,sink,17,157,196,185,190,0.0532593574849337,NaN,valid,insufficient_clean_prebaseline
M400-03-baseline-iso,sink,18,231,233,231,233,0.0971992939786517,0.0971992939786517,valid,valid
M400-03-baseline-iso,sink,19,400,409,406,408,0.0577493751255441,0.0505205849916688,valid,valid
M400-03-baseline-iso,sink,20,421,432,428,430,NaN,NaN,insufficient_clean_prebaseline,insufficient_clean_prebaseline
M400-03-baseline-iso,sink,21,16,22,18,20,NaN,NaN,insufficient_clean_prebaseline,insufficient_clean_prebaseline
M400-03-baseline-iso,sink,22,236,246,238,240,0.0559406121084128,0.053227571265243,valid,valid
M400-03-baseline-iso,sink,23,572,581,577,579,0.0574993719119,0.0513258263304063,valid,valid
M400-03-baseline-iso,sink,24,213,220,215,217,0.0821598156231582,0.0807229979537067,valid,valid
M400-03-baseline-iso,sink,25,580,594,582,584,0.0639733427158145,0.0578093327416779,valid,valid
M400-03-baseline-iso,sink,26,19,25,22,25,NaN,0.030605424363239,insufficient_clean_prebaseline,valid
M400-03-baseline-iso,sink,27,215,220,216,219,0.0390092367964119,0.0376133976098448,valid,valid
M400-03-baseline-iso,sink,28,22,37,24,26,0.0431728076052654,0.0431544289952927,valid,valid
M400-03-baseline-iso,sink,29,23,39,25,27,0.0540366801447663,0.0538222770184358,valid,valid
M400-03-baseline-iso,sink,30,27,43,32,38,0.0473827746363317,0.0417838863618822,valid,valid
M400-03-baseline-iso,sink,31,24,38,33,35,0.0515978862515227,NaN,valid,insufficient_clean_prebaseline
M400-03-baseline-iso,sink,32,164,190,171,174,0.0362927515698265,0.0142790625485023,valid,valid
M400-03-baseline-iso,sink,33,180,189,185,187,NaN,NaN,insufficient_clean_prebaseline,insufficient_clean_prebaseline
M400-03-baseline-iso,sink,34,349,360,351,354,0.0581514989286147,0.0558010698686119,valid,valid
M400-03-baseline-iso,sink,35,516,529,524,526,0.0632965423662935,0.0376898081114984,valid,valid
M400-03-baseline-iso,sink,36,86,107,89,100,0.0497030914810851,0.0477429559423421,valid,valid
M400-03-baseline-iso,sink,37,319,342,326,331,0.0478048358337043,0.0328812373938518,valid,valid
M400-03-baseline-iso,sink,38,41,48,43,45,0.0283579424297704,0.0289223662799853,valid,valid
M400-03-baseline-iso,sink,39,45,55,46,48,0.0157804789062349,0.0153584653675712,valid,valid
M400-03-baseline-iso,sink,40,201,212,205,207,0.0426474185329629,0.0425354107218289,valid,valid
M400-03-baseline-iso,sink,41,268,275,271,273,0.0625357660930782,0.0588307600220188,valid,valid
M400-03-baseline-iso,sink,42,376,393,388,391,NaN,0.0394945415642102,insufficient_clean_prebaseline,valid
M400-03-baseline-iso,sink,43,49,60,54,56,0.0292475465580769,0.031605464836464,valid,valid
M400-03-baseline-iso,sink,44,273,283,276,278,0.0859777739294103,0.0800558459553056,valid,valid
M400-03-baseline-iso,sink,45,58,65,61,63,0.0325571562320677,0.0353104154432247,valid,valid
M400-03-baseline-iso,sink,46,59,67,62,64,0.015359998659613,0.0206396027063961,valid,valid
M400-03-baseline-iso,sink,47,62,96,63,72,0.0472082371238918,0.0468733124527485,valid,valid
M400-03-baseline-iso,sink,48,266,273,267,269,0.0575917732596509,0.0570682559710156,valid,valid
M400-03-baseline-iso,sink,49,444,457,445,447,0.0352708736713162,0.0183439655676948,valid,valid
M400-03-baseline-iso,sink,50,578,587,583,585,0.0523559821418173,0.0467518636847708,valid,valid
M400-03-baseline-iso,sink,51,61,72,66,69,0.028056035236198,0.033648832918906,valid,valid
M400-03-baseline-iso,sink,52,64,69,65,67,0.0469142756931123,0.0482154537288999,valid,valid
M400-03-baseline-iso,sink,53,103,110,105,107,0.0570599079358422,0.0587915538790966,valid,valid
M400-03-baseline-iso,sink,54,76,85,82,84,0.0421626799790241,0.039125491113868,valid,valid
M400-03-baseline-iso,sink,55,207,235,228,232,0.0587565483536932,0.036568145487883,valid,valid
M400-03-baseline-iso,sink,56,79,98,82,86,0.0527568280559282,0.050150018819019,valid,valid
M400-03-baseline-iso,sink,57,402,408,404,406,0.0412419253530947,0.0410844425489241,valid,valid
M400-03-baseline-iso,sink,58,158,171,162,165,0.0433856595736493,0.0390283951842511,valid,valid
M400-03-baseline-iso,sink,59,111,127,115,118,0.085056981179295,0.0823500428797529,valid,valid
M400-03-baseline-iso,sink,60,113,121,116,118,0.0375497499877002,0.037686802887354,valid,valid
M400-03-baseline-iso,sink,61,111,129,121,124,0.066919607865411,NaN,valid,insufficient_clean_prebaseline
M400-03-baseline-iso,sink,62,120,128,123,125,0.033986948431272,0.0252505632817965,valid,valid
M400-03-baseline-iso,sink,63,122,134,124,127,0.0404263235691788,0.0420682152164913,valid,valid
M400-03-baseline-iso,sink,64,141,155,144,146,0.0524596409738856,0.0411753754920838,valid,valid
M400-03-baseline-iso,sink,65,484,494,488,490,0.0525618210113254,0.0418922831133462,valid,valid
M400-03-baseline-iso,sink,66,160,178,163,169,0.0327519572863389,0.0310366043926054,valid,valid
M400-03-baseline-iso,sink,67,184,224,218,220,NaN,0.0202688903481624,insufficient_clean_prebaseline,valid
M400-03-baseline-iso,sink,68,342,348,344,346,0.0591335007329462,0.0594982157683192,valid,valid
M400-03-baseline-iso,sink,69,159,165,161,163,0.0585752021650707,0.055354663772199,valid,valid
M400-03-baseline-iso,sink,70,154,168,164,166,0.0453682646850783,0.0333396193172711,valid,valid
M400-03-baseline-iso,sink,71,175,185,177,179,0.0533730814566276,0.0501490155586325,valid,valid
M400-03-baseline-iso,sink,72,186,210,199,203,0.0407880521531005,0.0310712924132673,valid,valid
M400-03-baseline-iso,sink,73,222,228,223,225,0.0532689567832834,0.0518981589126803,valid,valid
M400-03-baseline-iso,sink,74,271,278,273,275,NaN,NaN,insufficient_clean_prebaseline,insufficient_clean_prebaseline
M400-03-baseline-iso,sink,75,526,533,527,529,0.063406273568556,0.0627402107318094,valid,valid
M400-03-baseline-iso,sink,76,296,303,298,301,0.0560670938380359,0.0539034874576488,valid,valid
M400-03-baseline-iso,sink,77,302,312,306,308,0.0579226797962701,0.0563910064802158,valid,valid
M400-03-baseline-iso,sink,78,349,363,356,361,0.0491319749052782,0.0463402299652341,valid,valid
M400-03-baseline-iso,sink,79,351,363,355,357,0.0566784642948254,0.0473511208504844,valid,valid
M400-03-baseline-iso,sink,80,361,367,362,364,0.0581630551459908,0.0564024077781345,valid,valid
M400-03-baseline-iso,sink,81,361,367,363,365,0.0533885378078012,0.0520919708470276,valid,valid
M400-03-baseline-iso,sink,82,537,543,539,541,0.0578016432890189,0.0577616466486784,valid,valid
M400-03-baseline-iso,sink,83,566,574,570,572,0.0512923799932862,0.0477698636783266,valid,valid
M400-03-baseline-iso,sink,84,576,587,581,583,0.0411289585970224,0.0365623822088202,valid,valid
M400-03-baseline-iso,surge,1,117,128,117,128,0.0234358066359464,0.0234358066359464,valid,valid
M400-03-baseline-iso,surge,2,225,251,225,251,NaN,NaN,insufficient_clean_prebaseline,insufficient_clean_prebaseline
M401-01-baseline-awake,sink,1,1,6,1,6,NaN,NaN,insufficient_clean_prebaseline,insufficient_clean_prebaseline
M401-01-baseline-awake,sink,2,118,149,130,140,0.0278849558569817,0.016703380663817,valid,valid
M401-01-baseline-awake,sink,3,223,232,229,231,0.0508459256599751,0.0542923828559851,valid,valid
M401-01-baseline-awake,sink,4,1,8,1,6,NaN,NaN,insufficient_clean_prebaseline,insufficient_clean_prebaseline
M401-01-baseline-awake,sink,5,1,10,1,7,NaN,NaN,insufficient_clean_prebaseline,insufficient_clean_prebaseline
M401-01-baseline-awake,sink,6,1,4,1,3,NaN,NaN,insufficient_clean_prebaseline,insufficient_clean_prebaseline
M401-01-baseline-awake,sink,7,252,263,254,259,NaN,NaN,insufficient_clean_prebaseline,insufficient_clean_prebaseline
M401-01-baseline-awake,sink,8,342,377,358,367,0.0851783209963344,NaN,valid,insufficient_clean_prebaseline
M401-01-baseline-awake,sink,9,377,400,388,392,NaN,0.0337131415934869,insufficient_clean_prebaseline,valid
M401-01-baseline-awake,sink,10,519,547,535,544,0.0861469004724587,NaN,valid,insufficient_clean_prebaseline
M401-01-baseline-awake,sink,11,2,18,2,15,NaN,NaN,insufficient_clean_prebaseline,insufficient_clean_prebaseline
M401-01-baseline-awake,sink,12,193,203,201,203,NaN,0.0186963085095642,insufficient_clean_prebaseline,valid
M401-01-baseline-awake,sink,13,241,245,242,245,0.0236610116400104,0.0227831156593189,valid,valid
M401-01-baseline-awake,sink,14,402,414,407,409,0.0169346053543722,0.0182789438368289,valid,valid
M401-01-baseline-awake,sink,15,591,599,597,599,0.062588173668365,0.0706739932465299,valid,valid
M401-01-baseline-awake,sink,16,8,12,8,12,NaN,NaN,insufficient_clean_prebaseline,insufficient_clean_prebaseline
M401-01-baseline-awake,sink,17,141,154,143,153,0.0482286340316784,0.0505987847399724,valid,valid
M401-01-baseline-awake,sink,18,205,211,206,210,0.0210422252349584,0.0221336847208581,valid,valid
M401-01-baseline-awake,sink,19,241,256,244,248,0.0448751081065867,0.0449911798304018,valid,valid
M401-01-baseline-awake,sink,20,411,418,413,415,0.0380663303547222,0.0431350153742026,valid,valid
M401-01-baseline-awake,sink,21,571,582,579,582,0.0362026742730236,0.0291240795691832,valid,valid
M401-01-baseline-awake,sink,22,4,7,4,6,NaN,NaN,insufficient_clean_prebaseline,insufficient_clean_prebaseline
M401-01-baseline-awake,sink,23,208,264,212,263,0.0547633717909195,0.0539055406719028,valid,valid
M401-01-baseline-awake,sink,24,449,464,458,462,0.0891187407068911,0.108642937928131,valid,valid
M401-01-baseline-awake,sink,25,496,501,497,500,0.0419044961571134,0.0415839714632279,valid,valid
M401-01-baseline-awake,sink,26,329,355,330,346,0.0715377839660671,0.0715586637227637,valid,valid
M401-01-baseline-awake,sink,27,592,600,598,600,0.0759739562488408,0.0820807403147353,valid,valid
M401-01-baseline-awake,sink,28,16,20,17,19,NaN,NaN,insufficient_clean_prebaseline,insufficient_clean_prebaseline
M401-01-baseline-awake,sink,29,38,41,38,40,-0.000688140271757087,-0.000688140271757087,valid,valid
M401-01-baseline-awake,sink,30,249,286,249,266,NaN,NaN,insufficient_clean_prebaseline,insufficient_clean_prebaseline
M401-01-baseline-awake,sink,31,286,302,294,302,NaN,0.0425348516794072,insufficient_clean_prebaseline,valid
M401-01-baseline-awake,sink,32,325,329,325,329,0.0357660705654904,0.0357660705654904,valid,valid
M401-01-baseline-awake,sink,33,580,591,587,591,0.0504281921940541,0.0204991410974397,valid,valid
M401-01-baseline-awake,sink,34,250,255,252,254,0.0619431406778657,0.0635993608272237,valid,valid
M401-01-baseline-awake,sink,35,377,394,379,387,0.0899326226271688,0.0875276481498932,valid,valid
M401-01-baseline-awake,sink,36,423,441,433,435,0.0831758849462087,0.0806552587646077,valid,valid
M401-01-baseline-awake,sink,37,242,284,246,251,0.067190201631543,0.0672987088761229,valid,valid
M401-01-baseline-awake,sink,38,493,511,505,508,0.0867630444306102,0.0435069610432933,valid,valid
M401-01-baseline-awake,sink,39,26,32,28,30,0.0457354841621849,0.0471405033729024,valid,valid
M401-01-baseline-awake,sink,40,29,38,35,37,0.00867704742660183,0.0153098485201942,valid,valid
M401-01-baseline-awake,sink,41,32,44,39,41,0.0437578272491074,0.0461594109673582,valid,valid
M401-01-baseline-awake,sink,42,255,288,266,269,0.0743650946027413,0.0510595936907944,valid,valid
M401-01-baseline-awake,sink,43,578,591,579,582,0.0630150429228647,0.0533058072200479,valid,valid
M401-01-baseline-awake,sink,44,56,69,56,67,NaN,NaN,insufficient_clean_prebaseline,insufficient_clean_prebaseline
M401-01-baseline-awake,sink,45,220,281,238,240,0.0933806592908657,0.0149331456168149,valid,valid
M401-01-baseline-awake,sink,46,157,203,176,180,0.0585828245562485,-0.00750425023739908,valid,valid
M401-01-baseline-awake,sink,47,179,191,180,190,0.0892079918612913,0.0905435054193698,valid,valid
M401-01-baseline-awake,sink,48,333,357,336,339,0.044174200581101,0.0466806077718296,valid,valid
M401-01-baseline-awake,sink,49,61,66,63,65,0.0298503252449916,0.0363114872612215,valid,valid
M401-01-baseline-awake,sink,50,76,103,76,78,0.0821547921400882,0.0821547921400882,valid,valid
M401-01-baseline-awake,sink,51,103,138,113,131,NaN,0.0334036454607138,insufficient_clean_prebaseline,valid
M401-01-baseline-awake,sink,52,326,336,330,336,0.0806098841944525,NaN,valid,insufficient_clean_prebaseline
M401-01-baseline-awake,sink,53,455,502,464,502,NaN,NaN,insufficient_clean_prebaseline,insufficient_clean_prebaseline
M401-01-baseline-awake,sink,54,328,349,334,338,0.0334066421837825,0.0284737700915635,valid,valid
M401-01-baseline-awake,sink,55,81,88,82,84,0.0659984353220099,0.0669359125929335,valid,valid
M401-01-baseline-awake,sink,56,106,109,106,109,0.0282847405140426,0.0282847405140426,valid,valid
M401-01-baseline-awake,sink,57,154,166,156,161,0.0767792027026045,0.078418826741895,valid,valid
M401-01-baseline-awake,sink,58,341,389,348,364,0.0878138349298105,0.0721332669895424,valid,valid
M401-01-baseline-awake,sink,59,451,471,457,461,0.0982374152563802,0.098912498380211,valid,valid
M401-01-baseline-awake,sink,60,513,542,519,525,0.103079925601233,0.0852970928869906,valid,valid
M401-01-baseline-awake,sink,61,81,91,83,87,0.0580642602609706,0.0574368550695337,valid,valid
M401-01-baseline-awake,sink,62,152,188,167,173,0.0583621051569494,0.0361175457174703,valid,valid
M401-01-baseline-awake,sink,63,341,367,342,355,0.0942138003231913,0.0926230027187752,valid,valid
M401-01-baseline-awake,sink,64,472,477,472,477,0.036686126142594,0.036686126142594,valid,valid
M401-01-baseline-awake,sink,65,516,538,518,534,0.0947850453179467,0.094223146655251,valid,valid
M401-01-baseline-awake,sink,66,572,584,572,574,NaN,NaN,insufficient_clean_prebaseline,insufficient_clean_prebaseline
M401-01-baseline-awake,sink,67,82,97,91,93,0.02323833622596,0.0199772681687504,valid,valid
M401-01-baseline-awake,sink,68,99,114,103,105,0.0597662140450638,0.0667291786209117,valid,valid
M401-01-baseline-awake,sink,69,92,107,95,97,0.0283732238852582,0.022798253181657,valid,valid
M401-01-baseline-awake,sink,70,217,231,223,226,0.0381808444729132,0.0311054788866074,valid,valid
M401-01-baseline-awake,sink,71,105,116,108,110,0.0660591339038673,0.0494496388191589,valid,valid
M401-01-baseline-awake,sink,72,125,136,128,130,0.0361730171893376,0.0378833057396294,valid,valid
M401-01-baseline-awake,sink,73,135,143,139,141,0.044543057777129,0.0316009920930643,valid,valid
M401-01-baseline-awake,sink,74,135,147,139,142,0.0275313833215678,0.0319442509392133,valid,valid
M401-01-baseline-awake,sink,75,148,157,151,156,0.0361366463229686,0.0382066127401256,valid,valid
M401-01-baseline-awake,sink,76,487,515,488,514,0.0677545152881733,0.068509328005223,valid,valid
M401-01-baseline-awake,sink,77,481,513,483,492,0.0701585582341027,0.0661767682902139,valid,valid
M401-01-baseline-awake,sink,78,533,557,535,557,0.0304352838335984,0.0288939772279398,valid,valid
M401-01-baseline-awake,sink,79,252,280,264,274,NaN,NaN,insufficient_clean_prebaseline,insufficient_clean_prebaseline
M401-01-baseline-awake,sink,80,203,224,219,222,0.0499907744415598,0.0179649866563547,valid,valid
M401-01-baseline-awake,sink,81,557,571,558,570,0.0731838280504282,0.0725926385682964,valid,valid
M401-01-baseline-awake,sink,82,205,223,217,219,0.051196657880896,0.0348919011929089,valid,valid
M401-01-baseline-awake,sink,83,225,236,231,233,0.0795327198016774,0.07437564964239,valid,valid
M401-01-baseline-awake,sink,84,240,251,246,248,0.0736604957886131,0.0714553117490069,valid,valid
M401-01-baseline-awake,sink,85,324,334,327,329,0.0605232862069312,0.0651530105392909,valid,valid
M401-01-baseline-awake,sink,86,439,449,442,445,0.0811232668069182,0.0723696907571533,valid,valid
M401-01-baseline-awake,sink,87,347,394,370,372,0.0879268980907641,-0.004184771066442,valid,valid
M401-01-baseline-awake,sink,88,404,410,405,407,0.0457502116272336,0.0465871756743558,valid,valid
M401-01-baseline-awake,sink,89,429,443,431,433,0.110504937149688,0.114397922052687,valid,valid
M401-01-baseline-awake,sink,90,559,574,564,566,0.064314157058994,0.060959381379463,valid,valid
M401-01-baseline-awake,sink,91,428,457,443,446,0.0880433334813302,0.0240125558282609,valid,valid
M401-01-baseline-awake,sink,92,577,591,585,587,0.057498593478633,0.0312529787436852,valid,valid
M401-01-baseline-awake,surge,1,4,16,4,16,NaN,NaN,insufficient_clean_prebaseline,insufficient_clean_prebaseline
M401-03-baseline-iso,sink,1,1,30,7,12,NaN,NaN,insufficient_clean_prebaseline,insufficient_clean_prebaseline
M401-03-baseline-iso,sink,2,217,221,217,221,0.0322624517909015,0.0322624517909015,valid,valid
M401-03-baseline-iso,sink,3,24,33,27,29,0.0184574141965792,0.0185378587583523,valid,valid
M401-03-baseline-iso,sink,4,240,246,243,245,0.0403788132445581,0.0359443785785842,valid,valid
M401-03-baseline-iso,sink,5,245,249,246,249,0.066472808682369,0.0657198991743161,valid,valid
M401-03-baseline-iso,sink,6,280,286,281,283,0.0379407910381,0.0370869363501254,valid,valid
M401-03-baseline-iso,sink,7,306,311,309,311,0.0609789711804885,0.0576859537196264,valid,valid
M401-03-baseline-iso,sink,8,11,15,12,15,NaN,NaN,insufficient_clean_prebaseline,insufficient_clean_prebaseline
M401-03-baseline-iso,sink,9,35,41,37,40,NaN,0.0284131165572844,insufficient_clean_prebaseline,valid
M401-03-baseline-iso,sink,10,255,260,255,258,NaN,NaN,insufficient_clean_prebaseline,insufficient_clean_prebaseline
M401-03-baseline-iso,sink,11,18,33,22,24,NaN,0.000916712848986048,insufficient_clean_prebaseline,valid
M401-03-baseline-iso,sink,12,8,19,14,16,NaN,NaN,insufficient_clean_prebaseline,insufficient_clean_prebaseline
M401-03-baseline-iso,sink,13,265,278,274,276,0.0651207606872513,0.0509714892949002,valid,valid
M401-03-baseline-iso,sink,14,19,29,22,24,NaN,0.0374841415234988,insufficient_clean_prebaseline,valid
M401-03-baseline-iso,sink,15,232,246,236,238,0.0435046417086345,0.0368394844488435,valid,valid
M401-03-baseline-iso,sink,16,234,242,236,239,0.0509797825024462,0.046641058636399,valid,valid
M401-03-baseline-iso,sink,17,33,41,36,38,0.0401028025418265,0.0356791270555796,valid,valid
M401-03-baseline-iso,sink,18,530,558,550,554,0.0606889752353797,0.0344919150252049,valid,valid
M401-03-baseline-iso,sink,19,38,43,40,42,0.0188335433651807,0.00419852104030179,valid,valid
M401-03-baseline-iso,sink,20,44,52,47,50,0.0500822048844649,0.0403723799024376,valid,valid
M401-03-baseline-iso,sink,21,115,122,118,120,0.0351014186745294,0.0349356300940633,valid,valid
M401-03-baseline-iso,sink,22,56,73,60,63,0.0481699903049393,0.046298514973546,valid,valid
M401-03-baseline-iso,sink,23,140,166,142,164,0.0717650983426626,0.0687190444265788,valid,valid
M401-03-baseline-iso,sink,24,278,301,288,293,NaN,NaN,insufficient_clean_prebaseline,insufficient_clean_prebaseline
M401-03-baseline-iso,sink,25,361,366,361,366,0.0392436068523008,0.0392436068523008,valid,valid
M401-03-baseline-iso,sink,26,442,474,462,470,NaN,0.0610419243786798,insufficient_clean_prebaseline,valid
M401-03-baseline-iso,sink,27,558,569,563,566,0.0477232559922066,0.0360259259695461,valid,valid
M401-03-baseline-iso,sink,28,39,80,72,74,0.00985439759703827,0.0270560158059767,valid,valid
M401-03-baseline-iso,sink,29,164,177,168,170,0.029267330144711,0.032193710880028,valid,valid
M401-03-baseline-iso,sink,30,92,133,93,113,NaN,NaN,insufficient_clean_prebaseline,insufficient_clean_prebaseline
M401-03-baseline-iso,sink,31,124,134,130,132,0.0419312141224107,0.0418040460780723,valid,valid
M401-03-baseline-iso,sink,32,505,512,507,511,0.04264053861733,0.0401053743671365,valid,valid
M401-03-baseline-iso,sink,33,213,219,215,217,0.0513406925861232,0.0520716099144136,valid,valid
M401-03-baseline-iso,sink,34,221,230,227,229,0.0696505437245129,0.0555996737251745,valid,valid
M401-03-baseline-iso,sink,35,518,523,519,521,0.0581761519963298,0.0575590287056043,valid,valid
M401-03-baseline-iso,sink,36,271,279,272,276,0.0633533844464671,0.0614961665536357,valid,valid
M401-03-baseline-iso,sink,37,320,326,322,324,0.0598856725286456,0.0574113963233373,valid,valid
M401-03-baseline-iso,sink,38,414,425,419,421,0.0389009747698566,0.0321726121662118,valid,valid
M401-03-baseline-iso,sink,39,463,472,465,470,0.0518005969492594,0.0503258783894756,valid,valid
M401-03-baseline-iso,sink,40,474,482,476,478,0.0521436569908645,0.0512535815004514,valid,valid
M401-03-baseline-iso,sink,41,485,490,486,488,0.0578660510692658,0.0589028318819906,valid,valid
M401-03-baseline-iso,sink,42,537,544,540,542,0.0527759540818647,0.0532159924111737,valid,valid
M401-03-baseline-iso,sink,43,575,583,576,578,0.0395680367370627,0.037198019311811,valid,valid
M401-03-baseline-iso,surge,1,207,216,207,216,0.00471758056958696,0.00471758056958696,valid,valid
M401-03-baseline-iso,surge,2,226,235,226,235,NaN,NaN,insufficient_clean_prebaseline,insufficient_clean_prebaseline
M401-03-baseline-iso,surge,3,406,424,406,424,-0.00378879972193019,-0.00378879972193019,valid,valid
FB2312-baseline-awake,sink,1,1,28,1,15,NaN,NaN,insufficient_clean_prebaseline,insufficient_clean_prebaseline
FB2312-baseline-awake,sink,2,106,132,125,131,0.0757125989494081,NaN,valid,insufficient_clean_prebaseline
FB2312-baseline-awake,sink,3,291,314,306,310,0.137927155211113,0.13739457253826,valid,valid
FB2312-baseline-awake,sink,4,315,375,370,374,NaN,NaN,insufficient_clean_prebaseline,insufficient_clean_prebaseline
FB2312-baseline-awake,sink,5,468,491,487,490,0.271747933316766,0.18451864713895,valid,valid
FB2312-baseline-awake,sink,6,527,553,529,540,0.175958528457933,0.176567845185315,valid,valid
FB2312-baseline-awake,sink,7,553,624,585,594,NaN,0.142354080259784,insufficient_clean_prebaseline,valid
FB2312-baseline-awake,sink,8,624,654,640,646,0.159572609507653,0.171368771287744,valid,valid
FB2312-baseline-awake,sink,9,764,805,776,779,0.0842700533735017,0.064742458616923,valid,valid
FB2312-baseline-awake,sink,10,886,953,929,932,0.0896849824127504,0.0702921848323104,valid,valid
FB2312-baseline-awake,sink,11,1096,1126,1102,1107,0.0657210656678606,0.0590870317770794,valid,valid
FB2312-baseline-awake,sink,12,1156,1174,1172,1174,0.0755797979345282,0.0607192567353444,valid,valid
FB2312-baseline-awake,sink,13,14,35,15,20,NaN,NaN,insufficient_clean_prebaseline,insufficient_clean_prebaseline
FB2312-baseline-awake,sink,14,676,710,694,696,0.0806328148363359,0.0354604981560061,valid,valid
FB2312-baseline-awake,sink,15,1179,1195,1193,1195,0.0689926595825491,0.034147020064798,valid,valid
FB2312-baseline-awake,sink,16,10,22,10,13,NaN,NaN,insufficient_clean_prebaseline,insufficient_clean_prebaseline
FB2312-baseline-awake,sink,17,295,406,320,342,0.129067419431402,0.0635334458653327,valid,valid
FB2312-baseline-awake,sink,18,34,52,34,36,-0.0123635899847745,-0.0123635899847745,valid,valid
FB2312-baseline-awake,sink,19,411,449,433,440,0.172952393038697,0.0424975173430536,valid,valid
FB2312-baseline-awake,sink,20,474,512,489,511,NaN,0.0836850588198071,insufficient_clean_prebaseline,valid
FB2312-baseline-awake,sink,21,537,570,551,569,0.138098660003166,0.035327889501526,valid,valid
FB2312-baseline-awake,sink,22,854,900,860,869,NaN,0.0810979941403247,insufficient_clean_prebaseline,valid
FB2312-baseline-awake,sink,23,854,900,890,898,NaN,0.074413805107962,insufficient_clean_prebaseline,valid
FB2312-baseline-awake,sink,24,943,955,945,953,0.099918184197973,0.0955127373775208,valid,valid
FB2312-baseline-awake,sink,25,977,1028,977,987,0.053444134438125,0.053444134438125,valid,valid
FB2312-baseline-awake,sink,26,1031,1070,1038,1058,0.146183424741294,0.127024275348911,valid,valid
FB2312-baseline-awake,sink,27,1096,1121,1101,1112,0.0786767100826408,0.0749569953283735,valid,valid
FB2312-baseline-awake,sink,28,196,253,210,215,0.0864946381354596,NaN,valid,insufficient_clean_prebaseline
FB2312-baseline-awake,sink,29,196,253,238,250,0.0464148621549385,0.11163510103693,valid,valid
FB2312-baseline-awake,sink,30,276,370,304,308,0.119659955601078,0.0759785572677411,valid,valid
FB2312-baseline-awake,sink,31,408,418,408,410,0.0593846716824358,0.0593846716824358,valid,valid
FB2312-baseline-awake,sink,32,1032,1059,1051,1058,0.112218392506799,0.100070930278903,valid,valid
FB2312-baseline-awake,sink,33,1138,1150,1140,1142,0.0556245855043947,0.0551600393554563,valid,valid
FB2312-baseline-awake,sink,34,1173,1183,1180,1183,0.108913445058931,0.102640951023572,valid,valid
FB2312-baseline-awake,sink,35,28,62,30,32,0.0308026350041481,0.0356626915364769,valid,valid
FB2312-baseline-awake,sink,36,63,86,68,73,0.0670553945146653,0.0793393352359784,valid,valid
FB2312-baseline-awake,sink,37,194,323,206,209,0.0451691610450032,0.0768107926265303,valid,valid
FB2312-baseline-awake,sink,38,503,584,522,524,0.104510033512047,0.0544293007632941,valid,valid
FB2312-baseline-awake,sink,39,893,910,899,902,0.0657660697093048,0.0493151504018303,valid,valid
FB2312-baseline-awake,sink,40,1009,1022,1011,1014,0.0747686198897347,0.0773776467190618,valid,valid
FB2312-baseline-awake,sink,41,26,43,32,34,0.00109860209961084,0.0079548749759164,valid,valid
FB2312-baseline-awake,sink,42,37,54,47,51,-0.0193965744411638,0.0267167678901953,valid,valid
FB2312-baseline-awake,sink,43,184,243,209,217,0.0574816443945791,0.0652628410948527,valid,valid
FB2312-baseline-awake,sink,44,48,51,48,50,0.0251689521026717,0.0251689521026717,valid,valid
FB2312-baseline-awake,sink,45,70,128,74,118,NaN,0.0638888227474523,insufficient_clean_prebaseline,valid
FB2312-baseline-awake,sink,46,271,298,279,283,0.235939047396702,0.225951236799531,valid,valid
FB2312-baseline-awake,sink,47,633,655,646,654,0.160095661819114,0.125576318972424,valid,valid
FB2312-baseline-awake,sink,48,1089,1132,1120,1122,0.0701581127443409,NaN,valid,insufficient_clean_prebaseline
FB2312-baseline-awake,sink,49,41,53,48,50,-0.0174924758641356,0.00602685851471554,valid,valid
FB2312-baseline-awake,sink,50,360,416,371,374,NaN,NaN,insufficient_clean_prebaseline,insufficient_clean_prebaseline
FB2312-baseline-awake,sink,51,35,57,51,53,NaN,NaN,insufficient_clean_prebaseline,insufficient_clean_prebaseline
FB2312-baseline-awake,sink,52,245,251,247,249,0.0959923532529344,0.0947011496966846,valid,valid
FB2312-baseline-awake,sink,53,350,391,373,375,0.077550814691106,NaN,valid,insufficient_clean_prebaseline
FB2312-baseline-awake,sink,54,511,523,517,520,0.0693978277588107,0.0769761745831519,valid,valid
FB2312-baseline-awake,sink,55,710,739,728,730,0.144362013797087,0.126612976809631,valid,valid
FB2312-baseline-awake,sink,56,739,773,768,772,NaN,0.205730790992651,insufficient_clean_prebaseline,valid
FB2312-baseline-awake,sink,57,773,807,800,804,NaN,0.041083112979105,insufficient_clean_prebaseline,valid
FB2312-baseline-awake,sink,58,693,728,713,722,NaN,0.129597940132703,insufficient_clean_prebaseline,valid
FB2312-baseline-awake,sink,59,1123,1136,1133,1135,0.0668646171095667,0.0520225651084465,valid,valid
FB2312-baseline-awake,sink,60,1178,1186,1182,1184,0.0999574521892471,0.0863373411247763,valid,valid
FB2312-baseline-awake,sink,61,67,151,67,85,0.111547658329565,0.111547658329565,valid,valid
FB2312-baseline-awake,sink,62,43,84,68,75,NaN,0.127183054992771,insufficient_clean_prebaseline,valid
FB2312-baseline-awake,sink,63,96,138,117,119,0.0466716206236486,0.0855802993117387,valid,valid
FB2312-baseline-awake,sink,64,270,321,280,289,0.128272910434118,0.124601761990966,valid,valid
FB2312-baseline-awake,sink,65,468,491,484,487,0.386474425338573,0.130962272913433,valid,valid
FB2312-baseline-awake,sink,66,491,572,541,546,NaN,NaN,insufficient_clean_prebaseline,insufficient_clean_prebaseline
FB2312-baseline-awake,sink,67,572,614,577,582,0.193358283640657,0.175140036542728,valid,valid
FB2312-baseline-awake,sink,68,638,691,640,650,0.250261195225738,0.246163714292459,valid,valid
FB2312-baseline-awake,sink,69,638,691,677,682,0.256851988333747,0.19188492792027,valid,valid
FB2312-baseline-awake,sink,70,1062,1073,1065,1071,0.0432641735728534,0.0438658873217925,valid,valid
FB2312-baseline-awake,sink,71,1196,1200,1198,1200,0.0968801954753743,0.0948878804778932,valid,valid
FB2312-baseline-awake,sink,72,202,218,204,209,0.280084587672366,0.288231933365812,valid,valid
FB2312-baseline-awake,sink,73,306,322,313,321,0.184979112160627,0.176611138130799,valid,valid
FB2312-baseline-awake,sink,74,576,591,578,584,0.192416504239214,0.184967967238901,valid,valid
FB2312-baseline-awake,sink,75,679,766,703,706,0.161222795865982,0.0914577269006779,valid,valid
FB2312-baseline-awake,sink,76,679,766,726,734,0.147889867737241,NaN,valid,insufficient_clean_prebaseline
FB2312-baseline-awake,sink,77,796,806,799,804,0.108937997456597,0.108040717451359,valid,valid
FB2312-baseline-awake,sink,78,846,858,847,850,0.212066768412652,0.205776472668741,valid,valid
FB2312-baseline-awake,sink,79,892,918,893,900,0.0987539882442127,0.0939664356720295,valid,valid
FB2312-baseline-awake,sink,80,957,1026,963,967,0.0980327404809114,0.0863559877308877,valid,valid
FB2312-baseline-awake,sink,81,1054,1079,1062,1073,0.029083212401084,0.0323072654745699,valid,valid
FB2312-baseline-awake,sink,82,1089,1101,1095,1098,0.0458253068630166,0.0459331449358931,valid,valid
FB2312-baseline-awake,sink,83,1128,1132,1128,1131,0.0372121900171195,0.0372121900171195,valid,valid
FB2312-baseline-awake,sink,84,1167,1190,1177,1179,0.109456626429466,0.0807606146051298,valid,valid
FB2312-baseline-awake,sink,85,97,115,100,106,0.133051975376158,0.129618824571291,valid,valid
FB2312-baseline-awake,sink,86,395,539,415,418,NaN,0.0379283084368862,insufficient_clean_prebaseline,valid
FB2312-baseline-awake,sink,87,539,576,546,561,NaN,NaN,insufficient_clean_prebaseline,insufficient_clean_prebaseline
FB2312-baseline-awake,sink,88,639,675,646,658,0.151145745845952,0.0979340972788003,valid,valid
FB2312-baseline-awake,sink,89,1110,1127,1119,1127,0.0989360301045498,0.0646379555301255,valid,valid
FB2312-baseline-awake,sink,90,103,167,125,132,0.087361632939978,0.027847143380615,valid,valid
FB2312-baseline-awake,sink,91,319,369,349,352,0.108020258915237,0.0369721689397158,valid,valid
FB2312-baseline-awake,sink,92,653,684,675,681,0.204962385030404,0.174533411753048,valid,valid
FB2312-baseline-awake,sink,93,687,743,714,718,NaN,0.145462085314977,insufficient_clean_prebaseline,valid
FB2312-baseline-awake,sink,94,874,885,880,882,0.117075739321431,0.0957629219581158,valid,valid
FB2312-baseline-awake,sink,95,898,1025,960,983,NaN,NaN,insufficient_clean_prebaseline,insufficient_clean_prebaseline
FB2312-baseline-awake,sink,96,1036,1079,1039,1050,0.122403019342047,0.108491514144379,valid,valid
FB2312-baseline-awake,sink,97,1098,1124,1108,1118,0.0868108470018902,0.0871448663689079,valid,valid
FB2312-baseline-awake,sink,98,1156,1181,1159,1163,0.108674656683744,0.0987589168618694,valid,valid
FB2312-baseline-awake,sink,99,111,150,113,118,0.084811234457733,0.0893010226060544,valid,valid
FB2312-baseline-awake,sink,100,111,150,139,142,0.0848785795975981,0.0648443908432965,valid,valid
FB2312-baseline-awake,sink,101,1115,1130,1117,1120,0.06220056384634,0.0619429951432399,valid,valid
FB2312-baseline-awake,sink,102,398,414,407,414,NaN,NaN,insufficient_clean_prebaseline,insufficient_clean_prebaseline
FB2312-baseline-awake,sink,103,894,907,901,903,0.0604344532823237,0.0455327591716667,valid,valid
FB2312-baseline-awake,sink,104,106,154,125,132,0.0527378545376961,0.0618940123008376,valid,valid
FB2312-baseline-awake,sink,105,762,792,767,772,NaN,NaN,insufficient_clean_prebaseline,insufficient_clean_prebaseline
FB2312-baseline-awake,sink,106,792,810,797,800,NaN,0.0389917383693635,insufficient_clean_prebaseline,valid
FB2312-baseline-awake,sink,107,286,384,310,312,NaN,0.0514896699137994,insufficient_clean_prebaseline,valid
FB2312-baseline-awake,sink,108,286,384,332,334,NaN,NaN,insufficient_clean_prebaseline,insufficient_clean_prebaseline
FB2312-baseline-awake,sink,109,713,771,739,741,0.123137539752925,0.0467084047793327,valid,valid
FB2312-baseline-awake,sink,110,988,1021,998,1000,0.0497980010073632,0.0268478336919635,valid,valid
FB2312-baseline-awake,sink,111,1021,1069,1030,1033,0.113205331228721,0.0708820691672933,valid,valid
FB2312-baseline-awake,sink,112,1145,1167,1159,1162,0.0636165823069084,0.0596106567031653,valid,valid
FB2312-baseline-awake,sink,113,134,212,166,177,0.190540414427328,0.163555192677672,valid,valid
FB2312-baseline-awake,sink,114,134,212,204,207,0.194450876701316,0.234543498653173,valid,valid
FB2312-baseline-awake,sink,115,336,479,401,406,0.258220730576979,0.303783895829425,valid,valid
FB2312-baseline-awake,sink,116,336,479,427,433,0.215270368054254,0.320517671651109,valid,valid
FB2312-baseline-awake,sink,117,336,479,469,476,0.204164492747657,0.359058521511387,valid,valid
FB2312-baseline-awake,sink,118,537,553,540,543,NaN,NaN,insufficient_clean_prebaseline,insufficient_clean_prebaseline
FB2312-baseline-awake,sink,119,557,582,574,579,NaN,0.277039302897763,insufficient_clean_prebaseline,valid
FB2312-baseline-awake,sink,120,659,693,659,669,0.0993260074493414,-0.0268258440033156,valid,valid
FB2312-baseline-awake,sink,121,706,719,711,718,0.138190922394346,0.148294253220288,valid,valid
FB2312-baseline-awake,sink,122,921,961,936,941,0.165800199635877,0.0702366530570985,valid,valid
FB2312-baseline-awake,sink,123,966,1019,976,999,NaN,NaN,insufficient_clean_prebaseline,insufficient_clean_prebaseline
FB2312-baseline-awake,sink,124,1080,1097,1093,1096,0.0551049236224203,0.0376491600243878,valid,valid
FB2312-baseline-awake,sink,125,154,180,165,168,0.228707214532677,0.203186931721572,valid,valid
FB2312-baseline-awake,sink,126,321,382,323,326,0.195831318808709,0.195308946742959,valid,valid
FB2312-baseline-awake,sink,127,386,414,400,407,0.193129230037759,0.175870805294309,valid,valid
FB2312-baseline-awake,sink,128,433,478,470,475,0.226556173196743,0.335084472760826,valid,valid
FB2312-baseline-awake,sink,129,490,688,539,545,NaN,NaN,insufficient_clean_prebaseline,insufficient_clean_prebaseline
FB2312-baseline-awake,sink,130,490,688,574,578,NaN,0.295243244225209,insufficient_clean_prebaseline,valid
FB2312-baseline-awake,sink,131,490,688,640,646,NaN,0.283425313344342,insufficient_clean_prebaseline,valid
FB2312-baseline-awake,sink,132,490,688,675,682,NaN,0.168626782932056,insufficient_clean_prebaseline,valid
FB2312-baseline-awake,sink,133,700,720,713,715,NaN,0.147122324062376,insufficient_clean_prebaseline,valid
FB2312-baseline-awake,sink,134,1105,1126,1107,1111,0.0522330323650418,0.0412788059767772,valid,valid
FB2312-baseline-awake,sink,135,118,175,158,162,0.14859243571426,0.193495554515677,valid,valid
FB2312-baseline-awake,sink,136,71,190,171,183,0.312453063237471,0.0897326168158055,valid,valid
FB2312-baseline-awake,sink,137,190,219,203,214,NaN,NaN,insufficient_clean_prebaseline,insufficient_clean_prebaseline
FB2312-baseline-awake,sink,138,231,247,236,238,NaN,0.0381337753804722,insufficient_clean_prebaseline,valid
FB2312-baseline-awake,sink,139,265,333,319,325,0.160333322224199,0.147969757139791,valid,valid
FB2312-baseline-awake,sink,140,399,411,400,407,NaN,NaN,insufficient_clean_prebaseline,insufficient_clean_prebaseline
FB2312-baseline-awake,sink,141,570,584,574,578,0.29529796260727,0.296910548720302,valid,valid
FB2312-baseline-awake,sink,142,789,823,803,807,0.112541866130776,0.0522948144739509,valid,valid
FB2312-baseline-awake,sink,143,968,1029,987,992,0.131190508956187,0.048297760814543,valid,valid
FB2312-baseline-awake,sink,144,159,218,192,196,0.0610345892068539,-0.0271783441103312,valid,valid
FB2312-baseline-awake,sink,145,169,202,187,193,0.184075212593819,0.127554847377064,valid,valid
FB2312-baseline-awake,sink,146,202,244,225,232,NaN,0.0827526214191407,insufficient_clean_prebaseline,valid
FB2312-baseline-awake,sink,147,556,595,579,582,0.103837375397358,0.121599594783748,valid,valid
FB2312-baseline-awake,sink,148,711,737,719,723,0.165757337116808,0.164820823978556,valid,valid
FB2312-baseline-awake,sink,149,957,988,978,981,0.0998706263495607,0.0596793094312213,valid,valid
FB2312-baseline-awake,sink,150,1039,1071,1063,1070,0.125707227876548,0.018524920236466,valid,valid
FB2312-baseline-awake,sink,151,171,237,192,194,0.192846054484028,0.0112895435503882,valid,valid
FB2312-baseline-awake,sink,152,207,234,227,232,0.146984338500996,0.119479635491774,valid,valid
FB2312-baseline-awake,sink,153,225,261,236,238,0.151100406120308,0.0881304676530944,valid,valid
FB2312-baseline-awake,sink,154,234,288,242,244,0.0835948424929092,NaN,valid,insufficient_clean_prebaseline
FB2312-baseline-awake,sink,155,265,311,283,289,0.117064722956229,0.0968757773204272,valid,valid
FB2312-baseline-awake,sink,156,243,312,286,289,0.0554827354333507,0.0693974660939167,valid,valid
FB2312-baseline-awake,sink,157,289,321,293,320,0.167178837543438,0.162871771102884,valid,valid
FB2312-baseline-awake,sink,158,326,353,334,336,0.102678915967262,0.00130591721016591,valid,valid
FB2312-baseline-awake,sink,159,397,483,433,448,0.147461740465026,0.00873291025007707,valid,valid
FB2312-baseline-awake,sink,160,944,959,953,955,0.0632189764764321,0.042415217456672,valid,valid
FB2312-baseline-awake,sink,161,959,987,979,981,NaN,0.050189588583431,insufficient_clean_prebaseline,valid
FB2312-baseline-awake,sink,162,1106,1130,1112,1115,0.0918863768222434,0.0817123984271997,valid,valid
FB2312-baseline-awake,sink,163,722,762,751,756,0.0834145133076901,0.0891683486447745,valid,valid
FB2312-baseline-awake,sink,164,347,413,350,353,0.0668332433524976,0.0373104279597632,valid,valid
FB2312-baseline-awake,sink,165,340,413,407,410,0.0983981484091227,0.0628334911765267,valid,valid
FB2312-baseline-awake,sink,166,374,416,407,409,0.132920892649721,0.0693271171018038,valid,valid
FB2312-baseline-awake,sink,167,1123,1178,1140,1142,0.0880600976754489,0.069171818518838,valid,valid
FB2312-baseline-awake,sink,168,399,457,411,418,0.198368314510723,0.141086380035957,valid,valid
FB2312-baseline-awake,sink,169,872,887,880,886,0.0749197923009145,0.0743500949398584,valid,valid
FB2312-baseline-awake,sink,170,406,421,414,416,0.112886289244769,0.0596419044810627,valid,valid
FB2312-baseline-awake,sink,171,356,426,416,418,0.112813698710292,0.101866896790631,valid,valid
FB2312-baseline-awake,sink,172,427,460,447,453,NaN,0.0265345397623359,insufficient_clean_prebaseline,valid
FB2312-baseline-awake,sink,173,413,482,418,423,NaN,0.0926985542793723,insufficient_clean_prebaseline,valid
FB2312-baseline-awake,sink,174,550,573,567,569,0.0847985499826685,0.0456260076407171,valid,valid
FB2312-baseline-awake,sink,175,856,874,865,869,0.103852020652639,0.0717450645354188,valid,valid
FB2312-baseline-awake,sink,176,874,902,896,899,NaN,0.0518777729044567,insufficient_clean_prebaseline,valid
FB2312-baseline-awake,sink,177,934,984,962,968,0.114124844578769,0.0540204381794587,valid,valid
FB2312-baseline-awake,sink,178,1077,1095,1079,1081,0.0790503669985123,0.071049874003085,valid,valid
FB2312-baseline-awake,sink,179,1096,1125,1116,1119,NaN,0.049324211337709,insufficient_clean_prebaseline,valid
FB2312-baseline-awake,sink,180,420,455,437,444,0.0874547944955084,0.0525330224411052,valid,valid
FB2312-baseline-awake,sink,181,552,567,555,564,0.106559000114312,0.110164985553029,valid,valid
FB2312-baseline-awake,sink,182,753,774,756,758,0.102829395115518,0.0993707797373376,valid,valid
FB2312-baseline-awake,sink,183,739,788,778,780,0.0897507101022508,0.0676874787792353,valid,valid
FB2312-baseline-awake,sink,184,909,936,918,922,0.105360584072397,0.0736727052937892,valid,valid
FB2312-baseline-awake,sink,185,730,820,797,810,0.0888309969236602,0.128025960013525,valid,valid
FB2312-baseline-awake,sink,186,853,874,860,862,0.0827077258002373,0.0789031777894808,valid,valid
FB2312-baseline-awake,sink,187,1126,1179,1169,1173,NaN,0.0994090081590131,insufficient_clean_prebaseline,valid
FB2312-baseline-awake,sink,188,916,960,928,933,0.17694133646663,0.144847012540493,valid,valid
FB2312-baseline-awake,sink,189,995,1086,1040,1049,0.134598907791261,0.106639313616572,valid,valid
FB2312-baseline-awake,sink,190,1098,1123,1108,1110,0.0781696634990254,0.0487451154033838,valid,valid
FB2312-baseline-awake,sink,191,928,983,938,940,0.130627918600949,0.0452640246224628,valid,valid
FB2312-baseline-awake,sink,192,1097,1142,1105,1107,0.0773484636187568,0.0737752587312018,valid,valid
FB2312-baseline-awake,surge,1,1,18,1,18,NaN,NaN,insufficient_clean_prebaseline,insufficient_clean_prebaseline
FB2312-baseline-awake,surge,2,403,412,403,412,-0.0238810145437647,-0.0238810145437647,valid,valid
FB2312-baseline-awake,surge,3,542,552,542,552,0.00197377458949367,0.00197377458949367,valid,valid
FB2312-baseline-awake,surge,4,1,18,1,18,NaN,NaN,insufficient_clean_prebaseline,insufficient_clean_prebaseline
FB2312-baseline-awake,surge,5,204,214,204,214,0.00323638849211381,0.00323638849211381,valid,valid
FB2312-baseline-awake,surge,6,402,413,402,413,-0.00235732612822521,-0.00235732612822521,valid,valid
FB2312-baseline-awake,surge,7,428,438,428,438,NaN,NaN,insufficient_clean_prebaseline,insufficient_clean_prebaseline
FB2312-baseline-awake,surge,8,471,491,471,491,0.00115721471957336,0.00115721471957336,valid,valid
FB2312-baseline-awake,surge,9,493,503,493,503,NaN,NaN,insufficient_clean_prebaseline,insufficient_clean_prebaseline
FB2312-baseline-awake,surge,10,531,553,531,553,0.00728828692485952,0.00728828692485952,valid,valid
FB2312-baseline-awake,surge,11,641,650,641,650,-0.00647368733109602,-0.00647368733109602,valid,valid
FB2312-baseline-awake,surge,12,1,24,1,24,NaN,NaN,insufficient_clean_prebaseline,insufficient_clean_prebaseline
FB2312-baseline-awake,surge,13,204,214,204,214,0.00587980114415293,0.00587980114415293,valid,valid
FB2312-baseline-awake,surge,14,324,333,324,333,0.00607732376846692,0.00607732376846692,valid,valid
FB2312-baseline-awake,surge,15,402,412,402,412,-0.00598414750149637,-0.00598414750149637,valid,valid
FB2312-baseline-awake,surge,16,428,438,428,438,NaN,NaN,insufficient_clean_prebaseline,insufficient_clean_prebaseline
FB2312-baseline-awake,surge,17,471,491,471,491,-0.00918849818517853,-0.00918849818517853,valid,valid
FB2312-baseline-awake,surge,18,493,503,493,503,NaN,NaN,insufficient_clean_prebaseline,insufficient_clean_prebaseline
FB2312-baseline-awake,surge,19,531,553,531,553,0.00303103111077422,0.00303103111077422,valid,valid
FB2312-baseline-awake,surge,20,641,650,641,650,-0.0121952109451718,-0.0121952109451718,valid,valid
FB2312-baseline-awake,surge,21,683,695,683,695,3.04655164929027e-05,3.04655164929027e-05,valid,valid
FB2312-baseline-awake,surge,22,1063,1075,1063,1075,0.00587531193787738,0.00587531193787738,valid,valid
FB2312-baseline-awake,surge,23,17,46,17,46,NaN,NaN,insufficient_clean_prebaseline,insufficient_clean_prebaseline
FB2312-baseline-awake,surge,24,253,266,253,266,0.140623960656922,0.140623960656922,valid,valid
FB2312-baseline-awake,surge,25,356,395,356,395,NaN,NaN,insufficient_clean_prebaseline,insufficient_clean_prebaseline
FB2312-baseline-awake,surge,26,448,468,448,468,NaN,NaN,insufficient_clean_prebaseline,insufficient_clean_prebaseline
FB2312-baseline-awake,surge,27,1150,1160,1150,1160,0.0540412148468841,0.0540412148468841,valid,valid
FB2312-baseline-awake,surge,28,661,673,661,673,0.0596511602445641,0.0596511602445641,valid,valid
FB2312-baseline-awake,surge,29,511,523,511,523,0.091178827576546,0.091178827576546,valid,valid
FB2312-baseline-awake,surge,30,24,39,24,39,0.170497001704763,0.170497001704763,valid,valid
FB2312-baseline-awake,surge,31,515,526,515,526,0.114569331722515,0.114569331722515,valid,valid
FB2312-baseline-awake,surge,32,1190,1200,1190,1200,0.0508650383022286,0.0508650383022286,valid,valid
FB2312-baseline-awake,surge,33,355,364,355,364,0.151427745283339,0.151427745283339,valid,valid
FB2312-baseline-awake,surge,34,660,671,660,671,NaN,NaN,insufficient_clean_prebaseline,insufficient_clean_prebaseline
FB2312-baseline-awake,surge,35,37,53,37,53,NaN,NaN,insufficient_clean_prebaseline,insufficient_clean_prebaseline
FB2312-baseline-awake,surge,36,249,274,249,274,0.154965187252544,0.154965187252544,valid,valid
FB2312-baseline-awake,surge,37,355,366,355,366,NaN,NaN,insufficient_clean_prebaseline,insufficient_clean_prebaseline
FB2312-baseline-awake,surge,38,448,467,448,467,0.193479097345035,0.193479097345035,valid,valid
FB2312-baseline-awake,surge,39,511,528,511,528,0.103117947796995,0.103117947796995,valid,valid
FB2312-baseline-awake,surge,40,1144,1161,1144,1161,NaN,NaN,insufficient_clean_prebaseline,insufficient_clean_prebaseline
FB2312-baseline-awake,surge,41,24,35,24,35,0.0937951826362543,0.0937951826362543,valid,valid
FB2312-baseline-awake,surge,42,25,44,25,44,0.19643710029642,0.19643710029642,valid,valid
FB2312-baseline-awake,surge,43,46,55,46,55,NaN,NaN,insufficient_clean_prebaseline,insufficient_clean_prebaseline
FB2312-baseline-awake,surge,44,513,528,513,528,0.158188183842604,0.158188183842604,valid,valid
FB2312-baseline-awake,surge,45,758,767,758,767,NaN,NaN,insufficient_clean_prebaseline,insufficient_clean_prebaseline
FB2312-baseline-awake,surge,46,823,835,823,835,NaN,NaN,insufficient_clean_prebaseline,insufficient_clean_prebaseline
FB2312-baseline-awake,surge,47,1191,1200,1191,1200,NaN,NaN,insufficient_clean_prebaseline,insufficient_clean_prebaseline
FB2312-baseline-awake,surge,48,26,38,26,38,0.159769016280503,0.159769016280503,valid,valid
FB2312-baseline-awake,surge,49,735,748,735,748,NaN,NaN,insufficient_clean_prebaseline,insufficient_clean_prebaseline
FB2312-baseline-awake,surge,50,127,140,127,140,0.0904019328671071,0.0904019328671071,valid,valid
FB2312-baseline-awake,surge,51,360,388,360,388,NaN,NaN,insufficient_clean_prebaseline,insufficient_clean_prebaseline
FB2312-baseline-awake,surge,52,460,469,460,469,0.177024163598567,0.177024163598567,valid,valid
FB2312-baseline-awake,surge,53,452,463,452,463,0.14216298171499,0.14216298171499,valid,valid
FB2312-baseline-awake,surge,54,41,50,41,50,NaN,NaN,insufficient_clean_prebaseline,insufficient_clean_prebaseline
FB2312-baseline-awake,surge,55,452,462,452,462,NaN,NaN,insufficient_clean_prebaseline,insufficient_clean_prebaseline
FB2312-baseline-awake,surge,56,513,527,513,527,0.125536800203104,0.125536800203104,valid,valid
FB2312-baseline-awake,surge,57,385,398,385,398,0.0337569655438314,0.0337569655438314,valid,valid
FB2312-baseline-awake,surge,58,816,835,816,835,0.0902882992241105,0.0902882992241105,valid,valid
FB2316-baseline,sink,1,28,88,52,64,-0.00105128698516981,-0.0183942634114497,valid,valid
FB2316-baseline,sink,2,135,319,278,291,NaN,0.038357076057493,insufficient_clean_prebaseline,valid
FB2316-baseline,sink,3,320,368,323,362,0.039108586260581,0.039826953334711,valid,valid
FB2316-baseline,sink,4,404,427,404,427,NaN,NaN,insufficient_clean_prebaseline,insufficient_clean_prebaseline
FB2316-baseline,sink,5,435,553,455,458,NaN,NaN,insufficient_clean_prebaseline,insufficient_clean_prebaseline
FB2316-baseline,sink,6,557,573,558,567,0.0405075723324004,0.03682211844908,valid,valid
FB2316-baseline,sink,7,602,688,602,688,0.0686668578604103,0.0686668578604103,valid,valid
FB2316-baseline,sink,8,735,745,736,742,0.0587167071672733,0.0573381623026821,valid,valid
FB2316-baseline,sink,9,761,767,763,766,NaN,0.0432382307268617,insufficient_clean_prebaseline,valid
FB2316-baseline,sink,10,1089,1098,1091,1095,0.0780934120962773,0.0728891455476301,valid,valid
FB2316-baseline,sink,11,1126,1153,1138,1153,NaN,NaN,insufficient_clean_prebaseline,insufficient_clean_prebaseline
FB2316-baseline,sink,12,1173,1186,1176,1186,NaN,0.0341522456113077,insufficient_clean_prebaseline,valid
FB2316-baseline,sink,13,17,51,20,27,NaN,NaN,insufficient_clean_prebaseline,insufficient_clean_prebaseline
FB2316-baseline,sink,14,444,453,444,447,NaN,NaN,insufficient_clean_prebaseline,insufficient_clean_prebaseline
FB2316-baseline,sink,15,453,516,510,516,NaN,0.0300198094286768,insufficient_clean_prebaseline,valid
FB2316-baseline,sink,16,1179,1200,1179,1200,0.0362578026699732,0.0362578026699732,valid,valid
FB2316-baseline,sink,17,3,15,3,8,NaN,NaN,insufficient_clean_prebaseline,insufficient_clean_prebaseline
FB2316-baseline,sink,18,144,179,161,174,NaN,NaN,insufficient_clean_prebaseline,insufficient_clean_prebaseline
FB2316-baseline,sink,19,198,207,198,206,NaN,NaN,insufficient_clean_prebaseline,insufficient_clean_prebaseline
FB2316-baseline,sink,20,265,329,274,305,NaN,0.0473850534250335,insufficient_clean_prebaseline,valid
FB2316-baseline,sink,21,333,340,333,338,NaN,NaN,insufficient_clean_prebaseline,insufficient_clean_prebaseline
FB2316-baseline,sink,22,385,423,386,422,NaN,NaN,insufficient_clean_prebaseline,insufficient_clean_prebaseline
FB2316-baseline,sink,23,433,507,462,477,NaN,NaN,insufficient_clean_prebaseline,insufficient_clean_prebaseline
FB2316-baseline,sink,24,514,549,517,546,NaN,NaN,insufficient_clean_prebaseline,insufficient_clean_prebaseline
FB2316-baseline,sink,25,575,667,583,662,0.0655976129665592,NaN,valid,insufficient_clean_prebaseline
FB2316-baseline,sink,26,681,707,687,706,NaN,0.0555996962073435,insufficient_clean_prebaseline,valid
FB2316-baseline,sink,27,733,769,733,768,0.0554421513580304,0.0554421513580304,valid,valid
FB2316-baseline,sink,28,796,826,796,801,0.0780953958210358,0.0780953958210358,valid,valid
FB2316-baseline,sink,29,1008,1034,1016,1032,0.148616610212103,0.141190568396287,valid,valid
FB2316-baseline,sink,30,1073,1154,1074,1121,NaN,NaN,insufficient_clean_prebaseline,insufficient_clean_prebaseline
FB2316-baseline,sink,31,1178,1200,1185,1200,0.0511055399617262,0.0498308898756532,valid,valid
FB2316-baseline,sink,32,20,23,20,22,NaN,NaN,insufficient_clean_prebaseline,insufficient_clean_prebaseline
FB2316-baseline,sink,33,24,97,72,74,NaN,0.0154830967336482,insufficient_clean_prebaseline,valid
FB2316-baseline,sink,34,270,296,274,278,NaN,0.0795275165401738,insufficient_clean_prebaseline,valid
FB2316-baseline,sink,35,331,366,349,351,0.0783696431926621,0.0657735354016342,valid,valid
FB2316-baseline,sink,36,369,420,388,397,NaN,NaN,insufficient_clean_prebaseline,insufficient_clean_prebaseline
FB2316-baseline,sink,37,1196,1199,1196,1199,0.00933825944679028,0.00933825944679028,valid,valid
FB2316-baseline,sink,38,1090,1173,1112,1126,0.140751752794056,0.0526287370001728,valid,valid
FB2316-baseline,sink,39,34,100,43,80,NaN,NaN,insufficient_clean_prebaseline,insufficient_clean_prebaseline
FB2316-baseline,sink,40,436,443,436,443,0.0333068551610164,0.0333068551610164,valid,valid
FB2316-baseline,sink,41,1085,1168,1108,1120,NaN,0.0524539958721268,insufficient_clean_prebaseline,valid
FB2316-baseline,sink,42,1085,1168,1140,1142,NaN,NaN,insufficient_clean_prebaseline,insufficient_clean_prebaseline
FB2316-baseline,sink,43,37,66,47,50,0.040495754547866,0.0652135286437053,valid,valid
FB2316-baseline,sink,44,89,139,99,102,0.0484383958087944,0.0482694599191827,valid,valid
FB2316-baseline,sink,45,368,378,372,376,0.103603631006647,0.107736535222374,valid,valid
FB2316-baseline,sink,46,532,539,533,538,0.0815273235071122,0.0815745956094244,valid,valid
FB2316-baseline,sink,47,57,110,67,103,0.0218422726223627,0.0473501632346442,valid,valid
FB2316-baseline,sink,48,442,453,447,451,NaN,NaN,insufficient_clean_prebaseline,insufficient_clean_prebaseline
FB2316-baseline,sink,49,468,487,477,487,NaN,0.0552041728899776,insufficient_clean_prebaseline,valid
FB2316-baseline,sink,50,552,584,553,580,0.0976027251619715,0.0949839370197177,valid,valid
FB2316-baseline,sink,51,590,775,661,775,NaN,0.101008680488371,insufficient_clean_prebaseline,valid
FB2316-baseline,sink,52,1035,1060,1038,1058,0.0420273408019976,0.0413993997734618,valid,valid
FB2316-baseline,sink,53,1076,1109,1089,1107,NaN,0.0552655109941804,insufficient_clean_prebaseline,valid
FB2316-baseline,sink,54,1163,1178,1164,1178,0.0536694759097348,0.0523832047906013,valid,valid
FB2316-baseline,sink,55,88,93,88,90,NaN,NaN,insufficient_clean_prebaseline,insufficient_clean_prebaseline
FB2316-baseline,sink,56,86,102,89,97,0.112386234967904,0.114809427961335,valid,valid
FB2316-baseline,sink,57,119,182,132,141,0.0819242037121684,0.0722050304556413,valid,valid
FB2316-baseline,sink,58,469,483,470,481,NaN,NaN,insufficient_clean_prebaseline,insufficient_clean_prebaseline
FB2316-baseline,sink,59,539,560,552,557,0.127991497715488,0.0988019926882929,valid,valid
FB2316-baseline,sink,60,703,723,707,712,0.0540716860705672,0.0470305190658133,valid,valid
FB2316-baseline,sink,61,736,772,740,749,0.0365024031671314,0.0370162727072804,valid,valid
FB2316-baseline,sink,62,1070,1095,1082,1092,NaN,0.0391089048344376,insufficient_clean_prebaseline,valid
FB2316-baseline,sink,63,1111,1128,1114,1121,NaN,0.0330516156124742,insufficient_clean_prebaseline,valid
FB2316-baseline,sink,64,284,384,328,349,0.0579983349545776,0.0403184901039245,valid,valid
FB2316-baseline,sink,65,445,507,464,466,NaN,0.0559519476619446,insufficient_clean_prebaseline,valid
FB2316-baseline,sink,66,535,563,539,552,NaN,0.0498061741732177,insufficient_clean_prebaseline,valid
FB2316-baseline,sink,67,564,581,575,580,NaN,0.051667468595266,insufficient_clean_prebaseline,valid
FB2316-baseline,sink,68,102,145,109,111,0.0301293066638742,0.0315932110266608,valid,valid
FB2316-baseline,sink,69,708,723,710,721,0.0704944028079059,0.0651993852889108,valid,valid
FB2316-baseline,sink,70,769,788,772,785,0.0712776526207078,0.0698087742737779,valid,valid
FB2316-baseline,sink,71,798,836,809,811,NaN,0.0958140365957897,insufficient_clean_prebaseline,valid
FB2316-baseline,sink,72,101,114,109,112,0.0727034361717998,0.0937223922149414,valid,valid
FB2316-baseline,sink,73,250,289,268,272,0.100895730676216,0.102792451400785,valid,valid
FB2316-baseline,sink,74,309,314,311,314,0.00953189848304835,0.00647790401028038,valid,valid
FB2316-baseline,sink,75,450,510,452,458,NaN,NaN,insufficient_clean_prebaseline,insufficient_clean_prebaseline
FB2316-baseline,sink,76,450,510,481,497,0.0394789716756007,0.0191177609564304,valid,valid
FB2316-baseline,sink,77,716,779,741,772,0.0672684251150369,0.0364001133028622,valid,valid
FB2316-baseline,sink,78,780,824,813,815,NaN,0.00261800560970002,insufficient_clean_prebaseline,valid
FB2316-baseline,sink,79,83,159,109,112,0.0520956180901995,0.00590330798260377,valid,valid
FB2316-baseline,sink,80,307,331,318,326,0.0402989997160495,0.036619547495267,valid,valid
FB2316-baseline,sink,81,729,745,738,740,0.0621390173308918,0.0491279043351732,valid,valid
FB2316-baseline,sink,82,143,275,146,152,NaN,NaN,insufficient_clean_prebaseline,insufficient_clean_prebaseline
FB2316-baseline,sink,83,143,275,179,182,NaN,NaN,insufficient_clean_prebaseline,insufficient_clean_prebaseline
FB2316-baseline,sink,84,426,458,447,456,NaN,NaN,insufficient_clean_prebaseline,insufficient_clean_prebaseline
FB2316-baseline,sink,85,538,587,544,583,0.0981892952300482,0.0875140259535067,valid,valid
FB2316-baseline,sink,86,774,810,798,806,0.0667944991522269,NaN,valid,insufficient_clean_prebaseline
FB2316-baseline,sink,87,1089,1110,1091,1110,0.0369373758146489,0.0367703484381216,valid,valid
FB2316-baseline,sink,88,1152,1155,1153,1155,0.0516670604717668,0.049807388799654,valid,valid
FB2316-baseline,sink,89,193,213,204,206,0.201484858667166,0.218220491099037,valid,valid
FB2316-baseline,sink,90,390,458,421,446,0.103820497453391,0.0175851768579236,valid,valid
FB2316-baseline,sink,91,123,318,225,236,NaN,NaN,insufficient_clean_prebaseline,insufficient_clean_prebaseline
FB2316-baseline,sink,92,256,307,279,285,0.051266286716809,NaN,valid,insufficient_clean_prebaseline
FB2316-baseline,sink,93,508,536,515,517,0.0883529027884334,0.0840607463842585,valid,valid
FB2316-baseline,sink,94,800,816,807,814,0.0562119132244894,0.0607281109070705,valid,valid
FB2316-baseline,sink,95,851,891,870,874,0.0891472724089089,0.0382840739833656,valid,valid
FB2316-baseline,sink,96,479,501,482,485,0.0611625189662759,0.0548162074157694,valid,valid
FB2316-baseline,sink,97,512,523,518,521,0.0511320716143464,0.0372650495610269,valid,valid
FB2316-baseline,sink,98,537,547,543,545,NaN,0.0713155367222683,insufficient_clean_prebaseline,valid
FB2316-baseline,sink,99,747,760,750,753,NaN,NaN,insufficient_clean_prebaseline,insufficient_clean_prebaseline
FB2316-baseline,sink,100,281,334,311,323,0.0447744126377477,0.00664265599707667,valid,valid
FB2316-baseline,sink,101,1033,1048,1038,1041,0.0721793290262754,0.062498705335988,valid,valid
FB2316-baseline,sink,102,264,344,293,295,0.06684150038839,0.0426938402325045,valid,valid
FB2316-baseline,sink,103,616,638,626,633,0.101460323022421,0.0751704842200866,valid,valid
FB2316-baseline,sink,104,705,734,713,733,0.0983405614969591,0.0808171628522065,valid,valid
FB2316-baseline,sink,105,749,791,757,781,NaN,NaN,insufficient_clean_prebaseline,insufficient_clean_prebaseline
FB2316-baseline,sink,106,1116,1145,1127,1131,0.10235148342897,0.0497385461221518,valid,valid
FB2316-baseline,sink,107,311,404,317,330,NaN,NaN,insufficient_clean_prebaseline,insufficient_clean_prebaseline
FB2316-baseline,sink,108,767,803,787,790,0.0392644642598592,0.0229153755239637,valid,valid
FB2316-baseline,sink,109,317,347,322,324,NaN,NaN,insufficient_clean_prebaseline,insufficient_clean_prebaseline
FB2316-baseline,sink,110,765,825,795,801,0.0449774704714096,NaN,valid,insufficient_clean_prebaseline
FB2316-baseline,sink,111,320,332,327,329,0.0663114001218202,0.0530333579482481,valid,valid
FB2316-baseline,sink,112,561,607,594,596,0.118351545884535,0.0340968359924042,valid,valid
FB2316-baseline,sink,113,644,687,649,652,0.0862251176711443,0.0783574201378707,valid,valid
FB2316-baseline,sink,114,721,745,726,743,0.0644954177535184,0.065026352522673,valid,valid
FB2316-baseline,sink,115,829,857,845,850,0.0712713479111612,0.0490838188384579,valid,valid
FB2316-baseline,sink,116,1053,1096,1075,1089,0.0757533768495728,0.0476326986560243,valid,valid
FB2316-baseline,sink,117,304,341,328,331,0.068832200233522,0.0521675999473421,valid,valid
FB2316-baseline,sink,118,431,521,485,492,0.0413253178956546,0.072884799962814,valid,valid
FB2316-baseline,sink,119,710,769,749,763,0.106464565165294,0.0626628312596925,valid,valid
FB2316-baseline,sink,120,312,397,365,374,NaN,0.0419213085838793,insufficient_clean_prebaseline,valid
FB2316-baseline,sink,121,368,387,381,383,0.0147926199958861,NaN,valid,insufficient_clean_prebaseline
FB2316-baseline,sink,122,1186,1194,1191,1193,0.0200274451361097,0.012164492348795,valid,valid
FB2316-baseline,sink,123,1191,1197,1191,1196,0.0213489962405839,0.0213489962405839,valid,valid
FB2316-baseline,sink,124,775,786,779,781,0.0338499031104365,0.0273077121330418,valid,valid
FB2316-baseline,sink,125,388,443,393,408,0.0613728871136713,0.057802886491283,valid,valid
FB2316-baseline,sink,126,603,808,756,758,0.149962887249902,0.0320526886125286,valid,valid
FB2316-baseline,sink,127,603,808,779,782,0.152204898133372,0.0410416916874722,valid,valid
FB2316-baseline,sink,128,397,412,401,404,0.0992417384271765,0.0912931294861313,valid,valid
FB2316-baseline,sink,129,515,527,515,527,0.0572950941748454,0.0572950941748454,valid,valid
FB2316-baseline,sink,130,547,661,580,658,NaN,0.0652956660920087,insufficient_clean_prebaseline,valid
FB2316-baseline,sink,131,1182,1193,1189,1193,0.0640458615843183,0.0571072532978017,valid,valid
FB2316-baseline,sink,132,417,428,423,425,0.0552110436700782,0.0139779611942133,valid,valid
FB2316-baseline,sink,133,460,557,523,555,0.0655041973781919,0.0534748084030414,valid,valid
FB2316-baseline,sink,134,416,429,420,426,0.0313983402406438,0.0297517506866425,valid,valid
FB2316-baseline,sink,135,1097,1145,1109,1112,NaN,NaN,insufficient_clean_prebaseline,insufficient_clean_prebaseline
FB2316-baseline,sink,136,1166,1187,1168,1170,0.0627141514366922,0.0581865968897604,valid,valid
FB2316-baseline,sink,137,419,467,422,433,0.0344588069818086,0.033804209865239,valid,valid
FB2316-baseline,sink,138,468,513,504,512,NaN,NaN,insufficient_clean_prebaseline,insufficient_clean_prebaseline
FB2316-baseline,sink,139,416,457,449,452,0.0528855781041616,0.0497291042095256,valid,valid
FB2316-baseline,sink,140,424,495,427,470,0.0313499892978471,0.028111627355015,valid,valid
FB2316-baseline,sink,141,433,445,436,441,0.0377498516141655,0.0329335934650815,valid,valid
FB2316-baseline,sink,142,472,492,475,480,0.0631851987470392,0.0560643812936386,valid,valid
FB2316-baseline,sink,143,1072,1098,1085,1090,0.0613732681208532,NaN,valid,insufficient_clean_prebaseline
FB2316-baseline,sink,144,437,456,438,456,0.0331711892273713,0.0335249023483255,valid,valid
FB2316-baseline,sink,145,555,594,582,593,0.0553052500743061,0.0247112083352867,valid,valid
FB2316-baseline,sink,146,438,446,441,443,0.0350792742116426,0.0337627526282323,valid,valid
FB2316-baseline,sink,147,386,447,443,446,NaN,0.074568122929871,insufficient_clean_prebaseline,valid
FB2316-baseline,sink,148,426,451,446,448,0.0692539016357285,0.0502940933822562,valid,valid
FB2316-baseline,sink,149,485,524,487,512,0.0297355293702252,0.0277183860512153,valid,valid
FB2316-baseline,sink,150,1156,1161,1158,1160,0.0343091084575057,0.0329410387422891,valid,valid
FB2316-baseline,sink,151,1197,1199,1197,1199,0.0129211823497343,0.0129211823497343,valid,valid
FB2316-baseline,sink,152,478,507,498,500,0.0620466414001436,0.0586648942358549,valid,valid
FB2316-baseline,sink,153,545,592,548,550,0.099165176281951,0.0992296852802027,valid,valid
FB2316-baseline,sink,154,941,983,975,979,0.11205989125718,0.0691378531504396,valid,valid
FB2316-baseline,sink,155,465,477,471,475,0.0636049692781768,0.0611227981295216,valid,valid
FB2316-baseline,sink,156,517,527,519,527,0.0368089889660824,0.0329011210402442,valid,valid
FB2316-baseline,sink,157,477,490,481,488,0.0289893811076921,0.0246768711898752,valid,valid
FB2316-baseline,sink,158,477,513,486,494,0.0400485293701286,0.0233012638294337,valid,valid
FB2316-baseline,sink,159,1194,1198,1196,1198,0.0331481511232046,0.0312132201850736,valid,valid
FB2316-baseline,sink,160,486,536,496,500,0.0951756903904583,0.0603574489982841,valid,valid
FB2316-baseline,sink,161,486,536,526,528,0.108107419110985,0.0264392935930716,valid,valid
FB2316-baseline,sink,162,492,504,497,500,0.0794756973805593,0.0807848761498241,valid,valid
FB2316-baseline,sink,163,653,717,695,704,0.0991510617238112,0.0171044806229914,valid,valid
FB2316-baseline,sink,164,1054,1080,1073,1077,0.0739813057506554,0.0328408643141921,valid,valid
FB2316-baseline,sink,165,1123,1128,1123,1127,0.0283833381469921,0.0283833381469921,valid,valid
FB2316-baseline,sink,166,492,541,513,516,0.0460348861813169,0.042832253865652,valid,valid
FB2316-baseline,sink,167,774,823,780,784,0.055920893784446,0.0494065053149328,valid,valid
FB2316-baseline,sink,168,515,521,516,519,NaN,NaN,insufficient_clean_prebaseline,insufficient_clean_prebaseline
FB2316-baseline,sink,169,510,543,525,528,NaN,0.0554500171549566,insufficient_clean_prebaseline,valid
FB2316-baseline,sink,170,523,539,527,529,0.0676318614598141,0.056734395610041,valid,valid
FB2316-baseline,sink,171,528,539,530,532,0.0964180788348746,0.0961624753497125,valid,valid
FB2316-baseline,sink,172,545,561,556,558,0.0337132053382161,0.0234637842445378,valid,valid
FB2316-baseline,sink,173,555,577,556,558,0.0983894163910931,0.0985368248071992,valid,valid
FB2316-baseline,sink,174,579,600,582,597,0.0882758419687279,0.0866662592458616,valid,valid
FB2316-baseline,sink,175,589,630,597,601,0.114654316155932,0.0920917827338612,valid,valid
FB2316-baseline,sink,176,652,677,653,674,0.0482062109507225,0.0462700281658496,valid,valid
FB2316-baseline,sink,177,685,745,698,704,NaN,0.0187387402677527,insufficient_clean_prebaseline,valid
FB2316-baseline,sink,178,685,745,729,738,NaN,0.0275673654711704,insufficient_clean_prebaseline,valid
FB2316-baseline,sink,179,1137,1143,1137,1141,0.0284348085327888,0.0238573429016609,valid,valid
FB2316-baseline,sink,180,646,678,652,664,0.0802247795744689,0.0683458265912378,valid,valid
FB2316-baseline,sink,181,730,790,775,781,0.0656298248886181,0.0260416033381938,valid,valid
FB2316-baseline,sink,182,1188,1199,1189,1196,0.0254892095185096,0.0240586092428131,valid,valid
FB2316-baseline,sink,183,742,828,792,795,0.0635956479691762,0.0191430814713982,valid,valid
FB2316-baseline,sink,184,755,810,789,793,0.0616962100711874,0.0243869104151891,valid,valid
FB2316-baseline,sink,185,849,892,873,875,0.0400750671579655,0.0338798732280053,valid,valid
FB2316-baseline,sink,186,1044,1099,1080,1082,0.0853932985485475,0.0425301727025889,valid,valid
FB2316-baseline,sink,187,1068,1097,1078,1087,NaN,NaN,insufficient_clean_prebaseline,insufficient_clean_prebaseline
FB2316-baseline,sink,188,1072,1099,1085,1087,0.107217570070684,0.057709702199017,valid,valid
FB2316-baseline,sink,189,1075,1167,1103,1111,0.0744830947417762,0.0302320617204889,valid,valid
FB2316-baseline,sink,190,1081,1104,1088,1091,0.0418030843819971,0.0329616515474338,valid,valid
FB2316-baseline,sink,191,1098,1149,1123,1131,0.0571662921308561,0.0286807823446943,valid,valid
FB2316-baseline,sink,192,1099,1141,1120,1128,0.0551289299760648,0.0207323327289265,valid,valid
FB2316-baseline,sink,193,1122,1141,1125,1128,0.0489335522066643,0.048892067071885,valid,valid
FB2316-baseline,surge,1,214,223,214,223,NaN,NaN,insufficient_clean_prebaseline,insufficient_clean_prebaseline
FB2316-baseline,surge,2,311,320,311,320,0.0145742235174071,0.0145742235174071,valid,valid
FB2316-baseline,surge,3,429,438,429,438,0.0153221393881363,0.0153221393881363,valid,valid
FB2316-baseline,surge,4,359,379,359,379,NaN,NaN,insufficient_clean_prebaseline,insufficient_clean_prebaseline
FB2316-baseline,surge,5,486,500,486,500,NaN,NaN,insufficient_clean_prebaseline,insufficient_clean_prebaseline
FB2316-baseline,surge,6,513,523,513,523,NaN,NaN,insufficient_clean_prebaseline,insufficient_clean_prebaseline
FB2316-baseline,surge,7,1050,1068,1050,1068,NaN,NaN,insufficient_clean_prebaseline,insufficient_clean_prebaseline
FB2316-baseline,surge,8,314,324,314,324,NaN,NaN,insufficient_clean_prebaseline,insufficient_clean_prebaseline
FB2316-baseline,surge,9,1103,1119,1103,1119,NaN,NaN,insufficient_clean_prebaseline,insufficient_clean_prebaseline
FB2316-baseline,surge,10,64,79,64,79,0.0758653310472842,0.0758653310472842,valid,valid
FB2316-baseline,surge,11,1120,1141,1120,1141,NaN,NaN,insufficient_clean_prebaseline,insufficient_clean_prebaseline
FB2316-baseline,surge,12,367,377,367,377,0.0595772354040244,0.0595772354040244,valid,valid
FB2316-baseline,surge,13,382,395,382,395,NaN,NaN,insufficient_clean_prebaseline,insufficient_clean_prebaseline
FB2316-baseline,surge,14,1107,1118,1107,1118,0.0193632521711789,0.0193632521711789,valid,valid
FB2316-baseline,surge,15,105,114,105,114,0.044582888295836,0.044582888295836,valid,valid
FB2316-baseline,surge,16,125,144,125,144,NaN,NaN,insufficient_clean_prebaseline,insufficient_clean_prebaseline
FB2316-baseline,surge,17,1130,1141,1130,1141,NaN,NaN,insufficient_clean_prebaseline,insufficient_clean_prebaseline
FB2316-baseline,surge,18,368,378,368,378,0.0247590088111341,0.0247590088111341,valid,valid
FB2316-baseline,surge,19,104,125,104,125,NaN,NaN,insufficient_clean_prebaseline,insufficient_clean_prebaseline
FB2316-baseline,surge,20,122,143,122,143,NaN,NaN,insufficient_clean_prebaseline,insufficient_clean_prebaseline
FB2316-baseline,surge,21,168,187,168,187,NaN,NaN,insufficient_clean_prebaseline,insufficient_clean_prebaseline
FB2316-baseline,surge,22,194,206,194,206,NaN,NaN,insufficient_clean_prebaseline,insufficient_clean_prebaseline
FB2316-baseline,surge,23,185,195,185,195,NaN,NaN,insufficient_clean_prebaseline,insufficient_clean_prebaseline
FB2316-baseline,surge,24,235,245,235,245,NaN,NaN,insufficient_clean_prebaseline,insufficient_clean_prebaseline
FB2316-baseline,surge,25,208,217,208,217,0.0166858292590965,0.0166858292590965,valid,valid
FB2316-baseline,surge,26,848,861,848,861,-0.00127288407320874,-0.00127288407320874,valid,valid
FB2316-baseline,surge,27,988,997,988,997,0.00457394653613903,0.00457394653613903,valid,valid
FB2316-baseline,surge,28,186,198,186,198,NaN,NaN,insufficient_clean_prebaseline,insufficient_clean_prebaseline
FB2316-baseline,surge,29,242,253,242,253,NaN,NaN,insufficient_clean_prebaseline,insufficient_clean_prebaseline
FB2316-baseline,surge,30,925,934,925,934,0.00474293223076056,0.00474293223076056,valid,valid
FB2316-baseline,surge,31,163,172,163,172,0.0550867921099164,0.0550867921099164,valid,valid
FB2316-baseline,surge,32,847,866,847,866,0.00766347593263743,0.00766347593263743,valid,valid
FB2316-baseline,surge,33,895,918,895,918,0.00592184041383337,0.00592184041383337,valid,valid
FB2316-baseline,surge,34,916,933,916,933,0.00273962490440505,0.00273962490440505,valid,valid
FB2316-baseline,surge,35,950,961,950,961,NaN,NaN,insufficient_clean_prebaseline,insufficient_clean_prebaseline
FB2316-baseline,surge,36,274,288,274,288,0.0239843444794997,0.0239843444794997,valid,valid
FB2316-baseline,surge,37,291,317,291,317,NaN,NaN,insufficient_clean_prebaseline,insufficient_clean_prebaseline
FB2316-baseline,surge,38,985,994,985,994,NaN,NaN,insufficient_clean_prebaseline,insufficient_clean_prebaseline
FB2316-baseline,surge,39,904,917,904,917,0.00766786087174436,0.00766786087174436,valid,valid
FB2316-baseline,surge,40,926,940,926,940,NaN,NaN,insufficient_clean_prebaseline,insufficient_clean_prebaseline
FB2316-baseline,surge,41,169,179,169,179,0.0899037460531203,0.0899037460531203,valid,valid
FB2316-baseline,surge,42,182,202,182,202,NaN,NaN,insufficient_clean_prebaseline,insufficient_clean_prebaseline
FB2316-baseline,surge,43,445,464,445,464,0.027381643894367,0.027381643894367,valid,valid
FB2316-baseline,surge,44,391,403,391,403,0.090076442055886,0.090076442055886,valid,valid
FB2316-baseline,surge,45,418,438,418,438,NaN,NaN,insufficient_clean_prebaseline,insufficient_clean_prebaseline
FB2316-baseline,surge,46,445,467,445,467,NaN,NaN,insufficient_clean_prebaseline,insufficient_clean_prebaseline
FB2316-baseline,surge,47,208,226,208,226,NaN,NaN,insufficient_clean_prebaseline,insufficient_clean_prebaseline
FB2316-baseline,surge,48,841,850,841,850,-0.000764362741148262,-0.000764362741148262,valid,valid
FB2316-baseline,surge,49,857,868,857,868,0.00582774886515534,0.00582774886515534,valid,valid
FB2316-baseline,surge,50,916,943,916,943,0.0517182478671798,0.0517182478671798,valid,valid
FB2316-baseline,surge,51,946,955,946,955,NaN,NaN,insufficient_clean_prebaseline,insufficient_clean_prebaseline
FB2316-baseline,surge,52,844,861,844,861,-0.00341832126403307,-0.00341832126403307,valid,valid
FB2316-baseline,surge,53,967,982,967,982,NaN,NaN,insufficient_clean_prebaseline,insufficient_clean_prebaseline
FB2316-baseline,surge,54,274,295,274,295,NaN,NaN,insufficient_clean_prebaseline,insufficient_clean_prebaseline
FB2316-baseline,surge,55,337,347,337,347,0.0637517476822634,0.0637517476822634,valid,valid
FB2316-baseline,surge,56,285,294,285,294,NaN,NaN,insufficient_clean_prebaseline,insufficient_clean_prebaseline
FB2316-baseline,surge,57,1051,1071,1051,1071,0.0216863014584223,0.0216863014584223,valid,valid
FB2316-baseline,surge,58,383,396,383,396,0.0256155220364783,0.0256155220364783,valid,valid
FB2316-baseline,surge,59,388,397,388,397,0.0110994975543737,0.0110994975543737,valid,valid
FB2316-baseline,surge,60,439,452,439,452,0.00832683445106682,0.00832683445106682,valid,valid
FB2316-baseline,surge,61,523,535,523,535,0.000297344674030189,0.000297344674030189,valid,valid
FB2316-baseline,surge,62,850,866,850,866,0.000385973167383314,0.000385973167383314,valid,valid
ID13-20200917,sink,1,1,17,1,12,NaN,NaN,insufficient_clean_prebaseline,insufficient_clean_prebaseline
ID13-20200917,sink,2,66,96,79,89,0.126156773757518,0.11435273588624,valid,valid
ID13-20200917,sink,3,171,270,227,243,0.126770698487001,0.1116174811472,valid,valid
ID13-20200917,sink,4,280,302,292,301,NaN,0.0556496228755623,insufficient_clean_prebaseline,valid
ID13-20200917,sink,5,334,355,346,354,0.0706091070372561,NaN,valid,insufficient_clean_prebaseline
ID13-20200917,sink,6,419,465,420,441,0.178540811719769,0.175831725949035,valid,valid
ID13-20200917,sink,7,468,477,473,477,NaN,NaN,insufficient_clean_prebaseline,insufficient_clean_prebaseline
ID13-20200917,sink,8,514,541,531,537,0.0748182281686533,NaN,valid,insufficient_clean_prebaseline
ID13-20200917,sink,9,553,561,557,559,NaN,NaN,insufficient_clean_prebaseline,insufficient_clean_prebaseline
ID13-20200917,sink,10,646,674,647,665,0.10716894661161,0.107210137405519,valid,valid
ID13-20200917,sink,11,689,701,694,701,0.071799305114998,0.0645859075053746,valid,valid
ID13-20200917,sink,12,774,817,774,811,0.0492394727836245,0.0492394727836245,valid,valid
ID13-20200917,sink,13,852,863,853,862,0.0735960309771928,0.0759761621509915,valid,valid
ID13-20200917,sink,14,890,906,891,898,0.107227421355282,0.10340610562551,valid,valid
ID13-20200917,sink,15,943,954,951,953,0.0616235882665048,0.0112881426912607,valid,valid
ID13-20200917,sink,16,980,1002,983,992,NaN,NaN,insufficient_clean_prebaseline,insufficient_clean_prebaseline
ID13-20200917,sink,17,1024,1039,1025,1030,0.106001637201821,0.106226264743678,valid,valid
ID13-20200917,sink,18,1059,1085,1059,1084,NaN,NaN,insufficient_clean_prebaseline,insufficient_clean_prebaseline
ID13-20200917,sink,19,1152,1192,1164,1181,0.0742303054880677,NaN,valid,insufficient_clean_prebaseline
ID13-20200917,sink,20,74,104,80,87,0.121174326009786,0.0957399855233656,valid,valid
ID13-20200917,sink,21,413,441,431,433,0.195733182628967,0.135338345864662,valid,valid
ID13-20200917,sink,22,735,786,747,754,NaN,0.206762839295288,insufficient_clean_prebaseline,valid
ID13-20200917,sink,23,856,1058,997,1017,0.363072991753155,0.0226001017367922,valid,valid
ID13-20200917,sink,24,856,1058,1037,1044,0.383276634886335,NaN,valid,insufficient_clean_prebaseline
ID13-20200917,sink,25,7,11,8,10,NaN,NaN,insufficient_clean_prebaseline,insufficient_clean_prebaseline
ID13-20200917,sink,26,84,93,86,92,NaN,NaN,insufficient_clean_prebaseline,insufficient_clean_prebaseline
ID13-20200917,sink,27,170,223,188,193,0.0845430009482821,0.0432362219335682,valid,valid
ID13-20200917,sink,28,291,313,305,307,0.0994894826406554,0.109062980030722,valid,valid
ID13-20200917,sink,29,399,407,402,404,0.0781951934958599,0.0848848940658533,valid,valid
ID13-20200917,sink,30,522,653,527,540,0.0622203793020668,0.0644968159799707,valid,valid
ID13-20200917,sink,31,522,653,594,599,0.113117777421905,0.0485837553929843,valid,valid
ID13-20200917,sink,32,695,742,726,733,0.0722035818554186,0.0813544111555985,valid,valid
ID13-20200917,sink,33,766,793,776,785,0.0768856447688563,0.0370006425034958,valid,valid
ID13-20200917,sink,34,851,866,852,864,0.0970535630236279,0.0998582971255899,valid,valid
ID13-20200917,sink,35,1059,1108,1096,1106,0.142826414282641,0.0656006490762496,valid,valid
ID13-20200917,sink,36,1182,1195,1183,1195,NaN,NaN,insufficient_clean_prebaseline,insufficient_clean_prebaseline
ID13-20200917,sink,37,16,22,17,19,NaN,NaN,insufficient_clean_prebaseline,insufficient_clean_prebaseline
ID13-20200917,sink,38,1184,1195,1186,1190,0.10822910004908,0.103012895311612,valid,valid
ID13-20200917,sink,39,19,31,20,27,NaN,NaN,insufficient_clean_prebaseline,insufficient_clean_prebaseline
ID13-20200917,sink,40,74,104,80,84,0.141885111486404,0.0751616980150175,valid,valid
ID13-20200917,sink,41,475,505,480,495,-0.00936494833622739,0.00347070973906417,valid,valid
ID13-20200917,sink,42,25,37,28,36,0.174218190498926,0.170773803816282,valid,valid
ID13-20200917,sink,43,57,70,60,66,NaN,NaN,insufficient_clean_prebaseline,insufficient_clean_prebaseline
ID13-20200917,sink,44,72,129,87,92,NaN,0.178508344098495,insufficient_clean_prebaseline,valid
ID13-20200917,sink,45,72,129,112,115,NaN,NaN,insufficient_clean_prebaseline,insufficient_clean_prebaseline
ID13-20200917,sink,46,199,368,309,313,NaN,NaN,insufficient_clean_prebaseline,insufficient_clean_prebaseline
ID13-20200917,sink,47,199,368,343,356,NaN,0.078154282530517,insufficient_clean_prebaseline,valid
ID13-20200917,sink,48,399,464,415,452,0.202702352335483,0.194720755973379,valid,valid
ID13-20200917,sink,49,599,612,607,610,0.268279482599989,0.191907430318026,valid,valid
ID13-20200917,sink,50,631,683,656,658,0.066005963489714,0.0677857234616537,valid,valid
ID13-20200917,sink,51,631,683,678,681,0.0536307396854883,NaN,valid,insufficient_clean_prebaseline
ID13-20200917,sink,52,721,785,743,765,0.195973445780038,NaN,valid,insufficient_clean_prebaseline
ID13-20200917,sink,53,892,994,979,988,NaN,NaN,insufficient_clean_prebaseline,insufficient_clean_prebaseline
ID13-20200917,sink,54,1032,1091,1054,1077,0.197014288969974,0.127499714614834,valid,valid
ID13-20200917,sink,55,1182,1196,1184,1196,NaN,NaN,insufficient_clean_prebaseline,insufficient_clean_prebaseline
ID13-20200917,sink,56,16,37,29,34,NaN,0.154778216598157,insufficient_clean_prebaseline,valid
ID13-20200917,sink,57,37,73,62,65,NaN,0.13552625315371,insufficient_clean_prebaseline,valid
ID13-20200917,sink,58,434,455,442,444,0.0569377519913463,-0.00284007442953691,valid,valid
ID13-20200917,sink,59,740,755,743,747,0.284983236280219,0.205481397330304,valid,valid
ID13-20200917,sink,60,842,887,878,880,0.305836254897917,0.280246332805884,valid,valid
ID13-20200917,sink,61,1005,1050,1045,1047,0.0716168906945585,0.152462121212121,valid,valid
ID13-20200917,sink,62,1069,1113,1094,1100,0.0350557539537933,0.0613340613340615,valid,valid
ID13-20200917,sink,63,30,38,30,35,0.15909336378084,0.15909336378084,valid,valid
ID13-20200917,sink,64,40,135,76,99,NaN,NaN,insufficient_clean_prebaseline,insufficient_clean_prebaseline
ID13-20200917,sink,65,268,337,285,289,NaN,0.0631866439411054,insufficient_clean_prebaseline,valid
ID13-20200917,sink,66,22,50,30,36,NaN,0.170419923168632,insufficient_clean_prebaseline,valid
ID13-20200917,sink,67,57,69,62,64,0.0885474653009721,0.0944620603200352,valid,valid
ID13-20200917,sink,68,321,360,354,358,0.044069138408761,0.0748308006640278,valid,valid
ID13-20200917,sink,69,431,440,434,436,0.0964066789127157,0.0304507740997348,valid,valid
ID13-20200917,sink,70,611,664,641,662,NaN,0.0212524723163555,insufficient_clean_prebaseline,valid
ID13-20200917,sink,71,727,753,743,748,0.185395319263408,0.107412262261025,valid,valid
ID13-20200917,sink,72,836,861,851,861,NaN,NaN,insufficient_clean_prebaseline,insufficient_clean_prebaseline
ID13-20200917,sink,73,889,904,895,901,0.131220489826421,0.112585355021373,valid,valid
ID13-20200917,sink,74,936,952,940,949,NaN,NaN,insufficient_clean_prebaseline,insufficient_clean_prebaseline
ID13-20200917,sink,75,967,995,975,983,NaN,NaN,insufficient_clean_prebaseline,insufficient_clean_prebaseline
ID13-20200917,sink,76,999,1022,1013,1019,NaN,0.107063441421583,insufficient_clean_prebaseline,valid
ID13-20200917,sink,77,1089,1177,1133,1151,NaN,0.0657777333252616,insufficient_clean_prebaseline,valid
ID13-20200917,sink,78,29,38,31,35,0.148720503723811,0.147842088517795,valid,valid
ID13-20200917,sink,79,58,72,63,65,0.0627812781278129,0.0694297045187956,valid,valid
ID13-20200917,sink,80,72,98,86,92,NaN,0.141660254766179,insufficient_clean_prebaseline,valid
ID13-20200917,sink,81,256,315,308,310,NaN,0.0551904940247181,insufficient_clean_prebaseline,valid
ID13-20200917,sink,82,342,367,344,357,0.0905489168636973,0.0818691112808762,valid,valid
ID13-20200917,sink,83,418,571,438,443,0.19620745772306,0.00580294931258937,valid,valid
ID13-20200917,sink,84,623,668,635,642,0.123927015485485,0.100256499993355,valid,valid
ID13-20200917,sink,85,733,765,746,748,0.187230529309238,0.132991367446516,valid,valid
ID13-20200917,sink,86,769,775,772,774,0.0568852565349938,0.0618446946478691,valid,valid
ID13-20200917,sink,87,876,894,879,881,0.250195354123748,0.235228054921566,valid,valid
ID13-20200917,sink,88,901,1014,979,988,NaN,NaN,insufficient_clean_prebaseline,insufficient_clean_prebaseline
ID13-20200917,sink,89,901,1014,1010,1012,NaN,0.0262792278814036,insufficient_clean_prebaseline,valid
ID13-20200917,sink,90,1033,1091,1059,1068,0.128023711635912,0.08170275001662,valid,valid
ID13-20200917,sink,91,1093,1108,1095,1099,0.020955144893517,0.0243556664492896,valid,valid
ID13-20200917,sink,92,1158,1163,1159,1163,0.121015610147652,0.116090166789868,valid,valid
ID13-20200917,sink,93,1158,1195,1192,1195,0.278683551983014,NaN,valid,insufficient_clean_prebaseline
ID13-20200917,sink,94,445,477,446,465,0.134238732272094,0.133210943826608,valid,valid
ID13-20200917,sink,95,560,596,561,563,NaN,NaN,insufficient_clean_prebaseline,insufficient_clean_prebaseline
ID13-20200917,sink,96,601,653,621,631,NaN,0.131390215154724,insufficient_clean_prebaseline,valid
ID13-20200917,sink,97,696,780,749,754,0.270389766026925,0.249722902811807,valid,valid
ID13-20200917,sink,98,794,894,881,886,NaN,0.164739464259756,insufficient_clean_prebaseline,valid
ID13-20200917,sink,99,895,1039,997,1034,NaN,0.0218850577082146,insufficient_clean_prebaseline,valid
ID13-20200917,sink,100,1061,1068,1062,1064,0.0822629133643074,0.0813339534374747,valid,valid
ID13-20200917,sink,101,1183,1200,1196,1200,NaN,NaN,insufficient_clean_prebaseline,insufficient_clean_prebaseline
ID13-20200917,sink,102,31,51,35,38,0.15526941592715,0.144963952751098,valid,valid
ID13-20200917,sink,103,401,474,461,464,0.206954486247711,0.0247846020952845,valid,valid
ID13-20200917,sink,104,874,892,880,882,0.252118426018045,0.239543726235741,valid,valid
ID13-20200917,sink,105,31,46,36,38,NaN,NaN,insufficient_clean_prebaseline,insufficient_clean_prebaseline
ID13-20200917,sink,106,36,61,36,38,0.116767942190836,0.116767942190836,valid,valid
ID13-20200917,sink,107,271,336,312,334,0.147271111665393,0.0511035188628926,valid,valid
ID13-20200917,sink,108,429,466,453,465,0.160285073976909,0.0357698289269049,valid,valid
ID13-20200917,sink,109,34,70,37,43,0.135992088168966,0.126991937620652,valid,valid
ID13-20200917,sink,110,31,52,39,45,0.154814701534383,0.141172936069701,valid,valid
ID13-20200917,sink,111,167,203,182,191,0.13260893265981,0.0941797977957921,valid,valid
ID13-20200917,sink,112,330,344,339,341,0.0601654215581641,0.0524864664940655,valid,valid
ID13-20200917,sink,113,572,601,579,581,0.0548437542868115,0.0477769946238787,valid,valid
ID13-20200917,sink,114,1161,1184,1172,1176,0.118875244001878,0.110379323678729,valid,valid
ID13-20200917,sink,115,34,59,39,42,NaN,NaN,insufficient_clean_prebaseline,insufficient_clean_prebaseline
ID13-20200917,sink,116,444,688,465,468,0.158569252586795,0.0496063330895323,valid,valid
ID13-20200917,sink,117,444,688,615,621,0.152888255510153,NaN,valid,insufficient_clean_prebaseline
ID13-20200917,sink,118,444,688,673,677,0.129659536096917,0.0492326195518607,valid,valid
ID13-20200917,sink,119,760,779,770,772,NaN,0.0101038062283736,insufficient_clean_prebaseline,valid
ID13-20200917,sink,120,867,907,887,891,0.140029411499355,0.0783510982648419,valid,valid
ID13-20200917,sink,121,972,1031,974,979,NaN,NaN,insufficient_clean_prebaseline,insufficient_clean_prebaseline
ID13-20200917,sink,122,972,1031,1001,1003,NaN,0.0300485211660807,insufficient_clean_prebaseline,valid
ID13-20200917,sink,123,1083,1118,1085,1088,NaN,NaN,insufficient_clean_prebaseline,insufficient_clean_prebaseline
ID13-20200917,sink,124,1152,1198,1196,1198,NaN,0.18538564067648,insufficient_clean_prebaseline,valid
ID13-20200917,sink,125,18,61,55,59,NaN,NaN,insufficient_clean_prebaseline,insufficient_clean_prebaseline
ID13-20200917,sink,126,443,471,464,468,0.115443890899968,NaN,valid,insufficient_clean_prebaseline
ID13-20200917,sink,127,609,726,679,681,NaN,0.030421530852838,insufficient_clean_prebaseline,valid
ID13-20200917,sink,128,947,1012,989,991,NaN,0.117200857273581,insufficient_clean_prebaseline,valid
ID13-20200917,sink,129,155,172,156,158,0.0614996422249841,0.0600482800241399,valid,valid
ID13-20200917,sink,130,212,269,213,268,NaN,NaN,insufficient_clean_prebaseline,insufficient_clean_prebaseline
ID13-20200917,sink,131,60,74,68,71,0.0813273897969293,0.0842845294047949,valid,valid
ID13-20200917,sink,132,241,266,260,264,0.0733876945885843,NaN,valid,insufficient_clean_prebaseline
ID13-20200917,sink,133,291,334,318,329,0.0999183189608437,0.0582077812065107,valid,valid
ID13-20200917,sink,134,339,367,351,356,NaN,0.0892739705404612,insufficient_clean_prebaseline,valid
ID13-20200917,sink,135,416,436,419,430,0.133699567068069,0.129481095862367,valid,valid
ID13-20200917,sink,136,470,534,527,531,0.0754320511171147,0.0887844043003658,valid,valid
ID13-20200917,sink,137,743,786,744,750,0.20624880481311,0.179058331615677,valid,valid
ID13-20200917,sink,138,850,871,852,855,NaN,NaN,insufficient_clean_prebaseline,insufficient_clean_prebaseline
ID13-20200917,sink,139,972,1028,978,1004,NaN,NaN,insufficient_clean_prebaseline,insufficient_clean_prebaseline
ID13-20200917,sink,140,1092,1111,1095,1097,0.0706088834885918,0.0734110426144776,valid,valid
ID13-20200917,sink,141,1150,1195,1193,1195,0.290387982674408,0.203722854188211,valid,valid
ID13-20200917,sink,142,50,62,57,59,NaN,NaN,insufficient_clean_prebaseline,insufficient_clean_prebaseline
ID13-20200917,sink,143,359,388,363,387,0.0228525422679134,NaN,valid,insufficient_clean_prebaseline
ID13-20200917,sink,144,457,471,465,468,NaN,NaN,insufficient_clean_prebaseline,insufficient_clean_prebaseline
ID13-20200917,sink,145,524,538,526,529,NaN,NaN,insufficient_clean_prebaseline,insufficient_clean_prebaseline
ID13-20200917,sink,146,585,656,587,592,0.0770966528770214,0.0757062146892655,valid,valid
ID13-20200917,sink,147,721,744,733,744,0.10267808739022,0.0580258453138678,valid,valid
ID13-20200917,sink,148,798,807,805,807,0.0655093492248564,0.0691538935807179,valid,valid
ID13-20200917,sink,149,830,866,852,862,NaN,NaN,insufficient_clean_prebaseline,insufficient_clean_prebaseline
ID13-20200917,sink,150,887,918,890,898,0.108223789010015,0.102880314368128,valid,valid
ID13-20200917,sink,151,1064,1096,1090,1093,0.145817641430694,0.0275780943667494,valid,valid
ID13-20200917,sink,152,52,113,93,96,0.0805359823026984,0.127455354589239,valid,valid
ID13-20200917,sink,153,444,466,447,459,0.121122824072668,0.117738996515786,valid,valid
ID13-20200917,sink,154,476,488,481,487,NaN,0.0332542482976533,insufficient_clean_prebaseline,valid
ID13-20200917,sink,155,580,643,583,587,0.235520580025666,0.0806146667203026,valid,valid
ID13-20200917,sink,156,580,643,610,613,0.2485475324012,0.11791730474732,valid,valid
ID13-20200917,sink,157,643,707,663,669,0.041260138709298,0.0731414712875819,valid,valid
ID13-20200917,sink,158,72,247,125,127,0.0730651829527453,0.0380826674122381,valid,valid
ID13-20200917,sink,159,160,178,165,171,0.0855217639803866,0.0728598005428648,valid,valid
ID13-20200917,sink,160,703,759,706,743,0.16408974982044,0.10684430962271,valid,valid
ID13-20200917,sink,161,886,925,892,895,0.101348210134821,NaN,valid,insufficient_clean_prebaseline
ID13-20200917,sink,162,92,105,98,101,0.109660505964084,0.0939165790695318,valid,valid
ID13-20200917,sink,163,147,162,149,151,0.0578285544716052,0.043617298181683,valid,valid
ID13-20200917,sink,164,747,840,765,796,0.175481908181841,0.0191134697113162,valid,valid
ID13-20200917,sink,165,97,107,101,103,0.12599685055305,NaN,valid,insufficient_clean_prebaseline
ID13-20200917,sink,166,196,238,210,224,0.0664357220444468,0.0664174503606133,valid,valid
ID13-20200917,sink,167,91,127,104,123,0.0914441981699332,NaN,valid,insufficient_clean_prebaseline
ID13-20200917,sink,168,455,488,474,476,0.085530677819146,0.0324630620134515,valid,valid
ID13-20200917,sink,169,869,911,888,890,0.0966744937483691,0.0470680187175818,valid,valid
ID13-20200917,sink,170,98,190,120,126,0.098887546774561,0.000433747311209319,valid,valid
ID13-20200917,sink,171,98,190,146,164,0.0967691322027695,NaN,valid,insufficient_clean_prebaseline
ID13-20200917,sink,172,460,485,467,472,0.0376271816224604,0.025367451744289,valid,valid
ID13-20200917,sink,173,755,773,758,760,0.129578303593925,0.118349922275585,valid,valid
ID13-20200917,sink,174,885,912,888,890,0.104610752848037,0.090858447997326,valid,valid
ID13-20200917,sink,175,1108,1135,1115,1124,0.0962862816342053,0.0963893594460894,valid,valid
ID13-20200917,sink,176,103,126,117,119,0.0735065302465933,0.0587502694417167,valid,valid
ID13-20200917,sink,177,463,534,504,506,0.115798677523362,0.102655743113213,valid,valid
ID13-20200917,sink,178,435,470,454,456,0.10289775833789,0.0566850903921906,valid,valid
ID13-20200917,sink,179,126,158,139,147,0.0286391713982653,0.0403274525033596,valid,valid
ID13-20200917,sink,180,380,395,388,392,0.0694072209597374,0.0789898337905436,valid,valid
ID13-20200917,sink,181,772,803,789,796,NaN,0.0404331052710105,insufficient_clean_prebaseline,valid
ID13-20200917,sink,182,1089,1116,1106,1110,0.10640982430669,0.042186019063288,valid,valid
ID13-20200917,sink,183,136,181,147,157,0.0669390652125957,0.0478497175907536,valid,valid
ID13-20200917,sink,184,204,270,204,231,0.082738464721705,0.072392923649907,valid,valid
ID13-20200917,sink,185,204,270,259,269,0.0931511675703186,0.0309660011922068,valid,valid
ID13-20200917,sink,186,367,414,405,408,0.124435217975333,0.0765538150581102,valid,valid
ID13-20200917,sink,187,834,870,836,842,NaN,NaN,insufficient_clean_prebaseline,insufficient_clean_prebaseline
ID13-20200917,sink,188,121,149,137,139,0.0780642882373719,0.0746116515611496,valid,valid
ID13-20200917,sink,189,772,818,794,797,0.0652333339295616,0.0415405777166437,valid,valid
ID13-20200917,sink,190,687,703,690,692,0.0555184911375974,0.0381844380403459,valid,valid
ID13-20200917,sink,191,366,401,378,380,0.0944268556208857,0.0339638525689931,valid,valid
ID13-20200917,sink,192,554,610,563,572,0.20865071681034,0.0748439503037128,valid,valid
ID13-20200917,sink,193,697,711,700,702,0.0781289161293263,0.0755380889274779,valid,valid
ID13-20200917,sink,194,1146,1183,1177,1182,0.111935602855345,0.097205373094823,valid,valid
ID13-20200917,sink,195,144,210,167,169,0.0938876166989607,0.0341874030864654,valid,valid
ID13-20200917,sink,196,884,945,926,931,NaN,0.109682407275539,insufficient_clean_prebaseline,valid
ID13-20200917,sink,197,365,397,377,391,0.105975897627034,0.00742280596764246,valid,valid
ID13-20200917,sink,198,201,225,204,208,0.0525177543326417,0.0212329770098112,valid,valid
ID13-20200917,sink,199,240,270,254,257,0.0632911392405063,0.0548928452834045,valid,valid
ID13-20200917,sink,200,404,439,406,409,0.0753707650154393,0.0746262160221115,valid,valid
ID13-20200917,sink,201,883,959,907,910,0.135640519349636,0.0455644545119503,valid,valid
ID13-20200917,sink,202,883,959,945,956,0.139521312220207,0.0420228073420541,valid,valid
ID13-20200917,sink,203,1113,1160,1133,1135,NaN,NaN,insufficient_clean_prebaseline,insufficient_clean_prebaseline
ID13-20200917,sink,204,1161,1181,1169,1171,0.0844765342960287,0.0852250865717584,valid,valid
ID13-20200917,sink,205,212,281,247,249,0.0932404316059419,0.0393272322532771,valid,valid
ID13-20200917,sink,206,241,262,252,254,0.0495226935934109,0.0385947893569847,valid,valid
ID13-20200917,sink,207,873,918,887,893,0.074237142586838,0.0710550599815441,valid,valid
ID13-20200917,sink,208,1023,1041,1025,1027,0.129845670230207,0.128822648983265,valid,valid
ID13-20200917,sink,209,1041,1073,1050,1053,NaN,0.179053014630213,insufficient_clean_prebaseline,valid
ID13-20200917,sink,210,1073,1100,1088,1092,NaN,0.0533264542075115,insufficient_clean_prebaseline,valid
ID13-20200917,sink,211,227,288,268,273,0.132766372352527,0.0443143208270079,valid,valid
ID13-20200917,sink,212,338,382,360,363,0.0846659146705593,0.0398065797426819,valid,valid
ID13-20200917,sink,213,481,646,613,615,0.196199127472659,0.107389343885157,valid,valid
ID13-20200917,sink,214,363,398,392,395,0.0439664716115767,0.0390634055871102,valid,valid
ID13-20200917,sink,215,1102,1183,1113,1115,0.0665258711721223,0.0325306294888046,valid,valid
ID13-20200917,sink,216,415,564,436,439,0.172967314179365,0.0467914438502674,valid,valid
ID13-20200917,sink,217,415,461,442,444,0.186982033754764,0.00986730180333453,valid,valid
ID13-20200917,sink,218,971,1028,987,999,NaN,0.121578032620163,insufficient_clean_prebaseline,valid
ID13-20200917,sink,219,467,504,479,484,0.0252025202520251,0.017444090898833,valid,valid
ID13-20200917,sink,220,687,734,698,700,0.0624186772742481,0.0411266761555171,valid,valid
ID13-20200917,sink,221,1118,1162,1154,1162,0.0928805997893303,NaN,valid,insufficient_clean_prebaseline
ID13-20200917,sink,222,567,638,602,604,0.255515051298433,0.267259714079636,valid,valid
ID13-20200917,sink,223,963,1008,993,995,0.295065458207452,0.0497621848309723,valid,valid
ID13-20200917,sink,224,631,687,654,656,0.0818528210072074,0.0454093470334769,valid,valid
ID13-20200917,sink,225,619,684,662,667,0.101587957590883,NaN,valid,insufficient_clean_prebaseline
ID13-20200917,sink,226,653,745,683,694,0.0465569702519867,-0.000887672987092289,valid,valid
ID13-20200917,sink,227,785,891,834,843,0.0985031590552515,0.0826001537541638,valid,valid
ID13-20200917,sink,228,901,1037,963,967,0.0918575190024342,0.0558026688232916,valid,valid
ID13-20200917,sink,229,1098,1124,1110,1112,0.130188211108354,0.122097807033234,valid,valid
ID13-20200917,sink,230,1124,1164,1147,1153,NaN,NaN,insufficient_clean_prebaseline,insufficient_clean_prebaseline
ID13-20200917,sink,231,695,726,710,712,0.0898486209624438,0.0892685839253491,valid,valid
ID13-20200917,sink,232,713,784,723,726,0.206158627021683,0.0684009355924467,valid,valid
ID13-20200917,sink,233,732,744,739,741,0.10351043874394,0.0869166067042153,valid,valid
ID13-20200917,sink,234,750,802,759,768,0.116615554484735,0.0942880139249701,valid,valid
ID13-20200917,sink,235,1008,1081,1033,1037,0.13482669545437,0.0444908337208269,valid,valid
ID13-20200917,surge,1,11,20,11,20,NaN,NaN,insufficient_clean_prebaseline,insufficient_clean_prebaseline
ID13-20200917,surge,2,23,34,23,34,NaN,NaN,insufficient_clean_prebaseline,insufficient_clean_prebaseline
ID13-20200917,surge,3,50,59,50,59,NaN,NaN,insufficient_clean_prebaseline,insufficient_clean_prebaseline
ID13-20200917,surge,4,237,250,237,250,NaN,NaN,insufficient_clean_prebaseline,insufficient_clean_prebaseline
ID13-20200917,surge,5,262,272,262,272,NaN,NaN,insufficient_clean_prebaseline,insufficient_clean_prebaseline
ID13-20200917,surge,6,323,343,323,343,0.0518630616769076,0.0518630616769076,valid,valid
ID13-20200917,surge,7,377,409,377,409,0.0809444776509306,0.0809444776509306,valid,valid
ID13-20200917,surge,8,485,498,485,498,NaN,NaN,insufficient_clean_prebaseline,insufficient_clean_prebaseline
ID13-20200917,surge,9,529,554,529,554,0.0389166217927262,0.0389166217927262,valid,valid
ID13-20200917,surge,10,566,594,566,594,NaN,NaN,insufficient_clean_prebaseline,insufficient_clean_prebaseline
ID13-20200917,surge,11,817,838,817,838,NaN,NaN,insufficient_clean_prebaseline,insufficient_clean_prebaseline
ID13-20200917,surge,12,907,920,907,920,0.09335213695303,0.09335213695303,valid,valid
ID13-20200917,surge,13,1077,1088,1077,1088,NaN,NaN,insufficient_clean_prebaseline,insufficient_clean_prebaseline
ID13-20200917,surge,14,1105,1116,1105,1116,NaN,NaN,insufficient_clean_prebaseline,insufficient_clean_prebaseline
ID13-20200917,surge,15,1120,1156,1120,1156,NaN,NaN,insufficient_clean_prebaseline,insufficient_clean_prebaseline
ID13-20200917,surge,16,1170,1182,1170,1182,NaN,NaN,insufficient_clean_prebaseline,insufficient_clean_prebaseline
ID13-20200917,surge,17,3,12,3,12,NaN,NaN,insufficient_clean_prebaseline,insufficient_clean_prebaseline
ID13-20200917,surge,18,26,36,26,36,NaN,NaN,insufficient_clean_prebaseline,insufficient_clean_prebaseline
ID13-20200917,surge,19,80,90,80,90,0.0412470530743783,0.0412470530743783,valid,valid
ID13-20200917,surge,20,166,175,166,175,0.0386034739262322,0.0386034739262322,valid,valid
ID13-20200917,surge,21,324,346,324,346,NaN,NaN,insufficient_clean_prebaseline,insufficient_clean_prebaseline
ID13-20200917,surge,22,470,482,470,482,NaN,NaN,insufficient_clean_prebaseline,insufficient_clean_prebaseline
ID13-20200917,surge,23,487,513,487,513,NaN,NaN,insufficient_clean_prebaseline,insufficient_clean_prebaseline
ID13-20200917,surge,24,532,557,532,557,NaN,NaN,insufficient_clean_prebaseline,insufficient_clean_prebaseline
ID13-20200917,surge,25,559,580,559,580,NaN,NaN,insufficient_clean_prebaseline,insufficient_clean_prebaseline
ID13-20200917,surge,26,582,604,582,604,NaN,NaN,insufficient_clean_prebaseline,insufficient_clean_prebaseline
ID13-20200917,surge,27,664,675,664,675,NaN,NaN,insufficient_clean_prebaseline,insufficient_clean_prebaseline
ID13-20200917,surge,28,685,695,685,695,NaN,NaN,insufficient_clean_prebaseline,insufficient_clean_prebaseline
ID13-20200917,surge,29,707,716,707,716,NaN,NaN,insufficient_clean_prebaseline,insufficient_clean_prebaseline
ID13-20200917,surge,30,721,740,721,740,NaN,NaN,insufficient_clean_prebaseline,insufficient_clean_prebaseline
ID13-20200917,surge,31,781,802,781,802,NaN,NaN,insufficient_clean_prebaseline,insufficient_clean_prebaseline
ID13-20200917,surge,32,819,840,819,840,NaN,NaN,insufficient_clean_prebaseline,insufficient_clean_prebaseline
ID13-20200917,surge,33,925,943,925,943,0.0577679812102656,0.0577679812102656,valid,valid
ID13-20200917,surge,34,947,963,947,963,NaN,NaN,insufficient_clean_prebaseline,insufficient_clean_prebaseline
ID13-20200917,surge,35,1038,1048,1038,1048,NaN,NaN,insufficient_clean_prebaseline,insufficient_clean_prebaseline
ID13-20200917,surge,36,1071,1086,1071,1086,0.0689707940655032,0.0689707940655032,valid,valid
ID13-20200917,surge,37,1090,1119,1090,1119,NaN,NaN,insufficient_clean_prebaseline,insufficient_clean_prebaseline
ID13-20200917,surge,38,1125,1142,1125,1142,NaN,NaN,insufficient_clean_prebaseline,insufficient_clean_prebaseline
ID13-20200917,surge,39,1154,1178,1154,1178,NaN,NaN,insufficient_clean_prebaseline,insufficient_clean_prebaseline
ID13-20200917,surge,40,26,46,26,46,0.0825323836297315,0.0825323836297315,valid,valid
ID13-20200917,surge,41,91,101,91,101,0.0927907118108322,0.0927907118108322,valid,valid
ID13-20200917,surge,42,164,185,164,185,NaN,NaN,insufficient_clean_prebaseline,insufficient_clean_prebaseline
ID13-20200917,surge,43,238,255,238,255,NaN,NaN,insufficient_clean_prebaseline,insufficient_clean_prebaseline
ID13-20200917,surge,44,360,369,360,369,NaN,NaN,insufficient_clean_prebaseline,insufficient_clean_prebaseline
ID13-20200917,surge,45,417,458,417,458,NaN,NaN,insufficient_clean_prebaseline,insufficient_clean_prebaseline
ID13-20200917,surge,46,485,495,485,495,NaN,NaN,insufficient_clean_prebaseline,insufficient_clean_prebaseline
ID13-20200917,surge,47,506,524,506,524,NaN,NaN,insufficient_clean_prebaseline,insufficient_clean_prebaseline
ID13-20200917,surge,48,559,568,559,568,0.0468372534644182,0.0468372534644182,valid,valid
ID13-20200917,surge,49,601,625,601,625,NaN,NaN,insufficient_clean_prebaseline,insufficient_clean_prebaseline
ID13-20200917,surge,50,745,754,745,754,NaN,NaN,insufficient_clean_prebaseline,insufficient_clean_prebaseline
ID13-20200917,surge,51,798,807,798,807,0.075993621197252,0.075993621197252,valid,valid
ID13-20200917,surge,52,812,821,812,821,NaN,NaN,insufficient_clean_prebaseline,insufficient_clean_prebaseline
ID13-20200917,surge,53,828,845,828,845,NaN,NaN,insufficient_clean_prebaseline,insufficient_clean_prebaseline
ID13-20200917,surge,54,921,959,921,959,NaN,NaN,insufficient_clean_prebaseline,insufficient_clean_prebaseline
ID13-20200917,surge,55,1121,1153,1121,1153,NaN,NaN,insufficient_clean_prebaseline,insufficient_clean_prebaseline
ID13-20200917,surge,56,1159,1187,1159,1187,NaN,NaN,insufficient_clean_prebaseline,insufficient_clean_prebaseline
ID13-20200917,surge,57,1,20,1,20,NaN,NaN,insufficient_clean_prebaseline,insufficient_clean_prebaseline
ID13-20200917,surge,58,24,37,24,37,NaN,NaN,insufficient_clean_prebaseline,insufficient_clean_prebaseline
ID13-20200917,surge,59,87,98,87,98,NaN,NaN,insufficient_clean_prebaseline,insufficient_clean_prebaseline
ID13-20200917,surge,60,338,347,338,347,0.048659568208372,0.048659568208372,valid,valid
ID13-20200917,surge,61,350,359,350,359,NaN,NaN,insufficient_clean_prebaseline,insufficient_clean_prebaseline
ID13-20200917,surge,62,450,460,450,460,NaN,NaN,insufficient_clean_prebaseline,insufficient_clean_prebaseline
ID13-20200917,surge,63,594,620,594,620,0.0648838688282661,0.0648838688282661,valid,valid
ID13-20200917,surge,64,743,753,743,753,0.0763396158535367,0.0763396158535367,valid,valid
ID13-20200917,surge,65,969,984,969,984,NaN,NaN,insufficient_clean_prebaseline,insufficient_clean_prebaseline
ID13-20200917,surge,66,1039,1048,1039,1048,0.0551571594531435,0.0551571594531435,valid,valid
ID13-20200917,surge,67,1077,1087,1077,1087,0.0935550680014996,0.0935550680014996,valid,valid
ID13-20200917,surge,68,1094,1117,1094,1117,NaN,NaN,insufficient_clean_prebaseline,insufficient_clean_prebaseline
ID13-20200917,surge,69,1187,1198,1187,1198,NaN,NaN,insufficient_clean_prebaseline,insufficient_clean_prebaseline
ID13-20200917,surge,70,1,13,1,13,NaN,NaN,insufficient_clean_prebaseline,insufficient_clean_prebaseline
ID13-20200917,surge,71,187,197,187,197,0.073027905706595,0.073027905706595,valid,valid
ID13-20200917,surge,72,537,566,537,566,NaN,NaN,insufficient_clean_prebaseline,insufficient_clean_prebaseline
ID13-20200917,surge,73,610,623,610,623,NaN,NaN,insufficient_clean_prebaseline,insufficient_clean_prebaseline
ID13-20200917,surge,74,921,932,921,932,NaN,NaN,insufficient_clean_prebaseline,insufficient_clean_prebaseline
ID13-20200917,surge,75,961,971,961,971,NaN,NaN,insufficient_clean_prebaseline,insufficient_clean_prebaseline
ID13-20200917,surge,76,1161,1176,1161,1176,NaN,NaN,insufficient_clean_prebaseline,insufficient_clean_prebaseline
ID13-20200917,surge,77,24,37,24,37,0.270335064786803,0.270335064786803,valid,valid
ID13-20200917,surge,78,72,85,72,85,0.0642519388545732,0.0642519388545732,valid,valid
ID13-20200917,surge,79,293,313,293,313,0.0703730737623334,0.0703730737623334,valid,valid
ID13-20200917,surge,80,318,329,318,329,NaN,NaN,insufficient_clean_prebaseline,insufficient_clean_prebaseline
ID13-20200917,surge,81,339,363,339,363,NaN,NaN,insufficient_clean_prebaseline,insufficient_clean_prebaseline
ID13-20200917,surge,82,588,600,588,600,0.028197527146656,0.028197527146656,valid,valid
ID13-20200917,surge,83,919,931,919,931,NaN,NaN,insufficient_clean_prebaseline,insufficient_clean_prebaseline
ID13-20200917,surge,84,544,556,544,556,0.0427831254430088,0.0427831254430088,valid,valid
ID13-20200917,surge,85,78,88,78,88,0.0990727763933696,0.0990727763933696,valid,valid
ID13-20200917,surge,86,821,834,821,834,NaN,NaN,insufficient_clean_prebaseline,insufficient_clean_prebaseline
ID13-20200917,surge,87,647,656,647,656,0.0276360842155116,0.0276360842155116,valid,valid
ID13-20200917,surge,88,198,222,198,222,0.0879025239338556,0.0879025239338556,valid,valid
ID13-20200917,surge,89,225,236,225,236,NaN,NaN,insufficient_clean_prebaseline,insufficient_clean_prebaseline
ID13-20200917,surge,90,108,118,108,118,0.105189997688264,0.105189997688264,valid,valid
ID13-20200917,surge,91,335,344,335,344,0.0373259176370222,0.0373259176370222,valid,valid
ID13-20200917,surge,92,243,252,243,252,0.0419599231746149,0.0419599231746149,valid,valid
ID13-20200917,surge,93,934,943,934,943,NaN,NaN,insufficient_clean_prebaseline,insufficient_clean_prebaseline
ID13-20200917,surge,94,26,35,26,35,NaN,NaN,insufficient_clean_prebaseline,insufficient_clean_prebaseline
ID13-20200917,surge,95,80,89,80,89,0.0468564209274673,0.0468564209274673,valid,valid
ID13-20200917,surge,96,800,812,800,812,0.0698175795400394,0.0698175795400394,valid,valid
ID13-20200917,surge,97,906,918,906,918,0.0500054059898369,0.0500054059898369,valid,valid
ID13-20200917,surge,98,957,971,957,971,NaN,NaN,insufficient_clean_prebaseline,insufficient_clean_prebaseline
ID13-20200917,surge,99,641,657,641,657,0.0899137802599963,0.0899137802599963,valid,valid
ID13-20200917,surge,100,1049,1059,1049,1059,0.0353039284378668,0.0353039284378668,valid,valid
ID13-20200917,surge,101,416,428,416,428,NaN,NaN,insufficient_clean_prebaseline,insufficient_clean_prebaseline
ID13-20200917,surge,102,434,449,434,449,NaN,NaN,insufficient_clean_prebaseline,insufficient_clean_prebaseline
ID13-20200917,surge,103,649,659,649,659,0.00227009894204818,0.00227009894204818,valid,valid
ID13-20200917,surge,104,690,700,690,700,0.16411839517724,0.16411839517724,valid,valid
ID13-20200917,surge,105,772,781,772,781,NaN,NaN,insufficient_clean_prebaseline,insufficient_clean_prebaseline
ID13-20200917,surge,106,853,868,853,868,0.0405566267080224,0.0405566267080224,valid,valid
ID13-20200917,surge,107,727,742,727,742,0.0330505780018623,0.0330505780018623,valid,valid
ID13-20200917,surge,108,199,210,199,210,0.0273508570844216,0.0273508570844216,valid,valid
ID13-20200917,surge,109,217,241,217,241,NaN,NaN,insufficient_clean_prebaseline,insufficient_clean_prebaseline
ID13-20200917,surge,110,236,245,236,245,0.0367355837360561,0.0367355837360561,valid,valid
ID13-20200917,surge,111,141,151,141,151,0.0324860175609889,0.0324860175609889,valid,valid
ID13-20200917,surge,112,164,173,164,173,NaN,NaN,insufficient_clean_prebaseline,insufficient_clean_prebaseline
ID13-20200917,surge,113,228,245,228,245,0.0344259101059602,0.0344259101059602,valid,valid
ID13-20200917,surge,114,800,816,800,816,0.0477424376654702,0.0477424376654702,valid,valid
ID13-20200917,surge,115,932,942,932,942,0.0444736431864241,0.0444736431864241,valid,valid
ID13-20200917,surge,116,951,961,951,961,NaN,NaN,insufficient_clean_prebaseline,insufficient_clean_prebaseline
ID13-20200917,surge,117,894,906,894,906,0.077156668085796,0.077156668085796,valid,valid
ID13-20200917,surge,118,255,266,255,266,NaN,NaN,insufficient_clean_prebaseline,insufficient_clean_prebaseline
ID13-20200917,surge,119,158,167,158,167,0.0430859984963278,0.0430859984963278,valid,valid
ID13-20200917,surge,120,808,823,808,823,0.0409566007725518,0.0409566007725518,valid,valid
ID13-20200917,surge,121,829,845,829,845,NaN,NaN,insufficient_clean_prebaseline,insufficient_clean_prebaseline
ID13-20200917,surge,122,1142,1159,1142,1159,0.0437983929875821,0.0437983929875821,valid,valid
ID13-20200917,surge,123,817,826,817,826,NaN,NaN,insufficient_clean_prebaseline,insufficient_clean_prebaseline
ID13-20200917,surge,124,828,847,828,847,NaN,NaN,insufficient_clean_prebaseline,insufficient_clean_prebaseline
ID13-20200917,surge,125,855,864,855,864,NaN,NaN,insufficient_clean_prebaseline,insufficient_clean_prebaseline
ID13-20200917,surge,126,1144,1153,1144,1153,0.0215064010927919,0.0215064010927919,valid,valid
ID13-20200917,surge,127,177,187,177,187,0.0296782799066299,0.0296782799066299,valid,valid
ID13-20200917,surge,128,238,258,238,258,0.0173956778247018,0.0173956778247018,valid,valid
ID13-20200917,surge,129,1154,1164,1154,1164,0.0402490263130544,0.0402490263130544,valid,valid
ID13-20200917,surge,130,894,903,894,903,0.0590844852920532,0.0590844852920532,valid,valid
ID13-20200917,surge,131,953,967,953,967,NaN,NaN,insufficient_clean_prebaseline,insufficient_clean_prebaseline
FB2411,sink,1,1,5,1,4,NaN,NaN,insufficient_clean_prebaseline,insufficient_clean_prebaseline
FB2411,sink,2,47,67,48,52,0.003498589975994,0.00334170223211886,valid,valid
FB2411,sink,3,101,120,102,110,0.00545752069498053,0.00553277190488301,valid,valid
FB2411,sink,4,186,199,188,198,0.00249603769420753,0.00252402343300261,valid,valid
FB2411,sink,5,294,301,294,301,0.00261281330955376,0.00261281330955376,valid,valid
FB2411,sink,6,127,143,132,137,0.00366782965492141,0.00400174164679706,valid,valid
FB2411,sink,7,267,287,281,283,0.00247848993279245,0.00114136853218556,valid,valid
FB2411,sink,8,21,30,22,25,0.00160922566258372,0.00118179435639057,valid,valid
FB2411,sink,9,198,206,200,202,0.000961570510728326,0.000744916054765447,valid,valid
FB2411,sink,10,19,29,21,24,NaN,0.00180944926517968,insufficient_clean_prebaseline,valid
FB2411,sink,11,127,143,129,134,0.00234569993657503,0.00244926947720544,valid,valid
FB2411,sink,12,207,236,227,230,0.00357442779447419,0.00310682675216064,valid,valid
FB2411,sink,13,179,188,184,186,0.0017995115875028,0.00168770231394544,valid,valid
FB2411,sink,14,45,61,49,60,0.00279751536201529,0.00221477501226478,valid,valid
FB2411,sink,15,191,209,199,203,0.00271891657488236,0.00145419135088348,valid,valid
FB2411,sink,16,76,142,123,126,0.00238876481027738,NaN,valid,insufficient_clean_prebaseline
FB2411,sink,17,70,78,72,74,0.00174502635495102,0.00131207331491601,valid,valid
FB2411,sink,18,72,82,75,79,0.0019212089529804,0.00199554005026587,valid,valid
FB2411,sink,19,241,253,243,245,0.00500577652604917,0.00260505913201924,valid,valid
FB2411,sink,20,79,105,86,88,0.00381884932650999,0.00297038597157211,valid,valid
FB2411,sink,21,130,157,140,142,0.00431188510669369,NaN,valid,insufficient_clean_prebaseline
FB2411,sink,22,139,164,148,159,0.00529125520799386,0.00413566300572259,valid,valid
FB2411,sink,23,138,160,143,146,0.00515847343691496,0.00483469338218635,valid,valid
FB2411,sink,24,164,187,170,173,0.00330677198085621,0.00190205468065479,valid,valid
FB2411,sink,25,201,219,211,214,0.00229648103684132,0.00181153459658415,valid,valid
FB2411,sink,26,241,252,242,245,0.00382677489708263,0.00193636539077466,valid,valid
FB2411,surge,1,8,25,8,25,NaN,NaN,insufficient_clean_prebaseline,insufficient_clean_prebaseline
