RecordingID,EventType,SiteID,EventID,EventRow,StartFrame,EndFrame,DetectedStartFrame,DetectedEndFrame,FootprintPixels,BaselineWindowFrames,CleanBaselineFrames,TruncatedBaseline,OverlapExcludedFrames,NonfiniteBaselineFrames,StoredBaseline,RecomputedBaseline,StoredStatus,RecomputedStatus,StoredAmplitude,RecomputedAmplitude,AbsDifference,MeasurementMatches,WrongDirection,Condition,SourceRawSHA256,Session,Case
/Users/zcm361/Documents/Github/OxygenDynamicsV2/reference-validation/surge-shape-evidence-20260909/M400-01-baseline-awake/growing_clean,sink,1,1,1,5,8,5,8,417,20,4,1,0,0,NaN,NaN,insufficient_clean_prebaseline,insufficient_clean_prebaseline,NaN,NaN,NaN,1,0,KnownSignal,e6810e9aaf07891bb2e08fb41c53dc9d58289131b8596768fa189b0d4de6a1a6,M400-01-baseline-awake,growing_clean
/Users/zcm361/Documents/Github/OxygenDynamicsV2/reference-validation/surge-shape-evidence-20260909/M400-01-baseline-awake/growing_clean,sink,1,2,2,431,457,436,440,1072,20,20,0,0,0,90.9944962686567,90.9944962686567,valid,valid,0.0526120470218696,0.0526120470218696,0,1,0,KnownSignal,e6810e9aaf07891bb2e08fb41c53dc9d58289131b8596768fa189b0d4de6a1a6,M400-01-baseline-awake,growing_clean
/Users/zcm361/Documents/Github/OxygenDynamicsV2/reference-validation/surge-shape-evidence-20260909/M400-01-baseline-awake/growing_clean,sink,1,3,3,578,580,578,580,616,20,20,0,0,0,90.1636363636364,90.1636363636364,valid,valid,0.0876076685967792,0.0876076685967792,0,1,0,KnownSignal,e6810e9aaf07891bb2e08fb41c53dc9d58289131b8596768fa189b0d4de6a1a6,M400-01-baseline-awake,growing_clean
/Users/zcm361/Documents/Github/OxygenDynamicsV2/reference-validation/surge-shape-evidence-20260909/M400-01-baseline-awake/growing_clean,sink,1,4,4,582,600,582,600,858,20,17,0,3,0,NaN,NaN,insufficient_clean_prebaseline,insufficient_clean_prebaseline,NaN,NaN,NaN,1,0,KnownSignal,e6810e9aaf07891bb2e08fb41c53dc9d58289131b8596768fa189b0d4de6a1a6,M400-01-baseline-awake,growing_clean
/Users/zcm361/Documents/Github/OxygenDynamicsV2/reference-validation/surge-shape-evidence-20260909/M400-01-baseline-awake/growing_clean,sink,2,1,5,2,8,2,8,776,20,1,1,0,0,NaN,NaN,insufficient_clean_prebaseline,insufficient_clean_prebaseline,NaN,NaN,NaN,1,0,KnownSignal,e6810e9aaf07891bb2e08fb41c53dc9d58289131b8596768fa189b0d4de6a1a6,M400-01-baseline-awake,growing_clean
/Users/zcm361/Documents/Github/OxygenDynamicsV2/reference-validation/surge-shape-evidence-20260909/M400-01-baseline-awake/growing_clean,sink,2,2,6,31,44,35,39,228,20,20,0,0,0,95.1828947368421,95.1828947368421,valid,valid,0.0541754793403284,0.0541754793403284,0,1,0,KnownSignal,e6810e9aaf07891bb2e08fb41c53dc9d58289131b8596768fa189b0d4de6a1a6,M400-01-baseline-awake,growing_clean
/Users/zcm361/Documents/Github/OxygenDynamicsV2/reference-validation/surge-shape-evidence-20260909/M400-01-baseline-awake/growing_clean,sink,2,3,7,277,291,287,289,313,20,20,0,0,0,100.866773162939,100.866773162939,valid,valid,0.0746025662547947,0.0746025662547947,0,1,0,KnownSignal,e6810e9aaf07891bb2e08fb41c53dc9d58289131b8596768fa189b0d4de6a1a6,M400-01-baseline-awake,growing_clean
/Users/zcm361/Documents/Github/OxygenDynamicsV2/reference-validation/surge-shape-evidence-20260909/M400-01-baseline-awake/growing_clean,sink,3,1,8,4,17,4,16,633,20,3,1,0,0,NaN,NaN,insufficient_clean_prebaseline,insufficient_clean_prebaseline,NaN,NaN,NaN,1,0,KnownSignal,e6810e9aaf07891bb2e08fb41c53dc9d58289131b8596768fa189b0d4de6a1a6,M400-01-baseline-awake,growing_clean
/Users/zcm361/Documents/Github/OxygenDynamicsV2/reference-validation/surge-shape-evidence-20260909/M400-01-baseline-awake/growing_clean,sink,3,2,9,242,257,244,256,828,20,20,0,0,0,96.8833333333333,96.8833333333333,valid,valid,0.059554172681421,0.059554172681421,0,1,0,KnownSignal,e6810e9aaf07891bb2e08fb41c53dc9d58289131b8596768fa189b0d4de6a1a6,M400-01-baseline-awake,growing_clean
/Users/zcm361/Documents/Github/OxygenDynamicsV2/reference-validation/surge-shape-evidence-20260909/M400-01-baseline-awake/growing_clean,sink,3,3,10,456,461,457,461,457,20,20,0,0,0,99.4118161925602,99.4118161925602,valid,valid,0.111909876912782,0.111909876912782,0,1,0,KnownSignal,e6810e9aaf07891bb2e08fb41c53dc9d58289131b8596768fa189b0d4de6a1a6,M400-01-baseline-awake,growing_clean
/Users/zcm361/Documents/Github/OxygenDynamicsV2/reference-validation/surge-shape-evidence-20260909/M400-01-baseline-awake/growing_clean,sink,4,1,11,5,15,5,15,788,20,4,1,0,0,NaN,NaN,insufficient_clean_prebaseline,insufficient_clean_prebaseline,NaN,NaN,NaN,1,0,KnownSignal,e6810e9aaf07891bb2e08fb41c53dc9d58289131b8596768fa189b0d4de6a1a6,M400-01-baseline-awake,growing_clean
/Users/zcm361/Documents/Github/OxygenDynamicsV2/reference-validation/surge-shape-evidence-20260909/M400-01-baseline-awake/growing_clean,sink,4,2,12,17,53,18,46,3330,20,5,1,11,0,NaN,NaN,insufficient_clean_prebaseline,insufficient_clean_prebaseline,NaN,NaN,NaN,1,0,KnownSignal,e6810e9aaf07891bb2e08fb41c53dc9d58289131b8596768fa189b0d4de6a1a6,M400-01-baseline-awake,growing_clean
/Users/zcm361/Documents/Github/OxygenDynamicsV2/reference-validation/surge-shape-evidence-20260909/M400-01-baseline-awake/growing_clean,sink,4,3,13,209,214,209,214,469,20,20,0,0,0,132.519189765458,132.519189765458,valid,valid,0.080874958770102,0.080874958770102,0,1,0,KnownSignal,e6810e9aaf07891bb2e08fb41c53dc9d58289131b8596768fa189b0d4de6a1a6,M400-01-baseline-awake,growing_clean
/Users/zcm361/Documents/Github/OxygenDynamicsV2/reference-validation/surge-shape-evidence-20260909/M400-01-baseline-awake/growing_clean,sink,4,4,14,219,227,219,227,767,20,14,0,6,0,NaN,NaN,insufficient_clean_prebaseline,insufficient_clean_prebaseline,NaN,NaN,NaN,1,0,KnownSignal,e6810e9aaf07891bb2e08fb41c53dc9d58289131b8596768fa189b0d4de6a1a6,M400-01-baseline-awake,growing_clean
/Users/zcm361/Documents/Github/OxygenDynamicsV2/reference-validation/surge-shape-evidence-20260909/M400-01-baseline-awake/growing_clean,sink,4,5,15,234,239,237,239,275,20,10,0,10,0,NaN,NaN,insufficient_clean_prebaseline,insufficient_clean_prebaseline,NaN,NaN,NaN,1,0,KnownSignal,e6810e9aaf07891bb2e08fb41c53dc9d58289131b8596768fa189b0d4de6a1a6,M400-01-baseline-awake,growing_clean
/Users/zcm361/Documents/Github/OxygenDynamicsV2/reference-validation/surge-shape-evidence-20260909/M400-01-baseline-awake/growing_clean,sink,4,6,16,252,332,252,332,2447,20,3,0,17,0,NaN,NaN,insufficient_clean_prebaseline,insufficient_clean_prebaseline,NaN,NaN,NaN,1,0,KnownSignal,e6810e9aaf07891bb2e08fb41c53dc9d58289131b8596768fa189b0d4de6a1a6,M400-01-baseline-awake,growing_clean
/Users/zcm361/Documents/Github/OxygenDynamicsV2/reference-validation/surge-shape-evidence-20260909/M400-01-baseline-awake/growing_clean,sink,4,7,17,335,338,335,338,334,20,2,0,18,0,NaN,NaN,insufficient_clean_prebaseline,insufficient_clean_prebaseline,NaN,NaN,NaN,1,0,KnownSignal,e6810e9aaf07891bb2e08fb41c53dc9d58289131b8596768fa189b0d4de6a1a6,M400-01-baseline-awake,growing_clean
/Users/zcm361/Documents/Github/OxygenDynamicsV2/reference-validation/surge-shape-evidence-20260909/M400-01-baseline-awake/growing_clean,sink,4,8,18,340,361,340,355,1453,20,1,0,19,0,NaN,NaN,insufficient_clean_prebaseline,insufficient_clean_prebaseline,NaN,NaN,NaN,1,0,KnownSignal,e6810e9aaf07891bb2e08fb41c53dc9d58289131b8596768fa189b0d4de6a1a6,M400-01-baseline-awake,growing_clean
/Users/zcm361/Documents/Github/OxygenDynamicsV2/reference-validation/surge-shape-evidence-20260909/M400-01-baseline-awake/growing_clean,sink,4,9,19,403,408,405,408,318,20,20,0,0,0,113.525157232704,113.525157232704,valid,valid,0.173513199080358,0.173513199080358,0,1,0,KnownSignal,e6810e9aaf07891bb2e08fb41c53dc9d58289131b8596768fa189b0d4de6a1a6,M400-01-baseline-awake,growing_clean
/Users/zcm361/Documents/Github/OxygenDynamicsV2/reference-validation/surge-shape-evidence-20260909/M400-01-baseline-awake/growing_clean,sink,4,10,20,481,486,482,486,415,20,20,0,0,0,104.163253012048,104.163253012048,valid,valid,0.0880163783680621,0.0880163783680621,0,1,0,KnownSignal,e6810e9aaf07891bb2e08fb41c53dc9d58289131b8596768fa189b0d4de6a1a6,M400-01-baseline-awake,growing_clean
/Users/zcm361/Documents/Github/OxygenDynamicsV2/reference-validation/surge-shape-evidence-20260909/M400-01-baseline-awake/growing_clean,sink,4,11,21,503,507,504,507,466,20,16,0,4,0,NaN,NaN,insufficient_clean_prebaseline,insufficient_clean_prebaseline,NaN,NaN,NaN,1,0,KnownSignal,e6810e9aaf07891bb2e08fb41c53dc9d58289131b8596768fa189b0d4de6a1a6,M400-01-baseline-awake,growing_clean
/Users/zcm361/Documents/Github/OxygenDynamicsV2/reference-validation/surge-shape-evidence-20260909/M400-01-baseline-awake/growing_clean,sink,4,12,22,546,550,546,549,467,20,20,0,0,0,104.033190578158,104.033190578158,valid,valid,0.0721335432811552,0.0721335432811552,0,1,0,KnownSignal,e6810e9aaf07891bb2e08fb41c53dc9d58289131b8596768fa189b0d4de6a1a6,M400-01-baseline-awake,growing_clean
/Users/zcm361/Documents/Github/OxygenDynamicsV2/reference-validation/surge-shape-evidence-20260909/M400-01-baseline-awake/growing_clean,sink,4,13,23,573,576,573,575,800,20,20,0,0,0,95.414875,95.414875,valid,valid,0.0714629139324449,0.0714629139324449,0,1,0,KnownSignal,e6810e9aaf07891bb2e08fb41c53dc9d58289131b8596768fa189b0d4de6a1a6,M400-01-baseline-awake,growing_clean
/Users/zcm361/Documents/Github/OxygenDynamicsV2/reference-validation/surge-shape-evidence-20260909/M400-01-baseline-awake/growing_clean,sink,4,14,24,580,600,580,600,1618,20,17,0,3,0,NaN,NaN,insufficient_clean_prebaseline,insufficient_clean_prebaseline,NaN,NaN,NaN,1,0,KnownSignal,e6810e9aaf07891bb2e08fb41c53dc9d58289131b8596768fa189b0d4de6a1a6,M400-01-baseline-awake,growing_clean
/Users/zcm361/Documents/Github/OxygenDynamicsV2/reference-validation/surge-shape-evidence-20260909/M400-01-baseline-awake/growing_clean,sink,5,1,25,12,17,12,17,579,20,11,1,0,0,NaN,NaN,insufficient_clean_prebaseline,insufficient_clean_prebaseline,NaN,NaN,NaN,1,0,KnownSignal,e6810e9aaf07891bb2e08fb41c53dc9d58289131b8596768fa189b0d4de6a1a6,M400-01-baseline-awake,growing_clean
/Users/zcm361/Documents/Github/OxygenDynamicsV2/reference-validation/surge-shape-evidence-20260909/M400-01-baseline-awake/growing_clean,sink,5,2,26,23,41,23,33,902,20,14,0,6,0,NaN,NaN,insufficient_clean_prebaseline,insufficient_clean_prebaseline,NaN,NaN,NaN,1,0,KnownSignal,e6810e9aaf07891bb2e08fb41c53dc9d58289131b8596768fa189b0d4de6a1a6,M400-01-baseline-awake,growing_clean
/Users/zcm361/Documents/Github/OxygenDynamicsV2/reference-validation/surge-shape-evidence-20260909/M400-01-baseline-awake/growing_clean,sink,5,3,27,81,85,81,85,273,20,20,0,0,0,98.420695970696,98.420695970696,valid,valid,0.0246698314218881,0.0246698314218881,0,1,0,KnownSignal,e6810e9aaf07891bb2e08fb41c53dc9d58289131b8596768fa189b0d4de6a1a6,M400-01-baseline-awake,growing_clean
/Users/zcm361/Documents/Github/OxygenDynamicsV2/reference-validation/surge-shape-evidence-20260909/M400-01-baseline-awake/growing_clean,sink,5,4,28,90,108,90,108,893,20,4,0,16,0,NaN,NaN,insufficient_clean_prebaseline,insufficient_clean_prebaseline,NaN,NaN,NaN,1,0,KnownSignal,e6810e9aaf07891bb2e08fb41c53dc9d58289131b8596768fa189b0d4de6a1a6,M400-01-baseline-awake,growing_clean
/Users/zcm361/Documents/Github/OxygenDynamicsV2/reference-validation/surge-shape-evidence-20260909/M400-01-baseline-awake/growing_clean,sink,6,1,29,14,40,28,30,501,20,13,1,0,0,NaN,NaN,insufficient_clean_prebaseline,insufficient_clean_prebaseline,NaN,NaN,NaN,1,0,KnownSignal,e6810e9aaf07891bb2e08fb41c53dc9d58289131b8596768fa189b0d4de6a1a6,M400-01-baseline-awake,growing_clean
/Users/zcm361/Documents/Github/OxygenDynamicsV2/reference-validation/surge-shape-evidence-20260909/M400-01-baseline-awake/growing_clean,sink,6,2,30,123,131,125,130,545,20,10,0,10,0,NaN,NaN,insufficient_clean_prebaseline,insufficient_clean_prebaseline,NaN,NaN,NaN,1,0,KnownSignal,e6810e9aaf07891bb2e08fb41c53dc9d58289131b8596768fa189b0d4de6a1a6,M400-01-baseline-awake,growing_clean
/Users/zcm361/Documents/Github/OxygenDynamicsV2/reference-validation/surge-shape-evidence-20260909/M400-01-baseline-awake/growing_clean,sink,7,1,31,11,14,11,13,324,20,10,1,0,0,NaN,NaN,insufficient_clean_prebaseline,insufficient_clean_prebaseline,NaN,NaN,NaN,1,0,KnownSignal,e6810e9aaf07891bb2e08fb41c53dc9d58289131b8596768fa189b0d4de6a1a6,M400-01-baseline-awake,growing_clean
/Users/zcm361/Documents/Github/OxygenDynamicsV2/reference-validation/surge-shape-evidence-20260909/M400-01-baseline-awake/growing_clean,sink,7,2,32,95,99,97,99,505,20,20,0,0,0,97.4492079207921,97.4492079207921,valid,valid,0.0836353439263104,0.0836353439263104,0,1,0,KnownSignal,e6810e9aaf07891bb2e08fb41c53dc9d58289131b8596768fa189b0d4de6a1a6,M400-01-baseline-awake,growing_clean
/Users/zcm361/Documents/Github/OxygenDynamicsV2/reference-validation/surge-shape-evidence-20260909/M400-01-baseline-awake/growing_clean,sink,7,3,33,102,105,102,104,438,20,17,0,3,0,NaN,NaN,insufficient_clean_prebaseline,insufficient_clean_prebaseline,NaN,NaN,NaN,1,0,KnownSignal,e6810e9aaf07891bb2e08fb41c53dc9d58289131b8596768fa189b0d4de6a1a6,M400-01-baseline-awake,growing_clean
/Users/zcm361/Documents/Github/OxygenDynamicsV2/reference-validation/surge-shape-evidence-20260909/M400-01-baseline-awake/growing_clean,sink,7,4,34,122,131,124,129,363,20,17,0,3,0,NaN,NaN,insufficient_clean_prebaseline,insufficient_clean_prebaseline,NaN,NaN,NaN,1,0,KnownSignal,e6810e9aaf07891bb2e08fb41c53dc9d58289131b8596768fa189b0d4de6a1a6,M400-01-baseline-awake,growing_clean
/Users/zcm361/Documents/Github/OxygenDynamicsV2/reference-validation/surge-shape-evidence-20260909/M400-01-baseline-awake/growing_clean,sink,7,5,35,194,208,199,208,758,20,20,0,0,0,99.1412928759894,99.1412928759894,valid,valid,0.0851121304180621,0.0851121304180621,0,1,0,KnownSignal,e6810e9aaf07891bb2e08fb41c53dc9d58289131b8596768fa189b0d4de6a1a6,M400-01-baseline-awake,growing_clean
/Users/zcm361/Documents/Github/OxygenDynamicsV2/reference-validation/surge-shape-evidence-20260909/M400-01-baseline-awake/growing_clean,sink,7,6,36,241,254,245,254,515,20,20,0,0,0,94.9535922330097,94.9535922330097,valid,valid,0.0675669872456855,0.0675669872456855,0,1,0,KnownSignal,e6810e9aaf07891bb2e08fb41c53dc9d58289131b8596768fa189b0d4de6a1a6,M400-01-baseline-awake,growing_clean
/Users/zcm361/Documents/Github/OxygenDynamicsV2/reference-validation/surge-shape-evidence-20260909/M400-01-baseline-awake/growing_clean,sink,7,7,37,318,347,335,347,581,20,20,0,0,0,95.7336488812392,95.7336488812392,valid,valid,0.086086702474324,0.086086702474324,0,1,0,KnownSignal,e6810e9aaf07891bb2e08fb41c53dc9d58289131b8596768fa189b0d4de6a1a6,M400-01-baseline-awake,growing_clean
/Users/zcm361/Documents/Github/OxygenDynamicsV2/reference-validation/surge-shape-evidence-20260909/M400-01-baseline-awake/growing_clean,sink,7,8,38,374,401,394,399,844,20,20,0,0,0,92.0095379146919,92.0095379146919,valid,valid,0.0977135715762003,0.0977135715762003,0,1,0,KnownSignal,e6810e9aaf07891bb2e08fb41c53dc9d58289131b8596768fa189b0d4de6a1a6,M400-01-baseline-awake,growing_clean
/Users/zcm361/Documents/Github/OxygenDynamicsV2/reference-validation/surge-shape-evidence-20260909/M400-01-baseline-awake/growing_clean,sink,7,9,39,557,570,567,570,795,20,20,0,0,0,89.5509433962264,89.5509433962264,valid,valid,0.067267849367213,0.067267849367213,0,1,0,KnownSignal,e6810e9aaf07891bb2e08fb41c53dc9d58289131b8596768fa189b0d4de6a1a6,M400-01-baseline-awake,growing_clean
/Users/zcm361/Documents/Github/OxygenDynamicsV2/reference-validation/surge-shape-evidence-20260909/M400-01-baseline-awake/growing_clean,sink,8,1,40,155,160,157,160,431,20,17,0,3,0,NaN,NaN,insufficient_clean_prebaseline,insufficient_clean_prebaseline,NaN,NaN,NaN,1,0,KnownSignal,e6810e9aaf07891bb2e08fb41c53dc9d58289131b8596768fa189b0d4de6a1a6,M400-01-baseline-awake,growing_clean
/Users/zcm361/Documents/Github/OxygenDynamicsV2/reference-validation/surge-shape-evidence-20260909/M400-01-baseline-awake/growing_clean,sink,8,2,41,164,167,164,166,311,20,16,0,4,0,NaN,NaN,insufficient_clean_prebaseline,insufficient_clean_prebaseline,NaN,NaN,NaN,1,0,KnownSignal,e6810e9aaf07891bb2e08fb41c53dc9d58289131b8596768fa189b0d4de6a1a6,M400-01-baseline-awake,growing_clean
/Users/zcm361/Documents/Github/OxygenDynamicsV2/reference-validation/surge-shape-evidence-20260909/M400-01-baseline-awake/growing_clean,sink,8,3,42,229,240,232,234,332,20,20,0,0,0,106.10436746988,106.10436746988,valid,valid,0.13610859959718,0.13610859959718,0,1,0,KnownSignal,e6810e9aaf07891bb2e08fb41c53dc9d58289131b8596768fa189b0d4de6a1a6,M400-01-baseline-awake,growing_clean
/Users/zcm361/Documents/Github/OxygenDynamicsV2/reference-validation/surge-shape-evidence-20260909/M400-01-baseline-awake/growing_clean,sink,8,4,43,486,500,488,500,810,20,17,0,3,0,NaN,NaN,insufficient_clean_prebaseline,insufficient_clean_prebaseline,NaN,NaN,NaN,1,0,KnownSignal,e6810e9aaf07891bb2e08fb41c53dc9d58289131b8596768fa189b0d4de6a1a6,M400-01-baseline-awake,growing_clean
/Users/zcm361/Documents/Github/OxygenDynamicsV2/reference-validation/surge-shape-evidence-20260909/M400-01-baseline-awake/growing_clean,sink,9,1,44,18,41,28,39,1268,20,17,1,0,0,NaN,NaN,insufficient_clean_prebaseline,insufficient_clean_prebaseline,NaN,NaN,NaN,1,0,KnownSignal,e6810e9aaf07891bb2e08fb41c53dc9d58289131b8596768fa189b0d4de6a1a6,M400-01-baseline-awake,growing_clean
/Users/zcm361/Documents/Github/OxygenDynamicsV2/reference-validation/surge-shape-evidence-20260909/M400-01-baseline-awake/growing_clean,sink,9,2,45,94,106,98,103,610,20,20,0,0,0,99.5355737704918,99.5355737704918,valid,valid,0.0641619192083891,0.0641619192083891,0,1,0,KnownSignal,e6810e9aaf07891bb2e08fb41c53dc9d58289131b8596768fa189b0d4de6a1a6,M400-01-baseline-awake,growing_clean
/Users/zcm361/Documents/Github/OxygenDynamicsV2/reference-validation/surge-shape-evidence-20260909/M400-01-baseline-awake/growing_clean,sink,9,3,46,220,233,226,232,585,20,20,0,0,0,104.690854700855,104.690854700855,valid,valid,0.12040578569545,0.12040578569545,0,1,0,KnownSignal,e6810e9aaf07891bb2e08fb41c53dc9d58289131b8596768fa189b0d4de6a1a6,M400-01-baseline-awake,growing_clean
/Users/zcm361/Documents/Github/OxygenDynamicsV2/reference-validation/surge-shape-evidence-20260909/M400-01-baseline-awake/growing_clean,sink,9,4,47,240,246,241,246,1257,20,13,0,7,0,NaN,NaN,insufficient_clean_prebaseline,insufficient_clean_prebaseline,NaN,NaN,NaN,1,0,KnownSignal,e6810e9aaf07891bb2e08fb41c53dc9d58289131b8596768fa189b0d4de6a1a6,M400-01-baseline-awake,growing_clean
/Users/zcm361/Documents/Github/OxygenDynamicsV2/reference-validation/surge-shape-evidence-20260909/M400-01-baseline-awake/growing_clean,sink,9,5,48,249,255,249,254,933,20,10,0,10,0,NaN,NaN,insufficient_clean_prebaseline,insufficient_clean_prebaseline,NaN,NaN,NaN,1,0,KnownSignal,e6810e9aaf07891bb2e08fb41c53dc9d58289131b8596768fa189b0d4de6a1a6,M400-01-baseline-awake,growing_clean
/Users/zcm361/Documents/Github/OxygenDynamicsV2/reference-validation/surge-shape-evidence-20260909/M400-01-baseline-awake/growing_clean,sink,9,6,49,381,402,394,399,1005,20,20,0,0,0,98.6279104477612,98.6279104477612,valid,valid,0.0786114553871251,0.0786114553871251,0,1,0,KnownSignal,e6810e9aaf07891bb2e08fb41c53dc9d58289131b8596768fa189b0d4de6a1a6,M400-01-baseline-awake,growing_clean
/Users/zcm361/Documents/Github/OxygenDynamicsV2/reference-validation/surge-shape-evidence-20260909/M400-01-baseline-awake/growing_clean,sink,9,7,50,446,451,448,451,435,20,20,0,0,0,99.0898850574713,99.0898850574713,valid,valid,0.0438264573439649,0.0438264573439649,0,1,0,KnownSignal,e6810e9aaf07891bb2e08fb41c53dc9d58289131b8596768fa189b0d4de6a1a6,M400-01-baseline-awake,growing_clean
/Users/zcm361/Documents/Github/OxygenDynamicsV2/reference-validation/surge-shape-evidence-20260909/M400-01-baseline-awake/growing_clean,sink,9,8,51,455,461,455,457,502,20,16,0,4,0,NaN,NaN,insufficient_clean_prebaseline,insufficient_clean_prebaseline,NaN,NaN,NaN,1,0,KnownSignal,e6810e9aaf07891bb2e08fb41c53dc9d58289131b8596768fa189b0d4de6a1a6,M400-01-baseline-awake,growing_clean
/Users/zcm361/Documents/Github/OxygenDynamicsV2/reference-validation/surge-shape-evidence-20260909/M400-01-baseline-awake/growing_clean,sink,9,9,52,588,596,590,596,688,20,20,0,0,0,92.1723837209302,92.1723837209302,valid,valid,0.069677960595825,0.069677960595825,0,1,0,KnownSignal,e6810e9aaf07891bb2e08fb41c53dc9d58289131b8596768fa189b0d4de6a1a6,M400-01-baseline-awake,growing_clean
/Users/zcm361/Documents/Github/OxygenDynamicsV2/reference-validation/surge-shape-evidence-20260909/M400-01-baseline-awake/growing_clean,sink,10,1,53,82,97,85,96,1079,20,9,0,11,0,NaN,NaN,insufficient_clean_prebaseline,insufficient_clean_prebaseline,NaN,NaN,NaN,1,0,KnownSignal,e6810e9aaf07891bb2e08fb41c53dc9d58289131b8596768fa189b0d4de6a1a6,M400-01-baseline-awake,growing_clean
/Users/zcm361/Documents/Github/OxygenDynamicsV2/reference-validation/surge-shape-evidence-20260909/M400-01-baseline-awake/growing_clean,sink,10,2,54,311,317,312,315,309,20,20,0,0,0,75.6503236245955,75.6503236245955,valid,valid,0.107800966377837,0.107800966377837,0,1,0,KnownSignal,e6810e9aaf07891bb2e08fb41c53dc9d58289131b8596768fa189b0d4de6a1a6,M400-01-baseline-awake,growing_clean
/Users/zcm361/Documents/Github/OxygenDynamicsV2/reference-validation/surge-shape-evidence-20260909/M400-01-baseline-awake/growing_clean,sink,10,3,55,393,403,399,401,287,20,20,0,0,0,82.9418118466899,82.9418118466899,valid,valid,0.0852913129140532,0.0852913129140532,0,1,0,KnownSignal,e6810e9aaf07891bb2e08fb41c53dc9d58289131b8596768fa189b0d4de6a1a6,M400-01-baseline-awake,growing_clean
/Users/zcm361/Documents/Github/OxygenDynamicsV2/reference-validation/surge-shape-evidence-20260909/M400-01-baseline-awake/growing_clean,sink,10,4,56,468,477,472,475,584,20,20,0,0,0,78.2334760273973,78.2334760273973,valid,valid,0.0554703770217136,0.0554703770217136,0,1,0,KnownSignal,e6810e9aaf07891bb2e08fb41c53dc9d58289131b8596768fa189b0d4de6a1a6,M400-01-baseline-awake,growing_clean
/Users/zcm361/Documents/Github/OxygenDynamicsV2/reference-validation/surge-shape-evidence-20260909/M400-01-baseline-awake/growing_clean,sink,10,5,57,531,546,533,536,549,20,20,0,0,0,78.7706739526412,78.7706739526412,valid,valid,0.070253046009837,0.070253046009837,0,1,0,KnownSignal,e6810e9aaf07891bb2e08fb41c53dc9d58289131b8596768fa189b0d4de6a1a6,M400-01-baseline-awake,growing_clean
/Users/zcm361/Documents/Github/OxygenDynamicsV2/reference-validation/surge-shape-evidence-20260909/M400-01-baseline-awake/growing_clean,sink,11,1,58,41,47,41,43,414,20,20,0,0,0,126.084299516908,126.084299516908,valid,valid,0.0557080704765807,0.0557080704765807,0,1,0,KnownSignal,e6810e9aaf07891bb2e08fb41c53dc9d58289131b8596768fa189b0d4de6a1a6,M400-01-baseline-awake,growing_clean
/Users/zcm361/Documents/Github/OxygenDynamicsV2/reference-validation/surge-shape-evidence-20260909/M400-01-baseline-awake/growing_clean,sink,11,2,59,453,473,465,471,1339,20,20,0,0,0,109.720500373413,109.720500373413,valid,valid,0.078199580371744,0.078199580371744,0,1,0,KnownSignal,e6810e9aaf07891bb2e08fb41c53dc9d58289131b8596768fa189b0d4de6a1a6,M400-01-baseline-awake,growing_clean
/Users/zcm361/Documents/Github/OxygenDynamicsV2/reference-validation/surge-shape-evidence-20260909/M400-01-baseline-awake/growing_clean,sink,12,1,60,107,124,109,124,1895,20,20,0,0,0,100.898733509235,100.898733509235,valid,valid,0.111144118479251,0.111144118479251,0,1,0,KnownSignal,e6810e9aaf07891bb2e08fb41c53dc9d58289131b8596768fa189b0d4de6a1a6,M400-01-baseline-awake,growing_clean
/Users/zcm361/Documents/Github/OxygenDynamicsV2/reference-validation/surge-shape-evidence-20260909/M400-01-baseline-awake/growing_clean,sink,12,2,61,127,129,127,129,185,20,4,0,16,0,NaN,NaN,insufficient_clean_prebaseline,insufficient_clean_prebaseline,NaN,NaN,NaN,1,0,KnownSignal,e6810e9aaf07891bb2e08fb41c53dc9d58289131b8596768fa189b0d4de6a1a6,M400-01-baseline-awake,growing_clean
/Users/zcm361/Documents/Github/OxygenDynamicsV2/reference-validation/surge-shape-evidence-20260909/M400-01-baseline-awake/growing_clean,sink,12,3,62,131,139,131,139,884,20,3,0,17,0,NaN,NaN,insufficient_clean_prebaseline,insufficient_clean_prebaseline,NaN,NaN,NaN,1,0,KnownSignal,e6810e9aaf07891bb2e08fb41c53dc9d58289131b8596768fa189b0d4de6a1a6,M400-01-baseline-awake,growing_clean
/Users/zcm361/Documents/Github/OxygenDynamicsV2/reference-validation/surge-shape-evidence-20260909/M400-01-baseline-awake/growing_clean,sink,12,4,63,311,324,312,324,962,20,20,0,0,0,118.81340956341,118.81340956341,valid,valid,0.101659251871197,0.101659251871197,0,1,0,KnownSignal,e6810e9aaf07891bb2e08fb41c53dc9d58289131b8596768fa189b0d4de6a1a6,M400-01-baseline-awake,growing_clean
/Users/zcm361/Documents/Github/OxygenDynamicsV2/reference-validation/surge-shape-evidence-20260909/M400-01-baseline-awake/growing_clean,sink,12,5,64,349,355,351,355,460,20,20,0,0,0,108.615217391304,108.615217391304,valid,valid,0.151472089346116,0.151472089346116,0,1,0,KnownSignal,e6810e9aaf07891bb2e08fb41c53dc9d58289131b8596768fa189b0d4de6a1a6,M400-01-baseline-awake,growing_clean
/Users/zcm361/Documents/Github/OxygenDynamicsV2/reference-validation/surge-shape-evidence-20260909/M400-01-baseline-awake/growing_clean,sink,12,6,65,365,372,365,369,191,20,15,0,5,0,NaN,NaN,insufficient_clean_prebaseline,insufficient_clean_prebaseline,NaN,NaN,NaN,1,0,KnownSignal,e6810e9aaf07891bb2e08fb41c53dc9d58289131b8596768fa189b0d4de6a1a6,M400-01-baseline-awake,growing_clean
/Users/zcm361/Documents/Github/OxygenDynamicsV2/reference-validation/surge-shape-evidence-20260909/M400-01-baseline-awake/growing_clean,sink,12,7,66,504,512,507,511,593,20,20,0,0,0,108.30328836425,108.30328836425,valid,valid,0.0885473231517575,0.0885473231517575,0,1,0,KnownSignal,e6810e9aaf07891bb2e08fb41c53dc9d58289131b8596768fa189b0d4de6a1a6,M400-01-baseline-awake,growing_clean
/Users/zcm361/Documents/Github/OxygenDynamicsV2/reference-validation/surge-shape-evidence-20260909/M400-01-baseline-awake/growing_clean,sink,13,1,67,84,86,84,86,666,20,20,0,0,0,107.00487987988,107.00487987988,valid,valid,0.063863523947506,0.063863523947506,0,1,0,KnownSignal,e6810e9aaf07891bb2e08fb41c53dc9d58289131b8596768fa189b0d4de6a1a6,M400-01-baseline-awake,growing_clean
/Users/zcm361/Documents/Github/OxygenDynamicsV2/reference-validation/surge-shape-evidence-20260909/M400-01-baseline-awake/growing_clean,sink,14,1,68,43,47,45,47,2024,20,0,0,20,0,NaN,NaN,insufficient_clean_prebaseline,insufficient_clean_prebaseline,NaN,NaN,NaN,1,0,KnownSignal,e6810e9aaf07891bb2e08fb41c53dc9d58289131b8596768fa189b0d4de6a1a6,M400-01-baseline-awake,growing_clean
/Users/zcm361/Documents/Github/OxygenDynamicsV2/reference-validation/surge-shape-evidence-20260909/M400-01-baseline-awake/growing_clean,sink,14,2,69,49,52,49,51,1970,20,1,0,19,0,NaN,NaN,insufficient_clean_prebaseline,insufficient_clean_prebaseline,NaN,NaN,NaN,1,0,KnownSignal,e6810e9aaf07891bb2e08fb41c53dc9d58289131b8596768fa189b0d4de6a1a6,M400-01-baseline-awake,growing_clean
/Users/zcm361/Documents/Github/OxygenDynamicsV2/reference-validation/surge-shape-evidence-20260909/M400-01-baseline-awake/growing_clean,sink,14,3,70,60,62,60,62,666,20,12,0,8,0,NaN,NaN,insufficient_clean_prebaseline,insufficient_clean_prebaseline,NaN,NaN,NaN,1,0,KnownSignal,e6810e9aaf07891bb2e08fb41c53dc9d58289131b8596768fa189b0d4de6a1a6,M400-01-baseline-awake,growing_clean
/Users/zcm361/Documents/Github/OxygenDynamicsV2/reference-validation/surge-shape-evidence-20260909/M400-01-baseline-awake/growing_clean,sink,14,4,71,67,76,67,76,1515,20,11,0,9,0,NaN,NaN,insufficient_clean_prebaseline,insufficient_clean_prebaseline,NaN,NaN,NaN,1,0,KnownSignal,e6810e9aaf07891bb2e08fb41c53dc9d58289131b8596768fa189b0d4de6a1a6,M400-01-baseline-awake,growing_clean
/Users/zcm361/Documents/Github/OxygenDynamicsV2/reference-validation/surge-shape-evidence-20260909/M400-01-baseline-awake/growing_clean,sink,14,5,72,106,114,107,109,1353,20,18,0,2,0,NaN,NaN,insufficient_clean_prebaseline,insufficient_clean_prebaseline,NaN,NaN,NaN,1,0,KnownSignal,e6810e9aaf07891bb2e08fb41c53dc9d58289131b8596768fa189b0d4de6a1a6,M400-01-baseline-awake,growing_clean
/Users/zcm361/Documents/Github/OxygenDynamicsV2/reference-validation/surge-shape-evidence-20260909/M400-01-baseline-awake/growing_clean,sink,14,6,73,188,193,190,192,1260,20,20,0,0,0,87.5373015873016,87.5373015873016,valid,valid,0.109468072567703,0.109468072567703,0,1,0,KnownSignal,e6810e9aaf07891bb2e08fb41c53dc9d58289131b8596768fa189b0d4de6a1a6,M400-01-baseline-awake,growing_clean
/Users/zcm361/Documents/Github/OxygenDynamicsV2/reference-validation/surge-shape-evidence-20260909/M400-01-baseline-awake/growing_clean,sink,14,7,74,210,224,211,219,1676,20,17,0,3,0,NaN,NaN,insufficient_clean_prebaseline,insufficient_clean_prebaseline,NaN,NaN,NaN,1,0,KnownSignal,e6810e9aaf07891bb2e08fb41c53dc9d58289131b8596768fa189b0d4de6a1a6,M400-01-baseline-awake,growing_clean
/Users/zcm361/Documents/Github/OxygenDynamicsV2/reference-validation/surge-shape-evidence-20260909/M400-01-baseline-awake/growing_clean,sink,14,8,75,292,297,292,296,1190,20,18,0,2,0,NaN,NaN,insufficient_clean_prebaseline,insufficient_clean_prebaseline,NaN,NaN,NaN,1,0,KnownSignal,e6810e9aaf07891bb2e08fb41c53dc9d58289131b8596768fa189b0d4de6a1a6,M400-01-baseline-awake,growing_clean
/Users/zcm361/Documents/Github/OxygenDynamicsV2/reference-validation/surge-shape-evidence-20260909/M400-01-baseline-awake/growing_clean,sink,14,9,76,346,361,349,358,1242,20,18,0,2,0,NaN,NaN,insufficient_clean_prebaseline,insufficient_clean_prebaseline,NaN,NaN,NaN,1,0,KnownSignal,e6810e9aaf07891bb2e08fb41c53dc9d58289131b8596768fa189b0d4de6a1a6,M400-01-baseline-awake,growing_clean
/Users/zcm361/Documents/Github/OxygenDynamicsV2/reference-validation/surge-shape-evidence-20260909/M400-01-baseline-awake/growing_clean,sink,14,10,77,403,410,404,409,1087,20,20,0,0,0,86.6813707451702,86.6813707451702,valid,valid,0.185344500499615,0.185344500499615,0,1,0,KnownSignal,e6810e9aaf07891bb2e08fb41c53dc9d58289131b8596768fa189b0d4de6a1a6,M400-01-baseline-awake,growing_clean
/Users/zcm361/Documents/Github/OxygenDynamicsV2/reference-validation/surge-shape-evidence-20260909/M400-01-baseline-awake/growing_clean,sink,14,11,78,461,468,462,465,1210,20,20,0,0,0,79.5438842975207,79.5438842975207,valid,valid,0.148211756907409,0.148211756907409,0,1,0,KnownSignal,e6810e9aaf07891bb2e08fb41c53dc9d58289131b8596768fa189b0d4de6a1a6,M400-01-baseline-awake,growing_clean
/Users/zcm361/Documents/Github/OxygenDynamicsV2/reference-validation/surge-shape-evidence-20260909/M400-01-baseline-awake/growing_clean,sink,14,12,79,480,486,480,485,1175,20,16,0,4,0,NaN,NaN,insufficient_clean_prebaseline,insufficient_clean_prebaseline,NaN,NaN,NaN,1,0,KnownSignal,e6810e9aaf07891bb2e08fb41c53dc9d58289131b8596768fa189b0d4de6a1a6,M400-01-baseline-awake,growing_clean
/Users/zcm361/Documents/Github/OxygenDynamicsV2/reference-validation/surge-shape-evidence-20260909/M400-01-baseline-awake/growing_clean,sink,14,13,80,502,507,502,505,853,20,16,0,4,0,NaN,NaN,insufficient_clean_prebaseline,insufficient_clean_prebaseline,NaN,NaN,NaN,1,0,KnownSignal,e6810e9aaf07891bb2e08fb41c53dc9d58289131b8596768fa189b0d4de6a1a6,M400-01-baseline-awake,growing_clean
/Users/zcm361/Documents/Github/OxygenDynamicsV2/reference-validation/surge-shape-evidence-20260909/M400-01-baseline-awake/growing_clean,sink,14,14,81,513,517,513,515,762,20,16,0,4,0,NaN,NaN,insufficient_clean_prebaseline,insufficient_clean_prebaseline,NaN,NaN,NaN,1,0,KnownSignal,e6810e9aaf07891bb2e08fb41c53dc9d58289131b8596768fa189b0d4de6a1a6,M400-01-baseline-awake,growing_clean
/Users/zcm361/Documents/Github/OxygenDynamicsV2/reference-validation/surge-shape-evidence-20260909/M400-01-baseline-awake/growing_clean,sink,14,15,82,545,551,546,550,1441,20,20,0,0,0,81.5187369882026,81.5187369882026,valid,valid,0.14176992129805,0.14176992129805,0,1,0,KnownSignal,e6810e9aaf07891bb2e08fb41c53dc9d58289131b8596768fa189b0d4de6a1a6,M400-01-baseline-awake,growing_clean
/Users/zcm361/Documents/Github/OxygenDynamicsV2/reference-validation/surge-shape-evidence-20260909/M400-01-baseline-awake/growing_clean,sink,14,16,83,572,577,572,575,1307,20,20,0,0,0,79.2605202754399,79.2605202754399,valid,valid,0.0973758006052504,0.0973758006052504,0,1,0,KnownSignal,e6810e9aaf07891bb2e08fb41c53dc9d58289131b8596768fa189b0d4de6a1a6,M400-01-baseline-awake,growing_clean
/Users/zcm361/Documents/Github/OxygenDynamicsV2/reference-validation/surge-shape-evidence-20260909/M400-01-baseline-awake/growing_clean,sink,15,1,84,44,76,57,76,1130,20,10,0,10,0,NaN,NaN,insufficient_clean_prebaseline,insufficient_clean_prebaseline,NaN,NaN,NaN,1,0,KnownSignal,e6810e9aaf07891bb2e08fb41c53dc9d58289131b8596768fa189b0d4de6a1a6,M400-01-baseline-awake,growing_clean
/Users/zcm361/Documents/Github/OxygenDynamicsV2/reference-validation/surge-shape-evidence-20260909/M400-01-baseline-awake/growing_clean,sink,15,2,85,79,81,79,81,242,20,2,0,18,0,NaN,NaN,insufficient_clean_prebaseline,insufficient_clean_prebaseline,NaN,NaN,NaN,1,0,KnownSignal,e6810e9aaf07891bb2e08fb41c53dc9d58289131b8596768fa189b0d4de6a1a6,M400-01-baseline-awake,growing_clean
/Users/zcm361/Documents/Github/OxygenDynamicsV2/reference-validation/surge-shape-evidence-20260909/M400-01-baseline-awake/growing_clean,sink,15,3,86,106,112,106,108,462,20,20,0,0,0,129.573051948052,129.573051948052,valid,valid,0.109396076859148,0.109396076859148,0,1,0,KnownSignal,e6810e9aaf07891bb2e08fb41c53dc9d58289131b8596768fa189b0d4de6a1a6,M400-01-baseline-awake,growing_clean
/Users/zcm361/Documents/Github/OxygenDynamicsV2/reference-validation/surge-shape-evidence-20260909/M400-01-baseline-awake/growing_clean,sink,15,4,87,188,192,189,191,314,20,20,0,0,0,130.946974522293,130.946974522293,valid,valid,0.0905542307566029,0.0905542307566029,0,1,0,KnownSignal,e6810e9aaf07891bb2e08fb41c53dc9d58289131b8596768fa189b0d4de6a1a6,M400-01-baseline-awake,growing_clean
/Users/zcm361/Documents/Github/OxygenDynamicsV2/reference-validation/surge-shape-evidence-20260909/M400-01-baseline-awake/growing_clean,sink,15,5,88,404,412,405,412,1361,20,20,0,0,0,124.634827332843,124.634827332843,valid,valid,0.157002381682269,0.157002381682269,0,1,0,KnownSignal,e6810e9aaf07891bb2e08fb41c53dc9d58289131b8596768fa189b0d4de6a1a6,M400-01-baseline-awake,growing_clean
/Users/zcm361/Documents/Github/OxygenDynamicsV2/reference-validation/surge-shape-evidence-20260909/M400-01-baseline-awake/growing_clean,sink,15,6,89,423,426,423,426,501,20,12,0,8,0,NaN,NaN,insufficient_clean_prebaseline,insufficient_clean_prebaseline,NaN,NaN,NaN,1,0,KnownSignal,e6810e9aaf07891bb2e08fb41c53dc9d58289131b8596768fa189b0d4de6a1a6,M400-01-baseline-awake,growing_clean
/Users/zcm361/Documents/Github/OxygenDynamicsV2/reference-validation/surge-shape-evidence-20260909/M400-01-baseline-awake/growing_clean,sink,15,7,90,461,464,461,464,554,20,20,0,0,0,123.580866425993,123.580866425993,valid,valid,0.0975522831043561,0.0975522831043561,0,1,0,KnownSignal,e6810e9aaf07891bb2e08fb41c53dc9d58289131b8596768fa189b0d4de6a1a6,M400-01-baseline-awake,growing_clean
/Users/zcm361/Documents/Github/OxygenDynamicsV2/reference-validation/surge-shape-evidence-20260909/M400-01-baseline-awake/growing_clean,sink,15,8,91,479,482,479,482,691,20,16,0,4,0,NaN,NaN,insufficient_clean_prebaseline,insufficient_clean_prebaseline,NaN,NaN,NaN,1,0,KnownSignal,e6810e9aaf07891bb2e08fb41c53dc9d58289131b8596768fa189b0d4de6a1a6,M400-01-baseline-awake,growing_clean
/Users/zcm361/Documents/Github/OxygenDynamicsV2/reference-validation/surge-shape-evidence-20260909/M400-01-baseline-awake/growing_clean,sink,15,9,92,512,514,512,514,382,20,20,0,0,0,121.811910994764,121.811910994764,valid,valid,0.0837947526602576,0.0837947526602576,0,1,0,KnownSignal,e6810e9aaf07891bb2e08fb41c53dc9d58289131b8596768fa189b0d4de6a1a6,M400-01-baseline-awake,growing_clean
/Users/zcm361/Documents/Github/OxygenDynamicsV2/reference-validation/surge-shape-evidence-20260909/M400-01-baseline-awake/growing_clean,sink,15,10,93,546,549,546,548,507,20,20,0,0,0,122.965187376726,122.965187376726,valid,valid,0.130011460725162,0.130011460725162,0,1,0,KnownSignal,e6810e9aaf07891bb2e08fb41c53dc9d58289131b8596768fa189b0d4de6a1a6,M400-01-baseline-awake,growing_clean
/Users/zcm361/Documents/Github/OxygenDynamicsV2/reference-validation/surge-shape-evidence-20260909/M400-01-baseline-awake/growing_clean,sink,16,1,94,43,56,49,55,782,20,15,0,5,0,NaN,NaN,insufficient_clean_prebaseline,insufficient_clean_prebaseline,NaN,NaN,NaN,1,0,KnownSignal,e6810e9aaf07891bb2e08fb41c53dc9d58289131b8596768fa189b0d4de6a1a6,M400-01-baseline-awake,growing_clean
/Users/zcm361/Documents/Github/OxygenDynamicsV2/reference-validation/surge-shape-evidence-20260909/M400-01-baseline-awake/growing_clean,sink,16,2,95,219,241,234,240,656,20,17,0,3,0,NaN,NaN,insufficient_clean_prebaseline,insufficient_clean_prebaseline,NaN,NaN,NaN,1,0,KnownSignal,e6810e9aaf07891bb2e08fb41c53dc9d58289131b8596768fa189b0d4de6a1a6,M400-01-baseline-awake,growing_clean
/Users/zcm361/Documents/Github/OxygenDynamicsV2/reference-validation/surge-shape-evidence-20260909/M400-01-baseline-awake/growing_clean,sink,17,1,96,51,53,51,53,421,20,20,0,0,0,122.104394299287,122.104394299287,valid,valid,0.0802232037341982,0.0802232037341982,0,1,0,KnownSignal,e6810e9aaf07891bb2e08fb41c53dc9d58289131b8596768fa189b0d4de6a1a6,M400-01-baseline-awake,growing_clean
/Users/zcm361/Documents/Github/OxygenDynamicsV2/reference-validation/surge-shape-evidence-20260909/M400-01-baseline-awake/growing_clean,sink,17,2,97,55,57,55,57,740,20,17,0,3,0,NaN,NaN,insufficient_clean_prebaseline,insufficient_clean_prebaseline,NaN,NaN,NaN,1,0,KnownSignal,e6810e9aaf07891bb2e08fb41c53dc9d58289131b8596768fa189b0d4de6a1a6,M400-01-baseline-awake,growing_clean
/Users/zcm361/Documents/Github/OxygenDynamicsV2/reference-validation/surge-shape-evidence-20260909/M400-01-baseline-awake/growing_clean,sink,17,3,98,59,63,59,63,1396,20,14,0,6,0,NaN,NaN,insufficient_clean_prebaseline,insufficient_clean_prebaseline,NaN,NaN,NaN,1,0,KnownSignal,e6810e9aaf07891bb2e08fb41c53dc9d58289131b8596768fa189b0d4de6a1a6,M400-01-baseline-awake,growing_clean
/Users/zcm361/Documents/Github/OxygenDynamicsV2/reference-validation/surge-shape-evidence-20260909/M400-01-baseline-awake/growing_clean,sink,17,4,99,70,80,70,80,795,20,9,0,11,0,NaN,NaN,insufficient_clean_prebaseline,insufficient_clean_prebaseline,NaN,NaN,NaN,1,0,KnownSignal,e6810e9aaf07891bb2e08fb41c53dc9d58289131b8596768fa189b0d4de6a1a6,M400-01-baseline-awake,growing_clean
/Users/zcm361/Documents/Github/OxygenDynamicsV2/reference-validation/surge-shape-evidence-20260909/M400-01-baseline-awake/growing_clean,sink,17,5,100,82,84,82,84,312,20,7,0,13,0,NaN,NaN,insufficient_clean_prebaseline,insufficient_clean_prebaseline,NaN,NaN,NaN,1,0,KnownSignal,e6810e9aaf07891bb2e08fb41c53dc9d58289131b8596768fa189b0d4de6a1a6,M400-01-baseline-awake,growing_clean
/Users/zcm361/Documents/Github/OxygenDynamicsV2/reference-validation/surge-shape-evidence-20260909/M400-01-baseline-awake/growing_clean,sink,17,6,101,301,304,301,304,300,20,20,0,0,0,115.1345,115.1345,valid,valid,0.0850990218686261,0.0850990218686261,0,1,0,KnownSignal,e6810e9aaf07891bb2e08fb41c53dc9d58289131b8596768fa189b0d4de6a1a6,M400-01-baseline-awake,growing_clean
/Users/zcm361/Documents/Github/OxygenDynamicsV2/reference-validation/surge-shape-evidence-20260909/M400-01-baseline-awake/growing_clean,sink,17,7,102,352,377,360,371,459,20,20,0,0,0,133.213289760349,133.213289760349,valid,valid,0.155808579292795,0.155808579292795,0,1,0,KnownSignal,e6810e9aaf07891bb2e08fb41c53dc9d58289131b8596768fa189b0d4de6a1a6,M400-01-baseline-awake,growing_clean
/Users/zcm361/Documents/Github/OxygenDynamicsV2/reference-validation/surge-shape-evidence-20260909/M400-01-baseline-awake/growing_clean,sink,17,8,103,469,486,478,486,1107,20,9,0,11,0,NaN,NaN,insufficient_clean_prebaseline,insufficient_clean_prebaseline,NaN,NaN,NaN,1,0,KnownSignal,e6810e9aaf07891bb2e08fb41c53dc9d58289131b8596768fa189b0d4de6a1a6,M400-01-baseline-awake,growing_clean
/Users/zcm361/Documents/Github/OxygenDynamicsV2/reference-validation/surge-shape-evidence-20260909/M400-01-baseline-awake/growing_clean,sink,17,9,104,488,519,488,519,783,20,11,0,9,0,NaN,NaN,insufficient_clean_prebaseline,insufficient_clean_prebaseline,NaN,NaN,NaN,1,0,KnownSignal,e6810e9aaf07891bb2e08fb41c53dc9d58289131b8596768fa189b0d4de6a1a6,M400-01-baseline-awake,growing_clean
/Users/zcm361/Documents/Github/OxygenDynamicsV2/reference-validation/surge-shape-evidence-20260909/M400-01-baseline-awake/growing_clean,sink,17,10,105,553,565,555,557,586,20,20,0,0,0,115.806313993174,115.806313993174,valid,valid,0.0728605636397127,0.0728605636397127,0,1,0,KnownSignal,e6810e9aaf07891bb2e08fb41c53dc9d58289131b8596768fa189b0d4de6a1a6,M400-01-baseline-awake,growing_clean
/Users/zcm361/Documents/Github/OxygenDynamicsV2/reference-validation/surge-shape-evidence-20260909/M400-01-baseline-awake/growing_clean,sink,18,1,106,50,56,52,55,342,20,20,0,0,0,104.722076023392,104.722076023392,valid,valid,0.105094380977776,0.105094380977776,0,1,0,KnownSignal,e6810e9aaf07891bb2e08fb41c53dc9d58289131b8596768fa189b0d4de6a1a6,M400-01-baseline-awake,growing_clean
/Users/zcm361/Documents/Github/OxygenDynamicsV2/reference-validation/surge-shape-evidence-20260909/M400-01-baseline-awake/growing_clean,sink,18,2,107,60,66,62,66,304,20,16,0,4,0,NaN,NaN,insufficient_clean_prebaseline,insufficient_clean_prebaseline,NaN,NaN,NaN,1,0,KnownSignal,e6810e9aaf07891bb2e08fb41c53dc9d58289131b8596768fa189b0d4de6a1a6,M400-01-baseline-awake,growing_clean
/Users/zcm361/Documents/Github/OxygenDynamicsV2/reference-validation/surge-shape-evidence-20260909/M400-01-baseline-awake/growing_clean,sink,18,3,108,71,78,71,78,498,20,11,0,9,0,NaN,NaN,insufficient_clean_prebaseline,insufficient_clean_prebaseline,NaN,NaN,NaN,1,0,KnownSignal,e6810e9aaf07891bb2e08fb41c53dc9d58289131b8596768fa189b0d4de6a1a6,M400-01-baseline-awake,growing_clean
/Users/zcm361/Documents/Github/OxygenDynamicsV2/reference-validation/surge-shape-evidence-20260909/M400-01-baseline-awake/growing_clean,sink,18,4,109,110,117,113,115,358,20,20,0,0,0,103.382262569832,103.382262569832,valid,valid,0.0349316484220167,0.0349316484220167,0,1,0,KnownSignal,e6810e9aaf07891bb2e08fb41c53dc9d58289131b8596768fa189b0d4de6a1a6,M400-01-baseline-awake,growing_clean
/Users/zcm361/Documents/Github/OxygenDynamicsV2/reference-validation/surge-shape-evidence-20260909/M400-01-baseline-awake/growing_clean,sink,18,5,110,261,266,263,266,598,20,20,0,0,0,109.454347826087,109.454347826087,valid,valid,0.0767672415768702,0.0767672415768702,0,1,0,KnownSignal,e6810e9aaf07891bb2e08fb41c53dc9d58289131b8596768fa189b0d4de6a1a6,M400-01-baseline-awake,growing_clean
/Users/zcm361/Documents/Github/OxygenDynamicsV2/reference-validation/surge-shape-evidence-20260909/M400-01-baseline-awake/growing_clean,sink,18,6,111,297,302,297,301,508,20,20,0,0,0,114.634842519685,114.634842519685,valid,valid,0.0476779228807666,0.0476779228807666,0,1,0,KnownSignal,e6810e9aaf07891bb2e08fb41c53dc9d58289131b8596768fa189b0d4de6a1a6,M400-01-baseline-awake,growing_clean
/Users/zcm361/Documents/Github/OxygenDynamicsV2/reference-validation/surge-shape-evidence-20260909/M400-01-baseline-awake/growing_clean,sink,18,7,112,314,333,324,333,686,20,5,0,15,0,NaN,NaN,insufficient_clean_prebaseline,insufficient_clean_prebaseline,NaN,NaN,NaN,1,0,KnownSignal,e6810e9aaf07891bb2e08fb41c53dc9d58289131b8596768fa189b0d4de6a1a6,M400-01-baseline-awake,growing_clean
/Users/zcm361/Documents/Github/OxygenDynamicsV2/reference-validation/surge-shape-evidence-20260909/M400-01-baseline-awake/growing_clean,sink,18,8,113,335,352,335,340,1023,20,7,0,13,0,NaN,NaN,insufficient_clean_prebaseline,insufficient_clean_prebaseline,NaN,NaN,NaN,1,0,KnownSignal,e6810e9aaf07891bb2e08fb41c53dc9d58289131b8596768fa189b0d4de6a1a6,M400-01-baseline-awake,growing_clean
/Users/zcm361/Documents/Github/OxygenDynamicsV2/reference-validation/surge-shape-evidence-20260909/M400-01-baseline-awake/growing_clean,sink,18,9,114,482,498,483,486,639,20,20,0,0,0,108.549061032864,108.549061032864,valid,valid,0.0917760732149846,0.0917760732149846,0,1,0,KnownSignal,e6810e9aaf07891bb2e08fb41c53dc9d58289131b8596768fa189b0d4de6a1a6,M400-01-baseline-awake,growing_clean
/Users/zcm361/Documents/Github/OxygenDynamicsV2/reference-validation/surge-shape-evidence-20260909/M400-01-baseline-awake/growing_clean,sink,18,10,115,537,542,537,542,312,20,20,0,0,0,106.698076923077,106.698076923077,valid,valid,0.0728090886698026,0.0728090886698026,0,1,0,KnownSignal,e6810e9aaf07891bb2e08fb41c53dc9d58289131b8596768fa189b0d4de6a1a6,M400-01-baseline-awake,growing_clean
/Users/zcm361/Documents/Github/OxygenDynamicsV2/reference-validation/surge-shape-evidence-20260909/M400-01-baseline-awake/growing_clean,sink,18,11,116,553,558,556,558,440,20,14,0,6,0,NaN,NaN,insufficient_clean_prebaseline,insufficient_clean_prebaseline,NaN,NaN,NaN,1,0,KnownSignal,e6810e9aaf07891bb2e08fb41c53dc9d58289131b8596768fa189b0d4de6a1a6,M400-01-baseline-awake,growing_clean
/Users/zcm361/Documents/Github/OxygenDynamicsV2/reference-validation/surge-shape-evidence-20260909/M400-01-baseline-awake/growing_clean,sink,19,1,117,468,480,471,478,1463,20,8,0,12,0,NaN,NaN,insufficient_clean_prebaseline,insufficient_clean_prebaseline,NaN,NaN,NaN,1,0,KnownSignal,e6810e9aaf07891bb2e08fb41c53dc9d58289131b8596768fa189b0d4de6a1a6,M400-01-baseline-awake,growing_clean
/Users/zcm361/Documents/Github/OxygenDynamicsV2/reference-validation/surge-shape-evidence-20260909/M400-01-baseline-awake/growing_clean,sink,20,1,118,44,63,54,56,604,20,20,0,0,0,131.423758278146,131.423758278146,valid,valid,0.074804153945675,0.074804153945675,0,1,0,KnownSignal,e6810e9aaf07891bb2e08fb41c53dc9d58289131b8596768fa189b0d4de6a1a6,M400-01-baseline-awake,growing_clean
/Users/zcm361/Documents/Github/OxygenDynamicsV2/reference-validation/surge-shape-evidence-20260909/M400-01-baseline-awake/growing_clean,sink,21,1,119,46,60,55,57,290,20,20,0,0,0,87.1694827586207,87.1694827586207,valid,valid,0.141308153161796,0.141308153161796,0,1,0,KnownSignal,e6810e9aaf07891bb2e08fb41c53dc9d58289131b8596768fa189b0d4de6a1a6,M400-01-baseline-awake,growing_clean
/Users/zcm361/Documents/Github/OxygenDynamicsV2/reference-validation/surge-shape-evidence-20260909/M400-01-baseline-awake/growing_clean,sink,22,1,120,71,83,71,76,360,20,20,0,0,0,89.5048611111111,89.5048611111111,valid,valid,0.0299099210936713,0.0299099210936713,0,1,0,KnownSignal,e6810e9aaf07891bb2e08fb41c53dc9d58289131b8596768fa189b0d4de6a1a6,M400-01-baseline-awake,growing_clean
/Users/zcm361/Documents/Github/OxygenDynamicsV2/reference-validation/surge-shape-evidence-20260909/M400-01-baseline-awake/growing_clean,sink,22,2,121,356,377,369,371,298,20,20,0,0,0,84.2030201342282,84.2030201342282,valid,valid,0.0941914914815183,0.0941914914815183,0,1,0,KnownSignal,e6810e9aaf07891bb2e08fb41c53dc9d58289131b8596768fa189b0d4de6a1a6,M400-01-baseline-awake,growing_clean
/Users/zcm361/Documents/Github/OxygenDynamicsV2/reference-validation/surge-shape-evidence-20260909/M400-01-baseline-awake/growing_clean,sink,22,3,122,483,512,488,512,656,20,20,0,0,0,90.5310213414634,90.5310213414634,valid,valid,0.0734041272404439,0.0734041272404439,0,1,0,KnownSignal,e6810e9aaf07891bb2e08fb41c53dc9d58289131b8596768fa189b0d4de6a1a6,M400-01-baseline-awake,growing_clean
/Users/zcm361/Documents/Github/OxygenDynamicsV2/reference-validation/surge-shape-evidence-20260909/M400-01-baseline-awake/growing_clean,sink,22,4,123,515,520,515,519,380,20,2,0,18,0,NaN,NaN,insufficient_clean_prebaseline,insufficient_clean_prebaseline,NaN,NaN,NaN,1,0,KnownSignal,e6810e9aaf07891bb2e08fb41c53dc9d58289131b8596768fa189b0d4de6a1a6,M400-01-baseline-awake,growing_clean
/Users/zcm361/Documents/Github/OxygenDynamicsV2/reference-validation/surge-shape-evidence-20260909/M400-01-baseline-awake/growing_clean,sink,23,1,124,133,153,136,143,265,20,20,0,0,0,135.816037735849,135.816037735849,valid,valid,0.179689507866495,0.179689507866495,0,1,0,KnownSignal,e6810e9aaf07891bb2e08fb41c53dc9d58289131b8596768fa189b0d4de6a1a6,M400-01-baseline-awake,growing_clean
/Users/zcm361/Documents/Github/OxygenDynamicsV2/reference-validation/surge-shape-evidence-20260909/M400-01-baseline-awake/growing_clean,sink,23,2,125,214,223,216,223,577,20,10,0,10,0,NaN,NaN,insufficient_clean_prebaseline,insufficient_clean_prebaseline,NaN,NaN,NaN,1,0,KnownSignal,e6810e9aaf07891bb2e08fb41c53dc9d58289131b8596768fa189b0d4de6a1a6,M400-01-baseline-awake,growing_clean
/Users/zcm361/Documents/Github/OxygenDynamicsV2/reference-validation/surge-shape-evidence-20260909/M400-01-baseline-awake/growing_clean,sink,23,3,126,236,238,236,238,134,20,12,0,8,0,NaN,NaN,insufficient_clean_prebaseline,insufficient_clean_prebaseline,NaN,NaN,NaN,1,0,KnownSignal,e6810e9aaf07891bb2e08fb41c53dc9d58289131b8596768fa189b0d4de6a1a6,M400-01-baseline-awake,growing_clean
/Users/zcm361/Documents/Github/OxygenDynamicsV2/reference-validation/surge-shape-evidence-20260909/M400-01-baseline-awake/growing_clean,sink,23,4,127,245,257,245,257,579,20,17,0,3,0,NaN,NaN,insufficient_clean_prebaseline,insufficient_clean_prebaseline,NaN,NaN,NaN,1,0,KnownSignal,e6810e9aaf07891bb2e08fb41c53dc9d58289131b8596768fa189b0d4de6a1a6,M400-01-baseline-awake,growing_clean
/Users/zcm361/Documents/Github/OxygenDynamicsV2/reference-validation/surge-shape-evidence-20260909/M400-01-baseline-awake/growing_clean,sink,23,5,128,259,270,259,268,742,20,7,0,13,0,NaN,NaN,insufficient_clean_prebaseline,insufficient_clean_prebaseline,NaN,NaN,NaN,1,0,KnownSignal,e6810e9aaf07891bb2e08fb41c53dc9d58289131b8596768fa189b0d4de6a1a6,M400-01-baseline-awake,growing_clean
/Users/zcm361/Documents/Github/OxygenDynamicsV2/reference-validation/surge-shape-evidence-20260909/M400-01-baseline-awake/growing_clean,sink,23,6,129,274,281,275,280,845,20,6,0,14,0,NaN,NaN,insufficient_clean_prebaseline,insufficient_clean_prebaseline,NaN,NaN,NaN,1,0,KnownSignal,e6810e9aaf07891bb2e08fb41c53dc9d58289131b8596768fa189b0d4de6a1a6,M400-01-baseline-awake,growing_clean
/Users/zcm361/Documents/Github/OxygenDynamicsV2/reference-validation/surge-shape-evidence-20260909/M400-01-baseline-awake/growing_clean,sink,23,7,130,346,368,357,368,452,20,11,0,9,0,NaN,NaN,insufficient_clean_prebaseline,insufficient_clean_prebaseline,NaN,NaN,NaN,1,0,KnownSignal,e6810e9aaf07891bb2e08fb41c53dc9d58289131b8596768fa189b0d4de6a1a6,M400-01-baseline-awake,growing_clean
/Users/zcm361/Documents/Github/OxygenDynamicsV2/reference-validation/surge-shape-evidence-20260909/M400-01-baseline-awake/growing_clean,sink,23,8,131,373,391,373,376,166,20,8,0,12,0,NaN,NaN,insufficient_clean_prebaseline,insufficient_clean_prebaseline,NaN,NaN,NaN,1,0,KnownSignal,e6810e9aaf07891bb2e08fb41c53dc9d58289131b8596768fa189b0d4de6a1a6,M400-01-baseline-awake,growing_clean
/Users/zcm361/Documents/Github/OxygenDynamicsV2/reference-validation/surge-shape-evidence-20260909/M400-01-baseline-awake/growing_clean,sink,23,9,132,500,531,500,531,1454,20,20,0,0,0,111.541678129299,111.541678129299,valid,valid,0.0988866801166102,0.0988866801166102,0,1,0,KnownSignal,e6810e9aaf07891bb2e08fb41c53dc9d58289131b8596768fa189b0d4de6a1a6,M400-01-baseline-awake,growing_clean
/Users/zcm361/Documents/Github/OxygenDynamicsV2/reference-validation/surge-shape-evidence-20260909/M400-01-baseline-awake/growing_clean,sink,23,10,133,553,558,553,557,842,20,10,0,10,0,NaN,NaN,insufficient_clean_prebaseline,insufficient_clean_prebaseline,NaN,NaN,NaN,1,0,KnownSignal,e6810e9aaf07891bb2e08fb41c53dc9d58289131b8596768fa189b0d4de6a1a6,M400-01-baseline-awake,growing_clean
/Users/zcm361/Documents/Github/OxygenDynamicsV2/reference-validation/surge-shape-evidence-20260909/M400-01-baseline-awake/growing_clean,sink,24,1,134,60,76,61,64,257,20,20,0,0,0,113.56673151751,113.56673151751,valid,valid,0.0733777257753117,0.0733777257753117,0,1,0,KnownSignal,e6810e9aaf07891bb2e08fb41c53dc9d58289131b8596768fa189b0d4de6a1a6,M400-01-baseline-awake,growing_clean
/Users/zcm361/Documents/Github/OxygenDynamicsV2/reference-validation/surge-shape-evidence-20260909/M400-01-baseline-awake/growing_clean,sink,24,2,135,219,244,222,224,1123,20,20,0,0,0,115.434372217275,115.434372217275,valid,valid,0.145216334137657,0.145216334137657,0,1,0,KnownSignal,e6810e9aaf07891bb2e08fb41c53dc9d58289131b8596768fa189b0d4de6a1a6,M400-01-baseline-awake,growing_clean
/Users/zcm361/Documents/Github/OxygenDynamicsV2/reference-validation/surge-shape-evidence-20260909/M400-01-baseline-awake/growing_clean,sink,25,1,136,59,72,61,63,308,20,20,0,0,0,123.489285714286,123.489285714286,valid,valid,0.0628294688797336,0.0628294688797336,0,1,0,KnownSignal,e6810e9aaf07891bb2e08fb41c53dc9d58289131b8596768fa189b0d4de6a1a6,M400-01-baseline-awake,growing_clean
/Users/zcm361/Documents/Github/OxygenDynamicsV2/reference-validation/surge-shape-evidence-20260909/M400-01-baseline-awake/growing_clean,sink,26,1,137,75,107,86,89,394,20,20,0,0,0,94.7248730964467,94.7248730964467,valid,valid,0.0447890765669211,0.0447890765669211,0,1,0,KnownSignal,e6810e9aaf07891bb2e08fb41c53dc9d58289131b8596768fa189b0d4de6a1a6,M400-01-baseline-awake,growing_clean
/Users/zcm361/Documents/Github/OxygenDynamicsV2/reference-validation/surge-shape-evidence-20260909/M400-01-baseline-awake/growing_clean,sink,26,2,138,241,255,241,243,432,20,20,0,0,0,92.9819444444445,92.9819444444445,valid,valid,0.00344053256058281,0.00344053256058281,0,1,0,KnownSignal,e6810e9aaf07891bb2e08fb41c53dc9d58289131b8596768fa189b0d4de6a1a6,M400-01-baseline-awake,growing_clean
/Users/zcm361/Documents/Github/OxygenDynamicsV2/reference-validation/surge-shape-evidence-20260909/M400-01-baseline-awake/growing_clean,sink,26,3,139,433,458,439,444,998,20,20,0,0,0,93.3720440881764,93.3720440881764,valid,valid,0.0663226925276841,0.0663226925276841,0,1,0,KnownSignal,e6810e9aaf07891bb2e08fb41c53dc9d58289131b8596768fa189b0d4de6a1a6,M400-01-baseline-awake,growing_clean
/Users/zcm361/Documents/Github/OxygenDynamicsV2/reference-validation/surge-shape-evidence-20260909/M400-01-baseline-awake/growing_clean,sink,26,4,140,492,495,493,495,198,20,20,0,0,0,80.6265151515152,80.6265151515152,valid,valid,0.103485644307053,0.103485644307053,0,1,0,KnownSignal,e6810e9aaf07891bb2e08fb41c53dc9d58289131b8596768fa189b0d4de6a1a6,M400-01-baseline-awake,growing_clean
/Users/zcm361/Documents/Github/OxygenDynamicsV2/reference-validation/surge-shape-evidence-20260909/M400-01-baseline-awake/growing_clean,sink,26,5,141,498,502,498,502,420,20,17,0,3,0,NaN,NaN,insufficient_clean_prebaseline,insufficient_clean_prebaseline,NaN,NaN,NaN,1,0,KnownSignal,e6810e9aaf07891bb2e08fb41c53dc9d58289131b8596768fa189b0d4de6a1a6,M400-01-baseline-awake,growing_clean
/Users/zcm361/Documents/Github/OxygenDynamicsV2/reference-validation/surge-shape-evidence-20260909/M400-01-baseline-awake/growing_clean,sink,26,6,142,511,518,511,518,427,20,12,0,8,0,NaN,NaN,insufficient_clean_prebaseline,insufficient_clean_prebaseline,NaN,NaN,NaN,1,0,KnownSignal,e6810e9aaf07891bb2e08fb41c53dc9d58289131b8596768fa189b0d4de6a1a6,M400-01-baseline-awake,growing_clean
/Users/zcm361/Documents/Github/OxygenDynamicsV2/reference-validation/surge-shape-evidence-20260909/M400-01-baseline-awake/growing_clean,sink,27,1,143,83,108,94,96,239,20,20,0,0,0,79.6506276150628,79.6506276150628,valid,valid,0.0535024820739106,0.0535024820739106,0,1,0,KnownSignal,e6810e9aaf07891bb2e08fb41c53dc9d58289131b8596768fa189b0d4de6a1a6,M400-01-baseline-awake,growing_clean
/Users/zcm361/Documents/Github/OxygenDynamicsV2/reference-validation/surge-shape-evidence-20260909/M400-01-baseline-awake/growing_clean,sink,28,1,144,432,456,449,456,981,20,20,0,0,0,85.7360856269113,85.7360856269113,valid,valid,0.0840012317628357,0.0840012317628357,0,1,0,KnownSignal,e6810e9aaf07891bb2e08fb41c53dc9d58289131b8596768fa189b0d4de6a1a6,M400-01-baseline-awake,growing_clean
/Users/zcm361/Documents/Github/OxygenDynamicsV2/reference-validation/surge-shape-evidence-20260909/M400-01-baseline-awake/growing_clean,sink,28,2,145,458,461,458,461,612,20,12,0,8,0,NaN,NaN,insufficient_clean_prebaseline,insufficient_clean_prebaseline,NaN,NaN,NaN,1,0,KnownSignal,e6810e9aaf07891bb2e08fb41c53dc9d58289131b8596768fa189b0d4de6a1a6,M400-01-baseline-awake,growing_clean
/Users/zcm361/Documents/Github/OxygenDynamicsV2/reference-validation/surge-shape-evidence-20260909/M400-01-baseline-awake/growing_clean,sink,29,1,146,95,111,102,105,426,20,18,0,2,0,NaN,NaN,insufficient_clean_prebaseline,insufficient_clean_prebaseline,NaN,NaN,NaN,1,0,KnownSignal,e6810e9aaf07891bb2e08fb41c53dc9d58289131b8596768fa189b0d4de6a1a6,M400-01-baseline-awake,growing_clean
/Users/zcm361/Documents/Github/OxygenDynamicsV2/reference-validation/surge-shape-evidence-20260909/M400-01-baseline-awake/growing_clean,sink,29,2,147,520,534,532,534,348,20,20,0,0,0,87.1619252873563,87.1619252873563,valid,valid,0.100102695636837,0.100102695636837,0,1,0,KnownSignal,e6810e9aaf07891bb2e08fb41c53dc9d58289131b8596768fa189b0d4de6a1a6,M400-01-baseline-awake,growing_clean
/Users/zcm361/Documents/Github/OxygenDynamicsV2/reference-validation/surge-shape-evidence-20260909/M400-01-baseline-awake/growing_clean,sink,29,3,148,542,546,542,545,680,20,17,0,3,0,NaN,NaN,insufficient_clean_prebaseline,insufficient_clean_prebaseline,NaN,NaN,NaN,1,0,KnownSignal,e6810e9aaf07891bb2e08fb41c53dc9d58289131b8596768fa189b0d4de6a1a6,M400-01-baseline-awake,growing_clean
/Users/zcm361/Documents/Github/OxygenDynamicsV2/reference-validation/surge-shape-evidence-20260909/M400-01-baseline-awake/growing_clean,sink,30,1,149,276,290,285,287,184,20,20,0,0,0,110.002173913043,110.002173913043,valid,valid,0.0758581846208571,0.0758581846208571,0,1,0,KnownSignal,e6810e9aaf07891bb2e08fb41c53dc9d58289131b8596768fa189b0d4de6a1a6,M400-01-baseline-awake,growing_clean
/Users/zcm361/Documents/Github/OxygenDynamicsV2/reference-validation/surge-shape-evidence-20260909/M400-01-baseline-awake/growing_clean,sink,31,1,150,117,123,121,123,359,20,20,0,0,0,116.465877437326,116.465877437326,valid,valid,0.0492989327035189,0.0492989327035189,0,1,0,KnownSignal,e6810e9aaf07891bb2e08fb41c53dc9d58289131b8596768fa189b0d4de6a1a6,M400-01-baseline-awake,growing_clean
/Users/zcm361/Documents/Github/OxygenDynamicsV2/reference-validation/surge-shape-evidence-20260909/M400-01-baseline-awake/growing_clean,sink,32,1,151,114,150,114,148,2065,20,20,0,0,0,83.6956900726392,83.6956900726392,valid,valid,0.137403113782433,0.137403113782433,0,1,0,KnownSignal,e6810e9aaf07891bb2e08fb41c53dc9d58289131b8596768fa189b0d4de6a1a6,M400-01-baseline-awake,growing_clean
/Users/zcm361/Documents/Github/OxygenDynamicsV2/reference-validation/surge-shape-evidence-20260909/M400-01-baseline-awake/growing_clean,sink,33,1,152,144,147,144,147,794,20,14,0,6,0,NaN,NaN,insufficient_clean_prebaseline,insufficient_clean_prebaseline,NaN,NaN,NaN,1,0,KnownSignal,e6810e9aaf07891bb2e08fb41c53dc9d58289131b8596768fa189b0d4de6a1a6,M400-01-baseline-awake,growing_clean
/Users/zcm361/Documents/Github/OxygenDynamicsV2/reference-validation/surge-shape-evidence-20260909/M400-01-baseline-awake/growing_clean,sink,33,2,153,150,162,150,153,520,20,13,0,7,0,NaN,NaN,insufficient_clean_prebaseline,insufficient_clean_prebaseline,NaN,NaN,NaN,1,0,KnownSignal,e6810e9aaf07891bb2e08fb41c53dc9d58289131b8596768fa189b0d4de6a1a6,M400-01-baseline-awake,growing_clean
/Users/zcm361/Documents/Github/OxygenDynamicsV2/reference-validation/surge-shape-evidence-20260909/M400-01-baseline-awake/growing_clean,sink,34,1,154,187,194,189,193,498,20,9,0,11,0,NaN,NaN,insufficient_clean_prebaseline,insufficient_clean_prebaseline,NaN,NaN,NaN,1,0,KnownSignal,e6810e9aaf07891bb2e08fb41c53dc9d58289131b8596768fa189b0d4de6a1a6,M400-01-baseline-awake,growing_clean
/Users/zcm361/Documents/Github/OxygenDynamicsV2/reference-validation/surge-shape-evidence-20260909/M400-01-baseline-awake/growing_clean,sink,34,2,155,209,222,212,218,519,20,6,0,14,0,NaN,NaN,insufficient_clean_prebaseline,insufficient_clean_prebaseline,NaN,NaN,NaN,1,0,KnownSignal,e6810e9aaf07891bb2e08fb41c53dc9d58289131b8596768fa189b0d4de6a1a6,M400-01-baseline-awake,growing_clean
/Users/zcm361/Documents/Github/OxygenDynamicsV2/reference-validation/surge-shape-evidence-20260909/M400-01-baseline-awake/growing_clean,sink,34,3,156,256,265,258,264,633,20,6,0,14,0,NaN,NaN,insufficient_clean_prebaseline,insufficient_clean_prebaseline,NaN,NaN,NaN,1,0,KnownSignal,e6810e9aaf07891bb2e08fb41c53dc9d58289131b8596768fa189b0d4de6a1a6,M400-01-baseline-awake,growing_clean
/Users/zcm361/Documents/Github/OxygenDynamicsV2/reference-validation/surge-shape-evidence-20260909/M400-01-baseline-awake/growing_clean,sink,34,4,157,272,277,272,276,488,20,10,0,10,0,NaN,NaN,insufficient_clean_prebaseline,insufficient_clean_prebaseline,NaN,NaN,NaN,1,0,KnownSignal,e6810e9aaf07891bb2e08fb41c53dc9d58289131b8596768fa189b0d4de6a1a6,M400-01-baseline-awake,growing_clean
/Users/zcm361/Documents/Github/OxygenDynamicsV2/reference-validation/surge-shape-evidence-20260909/M400-01-baseline-awake/growing_clean,sink,34,5,158,349,379,356,374,723,20,14,0,6,0,NaN,NaN,insufficient_clean_prebaseline,insufficient_clean_prebaseline,NaN,NaN,NaN,1,0,KnownSignal,e6810e9aaf07891bb2e08fb41c53dc9d58289131b8596768fa189b0d4de6a1a6,M400-01-baseline-awake,growing_clean
/Users/zcm361/Documents/Github/OxygenDynamicsV2/reference-validation/surge-shape-evidence-20260909/M400-01-baseline-awake/growing_clean,sink,34,6,159,576,580,577,579,215,20,20,0,0,0,93.346976744186,93.346976744186,valid,valid,0.0774106110734643,0.0774106110734643,0,1,0,KnownSignal,e6810e9aaf07891bb2e08fb41c53dc9d58289131b8596768fa189b0d4de6a1a6,M400-01-baseline-awake,growing_clean
/Users/zcm361/Documents/Github/OxygenDynamicsV2/reference-validation/surge-shape-evidence-20260909/M400-01-baseline-awake/growing_clean,sink,35,1,160,179,187,180,184,425,20,20,0,0,0,119.103176470588,119.103176470588,valid,valid,0.0566557715159471,0.0566557715159471,0,1,0,KnownSignal,e6810e9aaf07891bb2e08fb41c53dc9d58289131b8596768fa189b0d4de6a1a6,M400-01-baseline-awake,growing_clean
/Users/zcm361/Documents/Github/OxygenDynamicsV2/reference-validation/surge-shape-evidence-20260909/M400-01-baseline-awake/growing_clean,sink,36,1,161,181,193,183,189,605,20,20,0,0,0,79.7429752066115,79.7429752066115,valid,valid,0.0660904351791394,0.0660904351791394,0,1,0,KnownSignal,e6810e9aaf07891bb2e08fb41c53dc9d58289131b8596768fa189b0d4de6a1a6,M400-01-baseline-awake,growing_clean
/Users/zcm361/Documents/Github/OxygenDynamicsV2/reference-validation/surge-shape-evidence-20260909/M400-01-baseline-awake/growing_clean,sink,37,1,162,192,198,193,196,332,20,20,0,0,0,135.452259036145,135.452259036145,valid,valid,0.0644460825681034,0.0644460825681034,0,1,0,KnownSignal,e6810e9aaf07891bb2e08fb41c53dc9d58289131b8596768fa189b0d4de6a1a6,M400-01-baseline-awake,growing_clean
/Users/zcm361/Documents/Github/OxygenDynamicsV2/reference-validation/surge-shape-evidence-20260909/M400-01-baseline-awake/growing_clean,sink,38,1,163,192,208,194,196,197,20,20,0,0,0,120.729695431472,120.729695431472,valid,valid,0.0697429967940297,0.0697429967940297,0,1,0,KnownSignal,e6810e9aaf07891bb2e08fb41c53dc9d58289131b8596768fa189b0d4de6a1a6,M400-01-baseline-awake,growing_clean
/Users/zcm361/Documents/Github/OxygenDynamicsV2/reference-validation/surge-shape-evidence-20260909/M400-01-baseline-awake/growing_clean,sink,38,2,164,409,434,426,428,416,20,16,0,4,0,NaN,NaN,insufficient_clean_prebaseline,insufficient_clean_prebaseline,NaN,NaN,NaN,1,0,KnownSignal,e6810e9aaf07891bb2e08fb41c53dc9d58289131b8596768fa189b0d4de6a1a6,M400-01-baseline-awake,growing_clean
/Users/zcm361/Documents/Github/OxygenDynamicsV2/reference-validation/surge-shape-evidence-20260909/M400-01-baseline-awake/growing_clean,sink,39,1,165,433,454,449,454,633,20,20,0,0,0,77.3332543443918,77.3332543443918,valid,valid,0.0845921357576156,0.0845921357576156,0,1,0,KnownSignal,e6810e9aaf07891bb2e08fb41c53dc9d58289131b8596768fa189b0d4de6a1a6,M400-01-baseline-awake,growing_clean
/Users/zcm361/Documents/Github/OxygenDynamicsV2/reference-validation/surge-shape-evidence-20260909/M400-01-baseline-awake/growing_clean,sink,39,2,166,458,464,458,462,442,20,14,0,6,0,NaN,NaN,insufficient_clean_prebaseline,insufficient_clean_prebaseline,NaN,NaN,NaN,1,0,KnownSignal,e6810e9aaf07891bb2e08fb41c53dc9d58289131b8596768fa189b0d4de6a1a6,M400-01-baseline-awake,growing_clean
/Users/zcm361/Documents/Github/OxygenDynamicsV2/reference-validation/surge-shape-evidence-20260909/M400-01-baseline-awake/growing_clean,sink,40,1,167,207,213,209,211,696,20,20,0,0,0,87.0582614942529,87.0582614942529,valid,valid,0.075150327886844,0.075150327886844,0,1,0,KnownSignal,e6810e9aaf07891bb2e08fb41c53dc9d58289131b8596768fa189b0d4de6a1a6,M400-01-baseline-awake,growing_clean
/Users/zcm361/Documents/Github/OxygenDynamicsV2/reference-validation/surge-shape-evidence-20260909/M400-01-baseline-awake/growing_clean,sink,41,1,168,223,234,232,234,247,20,20,0,0,0,98.9285425101214,98.9285425101214,valid,valid,0.108954854340126,0.108954854340126,0,1,0,KnownSignal,e6810e9aaf07891bb2e08fb41c53dc9d58289131b8596768fa189b0d4de6a1a6,M400-01-baseline-awake,growing_clean
/Users/zcm361/Documents/Github/OxygenDynamicsV2/reference-validation/surge-shape-evidence-20260909/M400-01-baseline-awake/growing_clean,sink,42,1,169,277,291,280,290,952,20,20,0,0,0,108.494695378151,108.494695378151,valid,valid,0.0565797518466758,0.0565797518466758,0,1,0,KnownSignal,e6810e9aaf07891bb2e08fb41c53dc9d58289131b8596768fa189b0d4de6a1a6,M400-01-baseline-awake,growing_clean
/Users/zcm361/Documents/Github/OxygenDynamicsV2/reference-validation/surge-shape-evidence-20260909/M400-01-baseline-awake/growing_clean,sink,42,2,170,395,408,398,404,666,20,20,0,0,0,86.0313063063063,86.0313063063063,valid,valid,0.129777640481109,0.129777640481109,0,1,0,KnownSignal,e6810e9aaf07891bb2e08fb41c53dc9d58289131b8596768fa189b0d4de6a1a6,M400-01-baseline-awake,growing_clean
/Users/zcm361/Documents/Github/OxygenDynamicsV2/reference-validation/surge-shape-evidence-20260909/M400-01-baseline-awake/growing_clean,sink,42,3,171,431,441,438,441,458,20,20,0,0,0,92.8848253275109,92.8848253275109,valid,valid,0.058960420768078,0.058960420768078,0,1,0,KnownSignal,e6810e9aaf07891bb2e08fb41c53dc9d58289131b8596768fa189b0d4de6a1a6,M400-01-baseline-awake,growing_clean
/Users/zcm361/Documents/Github/OxygenDynamicsV2/reference-validation/surge-shape-evidence-20260909/M400-01-baseline-awake/growing_clean,sink,42,4,172,454,456,454,456,382,20,16,0,4,0,NaN,NaN,insufficient_clean_prebaseline,insufficient_clean_prebaseline,NaN,NaN,NaN,1,0,KnownSignal,e6810e9aaf07891bb2e08fb41c53dc9d58289131b8596768fa189b0d4de6a1a6,M400-01-baseline-awake,growing_clean
/Users/zcm361/Documents/Github/OxygenDynamicsV2/reference-validation/surge-shape-evidence-20260909/M400-01-baseline-awake/growing_clean,sink,42,5,173,461,464,461,463,339,20,19,0,1,0,NaN,NaN,insufficient_clean_prebaseline,insufficient_clean_prebaseline,NaN,NaN,NaN,1,0,KnownSignal,e6810e9aaf07891bb2e08fb41c53dc9d58289131b8596768fa189b0d4de6a1a6,M400-01-baseline-awake,growing_clean
/Users/zcm361/Documents/Github/OxygenDynamicsV2/reference-validation/surge-shape-evidence-20260909/M400-01-baseline-awake/growing_clean,sink,42,6,174,568,576,572,574,306,20,20,0,0,0,80.8057189542484,80.8057189542484,valid,valid,0.105212817801109,0.105212817801109,0,1,0,KnownSignal,e6810e9aaf07891bb2e08fb41c53dc9d58289131b8596768fa189b0d4de6a1a6,M400-01-baseline-awake,growing_clean
/Users/zcm361/Documents/Github/OxygenDynamicsV2/reference-validation/surge-shape-evidence-20260909/M400-01-baseline-awake/growing_clean,sink,43,1,175,264,286,269,279,1146,20,20,0,0,0,79.9251745200698,79.9251745200698,valid,valid,0.0609563373246684,0.0609563373246684,0,1,0,KnownSignal,e6810e9aaf07891bb2e08fb41c53dc9d58289131b8596768fa189b0d4de6a1a6,M400-01-baseline-awake,growing_clean
/Users/zcm361/Documents/Github/OxygenDynamicsV2/reference-validation/surge-shape-evidence-20260909/M400-01-baseline-awake/growing_clean,sink,44,1,176,294,311,297,311,843,20,20,0,0,0,98.5629893238434,98.5629893238434,valid,valid,0.0658405605582476,0.0658405605582476,0,1,0,KnownSignal,e6810e9aaf07891bb2e08fb41c53dc9d58289131b8596768fa189b0d4de6a1a6,M400-01-baseline-awake,growing_clean
/Users/zcm361/Documents/Github/OxygenDynamicsV2/reference-validation/surge-shape-evidence-20260909/M400-01-baseline-awake/growing_clean,sink,44,2,177,316,318,316,318,379,20,5,0,15,0,NaN,NaN,insufficient_clean_prebaseline,insufficient_clean_prebaseline,NaN,NaN,NaN,1,0,KnownSignal,e6810e9aaf07891bb2e08fb41c53dc9d58289131b8596768fa189b0d4de6a1a6,M400-01-baseline-awake,growing_clean
/Users/zcm361/Documents/Github/OxygenDynamicsV2/reference-validation/surge-shape-evidence-20260909/M400-01-baseline-awake/growing_clean,sink,44,3,178,326,328,326,328,309,20,10,0,10,0,NaN,NaN,insufficient_clean_prebaseline,insufficient_clean_prebaseline,NaN,NaN,NaN,1,0,KnownSignal,e6810e9aaf07891bb2e08fb41c53dc9d58289131b8596768fa189b0d4de6a1a6,M400-01-baseline-awake,growing_clean
/Users/zcm361/Documents/Github/OxygenDynamicsV2/reference-validation/surge-shape-evidence-20260909/M400-01-baseline-awake/growing_clean,sink,44,4,179,330,351,330,332,296,20,10,0,10,0,NaN,NaN,insufficient_clean_prebaseline,insufficient_clean_prebaseline,NaN,NaN,NaN,1,0,KnownSignal,e6810e9aaf07891bb2e08fb41c53dc9d58289131b8596768fa189b0d4de6a1a6,M400-01-baseline-awake,growing_clean
/Users/zcm361/Documents/Github/OxygenDynamicsV2/reference-validation/surge-shape-evidence-20260909/M400-01-baseline-awake/growing_clean,sink,45,1,180,297,311,307,309,280,20,20,0,0,0,100.046607142857,100.046607142857,valid,valid,0.076787425860447,0.076787425860447,0,1,0,KnownSignal,e6810e9aaf07891bb2e08fb41c53dc9d58289131b8596768fa189b0d4de6a1a6,M400-01-baseline-awake,growing_clean
/Users/zcm361/Documents/Github/OxygenDynamicsV2/reference-validation/surge-shape-evidence-20260909/M400-01-baseline-awake/growing_clean,sink,46,1,181,342,360,351,358,536,20,20,0,0,0,116.539925373134,116.539925373134,valid,valid,0.15676518520653,0.15676518520653,0,1,0,KnownSignal,e6810e9aaf07891bb2e08fb41c53dc9d58289131b8596768fa189b0d4de6a1a6,M400-01-baseline-awake,growing_clean
/Users/zcm361/Documents/Github/OxygenDynamicsV2/reference-validation/surge-shape-evidence-20260909/M400-01-baseline-awake/growing_clean,sink,47,1,182,331,349,339,341,471,20,20,0,0,0,87.7571125265393,87.7571125265393,valid,valid,0.0871107283178816,0.0871107283178816,0,1,0,KnownSignal,e6810e9aaf07891bb2e08fb41c53dc9d58289131b8596768fa189b0d4de6a1a6,M400-01-baseline-awake,growing_clean
/Users/zcm361/Documents/Github/OxygenDynamicsV2/reference-validation/surge-shape-evidence-20260909/M400-01-baseline-awake/growing_clean,sink,48,1,183,355,374,370,372,1014,20,20,0,0,0,111.272781065089,111.272781065089,valid,valid,0.125556365028636,0.125556365028636,0,1,0,KnownSignal,e6810e9aaf07891bb2e08fb41c53dc9d58289131b8596768fa189b0d4de6a1a6,M400-01-baseline-awake,growing_clean
/Users/zcm361/Documents/Github/OxygenDynamicsV2/reference-validation/surge-shape-evidence-20260909/M400-01-baseline-awake/growing_clean,sink,49,1,184,397,402,398,402,659,20,20,0,0,0,101.179135053111,101.179135053111,valid,valid,0.0970806296919256,0.0970806296919256,0,1,0,KnownSignal,e6810e9aaf07891bb2e08fb41c53dc9d58289131b8596768fa189b0d4de6a1a6,M400-01-baseline-awake,growing_clean
/Users/zcm361/Documents/Github/OxygenDynamicsV2/reference-validation/surge-shape-evidence-20260909/M400-01-baseline-awake/growing_clean,sink,49,2,185,406,412,409,412,635,20,15,0,5,0,NaN,NaN,insufficient_clean_prebaseline,insufficient_clean_prebaseline,NaN,NaN,NaN,1,0,KnownSignal,e6810e9aaf07891bb2e08fb41c53dc9d58289131b8596768fa189b0d4de6a1a6,M400-01-baseline-awake,growing_clean
/Users/zcm361/Documents/Github/OxygenDynamicsV2/reference-validation/surge-shape-evidence-20260909/M400-01-baseline-awake/growing_clean,sink,49,3,186,417,419,417,419,1457,20,11,0,9,0,NaN,NaN,insufficient_clean_prebaseline,insufficient_clean_prebaseline,NaN,NaN,NaN,1,0,KnownSignal,e6810e9aaf07891bb2e08fb41c53dc9d58289131b8596768fa189b0d4de6a1a6,M400-01-baseline-awake,growing_clean
/Users/zcm361/Documents/Github/OxygenDynamicsV2/reference-validation/surge-shape-evidence-20260909/M400-01-baseline-awake/growing_clean,sink,49,4,187,421,428,421,428,1784,20,11,0,9,0,NaN,NaN,insufficient_clean_prebaseline,insufficient_clean_prebaseline,NaN,NaN,NaN,1,0,KnownSignal,e6810e9aaf07891bb2e08fb41c53dc9d58289131b8596768fa189b0d4de6a1a6,M400-01-baseline-awake,growing_clean
/Users/zcm361/Documents/Github/OxygenDynamicsV2/reference-validation/surge-shape-evidence-20260909/M400-01-baseline-awake/growing_clean,sink,49,5,188,431,436,431,436,564,20,8,0,12,0,NaN,NaN,insufficient_clean_prebaseline,insufficient_clean_prebaseline,NaN,NaN,NaN,1,0,KnownSignal,e6810e9aaf07891bb2e08fb41c53dc9d58289131b8596768fa189b0d4de6a1a6,M400-01-baseline-awake,growing_clean
/Users/zcm361/Documents/Github/OxygenDynamicsV2/reference-validation/surge-shape-evidence-20260909/M400-01-baseline-awake/growing_clean,sink,50,1,189,394,409,404,406,178,20,20,0,0,0,101.651966292135,101.651966292135,valid,valid,0.108104597920311,0.108104597920311,0,1,0,KnownSignal,e6810e9aaf07891bb2e08fb41c53dc9d58289131b8596768fa189b0d4de6a1a6,M400-01-baseline-awake,growing_clean
/Users/zcm361/Documents/Github/OxygenDynamicsV2/reference-validation/surge-shape-evidence-20260909/M400-01-baseline-awake/growing_clean,sink,51,1,190,404,417,411,413,356,20,20,0,0,0,100.444662921348,100.444662921348,valid,valid,0.117883120841875,0.117883120841875,0,1,0,KnownSignal,e6810e9aaf07891bb2e08fb41c53dc9d58289131b8596768fa189b0d4de6a1a6,M400-01-baseline-awake,growing_clean
/Users/zcm361/Documents/Github/OxygenDynamicsV2/reference-validation/surge-shape-evidence-20260909/M400-01-baseline-awake/growing_clean,sink,52,1,191,454,468,456,458,232,20,16,0,4,0,NaN,NaN,insufficient_clean_prebaseline,insufficient_clean_prebaseline,NaN,NaN,NaN,1,0,KnownSignal,e6810e9aaf07891bb2e08fb41c53dc9d58289131b8596768fa189b0d4de6a1a6,M400-01-baseline-awake,growing_clean
/Users/zcm361/Documents/Github/OxygenDynamicsV2/reference-validation/surge-shape-evidence-20260909/M400-01-baseline-awake/growing_clean,sink,53,1,192,467,472,468,470,327,20,20,0,0,0,131.179357798165,131.179357798165,valid,valid,0.0724001151631924,0.0724001151631924,0,1,0,KnownSignal,e6810e9aaf07891bb2e08fb41c53dc9d58289131b8596768fa189b0d4de6a1a6,M400-01-baseline-awake,growing_clean
/Users/zcm361/Documents/Github/OxygenDynamicsV2/reference-validation/surge-shape-evidence-20260909/M400-01-baseline-awake/growing_clean,sink,54,1,193,486,499,488,490,208,20,20,0,0,0,108.376442307692,108.376442307692,valid,valid,0.100446715729983,0.100446715729983,0,1,0,KnownSignal,e6810e9aaf07891bb2e08fb41c53dc9d58289131b8596768fa189b0d4de6a1a6,M400-01-baseline-awake,growing_clean
/Users/zcm361/Documents/Github/OxygenDynamicsV2/reference-validation/surge-shape-evidence-20260909/M400-01-baseline-awake/growing_clean,sink,55,1,194,512,527,512,527,724,20,20,0,0,0,85.4096685082873,85.4096685082873,valid,valid,0.102829068868599,0.102829068868599,0,1,0,KnownSignal,e6810e9aaf07891bb2e08fb41c53dc9d58289131b8596768fa189b0d4de6a1a6,M400-01-baseline-awake,growing_clean
/Users/zcm361/Documents/Github/OxygenDynamicsV2/reference-validation/surge-shape-evidence-20260909/M400-01-baseline-awake/growing_clean,sink,55,2,195,530,547,530,547,772,20,4,0,16,0,NaN,NaN,insufficient_clean_prebaseline,insufficient_clean_prebaseline,NaN,NaN,NaN,1,0,KnownSignal,e6810e9aaf07891bb2e08fb41c53dc9d58289131b8596768fa189b0d4de6a1a6,M400-01-baseline-awake,growing_clean
/Users/zcm361/Documents/Github/OxygenDynamicsV2/reference-validation/surge-shape-evidence-20260909/M400-01-baseline-awake/growing_clean,sink,55,3,196,549,567,549,567,1048,20,2,0,18,0,NaN,NaN,insufficient_clean_prebaseline,insufficient_clean_prebaseline,NaN,NaN,NaN,1,0,KnownSignal,e6810e9aaf07891bb2e08fb41c53dc9d58289131b8596768fa189b0d4de6a1a6,M400-01-baseline-awake,growing_clean
/Users/zcm361/Documents/Github/OxygenDynamicsV2/reference-validation/surge-shape-evidence-20260909/M400-01-baseline-awake/growing_clean,surge,1,1,1,3,14,3,14,1678,20,2,1,0,0,NaN,NaN,insufficient_clean_prebaseline,insufficient_clean_prebaseline,NaN,NaN,NaN,1,0,KnownSignal,e6810e9aaf07891bb2e08fb41c53dc9d58289131b8596768fa189b0d4de6a1a6,M400-01-baseline-awake,growing_clean
/Users/zcm361/Documents/Github/OxygenDynamicsV2/reference-validation/surge-shape-evidence-20260909/M400-01-baseline-awake/growing_clean,surge,2,1,2,7,18,7,18,1555,20,6,1,0,0,NaN,NaN,insufficient_clean_prebaseline,insufficient_clean_prebaseline,NaN,NaN,NaN,1,0,KnownSignal,e6810e9aaf07891bb2e08fb41c53dc9d58289131b8596768fa189b0d4de6a1a6,M400-01-baseline-awake,growing_clean
/Users/zcm361/Documents/Github/OxygenDynamicsV2/reference-validation/surge-shape-evidence-20260909/M400-01-baseline-awake/growing_clean,surge,3,1,3,27,36,27,36,1297,20,20,0,0,0,125.010948342328,125.010948342328,valid,valid,0.00879984605820161,0.00879984605820161,0,1,0,KnownSignal,e6810e9aaf07891bb2e08fb41c53dc9d58289131b8596768fa189b0d4de6a1a6,M400-01-baseline-awake,growing_clean
/Users/zcm361/Documents/Github/OxygenDynamicsV2/reference-validation/surge-shape-evidence-20260909/M400-01-baseline-awake/growing_clean,surge,4,1,4,55,71,55,71,4654,20,4,0,16,0,NaN,NaN,insufficient_clean_prebaseline,insufficient_clean_prebaseline,NaN,NaN,NaN,1,0,KnownSignal,e6810e9aaf07891bb2e08fb41c53dc9d58289131b8596768fa189b0d4de6a1a6,M400-01-baseline-awake,growing_clean
/Users/zcm361/Documents/Github/OxygenDynamicsV2/reference-validation/surge-shape-evidence-20260909/M400-01-baseline-awake/growing_clean,surge,5,1,5,58,67,58,67,4745,20,18,0,2,0,NaN,NaN,insufficient_clean_prebaseline,insufficient_clean_prebaseline,NaN,NaN,NaN,1,0,KnownSignal,e6810e9aaf07891bb2e08fb41c53dc9d58289131b8596768fa189b0d4de6a1a6,M400-01-baseline-awake,growing_clean
/Users/zcm361/Documents/Github/OxygenDynamicsV2/reference-validation/surge-shape-evidence-20260909/M400-01-baseline-awake/growing_clean,surge,6,1,6,59,74,59,74,1994,20,20,0,0,0,52.741850551655,52.741850551655,valid,valid,0.0618895140835196,0.0618895140835196,0,1,0,KnownSignal,e6810e9aaf07891bb2e08fb41c53dc9d58289131b8596768fa189b0d4de6a1a6,M400-01-baseline-awake,growing_clean
/Users/zcm361/Documents/Github/OxygenDynamicsV2/reference-validation/surge-shape-evidence-20260909/M400-01-baseline-awake/growing_clean,surge,7,1,7,65,83,65,83,10484,20,17,0,3,0,NaN,NaN,insufficient_clean_prebaseline,insufficient_clean_prebaseline,NaN,NaN,NaN,1,0,KnownSignal,e6810e9aaf07891bb2e08fb41c53dc9d58289131b8596768fa189b0d4de6a1a6,M400-01-baseline-awake,growing_clean
/Users/zcm361/Documents/Github/OxygenDynamicsV2/reference-validation/surge-shape-evidence-20260909/M400-01-baseline-awake/growing_clean,surge,7,2,8,210,219,210,219,9532,20,7,0,13,0,NaN,NaN,insufficient_clean_prebaseline,insufficient_clean_prebaseline,NaN,NaN,NaN,1,0,KnownSignal,e6810e9aaf07891bb2e08fb41c53dc9d58289131b8596768fa189b0d4de6a1a6,M400-01-baseline-awake,growing_clean
/Users/zcm361/Documents/Github/OxygenDynamicsV2/reference-validation/surge-shape-evidence-20260909/M400-01-baseline-awake/growing_clean,surge,8,1,9,66,76,66,76,6992,20,20,0,0,0,76.7339816933638,76.7339816933638,valid,valid,0.0290611417196623,0.0290611417196623,0,1,0,KnownSignal,e6810e9aaf07891bb2e08fb41c53dc9d58289131b8596768fa189b0d4de6a1a6,M400-01-baseline-awake,growing_clean
/Users/zcm361/Documents/Github/OxygenDynamicsV2/reference-validation/surge-shape-evidence-20260909/M400-01-baseline-awake/growing_clean,surge,9,1,10,77,87,77,87,20409,20,0,0,20,0,NaN,NaN,insufficient_clean_prebaseline,insufficient_clean_prebaseline,NaN,NaN,NaN,1,0,KnownSignal,e6810e9aaf07891bb2e08fb41c53dc9d58289131b8596768fa189b0d4de6a1a6,M400-01-baseline-awake,growing_clean
/Users/zcm361/Documents/Github/OxygenDynamicsV2/reference-validation/surge-shape-evidence-20260909/M400-01-baseline-awake/growing_clean,surge,10,1,11,106,115,106,115,2824,20,20,0,0,0,92.6277266288952,92.6277266288952,valid,valid,0.0224722236770528,0.0224722236770528,0,1,0,KnownSignal,e6810e9aaf07891bb2e08fb41c53dc9d58289131b8596768fa189b0d4de6a1a6,M400-01-baseline-awake,growing_clean
/Users/zcm361/Documents/Github/OxygenDynamicsV2/reference-validation/surge-shape-evidence-20260909/M400-01-baseline-awake/growing_clean,surge,11,1,12,106,115,106,115,7461,20,4,0,16,0,NaN,NaN,insufficient_clean_prebaseline,insufficient_clean_prebaseline,NaN,NaN,NaN,1,0,KnownSignal,e6810e9aaf07891bb2e08fb41c53dc9d58289131b8596768fa189b0d4de6a1a6,M400-01-baseline-awake,growing_clean
/Users/zcm361/Documents/Github/OxygenDynamicsV2/reference-validation/surge-shape-evidence-20260909/M400-01-baseline-awake/growing_clean,surge,11,2,13,127,145,127,145,6900,20,9,0,11,0,NaN,NaN,insufficient_clean_prebaseline,insufficient_clean_prebaseline,NaN,NaN,NaN,1,0,KnownSignal,e6810e9aaf07891bb2e08fb41c53dc9d58289131b8596768fa189b0d4de6a1a6,M400-01-baseline-awake,growing_clean
/Users/zcm361/Documents/Github/OxygenDynamicsV2/reference-validation/surge-shape-evidence-20260909/M400-01-baseline-awake/growing_clean,surge,12,1,14,127,152,127,152,7882,20,19,0,1,0,NaN,NaN,insufficient_clean_prebaseline,insufficient_clean_prebaseline,NaN,NaN,NaN,1,0,KnownSignal,e6810e9aaf07891bb2e08fb41c53dc9d58289131b8596768fa189b0d4de6a1a6,M400-01-baseline-awake,growing_clean
/Users/zcm361/Documents/Github/OxygenDynamicsV2/reference-validation/surge-shape-evidence-20260909/M400-01-baseline-awake/growing_clean,surge,13,1,15,133,145,133,145,1991,20,14,0,6,0,NaN,NaN,insufficient_clean_prebaseline,insufficient_clean_prebaseline,NaN,NaN,NaN,1,0,KnownSignal,e6810e9aaf07891bb2e08fb41c53dc9d58289131b8596768fa189b0d4de6a1a6,M400-01-baseline-awake,growing_clean
/Users/zcm361/Documents/Github/OxygenDynamicsV2/reference-validation/surge-shape-evidence-20260909/M400-01-baseline-awake/growing_clean,surge,14,1,16,141,156,141,156,3602,20,20,0,0,0,120.357967795669,120.357967795669,valid,valid,0.0167222799653264,0.0167222799653264,0,1,0,KnownSignal,e6810e9aaf07891bb2e08fb41c53dc9d58289131b8596768fa189b0d4de6a1a6,M400-01-baseline-awake,growing_clean
/Users/zcm361/Documents/Github/OxygenDynamicsV2/reference-validation/surge-shape-evidence-20260909/M400-01-baseline-awake/growing_clean,surge,15,1,17,144,155,144,155,3982,20,18,0,2,0,NaN,NaN,insufficient_clean_prebaseline,insufficient_clean_prebaseline,NaN,NaN,NaN,1,0,KnownSignal,e6810e9aaf07891bb2e08fb41c53dc9d58289131b8596768fa189b0d4de6a1a6,M400-01-baseline-awake,growing_clean
/Users/zcm361/Documents/Github/OxygenDynamicsV2/reference-validation/surge-shape-evidence-20260909/M400-01-baseline-awake/growing_clean,surge,16,1,18,156,169,156,169,2872,20,8,0,12,0,NaN,NaN,insufficient_clean_prebaseline,insufficient_clean_prebaseline,NaN,NaN,NaN,1,0,KnownSignal,e6810e9aaf07891bb2e08fb41c53dc9d58289131b8596768fa189b0d4de6a1a6,M400-01-baseline-awake,growing_clean
/Users/zcm361/Documents/Github/OxygenDynamicsV2/reference-validation/surge-shape-evidence-20260909/M400-01-baseline-awake/growing_clean,surge,16,2,19,363,388,363,388,3177,20,20,0,0,0,100.069641170916,100.069641170916,valid,valid,0.0459319721471902,0.0459319721471902,0,1,0,KnownSignal,e6810e9aaf07891bb2e08fb41c53dc9d58289131b8596768fa189b0d4de6a1a6,M400-01-baseline-awake,growing_clean
/Users/zcm361/Documents/Github/OxygenDynamicsV2/reference-validation/surge-shape-evidence-20260909/M400-01-baseline-awake/growing_clean,surge,17,1,20,158,187,158,187,2383,20,9,0,11,0,NaN,NaN,insufficient_clean_prebaseline,insufficient_clean_prebaseline,NaN,NaN,NaN,1,0,KnownSignal,e6810e9aaf07891bb2e08fb41c53dc9d58289131b8596768fa189b0d4de6a1a6,M400-01-baseline-awake,growing_clean
/Users/zcm361/Documents/Github/OxygenDynamicsV2/reference-validation/surge-shape-evidence-20260909/M400-01-baseline-awake/growing_clean,surge,17,2,21,189,210,189,210,2706,20,1,0,19,0,NaN,NaN,insufficient_clean_prebaseline,insufficient_clean_prebaseline,NaN,NaN,NaN,1,0,KnownSignal,e6810e9aaf07891bb2e08fb41c53dc9d58289131b8596768fa189b0d4de6a1a6,M400-01-baseline-awake,growing_clean
/Users/zcm361/Documents/Github/OxygenDynamicsV2/reference-validation/surge-shape-evidence-20260909/M400-01-baseline-awake/growing_clean,surge,17,3,22,227,240,227,240,2298,20,16,0,4,0,NaN,NaN,insufficient_clean_prebaseline,insufficient_clean_prebaseline,NaN,NaN,NaN,1,0,KnownSignal,e6810e9aaf07891bb2e08fb41c53dc9d58289131b8596768fa189b0d4de6a1a6,M400-01-baseline-awake,growing_clean
/Users/zcm361/Documents/Github/OxygenDynamicsV2/reference-validation/surge-shape-evidence-20260909/M400-01-baseline-awake/growing_clean,surge,18,1,23,161,179,161,179,1888,20,8,0,12,0,NaN,NaN,insufficient_clean_prebaseline,insufficient_clean_prebaseline,NaN,NaN,NaN,1,0,KnownSignal,e6810e9aaf07891bb2e08fb41c53dc9d58289131b8596768fa189b0d4de6a1a6,M400-01-baseline-awake,growing_clean
/Users/zcm361/Documents/Github/OxygenDynamicsV2/reference-validation/surge-shape-evidence-20260909/M400-01-baseline-awake/growing_clean,surge,19,1,24,169,186,169,186,3072,20,17,0,3,0,NaN,NaN,insufficient_clean_prebaseline,insufficient_clean_prebaseline,NaN,NaN,NaN,1,0,KnownSignal,e6810e9aaf07891bb2e08fb41c53dc9d58289131b8596768fa189b0d4de6a1a6,M400-01-baseline-awake,growing_clean
/Users/zcm361/Documents/Github/OxygenDynamicsV2/reference-validation/surge-shape-evidence-20260909/M400-01-baseline-awake/growing_clean,surge,19,2,25,197,206,197,206,3045,20,5,0,15,0,NaN,NaN,insufficient_clean_prebaseline,insufficient_clean_prebaseline,NaN,NaN,NaN,1,0,KnownSignal,e6810e9aaf07891bb2e08fb41c53dc9d58289131b8596768fa189b0d4de6a1a6,M400-01-baseline-awake,growing_clean
/Users/zcm361/Documents/Github/OxygenDynamicsV2/reference-validation/surge-shape-evidence-20260909/M400-01-baseline-awake/growing_clean,surge,19,3,26,324,334,324,334,3463,20,20,0,0,0,104.686139185677,104.686139185677,valid,valid,0.0374478557662154,0.0374478557662154,0,1,0,KnownSignal,e6810e9aaf07891bb2e08fb41c53dc9d58289131b8596768fa189b0d4de6a1a6,M400-01-baseline-awake,growing_clean
/Users/zcm361/Documents/Github/OxygenDynamicsV2/reference-validation/surge-shape-evidence-20260909/M400-01-baseline-awake/growing_clean,surge,19,4,27,534,543,534,543,3517,20,2,0,18,0,NaN,NaN,insufficient_clean_prebaseline,insufficient_clean_prebaseline,NaN,NaN,NaN,1,0,KnownSignal,e6810e9aaf07891bb2e08fb41c53dc9d58289131b8596768fa189b0d4de6a1a6,M400-01-baseline-awake,growing_clean
/Users/zcm361/Documents/Github/OxygenDynamicsV2/reference-validation/surge-shape-evidence-20260909/M400-01-baseline-awake/growing_clean,surge,20,1,28,174,185,174,185,1022,20,20,0,0,0,40.5243639921722,40.5243639921722,valid,valid,0.126692888480028,0.126692888480028,0,1,0,KnownSignal,e6810e9aaf07891bb2e08fb41c53dc9d58289131b8596768fa189b0d4de6a1a6,M400-01-baseline-awake,growing_clean
/Users/zcm361/Documents/Github/OxygenDynamicsV2/reference-validation/surge-shape-evidence-20260909/M400-01-baseline-awake/growing_clean,surge,20,2,29,446,456,446,456,1138,20,20,0,0,0,41.6981985940246,41.6981985940246,valid,valid,0.101184235620636,0.101184235620636,0,1,0,KnownSignal,e6810e9aaf07891bb2e08fb41c53dc9d58289131b8596768fa189b0d4de6a1a6,M400-01-baseline-awake,growing_clean
/Users/zcm361/Documents/Github/OxygenDynamicsV2/reference-validation/surge-shape-evidence-20260909/M400-01-baseline-awake/growing_clean,surge,21,1,30,196,206,196,206,2389,20,20,0,0,0,66.7856215989954,66.7856215989954,valid,valid,0.0573180901261261,0.0573180901261261,0,1,0,KnownSignal,e6810e9aaf07891bb2e08fb41c53dc9d58289131b8596768fa189b0d4de6a1a6,M400-01-baseline-awake,growing_clean
/Users/zcm361/Documents/Github/OxygenDynamicsV2/reference-validation/surge-shape-evidence-20260909/M400-01-baseline-awake/growing_clean,surge,22,1,31,209,219,209,219,4731,20,20,0,0,0,110.54504333122,110.54504333122,valid,valid,0.0576482929073408,0.0576482929073408,0,1,0,KnownSignal,e6810e9aaf07891bb2e08fb41c53dc9d58289131b8596768fa189b0d4de6a1a6,M400-01-baseline-awake,growing_clean
/Users/zcm361/Documents/Github/OxygenDynamicsV2/reference-validation/surge-shape-evidence-20260909/M400-01-baseline-awake/growing_clean,surge,23,1,32,241,251,241,251,3278,20,20,0,0,0,101.136668700427,101.136668700427,valid,valid,0.0367361835874108,0.0367361835874108,0,1,0,KnownSignal,e6810e9aaf07891bb2e08fb41c53dc9d58289131b8596768fa189b0d4de6a1a6,M400-01-baseline-awake,growing_clean
/Users/zcm361/Documents/Github/OxygenDynamicsV2/reference-validation/surge-shape-evidence-20260909/M400-01-baseline-awake/growing_clean,surge,24,1,33,241,254,241,254,2254,20,20,0,0,0,89.2307009760426,89.2307009760426,valid,valid,0.0562483219474357,0.0562483219474357,0,1,0,KnownSignal,e6810e9aaf07891bb2e08fb41c53dc9d58289131b8596768fa189b0d4de6a1a6,M400-01-baseline-awake,growing_clean
/Users/zcm361/Documents/Github/OxygenDynamicsV2/reference-validation/surge-shape-evidence-20260909/M400-01-baseline-awake/growing_clean,surge,25,1,34,241,252,241,252,3164,20,20,0,0,0,75.1311788874842,75.1311788874842,valid,valid,0.0475146609354352,0.0475146609354352,0,1,0,KnownSignal,e6810e9aaf07891bb2e08fb41c53dc9d58289131b8596768fa189b0d4de6a1a6,M400-01-baseline-awake,growing_clean
/Users/zcm361/Documents/Github/OxygenDynamicsV2/reference-validation/surge-shape-evidence-20260909/M400-01-baseline-awake/growing_clean,surge,26,1,35,242,253,242,253,3292,20,20,0,0,0,104.819152490887,104.819152490887,valid,valid,0.0275436791337505,0.0275436791337505,0,1,0,KnownSignal,e6810e9aaf07891bb2e08fb41c53dc9d58289131b8596768fa189b0d4de6a1a6,M400-01-baseline-awake,growing_clean
/Users/zcm361/Documents/Github/OxygenDynamicsV2/reference-validation/surge-shape-evidence-20260909/M400-01-baseline-awake/growing_clean,surge,27,1,36,243,253,243,253,2225,20,20,0,0,0,67.6301573033708,67.6301573033708,valid,valid,0.0951633172090635,0.0951633172090635,0,1,0,KnownSignal,e6810e9aaf07891bb2e08fb41c53dc9d58289131b8596768fa189b0d4de6a1a6,M400-01-baseline-awake,growing_clean
/Users/zcm361/Documents/Github/OxygenDynamicsV2/reference-validation/surge-shape-evidence-20260909/M400-01-baseline-awake/growing_clean,surge,27,2,37,331,347,331,347,2607,20,20,0,0,0,73.134944380514,73.134944380514,valid,valid,0.0583029306188727,0.0583029306188727,0,1,0,KnownSignal,e6810e9aaf07891bb2e08fb41c53dc9d58289131b8596768fa189b0d4de6a1a6,M400-01-baseline-awake,growing_clean
/Users/zcm361/Documents/Github/OxygenDynamicsV2/reference-validation/surge-shape-evidence-20260909/M400-01-baseline-awake/growing_clean,surge,28,1,38,245,254,245,254,2685,20,17,0,3,0,NaN,NaN,insufficient_clean_prebaseline,insufficient_clean_prebaseline,NaN,NaN,NaN,1,0,KnownSignal,e6810e9aaf07891bb2e08fb41c53dc9d58289131b8596768fa189b0d4de6a1a6,M400-01-baseline-awake,growing_clean
/Users/zcm361/Documents/Github/OxygenDynamicsV2/reference-validation/surge-shape-evidence-20260909/M400-01-baseline-awake/growing_clean,surge,29,1,39,284,294,284,294,4255,20,6,0,14,0,NaN,NaN,insufficient_clean_prebaseline,insufficient_clean_prebaseline,NaN,NaN,NaN,1,0,KnownSignal,e6810e9aaf07891bb2e08fb41c53dc9d58289131b8596768fa189b0d4de6a1a6,M400-01-baseline-awake,growing_clean
/Users/zcm361/Documents/Github/OxygenDynamicsV2/reference-validation/surge-shape-evidence-20260909/M400-01-baseline-awake/growing_clean,surge,30,1,40,301,310,301,310,1881,20,20,0,0,0,86.3178096757044,86.3178096757044,valid,valid,0.0306176623114266,0.0306176623114266,0,1,0,KnownSignal,e6810e9aaf07891bb2e08fb41c53dc9d58289131b8596768fa189b0d4de6a1a6,M400-01-baseline-awake,growing_clean
/Users/zcm361/Documents/Github/OxygenDynamicsV2/reference-validation/surge-shape-evidence-20260909/M400-01-baseline-awake/growing_clean,surge,31,1,41,320,332,320,332,1496,20,20,0,0,0,91.6512366310161,91.6512366310161,valid,valid,0.0380916087601034,0.0380916087601034,0,1,0,KnownSignal,e6810e9aaf07891bb2e08fb41c53dc9d58289131b8596768fa189b0d4de6a1a6,M400-01-baseline-awake,growing_clean
/Users/zcm361/Documents/Github/OxygenDynamicsV2/reference-validation/surge-shape-evidence-20260909/M400-01-baseline-awake/growing_clean,surge,32,1,42,325,338,325,338,2026,20,20,0,0,0,122.423766041461,122.423766041461,valid,valid,0.0410209548783405,0.0410209548783405,0,1,0,KnownSignal,e6810e9aaf07891bb2e08fb41c53dc9d58289131b8596768fa189b0d4de6a1a6,M400-01-baseline-awake,growing_clean
/Users/zcm361/Documents/Github/OxygenDynamicsV2/reference-validation/surge-shape-evidence-20260909/M400-01-baseline-awake/growing_clean,surge,33,1,43,382,393,382,393,1732,20,19,0,1,0,NaN,NaN,insufficient_clean_prebaseline,insufficient_clean_prebaseline,NaN,NaN,NaN,1,0,KnownSignal,e6810e9aaf07891bb2e08fb41c53dc9d58289131b8596768fa189b0d4de6a1a6,M400-01-baseline-awake,growing_clean
/Users/zcm361/Documents/Github/OxygenDynamicsV2/reference-validation/surge-shape-evidence-20260909/M400-01-baseline-awake/growing_clean,surge,34,1,44,390,400,390,400,2536,20,20,0,0,0,93.7270899053628,93.7270899053628,valid,valid,0.0222813650780695,0.0222813650780695,0,1,0,KnownSignal,e6810e9aaf07891bb2e08fb41c53dc9d58289131b8596768fa189b0d4de6a1a6,M400-01-baseline-awake,growing_clean
/Users/zcm361/Documents/Github/OxygenDynamicsV2/reference-validation/surge-shape-evidence-20260909/M400-01-baseline-awake/growing_clean,surge,35,1,45,415,430,415,430,1726,20,20,0,0,0,114.691222479722,114.691222479722,valid,valid,0.036229828642122,0.036229828642122,0,1,0,KnownSignal,e6810e9aaf07891bb2e08fb41c53dc9d58289131b8596768fa189b0d4de6a1a6,M400-01-baseline-awake,growing_clean
/Users/zcm361/Documents/Github/OxygenDynamicsV2/reference-validation/surge-shape-evidence-20260909/M400-01-baseline-awake/growing_clean,surge,36,1,46,432,459,432,459,7444,20,4,0,16,0,NaN,NaN,insufficient_clean_prebaseline,insufficient_clean_prebaseline,NaN,NaN,NaN,1,0,KnownSignal,e6810e9aaf07891bb2e08fb41c53dc9d58289131b8596768fa189b0d4de6a1a6,M400-01-baseline-awake,growing_clean
/Users/zcm361/Documents/Github/OxygenDynamicsV2/reference-validation/surge-shape-evidence-20260909/M400-01-baseline-awake/growing_clean,surge,37,1,47,468,478,468,478,1623,20,20,0,0,0,81.3199938385706,81.3199938385706,valid,valid,0.0222654771641813,0.0222654771641813,0,1,0,KnownSignal,e6810e9aaf07891bb2e08fb41c53dc9d58289131b8596768fa189b0d4de6a1a6,M400-01-baseline-awake,growing_clean
/Users/zcm361/Documents/Github/OxygenDynamicsV2/reference-validation/surge-shape-evidence-20260909/M400-01-baseline-awake/growing_clean,surge,38,1,48,535,544,535,544,4349,20,20,0,0,0,80.7997930558749,80.7997930558749,valid,valid,0.0391370703842336,0.0391370703842336,0,1,0,KnownSignal,e6810e9aaf07891bb2e08fb41c53dc9d58289131b8596768fa189b0d4de6a1a6,M400-01-baseline-awake,growing_clean
/Users/zcm361/Documents/Github/OxygenDynamicsV2/reference-validation/surge-shape-evidence-20260909/M400-01-baseline-awake/growing_clean,surge,39,1,49,559,569,559,569,1612,20,20,0,0,0,102.986042183623,102.986042183623,valid,valid,0.0371144515355681,0.0371144515355681,0,1,0,KnownSignal,e6810e9aaf07891bb2e08fb41c53dc9d58289131b8596768fa189b0d4de6a1a6,M400-01-baseline-awake,growing_clean
/Users/zcm361/Documents/Github/OxygenDynamicsV2/reference-validation/surge-shape-evidence-20260909/M400-01-baseline-awake/growing_clean,surge,40,1,50,580,600,580,600,2616,20,12,0,8,0,NaN,NaN,insufficient_clean_prebaseline,insufficient_clean_prebaseline,NaN,NaN,NaN,1,0,KnownSignal,e6810e9aaf07891bb2e08fb41c53dc9d58289131b8596768fa189b0d4de6a1a6,M400-01-baseline-awake,growing_clean
/Users/zcm361/Documents/Github/OxygenDynamicsV2/reference-validation/surge-shape-evidence-20260909/M400-01-baseline-awake/growing_clean,surge,41,1,51,590,600,590,600,1407,20,20,0,0,0,99.7588130774698,99.7588130774698,valid,valid,0.00598707686235423,0.00598707686235423,0,1,0,KnownSignal,e6810e9aaf07891bb2e08fb41c53dc9d58289131b8596768fa189b0d4de6a1a6,M400-01-baseline-awake,growing_clean
/Users/zcm361/Documents/Github/OxygenDynamicsV2/reference-validation/surge-shape-evidence-20260909/M400-01-baseline-awake/shrinking_clean,sink,1,1,1,5,8,5,8,417,20,4,1,0,0,NaN,NaN,insufficient_clean_prebaseline,insufficient_clean_prebaseline,NaN,NaN,NaN,1,0,KnownSignal,db53f28e0f9ff3f5a9fe1405bd19c41fa3e86587bdbad9c70c4836be293c9ce2,M400-01-baseline-awake,shrinking_clean
/Users/zcm361/Documents/Github/OxygenDynamicsV2/reference-validation/surge-shape-evidence-20260909/M400-01-baseline-awake/shrinking_clean,sink,1,2,2,431,457,436,440,1072,20,20,0,0,0,90.9944962686567,90.9944962686567,valid,valid,0.0526120470218696,0.0526120470218696,0,1,0,KnownSignal,db53f28e0f9ff3f5a9fe1405bd19c41fa3e86587bdbad9c70c4836be293c9ce2,M400-01-baseline-awake,shrinking_clean
/Users/zcm361/Documents/Github/OxygenDynamicsV2/reference-validation/surge-shape-evidence-20260909/M400-01-baseline-awake/shrinking_clean,sink,1,3,3,578,580,578,580,616,20,20,0,0,0,90.1636363636364,90.1636363636364,valid,valid,0.0876076685967792,0.0876076685967792,0,1,0,KnownSignal,db53f28e0f9ff3f5a9fe1405bd19c41fa3e86587bdbad9c70c4836be293c9ce2,M400-01-baseline-awake,shrinking_clean
/Users/zcm361/Documents/Github/OxygenDynamicsV2/reference-validation/surge-shape-evidence-20260909/M400-01-baseline-awake/shrinking_clean,sink,1,4,4,582,600,582,600,858,20,17,0,3,0,NaN,NaN,insufficient_clean_prebaseline,insufficient_clean_prebaseline,NaN,NaN,NaN,1,0,KnownSignal,db53f28e0f9ff3f5a9fe1405bd19c41fa3e86587bdbad9c70c4836be293c9ce2,M400-01-baseline-awake,shrinking_clean
/Users/zcm361/Documents/Github/OxygenDynamicsV2/reference-validation/surge-shape-evidence-20260909/M400-01-baseline-awake/shrinking_clean,sink,2,1,5,2,8,2,8,776,20,1,1,0,0,NaN,NaN,insufficient_clean_prebaseline,insufficient_clean_prebaseline,NaN,NaN,NaN,1,0,KnownSignal,db53f28e0f9ff3f5a9fe1405bd19c41fa3e86587bdbad9c70c4836be293c9ce2,M400-01-baseline-awake,shrinking_clean
/Users/zcm361/Documents/Github/OxygenDynamicsV2/reference-validation/surge-shape-evidence-20260909/M400-01-baseline-awake/shrinking_clean,sink,2,2,6,31,44,35,39,227,20,20,0,0,0,95.2420704845815,95.2420704845815,valid,valid,0.0550394427369165,0.0550394427369165,0,1,0,KnownSignal,db53f28e0f9ff3f5a9fe1405bd19c41fa3e86587bdbad9c70c4836be293c9ce2,M400-01-baseline-awake,shrinking_clean
/Users/zcm361/Documents/Github/OxygenDynamicsV2/reference-validation/surge-shape-evidence-20260909/M400-01-baseline-awake/shrinking_clean,sink,2,3,7,277,291,287,289,313,20,20,0,0,0,100.866773162939,100.866773162939,valid,valid,0.0746025662547947,0.0746025662547947,0,1,0,KnownSignal,db53f28e0f9ff3f5a9fe1405bd19c41fa3e86587bdbad9c70c4836be293c9ce2,M400-01-baseline-awake,shrinking_clean
/Users/zcm361/Documents/Github/OxygenDynamicsV2/reference-validation/surge-shape-evidence-20260909/M400-01-baseline-awake/shrinking_clean,sink,3,1,8,4,17,4,16,633,20,3,1,0,0,NaN,NaN,insufficient_clean_prebaseline,insufficient_clean_prebaseline,NaN,NaN,NaN,1,0,KnownSignal,db53f28e0f9ff3f5a9fe1405bd19c41fa3e86587bdbad9c70c4836be293c9ce2,M400-01-baseline-awake,shrinking_clean
/Users/zcm361/Documents/Github/OxygenDynamicsV2/reference-validation/surge-shape-evidence-20260909/M400-01-baseline-awake/shrinking_clean,sink,3,2,9,242,257,244,256,828,20,20,0,0,0,96.8833333333333,96.8833333333333,valid,valid,0.059554172681421,0.059554172681421,0,1,0,KnownSignal,db53f28e0f9ff3f5a9fe1405bd19c41fa3e86587bdbad9c70c4836be293c9ce2,M400-01-baseline-awake,shrinking_clean
/Users/zcm361/Documents/Github/OxygenDynamicsV2/reference-validation/surge-shape-evidence-20260909/M400-01-baseline-awake/shrinking_clean,sink,3,3,10,456,461,457,461,457,20,20,0,0,0,99.4118161925602,99.4118161925602,valid,valid,0.111909876912782,0.111909876912782,0,1,0,KnownSignal,db53f28e0f9ff3f5a9fe1405bd19c41fa3e86587bdbad9c70c4836be293c9ce2,M400-01-baseline-awake,shrinking_clean
/Users/zcm361/Documents/Github/OxygenDynamicsV2/reference-validation/surge-shape-evidence-20260909/M400-01-baseline-awake/shrinking_clean,sink,4,1,11,5,15,5,15,788,20,4,1,0,0,NaN,NaN,insufficient_clean_prebaseline,insufficient_clean_prebaseline,NaN,NaN,NaN,1,0,KnownSignal,db53f28e0f9ff3f5a9fe1405bd19c41fa3e86587bdbad9c70c4836be293c9ce2,M400-01-baseline-awake,shrinking_clean
/Users/zcm361/Documents/Github/OxygenDynamicsV2/reference-validation/surge-shape-evidence-20260909/M400-01-baseline-awake/shrinking_clean,sink,4,2,12,17,53,18,46,3330,20,5,1,11,0,NaN,NaN,insufficient_clean_prebaseline,insufficient_clean_prebaseline,NaN,NaN,NaN,1,0,KnownSignal,db53f28e0f9ff3f5a9fe1405bd19c41fa3e86587bdbad9c70c4836be293c9ce2,M400-01-baseline-awake,shrinking_clean
/Users/zcm361/Documents/Github/OxygenDynamicsV2/reference-validation/surge-shape-evidence-20260909/M400-01-baseline-awake/shrinking_clean,sink,4,3,13,209,214,209,214,469,20,20,0,0,0,132.519189765458,132.519189765458,valid,valid,0.080874958770102,0.080874958770102,0,1,0,KnownSignal,db53f28e0f9ff3f5a9fe1405bd19c41fa3e86587bdbad9c70c4836be293c9ce2,M400-01-baseline-awake,shrinking_clean
/Users/zcm361/Documents/Github/OxygenDynamicsV2/reference-validation/surge-shape-evidence-20260909/M400-01-baseline-awake/shrinking_clean,sink,4,4,14,219,227,219,227,767,20,14,0,6,0,NaN,NaN,insufficient_clean_prebaseline,insufficient_clean_prebaseline,NaN,NaN,NaN,1,0,KnownSignal,db53f28e0f9ff3f5a9fe1405bd19c41fa3e86587bdbad9c70c4836be293c9ce2,M400-01-baseline-awake,shrinking_clean
/Users/zcm361/Documents/Github/OxygenDynamicsV2/reference-validation/surge-shape-evidence-20260909/M400-01-baseline-awake/shrinking_clean,sink,4,5,15,234,239,237,239,275,20,10,0,10,0,NaN,NaN,insufficient_clean_prebaseline,insufficient_clean_prebaseline,NaN,NaN,NaN,1,0,KnownSignal,db53f28e0f9ff3f5a9fe1405bd19c41fa3e86587bdbad9c70c4836be293c9ce2,M400-01-baseline-awake,shrinking_clean
/Users/zcm361/Documents/Github/OxygenDynamicsV2/reference-validation/surge-shape-evidence-20260909/M400-01-baseline-awake/shrinking_clean,sink,4,6,16,252,332,252,332,2447,20,3,0,17,0,NaN,NaN,insufficient_clean_prebaseline,insufficient_clean_prebaseline,NaN,NaN,NaN,1,0,KnownSignal,db53f28e0f9ff3f5a9fe1405bd19c41fa3e86587bdbad9c70c4836be293c9ce2,M400-01-baseline-awake,shrinking_clean
/Users/zcm361/Documents/Github/OxygenDynamicsV2/reference-validation/surge-shape-evidence-20260909/M400-01-baseline-awake/shrinking_clean,sink,4,7,17,335,338,335,338,334,20,2,0,18,0,NaN,NaN,insufficient_clean_prebaseline,insufficient_clean_prebaseline,NaN,NaN,NaN,1,0,KnownSignal,db53f28e0f9ff3f5a9fe1405bd19c41fa3e86587bdbad9c70c4836be293c9ce2,M400-01-baseline-awake,shrinking_clean
/Users/zcm361/Documents/Github/OxygenDynamicsV2/reference-validation/surge-shape-evidence-20260909/M400-01-baseline-awake/shrinking_clean,sink,4,8,18,340,361,340,355,1453,20,1,0,19,0,NaN,NaN,insufficient_clean_prebaseline,insufficient_clean_prebaseline,NaN,NaN,NaN,1,0,KnownSignal,db53f28e0f9ff3f5a9fe1405bd19c41fa3e86587bdbad9c70c4836be293c9ce2,M400-01-baseline-awake,shrinking_clean
/Users/zcm361/Documents/Github/OxygenDynamicsV2/reference-validation/surge-shape-evidence-20260909/M400-01-baseline-awake/shrinking_clean,sink,4,9,19,403,408,405,408,318,20,20,0,0,0,113.525157232704,113.525157232704,valid,valid,0.173513199080358,0.173513199080358,0,1,0,KnownSignal,db53f28e0f9ff3f5a9fe1405bd19c41fa3e86587bdbad9c70c4836be293c9ce2,M400-01-baseline-awake,shrinking_clean
/Users/zcm361/Documents/Github/OxygenDynamicsV2/reference-validation/surge-shape-evidence-20260909/M400-01-baseline-awake/shrinking_clean,sink,4,10,20,481,486,482,486,415,20,20,0,0,0,104.163253012048,104.163253012048,valid,valid,0.0880163783680621,0.0880163783680621,0,1,0,KnownSignal,db53f28e0f9ff3f5a9fe1405bd19c41fa3e86587bdbad9c70c4836be293c9ce2,M400-01-baseline-awake,shrinking_clean
/Users/zcm361/Documents/Github/OxygenDynamicsV2/reference-validation/surge-shape-evidence-20260909/M400-01-baseline-awake/shrinking_clean,sink,4,11,21,503,507,504,507,466,20,16,0,4,0,NaN,NaN,insufficient_clean_prebaseline,insufficient_clean_prebaseline,NaN,NaN,NaN,1,0,KnownSignal,db53f28e0f9ff3f5a9fe1405bd19c41fa3e86587bdbad9c70c4836be293c9ce2,M400-01-baseline-awake,shrinking_clean
/Users/zcm361/Documents/Github/OxygenDynamicsV2/reference-validation/surge-shape-evidence-20260909/M400-01-baseline-awake/shrinking_clean,sink,4,12,22,546,550,546,549,467,20,20,0,0,0,104.033190578158,104.033190578158,valid,valid,0.0721335432811552,0.0721335432811552,0,1,0,KnownSignal,db53f28e0f9ff3f5a9fe1405bd19c41fa3e86587bdbad9c70c4836be293c9ce2,M400-01-baseline-awake,shrinking_clean
/Users/zcm361/Documents/Github/OxygenDynamicsV2/reference-validation/surge-shape-evidence-20260909/M400-01-baseline-awake/shrinking_clean,sink,4,13,23,573,576,573,575,800,20,20,0,0,0,95.414875,95.414875,valid,valid,0.0714629139324449,0.0714629139324449,0,1,0,KnownSignal,db53f28e0f9ff3f5a9fe1405bd19c41fa3e86587bdbad9c70c4836be293c9ce2,M400-01-baseline-awake,shrinking_clean
/Users/zcm361/Documents/Github/OxygenDynamicsV2/reference-validation/surge-shape-evidence-20260909/M400-01-baseline-awake/shrinking_clean,sink,4,14,24,580,600,580,600,1618,20,17,0,3,0,NaN,NaN,insufficient_clean_prebaseline,insufficient_clean_prebaseline,NaN,NaN,NaN,1,0,KnownSignal,db53f28e0f9ff3f5a9fe1405bd19c41fa3e86587bdbad9c70c4836be293c9ce2,M400-01-baseline-awake,shrinking_clean
/Users/zcm361/Documents/Github/OxygenDynamicsV2/reference-validation/surge-shape-evidence-20260909/M400-01-baseline-awake/shrinking_clean,sink,5,1,25,12,17,12,17,579,20,11,1,0,0,NaN,NaN,insufficient_clean_prebaseline,insufficient_clean_prebaseline,NaN,NaN,NaN,1,0,KnownSignal,db53f28e0f9ff3f5a9fe1405bd19c41fa3e86587bdbad9c70c4836be293c9ce2,M400-01-baseline-awake,shrinking_clean
/Users/zcm361/Documents/Github/OxygenDynamicsV2/reference-validation/surge-shape-evidence-20260909/M400-01-baseline-awake/shrinking_clean,sink,5,2,26,23,41,23,33,901,20,14,0,6,0,NaN,NaN,insufficient_clean_prebaseline,insufficient_clean_prebaseline,NaN,NaN,NaN,1,0,KnownSignal,db53f28e0f9ff3f5a9fe1405bd19c41fa3e86587bdbad9c70c4836be293c9ce2,M400-01-baseline-awake,shrinking_clean
/Users/zcm361/Documents/Github/OxygenDynamicsV2/reference-validation/surge-shape-evidence-20260909/M400-01-baseline-awake/shrinking_clean,sink,5,3,27,81,85,81,85,273,20,20,0,0,0,98.420695970696,98.420695970696,valid,valid,0.0246698314218881,0.0246698314218881,0,1,0,KnownSignal,db53f28e0f9ff3f5a9fe1405bd19c41fa3e86587bdbad9c70c4836be293c9ce2,M400-01-baseline-awake,shrinking_clean
/Users/zcm361/Documents/Github/OxygenDynamicsV2/reference-validation/surge-shape-evidence-20260909/M400-01-baseline-awake/shrinking_clean,sink,5,4,28,90,108,90,108,893,20,4,0,16,0,NaN,NaN,insufficient_clean_prebaseline,insufficient_clean_prebaseline,NaN,NaN,NaN,1,0,KnownSignal,db53f28e0f9ff3f5a9fe1405bd19c41fa3e86587bdbad9c70c4836be293c9ce2,M400-01-baseline-awake,shrinking_clean
/Users/zcm361/Documents/Github/OxygenDynamicsV2/reference-validation/surge-shape-evidence-20260909/M400-01-baseline-awake/shrinking_clean,sink,6,1,29,14,40,28,30,501,20,13,1,0,0,NaN,NaN,insufficient_clean_prebaseline,insufficient_clean_prebaseline,NaN,NaN,NaN,1,0,KnownSignal,db53f28e0f9ff3f5a9fe1405bd19c41fa3e86587bdbad9c70c4836be293c9ce2,M400-01-baseline-awake,shrinking_clean
/Users/zcm361/Documents/Github/OxygenDynamicsV2/reference-validation/surge-shape-evidence-20260909/M400-01-baseline-awake/shrinking_clean,sink,6,2,30,123,131,125,130,498,20,10,0,10,0,NaN,NaN,insufficient_clean_prebaseline,insufficient_clean_prebaseline,NaN,NaN,NaN,1,0,KnownSignal,db53f28e0f9ff3f5a9fe1405bd19c41fa3e86587bdbad9c70c4836be293c9ce2,M400-01-baseline-awake,shrinking_clean
/Users/zcm361/Documents/Github/OxygenDynamicsV2/reference-validation/surge-shape-evidence-20260909/M400-01-baseline-awake/shrinking_clean,sink,7,1,31,11,14,11,13,324,20,10,1,0,0,NaN,NaN,insufficient_clean_prebaseline,insufficient_clean_prebaseline,NaN,NaN,NaN,1,0,KnownSignal,db53f28e0f9ff3f5a9fe1405bd19c41fa3e86587bdbad9c70c4836be293c9ce2,M400-01-baseline-awake,shrinking_clean
/Users/zcm361/Documents/Github/OxygenDynamicsV2/reference-validation/surge-shape-evidence-20260909/M400-01-baseline-awake/shrinking_clean,sink,7,2,32,95,99,97,99,505,20,20,0,0,0,97.4492079207921,97.4492079207921,valid,valid,0.0836353439263104,0.0836353439263104,0,1,0,KnownSignal,db53f28e0f9ff3f5a9fe1405bd19c41fa3e86587bdbad9c70c4836be293c9ce2,M400-01-baseline-awake,shrinking_clean
/Users/zcm361/Documents/Github/OxygenDynamicsV2/reference-validation/surge-shape-evidence-20260909/M400-01-baseline-awake/shrinking_clean,sink,7,3,33,102,105,102,104,438,20,17,0,3,0,NaN,NaN,insufficient_clean_prebaseline,insufficient_clean_prebaseline,NaN,NaN,NaN,1,0,KnownSignal,db53f28e0f9ff3f5a9fe1405bd19c41fa3e86587bdbad9c70c4836be293c9ce2,M400-01-baseline-awake,shrinking_clean
/Users/zcm361/Documents/Github/OxygenDynamicsV2/reference-validation/surge-shape-evidence-20260909/M400-01-baseline-awake/shrinking_clean,sink,7,4,34,122,131,124,129,285,20,17,0,3,0,NaN,NaN,insufficient_clean_prebaseline,insufficient_clean_prebaseline,NaN,NaN,NaN,1,0,KnownSignal,db53f28e0f9ff3f5a9fe1405bd19c41fa3e86587bdbad9c70c4836be293c9ce2,M400-01-baseline-awake,shrinking_clean
/Users/zcm361/Documents/Github/OxygenDynamicsV2/reference-validation/surge-shape-evidence-20260909/M400-01-baseline-awake/shrinking_clean,sink,7,5,35,194,208,199,208,758,20,20,0,0,0,99.1412928759894,99.1412928759894,valid,valid,0.0851121304180621,0.0851121304180621,0,1,0,KnownSignal,db53f28e0f9ff3f5a9fe1405bd19c41fa3e86587bdbad9c70c4836be293c9ce2,M400-01-baseline-awake,shrinking_clean
/Users/zcm361/Documents/Github/OxygenDynamicsV2/reference-validation/surge-shape-evidence-20260909/M400-01-baseline-awake/shrinking_clean,sink,7,6,36,241,254,245,254,515,20,20,0,0,0,94.9535922330097,94.9535922330097,valid,valid,0.0675669872456855,0.0675669872456855,0,1,0,KnownSignal,db53f28e0f9ff3f5a9fe1405bd19c41fa3e86587bdbad9c70c4836be293c9ce2,M400-01-baseline-awake,shrinking_clean
/Users/zcm361/Documents/Github/OxygenDynamicsV2/reference-validation/surge-shape-evidence-20260909/M400-01-baseline-awake/shrinking_clean,sink,7,7,37,318,347,335,347,581,20,20,0,0,0,95.7336488812392,95.7336488812392,valid,valid,0.086086702474324,0.086086702474324,0,1,0,KnownSignal,db53f28e0f9ff3f5a9fe1405bd19c41fa3e86587bdbad9c70c4836be293c9ce2,M400-01-baseline-awake,shrinking_clean
/Users/zcm361/Documents/Github/OxygenDynamicsV2/reference-validation/surge-shape-evidence-20260909/M400-01-baseline-awake/shrinking_clean,sink,7,8,38,374,401,394,399,844,20,20,0,0,0,92.0095379146919,92.0095379146919,valid,valid,0.0977135715762003,0.0977135715762003,0,1,0,KnownSignal,db53f28e0f9ff3f5a9fe1405bd19c41fa3e86587bdbad9c70c4836be293c9ce2,M400-01-baseline-awake,shrinking_clean
/Users/zcm361/Documents/Github/OxygenDynamicsV2/reference-validation/surge-shape-evidence-20260909/M400-01-baseline-awake/shrinking_clean,sink,7,9,39,557,570,567,570,795,20,20,0,0,0,89.5509433962264,89.5509433962264,valid,valid,0.067267849367213,0.067267849367213,0,1,0,KnownSignal,db53f28e0f9ff3f5a9fe1405bd19c41fa3e86587bdbad9c70c4836be293c9ce2,M400-01-baseline-awake,shrinking_clean
/Users/zcm361/Documents/Github/OxygenDynamicsV2/reference-validation/surge-shape-evidence-20260909/M400-01-baseline-awake/shrinking_clean,sink,8,1,40,155,160,157,160,431,20,15,0,5,0,NaN,NaN,insufficient_clean_prebaseline,insufficient_clean_prebaseline,NaN,NaN,NaN,1,0,KnownSignal,db53f28e0f9ff3f5a9fe1405bd19c41fa3e86587bdbad9c70c4836be293c9ce2,M400-01-baseline-awake,shrinking_clean
/Users/zcm361/Documents/Github/OxygenDynamicsV2/reference-validation/surge-shape-evidence-20260909/M400-01-baseline-awake/shrinking_clean,sink,8,2,41,164,167,164,166,311,20,16,0,4,0,NaN,NaN,insufficient_clean_prebaseline,insufficient_clean_prebaseline,NaN,NaN,NaN,1,0,KnownSignal,db53f28e0f9ff3f5a9fe1405bd19c41fa3e86587bdbad9c70c4836be293c9ce2,M400-01-baseline-awake,shrinking_clean
/Users/zcm361/Documents/Github/OxygenDynamicsV2/reference-validation/surge-shape-evidence-20260909/M400-01-baseline-awake/shrinking_clean,sink,8,3,42,229,240,232,234,334,20,20,0,0,0,106.064520958084,106.064520958084,valid,valid,0.137289329311754,0.137289329311754,0,1,0,KnownSignal,db53f28e0f9ff3f5a9fe1405bd19c41fa3e86587bdbad9c70c4836be293c9ce2,M400-01-baseline-awake,shrinking_clean
/Users/zcm361/Documents/Github/OxygenDynamicsV2/reference-validation/surge-shape-evidence-20260909/M400-01-baseline-awake/shrinking_clean,sink,8,4,43,486,500,488,500,810,20,17,0,3,0,NaN,NaN,insufficient_clean_prebaseline,insufficient_clean_prebaseline,NaN,NaN,NaN,1,0,KnownSignal,db53f28e0f9ff3f5a9fe1405bd19c41fa3e86587bdbad9c70c4836be293c9ce2,M400-01-baseline-awake,shrinking_clean
/Users/zcm361/Documents/Github/OxygenDynamicsV2/reference-validation/surge-shape-evidence-20260909/M400-01-baseline-awake/shrinking_clean,sink,9,1,44,18,41,28,39,1265,20,17,1,0,0,NaN,NaN,insufficient_clean_prebaseline,insufficient_clean_prebaseline,NaN,NaN,NaN,1,0,KnownSignal,db53f28e0f9ff3f5a9fe1405bd19c41fa3e86587bdbad9c70c4836be293c9ce2,M400-01-baseline-awake,shrinking_clean
/Users/zcm361/Documents/Github/OxygenDynamicsV2/reference-validation/surge-shape-evidence-20260909/M400-01-baseline-awake/shrinking_clean,sink,9,2,45,94,106,98,103,610,20,20,0,0,0,99.5355737704918,99.5355737704918,valid,valid,0.0641619192083891,0.0641619192083891,0,1,0,KnownSignal,db53f28e0f9ff3f5a9fe1405bd19c41fa3e86587bdbad9c70c4836be293c9ce2,M400-01-baseline-awake,shrinking_clean
/Users/zcm361/Documents/Github/OxygenDynamicsV2/reference-validation/surge-shape-evidence-20260909/M400-01-baseline-awake/shrinking_clean,sink,9,3,46,220,233,226,232,588,20,20,0,0,0,104.714880952381,104.714880952381,valid,valid,0.120644250219457,0.120644250219457,0,1,0,KnownSignal,db53f28e0f9ff3f5a9fe1405bd19c41fa3e86587bdbad9c70c4836be293c9ce2,M400-01-baseline-awake,shrinking_clean
/Users/zcm361/Documents/Github/OxygenDynamicsV2/reference-validation/surge-shape-evidence-20260909/M400-01-baseline-awake/shrinking_clean,sink,9,4,47,240,246,241,246,1258,20,13,0,7,0,NaN,NaN,insufficient_clean_prebaseline,insufficient_clean_prebaseline,NaN,NaN,NaN,1,0,KnownSignal,db53f28e0f9ff3f5a9fe1405bd19c41fa3e86587bdbad9c70c4836be293c9ce2,M400-01-baseline-awake,shrinking_clean
/Users/zcm361/Documents/Github/OxygenDynamicsV2/reference-validation/surge-shape-evidence-20260909/M400-01-baseline-awake/shrinking_clean,sink,9,5,48,249,255,249,254,933,20,10,0,10,0,NaN,NaN,insufficient_clean_prebaseline,insufficient_clean_prebaseline,NaN,NaN,NaN,1,0,KnownSignal,db53f28e0f9ff3f5a9fe1405bd19c41fa3e86587bdbad9c70c4836be293c9ce2,M400-01-baseline-awake,shrinking_clean
/Users/zcm361/Documents/Github/OxygenDynamicsV2/reference-validation/surge-shape-evidence-20260909/M400-01-baseline-awake/shrinking_clean,sink,9,6,49,381,402,394,399,1005,20,20,0,0,0,98.6279104477612,98.6279104477612,valid,valid,0.0786114553871251,0.0786114553871251,0,1,0,KnownSignal,db53f28e0f9ff3f5a9fe1405bd19c41fa3e86587bdbad9c70c4836be293c9ce2,M400-01-baseline-awake,shrinking_clean
/Users/zcm361/Documents/Github/OxygenDynamicsV2/reference-validation/surge-shape-evidence-20260909/M400-01-baseline-awake/shrinking_clean,sink,9,7,50,446,451,448,451,434,20,20,0,0,0,99.0882488479263,99.0882488479263,valid,valid,0.0436305206688634,0.0436305206688634,0,1,0,KnownSignal,db53f28e0f9ff3f5a9fe1405bd19c41fa3e86587bdbad9c70c4836be293c9ce2,M400-01-baseline-awake,shrinking_clean
/Users/zcm361/Documents/Github/OxygenDynamicsV2/reference-validation/surge-shape-evidence-20260909/M400-01-baseline-awake/shrinking_clean,sink,9,8,51,455,461,455,457,502,20,16,0,4,0,NaN,NaN,insufficient_clean_prebaseline,insufficient_clean_prebaseline,NaN,NaN,NaN,1,0,KnownSignal,db53f28e0f9ff3f5a9fe1405bd19c41fa3e86587bdbad9c70c4836be293c9ce2,M400-01-baseline-awake,shrinking_clean
/Users/zcm361/Documents/Github/OxygenDynamicsV2/reference-validation/surge-shape-evidence-20260909/M400-01-baseline-awake/shrinking_clean,sink,9,9,52,588,596,590,596,688,20,20,0,0,0,92.1723837209302,92.1723837209302,valid,valid,0.069677960595825,0.069677960595825,0,1,0,KnownSignal,db53f28e0f9ff3f5a9fe1405bd19c41fa3e86587bdbad9c70c4836be293c9ce2,M400-01-baseline-awake,shrinking_clean
/Users/zcm361/Documents/Github/OxygenDynamicsV2/reference-validation/surge-shape-evidence-20260909/M400-01-baseline-awake/shrinking_clean,sink,10,1,53,82,97,85,96,1079,20,9,0,11,0,NaN,NaN,insufficient_clean_prebaseline,insufficient_clean_prebaseline,NaN,NaN,NaN,1,0,KnownSignal,db53f28e0f9ff3f5a9fe1405bd19c41fa3e86587bdbad9c70c4836be293c9ce2,M400-01-baseline-awake,shrinking_clean
/Users/zcm361/Documents/Github/OxygenDynamicsV2/reference-validation/surge-shape-evidence-20260909/M400-01-baseline-awake/shrinking_clean,sink,10,2,54,311,317,312,315,309,20,20,0,0,0,75.6503236245955,75.6503236245955,valid,valid,0.107800966377837,0.107800966377837,0,1,0,KnownSignal,db53f28e0f9ff3f5a9fe1405bd19c41fa3e86587bdbad9c70c4836be293c9ce2,M400-01-baseline-awake,shrinking_clean
/Users/zcm361/Documents/Github/OxygenDynamicsV2/reference-validation/surge-shape-evidence-20260909/M400-01-baseline-awake/shrinking_clean,sink,10,3,55,393,403,399,401,287,20,20,0,0,0,82.9418118466899,82.9418118466899,valid,valid,0.0852913129140532,0.0852913129140532,0,1,0,KnownSignal,db53f28e0f9ff3f5a9fe1405bd19c41fa3e86587bdbad9c70c4836be293c9ce2,M400-01-baseline-awake,shrinking_clean
/Users/zcm361/Documents/Github/OxygenDynamicsV2/reference-validation/surge-shape-evidence-20260909/M400-01-baseline-awake/shrinking_clean,sink,10,4,56,468,477,472,475,583,20,20,0,0,0,78.2496569468268,78.2496569468268,valid,valid,0.0553172926957852,0.0553172926957852,0,1,0,KnownSignal,db53f28e0f9ff3f5a9fe1405bd19c41fa3e86587bdbad9c70c4836be293c9ce2,M400-01-baseline-awake,shrinking_clean
/Users/zcm361/Documents/Github/OxygenDynamicsV2/reference-validation/surge-shape-evidence-20260909/M400-01-baseline-awake/shrinking_clean,sink,10,5,57,531,546,533,536,549,20,20,0,0,0,78.7706739526412,78.7706739526412,valid,valid,0.070253046009837,0.070253046009837,0,1,0,KnownSignal,db53f28e0f9ff3f5a9fe1405bd19c41fa3e86587bdbad9c70c4836be293c9ce2,M400-01-baseline-awake,shrinking_clean
/Users/zcm361/Documents/Github/OxygenDynamicsV2/reference-validation/surge-shape-evidence-20260909/M400-01-baseline-awake/shrinking_clean,sink,11,1,58,276,290,285,287,184,20,20,0,0,0,110.002173913043,110.002173913043,valid,valid,0.0758581846208571,0.0758581846208571,0,1,0,KnownSignal,db53f28e0f9ff3f5a9fe1405bd19c41fa3e86587bdbad9c70c4836be293c9ce2,M400-01-baseline-awake,shrinking_clean
/Users/zcm361/Documents/Github/OxygenDynamicsV2/reference-validation/surge-shape-evidence-20260909/M400-01-baseline-awake/shrinking_clean,sink,12,1,59,84,86,84,86,674,20,20,0,0,0,106.957715133531,106.957715133531,valid,valid,0.0638442491624994,0.0638442491624994,0,1,0,KnownSignal,db53f28e0f9ff3f5a9fe1405bd19c41fa3e86587bdbad9c70c4836be293c9ce2,M400-01-baseline-awake,shrinking_clean
/Users/zcm361/Documents/Github/OxygenDynamicsV2/reference-validation/surge-shape-evidence-20260909/M400-01-baseline-awake/shrinking_clean,sink,13,1,60,41,47,41,43,411,20,20,0,0,0,125.612652068126,125.612652068126,valid,valid,0.0567108556021289,0.0567108556021289,0,1,0,KnownSignal,db53f28e0f9ff3f5a9fe1405bd19c41fa3e86587bdbad9c70c4836be293c9ce2,M400-01-baseline-awake,shrinking_clean
/Users/zcm361/Documents/Github/OxygenDynamicsV2/reference-validation/surge-shape-evidence-20260909/M400-01-baseline-awake/shrinking_clean,sink,13,2,61,453,473,465,471,1339,20,20,0,0,0,109.720500373413,109.720500373413,valid,valid,0.078199580371744,0.078199580371744,0,1,0,KnownSignal,db53f28e0f9ff3f5a9fe1405bd19c41fa3e86587bdbad9c70c4836be293c9ce2,M400-01-baseline-awake,shrinking_clean
/Users/zcm361/Documents/Github/OxygenDynamicsV2/reference-validation/surge-shape-evidence-20260909/M400-01-baseline-awake/shrinking_clean,sink,14,1,62,107,123,109,123,1770,20,20,0,0,0,102.217683615819,102.217683615819,valid,valid,0.115845047652263,0.115845047652263,0,1,0,KnownSignal,db53f28e0f9ff3f5a9fe1405bd19c41fa3e86587bdbad9c70c4836be293c9ce2,M400-01-baseline-awake,shrinking_clean
/Users/zcm361/Documents/Github/OxygenDynamicsV2/reference-validation/surge-shape-evidence-20260909/M400-01-baseline-awake/shrinking_clean,sink,14,2,63,131,139,131,139,1000,20,7,0,13,0,NaN,NaN,insufficient_clean_prebaseline,insufficient_clean_prebaseline,NaN,NaN,NaN,1,0,KnownSignal,db53f28e0f9ff3f5a9fe1405bd19c41fa3e86587bdbad9c70c4836be293c9ce2,M400-01-baseline-awake,shrinking_clean
/Users/zcm361/Documents/Github/OxygenDynamicsV2/reference-validation/surge-shape-evidence-20260909/M400-01-baseline-awake/shrinking_clean,sink,14,3,64,311,324,312,324,962,20,20,0,0,0,118.81340956341,118.81340956341,valid,valid,0.101659251871197,0.101659251871197,0,1,0,KnownSignal,db53f28e0f9ff3f5a9fe1405bd19c41fa3e86587bdbad9c70c4836be293c9ce2,M400-01-baseline-awake,shrinking_clean
/Users/zcm361/Documents/Github/OxygenDynamicsV2/reference-validation/surge-shape-evidence-20260909/M400-01-baseline-awake/shrinking_clean,sink,14,4,65,349,355,351,355,460,20,20,0,0,0,108.615217391304,108.615217391304,valid,valid,0.151472089346116,0.151472089346116,0,1,0,KnownSignal,db53f28e0f9ff3f5a9fe1405bd19c41fa3e86587bdbad9c70c4836be293c9ce2,M400-01-baseline-awake,shrinking_clean
/Users/zcm361/Documents/Github/OxygenDynamicsV2/reference-validation/surge-shape-evidence-20260909/M400-01-baseline-awake/shrinking_clean,sink,14,5,66,365,372,365,369,191,20,15,0,5,0,NaN,NaN,insufficient_clean_prebaseline,insufficient_clean_prebaseline,NaN,NaN,NaN,1,0,KnownSignal,db53f28e0f9ff3f5a9fe1405bd19c41fa3e86587bdbad9c70c4836be293c9ce2,M400-01-baseline-awake,shrinking_clean
/Users/zcm361/Documents/Github/OxygenDynamicsV2/reference-validation/surge-shape-evidence-20260909/M400-01-baseline-awake/shrinking_clean,sink,14,6,67,504,512,507,511,593,20,20,0,0,0,108.30328836425,108.30328836425,valid,valid,0.0885473231517575,0.0885473231517575,0,1,0,KnownSignal,db53f28e0f9ff3f5a9fe1405bd19c41fa3e86587bdbad9c70c4836be293c9ce2,M400-01-baseline-awake,shrinking_clean
/Users/zcm361/Documents/Github/OxygenDynamicsV2/reference-validation/surge-shape-evidence-20260909/M400-01-baseline-awake/shrinking_clean,sink,15,1,68,43,47,45,47,2024,20,0,0,20,0,NaN,NaN,insufficient_clean_prebaseline,insufficient_clean_prebaseline,NaN,NaN,NaN,1,0,KnownSignal,db53f28e0f9ff3f5a9fe1405bd19c41fa3e86587bdbad9c70c4836be293c9ce2,M400-01-baseline-awake,shrinking_clean
/Users/zcm361/Documents/Github/OxygenDynamicsV2/reference-validation/surge-shape-evidence-20260909/M400-01-baseline-awake/shrinking_clean,sink,15,2,69,49,52,49,51,1970,20,1,0,19,0,NaN,NaN,insufficient_clean_prebaseline,insufficient_clean_prebaseline,NaN,NaN,NaN,1,0,KnownSignal,db53f28e0f9ff3f5a9fe1405bd19c41fa3e86587bdbad9c70c4836be293c9ce2,M400-01-baseline-awake,shrinking_clean
/Users/zcm361/Documents/Github/OxygenDynamicsV2/reference-validation/surge-shape-evidence-20260909/M400-01-baseline-awake/shrinking_clean,sink,15,3,70,60,62,60,62,666,20,12,0,8,0,NaN,NaN,insufficient_clean_prebaseline,insufficient_clean_prebaseline,NaN,NaN,NaN,1,0,KnownSignal,db53f28e0f9ff3f5a9fe1405bd19c41fa3e86587bdbad9c70c4836be293c9ce2,M400-01-baseline-awake,shrinking_clean
/Users/zcm361/Documents/Github/OxygenDynamicsV2/reference-validation/surge-shape-evidence-20260909/M400-01-baseline-awake/shrinking_clean,sink,15,4,71,67,76,67,76,1514,20,11,0,9,0,NaN,NaN,insufficient_clean_prebaseline,insufficient_clean_prebaseline,NaN,NaN,NaN,1,0,KnownSignal,db53f28e0f9ff3f5a9fe1405bd19c41fa3e86587bdbad9c70c4836be293c9ce2,M400-01-baseline-awake,shrinking_clean
/Users/zcm361/Documents/Github/OxygenDynamicsV2/reference-validation/surge-shape-evidence-20260909/M400-01-baseline-awake/shrinking_clean,sink,15,5,72,106,114,107,109,1353,20,18,0,2,0,NaN,NaN,insufficient_clean_prebaseline,insufficient_clean_prebaseline,NaN,NaN,NaN,1,0,KnownSignal,db53f28e0f9ff3f5a9fe1405bd19c41fa3e86587bdbad9c70c4836be293c9ce2,M400-01-baseline-awake,shrinking_clean
/Users/zcm361/Documents/Github/OxygenDynamicsV2/reference-validation/surge-shape-evidence-20260909/M400-01-baseline-awake/shrinking_clean,sink,15,6,73,188,193,190,192,1260,20,20,0,0,0,87.5373015873016,87.5373015873016,valid,valid,0.109468072567703,0.109468072567703,0,1,0,KnownSignal,db53f28e0f9ff3f5a9fe1405bd19c41fa3e86587bdbad9c70c4836be293c9ce2,M400-01-baseline-awake,shrinking_clean
/Users/zcm361/Documents/Github/OxygenDynamicsV2/reference-validation/surge-shape-evidence-20260909/M400-01-baseline-awake/shrinking_clean,sink,15,7,74,210,224,211,219,1676,20,17,0,3,0,NaN,NaN,insufficient_clean_prebaseline,insufficient_clean_prebaseline,NaN,NaN,NaN,1,0,KnownSignal,db53f28e0f9ff3f5a9fe1405bd19c41fa3e86587bdbad9c70c4836be293c9ce2,M400-01-baseline-awake,shrinking_clean
/Users/zcm361/Documents/Github/OxygenDynamicsV2/reference-validation/surge-shape-evidence-20260909/M400-01-baseline-awake/shrinking_clean,sink,15,8,75,292,297,292,296,1190,20,18,0,2,0,NaN,NaN,insufficient_clean_prebaseline,insufficient_clean_prebaseline,NaN,NaN,NaN,1,0,KnownSignal,db53f28e0f9ff3f5a9fe1405bd19c41fa3e86587bdbad9c70c4836be293c9ce2,M400-01-baseline-awake,shrinking_clean
/Users/zcm361/Documents/Github/OxygenDynamicsV2/reference-validation/surge-shape-evidence-20260909/M400-01-baseline-awake/shrinking_clean,sink,15,9,76,346,361,349,358,1242,20,18,0,2,0,NaN,NaN,insufficient_clean_prebaseline,insufficient_clean_prebaseline,NaN,NaN,NaN,1,0,KnownSignal,db53f28e0f9ff3f5a9fe1405bd19c41fa3e86587bdbad9c70c4836be293c9ce2,M400-01-baseline-awake,shrinking_clean
/Users/zcm361/Documents/Github/OxygenDynamicsV2/reference-validation/surge-shape-evidence-20260909/M400-01-baseline-awake/shrinking_clean,sink,15,10,77,403,410,404,409,1087,20,20,0,0,0,86.6813707451702,86.6813707451702,valid,valid,0.185344500499615,0.185344500499615,0,1,0,KnownSignal,db53f28e0f9ff3f5a9fe1405bd19c41fa3e86587bdbad9c70c4836be293c9ce2,M400-01-baseline-awake,shrinking_clean
/Users/zcm361/Documents/Github/OxygenDynamicsV2/reference-validation/surge-shape-evidence-20260909/M400-01-baseline-awake/shrinking_clean,sink,15,11,78,461,468,462,465,1210,20,20,0,0,0,79.5438842975207,79.5438842975207,valid,valid,0.148211756907409,0.148211756907409,0,1,0,KnownSignal,db53f28e0f9ff3f5a9fe1405bd19c41fa3e86587bdbad9c70c4836be293c9ce2,M400-01-baseline-awake,shrinking_clean
/Users/zcm361/Documents/Github/OxygenDynamicsV2/reference-validation/surge-shape-evidence-20260909/M400-01-baseline-awake/shrinking_clean,sink,15,12,79,480,486,480,485,1175,20,16,0,4,0,NaN,NaN,insufficient_clean_prebaseline,insufficient_clean_prebaseline,NaN,NaN,NaN,1,0,KnownSignal,db53f28e0f9ff3f5a9fe1405bd19c41fa3e86587bdbad9c70c4836be293c9ce2,M400-01-baseline-awake,shrinking_clean
/Users/zcm361/Documents/Github/OxygenDynamicsV2/reference-validation/surge-shape-evidence-20260909/M400-01-baseline-awake/shrinking_clean,sink,15,13,80,502,507,502,505,853,20,16,0,4,0,NaN,NaN,insufficient_clean_prebaseline,insufficient_clean_prebaseline,NaN,NaN,NaN,1,0,KnownSignal,db53f28e0f9ff3f5a9fe1405bd19c41fa3e86587bdbad9c70c4836be293c9ce2,M400-01-baseline-awake,shrinking_clean
/Users/zcm361/Documents/Github/OxygenDynamicsV2/reference-validation/surge-shape-evidence-20260909/M400-01-baseline-awake/shrinking_clean,sink,15,14,81,513,517,513,515,762,20,16,0,4,0,NaN,NaN,insufficient_clean_prebaseline,insufficient_clean_prebaseline,NaN,NaN,NaN,1,0,KnownSignal,db53f28e0f9ff3f5a9fe1405bd19c41fa3e86587bdbad9c70c4836be293c9ce2,M400-01-baseline-awake,shrinking_clean
/Users/zcm361/Documents/Github/OxygenDynamicsV2/reference-validation/surge-shape-evidence-20260909/M400-01-baseline-awake/shrinking_clean,sink,15,15,82,545,551,546,550,1441,20,20,0,0,0,81.5187369882026,81.5187369882026,valid,valid,0.14176992129805,0.14176992129805,0,1,0,KnownSignal,db53f28e0f9ff3f5a9fe1405bd19c41fa3e86587bdbad9c70c4836be293c9ce2,M400-01-baseline-awake,shrinking_clean
/Users/zcm361/Documents/Github/OxygenDynamicsV2/reference-validation/surge-shape-evidence-20260909/M400-01-baseline-awake/shrinking_clean,sink,15,16,83,572,577,572,575,1307,20,20,0,0,0,79.2605202754399,79.2605202754399,valid,valid,0.0973758006052504,0.0973758006052504,0,1,0,KnownSignal,db53f28e0f9ff3f5a9fe1405bd19c41fa3e86587bdbad9c70c4836be293c9ce2,M400-01-baseline-awake,shrinking_clean
/Users/zcm361/Documents/Github/OxygenDynamicsV2/reference-validation/surge-shape-evidence-20260909/M400-01-baseline-awake/shrinking_clean,sink,16,1,84,44,76,57,76,1130,20,10,0,10,0,NaN,NaN,insufficient_clean_prebaseline,insufficient_clean_prebaseline,NaN,NaN,NaN,1,0,KnownSignal,db53f28e0f9ff3f5a9fe1405bd19c41fa3e86587bdbad9c70c4836be293c9ce2,M400-01-baseline-awake,shrinking_clean
/Users/zcm361/Documents/Github/OxygenDynamicsV2/reference-validation/surge-shape-evidence-20260909/M400-01-baseline-awake/shrinking_clean,sink,16,2,85,79,81,79,81,242,20,2,0,18,0,NaN,NaN,insufficient_clean_prebaseline,insufficient_clean_prebaseline,NaN,NaN,NaN,1,0,KnownSignal,db53f28e0f9ff3f5a9fe1405bd19c41fa3e86587bdbad9c70c4836be293c9ce2,M400-01-baseline-awake,shrinking_clean
/Users/zcm361/Documents/Github/OxygenDynamicsV2/reference-validation/surge-shape-evidence-20260909/M400-01-baseline-awake/shrinking_clean,sink,16,3,86,106,112,106,108,461,20,20,0,0,0,129.583514099783,129.583514099783,valid,valid,0.109478054169875,0.109478054169875,0,1,0,KnownSignal,db53f28e0f9ff3f5a9fe1405bd19c41fa3e86587bdbad9c70c4836be293c9ce2,M400-01-baseline-awake,shrinking_clean
/Users/zcm361/Documents/Github/OxygenDynamicsV2/reference-validation/surge-shape-evidence-20260909/M400-01-baseline-awake/shrinking_clean,sink,16,4,87,188,192,189,191,314,20,20,0,0,0,130.946974522293,130.946974522293,valid,valid,0.0905542307566029,0.0905542307566029,0,1,0,KnownSignal,db53f28e0f9ff3f5a9fe1405bd19c41fa3e86587bdbad9c70c4836be293c9ce2,M400-01-baseline-awake,shrinking_clean
/Users/zcm361/Documents/Github/OxygenDynamicsV2/reference-validation/surge-shape-evidence-20260909/M400-01-baseline-awake/shrinking_clean,sink,16,5,88,404,412,405,412,1361,20,20,0,0,0,124.634827332843,124.634827332843,valid,valid,0.157002381682269,0.157002381682269,0,1,0,KnownSignal,db53f28e0f9ff3f5a9fe1405bd19c41fa3e86587bdbad9c70c4836be293c9ce2,M400-01-baseline-awake,shrinking_clean
/Users/zcm361/Documents/Github/OxygenDynamicsV2/reference-validation/surge-shape-evidence-20260909/M400-01-baseline-awake/shrinking_clean,sink,16,6,89,423,426,423,426,501,20,12,0,8,0,NaN,NaN,insufficient_clean_prebaseline,insufficient_clean_prebaseline,NaN,NaN,NaN,1,0,KnownSignal,db53f28e0f9ff3f5a9fe1405bd19c41fa3e86587bdbad9c70c4836be293c9ce2,M400-01-baseline-awake,shrinking_clean
/Users/zcm361/Documents/Github/OxygenDynamicsV2/reference-validation/surge-shape-evidence-20260909/M400-01-baseline-awake/shrinking_clean,sink,16,7,90,461,464,461,464,554,20,20,0,0,0,123.580866425993,123.580866425993,valid,valid,0.0975522831043561,0.0975522831043561,0,1,0,KnownSignal,db53f28e0f9ff3f5a9fe1405bd19c41fa3e86587bdbad9c70c4836be293c9ce2,M400-01-baseline-awake,shrinking_clean
/Users/zcm361/Documents/Github/OxygenDynamicsV2/reference-validation/surge-shape-evidence-20260909/M400-01-baseline-awake/shrinking_clean,sink,16,8,91,479,482,479,482,691,20,16,0,4,0,NaN,NaN,insufficient_clean_prebaseline,insufficient_clean_prebaseline,NaN,NaN,NaN,1,0,KnownSignal,db53f28e0f9ff3f5a9fe1405bd19c41fa3e86587bdbad9c70c4836be293c9ce2,M400-01-baseline-awake,shrinking_clean
/Users/zcm361/Documents/Github/OxygenDynamicsV2/reference-validation/surge-shape-evidence-20260909/M400-01-baseline-awake/shrinking_clean,sink,16,9,92,512,514,512,514,382,20,20,0,0,0,121.811910994764,121.811910994764,valid,valid,0.0837947526602576,0.0837947526602576,0,1,0,KnownSignal,db53f28e0f9ff3f5a9fe1405bd19c41fa3e86587bdbad9c70c4836be293c9ce2,M400-01-baseline-awake,shrinking_clean
/Users/zcm361/Documents/Github/OxygenDynamicsV2/reference-validation/surge-shape-evidence-20260909/M400-01-baseline-awake/shrinking_clean,sink,16,10,93,546,549,546,548,507,20,20,0,0,0,122.965187376726,122.965187376726,valid,valid,0.130011460725162,0.130011460725162,0,1,0,KnownSignal,db53f28e0f9ff3f5a9fe1405bd19c41fa3e86587bdbad9c70c4836be293c9ce2,M400-01-baseline-awake,shrinking_clean
/Users/zcm361/Documents/Github/OxygenDynamicsV2/reference-validation/surge-shape-evidence-20260909/M400-01-baseline-awake/shrinking_clean,sink,17,1,94,43,56,49,55,782,20,15,0,5,0,NaN,NaN,insufficient_clean_prebaseline,insufficient_clean_prebaseline,NaN,NaN,NaN,1,0,KnownSignal,db53f28e0f9ff3f5a9fe1405bd19c41fa3e86587bdbad9c70c4836be293c9ce2,M400-01-baseline-awake,shrinking_clean
/Users/zcm361/Documents/Github/OxygenDynamicsV2/reference-validation/surge-shape-evidence-20260909/M400-01-baseline-awake/shrinking_clean,sink,17,2,95,219,241,234,240,661,20,17,0,3,0,NaN,NaN,insufficient_clean_prebaseline,insufficient_clean_prebaseline,NaN,NaN,NaN,1,0,KnownSignal,db53f28e0f9ff3f5a9fe1405bd19c41fa3e86587bdbad9c70c4836be293c9ce2,M400-01-baseline-awake,shrinking_clean
/Users/zcm361/Documents/Github/OxygenDynamicsV2/reference-validation/surge-shape-evidence-20260909/M400-01-baseline-awake/shrinking_clean,sink,18,1,96,51,53,51,53,421,20,20,0,0,0,122.104394299287,122.104394299287,valid,valid,0.0802232037341982,0.0802232037341982,0,1,0,KnownSignal,db53f28e0f9ff3f5a9fe1405bd19c41fa3e86587bdbad9c70c4836be293c9ce2,M400-01-baseline-awake,shrinking_clean
/Users/zcm361/Documents/Github/OxygenDynamicsV2/reference-validation/surge-shape-evidence-20260909/M400-01-baseline-awake/shrinking_clean,sink,18,2,97,55,57,55,57,740,20,17,0,3,0,NaN,NaN,insufficient_clean_prebaseline,insufficient_clean_prebaseline,NaN,NaN,NaN,1,0,KnownSignal,db53f28e0f9ff3f5a9fe1405bd19c41fa3e86587bdbad9c70c4836be293c9ce2,M400-01-baseline-awake,shrinking_clean
/Users/zcm361/Documents/Github/OxygenDynamicsV2/reference-validation/surge-shape-evidence-20260909/M400-01-baseline-awake/shrinking_clean,sink,18,3,98,59,63,59,63,1396,20,14,0,6,0,NaN,NaN,insufficient_clean_prebaseline,insufficient_clean_prebaseline,NaN,NaN,NaN,1,0,KnownSignal,db53f28e0f9ff3f5a9fe1405bd19c41fa3e86587bdbad9c70c4836be293c9ce2,M400-01-baseline-awake,shrinking_clean
/Users/zcm361/Documents/Github/OxygenDynamicsV2/reference-validation/surge-shape-evidence-20260909/M400-01-baseline-awake/shrinking_clean,sink,18,4,99,70,80,70,80,795,20,9,0,11,0,NaN,NaN,insufficient_clean_prebaseline,insufficient_clean_prebaseline,NaN,NaN,NaN,1,0,KnownSignal,db53f28e0f9ff3f5a9fe1405bd19c41fa3e86587bdbad9c70c4836be293c9ce2,M400-01-baseline-awake,shrinking_clean
/Users/zcm361/Documents/Github/OxygenDynamicsV2/reference-validation/surge-shape-evidence-20260909/M400-01-baseline-awake/shrinking_clean,sink,18,5,100,82,84,82,84,312,20,7,0,13,0,NaN,NaN,insufficient_clean_prebaseline,insufficient_clean_prebaseline,NaN,NaN,NaN,1,0,KnownSignal,db53f28e0f9ff3f5a9fe1405bd19c41fa3e86587bdbad9c70c4836be293c9ce2,M400-01-baseline-awake,shrinking_clean
/Users/zcm361/Documents/Github/OxygenDynamicsV2/reference-validation/surge-shape-evidence-20260909/M400-01-baseline-awake/shrinking_clean,sink,18,6,101,301,304,301,304,300,20,20,0,0,0,115.1345,115.1345,valid,valid,0.0850990218686261,0.0850990218686261,0,1,0,KnownSignal,db53f28e0f9ff3f5a9fe1405bd19c41fa3e86587bdbad9c70c4836be293c9ce2,M400-01-baseline-awake,shrinking_clean
/Users/zcm361/Documents/Github/OxygenDynamicsV2/reference-validation/surge-shape-evidence-20260909/M400-01-baseline-awake/shrinking_clean,sink,18,7,102,352,377,360,371,459,20,20,0,0,0,133.213289760349,133.213289760349,valid,valid,0.155808579292795,0.155808579292795,0,1,0,KnownSignal,db53f28e0f9ff3f5a9fe1405bd19c41fa3e86587bdbad9c70c4836be293c9ce2,M400-01-baseline-awake,shrinking_clean
/Users/zcm361/Documents/Github/OxygenDynamicsV2/reference-validation/surge-shape-evidence-20260909/M400-01-baseline-awake/shrinking_clean,sink,18,8,103,469,486,478,486,1107,20,9,0,11,0,NaN,NaN,insufficient_clean_prebaseline,insufficient_clean_prebaseline,NaN,NaN,NaN,1,0,KnownSignal,db53f28e0f9ff3f5a9fe1405bd19c41fa3e86587bdbad9c70c4836be293c9ce2,M400-01-baseline-awake,shrinking_clean
/Users/zcm361/Documents/Github/OxygenDynamicsV2/reference-validation/surge-shape-evidence-20260909/M400-01-baseline-awake/shrinking_clean,sink,18,9,104,488,519,488,519,783,20,11,0,9,0,NaN,NaN,insufficient_clean_prebaseline,insufficient_clean_prebaseline,NaN,NaN,NaN,1,0,KnownSignal,db53f28e0f9ff3f5a9fe1405bd19c41fa3e86587bdbad9c70c4836be293c9ce2,M400-01-baseline-awake,shrinking_clean
/Users/zcm361/Documents/Github/OxygenDynamicsV2/reference-validation/surge-shape-evidence-20260909/M400-01-baseline-awake/shrinking_clean,sink,18,10,105,553,565,555,557,586,20,20,0,0,0,115.806313993174,115.806313993174,valid,valid,0.0728605636397127,0.0728605636397127,0,1,0,KnownSignal,db53f28e0f9ff3f5a9fe1405bd19c41fa3e86587bdbad9c70c4836be293c9ce2,M400-01-baseline-awake,shrinking_clean
/Users/zcm361/Documents/Github/OxygenDynamicsV2/reference-validation/surge-shape-evidence-20260909/M400-01-baseline-awake/shrinking_clean,sink,19,1,106,50,56,52,55,342,20,20,0,0,0,104.722076023392,104.722076023392,valid,valid,0.105094380977776,0.105094380977776,0,1,0,KnownSignal,db53f28e0f9ff3f5a9fe1405bd19c41fa3e86587bdbad9c70c4836be293c9ce2,M400-01-baseline-awake,shrinking_clean
/Users/zcm361/Documents/Github/OxygenDynamicsV2/reference-validation/surge-shape-evidence-20260909/M400-01-baseline-awake/shrinking_clean,sink,19,2,107,60,66,62,66,304,20,16,0,4,0,NaN,NaN,insufficient_clean_prebaseline,insufficient_clean_prebaseline,NaN,NaN,NaN,1,0,KnownSignal,db53f28e0f9ff3f5a9fe1405bd19c41fa3e86587bdbad9c70c4836be293c9ce2,M400-01-baseline-awake,shrinking_clean
/Users/zcm361/Documents/Github/OxygenDynamicsV2/reference-validation/surge-shape-evidence-20260909/M400-01-baseline-awake/shrinking_clean,sink,19,3,108,71,78,71,78,499,20,11,0,9,0,NaN,NaN,insufficient_clean_prebaseline,insufficient_clean_prebaseline,NaN,NaN,NaN,1,0,KnownSignal,db53f28e0f9ff3f5a9fe1405bd19c41fa3e86587bdbad9c70c4836be293c9ce2,M400-01-baseline-awake,shrinking_clean
/Users/zcm361/Documents/Github/OxygenDynamicsV2/reference-validation/surge-shape-evidence-20260909/M400-01-baseline-awake/shrinking_clean,sink,19,4,109,261,266,263,266,598,20,20,0,0,0,109.454347826087,109.454347826087,valid,valid,0.0767672415768702,0.0767672415768702,0,1,0,KnownSignal,db53f28e0f9ff3f5a9fe1405bd19c41fa3e86587bdbad9c70c4836be293c9ce2,M400-01-baseline-awake,shrinking_clean
/Users/zcm361/Documents/Github/OxygenDynamicsV2/reference-validation/surge-shape-evidence-20260909/M400-01-baseline-awake/shrinking_clean,sink,19,5,110,297,302,297,301,508,20,20,0,0,0,114.634842519685,114.634842519685,valid,valid,0.0476779228807666,0.0476779228807666,0,1,0,KnownSignal,db53f28e0f9ff3f5a9fe1405bd19c41fa3e86587bdbad9c70c4836be293c9ce2,M400-01-baseline-awake,shrinking_clean
/Users/zcm361/Documents/Github/OxygenDynamicsV2/reference-validation/surge-shape-evidence-20260909/M400-01-baseline-awake/shrinking_clean,sink,19,6,111,314,333,324,333,686,20,5,0,15,0,NaN,NaN,insufficient_clean_prebaseline,insufficient_clean_prebaseline,NaN,NaN,NaN,1,0,KnownSignal,db53f28e0f9ff3f5a9fe1405bd19c41fa3e86587bdbad9c70c4836be293c9ce2,M400-01-baseline-awake,shrinking_clean
/Users/zcm361/Documents/Github/OxygenDynamicsV2/reference-validation/surge-shape-evidence-20260909/M400-01-baseline-awake/shrinking_clean,sink,19,7,112,335,352,335,340,1023,20,7,0,13,0,NaN,NaN,insufficient_clean_prebaseline,insufficient_clean_prebaseline,NaN,NaN,NaN,1,0,KnownSignal,db53f28e0f9ff3f5a9fe1405bd19c41fa3e86587bdbad9c70c4836be293c9ce2,M400-01-baseline-awake,shrinking_clean
/Users/zcm361/Documents/Github/OxygenDynamicsV2/reference-validation/surge-shape-evidence-20260909/M400-01-baseline-awake/shrinking_clean,sink,19,8,113,482,498,483,486,639,20,20,0,0,0,108.549061032864,108.549061032864,valid,valid,0.0917760732149846,0.0917760732149846,0,1,0,KnownSignal,db53f28e0f9ff3f5a9fe1405bd19c41fa3e86587bdbad9c70c4836be293c9ce2,M400-01-baseline-awake,shrinking_clean
/Users/zcm361/Documents/Github/OxygenDynamicsV2/reference-validation/surge-shape-evidence-20260909/M400-01-baseline-awake/shrinking_clean,sink,19,9,114,537,542,537,542,312,20,20,0,0,0,106.698076923077,106.698076923077,valid,valid,0.0728090886698026,0.0728090886698026,0,1,0,KnownSignal,db53f28e0f9ff3f5a9fe1405bd19c41fa3e86587bdbad9c70c4836be293c9ce2,M400-01-baseline-awake,shrinking_clean
/Users/zcm361/Documents/Github/OxygenDynamicsV2/reference-validation/surge-shape-evidence-20260909/M400-01-baseline-awake/shrinking_clean,sink,19,10,115,553,558,556,558,440,20,14,0,6,0,NaN,NaN,insufficient_clean_prebaseline,insufficient_clean_prebaseline,NaN,NaN,NaN,1,0,KnownSignal,db53f28e0f9ff3f5a9fe1405bd19c41fa3e86587bdbad9c70c4836be293c9ce2,M400-01-baseline-awake,shrinking_clean
/Users/zcm361/Documents/Github/OxygenDynamicsV2/reference-validation/surge-shape-evidence-20260909/M400-01-baseline-awake/shrinking_clean,sink,20,1,116,468,480,471,478,1463,20,8,0,12,0,NaN,NaN,insufficient_clean_prebaseline,insufficient_clean_prebaseline,NaN,NaN,NaN,1,0,KnownSignal,db53f28e0f9ff3f5a9fe1405bd19c41fa3e86587bdbad9c70c4836be293c9ce2,M400-01-baseline-awake,shrinking_clean
/Users/zcm361/Documents/Github/OxygenDynamicsV2/reference-validation/surge-shape-evidence-20260909/M400-01-baseline-awake/shrinking_clean,sink,21,1,117,44,63,54,56,604,20,20,0,0,0,131.423758278146,131.423758278146,valid,valid,0.074804153945675,0.074804153945675,0,1,0,KnownSignal,db53f28e0f9ff3f5a9fe1405bd19c41fa3e86587bdbad9c70c4836be293c9ce2,M400-01-baseline-awake,shrinking_clean
/Users/zcm361/Documents/Github/OxygenDynamicsV2/reference-validation/surge-shape-evidence-20260909/M400-01-baseline-awake/shrinking_clean,sink,22,1,118,46,60,55,57,290,20,20,0,0,0,87.1694827586207,87.1694827586207,valid,valid,0.141308153161796,0.141308153161796,0,1,0,KnownSignal,db53f28e0f9ff3f5a9fe1405bd19c41fa3e86587bdbad9c70c4836be293c9ce2,M400-01-baseline-awake,shrinking_clean
/Users/zcm361/Documents/Github/OxygenDynamicsV2/reference-validation/surge-shape-evidence-20260909/M400-01-baseline-awake/shrinking_clean,sink,23,1,119,71,83,71,76,360,20,20,0,0,0,89.5048611111111,89.5048611111111,valid,valid,0.0299099210936713,0.0299099210936713,0,1,0,KnownSignal,db53f28e0f9ff3f5a9fe1405bd19c41fa3e86587bdbad9c70c4836be293c9ce2,M400-01-baseline-awake,shrinking_clean
/Users/zcm361/Documents/Github/OxygenDynamicsV2/reference-validation/surge-shape-evidence-20260909/M400-01-baseline-awake/shrinking_clean,sink,23,2,120,356,377,369,371,298,20,20,0,0,0,84.2030201342282,84.2030201342282,valid,valid,0.0941914914815183,0.0941914914815183,0,1,0,KnownSignal,db53f28e0f9ff3f5a9fe1405bd19c41fa3e86587bdbad9c70c4836be293c9ce2,M400-01-baseline-awake,shrinking_clean
/Users/zcm361/Documents/Github/OxygenDynamicsV2/reference-validation/surge-shape-evidence-20260909/M400-01-baseline-awake/shrinking_clean,sink,23,3,121,483,512,488,512,656,20,20,0,0,0,90.5310213414634,90.5310213414634,valid,valid,0.0734041272404439,0.0734041272404439,0,1,0,KnownSignal,db53f28e0f9ff3f5a9fe1405bd19c41fa3e86587bdbad9c70c4836be293c9ce2,M400-01-baseline-awake,shrinking_clean
/Users/zcm361/Documents/Github/OxygenDynamicsV2/reference-validation/surge-shape-evidence-20260909/M400-01-baseline-awake/shrinking_clean,sink,23,4,122,515,520,515,519,380,20,2,0,18,0,NaN,NaN,insufficient_clean_prebaseline,insufficient_clean_prebaseline,NaN,NaN,NaN,1,0,KnownSignal,db53f28e0f9ff3f5a9fe1405bd19c41fa3e86587bdbad9c70c4836be293c9ce2,M400-01-baseline-awake,shrinking_clean
/Users/zcm361/Documents/Github/OxygenDynamicsV2/reference-validation/surge-shape-evidence-20260909/M400-01-baseline-awake/shrinking_clean,sink,24,1,123,133,153,136,145,386,20,20,0,0,0,131.044689119171,131.044689119171,valid,valid,0.130047990194383,0.130047990194383,0,1,0,KnownSignal,db53f28e0f9ff3f5a9fe1405bd19c41fa3e86587bdbad9c70c4836be293c9ce2,M400-01-baseline-awake,shrinking_clean
/Users/zcm361/Documents/Github/OxygenDynamicsV2/reference-validation/surge-shape-evidence-20260909/M400-01-baseline-awake/shrinking_clean,sink,24,2,124,214,223,216,223,577,20,10,0,10,0,NaN,NaN,insufficient_clean_prebaseline,insufficient_clean_prebaseline,NaN,NaN,NaN,1,0,KnownSignal,db53f28e0f9ff3f5a9fe1405bd19c41fa3e86587bdbad9c70c4836be293c9ce2,M400-01-baseline-awake,shrinking_clean
/Users/zcm361/Documents/Github/OxygenDynamicsV2/reference-validation/surge-shape-evidence-20260909/M400-01-baseline-awake/shrinking_clean,sink,24,3,125,236,238,236,238,136,20,12,0,8,0,NaN,NaN,insufficient_clean_prebaseline,insufficient_clean_prebaseline,NaN,NaN,NaN,1,0,KnownSignal,db53f28e0f9ff3f5a9fe1405bd19c41fa3e86587bdbad9c70c4836be293c9ce2,M400-01-baseline-awake,shrinking_clean
/Users/zcm361/Documents/Github/OxygenDynamicsV2/reference-validation/surge-shape-evidence-20260909/M400-01-baseline-awake/shrinking_clean,sink,24,4,126,245,257,245,257,578,20,17,0,3,0,NaN,NaN,insufficient_clean_prebaseline,insufficient_clean_prebaseline,NaN,NaN,NaN,1,0,KnownSignal,db53f28e0f9ff3f5a9fe1405bd19c41fa3e86587bdbad9c70c4836be293c9ce2,M400-01-baseline-awake,shrinking_clean
/Users/zcm361/Documents/Github/OxygenDynamicsV2/reference-validation/surge-shape-evidence-20260909/M400-01-baseline-awake/shrinking_clean,sink,24,5,127,259,270,259,268,742,20,7,0,13,0,NaN,NaN,insufficient_clean_prebaseline,insufficient_clean_prebaseline,NaN,NaN,NaN,1,0,KnownSignal,db53f28e0f9ff3f5a9fe1405bd19c41fa3e86587bdbad9c70c4836be293c9ce2,M400-01-baseline-awake,shrinking_clean
/Users/zcm361/Documents/Github/OxygenDynamicsV2/reference-validation/surge-shape-evidence-20260909/M400-01-baseline-awake/shrinking_clean,sink,24,6,128,274,281,275,280,845,20,6,0,14,0,NaN,NaN,insufficient_clean_prebaseline,insufficient_clean_prebaseline,NaN,NaN,NaN,1,0,KnownSignal,db53f28e0f9ff3f5a9fe1405bd19c41fa3e86587bdbad9c70c4836be293c9ce2,M400-01-baseline-awake,shrinking_clean
/Users/zcm361/Documents/Github/OxygenDynamicsV2/reference-validation/surge-shape-evidence-20260909/M400-01-baseline-awake/shrinking_clean,sink,24,7,129,346,368,357,368,452,20,11,0,9,0,NaN,NaN,insufficient_clean_prebaseline,insufficient_clean_prebaseline,NaN,NaN,NaN,1,0,KnownSignal,db53f28e0f9ff3f5a9fe1405bd19c41fa3e86587bdbad9c70c4836be293c9ce2,M400-01-baseline-awake,shrinking_clean
/Users/zcm361/Documents/Github/OxygenDynamicsV2/reference-validation/surge-shape-evidence-20260909/M400-01-baseline-awake/shrinking_clean,sink,24,8,130,373,391,373,376,166,20,8,0,12,0,NaN,NaN,insufficient_clean_prebaseline,insufficient_clean_prebaseline,NaN,NaN,NaN,1,0,KnownSignal,db53f28e0f9ff3f5a9fe1405bd19c41fa3e86587bdbad9c70c4836be293c9ce2,M400-01-baseline-awake,shrinking_clean
/Users/zcm361/Documents/Github/OxygenDynamicsV2/reference-validation/surge-shape-evidence-20260909/M400-01-baseline-awake/shrinking_clean,sink,24,9,131,500,531,500,531,1454,20,20,0,0,0,111.541678129299,111.541678129299,valid,valid,0.0988866801166102,0.0988866801166102,0,1,0,KnownSignal,db53f28e0f9ff3f5a9fe1405bd19c41fa3e86587bdbad9c70c4836be293c9ce2,M400-01-baseline-awake,shrinking_clean
/Users/zcm361/Documents/Github/OxygenDynamicsV2/reference-validation/surge-shape-evidence-20260909/M400-01-baseline-awake/shrinking_clean,sink,24,10,132,553,558,553,557,842,20,10,0,10,0,NaN,NaN,insufficient_clean_prebaseline,insufficient_clean_prebaseline,NaN,NaN,NaN,1,0,KnownSignal,db53f28e0f9ff3f5a9fe1405bd19c41fa3e86587bdbad9c70c4836be293c9ce2,M400-01-baseline-awake,shrinking_clean
/Users/zcm361/Documents/Github/OxygenDynamicsV2/reference-validation/surge-shape-evidence-20260909/M400-01-baseline-awake/shrinking_clean,sink,25,1,133,60,76,61,64,259,20,20,0,0,0,113.531274131274,113.531274131274,valid,valid,0.073546315882549,0.073546315882549,0,1,0,KnownSignal,db53f28e0f9ff3f5a9fe1405bd19c41fa3e86587bdbad9c70c4836be293c9ce2,M400-01-baseline-awake,shrinking_clean
/Users/zcm361/Documents/Github/OxygenDynamicsV2/reference-validation/surge-shape-evidence-20260909/M400-01-baseline-awake/shrinking_clean,sink,25,2,134,219,243,222,224,1124,20,20,0,0,0,115.400667259787,115.400667259787,valid,valid,0.145257105543236,0.145257105543236,0,1,0,KnownSignal,db53f28e0f9ff3f5a9fe1405bd19c41fa3e86587bdbad9c70c4836be293c9ce2,M400-01-baseline-awake,shrinking_clean
/Users/zcm361/Documents/Github/OxygenDynamicsV2/reference-validation/surge-shape-evidence-20260909/M400-01-baseline-awake/shrinking_clean,sink,26,1,135,59,72,61,63,308,20,20,0,0,0,123.489285714286,123.489285714286,valid,valid,0.0628294688797336,0.0628294688797336,0,1,0,KnownSignal,db53f28e0f9ff3f5a9fe1405bd19c41fa3e86587bdbad9c70c4836be293c9ce2,M400-01-baseline-awake,shrinking_clean
/Users/zcm361/Documents/Github/OxygenDynamicsV2/reference-validation/surge-shape-evidence-20260909/M400-01-baseline-awake/shrinking_clean,sink,27,1,136,75,107,86,89,394,20,20,0,0,0,94.7248730964467,94.7248730964467,valid,valid,0.0447890765669211,0.0447890765669211,0,1,0,KnownSignal,db53f28e0f9ff3f5a9fe1405bd19c41fa3e86587bdbad9c70c4836be293c9ce2,M400-01-baseline-awake,shrinking_clean
/Users/zcm361/Documents/Github/OxygenDynamicsV2/reference-validation/surge-shape-evidence-20260909/M400-01-baseline-awake/shrinking_clean,sink,27,2,137,241,255,241,243,435,20,20,0,0,0,92.8956321839081,92.8956321839081,valid,valid,0.00340513145391224,0.00340513145391224,0,1,0,KnownSignal,db53f28e0f9ff3f5a9fe1405bd19c41fa3e86587bdbad9c70c4836be293c9ce2,M400-01-baseline-awake,shrinking_clean
/Users/zcm361/Documents/Github/OxygenDynamicsV2/reference-validation/surge-shape-evidence-20260909/M400-01-baseline-awake/shrinking_clean,sink,27,3,138,433,458,439,444,998,20,20,0,0,0,93.3720440881764,93.3720440881764,valid,valid,0.0663226925276841,0.0663226925276841,0,1,0,KnownSignal,db53f28e0f9ff3f5a9fe1405bd19c41fa3e86587bdbad9c70c4836be293c9ce2,M400-01-baseline-awake,shrinking_clean
/Users/zcm361/Documents/Github/OxygenDynamicsV2/reference-validation/surge-shape-evidence-20260909/M400-01-baseline-awake/shrinking_clean,sink,27,4,139,492,495,493,495,198,20,20,0,0,0,80.6265151515152,80.6265151515152,valid,valid,0.103485644307053,0.103485644307053,0,1,0,KnownSignal,db53f28e0f9ff3f5a9fe1405bd19c41fa3e86587bdbad9c70c4836be293c9ce2,M400-01-baseline-awake,shrinking_clean
/Users/zcm361/Documents/Github/OxygenDynamicsV2/reference-validation/surge-shape-evidence-20260909/M400-01-baseline-awake/shrinking_clean,sink,27,5,140,498,502,498,502,420,20,17,0,3,0,NaN,NaN,insufficient_clean_prebaseline,insufficient_clean_prebaseline,NaN,NaN,NaN,1,0,KnownSignal,db53f28e0f9ff3f5a9fe1405bd19c41fa3e86587bdbad9c70c4836be293c9ce2,M400-01-baseline-awake,shrinking_clean
/Users/zcm361/Documents/Github/OxygenDynamicsV2/reference-validation/surge-shape-evidence-20260909/M400-01-baseline-awake/shrinking_clean,sink,27,6,141,511,518,511,518,427,20,12,0,8,0,NaN,NaN,insufficient_clean_prebaseline,insufficient_clean_prebaseline,NaN,NaN,NaN,1,0,KnownSignal,db53f28e0f9ff3f5a9fe1405bd19c41fa3e86587bdbad9c70c4836be293c9ce2,M400-01-baseline-awake,shrinking_clean
/Users/zcm361/Documents/Github/OxygenDynamicsV2/reference-validation/surge-shape-evidence-20260909/M400-01-baseline-awake/shrinking_clean,sink,28,1,142,83,108,94,96,239,20,20,0,0,0,79.6506276150628,79.6506276150628,valid,valid,0.0535024820739106,0.0535024820739106,0,1,0,KnownSignal,db53f28e0f9ff3f5a9fe1405bd19c41fa3e86587bdbad9c70c4836be293c9ce2,M400-01-baseline-awake,shrinking_clean
/Users/zcm361/Documents/Github/OxygenDynamicsV2/reference-validation/surge-shape-evidence-20260909/M400-01-baseline-awake/shrinking_clean,sink,29,1,143,432,456,449,456,981,20,20,0,0,0,85.7360856269113,85.7360856269113,valid,valid,0.0840012317628357,0.0840012317628357,0,1,0,KnownSignal,db53f28e0f9ff3f5a9fe1405bd19c41fa3e86587bdbad9c70c4836be293c9ce2,M400-01-baseline-awake,shrinking_clean
/Users/zcm361/Documents/Github/OxygenDynamicsV2/reference-validation/surge-shape-evidence-20260909/M400-01-baseline-awake/shrinking_clean,sink,29,2,144,458,461,458,461,612,20,12,0,8,0,NaN,NaN,insufficient_clean_prebaseline,insufficient_clean_prebaseline,NaN,NaN,NaN,1,0,KnownSignal,db53f28e0f9ff3f5a9fe1405bd19c41fa3e86587bdbad9c70c4836be293c9ce2,M400-01-baseline-awake,shrinking_clean
/Users/zcm361/Documents/Github/OxygenDynamicsV2/reference-validation/surge-shape-evidence-20260909/M400-01-baseline-awake/shrinking_clean,sink,30,1,145,95,111,102,105,426,20,18,0,2,0,NaN,NaN,insufficient_clean_prebaseline,insufficient_clean_prebaseline,NaN,NaN,NaN,1,0,KnownSignal,db53f28e0f9ff3f5a9fe1405bd19c41fa3e86587bdbad9c70c4836be293c9ce2,M400-01-baseline-awake,shrinking_clean
/Users/zcm361/Documents/Github/OxygenDynamicsV2/reference-validation/surge-shape-evidence-20260909/M400-01-baseline-awake/shrinking_clean,sink,30,2,146,520,534,532,534,348,20,20,0,0,0,87.1619252873563,87.1619252873563,valid,valid,0.100102695636837,0.100102695636837,0,1,0,KnownSignal,db53f28e0f9ff3f5a9fe1405bd19c41fa3e86587bdbad9c70c4836be293c9ce2,M400-01-baseline-awake,shrinking_clean
/Users/zcm361/Documents/Github/OxygenDynamicsV2/reference-validation/surge-shape-evidence-20260909/M400-01-baseline-awake/shrinking_clean,sink,30,3,147,542,546,542,545,680,20,17,0,3,0,NaN,NaN,insufficient_clean_prebaseline,insufficient_clean_prebaseline,NaN,NaN,NaN,1,0,KnownSignal,db53f28e0f9ff3f5a9fe1405bd19c41fa3e86587bdbad9c70c4836be293c9ce2,M400-01-baseline-awake,shrinking_clean
/Users/zcm361/Documents/Github/OxygenDynamicsV2/reference-validation/surge-shape-evidence-20260909/M400-01-baseline-awake/shrinking_clean,sink,31,1,148,112,147,113,147,1838,20,20,0,0,0,83.336316648531,83.336316648531,valid,valid,0.131193235846073,0.131193235846073,0,1,0,KnownSignal,db53f28e0f9ff3f5a9fe1405bd19c41fa3e86587bdbad9c70c4836be293c9ce2,M400-01-baseline-awake,shrinking_clean
/Users/zcm361/Documents/Github/OxygenDynamicsV2/reference-validation/surge-shape-evidence-20260909/M400-01-baseline-awake/shrinking_clean,sink,32,1,149,137,147,138,147,1039,20,14,0,6,0,NaN,NaN,insufficient_clean_prebaseline,insufficient_clean_prebaseline,NaN,NaN,NaN,1,0,KnownSignal,db53f28e0f9ff3f5a9fe1405bd19c41fa3e86587bdbad9c70c4836be293c9ce2,M400-01-baseline-awake,shrinking_clean
/Users/zcm361/Documents/Github/OxygenDynamicsV2/reference-validation/surge-shape-evidence-20260909/M400-01-baseline-awake/shrinking_clean,sink,32,2,150,150,162,150,153,520,20,7,0,13,0,NaN,NaN,insufficient_clean_prebaseline,insufficient_clean_prebaseline,NaN,NaN,NaN,1,0,KnownSignal,db53f28e0f9ff3f5a9fe1405bd19c41fa3e86587bdbad9c70c4836be293c9ce2,M400-01-baseline-awake,shrinking_clean
/Users/zcm361/Documents/Github/OxygenDynamicsV2/reference-validation/surge-shape-evidence-20260909/M400-01-baseline-awake/shrinking_clean,sink,33,1,151,143,164,143,145,184,20,20,0,0,0,130.910869565217,130.910869565217,valid,valid,0.0406682276357958,0.0406682276357958,0,1,0,KnownSignal,db53f28e0f9ff3f5a9fe1405bd19c41fa3e86587bdbad9c70c4836be293c9ce2,M400-01-baseline-awake,shrinking_clean
/Users/zcm361/Documents/Github/OxygenDynamicsV2/reference-validation/surge-shape-evidence-20260909/M400-01-baseline-awake/shrinking_clean,sink,34,1,152,187,194,189,193,498,20,9,0,11,0,NaN,NaN,insufficient_clean_prebaseline,insufficient_clean_prebaseline,NaN,NaN,NaN,1,0,KnownSignal,db53f28e0f9ff3f5a9fe1405bd19c41fa3e86587bdbad9c70c4836be293c9ce2,M400-01-baseline-awake,shrinking_clean
/Users/zcm361/Documents/Github/OxygenDynamicsV2/reference-validation/surge-shape-evidence-20260909/M400-01-baseline-awake/shrinking_clean,sink,34,2,153,209,222,212,218,519,20,6,0,14,0,NaN,NaN,insufficient_clean_prebaseline,insufficient_clean_prebaseline,NaN,NaN,NaN,1,0,KnownSignal,db53f28e0f9ff3f5a9fe1405bd19c41fa3e86587bdbad9c70c4836be293c9ce2,M400-01-baseline-awake,shrinking_clean
/Users/zcm361/Documents/Github/OxygenDynamicsV2/reference-validation/surge-shape-evidence-20260909/M400-01-baseline-awake/shrinking_clean,sink,34,3,154,256,265,258,264,633,20,6,0,14,0,NaN,NaN,insufficient_clean_prebaseline,insufficient_clean_prebaseline,NaN,NaN,NaN,1,0,KnownSignal,db53f28e0f9ff3f5a9fe1405bd19c41fa3e86587bdbad9c70c4836be293c9ce2,M400-01-baseline-awake,shrinking_clean
/Users/zcm361/Documents/Github/OxygenDynamicsV2/reference-validation/surge-shape-evidence-20260909/M400-01-baseline-awake/shrinking_clean,sink,34,4,155,272,277,272,276,488,20,10,0,10,0,NaN,NaN,insufficient_clean_prebaseline,insufficient_clean_prebaseline,NaN,NaN,NaN,1,0,KnownSignal,db53f28e0f9ff3f5a9fe1405bd19c41fa3e86587bdbad9c70c4836be293c9ce2,M400-01-baseline-awake,shrinking_clean
/Users/zcm361/Documents/Github/OxygenDynamicsV2/reference-validation/surge-shape-evidence-20260909/M400-01-baseline-awake/shrinking_clean,sink,34,5,156,349,379,356,374,723,20,14,0,6,0,NaN,NaN,insufficient_clean_prebaseline,insufficient_clean_prebaseline,NaN,NaN,NaN,1,0,KnownSignal,db53f28e0f9ff3f5a9fe1405bd19c41fa3e86587bdbad9c70c4836be293c9ce2,M400-01-baseline-awake,shrinking_clean
/Users/zcm361/Documents/Github/OxygenDynamicsV2/reference-validation/surge-shape-evidence-20260909/M400-01-baseline-awake/shrinking_clean,sink,34,6,157,576,580,577,579,215,20,20,0,0,0,93.346976744186,93.346976744186,valid,valid,0.0774106110734643,0.0774106110734643,0,1,0,KnownSignal,db53f28e0f9ff3f5a9fe1405bd19c41fa3e86587bdbad9c70c4836be293c9ce2,M400-01-baseline-awake,shrinking_clean
/Users/zcm361/Documents/Github/OxygenDynamicsV2/reference-validation/surge-shape-evidence-20260909/M400-01-baseline-awake/shrinking_clean,sink,35,1,158,179,187,180,184,425,20,20,0,0,0,119.103176470588,119.103176470588,valid,valid,0.0566557715159471,0.0566557715159471,0,1,0,KnownSignal,db53f28e0f9ff3f5a9fe1405bd19c41fa3e86587bdbad9c70c4836be293c9ce2,M400-01-baseline-awake,shrinking_clean
/Users/zcm361/Documents/Github/OxygenDynamicsV2/reference-validation/surge-shape-evidence-20260909/M400-01-baseline-awake/shrinking_clean,sink,36,1,159,181,193,183,189,606,20,20,0,0,0,79.7335808580858,79.7335808580858,valid,valid,0.0665903674675667,0.0665903674675667,0,1,0,KnownSignal,db53f28e0f9ff3f5a9fe1405bd19c41fa3e86587bdbad9c70c4836be293c9ce2,M400-01-baseline-awake,shrinking_clean
/Users/zcm361/Documents/Github/OxygenDynamicsV2/reference-validation/surge-shape-evidence-20260909/M400-01-baseline-awake/shrinking_clean,sink,37,1,160,192,198,193,196,332,20,20,0,0,0,135.452259036145,135.452259036145,valid,valid,0.0644460825681034,0.0644460825681034,0,1,0,KnownSignal,db53f28e0f9ff3f5a9fe1405bd19c41fa3e86587bdbad9c70c4836be293c9ce2,M400-01-baseline-awake,shrinking_clean
/Users/zcm361/Documents/Github/OxygenDynamicsV2/reference-validation/surge-shape-evidence-20260909/M400-01-baseline-awake/shrinking_clean,sink,38,1,161,192,208,194,196,197,20,20,0,0,0,120.729695431472,120.729695431472,valid,valid,0.0697429967940297,0.0697429967940297,0,1,0,KnownSignal,db53f28e0f9ff3f5a9fe1405bd19c41fa3e86587bdbad9c70c4836be293c9ce2,M400-01-baseline-awake,shrinking_clean
/Users/zcm361/Documents/Github/OxygenDynamicsV2/reference-validation/surge-shape-evidence-20260909/M400-01-baseline-awake/shrinking_clean,sink,38,2,162,409,434,426,428,416,20,16,0,4,0,NaN,NaN,insufficient_clean_prebaseline,insufficient_clean_prebaseline,NaN,NaN,NaN,1,0,KnownSignal,db53f28e0f9ff3f5a9fe1405bd19c41fa3e86587bdbad9c70c4836be293c9ce2,M400-01-baseline-awake,shrinking_clean
/Users/zcm361/Documents/Github/OxygenDynamicsV2/reference-validation/surge-shape-evidence-20260909/M400-01-baseline-awake/shrinking_clean,sink,39,1,163,433,454,449,454,633,20,20,0,0,0,77.3332543443918,77.3332543443918,valid,valid,0.0845921357576156,0.0845921357576156,0,1,0,KnownSignal,db53f28e0f9ff3f5a9fe1405bd19c41fa3e86587bdbad9c70c4836be293c9ce2,M400-01-baseline-awake,shrinking_clean
/Users/zcm361/Documents/Github/OxygenDynamicsV2/reference-validation/surge-shape-evidence-20260909/M400-01-baseline-awake/shrinking_clean,sink,39,2,164,458,464,458,462,442,20,14,0,6,0,NaN,NaN,insufficient_clean_prebaseline,insufficient_clean_prebaseline,NaN,NaN,NaN,1,0,KnownSignal,db53f28e0f9ff3f5a9fe1405bd19c41fa3e86587bdbad9c70c4836be293c9ce2,M400-01-baseline-awake,shrinking_clean
/Users/zcm361/Documents/Github/OxygenDynamicsV2/reference-validation/surge-shape-evidence-20260909/M400-01-baseline-awake/shrinking_clean,sink,40,1,165,207,213,209,211,696,20,20,0,0,0,87.0582614942529,87.0582614942529,valid,valid,0.075150327886844,0.075150327886844,0,1,0,KnownSignal,db53f28e0f9ff3f5a9fe1405bd19c41fa3e86587bdbad9c70c4836be293c9ce2,M400-01-baseline-awake,shrinking_clean
/Users/zcm361/Documents/Github/OxygenDynamicsV2/reference-validation/surge-shape-evidence-20260909/M400-01-baseline-awake/shrinking_clean,sink,41,1,166,223,234,232,234,250,20,20,0,0,0,99.0734,99.0734,valid,valid,0.111608161221882,0.111608161221882,0,1,0,KnownSignal,db53f28e0f9ff3f5a9fe1405bd19c41fa3e86587bdbad9c70c4836be293c9ce2,M400-01-baseline-awake,shrinking_clean
/Users/zcm361/Documents/Github/OxygenDynamicsV2/reference-validation/surge-shape-evidence-20260909/M400-01-baseline-awake/shrinking_clean,sink,42,1,167,277,291,280,290,952,20,20,0,0,0,108.494695378151,108.494695378151,valid,valid,0.0565797518466758,0.0565797518466758,0,1,0,KnownSignal,db53f28e0f9ff3f5a9fe1405bd19c41fa3e86587bdbad9c70c4836be293c9ce2,M400-01-baseline-awake,shrinking_clean
/Users/zcm361/Documents/Github/OxygenDynamicsV2/reference-validation/surge-shape-evidence-20260909/M400-01-baseline-awake/shrinking_clean,sink,42,2,168,395,408,398,404,666,20,20,0,0,0,86.0313063063063,86.0313063063063,valid,valid,0.129777640481109,0.129777640481109,0,1,0,KnownSignal,db53f28e0f9ff3f5a9fe1405bd19c41fa3e86587bdbad9c70c4836be293c9ce2,M400-01-baseline-awake,shrinking_clean
/Users/zcm361/Documents/Github/OxygenDynamicsV2/reference-validation/surge-shape-evidence-20260909/M400-01-baseline-awake/shrinking_clean,sink,42,3,169,431,441,438,441,458,20,20,0,0,0,92.8848253275109,92.8848253275109,valid,valid,0.058960420768078,0.058960420768078,0,1,0,KnownSignal,db53f28e0f9ff3f5a9fe1405bd19c41fa3e86587bdbad9c70c4836be293c9ce2,M400-01-baseline-awake,shrinking_clean
/Users/zcm361/Documents/Github/OxygenDynamicsV2/reference-validation/surge-shape-evidence-20260909/M400-01-baseline-awake/shrinking_clean,sink,42,4,170,454,456,454,456,382,20,16,0,4,0,NaN,NaN,insufficient_clean_prebaseline,insufficient_clean_prebaseline,NaN,NaN,NaN,1,0,KnownSignal,db53f28e0f9ff3f5a9fe1405bd19c41fa3e86587bdbad9c70c4836be293c9ce2,M400-01-baseline-awake,shrinking_clean
/Users/zcm361/Documents/Github/OxygenDynamicsV2/reference-validation/surge-shape-evidence-20260909/M400-01-baseline-awake/shrinking_clean,sink,42,5,171,461,464,461,463,339,20,19,0,1,0,NaN,NaN,insufficient_clean_prebaseline,insufficient_clean_prebaseline,NaN,NaN,NaN,1,0,KnownSignal,db53f28e0f9ff3f5a9fe1405bd19c41fa3e86587bdbad9c70c4836be293c9ce2,M400-01-baseline-awake,shrinking_clean
/Users/zcm361/Documents/Github/OxygenDynamicsV2/reference-validation/surge-shape-evidence-20260909/M400-01-baseline-awake/shrinking_clean,sink,42,6,172,568,576,572,574,306,20,20,0,0,0,80.8057189542484,80.8057189542484,valid,valid,0.105212817801109,0.105212817801109,0,1,0,KnownSignal,db53f28e0f9ff3f5a9fe1405bd19c41fa3e86587bdbad9c70c4836be293c9ce2,M400-01-baseline-awake,shrinking_clean
/Users/zcm361/Documents/Github/OxygenDynamicsV2/reference-validation/surge-shape-evidence-20260909/M400-01-baseline-awake/shrinking_clean,sink,43,1,173,264,286,269,279,1146,20,20,0,0,0,79.9251745200698,79.9251745200698,valid,valid,0.0609563373246684,0.0609563373246684,0,1,0,KnownSignal,db53f28e0f9ff3f5a9fe1405bd19c41fa3e86587bdbad9c70c4836be293c9ce2,M400-01-baseline-awake,shrinking_clean
/Users/zcm361/Documents/Github/OxygenDynamicsV2/reference-validation/surge-shape-evidence-20260909/M400-01-baseline-awake/shrinking_clean,sink,44,1,174,294,311,297,311,843,20,20,0,0,0,98.5629893238434,98.5629893238434,valid,valid,0.0658405605582476,0.0658405605582476,0,1,0,KnownSignal,db53f28e0f9ff3f5a9fe1405bd19c41fa3e86587bdbad9c70c4836be293c9ce2,M400-01-baseline-awake,shrinking_clean
/Users/zcm361/Documents/Github/OxygenDynamicsV2/reference-validation/surge-shape-evidence-20260909/M400-01-baseline-awake/shrinking_clean,sink,44,2,175,316,318,316,318,379,20,5,0,15,0,NaN,NaN,insufficient_clean_prebaseline,insufficient_clean_prebaseline,NaN,NaN,NaN,1,0,KnownSignal,db53f28e0f9ff3f5a9fe1405bd19c41fa3e86587bdbad9c70c4836be293c9ce2,M400-01-baseline-awake,shrinking_clean
/Users/zcm361/Documents/Github/OxygenDynamicsV2/reference-validation/surge-shape-evidence-20260909/M400-01-baseline-awake/shrinking_clean,sink,44,3,176,326,328,326,328,309,20,10,0,10,0,NaN,NaN,insufficient_clean_prebaseline,insufficient_clean_prebaseline,NaN,NaN,NaN,1,0,KnownSignal,db53f28e0f9ff3f5a9fe1405bd19c41fa3e86587bdbad9c70c4836be293c9ce2,M400-01-baseline-awake,shrinking_clean
/Users/zcm361/Documents/Github/OxygenDynamicsV2/reference-validation/surge-shape-evidence-20260909/M400-01-baseline-awake/shrinking_clean,sink,44,4,177,330,351,330,332,296,20,10,0,10,0,NaN,NaN,insufficient_clean_prebaseline,insufficient_clean_prebaseline,NaN,NaN,NaN,1,0,KnownSignal,db53f28e0f9ff3f5a9fe1405bd19c41fa3e86587bdbad9c70c4836be293c9ce2,M400-01-baseline-awake,shrinking_clean
/Users/zcm361/Documents/Github/OxygenDynamicsV2/reference-validation/surge-shape-evidence-20260909/M400-01-baseline-awake/shrinking_clean,sink,45,1,178,297,311,307,309,280,20,20,0,0,0,100.046607142857,100.046607142857,valid,valid,0.076787425860447,0.076787425860447,0,1,0,KnownSignal,db53f28e0f9ff3f5a9fe1405bd19c41fa3e86587bdbad9c70c4836be293c9ce2,M400-01-baseline-awake,shrinking_clean
/Users/zcm361/Documents/Github/OxygenDynamicsV2/reference-validation/surge-shape-evidence-20260909/M400-01-baseline-awake/shrinking_clean,sink,46,1,179,342,360,351,358,536,20,20,0,0,0,116.539925373134,116.539925373134,valid,valid,0.15676518520653,0.15676518520653,0,1,0,KnownSignal,db53f28e0f9ff3f5a9fe1405bd19c41fa3e86587bdbad9c70c4836be293c9ce2,M400-01-baseline-awake,shrinking_clean
/Users/zcm361/Documents/Github/OxygenDynamicsV2/reference-validation/surge-shape-evidence-20260909/M400-01-baseline-awake/shrinking_clean,sink,47,1,180,331,349,339,341,471,20,20,0,0,0,87.7571125265393,87.7571125265393,valid,valid,0.0871107283178816,0.0871107283178816,0,1,0,KnownSignal,db53f28e0f9ff3f5a9fe1405bd19c41fa3e86587bdbad9c70c4836be293c9ce2,M400-01-baseline-awake,shrinking_clean
/Users/zcm361/Documents/Github/OxygenDynamicsV2/reference-validation/surge-shape-evidence-20260909/M400-01-baseline-awake/shrinking_clean,sink,48,1,181,355,374,370,372,1014,20,20,0,0,0,111.272781065089,111.272781065089,valid,valid,0.125556365028636,0.125556365028636,0,1,0,KnownSignal,db53f28e0f9ff3f5a9fe1405bd19c41fa3e86587bdbad9c70c4836be293c9ce2,M400-01-baseline-awake,shrinking_clean
/Users/zcm361/Documents/Github/OxygenDynamicsV2/reference-validation/surge-shape-evidence-20260909/M400-01-baseline-awake/shrinking_clean,sink,49,1,182,397,402,398,402,659,20,20,0,0,0,101.179135053111,101.179135053111,valid,valid,0.0970806296919256,0.0970806296919256,0,1,0,KnownSignal,db53f28e0f9ff3f5a9fe1405bd19c41fa3e86587bdbad9c70c4836be293c9ce2,M400-01-baseline-awake,shrinking_clean
/Users/zcm361/Documents/Github/OxygenDynamicsV2/reference-validation/surge-shape-evidence-20260909/M400-01-baseline-awake/shrinking_clean,sink,49,2,183,406,412,409,412,635,20,15,0,5,0,NaN,NaN,insufficient_clean_prebaseline,insufficient_clean_prebaseline,NaN,NaN,NaN,1,0,KnownSignal,db53f28e0f9ff3f5a9fe1405bd19c41fa3e86587bdbad9c70c4836be293c9ce2,M400-01-baseline-awake,shrinking_clean
/Users/zcm361/Documents/Github/OxygenDynamicsV2/reference-validation/surge-shape-evidence-20260909/M400-01-baseline-awake/shrinking_clean,sink,49,3,184,417,419,417,419,1457,20,11,0,9,0,NaN,NaN,insufficient_clean_prebaseline,insufficient_clean_prebaseline,NaN,NaN,NaN,1,0,KnownSignal,db53f28e0f9ff3f5a9fe1405bd19c41fa3e86587bdbad9c70c4836be293c9ce2,M400-01-baseline-awake,shrinking_clean
/Users/zcm361/Documents/Github/OxygenDynamicsV2/reference-validation/surge-shape-evidence-20260909/M400-01-baseline-awake/shrinking_clean,sink,49,4,185,421,428,421,428,1784,20,11,0,9,0,NaN,NaN,insufficient_clean_prebaseline,insufficient_clean_prebaseline,NaN,NaN,NaN,1,0,KnownSignal,db53f28e0f9ff3f5a9fe1405bd19c41fa3e86587bdbad9c70c4836be293c9ce2,M400-01-baseline-awake,shrinking_clean
/Users/zcm361/Documents/Github/OxygenDynamicsV2/reference-validation/surge-shape-evidence-20260909/M400-01-baseline-awake/shrinking_clean,sink,49,5,186,431,436,431,436,564,20,8,0,12,0,NaN,NaN,insufficient_clean_prebaseline,insufficient_clean_prebaseline,NaN,NaN,NaN,1,0,KnownSignal,db53f28e0f9ff3f5a9fe1405bd19c41fa3e86587bdbad9c70c4836be293c9ce2,M400-01-baseline-awake,shrinking_clean
/Users/zcm361/Documents/Github/OxygenDynamicsV2/reference-validation/surge-shape-evidence-20260909/M400-01-baseline-awake/shrinking_clean,sink,50,1,187,394,409,404,406,178,20,20,0,0,0,101.651966292135,101.651966292135,valid,valid,0.108104597920311,0.108104597920311,0,1,0,KnownSignal,db53f28e0f9ff3f5a9fe1405bd19c41fa3e86587bdbad9c70c4836be293c9ce2,M400-01-baseline-awake,shrinking_clean
/Users/zcm361/Documents/Github/OxygenDynamicsV2/reference-validation/surge-shape-evidence-20260909/M400-01-baseline-awake/shrinking_clean,sink,51,1,188,404,417,411,413,357,20,20,0,0,0,100.509383753501,100.509383753501,valid,valid,0.117687633162727,0.117687633162727,0,1,0,KnownSignal,db53f28e0f9ff3f5a9fe1405bd19c41fa3e86587bdbad9c70c4836be293c9ce2,M400-01-baseline-awake,shrinking_clean
/Users/zcm361/Documents/Github/OxygenDynamicsV2/reference-validation/surge-shape-evidence-20260909/M400-01-baseline-awake/shrinking_clean,sink,52,1,189,404,426,412,414,260,20,20,0,0,0,113.449423076923,113.449423076923,valid,valid,0.113668069641335,0.113668069641335,0,1,0,KnownSignal,db53f28e0f9ff3f5a9fe1405bd19c41fa3e86587bdbad9c70c4836be293c9ce2,M400-01-baseline-awake,shrinking_clean
/Users/zcm361/Documents/Github/OxygenDynamicsV2/reference-validation/surge-shape-evidence-20260909/M400-01-baseline-awake/shrinking_clean,sink,53,1,190,454,468,456,458,232,20,16,0,4,0,NaN,NaN,insufficient_clean_prebaseline,insufficient_clean_prebaseline,NaN,NaN,NaN,1,0,KnownSignal,db53f28e0f9ff3f5a9fe1405bd19c41fa3e86587bdbad9c70c4836be293c9ce2,M400-01-baseline-awake,shrinking_clean
/Users/zcm361/Documents/Github/OxygenDynamicsV2/reference-validation/surge-shape-evidence-20260909/M400-01-baseline-awake/shrinking_clean,sink,54,1,191,467,472,468,470,327,20,20,0,0,0,131.179357798165,131.179357798165,valid,valid,0.0724001151631924,0.0724001151631924,0,1,0,KnownSignal,db53f28e0f9ff3f5a9fe1405bd19c41fa3e86587bdbad9c70c4836be293c9ce2,M400-01-baseline-awake,shrinking_clean
/Users/zcm361/Documents/Github/OxygenDynamicsV2/reference-validation/surge-shape-evidence-20260909/M400-01-baseline-awake/shrinking_clean,sink,55,1,192,486,499,488,490,208,20,20,0,0,0,108.376442307692,108.376442307692,valid,valid,0.100446715729983,0.100446715729983,0,1,0,KnownSignal,db53f28e0f9ff3f5a9fe1405bd19c41fa3e86587bdbad9c70c4836be293c9ce2,M400-01-baseline-awake,shrinking_clean
/Users/zcm361/Documents/Github/OxygenDynamicsV2/reference-validation/surge-shape-evidence-20260909/M400-01-baseline-awake/shrinking_clean,sink,56,1,193,512,527,512,527,724,20,20,0,0,0,85.4096685082873,85.4096685082873,valid,valid,0.102829068868599,0.102829068868599,0,1,0,KnownSignal,db53f28e0f9ff3f5a9fe1405bd19c41fa3e86587bdbad9c70c4836be293c9ce2,M400-01-baseline-awake,shrinking_clean
/Users/zcm361/Documents/Github/OxygenDynamicsV2/reference-validation/surge-shape-evidence-20260909/M400-01-baseline-awake/shrinking_clean,sink,56,2,194,530,547,530,547,772,20,4,0,16,0,NaN,NaN,insufficient_clean_prebaseline,insufficient_clean_prebaseline,NaN,NaN,NaN,1,0,KnownSignal,db53f28e0f9ff3f5a9fe1405bd19c41fa3e86587bdbad9c70c4836be293c9ce2,M400-01-baseline-awake,shrinking_clean
/Users/zcm361/Documents/Github/OxygenDynamicsV2/reference-validation/surge-shape-evidence-20260909/M400-01-baseline-awake/shrinking_clean,sink,56,3,195,549,567,549,567,1048,20,2,0,18,0,NaN,NaN,insufficient_clean_prebaseline,insufficient_clean_prebaseline,NaN,NaN,NaN,1,0,KnownSignal,db53f28e0f9ff3f5a9fe1405bd19c41fa3e86587bdbad9c70c4836be293c9ce2,M400-01-baseline-awake,shrinking_clean
/Users/zcm361/Documents/Github/OxygenDynamicsV2/reference-validation/surge-shape-evidence-20260909/M400-01-baseline-awake/shrinking_clean,surge,1,1,1,3,14,3,14,1680,20,2,1,0,0,NaN,NaN,insufficient_clean_prebaseline,insufficient_clean_prebaseline,NaN,NaN,NaN,1,0,KnownSignal,db53f28e0f9ff3f5a9fe1405bd19c41fa3e86587bdbad9c70c4836be293c9ce2,M400-01-baseline-awake,shrinking_clean
/Users/zcm361/Documents/Github/OxygenDynamicsV2/reference-validation/surge-shape-evidence-20260909/M400-01-baseline-awake/shrinking_clean,surge,2,1,2,7,18,7,18,1555,20,6,1,0,0,NaN,NaN,insufficient_clean_prebaseline,insufficient_clean_prebaseline,NaN,NaN,NaN,1,0,KnownSignal,db53f28e0f9ff3f5a9fe1405bd19c41fa3e86587bdbad9c70c4836be293c9ce2,M400-01-baseline-awake,shrinking_clean
/Users/zcm361/Documents/Github/OxygenDynamicsV2/reference-validation/surge-shape-evidence-20260909/M400-01-baseline-awake/shrinking_clean,surge,3,1,3,27,36,27,36,1296,20,20,0,0,0,125.000308641975,125.000308641975,valid,valid,0.00875059567754157,0.00875059567754157,0,1,0,KnownSignal,db53f28e0f9ff3f5a9fe1405bd19c41fa3e86587bdbad9c70c4836be293c9ce2,M400-01-baseline-awake,shrinking_clean
/Users/zcm361/Documents/Github/OxygenDynamicsV2/reference-validation/surge-shape-evidence-20260909/M400-01-baseline-awake/shrinking_clean,surge,4,1,4,56,71,56,71,4654,20,5,0,15,0,NaN,NaN,insufficient_clean_prebaseline,insufficient_clean_prebaseline,NaN,NaN,NaN,1,0,KnownSignal,db53f28e0f9ff3f5a9fe1405bd19c41fa3e86587bdbad9c70c4836be293c9ce2,M400-01-baseline-awake,shrinking_clean
/Users/zcm361/Documents/Github/OxygenDynamicsV2/reference-validation/surge-shape-evidence-20260909/M400-01-baseline-awake/shrinking_clean,surge,5,1,5,58,67,58,67,4741,20,18,0,2,0,NaN,NaN,insufficient_clean_prebaseline,insufficient_clean_prebaseline,NaN,NaN,NaN,1,0,KnownSignal,db53f28e0f9ff3f5a9fe1405bd19c41fa3e86587bdbad9c70c4836be293c9ce2,M400-01-baseline-awake,shrinking_clean
/Users/zcm361/Documents/Github/OxygenDynamicsV2/reference-validation/surge-shape-evidence-20260909/M400-01-baseline-awake/shrinking_clean,surge,6,1,6,59,74,59,74,1993,20,20,0,0,0,52.7394882087306,52.7394882087306,valid,valid,0.0614329015943327,0.0614329015943327,0,1,0,KnownSignal,db53f28e0f9ff3f5a9fe1405bd19c41fa3e86587bdbad9c70c4836be293c9ce2,M400-01-baseline-awake,shrinking_clean
/Users/zcm361/Documents/Github/OxygenDynamicsV2/reference-validation/surge-shape-evidence-20260909/M400-01-baseline-awake/shrinking_clean,surge,7,1,7,65,83,65,83,10478,20,17,0,3,0,NaN,NaN,insufficient_clean_prebaseline,insufficient_clean_prebaseline,NaN,NaN,NaN,1,0,KnownSignal,db53f28e0f9ff3f5a9fe1405bd19c41fa3e86587bdbad9c70c4836be293c9ce2,M400-01-baseline-awake,shrinking_clean
/Users/zcm361/Documents/Github/OxygenDynamicsV2/reference-validation/surge-shape-evidence-20260909/M400-01-baseline-awake/shrinking_clean,surge,7,2,8,210,219,210,219,9534,20,7,0,13,0,NaN,NaN,insufficient_clean_prebaseline,insufficient_clean_prebaseline,NaN,NaN,NaN,1,0,KnownSignal,db53f28e0f9ff3f5a9fe1405bd19c41fa3e86587bdbad9c70c4836be293c9ce2,M400-01-baseline-awake,shrinking_clean
/Users/zcm361/Documents/Github/OxygenDynamicsV2/reference-validation/surge-shape-evidence-20260909/M400-01-baseline-awake/shrinking_clean,surge,8,1,9,66,76,66,76,6988,20,20,0,0,0,76.7380724098454,76.7380724098454,valid,valid,0.0290638255060904,0.0290638255060904,0,1,0,KnownSignal,db53f28e0f9ff3f5a9fe1405bd19c41fa3e86587bdbad9c70c4836be293c9ce2,M400-01-baseline-awake,shrinking_clean
/Users/zcm361/Documents/Github/OxygenDynamicsV2/reference-validation/surge-shape-evidence-20260909/M400-01-baseline-awake/shrinking_clean,surge,9,1,10,77,87,77,87,20401,20,0,0,20,0,NaN,NaN,insufficient_clean_prebaseline,insufficient_clean_prebaseline,NaN,NaN,NaN,1,0,KnownSignal,db53f28e0f9ff3f5a9fe1405bd19c41fa3e86587bdbad9c70c4836be293c9ce2,M400-01-baseline-awake,shrinking_clean
/Users/zcm361/Documents/Github/OxygenDynamicsV2/reference-validation/surge-shape-evidence-20260909/M400-01-baseline-awake/shrinking_clean,surge,10,1,11,106,115,106,115,2801,20,20,0,0,0,92.7159407354516,92.7159407354516,valid,valid,0.022763613105794,0.022763613105794,0,1,0,KnownSignal,db53f28e0f9ff3f5a9fe1405bd19c41fa3e86587bdbad9c70c4836be293c9ce2,M400-01-baseline-awake,shrinking_clean
/Users/zcm361/Documents/Github/OxygenDynamicsV2/reference-validation/surge-shape-evidence-20260909/M400-01-baseline-awake/shrinking_clean,surge,11,1,12,106,116,106,116,7756,20,4,0,16,0,NaN,NaN,insufficient_clean_prebaseline,insufficient_clean_prebaseline,NaN,NaN,NaN,1,0,KnownSignal,db53f28e0f9ff3f5a9fe1405bd19c41fa3e86587bdbad9c70c4836be293c9ce2,M400-01-baseline-awake,shrinking_clean
/Users/zcm361/Documents/Github/OxygenDynamicsV2/reference-validation/surge-shape-evidence-20260909/M400-01-baseline-awake/shrinking_clean,surge,11,2,13,127,145,127,145,6947,20,8,0,12,0,NaN,NaN,insufficient_clean_prebaseline,insufficient_clean_prebaseline,NaN,NaN,NaN,1,0,KnownSignal,db53f28e0f9ff3f5a9fe1405bd19c41fa3e86587bdbad9c70c4836be293c9ce2,M400-01-baseline-awake,shrinking_clean
/Users/zcm361/Documents/Github/OxygenDynamicsV2/reference-validation/surge-shape-evidence-20260909/M400-01-baseline-awake/shrinking_clean,surge,12,1,14,127,155,127,155,5859,20,18,0,2,0,NaN,NaN,insufficient_clean_prebaseline,insufficient_clean_prebaseline,NaN,NaN,NaN,1,0,KnownSignal,db53f28e0f9ff3f5a9fe1405bd19c41fa3e86587bdbad9c70c4836be293c9ce2,M400-01-baseline-awake,shrinking_clean
/Users/zcm361/Documents/Github/OxygenDynamicsV2/reference-validation/surge-shape-evidence-20260909/M400-01-baseline-awake/shrinking_clean,surge,13,1,15,133,145,133,145,2006,20,14,0,6,0,NaN,NaN,insufficient_clean_prebaseline,insufficient_clean_prebaseline,NaN,NaN,NaN,1,0,KnownSignal,db53f28e0f9ff3f5a9fe1405bd19c41fa3e86587bdbad9c70c4836be293c9ce2,M400-01-baseline-awake,shrinking_clean
/Users/zcm361/Documents/Github/OxygenDynamicsV2/reference-validation/surge-shape-evidence-20260909/M400-01-baseline-awake/shrinking_clean,surge,14,1,16,140,156,140,156,3763,20,20,0,0,0,119.960045176721,119.960045176721,valid,valid,0.017315425135462,0.017315425135462,0,1,0,KnownSignal,db53f28e0f9ff3f5a9fe1405bd19c41fa3e86587bdbad9c70c4836be293c9ce2,M400-01-baseline-awake,shrinking_clean
/Users/zcm361/Documents/Github/OxygenDynamicsV2/reference-validation/surge-shape-evidence-20260909/M400-01-baseline-awake/shrinking_clean,surge,15,1,17,144,155,144,155,4088,20,20,0,0,0,107.075134540117,107.075134540117,valid,valid,0.0220981001347541,0.0220981001347541,0,1,0,KnownSignal,db53f28e0f9ff3f5a9fe1405bd19c41fa3e86587bdbad9c70c4836be293c9ce2,M400-01-baseline-awake,shrinking_clean
/Users/zcm361/Documents/Github/OxygenDynamicsV2/reference-validation/surge-shape-evidence-20260909/M400-01-baseline-awake/shrinking_clean,surge,16,1,18,156,169,156,169,2870,20,8,0,12,0,NaN,NaN,insufficient_clean_prebaseline,insufficient_clean_prebaseline,NaN,NaN,NaN,1,0,KnownSignal,db53f28e0f9ff3f5a9fe1405bd19c41fa3e86587bdbad9c70c4836be293c9ce2,M400-01-baseline-awake,shrinking_clean
/Users/zcm361/Documents/Github/OxygenDynamicsV2/reference-validation/surge-shape-evidence-20260909/M400-01-baseline-awake/shrinking_clean,surge,16,2,19,363,388,363,388,3176,20,20,0,0,0,100.069852015113,100.069852015113,valid,valid,0.0460671599514005,0.0460671599514005,0,1,0,KnownSignal,db53f28e0f9ff3f5a9fe1405bd19c41fa3e86587bdbad9c70c4836be293c9ce2,M400-01-baseline-awake,shrinking_clean
/Users/zcm361/Documents/Github/OxygenDynamicsV2/reference-validation/surge-shape-evidence-20260909/M400-01-baseline-awake/shrinking_clean,surge,17,1,20,157,187,157,187,2364,20,9,0,11,0,NaN,NaN,insufficient_clean_prebaseline,insufficient_clean_prebaseline,NaN,NaN,NaN,1,0,KnownSignal,db53f28e0f9ff3f5a9fe1405bd19c41fa3e86587bdbad9c70c4836be293c9ce2,M400-01-baseline-awake,shrinking_clean
/Users/zcm361/Documents/Github/OxygenDynamicsV2/reference-validation/surge-shape-evidence-20260909/M400-01-baseline-awake/shrinking_clean,surge,17,2,21,189,210,189,210,2646,20,1,0,19,0,NaN,NaN,insufficient_clean_prebaseline,insufficient_clean_prebaseline,NaN,NaN,NaN,1,0,KnownSignal,db53f28e0f9ff3f5a9fe1405bd19c41fa3e86587bdbad9c70c4836be293c9ce2,M400-01-baseline-awake,shrinking_clean
/Users/zcm361/Documents/Github/OxygenDynamicsV2/reference-validation/surge-shape-evidence-20260909/M400-01-baseline-awake/shrinking_clean,surge,17,3,22,227,240,227,240,2269,20,16,0,4,0,NaN,NaN,insufficient_clean_prebaseline,insufficient_clean_prebaseline,NaN,NaN,NaN,1,0,KnownSignal,db53f28e0f9ff3f5a9fe1405bd19c41fa3e86587bdbad9c70c4836be293c9ce2,M400-01-baseline-awake,shrinking_clean
/Users/zcm361/Documents/Github/OxygenDynamicsV2/reference-validation/surge-shape-evidence-20260909/M400-01-baseline-awake/shrinking_clean,surge,18,1,23,161,179,161,179,1891,20,5,0,15,0,NaN,NaN,insufficient_clean_prebaseline,insufficient_clean_prebaseline,NaN,NaN,NaN,1,0,KnownSignal,db53f28e0f9ff3f5a9fe1405bd19c41fa3e86587bdbad9c70c4836be293c9ce2,M400-01-baseline-awake,shrinking_clean
/Users/zcm361/Documents/Github/OxygenDynamicsV2/reference-validation/surge-shape-evidence-20260909/M400-01-baseline-awake/shrinking_clean,surge,19,1,24,169,186,169,186,3079,20,20,0,0,0,110.451981162715,110.451981162715,valid,valid,0.0160236519671085,0.0160236519671085,0,1,0,KnownSignal,db53f28e0f9ff3f5a9fe1405bd19c41fa3e86587bdbad9c70c4836be293c9ce2,M400-01-baseline-awake,shrinking_clean
/Users/zcm361/Documents/Github/OxygenDynamicsV2/reference-validation/surge-shape-evidence-20260909/M400-01-baseline-awake/shrinking_clean,surge,19,2,25,197,206,197,206,3046,20,5,0,15,0,NaN,NaN,insufficient_clean_prebaseline,insufficient_clean_prebaseline,NaN,NaN,NaN,1,0,KnownSignal,db53f28e0f9ff3f5a9fe1405bd19c41fa3e86587bdbad9c70c4836be293c9ce2,M400-01-baseline-awake,shrinking_clean
/Users/zcm361/Documents/Github/OxygenDynamicsV2/reference-validation/surge-shape-evidence-20260909/M400-01-baseline-awake/shrinking_clean,surge,19,3,26,324,334,324,334,3463,20,20,0,0,0,104.686139185677,104.686139185677,valid,valid,0.0374478557662154,0.0374478557662154,0,1,0,KnownSignal,db53f28e0f9ff3f5a9fe1405bd19c41fa3e86587bdbad9c70c4836be293c9ce2,M400-01-baseline-awake,shrinking_clean
/Users/zcm361/Documents/Github/OxygenDynamicsV2/reference-validation/surge-shape-evidence-20260909/M400-01-baseline-awake/shrinking_clean,surge,19,4,27,534,543,534,543,3526,20,2,0,18,0,NaN,NaN,insufficient_clean_prebaseline,insufficient_clean_prebaseline,NaN,NaN,NaN,1,0,KnownSignal,db53f28e0f9ff3f5a9fe1405bd19c41fa3e86587bdbad9c70c4836be293c9ce2,M400-01-baseline-awake,shrinking_clean
/Users/zcm361/Documents/Github/OxygenDynamicsV2/reference-validation/surge-shape-evidence-20260909/M400-01-baseline-awake/shrinking_clean,surge,20,1,28,174,185,174,185,1023,20,20,0,0,0,40.528201368524,40.528201368524,valid,valid,0.126449728475519,0.126449728475519,0,1,0,KnownSignal,db53f28e0f9ff3f5a9fe1405bd19c41fa3e86587bdbad9c70c4836be293c9ce2,M400-01-baseline-awake,shrinking_clean
/Users/zcm361/Documents/Github/OxygenDynamicsV2/reference-validation/surge-shape-evidence-20260909/M400-01-baseline-awake/shrinking_clean,surge,20,2,29,446,456,446,456,1138,20,20,0,0,0,41.6981985940246,41.6981985940246,valid,valid,0.101184235620636,0.101184235620636,0,1,0,KnownSignal,db53f28e0f9ff3f5a9fe1405bd19c41fa3e86587bdbad9c70c4836be293c9ce2,M400-01-baseline-awake,shrinking_clean
/Users/zcm361/Documents/Github/OxygenDynamicsV2/reference-validation/surge-shape-evidence-20260909/M400-01-baseline-awake/shrinking_clean,surge,21,1,30,196,206,196,206,2391,20,20,0,0,0,66.7998327059807,66.7998327059807,valid,valid,0.0570103381952237,0.0570103381952237,0,1,0,KnownSignal,db53f28e0f9ff3f5a9fe1405bd19c41fa3e86587bdbad9c70c4836be293c9ce2,M400-01-baseline-awake,shrinking_clean
/Users/zcm361/Documents/Github/OxygenDynamicsV2/reference-validation/surge-shape-evidence-20260909/M400-01-baseline-awake/shrinking_clean,surge,22,1,31,209,219,209,219,4732,20,20,0,0,0,110.549503381234,110.549503381234,valid,valid,0.0575541665611298,0.0575541665611298,0,1,0,KnownSignal,db53f28e0f9ff3f5a9fe1405bd19c41fa3e86587bdbad9c70c4836be293c9ce2,M400-01-baseline-awake,shrinking_clean
/Users/zcm361/Documents/Github/OxygenDynamicsV2/reference-validation/surge-shape-evidence-20260909/M400-01-baseline-awake/shrinking_clean,surge,23,1,32,241,251,241,251,3280,20,20,0,0,0,101.133673780488,101.133673780488,valid,valid,0.036716528730916,0.036716528730916,0,1,0,KnownSignal,db53f28e0f9ff3f5a9fe1405bd19c41fa3e86587bdbad9c70c4836be293c9ce2,M400-01-baseline-awake,shrinking_clean
/Users/zcm361/Documents/Github/OxygenDynamicsV2/reference-validation/surge-shape-evidence-20260909/M400-01-baseline-awake/shrinking_clean,surge,24,1,33,241,254,241,254,2258,20,20,0,0,0,89.2046944198406,89.2046944198406,valid,valid,0.0560746921174317,0.0560746921174317,0,1,0,KnownSignal,db53f28e0f9ff3f5a9fe1405bd19c41fa3e86587bdbad9c70c4836be293c9ce2,M400-01-baseline-awake,shrinking_clean
/Users/zcm361/Documents/Github/OxygenDynamicsV2/reference-validation/surge-shape-evidence-20260909/M400-01-baseline-awake/shrinking_clean,surge,25,1,34,241,252,241,252,3165,20,20,0,0,0,75.1266508688784,75.1266508688784,valid,valid,0.0475538201209248,0.0475538201209248,0,1,0,KnownSignal,db53f28e0f9ff3f5a9fe1405bd19c41fa3e86587bdbad9c70c4836be293c9ce2,M400-01-baseline-awake,shrinking_clean
/Users/zcm361/Documents/Github/OxygenDynamicsV2/reference-validation/surge-shape-evidence-20260909/M400-01-baseline-awake/shrinking_clean,surge,26,1,35,242,253,242,253,3295,20,20,0,0,0,104.810652503794,104.810652503794,valid,valid,0.027409497175483,0.027409497175483,0,1,0,KnownSignal,db53f28e0f9ff3f5a9fe1405bd19c41fa3e86587bdbad9c70c4836be293c9ce2,M400-01-baseline-awake,shrinking_clean
/Users/zcm361/Documents/Github/OxygenDynamicsV2/reference-validation/surge-shape-evidence-20260909/M400-01-baseline-awake/shrinking_clean,surge,27,1,36,243,253,243,253,2225,20,20,0,0,0,67.6301573033708,67.6301573033708,valid,valid,0.0951633172090635,0.0951633172090635,0,1,0,KnownSignal,db53f28e0f9ff3f5a9fe1405bd19c41fa3e86587bdbad9c70c4836be293c9ce2,M400-01-baseline-awake,shrinking_clean
/Users/zcm361/Documents/Github/OxygenDynamicsV2/reference-validation/surge-shape-evidence-20260909/M400-01-baseline-awake/shrinking_clean,surge,27,2,37,331,347,331,347,2607,20,20,0,0,0,73.134944380514,73.134944380514,valid,valid,0.0583029306188727,0.0583029306188727,0,1,0,KnownSignal,db53f28e0f9ff3f5a9fe1405bd19c41fa3e86587bdbad9c70c4836be293c9ce2,M400-01-baseline-awake,shrinking_clean
/Users/zcm361/Documents/Github/OxygenDynamicsV2/reference-validation/surge-shape-evidence-20260909/M400-01-baseline-awake/shrinking_clean,surge,28,1,38,245,254,245,254,2687,20,17,0,3,0,NaN,NaN,insufficient_clean_prebaseline,insufficient_clean_prebaseline,NaN,NaN,NaN,1,0,KnownSignal,db53f28e0f9ff3f5a9fe1405bd19c41fa3e86587bdbad9c70c4836be293c9ce2,M400-01-baseline-awake,shrinking_clean
/Users/zcm361/Documents/Github/OxygenDynamicsV2/reference-validation/surge-shape-evidence-20260909/M400-01-baseline-awake/shrinking_clean,surge,29,1,39,284,294,284,294,4255,20,6,0,14,0,NaN,NaN,insufficient_clean_prebaseline,insufficient_clean_prebaseline,NaN,NaN,NaN,1,0,KnownSignal,db53f28e0f9ff3f5a9fe1405bd19c41fa3e86587bdbad9c70c4836be293c9ce2,M400-01-baseline-awake,shrinking_clean
/Users/zcm361/Documents/Github/OxygenDynamicsV2/reference-validation/surge-shape-evidence-20260909/M400-01-baseline-awake/shrinking_clean,surge,30,1,40,301,310,301,310,1881,20,20,0,0,0,86.3178096757044,86.3178096757044,valid,valid,0.0306176623114266,0.0306176623114266,0,1,0,KnownSignal,db53f28e0f9ff3f5a9fe1405bd19c41fa3e86587bdbad9c70c4836be293c9ce2,M400-01-baseline-awake,shrinking_clean
/Users/zcm361/Documents/Github/OxygenDynamicsV2/reference-validation/surge-shape-evidence-20260909/M400-01-baseline-awake/shrinking_clean,surge,31,1,41,320,332,320,332,1496,20,20,0,0,0,91.6512366310161,91.6512366310161,valid,valid,0.0380916087601034,0.0380916087601034,0,1,0,KnownSignal,db53f28e0f9ff3f5a9fe1405bd19c41fa3e86587bdbad9c70c4836be293c9ce2,M400-01-baseline-awake,shrinking_clean
/Users/zcm361/Documents/Github/OxygenDynamicsV2/reference-validation/surge-shape-evidence-20260909/M400-01-baseline-awake/shrinking_clean,surge,32,1,42,325,338,325,338,2026,20,20,0,0,0,122.423766041461,122.423766041461,valid,valid,0.0410209548783405,0.0410209548783405,0,1,0,KnownSignal,db53f28e0f9ff3f5a9fe1405bd19c41fa3e86587bdbad9c70c4836be293c9ce2,M400-01-baseline-awake,shrinking_clean
/Users/zcm361/Documents/Github/OxygenDynamicsV2/reference-validation/surge-shape-evidence-20260909/M400-01-baseline-awake/shrinking_clean,surge,33,1,43,382,393,382,393,1732,20,19,0,1,0,NaN,NaN,insufficient_clean_prebaseline,insufficient_clean_prebaseline,NaN,NaN,NaN,1,0,KnownSignal,db53f28e0f9ff3f5a9fe1405bd19c41fa3e86587bdbad9c70c4836be293c9ce2,M400-01-baseline-awake,shrinking_clean
/Users/zcm361/Documents/Github/OxygenDynamicsV2/reference-validation/surge-shape-evidence-20260909/M400-01-baseline-awake/shrinking_clean,surge,34,1,44,390,400,390,400,2535,20,20,0,0,0,93.7320118343195,93.7320118343195,valid,valid,0.0222437420208226,0.0222437420208226,0,1,0,KnownSignal,db53f28e0f9ff3f5a9fe1405bd19c41fa3e86587bdbad9c70c4836be293c9ce2,M400-01-baseline-awake,shrinking_clean
/Users/zcm361/Documents/Github/OxygenDynamicsV2/reference-validation/surge-shape-evidence-20260909/M400-01-baseline-awake/shrinking_clean,surge,35,1,45,415,430,415,430,1726,20,20,0,0,0,114.691222479722,114.691222479722,valid,valid,0.036229828642122,0.036229828642122,0,1,0,KnownSignal,db53f28e0f9ff3f5a9fe1405bd19c41fa3e86587bdbad9c70c4836be293c9ce2,M400-01-baseline-awake,shrinking_clean
/Users/zcm361/Documents/Github/OxygenDynamicsV2/reference-validation/surge-shape-evidence-20260909/M400-01-baseline-awake/shrinking_clean,surge,36,1,46,432,459,432,459,7444,20,4,0,16,0,NaN,NaN,insufficient_clean_prebaseline,insufficient_clean_prebaseline,NaN,NaN,NaN,1,0,KnownSignal,db53f28e0f9ff3f5a9fe1405bd19c41fa3e86587bdbad9c70c4836be293c9ce2,M400-01-baseline-awake,shrinking_clean
/Users/zcm361/Documents/Github/OxygenDynamicsV2/reference-validation/surge-shape-evidence-20260909/M400-01-baseline-awake/shrinking_clean,surge,37,1,47,468,478,468,478,1623,20,20,0,0,0,81.3199938385706,81.3199938385706,valid,valid,0.0222654771641813,0.0222654771641813,0,1,0,KnownSignal,db53f28e0f9ff3f5a9fe1405bd19c41fa3e86587bdbad9c70c4836be293c9ce2,M400-01-baseline-awake,shrinking_clean
/Users/zcm361/Documents/Github/OxygenDynamicsV2/reference-validation/surge-shape-evidence-20260909/M400-01-baseline-awake/shrinking_clean,surge,38,1,48,535,544,535,544,4349,20,20,0,0,0,80.7997930558749,80.7997930558749,valid,valid,0.0391370703842336,0.0391370703842336,0,1,0,KnownSignal,db53f28e0f9ff3f5a9fe1405bd19c41fa3e86587bdbad9c70c4836be293c9ce2,M400-01-baseline-awake,shrinking_clean
/Users/zcm361/Documents/Github/OxygenDynamicsV2/reference-validation/surge-shape-evidence-20260909/M400-01-baseline-awake/shrinking_clean,surge,39,1,49,559,569,559,569,1612,20,20,0,0,0,102.986042183623,102.986042183623,valid,valid,0.0371144515355681,0.0371144515355681,0,1,0,KnownSignal,db53f28e0f9ff3f5a9fe1405bd19c41fa3e86587bdbad9c70c4836be293c9ce2,M400-01-baseline-awake,shrinking_clean
/Users/zcm361/Documents/Github/OxygenDynamicsV2/reference-validation/surge-shape-evidence-20260909/M400-01-baseline-awake/shrinking_clean,surge,40,1,50,580,600,580,600,2616,20,12,0,8,0,NaN,NaN,insufficient_clean_prebaseline,insufficient_clean_prebaseline,NaN,NaN,NaN,1,0,KnownSignal,db53f28e0f9ff3f5a9fe1405bd19c41fa3e86587bdbad9c70c4836be293c9ce2,M400-01-baseline-awake,shrinking_clean
/Users/zcm361/Documents/Github/OxygenDynamicsV2/reference-validation/surge-shape-evidence-20260909/M400-01-baseline-awake/shrinking_clean,surge,41,1,51,590,600,590,600,1407,20,20,0,0,0,99.7588130774698,99.7588130774698,valid,valid,0.00598707686235423,0.00598707686235423,0,1,0,KnownSignal,db53f28e0f9ff3f5a9fe1405bd19c41fa3e86587bdbad9c70c4836be293c9ce2,M400-01-baseline-awake,shrinking_clean
/Users/zcm361/Documents/Github/OxygenDynamicsV2/reference-validation/surge-shape-evidence-20260909/M401-01-baseline-awake/growing_clean,sink,1,1,1,1,6,1,6,554,20,0,1,0,0,NaN,NaN,insufficient_clean_prebaseline,insufficient_clean_prebaseline,NaN,NaN,NaN,1,0,KnownSignal,27fc9fb6eaa66dc8620c7b5fa98d583bb3473681c9f27916fba02160e770cea3,M401-01-baseline-awake,growing_clean
/Users/zcm361/Documents/Github/OxygenDynamicsV2/reference-validation/surge-shape-evidence-20260909/M401-01-baseline-awake/growing_clean,sink,1,2,2,8,12,8,12,421,20,1,1,6,0,NaN,NaN,insufficient_clean_prebaseline,insufficient_clean_prebaseline,NaN,NaN,NaN,1,0,KnownSignal,27fc9fb6eaa66dc8620c7b5fa98d583bb3473681c9f27916fba02160e770cea3,M401-01-baseline-awake,growing_clean
/Users/zcm361/Documents/Github/OxygenDynamicsV2/reference-validation/surge-shape-evidence-20260909/M401-01-baseline-awake/growing_clean,sink,2,1,3,1,6,1,6,329,20,0,1,0,0,NaN,NaN,insufficient_clean_prebaseline,insufficient_clean_prebaseline,NaN,NaN,NaN,1,0,KnownSignal,27fc9fb6eaa66dc8620c7b5fa98d583bb3473681c9f27916fba02160e770cea3,M401-01-baseline-awake,growing_clean
/Users/zcm361/Documents/Github/OxygenDynamicsV2/reference-validation/surge-shape-evidence-20260909/M401-01-baseline-awake/growing_clean,sink,3,1,4,1,7,1,7,430,20,0,1,0,0,NaN,NaN,insufficient_clean_prebaseline,insufficient_clean_prebaseline,NaN,NaN,NaN,1,0,KnownSignal,27fc9fb6eaa66dc8620c7b5fa98d583bb3473681c9f27916fba02160e770cea3,M401-01-baseline-awake,growing_clean
/Users/zcm361/Documents/Github/OxygenDynamicsV2/reference-validation/surge-shape-evidence-20260909/M401-01-baseline-awake/growing_clean,sink,3,2,5,11,13,11,13,226,20,3,1,7,0,NaN,NaN,insufficient_clean_prebaseline,insufficient_clean_prebaseline,NaN,NaN,NaN,1,0,KnownSignal,27fc9fb6eaa66dc8620c7b5fa98d583bb3473681c9f27916fba02160e770cea3,M401-01-baseline-awake,growing_clean
/Users/zcm361/Documents/Github/OxygenDynamicsV2/reference-validation/surge-shape-evidence-20260909/M401-01-baseline-awake/growing_clean,sink,4,1,6,1,3,1,3,1006,20,0,1,0,0,NaN,NaN,insufficient_clean_prebaseline,insufficient_clean_prebaseline,NaN,NaN,NaN,1,0,KnownSignal,27fc9fb6eaa66dc8620c7b5fa98d583bb3473681c9f27916fba02160e770cea3,M401-01-baseline-awake,growing_clean
/Users/zcm361/Documents/Github/OxygenDynamicsV2/reference-validation/surge-shape-evidence-20260909/M401-01-baseline-awake/growing_clean,sink,4,2,7,253,262,254,259,602,20,19,0,1,0,NaN,NaN,insufficient_clean_prebaseline,insufficient_clean_prebaseline,NaN,NaN,NaN,1,0,KnownSignal,27fc9fb6eaa66dc8620c7b5fa98d583bb3473681c9f27916fba02160e770cea3,M401-01-baseline-awake,growing_clean
/Users/zcm361/Documents/Github/OxygenDynamicsV2/reference-validation/surge-shape-evidence-20260909/M401-01-baseline-awake/growing_clean,sink,5,1,8,343,367,358,367,965,20,20,0,0,0,139.895492227979,139.895492227979,valid,valid,0.0862683209486876,0.0862683209486876,0,1,0,KnownSignal,27fc9fb6eaa66dc8620c7b5fa98d583bb3473681c9f27916fba02160e770cea3,M401-01-baseline-awake,growing_clean
/Users/zcm361/Documents/Github/OxygenDynamicsV2/reference-validation/surge-shape-evidence-20260909/M401-01-baseline-awake/growing_clean,sink,5,2,9,369,376,369,376,1215,20,10,0,10,0,NaN,NaN,insufficient_clean_prebaseline,insufficient_clean_prebaseline,NaN,NaN,NaN,1,0,KnownSignal,27fc9fb6eaa66dc8620c7b5fa98d583bb3473681c9f27916fba02160e770cea3,M401-01-baseline-awake,growing_clean
/Users/zcm361/Documents/Github/OxygenDynamicsV2/reference-validation/surge-shape-evidence-20260909/M401-01-baseline-awake/growing_clean,sink,5,3,10,384,386,384,386,406,20,8,0,12,0,NaN,NaN,insufficient_clean_prebaseline,insufficient_clean_prebaseline,NaN,NaN,NaN,1,0,KnownSignal,27fc9fb6eaa66dc8620c7b5fa98d583bb3473681c9f27916fba02160e770cea3,M401-01-baseline-awake,growing_clean
/Users/zcm361/Documents/Github/OxygenDynamicsV2/reference-validation/surge-shape-evidence-20260909/M401-01-baseline-awake/growing_clean,sink,5,4,11,388,392,388,392,448,20,12,0,8,0,NaN,NaN,insufficient_clean_prebaseline,insufficient_clean_prebaseline,NaN,NaN,NaN,1,0,KnownSignal,27fc9fb6eaa66dc8620c7b5fa98d583bb3473681c9f27916fba02160e770cea3,M401-01-baseline-awake,growing_clean
/Users/zcm361/Documents/Github/OxygenDynamicsV2/reference-validation/surge-shape-evidence-20260909/M401-01-baseline-awake/growing_clean,sink,5,5,12,397,400,397,400,584,20,12,0,8,0,NaN,NaN,insufficient_clean_prebaseline,insufficient_clean_prebaseline,NaN,NaN,NaN,1,0,KnownSignal,27fc9fb6eaa66dc8620c7b5fa98d583bb3473681c9f27916fba02160e770cea3,M401-01-baseline-awake,growing_clean
/Users/zcm361/Documents/Github/OxygenDynamicsV2/reference-validation/surge-shape-evidence-20260909/M401-01-baseline-awake/growing_clean,sink,5,6,13,519,545,535,544,622,20,19,0,1,0,NaN,NaN,insufficient_clean_prebaseline,insufficient_clean_prebaseline,NaN,NaN,NaN,1,0,KnownSignal,27fc9fb6eaa66dc8620c7b5fa98d583bb3473681c9f27916fba02160e770cea3,M401-01-baseline-awake,growing_clean
/Users/zcm361/Documents/Github/OxygenDynamicsV2/reference-validation/surge-shape-evidence-20260909/M401-01-baseline-awake/growing_clean,sink,6,1,14,2,17,2,15,1082,20,0,1,1,0,NaN,NaN,insufficient_clean_prebaseline,insufficient_clean_prebaseline,NaN,NaN,NaN,1,0,KnownSignal,27fc9fb6eaa66dc8620c7b5fa98d583bb3473681c9f27916fba02160e770cea3,M401-01-baseline-awake,growing_clean
/Users/zcm361/Documents/Github/OxygenDynamicsV2/reference-validation/surge-shape-evidence-20260909/M401-01-baseline-awake/growing_clean,sink,6,2,15,194,203,201,203,400,20,20,0,0,0,211.02075,211.02075,valid,valid,0.0350238069005061,0.0350238069005061,0,1,0,KnownSignal,27fc9fb6eaa66dc8620c7b5fa98d583bb3473681c9f27916fba02160e770cea3,M401-01-baseline-awake,growing_clean
/Users/zcm361/Documents/Github/OxygenDynamicsV2/reference-validation/surge-shape-evidence-20260909/M401-01-baseline-awake/growing_clean,sink,6,3,16,213,219,217,219,395,20,17,0,3,0,NaN,NaN,insufficient_clean_prebaseline,insufficient_clean_prebaseline,NaN,NaN,NaN,1,0,KnownSignal,27fc9fb6eaa66dc8620c7b5fa98d583bb3473681c9f27916fba02160e770cea3,M401-01-baseline-awake,growing_clean
/Users/zcm361/Documents/Github/OxygenDynamicsV2/reference-validation/surge-shape-evidence-20260909/M401-01-baseline-awake/growing_clean,sink,6,4,17,257,263,259,261,186,20,20,0,0,0,231.766666666667,231.766666666667,valid,valid,0.0405394747219814,0.0405394747219814,0,1,0,KnownSignal,27fc9fb6eaa66dc8620c7b5fa98d583bb3473681c9f27916fba02160e770cea3,M401-01-baseline-awake,growing_clean
/Users/zcm361/Documents/Github/OxygenDynamicsV2/reference-validation/surge-shape-evidence-20260909/M401-01-baseline-awake/growing_clean,sink,6,5,18,597,599,597,599,547,20,20,0,0,0,212.272760511883,212.272760511883,valid,valid,0.0697784575741604,0.0697784575741604,0,1,0,KnownSignal,27fc9fb6eaa66dc8620c7b5fa98d583bb3473681c9f27916fba02160e770cea3,M401-01-baseline-awake,growing_clean
/Users/zcm361/Documents/Github/OxygenDynamicsV2/reference-validation/surge-shape-evidence-20260909/M401-01-baseline-awake/growing_clean,sink,7,1,19,8,12,8,12,363,20,7,1,0,0,NaN,NaN,insufficient_clean_prebaseline,insufficient_clean_prebaseline,NaN,NaN,NaN,1,0,KnownSignal,27fc9fb6eaa66dc8620c7b5fa98d583bb3473681c9f27916fba02160e770cea3,M401-01-baseline-awake,growing_clean
/Users/zcm361/Documents/Github/OxygenDynamicsV2/reference-validation/surge-shape-evidence-20260909/M401-01-baseline-awake/growing_clean,sink,7,2,20,142,145,143,145,310,20,20,0,0,0,189.660483870968,189.660483870968,valid,valid,0.0787953006008189,0.0787953006008189,0,1,0,KnownSignal,27fc9fb6eaa66dc8620c7b5fa98d583bb3473681c9f27916fba02160e770cea3,M401-01-baseline-awake,growing_clean
/Users/zcm361/Documents/Github/OxygenDynamicsV2/reference-validation/surge-shape-evidence-20260909/M401-01-baseline-awake/growing_clean,sink,7,3,21,151,153,151,153,282,20,17,0,3,0,NaN,NaN,insufficient_clean_prebaseline,insufficient_clean_prebaseline,NaN,NaN,NaN,1,0,KnownSignal,27fc9fb6eaa66dc8620c7b5fa98d583bb3473681c9f27916fba02160e770cea3,M401-01-baseline-awake,growing_clean
/Users/zcm361/Documents/Github/OxygenDynamicsV2/reference-validation/surge-shape-evidence-20260909/M401-01-baseline-awake/growing_clean,sink,7,4,22,161,172,163,171,324,20,14,0,6,0,NaN,NaN,insufficient_clean_prebaseline,insufficient_clean_prebaseline,NaN,NaN,NaN,1,0,KnownSignal,27fc9fb6eaa66dc8620c7b5fa98d583bb3473681c9f27916fba02160e770cea3,M401-01-baseline-awake,growing_clean
/Users/zcm361/Documents/Github/OxygenDynamicsV2/reference-validation/surge-shape-evidence-20260909/M401-01-baseline-awake/growing_clean,sink,7,5,23,206,210,206,210,326,20,17,0,3,0,NaN,NaN,insufficient_clean_prebaseline,insufficient_clean_prebaseline,NaN,NaN,NaN,1,0,KnownSignal,27fc9fb6eaa66dc8620c7b5fa98d583bb3473681c9f27916fba02160e770cea3,M401-01-baseline-awake,growing_clean
/Users/zcm361/Documents/Github/OxygenDynamicsV2/reference-validation/surge-shape-evidence-20260909/M401-01-baseline-awake/growing_clean,sink,7,6,24,242,255,244,247,398,20,20,0,0,0,176.543718592965,176.543718592965,valid,valid,0.0448648248615229,0.0448648248615229,0,1,0,KnownSignal,27fc9fb6eaa66dc8620c7b5fa98d583bb3473681c9f27916fba02160e770cea3,M401-01-baseline-awake,growing_clean
/Users/zcm361/Documents/Github/OxygenDynamicsV2/reference-validation/surge-shape-evidence-20260909/M401-01-baseline-awake/growing_clean,sink,7,7,25,572,591,577,582,848,20,20,0,0,0,165.060672169811,165.060672169811,valid,valid,0.0291591606716942,0.0291591606716942,0,1,0,KnownSignal,27fc9fb6eaa66dc8620c7b5fa98d583bb3473681c9f27916fba02160e770cea3,M401-01-baseline-awake,growing_clean
/Users/zcm361/Documents/Github/OxygenDynamicsV2/reference-validation/surge-shape-evidence-20260909/M401-01-baseline-awake/growing_clean,sink,8,1,26,4,6,4,6,321,20,3,1,0,0,NaN,NaN,insufficient_clean_prebaseline,insufficient_clean_prebaseline,NaN,NaN,NaN,1,0,KnownSignal,27fc9fb6eaa66dc8620c7b5fa98d583bb3473681c9f27916fba02160e770cea3,M401-01-baseline-awake,growing_clean
/Users/zcm361/Documents/Github/OxygenDynamicsV2/reference-validation/surge-shape-evidence-20260909/M401-01-baseline-awake/growing_clean,sink,9,1,27,212,263,212,263,2085,20,20,0,0,0,156.784556354916,156.784556354916,valid,valid,0.057513128036518,0.057513128036518,0,1,0,KnownSignal,27fc9fb6eaa66dc8620c7b5fa98d583bb3473681c9f27916fba02160e770cea3,M401-01-baseline-awake,growing_clean
/Users/zcm361/Documents/Github/OxygenDynamicsV2/reference-validation/surge-shape-evidence-20260909/M401-01-baseline-awake/growing_clean,sink,9,2,28,457,462,458,462,515,20,20,0,0,0,171.165631067961,171.165631067961,valid,valid,0.109067127394915,0.109067127394915,0,1,0,KnownSignal,27fc9fb6eaa66dc8620c7b5fa98d583bb3473681c9f27916fba02160e770cea3,M401-01-baseline-awake,growing_clean
/Users/zcm361/Documents/Github/OxygenDynamicsV2/reference-validation/surge-shape-evidence-20260909/M401-01-baseline-awake/growing_clean,sink,9,3,29,473,475,473,475,594,20,15,0,5,0,NaN,NaN,insufficient_clean_prebaseline,insufficient_clean_prebaseline,NaN,NaN,NaN,1,0,KnownSignal,27fc9fb6eaa66dc8620c7b5fa98d583bb3473681c9f27916fba02160e770cea3,M401-01-baseline-awake,growing_clean
/Users/zcm361/Documents/Github/OxygenDynamicsV2/reference-validation/surge-shape-evidence-20260909/M401-01-baseline-awake/growing_clean,sink,9,4,30,497,500,497,500,267,20,20,0,0,0,183.333707865169,183.333707865169,valid,valid,0.0429641614623871,0.0429641614623871,0,1,0,KnownSignal,27fc9fb6eaa66dc8620c7b5fa98d583bb3473681c9f27916fba02160e770cea3,M401-01-baseline-awake,growing_clean
/Users/zcm361/Documents/Github/OxygenDynamicsV2/reference-validation/surge-shape-evidence-20260909/M401-01-baseline-awake/growing_clean,sink,10,1,31,312,317,312,317,1449,20,20,0,0,0,173.609316770186,173.609316770186,valid,valid,0.0244351345345581,0.0244351345345581,0,1,0,KnownSignal,27fc9fb6eaa66dc8620c7b5fa98d583bb3473681c9f27916fba02160e770cea3,M401-01-baseline-awake,growing_clean
/Users/zcm361/Documents/Github/OxygenDynamicsV2/reference-validation/surge-shape-evidence-20260909/M401-01-baseline-awake/growing_clean,sink,10,2,32,322,328,322,328,1047,20,14,0,6,0,NaN,NaN,insufficient_clean_prebaseline,insufficient_clean_prebaseline,NaN,NaN,NaN,1,0,KnownSignal,27fc9fb6eaa66dc8620c7b5fa98d583bb3473681c9f27916fba02160e770cea3,M401-01-baseline-awake,growing_clean
/Users/zcm361/Documents/Github/OxygenDynamicsV2/reference-validation/surge-shape-evidence-20260909/M401-01-baseline-awake/growing_clean,sink,10,3,33,330,346,330,346,2065,20,7,0,13,0,NaN,NaN,insufficient_clean_prebaseline,insufficient_clean_prebaseline,NaN,NaN,NaN,1,0,KnownSignal,27fc9fb6eaa66dc8620c7b5fa98d583bb3473681c9f27916fba02160e770cea3,M401-01-baseline-awake,growing_clean
/Users/zcm361/Documents/Github/OxygenDynamicsV2/reference-validation/surge-shape-evidence-20260909/M401-01-baseline-awake/growing_clean,sink,10,4,34,348,355,348,350,529,20,2,0,18,0,NaN,NaN,insufficient_clean_prebaseline,insufficient_clean_prebaseline,NaN,NaN,NaN,1,0,KnownSignal,27fc9fb6eaa66dc8620c7b5fa98d583bb3473681c9f27916fba02160e770cea3,M401-01-baseline-awake,growing_clean
/Users/zcm361/Documents/Github/OxygenDynamicsV2/reference-validation/surge-shape-evidence-20260909/M401-01-baseline-awake/growing_clean,sink,10,5,35,598,600,598,600,352,20,20,0,0,0,187.894886363636,187.894886363636,valid,valid,0.0823870938478053,0.0823870938478053,0,1,0,KnownSignal,27fc9fb6eaa66dc8620c7b5fa98d583bb3473681c9f27916fba02160e770cea3,M401-01-baseline-awake,growing_clean
/Users/zcm361/Documents/Github/OxygenDynamicsV2/reference-validation/surge-shape-evidence-20260909/M401-01-baseline-awake/growing_clean,sink,11,1,36,17,19,17,19,296,20,16,1,0,0,NaN,NaN,insufficient_clean_prebaseline,insufficient_clean_prebaseline,NaN,NaN,NaN,1,0,KnownSignal,27fc9fb6eaa66dc8620c7b5fa98d583bb3473681c9f27916fba02160e770cea3,M401-01-baseline-awake,growing_clean
/Users/zcm361/Documents/Github/OxygenDynamicsV2/reference-validation/surge-shape-evidence-20260909/M401-01-baseline-awake/growing_clean,sink,11,2,37,213,219,217,219,374,20,20,0,0,0,146.379010695187,146.379010695187,valid,valid,0.0317056575167936,0.0317056575167936,0,1,0,KnownSignal,27fc9fb6eaa66dc8620c7b5fa98d583bb3473681c9f27916fba02160e770cea3,M401-01-baseline-awake,growing_clean
/Users/zcm361/Documents/Github/OxygenDynamicsV2/reference-validation/surge-shape-evidence-20260909/M401-01-baseline-awake/growing_clean,sink,11,3,38,228,232,229,231,801,20,17,0,3,0,NaN,NaN,insufficient_clean_prebaseline,insufficient_clean_prebaseline,NaN,NaN,NaN,1,0,KnownSignal,27fc9fb6eaa66dc8620c7b5fa98d583bb3473681c9f27916fba02160e770cea3,M401-01-baseline-awake,growing_clean
/Users/zcm361/Documents/Github/OxygenDynamicsV2/reference-validation/surge-shape-evidence-20260909/M401-01-baseline-awake/growing_clean,sink,11,4,39,234,239,234,239,747,20,14,0,6,0,NaN,NaN,insufficient_clean_prebaseline,insufficient_clean_prebaseline,NaN,NaN,NaN,1,0,KnownSignal,27fc9fb6eaa66dc8620c7b5fa98d583bb3473681c9f27916fba02160e770cea3,M401-01-baseline-awake,growing_clean
/Users/zcm361/Documents/Github/OxygenDynamicsV2/reference-validation/surge-shape-evidence-20260909/M401-01-baseline-awake/growing_clean,sink,11,5,40,242,244,242,244,547,20,11,0,9,0,NaN,NaN,insufficient_clean_prebaseline,insufficient_clean_prebaseline,NaN,NaN,NaN,1,0,KnownSignal,27fc9fb6eaa66dc8620c7b5fa98d583bb3473681c9f27916fba02160e770cea3,M401-01-baseline-awake,growing_clean
/Users/zcm361/Documents/Github/OxygenDynamicsV2/reference-validation/surge-shape-evidence-20260909/M401-01-baseline-awake/growing_clean,sink,12,1,41,29,31,29,31,773,20,20,0,0,0,131.526326002587,131.526326002587,valid,valid,0.000185404030791659,0.000185404030791659,0,1,0,KnownSignal,27fc9fb6eaa66dc8620c7b5fa98d583bb3473681c9f27916fba02160e770cea3,M401-01-baseline-awake,growing_clean
/Users/zcm361/Documents/Github/OxygenDynamicsV2/reference-validation/surge-shape-evidence-20260909/M401-01-baseline-awake/growing_clean,sink,12,2,42,37,40,37,40,688,20,17,0,3,0,NaN,NaN,insufficient_clean_prebaseline,insufficient_clean_prebaseline,NaN,NaN,NaN,1,0,KnownSignal,27fc9fb6eaa66dc8620c7b5fa98d583bb3473681c9f27916fba02160e770cea3,M401-01-baseline-awake,growing_clean
/Users/zcm361/Documents/Github/OxygenDynamicsV2/reference-validation/surge-shape-evidence-20260909/M401-01-baseline-awake/growing_clean,sink,12,3,43,248,279,248,279,1803,20,16,0,4,0,NaN,NaN,insufficient_clean_prebaseline,insufficient_clean_prebaseline,NaN,NaN,NaN,1,0,KnownSignal,27fc9fb6eaa66dc8620c7b5fa98d583bb3473681c9f27916fba02160e770cea3,M401-01-baseline-awake,growing_clean
/Users/zcm361/Documents/Github/OxygenDynamicsV2/reference-validation/surge-shape-evidence-20260909/M401-01-baseline-awake/growing_clean,sink,12,4,44,281,292,281,292,1698,20,1,0,19,0,NaN,NaN,insufficient_clean_prebaseline,insufficient_clean_prebaseline,NaN,NaN,NaN,1,0,KnownSignal,27fc9fb6eaa66dc8620c7b5fa98d583bb3473681c9f27916fba02160e770cea3,M401-01-baseline-awake,growing_clean
/Users/zcm361/Documents/Github/OxygenDynamicsV2/reference-validation/surge-shape-evidence-20260909/M401-01-baseline-awake/growing_clean,sink,12,5,45,294,301,294,301,995,20,2,0,18,0,NaN,NaN,insufficient_clean_prebaseline,insufficient_clean_prebaseline,NaN,NaN,NaN,1,0,KnownSignal,27fc9fb6eaa66dc8620c7b5fa98d583bb3473681c9f27916fba02160e770cea3,M401-01-baseline-awake,growing_clean
/Users/zcm361/Documents/Github/OxygenDynamicsV2/reference-validation/surge-shape-evidence-20260909/M401-01-baseline-awake/growing_clean,sink,12,6,46,311,313,311,313,395,20,13,0,7,0,NaN,NaN,insufficient_clean_prebaseline,insufficient_clean_prebaseline,NaN,NaN,NaN,1,0,KnownSignal,27fc9fb6eaa66dc8620c7b5fa98d583bb3473681c9f27916fba02160e770cea3,M401-01-baseline-awake,growing_clean
/Users/zcm361/Documents/Github/OxygenDynamicsV2/reference-validation/surge-shape-evidence-20260909/M401-01-baseline-awake/growing_clean,sink,12,7,47,325,329,325,329,539,20,17,0,3,0,NaN,NaN,insufficient_clean_prebaseline,insufficient_clean_prebaseline,NaN,NaN,NaN,1,0,KnownSignal,27fc9fb6eaa66dc8620c7b5fa98d583bb3473681c9f27916fba02160e770cea3,M401-01-baseline-awake,growing_clean
/Users/zcm361/Documents/Github/OxygenDynamicsV2/reference-validation/surge-shape-evidence-20260909/M401-01-baseline-awake/growing_clean,sink,12,8,48,334,336,334,336,287,20,15,0,5,0,NaN,NaN,insufficient_clean_prebaseline,insufficient_clean_prebaseline,NaN,NaN,NaN,1,0,KnownSignal,27fc9fb6eaa66dc8620c7b5fa98d583bb3473681c9f27916fba02160e770cea3,M401-01-baseline-awake,growing_clean
/Users/zcm361/Documents/Github/OxygenDynamicsV2/reference-validation/surge-shape-evidence-20260909/M401-01-baseline-awake/growing_clean,sink,13,1,49,243,251,246,251,461,20,20,0,0,0,161.493275488069,161.493275488069,valid,valid,0.0670450943203614,0.0670450943203614,0,1,0,KnownSignal,27fc9fb6eaa66dc8620c7b5fa98d583bb3473681c9f27916fba02160e770cea3,M401-01-baseline-awake,growing_clean
/Users/zcm361/Documents/Github/OxygenDynamicsV2/reference-validation/surge-shape-evidence-20260909/M401-01-baseline-awake/growing_clean,sink,13,2,50,258,272,258,262,286,20,14,0,6,0,NaN,NaN,insufficient_clean_prebaseline,insufficient_clean_prebaseline,NaN,NaN,NaN,1,0,KnownSignal,27fc9fb6eaa66dc8620c7b5fa98d583bb3473681c9f27916fba02160e770cea3,M401-01-baseline-awake,growing_clean
/Users/zcm361/Documents/Github/OxygenDynamicsV2/reference-validation/surge-shape-evidence-20260909/M401-01-baseline-awake/growing_clean,sink,13,3,51,497,510,505,508,268,20,20,0,0,0,160.18302238806,160.18302238806,valid,valid,0.0894743769079445,0.0894743769079445,0,1,0,KnownSignal,27fc9fb6eaa66dc8620c7b5fa98d583bb3473681c9f27916fba02160e770cea3,M401-01-baseline-awake,growing_clean
/Users/zcm361/Documents/Github/OxygenDynamicsV2/reference-validation/surge-shape-evidence-20260909/M401-01-baseline-awake/growing_clean,sink,14,1,52,27,31,28,30,217,20,20,0,0,0,131.86866359447,131.86866359447,valid,valid,0.0520522094668972,0.0520522094668972,0,1,0,KnownSignal,27fc9fb6eaa66dc8620c7b5fa98d583bb3473681c9f27916fba02160e770cea3,M401-01-baseline-awake,growing_clean
/Users/zcm361/Documents/Github/OxygenDynamicsV2/reference-validation/surge-shape-evidence-20260909/M401-01-baseline-awake/growing_clean,sink,15,1,53,378,393,379,387,481,20,20,0,0,0,178.036174636175,178.036174636175,valid,valid,0.0897572732771726,0.0897572732771726,0,1,0,KnownSignal,27fc9fb6eaa66dc8620c7b5fa98d583bb3473681c9f27916fba02160e770cea3,M401-01-baseline-awake,growing_clean
/Users/zcm361/Documents/Github/OxygenDynamicsV2/reference-validation/surge-shape-evidence-20260909/M401-01-baseline-awake/growing_clean,sink,15,2,54,431,440,433,435,593,20,20,0,0,0,179.590387858347,179.590387858347,valid,valid,0.10109289360931,0.10109289360931,0,1,0,KnownSignal,27fc9fb6eaa66dc8620c7b5fa98d583bb3473681c9f27916fba02160e770cea3,M401-01-baseline-awake,growing_clean
/Users/zcm361/Documents/Github/OxygenDynamicsV2/reference-validation/surge-shape-evidence-20260909/M401-01-baseline-awake/growing_clean,sink,16,1,55,256,287,274,276,462,20,20,0,0,0,119.113961038961,119.113961038961,valid,valid,0.0672470704961688,0.0672470704961688,0,1,0,KnownSignal,27fc9fb6eaa66dc8620c7b5fa98d583bb3473681c9f27916fba02160e770cea3,M401-01-baseline-awake,growing_clean
/Users/zcm361/Documents/Github/OxygenDynamicsV2/reference-validation/surge-shape-evidence-20260909/M401-01-baseline-awake/growing_clean,sink,16,2,56,579,590,579,582,376,20,20,0,0,0,123.848138297872,123.848138297872,valid,valid,0.060147873274794,0.060147873274794,0,1,0,KnownSignal,27fc9fb6eaa66dc8620c7b5fa98d583bb3473681c9f27916fba02160e770cea3,M401-01-baseline-awake,growing_clean
/Users/zcm361/Documents/Github/OxygenDynamicsV2/reference-validation/surge-shape-evidence-20260909/M401-01-baseline-awake/growing_clean,sink,17,1,57,45,51,47,50,360,20,20,0,0,0,101.905833333333,101.905833333333,valid,valid,0.0415988616942111,0.0415988616942111,0,1,0,KnownSignal,27fc9fb6eaa66dc8620c7b5fa98d583bb3473681c9f27916fba02160e770cea3,M401-01-baseline-awake,growing_clean
/Users/zcm361/Documents/Github/OxygenDynamicsV2/reference-validation/surge-shape-evidence-20260909/M401-01-baseline-awake/growing_clean,sink,18,1,58,56,68,56,67,508,20,17,0,3,0,NaN,NaN,insufficient_clean_prebaseline,insufficient_clean_prebaseline,NaN,NaN,NaN,1,0,KnownSignal,27fc9fb6eaa66dc8620c7b5fa98d583bb3473681c9f27916fba02160e770cea3,M401-01-baseline-awake,growing_clean
/Users/zcm361/Documents/Github/OxygenDynamicsV2/reference-validation/surge-shape-evidence-20260909/M401-01-baseline-awake/growing_clean,sink,18,2,59,221,242,239,242,370,20,10,0,10,0,NaN,NaN,insufficient_clean_prebaseline,insufficient_clean_prebaseline,NaN,NaN,NaN,1,0,KnownSignal,27fc9fb6eaa66dc8620c7b5fa98d583bb3473681c9f27916fba02160e770cea3,M401-01-baseline-awake,growing_clean
/Users/zcm361/Documents/Github/OxygenDynamicsV2/reference-validation/surge-shape-evidence-20260909/M401-01-baseline-awake/growing_clean,sink,19,1,60,180,190,180,190,736,20,20,0,0,0,144.842323369565,144.842323369565,valid,valid,0.0940579593908107,0.0940579593908107,0,1,0,KnownSignal,27fc9fb6eaa66dc8620c7b5fa98d583bb3473681c9f27916fba02160e770cea3,M401-01-baseline-awake,growing_clean
/Users/zcm361/Documents/Github/OxygenDynamicsV2/reference-validation/surge-shape-evidence-20260909/M401-01-baseline-awake/growing_clean,sink,19,2,61,321,327,322,325,728,20,19,0,1,0,NaN,NaN,insufficient_clean_prebaseline,insufficient_clean_prebaseline,NaN,NaN,NaN,1,0,KnownSignal,27fc9fb6eaa66dc8620c7b5fa98d583bb3473681c9f27916fba02160e770cea3,M401-01-baseline-awake,growing_clean
/Users/zcm361/Documents/Github/OxygenDynamicsV2/reference-validation/surge-shape-evidence-20260909/M401-01-baseline-awake/growing_clean,sink,19,3,62,334,340,336,339,404,20,16,0,4,0,NaN,NaN,insufficient_clean_prebaseline,insufficient_clean_prebaseline,NaN,NaN,NaN,1,0,KnownSignal,27fc9fb6eaa66dc8620c7b5fa98d583bb3473681c9f27916fba02160e770cea3,M401-01-baseline-awake,growing_clean
/Users/zcm361/Documents/Github/OxygenDynamicsV2/reference-validation/surge-shape-evidence-20260909/M401-01-baseline-awake/growing_clean,sink,19,4,63,581,590,587,589,361,20,20,0,0,0,139.770360110803,139.770360110803,valid,valid,0.0730937766934684,0.0730937766934684,0,1,0,KnownSignal,27fc9fb6eaa66dc8620c7b5fa98d583bb3473681c9f27916fba02160e770cea3,M401-01-baseline-awake,growing_clean
/Users/zcm361/Documents/Github/OxygenDynamicsV2/reference-validation/surge-shape-evidence-20260909/M401-01-baseline-awake/growing_clean,sink,20,1,64,61,65,63,65,323,20,20,0,0,0,124.238544891641,124.238544891641,valid,valid,0.0356362784566293,0.0356362784566293,0,1,0,KnownSignal,27fc9fb6eaa66dc8620c7b5fa98d583bb3473681c9f27916fba02160e770cea3,M401-01-baseline-awake,growing_clean
/Users/zcm361/Documents/Github/OxygenDynamicsV2/reference-validation/surge-shape-evidence-20260909/M401-01-baseline-awake/growing_clean,sink,21,1,65,72,77,73,76,292,20,8,0,12,0,NaN,NaN,insufficient_clean_prebaseline,insufficient_clean_prebaseline,NaN,NaN,NaN,1,0,KnownSignal,27fc9fb6eaa66dc8620c7b5fa98d583bb3473681c9f27916fba02160e770cea3,M401-01-baseline-awake,growing_clean
/Users/zcm361/Documents/Github/OxygenDynamicsV2/reference-validation/surge-shape-evidence-20260909/M401-01-baseline-awake/growing_clean,sink,22,1,66,104,111,104,111,2051,20,19,0,1,0,NaN,NaN,insufficient_clean_prebaseline,insufficient_clean_prebaseline,NaN,NaN,NaN,1,0,KnownSignal,27fc9fb6eaa66dc8620c7b5fa98d583bb3473681c9f27916fba02160e770cea3,M401-01-baseline-awake,growing_clean
/Users/zcm361/Documents/Github/OxygenDynamicsV2/reference-validation/surge-shape-evidence-20260909/M401-01-baseline-awake/growing_clean,sink,22,2,67,113,138,113,138,1869,20,12,0,8,0,NaN,NaN,insufficient_clean_prebaseline,insufficient_clean_prebaseline,NaN,NaN,NaN,1,0,KnownSignal,27fc9fb6eaa66dc8620c7b5fa98d583bb3473681c9f27916fba02160e770cea3,M401-01-baseline-awake,growing_clean
/Users/zcm361/Documents/Github/OxygenDynamicsV2/reference-validation/surge-shape-evidence-20260909/M401-01-baseline-awake/growing_clean,sink,22,3,68,326,336,331,336,446,20,20,0,0,0,149.12399103139,149.12399103139,valid,valid,0.0899317839760753,0.0899317839760753,0,1,0,KnownSignal,27fc9fb6eaa66dc8620c7b5fa98d583bb3473681c9f27916fba02160e770cea3,M401-01-baseline-awake,growing_clean
/Users/zcm361/Documents/Github/OxygenDynamicsV2/reference-validation/surge-shape-evidence-20260909/M401-01-baseline-awake/growing_clean,sink,22,4,69,454,461,457,461,790,20,15,0,5,0,NaN,NaN,insufficient_clean_prebaseline,insufficient_clean_prebaseline,NaN,NaN,NaN,1,0,KnownSignal,27fc9fb6eaa66dc8620c7b5fa98d583bb3473681c9f27916fba02160e770cea3,M401-01-baseline-awake,growing_clean
/Users/zcm361/Documents/Github/OxygenDynamicsV2/reference-validation/surge-shape-evidence-20260909/M401-01-baseline-awake/growing_clean,sink,22,5,70,464,502,464,502,1762,20,12,0,8,0,NaN,NaN,insufficient_clean_prebaseline,insufficient_clean_prebaseline,NaN,NaN,NaN,1,0,KnownSignal,27fc9fb6eaa66dc8620c7b5fa98d583bb3473681c9f27916fba02160e770cea3,M401-01-baseline-awake,growing_clean
/Users/zcm361/Documents/Github/OxygenDynamicsV2/reference-validation/surge-shape-evidence-20260909/M401-01-baseline-awake/growing_clean,sink,22,6,71,505,513,505,513,510,20,2,0,18,0,NaN,NaN,insufficient_clean_prebaseline,insufficient_clean_prebaseline,NaN,NaN,NaN,1,0,KnownSignal,27fc9fb6eaa66dc8620c7b5fa98d583bb3473681c9f27916fba02160e770cea3,M401-01-baseline-awake,growing_clean
/Users/zcm361/Documents/Github/OxygenDynamicsV2/reference-validation/surge-shape-evidence-20260909/M401-01-baseline-awake/growing_clean,sink,23,1,72,279,287,281,283,347,20,20,0,0,0,111.85734870317,111.85734870317,valid,valid,0.0518749436421955,0.0518749436421955,0,1,0,KnownSignal,27fc9fb6eaa66dc8620c7b5fa98d583bb3473681c9f27916fba02160e770cea3,M401-01-baseline-awake,growing_clean
/Users/zcm361/Documents/Github/OxygenDynamicsV2/reference-validation/surge-shape-evidence-20260909/M401-01-baseline-awake/growing_clean,sink,24,1,73,82,87,82,84,795,20,20,0,0,0,126.506352201258,126.506352201258,valid,valid,0.0669521653771333,0.0669521653771333,0,1,0,KnownSignal,27fc9fb6eaa66dc8620c7b5fa98d583bb3473681c9f27916fba02160e770cea3,M401-01-baseline-awake,growing_clean
/Users/zcm361/Documents/Github/OxygenDynamicsV2/reference-validation/surge-shape-evidence-20260909/M401-01-baseline-awake/growing_clean,sink,24,2,74,106,109,106,109,237,20,20,0,0,0,139.016877637131,139.016877637131,valid,valid,0.0282271526997907,0.0282271526997907,0,1,0,KnownSignal,27fc9fb6eaa66dc8620c7b5fa98d583bb3473681c9f27916fba02160e770cea3,M401-01-baseline-awake,growing_clean
/Users/zcm361/Documents/Github/OxygenDynamicsV2/reference-validation/surge-shape-evidence-20260909/M401-01-baseline-awake/growing_clean,sink,24,3,75,155,164,156,161,609,20,20,0,0,0,136.253119868637,136.253119868637,valid,valid,0.0791551751876849,0.0791551751876849,0,1,0,KnownSignal,27fc9fb6eaa66dc8620c7b5fa98d583bb3473681c9f27916fba02160e770cea3,M401-01-baseline-awake,growing_clean
/Users/zcm361/Documents/Github/OxygenDynamicsV2/reference-validation/surge-shape-evidence-20260909/M401-01-baseline-awake/growing_clean,sink,24,4,76,342,345,343,345,231,20,20,0,0,0,151.757792207792,151.757792207792,valid,valid,0.109026829890989,0.109026829890989,0,1,0,KnownSignal,27fc9fb6eaa66dc8620c7b5fa98d583bb3473681c9f27916fba02160e770cea3,M401-01-baseline-awake,growing_clean
/Users/zcm361/Documents/Github/OxygenDynamicsV2/reference-validation/surge-shape-evidence-20260909/M401-01-baseline-awake/growing_clean,sink,24,5,77,348,364,348,364,1177,20,17,0,3,0,NaN,NaN,insufficient_clean_prebaseline,insufficient_clean_prebaseline,NaN,NaN,NaN,1,0,KnownSignal,27fc9fb6eaa66dc8620c7b5fa98d583bb3473681c9f27916fba02160e770cea3,M401-01-baseline-awake,growing_clean
/Users/zcm361/Documents/Github/OxygenDynamicsV2/reference-validation/surge-shape-evidence-20260909/M401-01-baseline-awake/growing_clean,sink,24,6,78,372,377,372,377,1119,20,7,0,13,0,NaN,NaN,insufficient_clean_prebaseline,insufficient_clean_prebaseline,NaN,NaN,NaN,1,0,KnownSignal,27fc9fb6eaa66dc8620c7b5fa98d583bb3473681c9f27916fba02160e770cea3,M401-01-baseline-awake,growing_clean
/Users/zcm361/Documents/Github/OxygenDynamicsV2/reference-validation/surge-shape-evidence-20260909/M401-01-baseline-awake/growing_clean,sink,24,7,79,380,388,380,382,256,20,9,0,11,0,NaN,NaN,insufficient_clean_prebaseline,insufficient_clean_prebaseline,NaN,NaN,NaN,1,0,KnownSignal,27fc9fb6eaa66dc8620c7b5fa98d583bb3473681c9f27916fba02160e770cea3,M401-01-baseline-awake,growing_clean
/Users/zcm361/Documents/Github/OxygenDynamicsV2/reference-validation/surge-shape-evidence-20260909/M401-01-baseline-awake/growing_clean,sink,24,8,80,452,470,457,461,989,20,20,0,0,0,147.035692618807,147.035692618807,valid,valid,0.0986141359099923,0.0986141359099923,0,1,0,KnownSignal,27fc9fb6eaa66dc8620c7b5fa98d583bb3473681c9f27916fba02160e770cea3,M401-01-baseline-awake,growing_clean
/Users/zcm361/Documents/Github/OxygenDynamicsV2/reference-validation/surge-shape-evidence-20260909/M401-01-baseline-awake/growing_clean,sink,24,9,81,514,517,514,517,430,20,20,0,0,0,136.590813953488,136.590813953488,valid,valid,0.0870202208088835,0.0870202208088835,0,1,0,KnownSignal,27fc9fb6eaa66dc8620c7b5fa98d583bb3473681c9f27916fba02160e770cea3,M401-01-baseline-awake,growing_clean
/Users/zcm361/Documents/Github/OxygenDynamicsV2/reference-validation/surge-shape-evidence-20260909/M401-01-baseline-awake/growing_clean,sink,24,10,82,519,525,519,525,1457,20,16,0,4,0,NaN,NaN,insufficient_clean_prebaseline,insufficient_clean_prebaseline,NaN,NaN,NaN,1,0,KnownSignal,27fc9fb6eaa66dc8620c7b5fa98d583bb3473681c9f27916fba02160e770cea3,M401-01-baseline-awake,growing_clean
/Users/zcm361/Documents/Github/OxygenDynamicsV2/reference-validation/surge-shape-evidence-20260909/M401-01-baseline-awake/growing_clean,sink,24,11,83,529,541,529,531,803,20,9,0,11,0,NaN,NaN,insufficient_clean_prebaseline,insufficient_clean_prebaseline,NaN,NaN,NaN,1,0,KnownSignal,27fc9fb6eaa66dc8620c7b5fa98d583bb3473681c9f27916fba02160e770cea3,M401-01-baseline-awake,growing_clean
/Users/zcm361/Documents/Github/OxygenDynamicsV2/reference-validation/surge-shape-evidence-20260909/M401-01-baseline-awake/growing_clean,sink,25,1,84,82,90,83,87,681,20,20,0,0,0,136.469603524229,136.469603524229,valid,valid,0.0591677265381046,0.0591677265381046,0,1,0,KnownSignal,27fc9fb6eaa66dc8620c7b5fa98d583bb3473681c9f27916fba02160e770cea3,M401-01-baseline-awake,growing_clean
/Users/zcm361/Documents/Github/OxygenDynamicsV2/reference-validation/surge-shape-evidence-20260909/M401-01-baseline-awake/growing_clean,sink,25,2,85,155,163,158,163,1486,20,19,0,1,0,NaN,NaN,insufficient_clean_prebaseline,insufficient_clean_prebaseline,NaN,NaN,NaN,1,0,KnownSignal,27fc9fb6eaa66dc8620c7b5fa98d583bb3473681c9f27916fba02160e770cea3,M401-01-baseline-awake,growing_clean
/Users/zcm361/Documents/Github/OxygenDynamicsV2/reference-validation/surge-shape-evidence-20260909/M401-01-baseline-awake/growing_clean,sink,25,3,86,167,172,167,172,1661,20,14,0,6,0,NaN,NaN,insufficient_clean_prebaseline,insufficient_clean_prebaseline,NaN,NaN,NaN,1,0,KnownSignal,27fc9fb6eaa66dc8620c7b5fa98d583bb3473681c9f27916fba02160e770cea3,M401-01-baseline-awake,growing_clean
/Users/zcm361/Documents/Github/OxygenDynamicsV2/reference-validation/surge-shape-evidence-20260909/M401-01-baseline-awake/growing_clean,sink,25,4,87,178,181,178,181,654,20,11,0,9,0,NaN,NaN,insufficient_clean_prebaseline,insufficient_clean_prebaseline,NaN,NaN,NaN,1,0,KnownSignal,27fc9fb6eaa66dc8620c7b5fa98d583bb3473681c9f27916fba02160e770cea3,M401-01-baseline-awake,growing_clean
/Users/zcm361/Documents/Github/OxygenDynamicsV2/reference-validation/surge-shape-evidence-20260909/M401-01-baseline-awake/growing_clean,sink,25,5,88,183,190,183,190,970,20,10,0,10,0,NaN,NaN,insufficient_clean_prebaseline,insufficient_clean_prebaseline,NaN,NaN,NaN,1,0,KnownSignal,27fc9fb6eaa66dc8620c7b5fa98d583bb3473681c9f27916fba02160e770cea3,M401-01-baseline-awake,growing_clean
/Users/zcm361/Documents/Github/OxygenDynamicsV2/reference-validation/surge-shape-evidence-20260909/M401-01-baseline-awake/growing_clean,sink,25,6,89,342,362,342,355,1293,20,20,0,0,0,160.622931167827,160.622931167827,valid,valid,0.0926230027187752,0.0926230027187752,0,1,0,KnownSignal,27fc9fb6eaa66dc8620c7b5fa98d583bb3473681c9f27916fba02160e770cea3,M401-01-baseline-awake,growing_clean
/Users/zcm361/Documents/Github/OxygenDynamicsV2/reference-validation/surge-shape-evidence-20260909/M401-01-baseline-awake/growing_clean,sink,25,7,90,371,392,372,381,1229,20,15,0,5,0,NaN,NaN,insufficient_clean_prebaseline,insufficient_clean_prebaseline,NaN,NaN,NaN,1,0,KnownSignal,27fc9fb6eaa66dc8620c7b5fa98d583bb3473681c9f27916fba02160e770cea3,M401-01-baseline-awake,growing_clean
/Users/zcm361/Documents/Github/OxygenDynamicsV2/reference-validation/surge-shape-evidence-20260909/M401-01-baseline-awake/growing_clean,sink,25,8,91,458,468,465,468,431,20,20,0,0,0,165.243155452436,165.243155452436,valid,valid,0.113968306566432,0.113968306566432,0,1,0,KnownSignal,27fc9fb6eaa66dc8620c7b5fa98d583bb3473681c9f27916fba02160e770cea3,M401-01-baseline-awake,growing_clean
/Users/zcm361/Documents/Github/OxygenDynamicsV2/reference-validation/surge-shape-evidence-20260909/M401-01-baseline-awake/growing_clean,sink,25,9,92,472,477,472,477,481,20,16,0,4,0,NaN,NaN,insufficient_clean_prebaseline,insufficient_clean_prebaseline,NaN,NaN,NaN,1,0,KnownSignal,27fc9fb6eaa66dc8620c7b5fa98d583bb3473681c9f27916fba02160e770cea3,M401-01-baseline-awake,growing_clean
/Users/zcm361/Documents/Github/OxygenDynamicsV2/reference-validation/surge-shape-evidence-20260909/M401-01-baseline-awake/growing_clean,sink,25,10,93,517,537,518,534,2025,20,20,0,0,0,159.17212345679,159.17212345679,valid,valid,0.0941214193005757,0.0941214193005757,0,1,0,KnownSignal,27fc9fb6eaa66dc8620c7b5fa98d583bb3473681c9f27916fba02160e770cea3,M401-01-baseline-awake,growing_clean
/Users/zcm361/Documents/Github/OxygenDynamicsV2/reference-validation/surge-shape-evidence-20260909/M401-01-baseline-awake/growing_clean,sink,25,11,94,572,574,572,574,332,20,14,0,6,0,NaN,NaN,insufficient_clean_prebaseline,insufficient_clean_prebaseline,NaN,NaN,NaN,1,0,KnownSignal,27fc9fb6eaa66dc8620c7b5fa98d583bb3473681c9f27916fba02160e770cea3,M401-01-baseline-awake,growing_clean
/Users/zcm361/Documents/Github/OxygenDynamicsV2/reference-validation/surge-shape-evidence-20260909/M401-01-baseline-awake/growing_clean,sink,26,1,95,103,106,104,106,471,20,20,0,0,0,145.082696390658,145.082696390658,valid,valid,0.0650767297953651,0.0650767297953651,0,1,0,KnownSignal,27fc9fb6eaa66dc8620c7b5fa98d583bb3473681c9f27916fba02160e770cea3,M401-01-baseline-awake,growing_clean
/Users/zcm361/Documents/Github/OxygenDynamicsV2/reference-validation/surge-shape-evidence-20260909/M401-01-baseline-awake/growing_clean,sink,27,1,96,98,103,99,102,572,20,20,0,0,0,93.3535839160839,93.3535839160839,valid,valid,0.0378523640756017,0.0378523640756017,0,1,0,KnownSignal,27fc9fb6eaa66dc8620c7b5fa98d583bb3473681c9f27916fba02160e770cea3,M401-01-baseline-awake,growing_clean
/Users/zcm361/Documents/Github/OxygenDynamicsV2/reference-validation/surge-shape-evidence-20260909/M401-01-baseline-awake/growing_clean,sink,28,1,97,106,113,108,110,227,20,20,0,0,0,109.508810572687,109.508810572687,valid,valid,0.0657923848985259,0.0657923848985259,0,1,0,KnownSignal,27fc9fb6eaa66dc8620c7b5fa98d583bb3473681c9f27916fba02160e770cea3,M401-01-baseline-awake,growing_clean
/Users/zcm361/Documents/Github/OxygenDynamicsV2/reference-validation/surge-shape-evidence-20260909/M401-01-baseline-awake/growing_clean,sink,29,1,98,112,153,112,153,2337,20,7,0,13,0,NaN,NaN,insufficient_clean_prebaseline,insufficient_clean_prebaseline,NaN,NaN,NaN,1,0,KnownSignal,27fc9fb6eaa66dc8620c7b5fa98d583bb3473681c9f27916fba02160e770cea3,M401-01-baseline-awake,growing_clean
/Users/zcm361/Documents/Github/OxygenDynamicsV2/reference-validation/surge-shape-evidence-20260909/M401-01-baseline-awake/growing_clean,sink,30,1,99,218,230,223,226,291,20,20,0,0,0,125.200171821306,125.200171821306,valid,valid,0.0370060315782974,0.0370060315782974,0,1,0,KnownSignal,27fc9fb6eaa66dc8620c7b5fa98d583bb3473681c9f27916fba02160e770cea3,M401-01-baseline-awake,growing_clean
/Users/zcm361/Documents/Github/OxygenDynamicsV2/reference-validation/surge-shape-evidence-20260909/M401-01-baseline-awake/growing_clean,sink,31,1,100,149,156,151,156,900,20,20,0,0,0,125.325333333333,125.325333333333,valid,valid,0.0404795341546624,0.0404795341546624,0,1,0,KnownSignal,27fc9fb6eaa66dc8620c7b5fa98d583bb3473681c9f27916fba02160e770cea3,M401-01-baseline-awake,growing_clean
/Users/zcm361/Documents/Github/OxygenDynamicsV2/reference-validation/surge-shape-evidence-20260909/M401-01-baseline-awake/growing_clean,sink,31,2,101,488,514,488,514,1217,20,20,0,0,0,138.594207066557,138.594207066557,valid,valid,0.0681994899482211,0.0681994899482211,0,1,0,KnownSignal,27fc9fb6eaa66dc8620c7b5fa98d583bb3473681c9f27916fba02160e770cea3,M401-01-baseline-awake,growing_clean
/Users/zcm361/Documents/Github/OxygenDynamicsV2/reference-validation/surge-shape-evidence-20260909/M401-01-baseline-awake/growing_clean,sink,32,1,102,167,175,171,173,263,20,20,0,0,0,184.100760456274,184.100760456274,valid,valid,0.0582731807057219,0.0582731807057219,0,1,0,KnownSignal,27fc9fb6eaa66dc8620c7b5fa98d583bb3473681c9f27916fba02160e770cea3,M401-01-baseline-awake,growing_clean
/Users/zcm361/Documents/Github/OxygenDynamicsV2/reference-validation/surge-shape-evidence-20260909/M401-01-baseline-awake/growing_clean,sink,33,1,103,482,492,483,492,1183,20,20,0,0,0,124.952197802198,124.952197802198,valid,valid,0.0680459712573093,0.0680459712573093,0,1,0,KnownSignal,27fc9fb6eaa66dc8620c7b5fa98d583bb3473681c9f27916fba02160e770cea3,M401-01-baseline-awake,growing_clean
/Users/zcm361/Documents/Github/OxygenDynamicsV2/reference-validation/surge-shape-evidence-20260909/M401-01-baseline-awake/growing_clean,sink,33,2,104,494,497,494,497,965,20,10,0,10,0,NaN,NaN,insufficient_clean_prebaseline,insufficient_clean_prebaseline,NaN,NaN,NaN,1,0,KnownSignal,27fc9fb6eaa66dc8620c7b5fa98d583bb3473681c9f27916fba02160e770cea3,M401-01-baseline-awake,growing_clean
/Users/zcm361/Documents/Github/OxygenDynamicsV2/reference-validation/surge-shape-evidence-20260909/M401-01-baseline-awake/growing_clean,sink,33,3,105,499,503,499,503,835,20,6,0,14,0,NaN,NaN,insufficient_clean_prebaseline,insufficient_clean_prebaseline,NaN,NaN,NaN,1,0,KnownSignal,27fc9fb6eaa66dc8620c7b5fa98d583bb3473681c9f27916fba02160e770cea3,M401-01-baseline-awake,growing_clean
/Users/zcm361/Documents/Github/OxygenDynamicsV2/reference-validation/surge-shape-evidence-20260909/M401-01-baseline-awake/growing_clean,sink,33,4,106,508,513,508,513,769,20,6,0,14,0,NaN,NaN,insufficient_clean_prebaseline,insufficient_clean_prebaseline,NaN,NaN,NaN,1,0,KnownSignal,27fc9fb6eaa66dc8620c7b5fa98d583bb3473681c9f27916fba02160e770cea3,M401-01-baseline-awake,growing_clean
/Users/zcm361/Documents/Github/OxygenDynamicsV2/reference-validation/surge-shape-evidence-20260909/M401-01-baseline-awake/growing_clean,sink,33,5,107,534,557,535,557,921,20,20,0,0,0,119.59875135722,119.59875135722,valid,valid,0.0303080922501905,0.0303080922501905,0,1,0,KnownSignal,27fc9fb6eaa66dc8620c7b5fa98d583bb3473681c9f27916fba02160e770cea3,M401-01-baseline-awake,growing_clean
/Users/zcm361/Documents/Github/OxygenDynamicsV2/reference-validation/surge-shape-evidence-20260909/M401-01-baseline-awake/growing_clean,sink,34,1,108,189,198,191,193,372,20,17,0,3,0,NaN,NaN,insufficient_clean_prebaseline,insufficient_clean_prebaseline,NaN,NaN,NaN,1,0,KnownSignal,27fc9fb6eaa66dc8620c7b5fa98d583bb3473681c9f27916fba02160e770cea3,M401-01-baseline-awake,growing_clean
/Users/zcm361/Documents/Github/OxygenDynamicsV2/reference-validation/surge-shape-evidence-20260909/M401-01-baseline-awake/growing_clean,sink,35,1,109,204,212,210,212,187,20,20,0,0,0,116.063368983957,116.063368983957,valid,valid,0.0622401094736647,0.0622401094736647,0,1,0,KnownSignal,27fc9fb6eaa66dc8620c7b5fa98d583bb3473681c9f27916fba02160e770cea3,M401-01-baseline-awake,growing_clean
/Users/zcm361/Documents/Github/OxygenDynamicsV2/reference-validation/surge-shape-evidence-20260909/M401-01-baseline-awake/growing_clean,sink,35,2,110,219,223,219,222,341,20,17,0,3,0,NaN,NaN,insufficient_clean_prebaseline,insufficient_clean_prebaseline,NaN,NaN,NaN,1,0,KnownSignal,27fc9fb6eaa66dc8620c7b5fa98d583bb3473681c9f27916fba02160e770cea3,M401-01-baseline-awake,growing_clean
/Users/zcm361/Documents/Github/OxygenDynamicsV2/reference-validation/surge-shape-evidence-20260909/M401-01-baseline-awake/growing_clean,sink,36,1,111,558,570,558,570,1717,20,20,0,0,0,155.767064647641,155.767064647641,valid,valid,0.0725926385682964,0.0725926385682964,0,1,0,KnownSignal,27fc9fb6eaa66dc8620c7b5fa98d583bb3473681c9f27916fba02160e770cea3,M401-01-baseline-awake,growing_clean
/Users/zcm361/Documents/Github/OxygenDynamicsV2/reference-validation/surge-shape-evidence-20260909/M401-01-baseline-awake/growing_clean,sink,37,1,112,206,222,217,219,348,20,20,0,0,0,134.67816091954,134.67816091954,valid,valid,0.0570751898950246,0.0570751898950246,0,1,0,KnownSignal,27fc9fb6eaa66dc8620c7b5fa98d583bb3473681c9f27916fba02160e770cea3,M401-01-baseline-awake,growing_clean
/Users/zcm361/Documents/Github/OxygenDynamicsV2/reference-validation/surge-shape-evidence-20260909/M401-01-baseline-awake/growing_clean,sink,38,1,113,253,257,255,257,153,20,20,0,0,0,142.938562091503,142.938562091503,valid,valid,0.0762519661996561,0.0762519661996561,0,1,0,KnownSignal,27fc9fb6eaa66dc8620c7b5fa98d583bb3473681c9f27916fba02160e770cea3,M401-01-baseline-awake,growing_clean
/Users/zcm361/Documents/Github/OxygenDynamicsV2/reference-validation/surge-shape-evidence-20260909/M401-01-baseline-awake/growing_clean,sink,38,2,114,263,274,263,274,909,20,13,0,7,0,NaN,NaN,insufficient_clean_prebaseline,insufficient_clean_prebaseline,NaN,NaN,NaN,1,0,KnownSignal,27fc9fb6eaa66dc8620c7b5fa98d583bb3473681c9f27916fba02160e770cea3,M401-01-baseline-awake,growing_clean
/Users/zcm361/Documents/Github/OxygenDynamicsV2/reference-validation/surge-shape-evidence-20260909/M401-01-baseline-awake/growing_clean,sink,38,3,115,277,279,277,279,384,20,7,0,13,0,NaN,NaN,insufficient_clean_prebaseline,insufficient_clean_prebaseline,NaN,NaN,NaN,1,0,KnownSignal,27fc9fb6eaa66dc8620c7b5fa98d583bb3473681c9f27916fba02160e770cea3,M401-01-baseline-awake,growing_clean
/Users/zcm361/Documents/Github/OxygenDynamicsV2/reference-validation/surge-shape-evidence-20260909/M401-01-baseline-awake/growing_clean,sink,39,1,116,299,302,299,302,555,20,20,0,0,0,122.761891891892,122.761891891892,valid,valid,0.054846524106947,0.054846524106947,0,1,0,KnownSignal,27fc9fb6eaa66dc8620c7b5fa98d583bb3473681c9f27916fba02160e770cea3,M401-01-baseline-awake,growing_clean
/Users/zcm361/Documents/Github/OxygenDynamicsV2/reference-validation/surge-shape-evidence-20260909/M401-01-baseline-awake/growing_clean,sink,39,2,117,308,311,309,311,163,20,18,0,2,0,NaN,NaN,insufficient_clean_prebaseline,insufficient_clean_prebaseline,NaN,NaN,NaN,1,0,KnownSignal,27fc9fb6eaa66dc8620c7b5fa98d583bb3473681c9f27916fba02160e770cea3,M401-01-baseline-awake,growing_clean
/Users/zcm361/Documents/Github/OxygenDynamicsV2/reference-validation/surge-shape-evidence-20260909/M401-01-baseline-awake/growing_clean,sink,39,3,118,314,318,316,318,257,20,15,0,5,0,NaN,NaN,insufficient_clean_prebaseline,insufficient_clean_prebaseline,NaN,NaN,NaN,1,0,KnownSignal,27fc9fb6eaa66dc8620c7b5fa98d583bb3473681c9f27916fba02160e770cea3,M401-01-baseline-awake,growing_clean
/Users/zcm361/Documents/Github/OxygenDynamicsV2/reference-validation/surge-shape-evidence-20260909/M401-01-baseline-awake/growing_clean,sink,39,4,119,322,327,322,325,609,20,13,0,7,0,NaN,NaN,insufficient_clean_prebaseline,insufficient_clean_prebaseline,NaN,NaN,NaN,1,0,KnownSignal,27fc9fb6eaa66dc8620c7b5fa98d583bb3473681c9f27916fba02160e770cea3,M401-01-baseline-awake,growing_clean
/Users/zcm361/Documents/Github/OxygenDynamicsV2/reference-validation/surge-shape-evidence-20260909/M401-01-baseline-awake/growing_clean,sink,39,5,120,334,339,334,338,447,20,13,0,7,0,NaN,NaN,insufficient_clean_prebaseline,insufficient_clean_prebaseline,NaN,NaN,NaN,1,0,KnownSignal,27fc9fb6eaa66dc8620c7b5fa98d583bb3473681c9f27916fba02160e770cea3,M401-01-baseline-awake,growing_clean
/Users/zcm361/Documents/Github/OxygenDynamicsV2/reference-validation/surge-shape-evidence-20260909/M401-01-baseline-awake/growing_clean,sink,40,1,121,325,333,326,330,1144,20,20,0,0,0,150.956075174825,150.956075174825,valid,valid,0.0540827331620281,0.0540827331620281,0,1,0,KnownSignal,27fc9fb6eaa66dc8620c7b5fa98d583bb3473681c9f27916fba02160e770cea3,M401-01-baseline-awake,growing_clean
/Users/zcm361/Documents/Github/OxygenDynamicsV2/reference-validation/surge-shape-evidence-20260909/M401-01-baseline-awake/growing_clean,sink,40,2,122,440,448,442,446,1127,20,9,0,11,0,NaN,NaN,insufficient_clean_prebaseline,insufficient_clean_prebaseline,NaN,NaN,NaN,1,0,KnownSignal,27fc9fb6eaa66dc8620c7b5fa98d583bb3473681c9f27916fba02160e770cea3,M401-01-baseline-awake,growing_clean
/Users/zcm361/Documents/Github/OxygenDynamicsV2/reference-validation/surge-shape-evidence-20260909/M401-01-baseline-awake/growing_clean,sink,41,1,123,405,409,405,407,386,20,20,0,0,0,140.596632124352,140.596632124352,valid,valid,0.0465871756743558,0.0465871756743558,0,1,0,KnownSignal,27fc9fb6eaa66dc8620c7b5fa98d583bb3473681c9f27916fba02160e770cea3,M401-01-baseline-awake,growing_clean
/Users/zcm361/Documents/Github/OxygenDynamicsV2/reference-validation/surge-shape-evidence-20260909/M401-01-baseline-awake/growing_clean,sink,41,2,124,430,442,431,433,446,20,20,0,0,0,147.418161434978,147.418161434978,valid,valid,0.112725005133197,0.112725005133197,0,1,0,KnownSignal,27fc9fb6eaa66dc8620c7b5fa98d583bb3473681c9f27916fba02160e770cea3,M401-01-baseline-awake,growing_clean
/Users/zcm361/Documents/Github/OxygenDynamicsV2/reference-validation/surge-shape-evidence-20260909/M401-01-baseline-awake/growing_clean,sink,42,1,125,560,573,564,566,441,20,20,0,0,0,139.268820861678,139.268820861678,valid,valid,0.0641762818608035,0.0641762818608035,0,1,0,KnownSignal,27fc9fb6eaa66dc8620c7b5fa98d583bb3473681c9f27916fba02160e770cea3,M401-01-baseline-awake,growing_clean
/Users/zcm361/Documents/Github/OxygenDynamicsV2/reference-validation/surge-shape-evidence-20260909/M401-01-baseline-awake/growing_clean,sink,43,1,126,429,450,443,446,334,20,20,0,0,0,131.70628742515,131.70628742515,valid,valid,0.0894955432951656,0.0894955432951656,0,1,0,KnownSignal,27fc9fb6eaa66dc8620c7b5fa98d583bb3473681c9f27916fba02160e770cea3,M401-01-baseline-awake,growing_clean
/Users/zcm361/Documents/Github/OxygenDynamicsV2/reference-validation/surge-shape-evidence-20260909/M401-01-baseline-awake/growing_clean,sink,44,1,127,578,590,585,587,371,20,20,0,0,0,133.744339622642,133.744339622642,valid,valid,0.0566142305944381,0.0566142305944381,0,1,0,KnownSignal,27fc9fb6eaa66dc8620c7b5fa98d583bb3473681c9f27916fba02160e770cea3,M401-01-baseline-awake,growing_clean
/Users/zcm361/Documents/Github/OxygenDynamicsV2/reference-validation/surge-shape-evidence-20260909/M401-01-baseline-awake/growing_clean,surge,1,1,1,57,86,57,86,4297,20,20,0,0,0,103.712427274843,103.712427274843,valid,valid,0.0795748165105398,0.0795748165105398,0,1,0,KnownSignal,27fc9fb6eaa66dc8620c7b5fa98d583bb3473681c9f27916fba02160e770cea3,M401-01-baseline-awake,growing_clean
/Users/zcm361/Documents/Github/OxygenDynamicsV2/reference-validation/surge-shape-evidence-20260909/M401-01-baseline-awake/growing_clean,surge,1,2,2,185,224,185,224,4472,20,3,0,17,0,NaN,NaN,insufficient_clean_prebaseline,insufficient_clean_prebaseline,NaN,NaN,NaN,1,0,KnownSignal,27fc9fb6eaa66dc8620c7b5fa98d583bb3473681c9f27916fba02160e770cea3,M401-01-baseline-awake,growing_clean
/Users/zcm361/Documents/Github/OxygenDynamicsV2/reference-validation/surge-shape-evidence-20260909/M401-01-baseline-awake/growing_clean,surge,2,1,3,89,104,89,104,2614,20,2,0,18,0,NaN,NaN,insufficient_clean_prebaseline,insufficient_clean_prebaseline,NaN,NaN,NaN,1,0,KnownSignal,27fc9fb6eaa66dc8620c7b5fa98d583bb3473681c9f27916fba02160e770cea3,M401-01-baseline-awake,growing_clean
/Users/zcm361/Documents/Github/OxygenDynamicsV2/reference-validation/surge-shape-evidence-20260909/M401-01-baseline-awake/growing_clean,surge,2,2,4,159,181,159,181,2883,20,5,0,15,0,NaN,NaN,insufficient_clean_prebaseline,insufficient_clean_prebaseline,NaN,NaN,NaN,1,0,KnownSignal,27fc9fb6eaa66dc8620c7b5fa98d583bb3473681c9f27916fba02160e770cea3,M401-01-baseline-awake,growing_clean
/Users/zcm361/Documents/Github/OxygenDynamicsV2/reference-validation/surge-shape-evidence-20260909/M401-01-baseline-awake/growing_clean,surge,3,1,5,113,128,113,128,2421,20,20,0,0,0,140.026621230896,140.026621230896,valid,valid,0.0541720027568961,0.0541720027568961,0,1,0,KnownSignal,27fc9fb6eaa66dc8620c7b5fa98d583bb3473681c9f27916fba02160e770cea3,M401-01-baseline-awake,growing_clean
/Users/zcm361/Documents/Github/OxygenDynamicsV2/reference-validation/surge-shape-evidence-20260909/M401-01-baseline-awake/growing_clean,surge,4,1,6,113,150,113,150,5292,20,20,0,0,0,126.862736205593,126.862736205593,valid,valid,0.111853057148679,0.111853057148679,0,1,0,KnownSignal,27fc9fb6eaa66dc8620c7b5fa98d583bb3473681c9f27916fba02160e770cea3,M401-01-baseline-awake,growing_clean
/Users/zcm361/Documents/Github/OxygenDynamicsV2/reference-validation/surge-shape-evidence-20260909/M401-01-baseline-awake/growing_clean,surge,5,1,7,180,210,180,210,2958,20,20,0,0,0,133.302011494253,133.302011494253,valid,valid,0.0337976200545082,0.0337976200545082,0,1,0,KnownSignal,27fc9fb6eaa66dc8620c7b5fa98d583bb3473681c9f27916fba02160e770cea3,M401-01-baseline-awake,growing_clean
/Users/zcm361/Documents/Github/OxygenDynamicsV2/reference-validation/surge-shape-evidence-20260909/M401-01-baseline-awake/growing_clean,surge,6,1,8,271,282,271,282,7566,20,20,0,0,0,135.826929685435,135.826929685435,valid,valid,0.0360656382169878,0.0360656382169878,0,1,0,KnownSignal,27fc9fb6eaa66dc8620c7b5fa98d583bb3473681c9f27916fba02160e770cea3,M401-01-baseline-awake,growing_clean
/Users/zcm361/Documents/Github/OxygenDynamicsV2/reference-validation/surge-shape-evidence-20260909/M401-01-baseline-awake/growing_clean,surge,7,1,9,330,339,330,339,1655,20,20,0,0,0,120.838459214501,120.838459214501,valid,valid,0.0352089241510665,0.0352089241510665,0,1,0,KnownSignal,27fc9fb6eaa66dc8620c7b5fa98d583bb3473681c9f27916fba02160e770cea3,M401-01-baseline-awake,growing_clean
/Users/zcm361/Documents/Github/OxygenDynamicsV2/reference-validation/surge-shape-evidence-20260909/M401-01-baseline-awake/growing_clean,surge,8,1,10,421,431,421,431,1998,20,20,0,0,0,151.339489489489,151.339489489489,valid,valid,0.043977322296754,0.043977322296754,0,1,0,KnownSignal,27fc9fb6eaa66dc8620c7b5fa98d583bb3473681c9f27916fba02160e770cea3,M401-01-baseline-awake,growing_clean
/Users/zcm361/Documents/Github/OxygenDynamicsV2/reference-validation/surge-shape-evidence-20260909/M401-01-baseline-awake/growing_clean,surge,9,1,11,536,545,536,545,1352,20,20,0,0,0,121.765828402367,121.765828402367,valid,valid,0.0366439608473439,0.0366439608473439,0,1,0,KnownSignal,27fc9fb6eaa66dc8620c7b5fa98d583bb3473681c9f27916fba02160e770cea3,M401-01-baseline-awake,growing_clean
/Users/zcm361/Documents/Github/OxygenDynamicsV2/reference-validation/surge-shape-evidence-20260909/M401-01-baseline-awake/growing_clean,surge,10,1,12,569,582,569,582,2383,20,11,0,9,0,NaN,NaN,insufficient_clean_prebaseline,insufficient_clean_prebaseline,NaN,NaN,NaN,1,0,KnownSignal,27fc9fb6eaa66dc8620c7b5fa98d583bb3473681c9f27916fba02160e770cea3,M401-01-baseline-awake,growing_clean
/Users/zcm361/Documents/Github/OxygenDynamicsV2/reference-validation/surge-shape-evidence-20260909/M401-01-baseline-awake/shrinking_clean,sink,1,1,1,1,6,1,6,554,20,0,1,0,0,NaN,NaN,insufficient_clean_prebaseline,insufficient_clean_prebaseline,NaN,NaN,NaN,1,0,KnownSignal,e7cec8b97c9d797c8db80339a02df0b8d5f1981cf309f55d4deec6731ef7149d,M401-01-baseline-awake,shrinking_clean
/Users/zcm361/Documents/Github/OxygenDynamicsV2/reference-validation/surge-shape-evidence-20260909/M401-01-baseline-awake/shrinking_clean,sink,1,2,2,8,12,8,12,419,20,1,1,6,0,NaN,NaN,insufficient_clean_prebaseline,insufficient_clean_prebaseline,NaN,NaN,NaN,1,0,KnownSignal,e7cec8b97c9d797c8db80339a02df0b8d5f1981cf309f55d4deec6731ef7149d,M401-01-baseline-awake,shrinking_clean
/Users/zcm361/Documents/Github/OxygenDynamicsV2/reference-validation/surge-shape-evidence-20260909/M401-01-baseline-awake/shrinking_clean,sink,2,1,3,1,6,1,6,329,20,0,1,0,0,NaN,NaN,insufficient_clean_prebaseline,insufficient_clean_prebaseline,NaN,NaN,NaN,1,0,KnownSignal,e7cec8b97c9d797c8db80339a02df0b8d5f1981cf309f55d4deec6731ef7149d,M401-01-baseline-awake,shrinking_clean
/Users/zcm361/Documents/Github/OxygenDynamicsV2/reference-validation/surge-shape-evidence-20260909/M401-01-baseline-awake/shrinking_clean,sink,3,1,4,1,7,1,7,430,20,0,1,0,0,NaN,NaN,insufficient_clean_prebaseline,insufficient_clean_prebaseline,NaN,NaN,NaN,1,0,KnownSignal,e7cec8b97c9d797c8db80339a02df0b8d5f1981cf309f55d4deec6731ef7149d,M401-01-baseline-awake,shrinking_clean
/Users/zcm361/Documents/Github/OxygenDynamicsV2/reference-validation/surge-shape-evidence-20260909/M401-01-baseline-awake/shrinking_clean,sink,3,2,5,11,13,11,13,219,20,3,1,7,0,NaN,NaN,insufficient_clean_prebaseline,insufficient_clean_prebaseline,NaN,NaN,NaN,1,0,KnownSignal,e7cec8b97c9d797c8db80339a02df0b8d5f1981cf309f55d4deec6731ef7149d,M401-01-baseline-awake,shrinking_clean
/Users/zcm361/Documents/Github/OxygenDynamicsV2/reference-validation/surge-shape-evidence-20260909/M401-01-baseline-awake/shrinking_clean,sink,4,1,6,1,3,1,3,1006,20,0,1,0,0,NaN,NaN,insufficient_clean_prebaseline,insufficient_clean_prebaseline,NaN,NaN,NaN,1,0,KnownSignal,e7cec8b97c9d797c8db80339a02df0b8d5f1981cf309f55d4deec6731ef7149d,M401-01-baseline-awake,shrinking_clean
/Users/zcm361/Documents/Github/OxygenDynamicsV2/reference-validation/surge-shape-evidence-20260909/M401-01-baseline-awake/shrinking_clean,sink,4,2,7,253,262,254,259,605,20,19,0,1,0,NaN,NaN,insufficient_clean_prebaseline,insufficient_clean_prebaseline,NaN,NaN,NaN,1,0,KnownSignal,e7cec8b97c9d797c8db80339a02df0b8d5f1981cf309f55d4deec6731ef7149d,M401-01-baseline-awake,shrinking_clean
/Users/zcm361/Documents/Github/OxygenDynamicsV2/reference-validation/surge-shape-evidence-20260909/M401-01-baseline-awake/shrinking_clean,sink,5,1,8,343,367,358,367,965,20,20,0,0,0,139.895492227979,139.895492227979,valid,valid,0.0862683209486876,0.0862683209486876,0,1,0,KnownSignal,e7cec8b97c9d797c8db80339a02df0b8d5f1981cf309f55d4deec6731ef7149d,M401-01-baseline-awake,shrinking_clean
/Users/zcm361/Documents/Github/OxygenDynamicsV2/reference-validation/surge-shape-evidence-20260909/M401-01-baseline-awake/shrinking_clean,sink,5,2,9,369,376,369,376,1215,20,10,0,10,0,NaN,NaN,insufficient_clean_prebaseline,insufficient_clean_prebaseline,NaN,NaN,NaN,1,0,KnownSignal,e7cec8b97c9d797c8db80339a02df0b8d5f1981cf309f55d4deec6731ef7149d,M401-01-baseline-awake,shrinking_clean
/Users/zcm361/Documents/Github/OxygenDynamicsV2/reference-validation/surge-shape-evidence-20260909/M401-01-baseline-awake/shrinking_clean,sink,5,3,10,384,386,384,386,406,20,8,0,12,0,NaN,NaN,insufficient_clean_prebaseline,insufficient_clean_prebaseline,NaN,NaN,NaN,1,0,KnownSignal,e7cec8b97c9d797c8db80339a02df0b8d5f1981cf309f55d4deec6731ef7149d,M401-01-baseline-awake,shrinking_clean
/Users/zcm361/Documents/Github/OxygenDynamicsV2/reference-validation/surge-shape-evidence-20260909/M401-01-baseline-awake/shrinking_clean,sink,5,4,11,388,392,388,392,448,20,12,0,8,0,NaN,NaN,insufficient_clean_prebaseline,insufficient_clean_prebaseline,NaN,NaN,NaN,1,0,KnownSignal,e7cec8b97c9d797c8db80339a02df0b8d5f1981cf309f55d4deec6731ef7149d,M401-01-baseline-awake,shrinking_clean
/Users/zcm361/Documents/Github/OxygenDynamicsV2/reference-validation/surge-shape-evidence-20260909/M401-01-baseline-awake/shrinking_clean,sink,5,5,12,397,400,397,400,584,20,12,0,8,0,NaN,NaN,insufficient_clean_prebaseline,insufficient_clean_prebaseline,NaN,NaN,NaN,1,0,KnownSignal,e7cec8b97c9d797c8db80339a02df0b8d5f1981cf309f55d4deec6731ef7149d,M401-01-baseline-awake,shrinking_clean
/Users/zcm361/Documents/Github/OxygenDynamicsV2/reference-validation/surge-shape-evidence-20260909/M401-01-baseline-awake/shrinking_clean,sink,5,6,13,519,545,535,544,622,20,20,0,0,0,143.618247588424,143.618247588424,valid,valid,0.0861469004724587,0.0861469004724587,0,1,0,KnownSignal,e7cec8b97c9d797c8db80339a02df0b8d5f1981cf309f55d4deec6731ef7149d,M401-01-baseline-awake,shrinking_clean
/Users/zcm361/Documents/Github/OxygenDynamicsV2/reference-validation/surge-shape-evidence-20260909/M401-01-baseline-awake/shrinking_clean,sink,6,1,14,2,17,2,15,1077,20,0,1,1,0,NaN,NaN,insufficient_clean_prebaseline,insufficient_clean_prebaseline,NaN,NaN,NaN,1,0,KnownSignal,e7cec8b97c9d797c8db80339a02df0b8d5f1981cf309f55d4deec6731ef7149d,M401-01-baseline-awake,shrinking_clean
/Users/zcm361/Documents/Github/OxygenDynamicsV2/reference-validation/surge-shape-evidence-20260909/M401-01-baseline-awake/shrinking_clean,sink,6,2,15,194,203,201,203,400,20,20,0,0,0,211.02075,211.02075,valid,valid,0.0350238069005061,0.0350238069005061,0,1,0,KnownSignal,e7cec8b97c9d797c8db80339a02df0b8d5f1981cf309f55d4deec6731ef7149d,M401-01-baseline-awake,shrinking_clean
/Users/zcm361/Documents/Github/OxygenDynamicsV2/reference-validation/surge-shape-evidence-20260909/M401-01-baseline-awake/shrinking_clean,sink,6,3,16,213,219,217,219,396,20,17,0,3,0,NaN,NaN,insufficient_clean_prebaseline,insufficient_clean_prebaseline,NaN,NaN,NaN,1,0,KnownSignal,e7cec8b97c9d797c8db80339a02df0b8d5f1981cf309f55d4deec6731ef7149d,M401-01-baseline-awake,shrinking_clean
/Users/zcm361/Documents/Github/OxygenDynamicsV2/reference-validation/surge-shape-evidence-20260909/M401-01-baseline-awake/shrinking_clean,sink,6,4,17,257,263,259,261,187,20,20,0,0,0,231.890909090909,231.890909090909,valid,valid,0.0403010820134861,0.0403010820134861,0,1,0,KnownSignal,e7cec8b97c9d797c8db80339a02df0b8d5f1981cf309f55d4deec6731ef7149d,M401-01-baseline-awake,shrinking_clean
/Users/zcm361/Documents/Github/OxygenDynamicsV2/reference-validation/surge-shape-evidence-20260909/M401-01-baseline-awake/shrinking_clean,sink,6,5,18,597,599,597,599,548,20,20,0,0,0,212.231295620438,212.231295620438,valid,valid,0.0701423655072644,0.0701423655072644,0,1,0,KnownSignal,e7cec8b97c9d797c8db80339a02df0b8d5f1981cf309f55d4deec6731ef7149d,M401-01-baseline-awake,shrinking_clean
/Users/zcm361/Documents/Github/OxygenDynamicsV2/reference-validation/surge-shape-evidence-20260909/M401-01-baseline-awake/shrinking_clean,sink,7,1,19,8,11,8,10,339,20,7,1,0,0,NaN,NaN,insufficient_clean_prebaseline,insufficient_clean_prebaseline,NaN,NaN,NaN,1,0,KnownSignal,e7cec8b97c9d797c8db80339a02df0b8d5f1981cf309f55d4deec6731ef7149d,M401-01-baseline-awake,shrinking_clean
/Users/zcm361/Documents/Github/OxygenDynamicsV2/reference-validation/surge-shape-evidence-20260909/M401-01-baseline-awake/shrinking_clean,sink,7,2,20,142,147,143,147,473,20,20,0,0,0,180.076744186047,180.076744186047,valid,valid,0.0645754746332021,0.0645754746332021,0,1,0,KnownSignal,e7cec8b97c9d797c8db80339a02df0b8d5f1981cf309f55d4deec6731ef7149d,M401-01-baseline-awake,shrinking_clean
/Users/zcm361/Documents/Github/OxygenDynamicsV2/reference-validation/surge-shape-evidence-20260909/M401-01-baseline-awake/shrinking_clean,sink,7,3,21,149,153,149,153,455,20,15,0,5,0,NaN,NaN,insufficient_clean_prebaseline,insufficient_clean_prebaseline,NaN,NaN,NaN,1,0,KnownSignal,e7cec8b97c9d797c8db80339a02df0b8d5f1981cf309f55d4deec6731ef7149d,M401-01-baseline-awake,shrinking_clean
/Users/zcm361/Documents/Github/OxygenDynamicsV2/reference-validation/surge-shape-evidence-20260909/M401-01-baseline-awake/shrinking_clean,sink,7,4,22,161,172,163,171,326,20,10,0,10,0,NaN,NaN,insufficient_clean_prebaseline,insufficient_clean_prebaseline,NaN,NaN,NaN,1,0,KnownSignal,e7cec8b97c9d797c8db80339a02df0b8d5f1981cf309f55d4deec6731ef7149d,M401-01-baseline-awake,shrinking_clean
/Users/zcm361/Documents/Github/OxygenDynamicsV2/reference-validation/surge-shape-evidence-20260909/M401-01-baseline-awake/shrinking_clean,sink,7,5,23,206,210,206,210,329,20,20,0,0,0,186.705319148936,186.705319148936,valid,valid,0.0259995555631526,0.0259995555631526,0,1,0,KnownSignal,e7cec8b97c9d797c8db80339a02df0b8d5f1981cf309f55d4deec6731ef7149d,M401-01-baseline-awake,shrinking_clean
/Users/zcm361/Documents/Github/OxygenDynamicsV2/reference-validation/surge-shape-evidence-20260909/M401-01-baseline-awake/shrinking_clean,sink,7,6,24,242,255,244,247,407,20,20,0,0,0,176.57027027027,176.57027027027,valid,valid,0.044390731951002,0.044390731951002,0,1,0,KnownSignal,e7cec8b97c9d797c8db80339a02df0b8d5f1981cf309f55d4deec6731ef7149d,M401-01-baseline-awake,shrinking_clean
/Users/zcm361/Documents/Github/OxygenDynamicsV2/reference-validation/surge-shape-evidence-20260909/M401-01-baseline-awake/shrinking_clean,sink,7,7,25,572,591,577,582,848,20,20,0,0,0,165.060672169811,165.060672169811,valid,valid,0.0291591606716942,0.0291591606716942,0,1,0,KnownSignal,e7cec8b97c9d797c8db80339a02df0b8d5f1981cf309f55d4deec6731ef7149d,M401-01-baseline-awake,shrinking_clean
/Users/zcm361/Documents/Github/OxygenDynamicsV2/reference-validation/surge-shape-evidence-20260909/M401-01-baseline-awake/shrinking_clean,sink,8,1,26,4,6,4,6,321,20,3,1,0,0,NaN,NaN,insufficient_clean_prebaseline,insufficient_clean_prebaseline,NaN,NaN,NaN,1,0,KnownSignal,e7cec8b97c9d797c8db80339a02df0b8d5f1981cf309f55d4deec6731ef7149d,M401-01-baseline-awake,shrinking_clean
/Users/zcm361/Documents/Github/OxygenDynamicsV2/reference-validation/surge-shape-evidence-20260909/M401-01-baseline-awake/shrinking_clean,sink,9,1,27,212,263,212,263,2092,20,20,0,0,0,156.726577437859,156.726577437859,valid,valid,0.0575681973453056,0.0575681973453056,0,1,0,KnownSignal,e7cec8b97c9d797c8db80339a02df0b8d5f1981cf309f55d4deec6731ef7149d,M401-01-baseline-awake,shrinking_clean
/Users/zcm361/Documents/Github/OxygenDynamicsV2/reference-validation/surge-shape-evidence-20260909/M401-01-baseline-awake/shrinking_clean,sink,9,2,28,457,462,458,462,515,20,20,0,0,0,171.165631067961,171.165631067961,valid,valid,0.109067127394915,0.109067127394915,0,1,0,KnownSignal,e7cec8b97c9d797c8db80339a02df0b8d5f1981cf309f55d4deec6731ef7149d,M401-01-baseline-awake,shrinking_clean
/Users/zcm361/Documents/Github/OxygenDynamicsV2/reference-validation/surge-shape-evidence-20260909/M401-01-baseline-awake/shrinking_clean,sink,9,3,29,473,475,473,475,595,20,15,0,5,0,NaN,NaN,insufficient_clean_prebaseline,insufficient_clean_prebaseline,NaN,NaN,NaN,1,0,KnownSignal,e7cec8b97c9d797c8db80339a02df0b8d5f1981cf309f55d4deec6731ef7149d,M401-01-baseline-awake,shrinking_clean
/Users/zcm361/Documents/Github/OxygenDynamicsV2/reference-validation/surge-shape-evidence-20260909/M401-01-baseline-awake/shrinking_clean,sink,9,4,30,497,500,497,500,267,20,20,0,0,0,183.333707865169,183.333707865169,valid,valid,0.0429641614623871,0.0429641614623871,0,1,0,KnownSignal,e7cec8b97c9d797c8db80339a02df0b8d5f1981cf309f55d4deec6731ef7149d,M401-01-baseline-awake,shrinking_clean
/Users/zcm361/Documents/Github/OxygenDynamicsV2/reference-validation/surge-shape-evidence-20260909/M401-01-baseline-awake/shrinking_clean,sink,10,1,31,11,13,11,13,253,20,10,1,0,0,NaN,NaN,insufficient_clean_prebaseline,insufficient_clean_prebaseline,NaN,NaN,NaN,1,0,KnownSignal,e7cec8b97c9d797c8db80339a02df0b8d5f1981cf309f55d4deec6731ef7149d,M401-01-baseline-awake,shrinking_clean
/Users/zcm361/Documents/Github/OxygenDynamicsV2/reference-validation/surge-shape-evidence-20260909/M401-01-baseline-awake/shrinking_clean,sink,10,2,32,17,19,17,19,330,20,13,1,3,0,NaN,NaN,insufficient_clean_prebaseline,insufficient_clean_prebaseline,NaN,NaN,NaN,1,0,KnownSignal,e7cec8b97c9d797c8db80339a02df0b8d5f1981cf309f55d4deec6731ef7149d,M401-01-baseline-awake,shrinking_clean
/Users/zcm361/Documents/Github/OxygenDynamicsV2/reference-validation/surge-shape-evidence-20260909/M401-01-baseline-awake/shrinking_clean,sink,10,3,33,213,219,217,219,347,20,20,0,0,0,146.18818443804,146.18818443804,valid,valid,0.0334001612543935,0.0334001612543935,0,1,0,KnownSignal,e7cec8b97c9d797c8db80339a02df0b8d5f1981cf309f55d4deec6731ef7149d,M401-01-baseline-awake,shrinking_clean
/Users/zcm361/Documents/Github/OxygenDynamicsV2/reference-validation/surge-shape-evidence-20260909/M401-01-baseline-awake/shrinking_clean,sink,10,4,34,235,239,235,239,703,20,17,0,3,0,NaN,NaN,insufficient_clean_prebaseline,insufficient_clean_prebaseline,NaN,NaN,NaN,1,0,KnownSignal,e7cec8b97c9d797c8db80339a02df0b8d5f1981cf309f55d4deec6731ef7149d,M401-01-baseline-awake,shrinking_clean
/Users/zcm361/Documents/Github/OxygenDynamicsV2/reference-validation/surge-shape-evidence-20260909/M401-01-baseline-awake/shrinking_clean,sink,10,5,35,242,244,242,244,516,20,15,0,5,0,NaN,NaN,insufficient_clean_prebaseline,insufficient_clean_prebaseline,NaN,NaN,NaN,1,0,KnownSignal,e7cec8b97c9d797c8db80339a02df0b8d5f1981cf309f55d4deec6731ef7149d,M401-01-baseline-awake,shrinking_clean
/Users/zcm361/Documents/Github/OxygenDynamicsV2/reference-validation/surge-shape-evidence-20260909/M401-01-baseline-awake/shrinking_clean,sink,11,1,36,312,317,312,317,1450,20,20,0,0,0,173.608172413793,173.608172413793,valid,valid,0.0242752357319903,0.0242752357319903,0,1,0,KnownSignal,e7cec8b97c9d797c8db80339a02df0b8d5f1981cf309f55d4deec6731ef7149d,M401-01-baseline-awake,shrinking_clean
/Users/zcm361/Documents/Github/OxygenDynamicsV2/reference-validation/surge-shape-evidence-20260909/M401-01-baseline-awake/shrinking_clean,sink,11,2,37,322,328,322,328,1047,20,14,0,6,0,NaN,NaN,insufficient_clean_prebaseline,insufficient_clean_prebaseline,NaN,NaN,NaN,1,0,KnownSignal,e7cec8b97c9d797c8db80339a02df0b8d5f1981cf309f55d4deec6731ef7149d,M401-01-baseline-awake,shrinking_clean
/Users/zcm361/Documents/Github/OxygenDynamicsV2/reference-validation/surge-shape-evidence-20260909/M401-01-baseline-awake/shrinking_clean,sink,11,3,38,330,346,330,346,2067,20,7,0,13,0,NaN,NaN,insufficient_clean_prebaseline,insufficient_clean_prebaseline,NaN,NaN,NaN,1,0,KnownSignal,e7cec8b97c9d797c8db80339a02df0b8d5f1981cf309f55d4deec6731ef7149d,M401-01-baseline-awake,shrinking_clean
/Users/zcm361/Documents/Github/OxygenDynamicsV2/reference-validation/surge-shape-evidence-20260909/M401-01-baseline-awake/shrinking_clean,sink,11,4,39,348,355,348,350,529,20,2,0,18,0,NaN,NaN,insufficient_clean_prebaseline,insufficient_clean_prebaseline,NaN,NaN,NaN,1,0,KnownSignal,e7cec8b97c9d797c8db80339a02df0b8d5f1981cf309f55d4deec6731ef7149d,M401-01-baseline-awake,shrinking_clean
/Users/zcm361/Documents/Github/OxygenDynamicsV2/reference-validation/surge-shape-evidence-20260909/M401-01-baseline-awake/shrinking_clean,sink,11,5,40,598,600,598,600,352,20,20,0,0,0,187.894886363636,187.894886363636,valid,valid,0.0823870938478053,0.0823870938478053,0,1,0,KnownSignal,e7cec8b97c9d797c8db80339a02df0b8d5f1981cf309f55d4deec6731ef7149d,M401-01-baseline-awake,shrinking_clean
/Users/zcm361/Documents/Github/OxygenDynamicsV2/reference-validation/surge-shape-evidence-20260909/M401-01-baseline-awake/shrinking_clean,sink,12,1,41,29,31,29,31,772,20,20,0,0,0,131.515155440415,131.515155440415,valid,valid,-7.19001435047147e-05,-7.19001435047147e-05,0,1,1,KnownSignal,e7cec8b97c9d797c8db80339a02df0b8d5f1981cf309f55d4deec6731ef7149d,M401-01-baseline-awake,shrinking_clean
/Users/zcm361/Documents/Github/OxygenDynamicsV2/reference-validation/surge-shape-evidence-20260909/M401-01-baseline-awake/shrinking_clean,sink,12,2,42,37,40,37,40,681,20,17,0,3,0,NaN,NaN,insufficient_clean_prebaseline,insufficient_clean_prebaseline,NaN,NaN,NaN,1,0,KnownSignal,e7cec8b97c9d797c8db80339a02df0b8d5f1981cf309f55d4deec6731ef7149d,M401-01-baseline-awake,shrinking_clean
/Users/zcm361/Documents/Github/OxygenDynamicsV2/reference-validation/surge-shape-evidence-20260909/M401-01-baseline-awake/shrinking_clean,sink,12,3,43,248,279,248,279,1810,20,16,0,4,0,NaN,NaN,insufficient_clean_prebaseline,insufficient_clean_prebaseline,NaN,NaN,NaN,1,0,KnownSignal,e7cec8b97c9d797c8db80339a02df0b8d5f1981cf309f55d4deec6731ef7149d,M401-01-baseline-awake,shrinking_clean
/Users/zcm361/Documents/Github/OxygenDynamicsV2/reference-validation/surge-shape-evidence-20260909/M401-01-baseline-awake/shrinking_clean,sink,12,4,44,281,292,281,292,1701,20,1,0,19,0,NaN,NaN,insufficient_clean_prebaseline,insufficient_clean_prebaseline,NaN,NaN,NaN,1,0,KnownSignal,e7cec8b97c9d797c8db80339a02df0b8d5f1981cf309f55d4deec6731ef7149d,M401-01-baseline-awake,shrinking_clean
/Users/zcm361/Documents/Github/OxygenDynamicsV2/reference-validation/surge-shape-evidence-20260909/M401-01-baseline-awake/shrinking_clean,sink,12,5,45,294,301,294,301,997,20,2,0,18,0,NaN,NaN,insufficient_clean_prebaseline,insufficient_clean_prebaseline,NaN,NaN,NaN,1,0,KnownSignal,e7cec8b97c9d797c8db80339a02df0b8d5f1981cf309f55d4deec6731ef7149d,M401-01-baseline-awake,shrinking_clean
/Users/zcm361/Documents/Github/OxygenDynamicsV2/reference-validation/surge-shape-evidence-20260909/M401-01-baseline-awake/shrinking_clean,sink,12,6,46,311,313,311,313,397,20,13,0,7,0,NaN,NaN,insufficient_clean_prebaseline,insufficient_clean_prebaseline,NaN,NaN,NaN,1,0,KnownSignal,e7cec8b97c9d797c8db80339a02df0b8d5f1981cf309f55d4deec6731ef7149d,M401-01-baseline-awake,shrinking_clean
/Users/zcm361/Documents/Github/OxygenDynamicsV2/reference-validation/surge-shape-evidence-20260909/M401-01-baseline-awake/shrinking_clean,sink,12,7,47,325,329,325,329,539,20,17,0,3,0,NaN,NaN,insufficient_clean_prebaseline,insufficient_clean_prebaseline,NaN,NaN,NaN,1,0,KnownSignal,e7cec8b97c9d797c8db80339a02df0b8d5f1981cf309f55d4deec6731ef7149d,M401-01-baseline-awake,shrinking_clean
/Users/zcm361/Documents/Github/OxygenDynamicsV2/reference-validation/surge-shape-evidence-20260909/M401-01-baseline-awake/shrinking_clean,sink,12,8,48,334,336,334,336,287,20,15,0,5,0,NaN,NaN,insufficient_clean_prebaseline,insufficient_clean_prebaseline,NaN,NaN,NaN,1,0,KnownSignal,e7cec8b97c9d797c8db80339a02df0b8d5f1981cf309f55d4deec6731ef7149d,M401-01-baseline-awake,shrinking_clean
/Users/zcm361/Documents/Github/OxygenDynamicsV2/reference-validation/surge-shape-evidence-20260909/M401-01-baseline-awake/shrinking_clean,sink,13,1,49,243,251,246,251,463,20,20,0,0,0,161.481533477322,161.481533477322,valid,valid,0.0661256895685805,0.0661256895685805,0,1,0,KnownSignal,e7cec8b97c9d797c8db80339a02df0b8d5f1981cf309f55d4deec6731ef7149d,M401-01-baseline-awake,shrinking_clean
/Users/zcm361/Documents/Github/OxygenDynamicsV2/reference-validation/surge-shape-evidence-20260909/M401-01-baseline-awake/shrinking_clean,sink,13,2,50,258,272,258,262,286,20,14,0,6,0,NaN,NaN,insufficient_clean_prebaseline,insufficient_clean_prebaseline,NaN,NaN,NaN,1,0,KnownSignal,e7cec8b97c9d797c8db80339a02df0b8d5f1981cf309f55d4deec6731ef7149d,M401-01-baseline-awake,shrinking_clean
/Users/zcm361/Documents/Github/OxygenDynamicsV2/reference-validation/surge-shape-evidence-20260909/M401-01-baseline-awake/shrinking_clean,sink,13,3,51,497,510,505,508,268,20,20,0,0,0,160.18302238806,160.18302238806,valid,valid,0.0894743769079445,0.0894743769079445,0,1,0,KnownSignal,e7cec8b97c9d797c8db80339a02df0b8d5f1981cf309f55d4deec6731ef7149d,M401-01-baseline-awake,shrinking_clean
/Users/zcm361/Documents/Github/OxygenDynamicsV2/reference-validation/surge-shape-evidence-20260909/M401-01-baseline-awake/shrinking_clean,sink,14,1,52,27,31,28,30,215,20,20,0,0,0,131.96023255814,131.96023255814,valid,valid,0.0490087746660817,0.0490087746660817,0,1,0,KnownSignal,e7cec8b97c9d797c8db80339a02df0b8d5f1981cf309f55d4deec6731ef7149d,M401-01-baseline-awake,shrinking_clean
/Users/zcm361/Documents/Github/OxygenDynamicsV2/reference-validation/surge-shape-evidence-20260909/M401-01-baseline-awake/shrinking_clean,sink,15,1,53,378,393,379,387,481,20,20,0,0,0,178.036174636175,178.036174636175,valid,valid,0.0897572732771726,0.0897572732771726,0,1,0,KnownSignal,e7cec8b97c9d797c8db80339a02df0b8d5f1981cf309f55d4deec6731ef7149d,M401-01-baseline-awake,shrinking_clean
/Users/zcm361/Documents/Github/OxygenDynamicsV2/reference-validation/surge-shape-evidence-20260909/M401-01-baseline-awake/shrinking_clean,sink,15,2,54,431,440,433,435,593,20,20,0,0,0,179.590387858347,179.590387858347,valid,valid,0.10109289360931,0.10109289360931,0,1,0,KnownSignal,e7cec8b97c9d797c8db80339a02df0b8d5f1981cf309f55d4deec6731ef7149d,M401-01-baseline-awake,shrinking_clean
/Users/zcm361/Documents/Github/OxygenDynamicsV2/reference-validation/surge-shape-evidence-20260909/M401-01-baseline-awake/shrinking_clean,sink,16,1,55,431,440,435,437,219,20,20,0,0,0,160.075799086758,160.075799086758,valid,valid,0.107671593936663,0.107671593936663,0,1,0,KnownSignal,e7cec8b97c9d797c8db80339a02df0b8d5f1981cf309f55d4deec6731ef7149d,M401-01-baseline-awake,shrinking_clean
/Users/zcm361/Documents/Github/OxygenDynamicsV2/reference-validation/surge-shape-evidence-20260909/M401-01-baseline-awake/shrinking_clean,sink,17,1,56,256,287,274,276,462,20,20,0,0,0,119.113961038961,119.113961038961,valid,valid,0.0672470704961688,0.0672470704961688,0,1,0,KnownSignal,e7cec8b97c9d797c8db80339a02df0b8d5f1981cf309f55d4deec6731ef7149d,M401-01-baseline-awake,shrinking_clean
/Users/zcm361/Documents/Github/OxygenDynamicsV2/reference-validation/surge-shape-evidence-20260909/M401-01-baseline-awake/shrinking_clean,sink,17,2,57,579,590,579,582,376,20,20,0,0,0,123.848138297872,123.848138297872,valid,valid,0.060147873274794,0.060147873274794,0,1,0,KnownSignal,e7cec8b97c9d797c8db80339a02df0b8d5f1981cf309f55d4deec6731ef7149d,M401-01-baseline-awake,shrinking_clean
/Users/zcm361/Documents/Github/OxygenDynamicsV2/reference-validation/surge-shape-evidence-20260909/M401-01-baseline-awake/shrinking_clean,sink,18,1,58,522,548,527,530,467,20,20,0,0,0,153.630728051392,153.630728051392,valid,valid,0.109463931909366,0.109463931909366,0,1,0,KnownSignal,e7cec8b97c9d797c8db80339a02df0b8d5f1981cf309f55d4deec6731ef7149d,M401-01-baseline-awake,shrinking_clean
/Users/zcm361/Documents/Github/OxygenDynamicsV2/reference-validation/surge-shape-evidence-20260909/M401-01-baseline-awake/shrinking_clean,sink,19,1,59,56,68,56,67,506,20,17,0,3,0,NaN,NaN,insufficient_clean_prebaseline,insufficient_clean_prebaseline,NaN,NaN,NaN,1,0,KnownSignal,e7cec8b97c9d797c8db80339a02df0b8d5f1981cf309f55d4deec6731ef7149d,M401-01-baseline-awake,shrinking_clean
/Users/zcm361/Documents/Github/OxygenDynamicsV2/reference-validation/surge-shape-evidence-20260909/M401-01-baseline-awake/shrinking_clean,sink,19,2,60,221,242,239,242,370,20,10,0,10,0,NaN,NaN,insufficient_clean_prebaseline,insufficient_clean_prebaseline,NaN,NaN,NaN,1,0,KnownSignal,e7cec8b97c9d797c8db80339a02df0b8d5f1981cf309f55d4deec6731ef7149d,M401-01-baseline-awake,shrinking_clean
/Users/zcm361/Documents/Github/OxygenDynamicsV2/reference-validation/surge-shape-evidence-20260909/M401-01-baseline-awake/shrinking_clean,sink,20,1,61,180,190,180,190,736,20,20,0,0,0,144.842323369565,144.842323369565,valid,valid,0.0940579593908107,0.0940579593908107,0,1,0,KnownSignal,e7cec8b97c9d797c8db80339a02df0b8d5f1981cf309f55d4deec6731ef7149d,M401-01-baseline-awake,shrinking_clean
/Users/zcm361/Documents/Github/OxygenDynamicsV2/reference-validation/surge-shape-evidence-20260909/M401-01-baseline-awake/shrinking_clean,sink,20,2,62,321,327,322,325,728,20,19,0,1,0,NaN,NaN,insufficient_clean_prebaseline,insufficient_clean_prebaseline,NaN,NaN,NaN,1,0,KnownSignal,e7cec8b97c9d797c8db80339a02df0b8d5f1981cf309f55d4deec6731ef7149d,M401-01-baseline-awake,shrinking_clean
/Users/zcm361/Documents/Github/OxygenDynamicsV2/reference-validation/surge-shape-evidence-20260909/M401-01-baseline-awake/shrinking_clean,sink,20,3,63,334,340,336,339,404,20,16,0,4,0,NaN,NaN,insufficient_clean_prebaseline,insufficient_clean_prebaseline,NaN,NaN,NaN,1,0,KnownSignal,e7cec8b97c9d797c8db80339a02df0b8d5f1981cf309f55d4deec6731ef7149d,M401-01-baseline-awake,shrinking_clean
/Users/zcm361/Documents/Github/OxygenDynamicsV2/reference-validation/surge-shape-evidence-20260909/M401-01-baseline-awake/shrinking_clean,sink,20,4,64,581,590,587,589,361,20,20,0,0,0,139.770360110803,139.770360110803,valid,valid,0.0730937766934684,0.0730937766934684,0,1,0,KnownSignal,e7cec8b97c9d797c8db80339a02df0b8d5f1981cf309f55d4deec6731ef7149d,M401-01-baseline-awake,shrinking_clean
/Users/zcm361/Documents/Github/OxygenDynamicsV2/reference-validation/surge-shape-evidence-20260909/M401-01-baseline-awake/shrinking_clean,sink,21,1,65,72,77,73,76,292,20,8,0,12,0,NaN,NaN,insufficient_clean_prebaseline,insufficient_clean_prebaseline,NaN,NaN,NaN,1,0,KnownSignal,e7cec8b97c9d797c8db80339a02df0b8d5f1981cf309f55d4deec6731ef7149d,M401-01-baseline-awake,shrinking_clean
/Users/zcm361/Documents/Github/OxygenDynamicsV2/reference-validation/surge-shape-evidence-20260909/M401-01-baseline-awake/shrinking_clean,sink,22,1,66,104,139,104,139,2089,20,20,0,0,0,120.540234561991,120.540234561991,valid,valid,0.0749758099953316,0.0749758099953316,0,1,0,KnownSignal,e7cec8b97c9d797c8db80339a02df0b8d5f1981cf309f55d4deec6731ef7149d,M401-01-baseline-awake,shrinking_clean
/Users/zcm361/Documents/Github/OxygenDynamicsV2/reference-validation/surge-shape-evidence-20260909/M401-01-baseline-awake/shrinking_clean,sink,22,2,67,326,336,331,336,446,20,20,0,0,0,149.12399103139,149.12399103139,valid,valid,0.0899317839760753,0.0899317839760753,0,1,0,KnownSignal,e7cec8b97c9d797c8db80339a02df0b8d5f1981cf309f55d4deec6731ef7149d,M401-01-baseline-awake,shrinking_clean
/Users/zcm361/Documents/Github/OxygenDynamicsV2/reference-validation/surge-shape-evidence-20260909/M401-01-baseline-awake/shrinking_clean,sink,22,3,68,454,461,458,461,747,20,20,0,0,0,153.382329317269,153.382329317269,valid,valid,0.0995281759102644,0.0995281759102644,0,1,0,KnownSignal,e7cec8b97c9d797c8db80339a02df0b8d5f1981cf309f55d4deec6731ef7149d,M401-01-baseline-awake,shrinking_clean
/Users/zcm361/Documents/Github/OxygenDynamicsV2/reference-validation/surge-shape-evidence-20260909/M401-01-baseline-awake/shrinking_clean,sink,22,4,69,464,502,464,502,1762,20,16,0,4,0,NaN,NaN,insufficient_clean_prebaseline,insufficient_clean_prebaseline,NaN,NaN,NaN,1,0,KnownSignal,e7cec8b97c9d797c8db80339a02df0b8d5f1981cf309f55d4deec6731ef7149d,M401-01-baseline-awake,shrinking_clean
/Users/zcm361/Documents/Github/OxygenDynamicsV2/reference-validation/surge-shape-evidence-20260909/M401-01-baseline-awake/shrinking_clean,sink,22,5,70,505,513,505,513,510,20,2,0,18,0,NaN,NaN,insufficient_clean_prebaseline,insufficient_clean_prebaseline,NaN,NaN,NaN,1,0,KnownSignal,e7cec8b97c9d797c8db80339a02df0b8d5f1981cf309f55d4deec6731ef7149d,M401-01-baseline-awake,shrinking_clean
/Users/zcm361/Documents/Github/OxygenDynamicsV2/reference-validation/surge-shape-evidence-20260909/M401-01-baseline-awake/shrinking_clean,sink,23,1,71,279,287,281,283,347,20,20,0,0,0,111.85734870317,111.85734870317,valid,valid,0.0518749436421955,0.0518749436421955,0,1,0,KnownSignal,e7cec8b97c9d797c8db80339a02df0b8d5f1981cf309f55d4deec6731ef7149d,M401-01-baseline-awake,shrinking_clean
/Users/zcm361/Documents/Github/OxygenDynamicsV2/reference-validation/surge-shape-evidence-20260909/M401-01-baseline-awake/shrinking_clean,sink,24,1,72,82,90,83,87,681,20,20,0,0,0,136.469603524229,136.469603524229,valid,valid,0.0591677265381046,0.0591677265381046,0,1,0,KnownSignal,e7cec8b97c9d797c8db80339a02df0b8d5f1981cf309f55d4deec6731ef7149d,M401-01-baseline-awake,shrinking_clean
/Users/zcm361/Documents/Github/OxygenDynamicsV2/reference-validation/surge-shape-evidence-20260909/M401-01-baseline-awake/shrinking_clean,sink,24,2,73,155,163,158,163,1486,20,19,0,1,0,NaN,NaN,insufficient_clean_prebaseline,insufficient_clean_prebaseline,NaN,NaN,NaN,1,0,KnownSignal,e7cec8b97c9d797c8db80339a02df0b8d5f1981cf309f55d4deec6731ef7149d,M401-01-baseline-awake,shrinking_clean
/Users/zcm361/Documents/Github/OxygenDynamicsV2/reference-validation/surge-shape-evidence-20260909/M401-01-baseline-awake/shrinking_clean,sink,24,3,74,167,173,167,173,1763,20,14,0,6,0,NaN,NaN,insufficient_clean_prebaseline,insufficient_clean_prebaseline,NaN,NaN,NaN,1,0,KnownSignal,e7cec8b97c9d797c8db80339a02df0b8d5f1981cf309f55d4deec6731ef7149d,M401-01-baseline-awake,shrinking_clean
/Users/zcm361/Documents/Github/OxygenDynamicsV2/reference-validation/surge-shape-evidence-20260909/M401-01-baseline-awake/shrinking_clean,sink,24,4,75,178,181,178,181,654,20,10,0,10,0,NaN,NaN,insufficient_clean_prebaseline,insufficient_clean_prebaseline,NaN,NaN,NaN,1,0,KnownSignal,e7cec8b97c9d797c8db80339a02df0b8d5f1981cf309f55d4deec6731ef7149d,M401-01-baseline-awake,shrinking_clean
/Users/zcm361/Documents/Github/OxygenDynamicsV2/reference-validation/surge-shape-evidence-20260909/M401-01-baseline-awake/shrinking_clean,sink,24,5,76,183,190,183,190,971,20,9,0,11,0,NaN,NaN,insufficient_clean_prebaseline,insufficient_clean_prebaseline,NaN,NaN,NaN,1,0,KnownSignal,e7cec8b97c9d797c8db80339a02df0b8d5f1981cf309f55d4deec6731ef7149d,M401-01-baseline-awake,shrinking_clean
/Users/zcm361/Documents/Github/OxygenDynamicsV2/reference-validation/surge-shape-evidence-20260909/M401-01-baseline-awake/shrinking_clean,sink,24,6,77,342,362,342,355,1293,20,20,0,0,0,160.622931167827,160.622931167827,valid,valid,0.0926230027187752,0.0926230027187752,0,1,0,KnownSignal,e7cec8b97c9d797c8db80339a02df0b8d5f1981cf309f55d4deec6731ef7149d,M401-01-baseline-awake,shrinking_clean
/Users/zcm361/Documents/Github/OxygenDynamicsV2/reference-validation/surge-shape-evidence-20260909/M401-01-baseline-awake/shrinking_clean,sink,24,7,78,371,392,372,381,1229,20,15,0,5,0,NaN,NaN,insufficient_clean_prebaseline,insufficient_clean_prebaseline,NaN,NaN,NaN,1,0,KnownSignal,e7cec8b97c9d797c8db80339a02df0b8d5f1981cf309f55d4deec6731ef7149d,M401-01-baseline-awake,shrinking_clean
/Users/zcm361/Documents/Github/OxygenDynamicsV2/reference-validation/surge-shape-evidence-20260909/M401-01-baseline-awake/shrinking_clean,sink,24,8,79,458,468,465,468,431,20,20,0,0,0,165.243155452436,165.243155452436,valid,valid,0.113968306566432,0.113968306566432,0,1,0,KnownSignal,e7cec8b97c9d797c8db80339a02df0b8d5f1981cf309f55d4deec6731ef7149d,M401-01-baseline-awake,shrinking_clean
/Users/zcm361/Documents/Github/OxygenDynamicsV2/reference-validation/surge-shape-evidence-20260909/M401-01-baseline-awake/shrinking_clean,sink,24,9,80,472,477,472,477,481,20,16,0,4,0,NaN,NaN,insufficient_clean_prebaseline,insufficient_clean_prebaseline,NaN,NaN,NaN,1,0,KnownSignal,e7cec8b97c9d797c8db80339a02df0b8d5f1981cf309f55d4deec6731ef7149d,M401-01-baseline-awake,shrinking_clean
/Users/zcm361/Documents/Github/OxygenDynamicsV2/reference-validation/surge-shape-evidence-20260909/M401-01-baseline-awake/shrinking_clean,sink,24,10,81,517,537,518,534,2025,20,20,0,0,0,159.17212345679,159.17212345679,valid,valid,0.0941214193005757,0.0941214193005757,0,1,0,KnownSignal,e7cec8b97c9d797c8db80339a02df0b8d5f1981cf309f55d4deec6731ef7149d,M401-01-baseline-awake,shrinking_clean
/Users/zcm361/Documents/Github/OxygenDynamicsV2/reference-validation/surge-shape-evidence-20260909/M401-01-baseline-awake/shrinking_clean,sink,24,11,82,572,574,572,574,332,20,14,0,6,0,NaN,NaN,insufficient_clean_prebaseline,insufficient_clean_prebaseline,NaN,NaN,NaN,1,0,KnownSignal,e7cec8b97c9d797c8db80339a02df0b8d5f1981cf309f55d4deec6731ef7149d,M401-01-baseline-awake,shrinking_clean
/Users/zcm361/Documents/Github/OxygenDynamicsV2/reference-validation/surge-shape-evidence-20260909/M401-01-baseline-awake/shrinking_clean,sink,25,1,83,103,106,104,106,484,20,20,0,0,0,144.757438016529,144.757438016529,valid,valid,0.0645365715802726,0.0645365715802726,0,1,0,KnownSignal,e7cec8b97c9d797c8db80339a02df0b8d5f1981cf309f55d4deec6731ef7149d,M401-01-baseline-awake,shrinking_clean
/Users/zcm361/Documents/Github/OxygenDynamicsV2/reference-validation/surge-shape-evidence-20260909/M401-01-baseline-awake/shrinking_clean,sink,26,1,84,98,103,99,102,572,20,20,0,0,0,93.3535839160839,93.3535839160839,valid,valid,0.0378523640756017,0.0378523640756017,0,1,0,KnownSignal,e7cec8b97c9d797c8db80339a02df0b8d5f1981cf309f55d4deec6731ef7149d,M401-01-baseline-awake,shrinking_clean
/Users/zcm361/Documents/Github/OxygenDynamicsV2/reference-validation/surge-shape-evidence-20260909/M401-01-baseline-awake/shrinking_clean,sink,27,1,85,106,113,108,110,227,20,20,0,0,0,109.508810572687,109.508810572687,valid,valid,0.0657923848985259,0.0657923848985259,0,1,0,KnownSignal,e7cec8b97c9d797c8db80339a02df0b8d5f1981cf309f55d4deec6731ef7149d,M401-01-baseline-awake,shrinking_clean
/Users/zcm361/Documents/Github/OxygenDynamicsV2/reference-validation/surge-shape-evidence-20260909/M401-01-baseline-awake/shrinking_clean,sink,28,1,86,112,150,112,150,1749,20,7,0,13,0,NaN,NaN,insufficient_clean_prebaseline,insufficient_clean_prebaseline,NaN,NaN,NaN,1,0,KnownSignal,e7cec8b97c9d797c8db80339a02df0b8d5f1981cf309f55d4deec6731ef7149d,M401-01-baseline-awake,shrinking_clean
/Users/zcm361/Documents/Github/OxygenDynamicsV2/reference-validation/surge-shape-evidence-20260909/M401-01-baseline-awake/shrinking_clean,sink,29,1,87,149,156,152,156,987,20,20,0,0,0,124.863323201621,124.863323201621,valid,valid,0.0368475845118596,0.0368475845118596,0,1,0,KnownSignal,e7cec8b97c9d797c8db80339a02df0b8d5f1981cf309f55d4deec6731ef7149d,M401-01-baseline-awake,shrinking_clean
/Users/zcm361/Documents/Github/OxygenDynamicsV2/reference-validation/surge-shape-evidence-20260909/M401-01-baseline-awake/shrinking_clean,sink,29,2,88,488,514,488,514,1217,20,20,0,0,0,138.594207066557,138.594207066557,valid,valid,0.0681994899482211,0.0681994899482211,0,1,0,KnownSignal,e7cec8b97c9d797c8db80339a02df0b8d5f1981cf309f55d4deec6731ef7149d,M401-01-baseline-awake,shrinking_clean
/Users/zcm361/Documents/Github/OxygenDynamicsV2/reference-validation/surge-shape-evidence-20260909/M401-01-baseline-awake/shrinking_clean,sink,30,1,89,167,175,171,173,263,20,20,0,0,0,184.100760456274,184.100760456274,valid,valid,0.0582731807057219,0.0582731807057219,0,1,0,KnownSignal,e7cec8b97c9d797c8db80339a02df0b8d5f1981cf309f55d4deec6731ef7149d,M401-01-baseline-awake,shrinking_clean
/Users/zcm361/Documents/Github/OxygenDynamicsV2/reference-validation/surge-shape-evidence-20260909/M401-01-baseline-awake/shrinking_clean,sink,31,1,90,482,492,483,492,1183,20,20,0,0,0,124.952197802198,124.952197802198,valid,valid,0.0680459712573093,0.0680459712573093,0,1,0,KnownSignal,e7cec8b97c9d797c8db80339a02df0b8d5f1981cf309f55d4deec6731ef7149d,M401-01-baseline-awake,shrinking_clean
/Users/zcm361/Documents/Github/OxygenDynamicsV2/reference-validation/surge-shape-evidence-20260909/M401-01-baseline-awake/shrinking_clean,sink,31,2,91,494,497,494,497,965,20,10,0,10,0,NaN,NaN,insufficient_clean_prebaseline,insufficient_clean_prebaseline,NaN,NaN,NaN,1,0,KnownSignal,e7cec8b97c9d797c8db80339a02df0b8d5f1981cf309f55d4deec6731ef7149d,M401-01-baseline-awake,shrinking_clean
/Users/zcm361/Documents/Github/OxygenDynamicsV2/reference-validation/surge-shape-evidence-20260909/M401-01-baseline-awake/shrinking_clean,sink,31,3,92,499,503,499,503,835,20,6,0,14,0,NaN,NaN,insufficient_clean_prebaseline,insufficient_clean_prebaseline,NaN,NaN,NaN,1,0,KnownSignal,e7cec8b97c9d797c8db80339a02df0b8d5f1981cf309f55d4deec6731ef7149d,M401-01-baseline-awake,shrinking_clean
/Users/zcm361/Documents/Github/OxygenDynamicsV2/reference-validation/surge-shape-evidence-20260909/M401-01-baseline-awake/shrinking_clean,sink,31,4,93,508,513,508,513,769,20,6,0,14,0,NaN,NaN,insufficient_clean_prebaseline,insufficient_clean_prebaseline,NaN,NaN,NaN,1,0,KnownSignal,e7cec8b97c9d797c8db80339a02df0b8d5f1981cf309f55d4deec6731ef7149d,M401-01-baseline-awake,shrinking_clean
/Users/zcm361/Documents/Github/OxygenDynamicsV2/reference-validation/surge-shape-evidence-20260909/M401-01-baseline-awake/shrinking_clean,sink,31,5,94,534,557,535,557,921,20,20,0,0,0,119.59875135722,119.59875135722,valid,valid,0.0303080922501905,0.0303080922501905,0,1,0,KnownSignal,e7cec8b97c9d797c8db80339a02df0b8d5f1981cf309f55d4deec6731ef7149d,M401-01-baseline-awake,shrinking_clean
/Users/zcm361/Documents/Github/OxygenDynamicsV2/reference-validation/surge-shape-evidence-20260909/M401-01-baseline-awake/shrinking_clean,sink,32,1,95,253,274,264,274,913,20,16,0,4,0,NaN,NaN,insufficient_clean_prebaseline,insufficient_clean_prebaseline,NaN,NaN,NaN,1,0,KnownSignal,e7cec8b97c9d797c8db80339a02df0b8d5f1981cf309f55d4deec6731ef7149d,M401-01-baseline-awake,shrinking_clean
/Users/zcm361/Documents/Github/OxygenDynamicsV2/reference-validation/surge-shape-evidence-20260909/M401-01-baseline-awake/shrinking_clean,sink,32,2,96,277,279,277,279,384,20,9,0,11,0,NaN,NaN,insufficient_clean_prebaseline,insufficient_clean_prebaseline,NaN,NaN,NaN,1,0,KnownSignal,e7cec8b97c9d797c8db80339a02df0b8d5f1981cf309f55d4deec6731ef7149d,M401-01-baseline-awake,shrinking_clean
/Users/zcm361/Documents/Github/OxygenDynamicsV2/reference-validation/surge-shape-evidence-20260909/M401-01-baseline-awake/shrinking_clean,sink,33,1,97,204,212,210,212,187,20,20,0,0,0,116.063368983957,116.063368983957,valid,valid,0.0622401094736647,0.0622401094736647,0,1,0,KnownSignal,e7cec8b97c9d797c8db80339a02df0b8d5f1981cf309f55d4deec6731ef7149d,M401-01-baseline-awake,shrinking_clean
/Users/zcm361/Documents/Github/OxygenDynamicsV2/reference-validation/surge-shape-evidence-20260909/M401-01-baseline-awake/shrinking_clean,sink,33,2,98,219,223,219,222,343,20,17,0,3,0,NaN,NaN,insufficient_clean_prebaseline,insufficient_clean_prebaseline,NaN,NaN,NaN,1,0,KnownSignal,e7cec8b97c9d797c8db80339a02df0b8d5f1981cf309f55d4deec6731ef7149d,M401-01-baseline-awake,shrinking_clean
/Users/zcm361/Documents/Github/OxygenDynamicsV2/reference-validation/surge-shape-evidence-20260909/M401-01-baseline-awake/shrinking_clean,sink,34,1,99,558,570,558,570,1717,20,20,0,0,0,155.767064647641,155.767064647641,valid,valid,0.0725926385682964,0.0725926385682964,0,1,0,KnownSignal,e7cec8b97c9d797c8db80339a02df0b8d5f1981cf309f55d4deec6731ef7149d,M401-01-baseline-awake,shrinking_clean
/Users/zcm361/Documents/Github/OxygenDynamicsV2/reference-validation/surge-shape-evidence-20260909/M401-01-baseline-awake/shrinking_clean,sink,35,1,100,206,222,217,219,351,20,20,0,0,0,134.65811965812,134.65811965812,valid,valid,0.0582883740611448,0.0582883740611448,0,1,0,KnownSignal,e7cec8b97c9d797c8db80339a02df0b8d5f1981cf309f55d4deec6731ef7149d,M401-01-baseline-awake,shrinking_clean
/Users/zcm361/Documents/Github/OxygenDynamicsV2/reference-validation/surge-shape-evidence-20260909/M401-01-baseline-awake/shrinking_clean,sink,36,1,101,218,230,223,226,294,20,20,0,0,0,125.214285714286,125.214285714286,valid,valid,0.0372694428598594,0.0372694428598594,0,1,0,KnownSignal,e7cec8b97c9d797c8db80339a02df0b8d5f1981cf309f55d4deec6731ef7149d,M401-01-baseline-awake,shrinking_clean
/Users/zcm361/Documents/Github/OxygenDynamicsV2/reference-validation/surge-shape-evidence-20260909/M401-01-baseline-awake/shrinking_clean,sink,37,1,102,299,302,299,302,557,20,20,0,0,0,122.859694793537,122.859694793537,valid,valid,0.0547229875710277,0.0547229875710277,0,1,0,KnownSignal,e7cec8b97c9d797c8db80339a02df0b8d5f1981cf309f55d4deec6731ef7149d,M401-01-baseline-awake,shrinking_clean
/Users/zcm361/Documents/Github/OxygenDynamicsV2/reference-validation/surge-shape-evidence-20260909/M401-01-baseline-awake/shrinking_clean,sink,37,2,103,308,311,309,311,163,20,18,0,2,0,NaN,NaN,insufficient_clean_prebaseline,insufficient_clean_prebaseline,NaN,NaN,NaN,1,0,KnownSignal,e7cec8b97c9d797c8db80339a02df0b8d5f1981cf309f55d4deec6731ef7149d,M401-01-baseline-awake,shrinking_clean
/Users/zcm361/Documents/Github/OxygenDynamicsV2/reference-validation/surge-shape-evidence-20260909/M401-01-baseline-awake/shrinking_clean,sink,37,3,104,314,318,316,318,257,20,15,0,5,0,NaN,NaN,insufficient_clean_prebaseline,insufficient_clean_prebaseline,NaN,NaN,NaN,1,0,KnownSignal,e7cec8b97c9d797c8db80339a02df0b8d5f1981cf309f55d4deec6731ef7149d,M401-01-baseline-awake,shrinking_clean
/Users/zcm361/Documents/Github/OxygenDynamicsV2/reference-validation/surge-shape-evidence-20260909/M401-01-baseline-awake/shrinking_clean,sink,37,4,105,322,327,322,325,609,20,13,0,7,0,NaN,NaN,insufficient_clean_prebaseline,insufficient_clean_prebaseline,NaN,NaN,NaN,1,0,KnownSignal,e7cec8b97c9d797c8db80339a02df0b8d5f1981cf309f55d4deec6731ef7149d,M401-01-baseline-awake,shrinking_clean
/Users/zcm361/Documents/Github/OxygenDynamicsV2/reference-validation/surge-shape-evidence-20260909/M401-01-baseline-awake/shrinking_clean,sink,37,5,106,334,339,334,338,447,20,13,0,7,0,NaN,NaN,insufficient_clean_prebaseline,insufficient_clean_prebaseline,NaN,NaN,NaN,1,0,KnownSignal,e7cec8b97c9d797c8db80339a02df0b8d5f1981cf309f55d4deec6731ef7149d,M401-01-baseline-awake,shrinking_clean
/Users/zcm361/Documents/Github/OxygenDynamicsV2/reference-validation/surge-shape-evidence-20260909/M401-01-baseline-awake/shrinking_clean,sink,38,1,107,380,393,380,382,158,20,17,0,3,0,NaN,NaN,insufficient_clean_prebaseline,insufficient_clean_prebaseline,NaN,NaN,NaN,1,0,KnownSignal,e7cec8b97c9d797c8db80339a02df0b8d5f1981cf309f55d4deec6731ef7149d,M401-01-baseline-awake,shrinking_clean
/Users/zcm361/Documents/Github/OxygenDynamicsV2/reference-validation/surge-shape-evidence-20260909/M401-01-baseline-awake/shrinking_clean,sink,39,1,108,370,372,370,372,270,20,20,0,0,0,138.642037037037,138.642037037037,valid,valid,-0.004184771066442,-0.004184771066442,0,1,1,KnownSignal,e7cec8b97c9d797c8db80339a02df0b8d5f1981cf309f55d4deec6731ef7149d,M401-01-baseline-awake,shrinking_clean
/Users/zcm361/Documents/Github/OxygenDynamicsV2/reference-validation/surge-shape-evidence-20260909/M401-01-baseline-awake/shrinking_clean,sink,40,1,109,405,409,405,407,386,20,20,0,0,0,140.596632124352,140.596632124352,valid,valid,0.0465871756743558,0.0465871756743558,0,1,0,KnownSignal,e7cec8b97c9d797c8db80339a02df0b8d5f1981cf309f55d4deec6731ef7149d,M401-01-baseline-awake,shrinking_clean
/Users/zcm361/Documents/Github/OxygenDynamicsV2/reference-validation/surge-shape-evidence-20260909/M401-01-baseline-awake/shrinking_clean,sink,40,2,110,430,442,431,433,446,20,20,0,0,0,147.418161434978,147.418161434978,valid,valid,0.112725005133197,0.112725005133197,0,1,0,KnownSignal,e7cec8b97c9d797c8db80339a02df0b8d5f1981cf309f55d4deec6731ef7149d,M401-01-baseline-awake,shrinking_clean
/Users/zcm361/Documents/Github/OxygenDynamicsV2/reference-validation/surge-shape-evidence-20260909/M401-01-baseline-awake/shrinking_clean,sink,41,1,111,560,573,564,566,441,20,20,0,0,0,139.268820861678,139.268820861678,valid,valid,0.0641762818608035,0.0641762818608035,0,1,0,KnownSignal,e7cec8b97c9d797c8db80339a02df0b8d5f1981cf309f55d4deec6731ef7149d,M401-01-baseline-awake,shrinking_clean
/Users/zcm361/Documents/Github/OxygenDynamicsV2/reference-validation/surge-shape-evidence-20260909/M401-01-baseline-awake/shrinking_clean,sink,42,1,112,429,450,443,446,333,20,20,0,0,0,131.712612612613,131.712612612613,valid,valid,0.0906354949692549,0.0906354949692549,0,1,0,KnownSignal,e7cec8b97c9d797c8db80339a02df0b8d5f1981cf309f55d4deec6731ef7149d,M401-01-baseline-awake,shrinking_clean
/Users/zcm361/Documents/Github/OxygenDynamicsV2/reference-validation/surge-shape-evidence-20260909/M401-01-baseline-awake/shrinking_clean,sink,43,1,113,444,448,446,448,440,20,20,0,0,0,157.356477272727,157.356477272727,valid,valid,0.0616990807640729,0.0616990807640729,0,1,0,KnownSignal,e7cec8b97c9d797c8db80339a02df0b8d5f1981cf309f55d4deec6731ef7149d,M401-01-baseline-awake,shrinking_clean
/Users/zcm361/Documents/Github/OxygenDynamicsV2/reference-validation/surge-shape-evidence-20260909/M401-01-baseline-awake/shrinking_clean,sink,44,1,114,578,590,585,587,371,20,20,0,0,0,133.744339622642,133.744339622642,valid,valid,0.0566142305944381,0.0566142305944381,0,1,0,KnownSignal,e7cec8b97c9d797c8db80339a02df0b8d5f1981cf309f55d4deec6731ef7149d,M401-01-baseline-awake,shrinking_clean
/Users/zcm361/Documents/Github/OxygenDynamicsV2/reference-validation/surge-shape-evidence-20260909/M401-01-baseline-awake/shrinking_clean,surge,1,1,1,57,86,57,86,4325,20,20,0,0,0,103.684705202312,103.684705202312,valid,valid,0.0792992138126181,0.0792992138126181,0,1,0,KnownSignal,e7cec8b97c9d797c8db80339a02df0b8d5f1981cf309f55d4deec6731ef7149d,M401-01-baseline-awake,shrinking_clean
/Users/zcm361/Documents/Github/OxygenDynamicsV2/reference-validation/surge-shape-evidence-20260909/M401-01-baseline-awake/shrinking_clean,surge,1,2,2,185,224,185,224,4464,20,3,0,17,0,NaN,NaN,insufficient_clean_prebaseline,insufficient_clean_prebaseline,NaN,NaN,NaN,1,0,KnownSignal,e7cec8b97c9d797c8db80339a02df0b8d5f1981cf309f55d4deec6731ef7149d,M401-01-baseline-awake,shrinking_clean
/Users/zcm361/Documents/Github/OxygenDynamicsV2/reference-validation/surge-shape-evidence-20260909/M401-01-baseline-awake/shrinking_clean,surge,2,1,3,89,104,89,104,2351,20,2,0,18,0,NaN,NaN,insufficient_clean_prebaseline,insufficient_clean_prebaseline,NaN,NaN,NaN,1,0,KnownSignal,e7cec8b97c9d797c8db80339a02df0b8d5f1981cf309f55d4deec6731ef7149d,M401-01-baseline-awake,shrinking_clean
/Users/zcm361/Documents/Github/OxygenDynamicsV2/reference-validation/surge-shape-evidence-20260909/M401-01-baseline-awake/shrinking_clean,surge,2,2,4,159,181,159,181,2852,20,8,0,12,0,NaN,NaN,insufficient_clean_prebaseline,insufficient_clean_prebaseline,NaN,NaN,NaN,1,0,KnownSignal,e7cec8b97c9d797c8db80339a02df0b8d5f1981cf309f55d4deec6731ef7149d,M401-01-baseline-awake,shrinking_clean
/Users/zcm361/Documents/Github/OxygenDynamicsV2/reference-validation/surge-shape-evidence-20260909/M401-01-baseline-awake/shrinking_clean,surge,3,1,5,110,148,110,148,4202,20,20,0,0,0,128.340599714422,128.340599714422,valid,valid,0.0987447875640289,0.0987447875640289,0,1,0,KnownSignal,e7cec8b97c9d797c8db80339a02df0b8d5f1981cf309f55d4deec6731ef7149d,M401-01-baseline-awake,shrinking_clean
/Users/zcm361/Documents/Github/OxygenDynamicsV2/reference-validation/surge-shape-evidence-20260909/M401-01-baseline-awake/shrinking_clean,surge,4,1,6,113,128,113,128,2410,20,20,0,0,0,140.00112033195,140.00112033195,valid,valid,0.0540698103482871,0.0540698103482871,0,1,0,KnownSignal,e7cec8b97c9d797c8db80339a02df0b8d5f1981cf309f55d4deec6731ef7149d,M401-01-baseline-awake,shrinking_clean
/Users/zcm361/Documents/Github/OxygenDynamicsV2/reference-validation/surge-shape-evidence-20260909/M401-01-baseline-awake/shrinking_clean,surge,5,1,7,180,210,180,210,2958,20,20,0,0,0,133.302011494253,133.302011494253,valid,valid,0.0337976200545082,0.0337976200545082,0,1,0,KnownSignal,e7cec8b97c9d797c8db80339a02df0b8d5f1981cf309f55d4deec6731ef7149d,M401-01-baseline-awake,shrinking_clean
/Users/zcm361/Documents/Github/OxygenDynamicsV2/reference-validation/surge-shape-evidence-20260909/M401-01-baseline-awake/shrinking_clean,surge,6,1,8,271,282,271,282,7566,20,20,0,0,0,135.826929685435,135.826929685435,valid,valid,0.0360656382169878,0.0360656382169878,0,1,0,KnownSignal,e7cec8b97c9d797c8db80339a02df0b8d5f1981cf309f55d4deec6731ef7149d,M401-01-baseline-awake,shrinking_clean
/Users/zcm361/Documents/Github/OxygenDynamicsV2/reference-validation/surge-shape-evidence-20260909/M401-01-baseline-awake/shrinking_clean,surge,7,1,9,330,339,330,339,1655,20,20,0,0,0,120.838459214501,120.838459214501,valid,valid,0.0352089241510665,0.0352089241510665,0,1,0,KnownSignal,e7cec8b97c9d797c8db80339a02df0b8d5f1981cf309f55d4deec6731ef7149d,M401-01-baseline-awake,shrinking_clean
/Users/zcm361/Documents/Github/OxygenDynamicsV2/reference-validation/surge-shape-evidence-20260909/M401-01-baseline-awake/shrinking_clean,surge,8,1,10,421,431,421,431,1998,20,20,0,0,0,151.339489489489,151.339489489489,valid,valid,0.043977322296754,0.043977322296754,0,1,0,KnownSignal,e7cec8b97c9d797c8db80339a02df0b8d5f1981cf309f55d4deec6731ef7149d,M401-01-baseline-awake,shrinking_clean
/Users/zcm361/Documents/Github/OxygenDynamicsV2/reference-validation/surge-shape-evidence-20260909/M401-01-baseline-awake/shrinking_clean,surge,9,1,11,536,545,536,545,1351,20,20,0,0,0,121.756772760918,121.756772760918,valid,valid,0.0367893179908737,0.0367893179908737,0,1,0,KnownSignal,e7cec8b97c9d797c8db80339a02df0b8d5f1981cf309f55d4deec6731ef7149d,M401-01-baseline-awake,shrinking_clean
/Users/zcm361/Documents/Github/OxygenDynamicsV2/reference-validation/surge-shape-evidence-20260909/M401-01-baseline-awake/shrinking_clean,surge,10,1,12,569,582,569,582,2383,20,11,0,9,0,NaN,NaN,insufficient_clean_prebaseline,insufficient_clean_prebaseline,NaN,NaN,NaN,1,0,KnownSignal,e7cec8b97c9d797c8db80339a02df0b8d5f1981cf309f55d4deec6731ef7149d,M401-01-baseline-awake,shrinking_clean
/Users/zcm361/Documents/Github/OxygenDynamicsV2/reference-validation/surge-shape-evidence-20260909/FB2411/growing_clean,sink,1,1,1,1,30,1,30,767,20,0,1,0,0,NaN,NaN,insufficient_clean_prebaseline,insufficient_clean_prebaseline,NaN,NaN,NaN,1,0,KnownSignal,901d7e83a5a5a904556fd5029e6738ab8ea04da2455853fb728da782a0d6236f,FB2411,growing_clean
/Users/zcm361/Documents/Github/OxygenDynamicsV2/reference-validation/surge-shape-evidence-20260909/FB2411/growing_clean,sink,1,2,2,112,153,112,152,791,20,3,0,17,0,NaN,NaN,insufficient_clean_prebaseline,insufficient_clean_prebaseline,NaN,NaN,NaN,1,0,KnownSignal,901d7e83a5a5a904556fd5029e6738ab8ea04da2455853fb728da782a0d6236f,FB2411,growing_clean
/Users/zcm361/Documents/Github/OxygenDynamicsV2/reference-validation/surge-shape-evidence-20260909/FB2411/growing_clean,sink,1,3,3,256,301,256,301,805,20,20,0,0,0,26751.7363975155,26751.7363975155,valid,valid,0.00239133719806655,0.00239133719806655,0,1,0,KnownSignal,901d7e83a5a5a904556fd5029e6738ab8ea04da2455853fb728da782a0d6236f,FB2411,growing_clean
/Users/zcm361/Documents/Github/OxygenDynamicsV2/reference-validation/surge-shape-evidence-20260909/FB2411/growing_clean,sink,2,1,4,33,37,34,36,401,20,20,0,0,0,25879.4997506234,25879.4997506234,valid,valid,0.00177596544368102,0.00177596544368102,0,1,0,KnownSignal,901d7e83a5a5a904556fd5029e6738ab8ea04da2455853fb728da782a0d6236f,FB2411,growing_clean
/Users/zcm361/Documents/Github/OxygenDynamicsV2/reference-validation/surge-shape-evidence-20260909/FB2411/growing_clean,sink,3,1,5,211,235,227,231,550,20,20,0,0,0,23543.001,23543.001,valid,valid,0.00371911727898195,0.00371911727898195,0,1,0,KnownSignal,901d7e83a5a5a904556fd5029e6738ab8ea04da2455853fb728da782a0d6236f,FB2411,growing_clean
/Users/zcm361/Documents/Github/OxygenDynamicsV2/reference-validation/surge-shape-evidence-20260909/FB2411/growing_clean,sink,4,1,6,243,245,243,245,170,20,20,0,0,0,18390.255,18390.255,valid,valid,0.00266904465243701,0.00266904465243701,0,1,0,KnownSignal,901d7e83a5a5a904556fd5029e6738ab8ea04da2455853fb728da782a0d6236f,FB2411,growing_clean
/Users/zcm361/Documents/Github/OxygenDynamicsV2/reference-validation/surge-shape-evidence-20260909/FB2411/growing_clean,sink,4,2,7,248,256,248,253,443,20,17,0,3,0,NaN,NaN,insufficient_clean_prebaseline,insufficient_clean_prebaseline,NaN,NaN,NaN,1,0,KnownSignal,901d7e83a5a5a904556fd5029e6738ab8ea04da2455853fb728da782a0d6236f,FB2411,growing_clean
/Users/zcm361/Documents/Github/OxygenDynamicsV2/reference-validation/surge-shape-evidence-20260909/FB2411/growing_clean,sink,5,1,8,243,250,243,246,618,20,20,0,0,0,26301.8148058252,26301.8148058252,valid,valid,0.0038091893267694,0.0038091893267694,0,1,0,KnownSignal,901d7e83a5a5a904556fd5029e6738ab8ea04da2455853fb728da782a0d6236f,FB2411,growing_clean
/Users/zcm361/Documents/Github/OxygenDynamicsV2/reference-validation/surge-shape-evidence-20260909/FB2411/growing_clean,sink,6,1,9,252,265,256,264,521,20,15,0,5,0,NaN,NaN,insufficient_clean_prebaseline,insufficient_clean_prebaseline,NaN,NaN,NaN,1,0,KnownSignal,901d7e83a5a5a904556fd5029e6738ab8ea04da2455853fb728da782a0d6236f,FB2411,growing_clean
/Users/zcm361/Documents/Github/OxygenDynamicsV2/reference-validation/surge-shape-evidence-20260909/FB2411/growing_clean,sink,6,2,10,266,274,266,272,422,20,9,0,11,0,NaN,NaN,insufficient_clean_prebaseline,insufficient_clean_prebaseline,NaN,NaN,NaN,1,0,KnownSignal,901d7e83a5a5a904556fd5029e6738ab8ea04da2455853fb728da782a0d6236f,FB2411,growing_clean
/Users/zcm361/Documents/Github/OxygenDynamicsV2/reference-validation/surge-shape-evidence-20260909/FB2411/growing_clean,surge,1,1,1,4,24,4,24,3175,20,3,1,0,0,NaN,NaN,insufficient_clean_prebaseline,insufficient_clean_prebaseline,NaN,NaN,NaN,1,0,KnownSignal,901d7e83a5a5a904556fd5029e6738ab8ea04da2455853fb728da782a0d6236f,FB2411,growing_clean
/Users/zcm361/Documents/Github/OxygenDynamicsV2/reference-validation/surge-shape-evidence-20260909/FB2411/growing_clean,surge,2,1,2,36,84,36,84,5361,20,3,0,17,0,NaN,NaN,insufficient_clean_prebaseline,insufficient_clean_prebaseline,NaN,NaN,NaN,1,0,KnownSignal,901d7e83a5a5a904556fd5029e6738ab8ea04da2455853fb728da782a0d6236f,FB2411,growing_clean
/Users/zcm361/Documents/Github/OxygenDynamicsV2/reference-validation/surge-shape-evidence-20260909/FB2411/growing_clean,surge,3,1,3,90,101,90,101,1984,20,17,0,3,0,NaN,NaN,insufficient_clean_prebaseline,insufficient_clean_prebaseline,NaN,NaN,NaN,1,0,KnownSignal,901d7e83a5a5a904556fd5029e6738ab8ea04da2455853fb728da782a0d6236f,FB2411,growing_clean
/Users/zcm361/Documents/Github/OxygenDynamicsV2/reference-validation/surge-shape-evidence-20260909/FB2411/growing_clean,surge,4,1,4,90,100,90,100,6848,20,5,0,15,0,NaN,NaN,insufficient_clean_prebaseline,insufficient_clean_prebaseline,NaN,NaN,NaN,1,0,KnownSignal,901d7e83a5a5a904556fd5029e6738ab8ea04da2455853fb728da782a0d6236f,FB2411,growing_clean
/Users/zcm361/Documents/Github/OxygenDynamicsV2/reference-validation/surge-shape-evidence-20260909/FB2411/growing_clean,surge,5,1,5,104,115,104,115,3322,20,8,0,12,0,NaN,NaN,insufficient_clean_prebaseline,insufficient_clean_prebaseline,NaN,NaN,NaN,1,0,KnownSignal,901d7e83a5a5a904556fd5029e6738ab8ea04da2455853fb728da782a0d6236f,FB2411,growing_clean
/Users/zcm361/Documents/Github/OxygenDynamicsV2/reference-validation/surge-shape-evidence-20260909/FB2411/growing_clean,surge,6,1,6,145,165,145,165,2250,20,20,0,0,0,21748.6822666667,21748.6822666667,valid,valid,0.000311046175648886,0.000311046175648886,0,1,0,KnownSignal,901d7e83a5a5a904556fd5029e6738ab8ea04da2455853fb728da782a0d6236f,FB2411,growing_clean
/Users/zcm361/Documents/Github/OxygenDynamicsV2/reference-validation/surge-shape-evidence-20260909/FB2411/growing_clean,surge,6,2,7,227,239,227,239,1816,20,20,0,0,0,22095.9282764317,22095.9282764317,valid,valid,0.00163980742186183,0.00163980742186183,0,1,0,KnownSignal,901d7e83a5a5a904556fd5029e6738ab8ea04da2455853fb728da782a0d6236f,FB2411,growing_clean
/Users/zcm361/Documents/Github/OxygenDynamicsV2/reference-validation/surge-shape-evidence-20260909/FB2411/growing_clean,surge,7,1,8,152,165,152,165,2606,20,20,0,0,0,17086.6832310054,17086.6832310054,valid,valid,-0.000190655761158627,-0.000190655761158627,0,1,1,KnownSignal,901d7e83a5a5a904556fd5029e6738ab8ea04da2455853fb728da782a0d6236f,FB2411,growing_clean
/Users/zcm361/Documents/Github/OxygenDynamicsV2/reference-validation/surge-shape-evidence-20260909/FB2411/growing_clean,surge,8,1,9,164,232,164,232,9298,20,11,0,9,0,NaN,NaN,insufficient_clean_prebaseline,insufficient_clean_prebaseline,NaN,NaN,NaN,1,0,KnownSignal,901d7e83a5a5a904556fd5029e6738ab8ea04da2455853fb728da782a0d6236f,FB2411,growing_clean
/Users/zcm361/Documents/Github/OxygenDynamicsV2/reference-validation/surge-shape-evidence-20260909/FB2411/growing_clean,surge,9,1,10,291,301,291,301,8132,20,18,0,2,0,NaN,NaN,insufficient_clean_prebaseline,insufficient_clean_prebaseline,NaN,NaN,NaN,1,0,KnownSignal,901d7e83a5a5a904556fd5029e6738ab8ea04da2455853fb728da782a0d6236f,FB2411,growing_clean
/Users/zcm361/Documents/Github/OxygenDynamicsV2/reference-validation/surge-shape-evidence-20260909/FB2411/growing_clean,surge,10,1,11,292,301,292,301,892,20,20,0,0,0,16114.6104820628,16114.6104820628,valid,valid,0.000667893048662421,0.000667893048662421,0,1,0,KnownSignal,901d7e83a5a5a904556fd5029e6738ab8ea04da2455853fb728da782a0d6236f,FB2411,growing_clean
/Users/zcm361/Documents/Github/OxygenDynamicsV2/reference-validation/surge-shape-evidence-20260909/FB2411/growing_clean,surge,11,1,12,292,301,292,301,1287,20,20,0,0,0,20702.2874902875,20702.2874902875,valid,valid,0.000439726339787963,0.000439726339787963,0,1,0,KnownSignal,901d7e83a5a5a904556fd5029e6738ab8ea04da2455853fb728da782a0d6236f,FB2411,growing_clean
/Users/zcm361/Documents/Github/OxygenDynamicsV2/reference-validation/surge-shape-evidence-20260909/FB2411/shrinking_clean,sink,1,1,1,1,29,1,29,749,20,0,1,0,0,NaN,NaN,insufficient_clean_prebaseline,insufficient_clean_prebaseline,NaN,NaN,NaN,1,0,KnownSignal,78a95242f3e4778a79a28ea63a63894a2efcce9b53d71b169ec890a951584758,FB2411,shrinking_clean
/Users/zcm361/Documents/Github/OxygenDynamicsV2/reference-validation/surge-shape-evidence-20260909/FB2411/shrinking_clean,sink,1,2,2,109,149,109,149,954,20,9,0,11,0,NaN,NaN,insufficient_clean_prebaseline,insufficient_clean_prebaseline,NaN,NaN,NaN,1,0,KnownSignal,78a95242f3e4778a79a28ea63a63894a2efcce9b53d71b169ec890a951584758,FB2411,shrinking_clean
/Users/zcm361/Documents/Github/OxygenDynamicsV2/reference-validation/surge-shape-evidence-20260909/FB2411/shrinking_clean,sink,1,3,3,248,301,248,301,821,20,20,0,0,0,26767.8541412911,26767.8541412911,valid,valid,0.00236946135181113,0.00236946135181113,0,1,0,KnownSignal,78a95242f3e4778a79a28ea63a63894a2efcce9b53d71b169ec890a951584758,FB2411,shrinking_clean
/Users/zcm361/Documents/Github/OxygenDynamicsV2/reference-validation/surge-shape-evidence-20260909/FB2411/shrinking_clean,sink,2,1,4,211,235,227,230,590,20,20,0,0,0,23542.3205084746,23542.3205084746,valid,valid,0.0036067826817554,0.0036067826817554,0,1,0,KnownSignal,78a95242f3e4778a79a28ea63a63894a2efcce9b53d71b169ec890a951584758,FB2411,shrinking_clean
/Users/zcm361/Documents/Github/OxygenDynamicsV2/reference-validation/surge-shape-evidence-20260909/FB2411/shrinking_clean,sink,3,1,5,101,119,105,107,427,20,4,0,16,0,NaN,NaN,insufficient_clean_prebaseline,insufficient_clean_prebaseline,NaN,NaN,NaN,1,0,KnownSignal,78a95242f3e4778a79a28ea63a63894a2efcce9b53d71b169ec890a951584758,FB2411,shrinking_clean
/Users/zcm361/Documents/Github/OxygenDynamicsV2/reference-validation/surge-shape-evidence-20260909/FB2411/shrinking_clean,sink,3,2,6,201,208,206,208,208,20,20,0,0,0,20868.4992788462,20868.4992788462,valid,valid,0.00236067295807016,0.00236067295807016,0,1,0,KnownSignal,78a95242f3e4778a79a28ea63a63894a2efcce9b53d71b169ec890a951584758,FB2411,shrinking_clean
/Users/zcm361/Documents/Github/OxygenDynamicsV2/reference-validation/surge-shape-evidence-20260909/FB2411/shrinking_clean,sink,4,1,7,141,161,149,151,198,20,20,0,0,0,23771.3065656566,23771.3065656566,valid,valid,0.00493777119078736,0.00493777119078736,0,1,0,KnownSignal,78a95242f3e4778a79a28ea63a63894a2efcce9b53d71b169ec890a951584758,FB2411,shrinking_clean
/Users/zcm361/Documents/Github/OxygenDynamicsV2/reference-validation/surge-shape-evidence-20260909/FB2411/shrinking_clean,sink,5,1,8,242,252,243,245,171,20,20,0,0,0,18385.8350877193,18385.8350877193,valid,valid,0.00508266947686427,0.00508266947686427,0,1,0,KnownSignal,78a95242f3e4778a79a28ea63a63894a2efcce9b53d71b169ec890a951584758,FB2411,shrinking_clean
/Users/zcm361/Documents/Github/OxygenDynamicsV2/reference-validation/surge-shape-evidence-20260909/FB2411/shrinking_clean,sink,6,1,9,242,251,243,245,344,20,20,0,0,0,26198.057122093,26198.057122093,valid,valid,0.00378508119108526,0.00378508119108526,0,1,0,KnownSignal,78a95242f3e4778a79a28ea63a63894a2efcce9b53d71b169ec890a951584758,FB2411,shrinking_clean
/Users/zcm361/Documents/Github/OxygenDynamicsV2/reference-validation/surge-shape-evidence-20260909/FB2411/shrinking_clean,sink,7,1,10,252,265,255,264,437,20,17,0,3,0,NaN,NaN,insufficient_clean_prebaseline,insufficient_clean_prebaseline,NaN,NaN,NaN,1,0,KnownSignal,78a95242f3e4778a79a28ea63a63894a2efcce9b53d71b169ec890a951584758,FB2411,shrinking_clean
/Users/zcm361/Documents/Github/OxygenDynamicsV2/reference-validation/surge-shape-evidence-20260909/FB2411/shrinking_clean,sink,7,2,11,267,274,267,272,392,20,10,0,10,0,NaN,NaN,insufficient_clean_prebaseline,insufficient_clean_prebaseline,NaN,NaN,NaN,1,0,KnownSignal,78a95242f3e4778a79a28ea63a63894a2efcce9b53d71b169ec890a951584758,FB2411,shrinking_clean
/Users/zcm361/Documents/Github/OxygenDynamicsV2/reference-validation/surge-shape-evidence-20260909/FB2411/shrinking_clean,surge,1,1,1,4,24,4,24,3186,20,3,1,0,0,NaN,NaN,insufficient_clean_prebaseline,insufficient_clean_prebaseline,NaN,NaN,NaN,1,0,KnownSignal,78a95242f3e4778a79a28ea63a63894a2efcce9b53d71b169ec890a951584758,FB2411,shrinking_clean
/Users/zcm361/Documents/Github/OxygenDynamicsV2/reference-validation/surge-shape-evidence-20260909/FB2411/shrinking_clean,surge,2,1,2,35,84,35,84,5683,20,5,0,15,0,NaN,NaN,insufficient_clean_prebaseline,insufficient_clean_prebaseline,NaN,NaN,NaN,1,0,KnownSignal,78a95242f3e4778a79a28ea63a63894a2efcce9b53d71b169ec890a951584758,FB2411,shrinking_clean
/Users/zcm361/Documents/Github/OxygenDynamicsV2/reference-validation/surge-shape-evidence-20260909/FB2411/shrinking_clean,surge,3,1,3,88,101,88,101,2300,20,17,0,3,0,NaN,NaN,insufficient_clean_prebaseline,insufficient_clean_prebaseline,NaN,NaN,NaN,1,0,KnownSignal,78a95242f3e4778a79a28ea63a63894a2efcce9b53d71b169ec890a951584758,FB2411,shrinking_clean
/Users/zcm361/Documents/Github/OxygenDynamicsV2/reference-validation/surge-shape-evidence-20260909/FB2411/shrinking_clean,surge,4,1,4,90,100,90,100,6845,20,5,0,15,0,NaN,NaN,insufficient_clean_prebaseline,insufficient_clean_prebaseline,NaN,NaN,NaN,1,0,KnownSignal,78a95242f3e4778a79a28ea63a63894a2efcce9b53d71b169ec890a951584758,FB2411,shrinking_clean
/Users/zcm361/Documents/Github/OxygenDynamicsV2/reference-validation/surge-shape-evidence-20260909/FB2411/shrinking_clean,surge,5,1,5,145,165,145,165,2314,20,20,0,0,0,21748.0866681072,21748.0866681072,valid,valid,0.000353729246635627,0.000353729246635627,0,1,0,KnownSignal,78a95242f3e4778a79a28ea63a63894a2efcce9b53d71b169ec890a951584758,FB2411,shrinking_clean
/Users/zcm361/Documents/Github/OxygenDynamicsV2/reference-validation/surge-shape-evidence-20260909/FB2411/shrinking_clean,surge,6,1,6,150,163,150,163,3897,20,0,0,20,0,NaN,NaN,insufficient_clean_prebaseline,insufficient_clean_prebaseline,NaN,NaN,NaN,1,0,KnownSignal,78a95242f3e4778a79a28ea63a63894a2efcce9b53d71b169ec890a951584758,FB2411,shrinking_clean
/Users/zcm361/Documents/Github/OxygenDynamicsV2/reference-validation/surge-shape-evidence-20260909/FB2411/shrinking_clean,surge,7,1,7,152,165,152,165,2584,20,20,0,0,0,17322.246749226,17322.246749226,valid,valid,-0.000177959740634442,-0.000177959740634442,0,1,1,KnownSignal,78a95242f3e4778a79a28ea63a63894a2efcce9b53d71b169ec890a951584758,FB2411,shrinking_clean
/Users/zcm361/Documents/Github/OxygenDynamicsV2/reference-validation/surge-shape-evidence-20260909/FB2411/shrinking_clean,surge,8,1,8,164,217,164,217,8908,20,0,0,20,0,NaN,NaN,insufficient_clean_prebaseline,insufficient_clean_prebaseline,NaN,NaN,NaN,1,0,KnownSignal,78a95242f3e4778a79a28ea63a63894a2efcce9b53d71b169ec890a951584758,FB2411,shrinking_clean
/Users/zcm361/Documents/Github/OxygenDynamicsV2/reference-validation/surge-shape-evidence-20260909/FB2411/shrinking_clean,surge,9,1,9,227,239,227,239,1795,20,18,0,2,0,NaN,NaN,insufficient_clean_prebaseline,insufficient_clean_prebaseline,NaN,NaN,NaN,1,0,KnownSignal,78a95242f3e4778a79a28ea63a63894a2efcce9b53d71b169ec890a951584758,FB2411,shrinking_clean
/Users/zcm361/Documents/Github/OxygenDynamicsV2/reference-validation/surge-shape-evidence-20260909/FB2411/shrinking_clean,surge,10,1,10,290,301,290,301,10116,20,17,0,3,0,NaN,NaN,insufficient_clean_prebaseline,insufficient_clean_prebaseline,NaN,NaN,NaN,1,0,KnownSignal,78a95242f3e4778a79a28ea63a63894a2efcce9b53d71b169ec890a951584758,FB2411,shrinking_clean
/Users/zcm361/Documents/Github/OxygenDynamicsV2/reference-validation/surge-shape-evidence-20260909/FB2411/shrinking_clean,surge,11,1,11,292,301,292,301,1042,20,20,0,0,0,15978.4505278311,15978.4505278311,valid,valid,0.000676147588161405,0.000676147588161405,0,1,0,KnownSignal,78a95242f3e4778a79a28ea63a63894a2efcce9b53d71b169ec890a951584758,FB2411,shrinking_clean
/Users/zcm361/Documents/Github/OxygenDynamicsV2/reference-validation/surge-shape-evidence-20260909/FB2312-baseline-awake/growing_clean,sink,1,1,1,1,15,1,15,842,20,0,1,0,0,NaN,NaN,insufficient_clean_prebaseline,insufficient_clean_prebaseline,NaN,NaN,NaN,1,0,KnownSignal,2c213cfdf0ac75baccf1976c98459cb527b229a69126f225cc29020e149e4a0e,FB2312-baseline-awake,growing_clean
/Users/zcm361/Documents/Github/OxygenDynamicsV2/reference-validation/surge-shape-evidence-20260909/FB2312-baseline-awake/growing_clean,sink,1,2,2,19,22,19,21,969,20,3,1,15,0,NaN,NaN,insufficient_clean_prebaseline,insufficient_clean_prebaseline,NaN,NaN,NaN,1,0,KnownSignal,2c213cfdf0ac75baccf1976c98459cb527b229a69126f225cc29020e149e4a0e,FB2312-baseline-awake,growing_clean
/Users/zcm361/Documents/Github/OxygenDynamicsV2/reference-validation/surge-shape-evidence-20260909/FB2312-baseline-awake/growing_clean,sink,1,3,3,26,33,26,28,241,20,13,0,7,0,NaN,NaN,insufficient_clean_prebaseline,insufficient_clean_prebaseline,NaN,NaN,NaN,1,0,KnownSignal,2c213cfdf0ac75baccf1976c98459cb527b229a69126f225cc29020e149e4a0e,FB2312-baseline-awake,growing_clean
/Users/zcm361/Documents/Github/OxygenDynamicsV2/reference-validation/surge-shape-evidence-20260909/FB2312-baseline-awake/growing_clean,sink,1,4,4,298,313,306,310,793,20,20,0,0,0,4776.48240857503,4776.48240857503,valid,valid,0.140047910494,0.140047910494,0,1,0,KnownSignal,2c213cfdf0ac75baccf1976c98459cb527b229a69126f225cc29020e149e4a0e,FB2312-baseline-awake,growing_clean
/Users/zcm361/Documents/Github/OxygenDynamicsV2/reference-validation/surge-shape-evidence-20260909/FB2312-baseline-awake/growing_clean,sink,1,5,5,367,374,370,374,1042,20,20,0,0,0,5574.00849328215,5574.00849328215,valid,valid,0.16711334759045,0.16711334759045,0,1,0,KnownSignal,2c213cfdf0ac75baccf1976c98459cb527b229a69126f225cc29020e149e4a0e,FB2312-baseline-awake,growing_clean
/Users/zcm361/Documents/Github/OxygenDynamicsV2/reference-validation/surge-shape-evidence-20260909/FB2312-baseline-awake/growing_clean,sink,1,6,6,470,482,480,482,339,20,20,0,0,0,5789.35589970501,5789.35589970501,valid,valid,0.246286918626195,0.246286918626195,0,1,0,KnownSignal,2c213cfdf0ac75baccf1976c98459cb527b229a69126f225cc29020e149e4a0e,FB2312-baseline-awake,growing_clean
/Users/zcm361/Documents/Github/OxygenDynamicsV2/reference-validation/surge-shape-evidence-20260909/FB2312-baseline-awake/growing_clean,sink,1,7,7,487,490,487,490,173,20,20,0,0,0,5303.34277456647,5303.34277456647,valid,valid,0.183464066670568,0.183464066670568,0,1,0,KnownSignal,2c213cfdf0ac75baccf1976c98459cb527b229a69126f225cc29020e149e4a0e,FB2312-baseline-awake,growing_clean
/Users/zcm361/Documents/Github/OxygenDynamicsV2/reference-validation/surge-shape-evidence-20260909/FB2312-baseline-awake/growing_clean,sink,1,8,8,516,520,516,520,256,20,20,0,0,0,5044.787109375,5044.787109375,valid,valid,0.0273383222393475,0.0273383222393475,0,1,0,KnownSignal,2c213cfdf0ac75baccf1976c98459cb527b229a69126f225cc29020e149e4a0e,FB2312-baseline-awake,growing_clean
/Users/zcm361/Documents/Github/OxygenDynamicsV2/reference-validation/surge-shape-evidence-20260909/FB2312-baseline-awake/growing_clean,sink,1,9,9,528,540,529,540,2535,20,15,0,5,0,NaN,NaN,insufficient_clean_prebaseline,insufficient_clean_prebaseline,NaN,NaN,NaN,1,0,KnownSignal,2c213cfdf0ac75baccf1976c98459cb527b229a69126f225cc29020e149e4a0e,FB2312-baseline-awake,growing_clean
/Users/zcm361/Documents/Github/OxygenDynamicsV2/reference-validation/surge-shape-evidence-20260909/FB2312-baseline-awake/growing_clean,sink,1,10,10,545,552,545,548,671,20,8,0,12,0,NaN,NaN,insufficient_clean_prebaseline,insufficient_clean_prebaseline,NaN,NaN,NaN,1,0,KnownSignal,2c213cfdf0ac75baccf1976c98459cb527b229a69126f225cc29020e149e4a0e,FB2312-baseline-awake,growing_clean
/Users/zcm361/Documents/Github/OxygenDynamicsV2/reference-validation/surge-shape-evidence-20260909/FB2312-baseline-awake/growing_clean,sink,1,11,11,577,582,578,582,1186,20,20,0,0,0,6190.30021079258,6190.30021079258,valid,valid,0.142127519703026,0.142127519703026,0,1,0,KnownSignal,2c213cfdf0ac75baccf1976c98459cb527b229a69126f225cc29020e149e4a0e,FB2312-baseline-awake,growing_clean
/Users/zcm361/Documents/Github/OxygenDynamicsV2/reference-validation/surge-shape-evidence-20260909/FB2312-baseline-awake/growing_clean,sink,1,12,12,585,594,585,594,2842,20,15,0,5,0,NaN,NaN,insufficient_clean_prebaseline,insufficient_clean_prebaseline,NaN,NaN,NaN,1,0,KnownSignal,2c213cfdf0ac75baccf1976c98459cb527b229a69126f225cc29020e149e4a0e,FB2312-baseline-awake,growing_clean
/Users/zcm361/Documents/Github/OxygenDynamicsV2/reference-validation/surge-shape-evidence-20260909/FB2312-baseline-awake/growing_clean,sink,1,13,13,598,604,598,604,2869,20,5,0,15,0,NaN,NaN,insufficient_clean_prebaseline,insufficient_clean_prebaseline,NaN,NaN,NaN,1,0,KnownSignal,2c213cfdf0ac75baccf1976c98459cb527b229a69126f225cc29020e149e4a0e,FB2312-baseline-awake,growing_clean
/Users/zcm361/Documents/Github/OxygenDynamicsV2/reference-validation/surge-shape-evidence-20260909/FB2312-baseline-awake/growing_clean,sink,1,14,14,609,616,609,616,2592,20,7,0,13,0,NaN,NaN,insufficient_clean_prebaseline,insufficient_clean_prebaseline,NaN,NaN,NaN,1,0,KnownSignal,2c213cfdf0ac75baccf1976c98459cb527b229a69126f225cc29020e149e4a0e,FB2312-baseline-awake,growing_clean
/Users/zcm361/Documents/Github/OxygenDynamicsV2/reference-validation/surge-shape-evidence-20260909/FB2312-baseline-awake/growing_clean,sink,1,15,15,625,633,628,633,1837,20,12,0,8,0,NaN,NaN,insufficient_clean_prebaseline,insufficient_clean_prebaseline,NaN,NaN,NaN,1,0,KnownSignal,2c213cfdf0ac75baccf1976c98459cb527b229a69126f225cc29020e149e4a0e,FB2312-baseline-awake,growing_clean
/Users/zcm361/Documents/Github/OxygenDynamicsV2/reference-validation/surge-shape-evidence-20260909/FB2312-baseline-awake/growing_clean,sink,1,16,16,640,646,640,646,641,20,15,0,5,0,NaN,NaN,insufficient_clean_prebaseline,insufficient_clean_prebaseline,NaN,NaN,NaN,1,0,KnownSignal,2c213cfdf0ac75baccf1976c98459cb527b229a69126f225cc29020e149e4a0e,FB2312-baseline-awake,growing_clean
/Users/zcm361/Documents/Github/OxygenDynamicsV2/reference-validation/surge-shape-evidence-20260909/FB2312-baseline-awake/growing_clean,sink,1,17,17,649,653,649,651,267,20,9,0,11,0,NaN,NaN,insufficient_clean_prebaseline,insufficient_clean_prebaseline,NaN,NaN,NaN,1,0,KnownSignal,2c213cfdf0ac75baccf1976c98459cb527b229a69126f225cc29020e149e4a0e,FB2312-baseline-awake,growing_clean
/Users/zcm361/Documents/Github/OxygenDynamicsV2/reference-validation/surge-shape-evidence-20260909/FB2312-baseline-awake/growing_clean,sink,1,18,18,774,786,776,781,1347,20,20,0,0,0,5408.34053452116,5408.34053452116,valid,valid,0.0506573702387444,0.0506573702387444,0,1,0,KnownSignal,2c213cfdf0ac75baccf1976c98459cb527b229a69126f225cc29020e149e4a0e,FB2312-baseline-awake,growing_clean
/Users/zcm361/Documents/Github/OxygenDynamicsV2/reference-validation/surge-shape-evidence-20260909/FB2312-baseline-awake/growing_clean,sink,1,19,19,929,935,929,932,489,20,20,0,0,0,5648.91083844581,5648.91083844581,valid,valid,0.0745621773949657,0.0745621773949657,0,1,0,KnownSignal,2c213cfdf0ac75baccf1976c98459cb527b229a69126f225cc29020e149e4a0e,FB2312-baseline-awake,growing_clean
/Users/zcm361/Documents/Github/OxygenDynamicsV2/reference-validation/surge-shape-evidence-20260909/FB2312-baseline-awake/growing_clean,sink,1,20,20,1097,1125,1102,1107,1019,20,20,0,0,0,5159.44622178606,5159.44622178606,valid,valid,0.0641881616304951,0.0641881616304951,0,1,0,KnownSignal,2c213cfdf0ac75baccf1976c98459cb527b229a69126f225cc29020e149e4a0e,FB2312-baseline-awake,growing_clean
/Users/zcm361/Documents/Github/OxygenDynamicsV2/reference-validation/surge-shape-evidence-20260909/FB2312-baseline-awake/growing_clean,sink,1,21,21,1167,1174,1172,1174,689,20,20,0,0,0,5159.49477503628,5159.49477503628,valid,valid,0.0663226637074392,0.0663226637074392,0,1,0,KnownSignal,2c213cfdf0ac75baccf1976c98459cb527b229a69126f225cc29020e149e4a0e,FB2312-baseline-awake,growing_clean
/Users/zcm361/Documents/Github/OxygenDynamicsV2/reference-validation/surge-shape-evidence-20260909/FB2312-baseline-awake/growing_clean,sink,2,1,22,1,26,1,26,2099,20,0,1,0,0,NaN,NaN,insufficient_clean_prebaseline,insufficient_clean_prebaseline,NaN,NaN,NaN,1,0,KnownSignal,2c213cfdf0ac75baccf1976c98459cb527b229a69126f225cc29020e149e4a0e,FB2312-baseline-awake,growing_clean
/Users/zcm361/Documents/Github/OxygenDynamicsV2/reference-validation/surge-shape-evidence-20260909/FB2312-baseline-awake/growing_clean,sink,2,2,23,32,38,32,38,891,20,5,0,15,0,NaN,NaN,insufficient_clean_prebaseline,insufficient_clean_prebaseline,NaN,NaN,NaN,1,0,KnownSignal,2c213cfdf0ac75baccf1976c98459cb527b229a69126f225cc29020e149e4a0e,FB2312-baseline-awake,growing_clean
/Users/zcm361/Documents/Github/OxygenDynamicsV2/reference-validation/surge-shape-evidence-20260909/FB2312-baseline-awake/growing_clean,sink,2,3,24,298,344,298,343,2395,20,20,0,0,0,6571.04655532359,6571.04655532359,valid,valid,0.116938980082581,0.116938980082581,0,1,0,KnownSignal,2c213cfdf0ac75baccf1976c98459cb527b229a69126f225cc29020e149e4a0e,FB2312-baseline-awake,growing_clean
/Users/zcm361/Documents/Github/OxygenDynamicsV2/reference-validation/surge-shape-evidence-20260909/FB2312-baseline-awake/growing_clean,sink,2,4,25,351,355,352,355,561,20,8,0,12,0,NaN,NaN,insufficient_clean_prebaseline,insufficient_clean_prebaseline,NaN,NaN,NaN,1,0,KnownSignal,2c213cfdf0ac75baccf1976c98459cb527b229a69126f225cc29020e149e4a0e,FB2312-baseline-awake,growing_clean
/Users/zcm361/Documents/Github/OxygenDynamicsV2/reference-validation/surge-shape-evidence-20260909/FB2312-baseline-awake/growing_clean,sink,2,5,26,471,480,478,480,503,20,20,0,0,0,8043.68767395626,8043.68767395626,valid,valid,0.135600173891341,0.135600173891341,0,1,0,KnownSignal,2c213cfdf0ac75baccf1976c98459cb527b229a69126f225cc29020e149e4a0e,FB2312-baseline-awake,growing_clean
/Users/zcm361/Documents/Github/OxygenDynamicsV2/reference-validation/surge-shape-evidence-20260909/FB2312-baseline-awake/growing_clean,sink,2,6,27,484,490,485,490,497,20,17,0,3,0,NaN,NaN,insufficient_clean_prebaseline,insufficient_clean_prebaseline,NaN,NaN,NaN,1,0,KnownSignal,2c213cfdf0ac75baccf1976c98459cb527b229a69126f225cc29020e149e4a0e,FB2312-baseline-awake,growing_clean
/Users/zcm361/Documents/Github/OxygenDynamicsV2/reference-validation/surge-shape-evidence-20260909/FB2312-baseline-awake/growing_clean,sink,2,7,28,544,552,548,551,752,20,20,0,0,0,7670.95166223404,7670.95166223404,valid,valid,0.169474944737683,0.169474944737683,0,1,0,KnownSignal,2c213cfdf0ac75baccf1976c98459cb527b229a69126f225cc29020e149e4a0e,FB2312-baseline-awake,growing_clean
/Users/zcm361/Documents/Github/OxygenDynamicsV2/reference-validation/surge-shape-evidence-20260909/FB2312-baseline-awake/growing_clean,sink,2,8,29,640,659,656,658,378,20,20,0,0,0,8407.25727513228,8407.25727513228,valid,valid,0.134358362126196,0.134358362126196,0,1,0,KnownSignal,2c213cfdf0ac75baccf1976c98459cb527b229a69126f225cc29020e149e4a0e,FB2312-baseline-awake,growing_clean
/Users/zcm361/Documents/Github/OxygenDynamicsV2/reference-validation/surge-shape-evidence-20260909/FB2312-baseline-awake/growing_clean,sink,2,9,30,718,723,720,722,481,20,20,0,0,0,7911.37390852391,7911.37390852391,valid,valid,0.182755604489901,0.182755604489901,0,1,0,KnownSignal,2c213cfdf0ac75baccf1976c98459cb527b229a69126f225cc29020e149e4a0e,FB2312-baseline-awake,growing_clean
/Users/zcm361/Documents/Github/OxygenDynamicsV2/reference-validation/surge-shape-evidence-20260909/FB2312-baseline-awake/growing_clean,sink,2,10,31,744,751,745,750,850,20,20,0,0,0,7403.84594117647,7403.84594117647,valid,valid,0.0561387169677737,0.0561387169677737,0,1,0,KnownSignal,2c213cfdf0ac75baccf1976c98459cb527b229a69126f225cc29020e149e4a0e,FB2312-baseline-awake,growing_clean
/Users/zcm361/Documents/Github/OxygenDynamicsV2/reference-validation/surge-shape-evidence-20260909/FB2312-baseline-awake/growing_clean,sink,2,11,32,820,825,822,825,434,20,20,0,0,0,6540.34274193548,6540.34274193548,valid,valid,0.0785291748704315,0.0785291748704315,0,1,0,KnownSignal,2c213cfdf0ac75baccf1976c98459cb527b229a69126f225cc29020e149e4a0e,FB2312-baseline-awake,growing_clean
/Users/zcm361/Documents/Github/OxygenDynamicsV2/reference-validation/surge-shape-evidence-20260909/FB2312-baseline-awake/growing_clean,sink,2,12,33,835,839,835,838,368,20,16,0,4,0,NaN,NaN,insufficient_clean_prebaseline,insufficient_clean_prebaseline,NaN,NaN,NaN,1,0,KnownSignal,2c213cfdf0ac75baccf1976c98459cb527b229a69126f225cc29020e149e4a0e,FB2312-baseline-awake,growing_clean
/Users/zcm361/Documents/Github/OxygenDynamicsV2/reference-validation/surge-shape-evidence-20260909/FB2312-baseline-awake/growing_clean,sink,2,13,34,1131,1135,1131,1133,601,20,20,0,0,0,6173.59600665557,6173.59600665557,valid,valid,0.0598634429185191,0.0598634429185191,0,1,0,KnownSignal,2c213cfdf0ac75baccf1976c98459cb527b229a69126f225cc29020e149e4a0e,FB2312-baseline-awake,growing_clean
/Users/zcm361/Documents/Github/OxygenDynamicsV2/reference-validation/surge-shape-evidence-20260909/FB2312-baseline-awake/growing_clean,sink,2,14,35,1140,1143,1140,1142,726,20,20,0,0,0,6292.48457300275,6292.48457300275,valid,valid,0.0687559460826919,0.0687559460826919,0,1,0,KnownSignal,2c213cfdf0ac75baccf1976c98459cb527b229a69126f225cc29020e149e4a0e,FB2312-baseline-awake,growing_clean
/Users/zcm361/Documents/Github/OxygenDynamicsV2/reference-validation/surge-shape-evidence-20260909/FB2312-baseline-awake/growing_clean,sink,2,15,36,1179,1184,1180,1182,485,20,20,0,0,0,6098.21855670103,6098.21855670103,valid,valid,0.112498292555271,0.112498292555271,0,1,0,KnownSignal,2c213cfdf0ac75baccf1976c98459cb527b229a69126f225cc29020e149e4a0e,FB2312-baseline-awake,growing_clean
/Users/zcm361/Documents/Github/OxygenDynamicsV2/reference-validation/surge-shape-evidence-20260909/FB2312-baseline-awake/growing_clean,sink,3,1,37,4,8,4,7,313,20,3,1,0,0,NaN,NaN,insufficient_clean_prebaseline,insufficient_clean_prebaseline,NaN,NaN,NaN,1,0,KnownSignal,2c213cfdf0ac75baccf1976c98459cb527b229a69126f225cc29020e149e4a0e,FB2312-baseline-awake,growing_clean
/Users/zcm361/Documents/Github/OxygenDynamicsV2/reference-validation/surge-shape-evidence-20260909/FB2312-baseline-awake/growing_clean,sink,3,2,38,15,26,17,20,823,20,10,1,4,0,NaN,NaN,insufficient_clean_prebaseline,insufficient_clean_prebaseline,NaN,NaN,NaN,1,0,KnownSignal,2c213cfdf0ac75baccf1976c98459cb527b229a69126f225cc29020e149e4a0e,FB2312-baseline-awake,growing_clean
/Users/zcm361/Documents/Github/OxygenDynamicsV2/reference-validation/surge-shape-evidence-20260909/FB2312-baseline-awake/growing_clean,sink,3,3,39,677,708,694,696,392,20,20,0,0,0,5455.81785714286,5455.81785714286,valid,valid,0.084814721749475,0.084814721749475,0,1,0,KnownSignal,2c213cfdf0ac75baccf1976c98459cb527b229a69126f225cc29020e149e4a0e,FB2312-baseline-awake,growing_clean
/Users/zcm361/Documents/Github/OxygenDynamicsV2/reference-validation/surge-shape-evidence-20260909/FB2312-baseline-awake/growing_clean,sink,3,4,40,1189,1195,1193,1195,661,20,20,0,0,0,4402.95158850227,4402.95158850227,valid,valid,0.0374758920831197,0.0374758920831197,0,1,0,KnownSignal,2c213cfdf0ac75baccf1976c98459cb527b229a69126f225cc29020e149e4a0e,FB2312-baseline-awake,growing_clean
/Users/zcm361/Documents/Github/OxygenDynamicsV2/reference-validation/surge-shape-evidence-20260909/FB2312-baseline-awake/growing_clean,sink,4,1,41,35,40,35,38,1472,20,16,0,4,0,NaN,NaN,insufficient_clean_prebaseline,insufficient_clean_prebaseline,NaN,NaN,NaN,1,0,KnownSignal,2c213cfdf0ac75baccf1976c98459cb527b229a69126f225cc29020e149e4a0e,FB2312-baseline-awake,growing_clean
/Users/zcm361/Documents/Github/OxygenDynamicsV2/reference-validation/surge-shape-evidence-20260909/FB2312-baseline-awake/growing_clean,sink,5,1,42,34,37,34,36,404,20,20,0,0,0,2734.92400990099,2734.92400990099,valid,valid,-0.0110567446576838,-0.0110567446576838,0,1,1,KnownSignal,2c213cfdf0ac75baccf1976c98459cb527b229a69126f225cc29020e149e4a0e,FB2312-baseline-awake,growing_clean
/Users/zcm361/Documents/Github/OxygenDynamicsV2/reference-validation/surge-shape-evidence-20260909/FB2312-baseline-awake/growing_clean,sink,5,2,43,428,440,433,440,383,20,20,0,0,0,4957.30966057441,4957.30966057441,valid,valid,0.119858661650891,0.119858661650891,0,1,0,KnownSignal,2c213cfdf0ac75baccf1976c98459cb527b229a69126f225cc29020e149e4a0e,FB2312-baseline-awake,growing_clean
/Users/zcm361/Documents/Github/OxygenDynamicsV2/reference-validation/surge-shape-evidence-20260909/FB2312-baseline-awake/growing_clean,sink,5,3,44,443,446,443,446,680,20,12,0,8,0,NaN,NaN,insufficient_clean_prebaseline,insufficient_clean_prebaseline,NaN,NaN,NaN,1,0,KnownSignal,2c213cfdf0ac75baccf1976c98459cb527b229a69126f225cc29020e149e4a0e,FB2312-baseline-awake,growing_clean
/Users/zcm361/Documents/Github/OxygenDynamicsV2/reference-validation/surge-shape-evidence-20260909/FB2312-baseline-awake/growing_clean,sink,5,4,45,448,452,448,452,615,20,8,0,12,0,NaN,NaN,insufficient_clean_prebaseline,insufficient_clean_prebaseline,NaN,NaN,NaN,1,0,KnownSignal,2c213cfdf0ac75baccf1976c98459cb527b229a69126f225cc29020e149e4a0e,FB2312-baseline-awake,growing_clean
/Users/zcm361/Documents/Github/OxygenDynamicsV2/reference-validation/surge-shape-evidence-20260909/FB2312-baseline-awake/growing_clean,sink,5,5,46,480,487,480,487,717,20,20,0,0,0,4912.56087866109,4912.56087866109,valid,valid,0.324566378195149,0.324566378195149,0,1,0,KnownSignal,2c213cfdf0ac75baccf1976c98459cb527b229a69126f225cc29020e149e4a0e,FB2312-baseline-awake,growing_clean
/Users/zcm361/Documents/Github/OxygenDynamicsV2/reference-validation/surge-shape-evidence-20260909/FB2312-baseline-awake/growing_clean,sink,5,6,47,489,511,489,511,3112,20,12,0,8,0,NaN,NaN,insufficient_clean_prebaseline,insufficient_clean_prebaseline,NaN,NaN,NaN,1,0,KnownSignal,2c213cfdf0ac75baccf1976c98459cb527b229a69126f225cc29020e149e4a0e,FB2312-baseline-awake,growing_clean
/Users/zcm361/Documents/Github/OxygenDynamicsV2/reference-validation/surge-shape-evidence-20260909/FB2312-baseline-awake/growing_clean,sink,5,7,48,514,519,515,518,609,20,2,0,18,0,NaN,NaN,insufficient_clean_prebaseline,insufficient_clean_prebaseline,NaN,NaN,NaN,1,0,KnownSignal,2c213cfdf0ac75baccf1976c98459cb527b229a69126f225cc29020e149e4a0e,FB2312-baseline-awake,growing_clean
/Users/zcm361/Documents/Github/OxygenDynamicsV2/reference-validation/surge-shape-evidence-20260909/FB2312-baseline-awake/growing_clean,sink,5,8,49,530,536,531,533,474,20,18,0,2,0,NaN,NaN,insufficient_clean_prebaseline,insufficient_clean_prebaseline,NaN,NaN,NaN,1,0,KnownSignal,2c213cfdf0ac75baccf1976c98459cb527b229a69126f225cc29020e149e4a0e,FB2312-baseline-awake,growing_clean
/Users/zcm361/Documents/Github/OxygenDynamicsV2/reference-validation/surge-shape-evidence-20260909/FB2312-baseline-awake/growing_clean,sink,5,9,50,541,548,544,548,685,20,17,0,3,0,NaN,NaN,insufficient_clean_prebaseline,insufficient_clean_prebaseline,NaN,NaN,NaN,1,0,KnownSignal,2c213cfdf0ac75baccf1976c98459cb527b229a69126f225cc29020e149e4a0e,FB2312-baseline-awake,growing_clean
/Users/zcm361/Documents/Github/OxygenDynamicsV2/reference-validation/surge-shape-evidence-20260909/FB2312-baseline-awake/growing_clean,sink,5,10,51,551,569,551,569,2578,20,12,0,8,0,NaN,NaN,insufficient_clean_prebaseline,insufficient_clean_prebaseline,NaN,NaN,NaN,1,0,KnownSignal,2c213cfdf0ac75baccf1976c98459cb527b229a69126f225cc29020e149e4a0e,FB2312-baseline-awake,growing_clean
/Users/zcm361/Documents/Github/OxygenDynamicsV2/reference-validation/surge-shape-evidence-20260909/FB2312-baseline-awake/growing_clean,sink,5,11,52,845,852,847,849,752,20,9,0,11,0,NaN,NaN,insufficient_clean_prebaseline,insufficient_clean_prebaseline,NaN,NaN,NaN,1,0,KnownSignal,2c213cfdf0ac75baccf1976c98459cb527b229a69126f225cc29020e149e4a0e,FB2312-baseline-awake,growing_clean
/Users/zcm361/Documents/Github/OxygenDynamicsV2/reference-validation/surge-shape-evidence-20260909/FB2312-baseline-awake/growing_clean,sink,5,12,53,860,870,860,869,1926,20,17,0,3,0,NaN,NaN,insufficient_clean_prebaseline,insufficient_clean_prebaseline,NaN,NaN,NaN,1,0,KnownSignal,2c213cfdf0ac75baccf1976c98459cb527b229a69126f225cc29020e149e4a0e,FB2312-baseline-awake,growing_clean
/Users/zcm361/Documents/Github/OxygenDynamicsV2/reference-validation/surge-shape-evidence-20260909/FB2312-baseline-awake/growing_clean,sink,5,13,54,877,886,877,885,2501,20,10,0,10,0,NaN,NaN,insufficient_clean_prebaseline,insufficient_clean_prebaseline,NaN,NaN,NaN,1,0,KnownSignal,2c213cfdf0ac75baccf1976c98459cb527b229a69126f225cc29020e149e4a0e,FB2312-baseline-awake,growing_clean
/Users/zcm361/Documents/Github/OxygenDynamicsV2/reference-validation/surge-shape-evidence-20260909/FB2312-baseline-awake/growing_clean,sink,5,14,55,888,899,890,898,2201,20,9,0,11,0,NaN,NaN,insufficient_clean_prebaseline,insufficient_clean_prebaseline,NaN,NaN,NaN,1,0,KnownSignal,2c213cfdf0ac75baccf1976c98459cb527b229a69126f225cc29020e149e4a0e,FB2312-baseline-awake,growing_clean
/Users/zcm361/Documents/Github/OxygenDynamicsV2/reference-validation/surge-shape-evidence-20260909/FB2312-baseline-awake/growing_clean,sink,5,15,56,944,953,945,953,1742,20,20,0,0,0,4411.81102181401,4411.81102181401,valid,valid,0.0984243214787651,0.0984243214787651,0,1,0,KnownSignal,2c213cfdf0ac75baccf1976c98459cb527b229a69126f225cc29020e149e4a0e,FB2312-baseline-awake,growing_clean
/Users/zcm361/Documents/Github/OxygenDynamicsV2/reference-validation/surge-shape-evidence-20260909/FB2312-baseline-awake/growing_clean,sink,5,16,57,957,964,959,964,981,20,11,0,9,0,NaN,NaN,insufficient_clean_prebaseline,insufficient_clean_prebaseline,NaN,NaN,NaN,1,0,KnownSignal,2c213cfdf0ac75baccf1976c98459cb527b229a69126f225cc29020e149e4a0e,FB2312-baseline-awake,growing_clean
/Users/zcm361/Documents/Github/OxygenDynamicsV2/reference-validation/surge-shape-evidence-20260909/FB2312-baseline-awake/growing_clean,sink,5,17,58,969,976,969,975,1229,20,9,0,11,0,NaN,NaN,insufficient_clean_prebaseline,insufficient_clean_prebaseline,NaN,NaN,NaN,1,0,KnownSignal,2c213cfdf0ac75baccf1976c98459cb527b229a69126f225cc29020e149e4a0e,FB2312-baseline-awake,growing_clean
/Users/zcm361/Documents/Github/OxygenDynamicsV2/reference-validation/surge-shape-evidence-20260909/FB2312-baseline-awake/growing_clean,sink,5,18,59,977,987,977,987,560,20,9,0,11,0,NaN,NaN,insufficient_clean_prebaseline,insufficient_clean_prebaseline,NaN,NaN,NaN,1,0,KnownSignal,2c213cfdf0ac75baccf1976c98459cb527b229a69126f225cc29020e149e4a0e,FB2312-baseline-awake,growing_clean
/Users/zcm361/Documents/Github/OxygenDynamicsV2/reference-validation/surge-shape-evidence-20260909/FB2312-baseline-awake/growing_clean,sink,5,19,60,1029,1036,1029,1036,1581,20,20,0,0,0,4367.46084756483,4367.46084756483,valid,valid,0.117995632006671,0.117995632006671,0,1,0,KnownSignal,2c213cfdf0ac75baccf1976c98459cb527b229a69126f225cc29020e149e4a0e,FB2312-baseline-awake,growing_clean
/Users/zcm361/Documents/Github/OxygenDynamicsV2/reference-validation/surge-shape-evidence-20260909/FB2312-baseline-awake/growing_clean,sink,5,20,61,1038,1058,1038,1058,2543,20,12,0,8,0,NaN,NaN,insufficient_clean_prebaseline,insufficient_clean_prebaseline,NaN,NaN,NaN,1,0,KnownSignal,2c213cfdf0ac75baccf1976c98459cb527b229a69126f225cc29020e149e4a0e,FB2312-baseline-awake,growing_clean
/Users/zcm361/Documents/Github/OxygenDynamicsV2/reference-validation/surge-shape-evidence-20260909/FB2312-baseline-awake/growing_clean,sink,5,21,62,1068,1073,1068,1073,524,20,12,0,8,0,NaN,NaN,insufficient_clean_prebaseline,insufficient_clean_prebaseline,NaN,NaN,NaN,1,0,KnownSignal,2c213cfdf0ac75baccf1976c98459cb527b229a69126f225cc29020e149e4a0e,FB2312-baseline-awake,growing_clean
/Users/zcm361/Documents/Github/OxygenDynamicsV2/reference-validation/surge-shape-evidence-20260909/FB2312-baseline-awake/growing_clean,sink,5,22,63,1079,1084,1079,1084,1272,20,14,0,6,0,NaN,NaN,insufficient_clean_prebaseline,insufficient_clean_prebaseline,NaN,NaN,NaN,1,0,KnownSignal,2c213cfdf0ac75baccf1976c98459cb527b229a69126f225cc29020e149e4a0e,FB2312-baseline-awake,growing_clean
/Users/zcm361/Documents/Github/OxygenDynamicsV2/reference-validation/surge-shape-evidence-20260909/FB2312-baseline-awake/growing_clean,sink,5,23,64,1087,1091,1087,1091,1634,20,8,0,12,0,NaN,NaN,insufficient_clean_prebaseline,insufficient_clean_prebaseline,NaN,NaN,NaN,1,0,KnownSignal,2c213cfdf0ac75baccf1976c98459cb527b229a69126f225cc29020e149e4a0e,FB2312-baseline-awake,growing_clean
/Users/zcm361/Documents/Github/OxygenDynamicsV2/reference-validation/surge-shape-evidence-20260909/FB2312-baseline-awake/growing_clean,sink,5,24,65,1100,1120,1101,1112,1944,20,10,0,10,0,NaN,NaN,insufficient_clean_prebaseline,insufficient_clean_prebaseline,NaN,NaN,NaN,1,0,KnownSignal,2c213cfdf0ac75baccf1976c98459cb527b229a69126f225cc29020e149e4a0e,FB2312-baseline-awake,growing_clean
/Users/zcm361/Documents/Github/OxygenDynamicsV2/reference-validation/surge-shape-evidence-20260909/FB2312-baseline-awake/growing_clean,sink,6,1,66,42,53,48,51,941,20,18,0,2,0,NaN,NaN,insufficient_clean_prebaseline,insufficient_clean_prebaseline,NaN,NaN,NaN,1,0,KnownSignal,2c213cfdf0ac75baccf1976c98459cb527b229a69126f225cc29020e149e4a0e,FB2312-baseline-awake,growing_clean
/Users/zcm361/Documents/Github/OxygenDynamicsV2/reference-validation/surge-shape-evidence-20260909/FB2312-baseline-awake/growing_clean,sink,6,2,67,61,75,68,75,849,20,16,0,4,0,NaN,NaN,insufficient_clean_prebaseline,insufficient_clean_prebaseline,NaN,NaN,NaN,1,0,KnownSignal,2c213cfdf0ac75baccf1976c98459cb527b229a69126f225cc29020e149e4a0e,FB2312-baseline-awake,growing_clean
/Users/zcm361/Documents/Github/OxygenDynamicsV2/reference-validation/surge-shape-evidence-20260909/FB2312-baseline-awake/growing_clean,sink,6,3,68,279,310,280,290,680,20,20,0,0,0,5528.25779411765,5528.25779411765,valid,valid,0.123437010910229,0.123437010910229,0,1,0,KnownSignal,2c213cfdf0ac75baccf1976c98459cb527b229a69126f225cc29020e149e4a0e,FB2312-baseline-awake,growing_clean
/Users/zcm361/Documents/Github/OxygenDynamicsV2/reference-validation/surge-shape-evidence-20260909/FB2312-baseline-awake/growing_clean,sink,7,1,69,228,232,229,231,420,20,20,0,0,0,7313.22416666667,7313.22416666667,valid,valid,0.121694794148428,0.121694794148428,0,1,0,KnownSignal,2c213cfdf0ac75baccf1976c98459cb527b229a69126f225cc29020e149e4a0e,FB2312-baseline-awake,growing_clean
/Users/zcm361/Documents/Github/OxygenDynamicsV2/reference-validation/surge-shape-evidence-20260909/FB2312-baseline-awake/growing_clean,sink,7,2,70,753,760,756,758,1709,20,14,0,6,0,NaN,NaN,insufficient_clean_prebaseline,insufficient_clean_prebaseline,NaN,NaN,NaN,1,0,KnownSignal,2c213cfdf0ac75baccf1976c98459cb527b229a69126f225cc29020e149e4a0e,FB2312-baseline-awake,growing_clean
/Users/zcm361/Documents/Github/OxygenDynamicsV2/reference-validation/surge-shape-evidence-20260909/FB2312-baseline-awake/growing_clean,sink,7,3,71,768,772,770,772,440,20,17,0,3,0,NaN,NaN,insufficient_clean_prebaseline,insufficient_clean_prebaseline,NaN,NaN,NaN,1,0,KnownSignal,2c213cfdf0ac75baccf1976c98459cb527b229a69126f225cc29020e149e4a0e,FB2312-baseline-awake,growing_clean
/Users/zcm361/Documents/Github/OxygenDynamicsV2/reference-validation/surge-shape-evidence-20260909/FB2312-baseline-awake/growing_clean,sink,7,4,72,784,792,788,790,1213,20,17,0,3,0,NaN,NaN,insufficient_clean_prebaseline,insufficient_clean_prebaseline,NaN,NaN,NaN,1,0,KnownSignal,2c213cfdf0ac75baccf1976c98459cb527b229a69126f225cc29020e149e4a0e,FB2312-baseline-awake,growing_clean
/Users/zcm361/Documents/Github/OxygenDynamicsV2/reference-validation/surge-shape-evidence-20260909/FB2312-baseline-awake/growing_clean,sink,7,5,73,810,816,811,816,1818,20,19,0,1,0,NaN,NaN,insufficient_clean_prebaseline,insufficient_clean_prebaseline,NaN,NaN,NaN,1,0,KnownSignal,2c213cfdf0ac75baccf1976c98459cb527b229a69126f225cc29020e149e4a0e,FB2312-baseline-awake,growing_clean
/Users/zcm361/Documents/Github/OxygenDynamicsV2/reference-validation/surge-shape-evidence-20260909/FB2312-baseline-awake/growing_clean,sink,7,6,74,819,826,821,825,1841,20,11,0,9,0,NaN,NaN,insufficient_clean_prebaseline,insufficient_clean_prebaseline,NaN,NaN,NaN,1,0,KnownSignal,2c213cfdf0ac75baccf1976c98459cb527b229a69126f225cc29020e149e4a0e,FB2312-baseline-awake,growing_clean
/Users/zcm361/Documents/Github/OxygenDynamicsV2/reference-validation/surge-shape-evidence-20260909/FB2312-baseline-awake/growing_clean,sink,7,7,75,834,839,835,838,1017,20,12,0,8,0,NaN,NaN,insufficient_clean_prebaseline,insufficient_clean_prebaseline,NaN,NaN,NaN,1,0,KnownSignal,2c213cfdf0ac75baccf1976c98459cb527b229a69126f225cc29020e149e4a0e,FB2312-baseline-awake,growing_clean
/Users/zcm361/Documents/Github/OxygenDynamicsV2/reference-validation/surge-shape-evidence-20260909/FB2312-baseline-awake/growing_clean,sink,7,8,76,848,853,848,851,1602,20,16,0,4,0,NaN,NaN,insufficient_clean_prebaseline,insufficient_clean_prebaseline,NaN,NaN,NaN,1,0,KnownSignal,2c213cfdf0ac75baccf1976c98459cb527b229a69126f225cc29020e149e4a0e,FB2312-baseline-awake,growing_clean
/Users/zcm361/Documents/Github/OxygenDynamicsV2/reference-validation/surge-shape-evidence-20260909/FB2312-baseline-awake/growing_clean,sink,7,9,77,1000,1007,1002,1006,625,20,20,0,0,0,7321.3416,7321.3416,valid,valid,0.104407421721724,0.104407421721724,0,1,0,KnownSignal,2c213cfdf0ac75baccf1976c98459cb527b229a69126f225cc29020e149e4a0e,FB2312-baseline-awake,growing_clean
/Users/zcm361/Documents/Github/OxygenDynamicsV2/reference-validation/surge-shape-evidence-20260909/FB2312-baseline-awake/growing_clean,sink,7,10,78,1050,1058,1053,1058,1641,20,20,0,0,0,6376.70822669104,6376.70822669104,valid,valid,0.102827109729458,0.102827109729458,0,1,0,KnownSignal,2c213cfdf0ac75baccf1976c98459cb527b229a69126f225cc29020e149e4a0e,FB2312-baseline-awake,growing_clean
/Users/zcm361/Documents/Github/OxygenDynamicsV2/reference-validation/surge-shape-evidence-20260909/FB2312-baseline-awake/growing_clean,sink,7,11,79,1069,1072,1069,1072,728,20,14,0,6,0,NaN,NaN,insufficient_clean_prebaseline,insufficient_clean_prebaseline,NaN,NaN,NaN,1,0,KnownSignal,2c213cfdf0ac75baccf1976c98459cb527b229a69126f225cc29020e149e4a0e,FB2312-baseline-awake,growing_clean
/Users/zcm361/Documents/Github/OxygenDynamicsV2/reference-validation/surge-shape-evidence-20260909/FB2312-baseline-awake/growing_clean,sink,7,12,80,1074,1076,1074,1076,1225,20,11,0,9,0,NaN,NaN,insufficient_clean_prebaseline,insufficient_clean_prebaseline,NaN,NaN,NaN,1,0,KnownSignal,2c213cfdf0ac75baccf1976c98459cb527b229a69126f225cc29020e149e4a0e,FB2312-baseline-awake,growing_clean
/Users/zcm361/Documents/Github/OxygenDynamicsV2/reference-validation/surge-shape-evidence-20260909/FB2312-baseline-awake/growing_clean,sink,7,13,81,1139,1143,1140,1142,525,20,20,0,0,0,6827.31476190476,6827.31476190476,valid,valid,0.054793974986052,0.054793974986052,0,1,0,KnownSignal,2c213cfdf0ac75baccf1976c98459cb527b229a69126f225cc29020e149e4a0e,FB2312-baseline-awake,growing_clean
/Users/zcm361/Documents/Github/OxygenDynamicsV2/reference-validation/surge-shape-evidence-20260909/FB2312-baseline-awake/growing_clean,sink,7,14,82,1179,1184,1180,1183,352,20,20,0,0,0,6770.22670454545,6770.22670454545,valid,valid,0.104170507919912,0.104170507919912,0,1,0,KnownSignal,2c213cfdf0ac75baccf1976c98459cb527b229a69126f225cc29020e149e4a0e,FB2312-baseline-awake,growing_clean
/Users/zcm361/Documents/Github/OxygenDynamicsV2/reference-validation/surge-shape-evidence-20260909/FB2312-baseline-awake/growing_clean,sink,8,1,83,68,79,68,73,1022,20,20,0,0,0,5567.78708414873,5567.78708414873,valid,valid,0.0798344769914945,0.0798344769914945,0,1,0,KnownSignal,2c213cfdf0ac75baccf1976c98459cb527b229a69126f225cc29020e149e4a0e,FB2312-baseline-awake,growing_clean
/Users/zcm361/Documents/Github/OxygenDynamicsV2/reference-validation/surge-shape-evidence-20260909/FB2312-baseline-awake/growing_clean,sink,8,2,84,186,193,188,191,557,20,20,0,0,0,6406.37405745063,6406.37405745063,valid,valid,0.0855701711016128,0.0855701711016128,0,1,0,KnownSignal,2c213cfdf0ac75baccf1976c98459cb527b229a69126f225cc29020e149e4a0e,FB2312-baseline-awake,growing_clean
/Users/zcm361/Documents/Github/OxygenDynamicsV2/reference-validation/surge-shape-evidence-20260909/FB2312-baseline-awake/growing_clean,sink,8,3,85,205,217,206,209,612,20,16,0,4,0,NaN,NaN,insufficient_clean_prebaseline,insufficient_clean_prebaseline,NaN,NaN,NaN,1,0,KnownSignal,2c213cfdf0ac75baccf1976c98459cb527b229a69126f225cc29020e149e4a0e,FB2312-baseline-awake,growing_clean
/Users/zcm361/Documents/Github/OxygenDynamicsV2/reference-validation/surge-shape-evidence-20260909/FB2312-baseline-awake/growing_clean,sink,8,4,86,226,231,227,231,1525,20,13,0,7,0,NaN,NaN,insufficient_clean_prebaseline,insufficient_clean_prebaseline,NaN,NaN,NaN,1,0,KnownSignal,2c213cfdf0ac75baccf1976c98459cb527b229a69126f225cc29020e149e4a0e,FB2312-baseline-awake,growing_clean
/Users/zcm361/Documents/Github/OxygenDynamicsV2/reference-validation/surge-shape-evidence-20260909/FB2312-baseline-awake/growing_clean,sink,8,5,87,238,250,238,250,2246,20,15,0,5,0,NaN,NaN,insufficient_clean_prebaseline,insufficient_clean_prebaseline,NaN,NaN,NaN,1,0,KnownSignal,2c213cfdf0ac75baccf1976c98459cb527b229a69126f225cc29020e149e4a0e,FB2312-baseline-awake,growing_clean
/Users/zcm361/Documents/Github/OxygenDynamicsV2/reference-validation/surge-shape-evidence-20260909/FB2312-baseline-awake/growing_clean,sink,8,6,88,281,289,283,288,882,20,20,0,0,0,6997.93968253968,6997.93968253968,valid,valid,0.116548848812449,0.116548848812449,0,1,0,KnownSignal,2c213cfdf0ac75baccf1976c98459cb527b229a69126f225cc29020e149e4a0e,FB2312-baseline-awake,growing_clean
/Users/zcm361/Documents/Github/OxygenDynamicsV2/reference-validation/surge-shape-evidence-20260909/FB2312-baseline-awake/growing_clean,sink,8,7,89,299,301,299,301,370,20,14,0,6,0,NaN,NaN,insufficient_clean_prebaseline,insufficient_clean_prebaseline,NaN,NaN,NaN,1,0,KnownSignal,2c213cfdf0ac75baccf1976c98459cb527b229a69126f225cc29020e149e4a0e,FB2312-baseline-awake,growing_clean
/Users/zcm361/Documents/Github/OxygenDynamicsV2/reference-validation/surge-shape-evidence-20260909/FB2312-baseline-awake/growing_clean,sink,8,8,90,304,309,304,308,526,20,12,0,8,0,NaN,NaN,insufficient_clean_prebaseline,insufficient_clean_prebaseline,NaN,NaN,NaN,1,0,KnownSignal,2c213cfdf0ac75baccf1976c98459cb527b229a69126f225cc29020e149e4a0e,FB2312-baseline-awake,growing_clean
/Users/zcm361/Documents/Github/OxygenDynamicsV2/reference-validation/surge-shape-evidence-20260909/FB2312-baseline-awake/growing_clean,sink,8,9,91,405,412,408,410,414,20,20,0,0,0,6550.57620772947,6550.57620772947,valid,valid,0.0742131675513076,0.0742131675513076,0,1,0,KnownSignal,2c213cfdf0ac75baccf1976c98459cb527b229a69126f225cc29020e149e4a0e,FB2312-baseline-awake,growing_clean
/Users/zcm361/Documents/Github/OxygenDynamicsV2/reference-validation/surge-shape-evidence-20260909/FB2312-baseline-awake/growing_clean,sink,9,1,92,42,53,47,51,539,20,20,0,0,0,3136.11372912801,3136.11372912801,valid,valid,0.011359260628457,0.011359260628457,0,1,0,KnownSignal,2c213cfdf0ac75baccf1976c98459cb527b229a69126f225cc29020e149e4a0e,FB2312-baseline-awake,growing_clean
/Users/zcm361/Documents/Github/OxygenDynamicsV2/reference-validation/surge-shape-evidence-20260909/FB2312-baseline-awake/growing_clean,sink,9,2,93,209,233,209,217,978,20,20,0,0,0,4293.84304703476,4293.84304703476,valid,valid,0.0653085926881799,0.0653085926881799,0,1,0,KnownSignal,2c213cfdf0ac75baccf1976c98459cb527b229a69126f225cc29020e149e4a0e,FB2312-baseline-awake,growing_clean
/Users/zcm361/Documents/Github/OxygenDynamicsV2/reference-validation/surge-shape-evidence-20260909/FB2312-baseline-awake/growing_clean,sink,10,1,94,48,50,48,50,198,20,20,0,0,0,3336.66338383838,3336.66338383838,valid,valid,0.0322213709682607,0.0322213709682607,0,1,0,KnownSignal,2c213cfdf0ac75baccf1976c98459cb527b229a69126f225cc29020e149e4a0e,FB2312-baseline-awake,growing_clean
/Users/zcm361/Documents/Github/OxygenDynamicsV2/reference-validation/surge-shape-evidence-20260909/FB2312-baseline-awake/growing_clean,sink,10,2,95,71,125,75,119,1204,20,20,0,0,0,3178.13642026578,3178.13642026578,valid,valid,0.0689015775284114,0.0689015775284114,0,1,0,KnownSignal,2c213cfdf0ac75baccf1976c98459cb527b229a69126f225cc29020e149e4a0e,FB2312-baseline-awake,growing_clean
/Users/zcm361/Documents/Github/OxygenDynamicsV2/reference-validation/surge-shape-evidence-20260909/FB2312-baseline-awake/growing_clean,sink,10,3,96,275,289,279,283,471,20,20,0,0,0,4464.18397027601,4464.18397027601,valid,valid,0.23736534516892,0.23736534516892,0,1,0,KnownSignal,2c213cfdf0ac75baccf1976c98459cb527b229a69126f225cc29020e149e4a0e,FB2312-baseline-awake,growing_clean
/Users/zcm361/Documents/Github/OxygenDynamicsV2/reference-validation/surge-shape-evidence-20260909/FB2312-baseline-awake/growing_clean,sink,10,4,97,1120,1125,1120,1122,640,20,18,0,2,0,NaN,NaN,insufficient_clean_prebaseline,insufficient_clean_prebaseline,NaN,NaN,NaN,1,0,KnownSignal,2c213cfdf0ac75baccf1976c98459cb527b229a69126f225cc29020e149e4a0e,FB2312-baseline-awake,growing_clean
/Users/zcm361/Documents/Github/OxygenDynamicsV2/reference-validation/surge-shape-evidence-20260909/FB2312-baseline-awake/growing_clean,sink,11,1,98,361,374,371,374,998,20,20,0,0,0,3900.58346693387,3900.58346693387,valid,valid,0.0901266171498983,0.0901266171498983,0,1,0,KnownSignal,2c213cfdf0ac75baccf1976c98459cb527b229a69126f225cc29020e149e4a0e,FB2312-baseline-awake,growing_clean
/Users/zcm361/Documents/Github/OxygenDynamicsV2/reference-validation/surge-shape-evidence-20260909/FB2312-baseline-awake/growing_clean,sink,11,2,99,387,389,387,389,746,20,16,0,4,0,NaN,NaN,insufficient_clean_prebaseline,insufficient_clean_prebaseline,NaN,NaN,NaN,1,0,KnownSignal,2c213cfdf0ac75baccf1976c98459cb527b229a69126f225cc29020e149e4a0e,FB2312-baseline-awake,growing_clean
/Users/zcm361/Documents/Github/OxygenDynamicsV2/reference-validation/surge-shape-evidence-20260909/FB2312-baseline-awake/growing_clean,sink,11,3,100,394,415,394,397,515,20,16,0,4,0,NaN,NaN,insufficient_clean_prebaseline,insufficient_clean_prebaseline,NaN,NaN,NaN,1,0,KnownSignal,2c213cfdf0ac75baccf1976c98459cb527b229a69126f225cc29020e149e4a0e,FB2312-baseline-awake,growing_clean
/Users/zcm361/Documents/Github/OxygenDynamicsV2/reference-validation/surge-shape-evidence-20260909/FB2312-baseline-awake/growing_clean,sink,12,1,101,31,52,48,50,277,20,20,0,0,0,2529.04314079422,2529.04314079422,valid,valid,-0.0174407794960193,-0.0174407794960193,0,1,1,KnownSignal,2c213cfdf0ac75baccf1976c98459cb527b229a69126f225cc29020e149e4a0e,FB2312-baseline-awake,growing_clean
/Users/zcm361/Documents/Github/OxygenDynamicsV2/reference-validation/surge-shape-evidence-20260909/FB2312-baseline-awake/growing_clean,sink,13,1,102,676,691,686,688,562,20,20,0,0,0,5536.7134341637,5536.7134341637,valid,valid,0.176339227285789,0.176339227285789,0,1,0,KnownSignal,2c213cfdf0ac75baccf1976c98459cb527b229a69126f225cc29020e149e4a0e,FB2312-baseline-awake,growing_clean
/Users/zcm361/Documents/Github/OxygenDynamicsV2/reference-validation/surge-shape-evidence-20260909/FB2312-baseline-awake/growing_clean,sink,13,2,103,700,703,700,703,356,20,14,0,6,0,NaN,NaN,insufficient_clean_prebaseline,insufficient_clean_prebaseline,NaN,NaN,NaN,1,0,KnownSignal,2c213cfdf0ac75baccf1976c98459cb527b229a69126f225cc29020e149e4a0e,FB2312-baseline-awake,growing_clean
/Users/zcm361/Documents/Github/OxygenDynamicsV2/reference-validation/surge-shape-evidence-20260909/FB2312-baseline-awake/growing_clean,sink,13,3,104,713,723,713,722,1730,20,16,0,4,0,NaN,NaN,insufficient_clean_prebaseline,insufficient_clean_prebaseline,NaN,NaN,NaN,1,0,KnownSignal,2c213cfdf0ac75baccf1976c98459cb527b229a69126f225cc29020e149e4a0e,FB2312-baseline-awake,growing_clean
/Users/zcm361/Documents/Github/OxygenDynamicsV2/reference-validation/surge-shape-evidence-20260909/FB2312-baseline-awake/growing_clean,sink,13,4,105,1131,1135,1133,1135,1057,20,20,0,0,0,5059.47691579943,5059.47691579943,valid,valid,0.0563998869755009,0.0563998869755009,0,1,0,KnownSignal,2c213cfdf0ac75baccf1976c98459cb527b229a69126f225cc29020e149e4a0e,FB2312-baseline-awake,growing_clean
/Users/zcm361/Documents/Github/OxygenDynamicsV2/reference-validation/surge-shape-evidence-20260909/FB2312-baseline-awake/growing_clean,sink,13,5,106,1179,1185,1182,1184,254,20,20,0,0,0,4577.68070866142,4577.68070866142,valid,valid,0.0970834266122972,0.0970834266122972,0,1,0,KnownSignal,2c213cfdf0ac75baccf1976c98459cb527b229a69126f225cc29020e149e4a0e,FB2312-baseline-awake,growing_clean
/Users/zcm361/Documents/Github/OxygenDynamicsV2/reference-validation/surge-shape-evidence-20260909/FB2312-baseline-awake/growing_clean,sink,14,1,107,469,477,475,477,1760,20,10,0,10,0,NaN,NaN,insufficient_clean_prebaseline,insufficient_clean_prebaseline,NaN,NaN,NaN,1,0,KnownSignal,2c213cfdf0ac75baccf1976c98459cb527b229a69126f225cc29020e149e4a0e,FB2312-baseline-awake,growing_clean
/Users/zcm361/Documents/Github/OxygenDynamicsV2/reference-validation/surge-shape-evidence-20260909/FB2312-baseline-awake/growing_clean,sink,14,2,108,479,481,479,481,663,20,17,0,3,0,NaN,NaN,insufficient_clean_prebaseline,insufficient_clean_prebaseline,NaN,NaN,NaN,1,0,KnownSignal,2c213cfdf0ac75baccf1976c98459cb527b229a69126f225cc29020e149e4a0e,FB2312-baseline-awake,growing_clean
/Users/zcm361/Documents/Github/OxygenDynamicsV2/reference-validation/surge-shape-evidence-20260909/FB2312-baseline-awake/growing_clean,sink,14,3,109,484,490,484,487,154,20,15,0,5,0,NaN,NaN,insufficient_clean_prebaseline,insufficient_clean_prebaseline,NaN,NaN,NaN,1,0,KnownSignal,2c213cfdf0ac75baccf1976c98459cb527b229a69126f225cc29020e149e4a0e,FB2312-baseline-awake,growing_clean
/Users/zcm361/Documents/Github/OxygenDynamicsV2/reference-validation/surge-shape-evidence-20260909/FB2312-baseline-awake/growing_clean,sink,14,4,110,530,552,541,546,394,20,8,0,12,0,NaN,NaN,insufficient_clean_prebaseline,insufficient_clean_prebaseline,NaN,NaN,NaN,1,0,KnownSignal,2c213cfdf0ac75baccf1976c98459cb527b229a69126f225cc29020e149e4a0e,FB2312-baseline-awake,growing_clean
/Users/zcm361/Documents/Github/OxygenDynamicsV2/reference-validation/surge-shape-evidence-20260909/FB2312-baseline-awake/growing_clean,sink,14,5,111,573,583,577,582,853,20,20,0,0,0,4827.77274325909,4827.77274325909,valid,valid,0.196474608502682,0.196474608502682,0,1,0,KnownSignal,2c213cfdf0ac75baccf1976c98459cb527b229a69126f225cc29020e149e4a0e,FB2312-baseline-awake,growing_clean
/Users/zcm361/Documents/Github/OxygenDynamicsV2/reference-validation/surge-shape-evidence-20260909/FB2312-baseline-awake/growing_clean,sink,14,6,112,639,651,640,650,1208,20,20,0,0,0,4708.49755794702,4708.49755794702,valid,valid,0.250048311184879,0.250048311184879,0,1,0,KnownSignal,2c213cfdf0ac75baccf1976c98459cb527b229a69126f225cc29020e149e4a0e,FB2312-baseline-awake,growing_clean
/Users/zcm361/Documents/Github/OxygenDynamicsV2/reference-validation/surge-shape-evidence-20260909/FB2312-baseline-awake/growing_clean,sink,14,7,113,676,690,677,682,772,20,20,0,0,0,4727.79987046632,4727.79987046632,valid,valid,0.194528340321955,0.194528340321955,0,1,0,KnownSignal,2c213cfdf0ac75baccf1976c98459cb527b229a69126f225cc29020e149e4a0e,FB2312-baseline-awake,growing_clean
/Users/zcm361/Documents/Github/OxygenDynamicsV2/reference-validation/surge-shape-evidence-20260909/FB2312-baseline-awake/growing_clean,sink,14,8,114,1063,1071,1065,1071,406,20,20,0,0,0,3645.59322660099,3645.59322660099,valid,valid,0.0423088919319793,0.0423088919319793,0,1,0,KnownSignal,2c213cfdf0ac75baccf1976c98459cb527b229a69126f225cc29020e149e4a0e,FB2312-baseline-awake,growing_clean
/Users/zcm361/Documents/Github/OxygenDynamicsV2/reference-validation/surge-shape-evidence-20260909/FB2312-baseline-awake/growing_clean,sink,14,9,115,1198,1200,1198,1200,351,20,20,0,0,0,4586.87094017094,4586.87094017094,valid,valid,0.0948878804778932,0.0948878804778932,0,1,0,KnownSignal,2c213cfdf0ac75baccf1976c98459cb527b229a69126f225cc29020e149e4a0e,FB2312-baseline-awake,growing_clean
/Users/zcm361/Documents/Github/OxygenDynamicsV2/reference-validation/surge-shape-evidence-20260909/FB2312-baseline-awake/growing_clean,sink,15,1,116,151,155,151,153,712,20,13,0,7,0,NaN,NaN,insufficient_clean_prebaseline,insufficient_clean_prebaseline,NaN,NaN,NaN,1,0,KnownSignal,2c213cfdf0ac75baccf1976c98459cb527b229a69126f225cc29020e149e4a0e,FB2312-baseline-awake,growing_clean
/Users/zcm361/Documents/Github/OxygenDynamicsV2/reference-validation/surge-shape-evidence-20260909/FB2312-baseline-awake/growing_clean,sink,15,2,117,229,234,231,233,639,20,20,0,0,0,3159.94561815336,3159.94561815336,valid,valid,0.149334620638491,0.149334620638491,0,1,0,KnownSignal,2c213cfdf0ac75baccf1976c98459cb527b229a69126f225cc29020e149e4a0e,FB2312-baseline-awake,growing_clean
/Users/zcm361/Documents/Github/OxygenDynamicsV2/reference-validation/surge-shape-evidence-20260909/FB2312-baseline-awake/growing_clean,sink,15,3,118,246,250,247,249,600,20,17,0,3,0,NaN,NaN,insufficient_clean_prebaseline,insufficient_clean_prebaseline,NaN,NaN,NaN,1,0,KnownSignal,2c213cfdf0ac75baccf1976c98459cb527b229a69126f225cc29020e149e4a0e,FB2312-baseline-awake,growing_clean
/Users/zcm361/Documents/Github/OxygenDynamicsV2/reference-validation/surge-shape-evidence-20260909/FB2312-baseline-awake/growing_clean,sink,15,4,119,361,390,373,375,752,20,20,0,0,0,3709.46948138298,3709.46948138298,valid,valid,0.106971069460114,0.106971069460114,0,1,0,KnownSignal,2c213cfdf0ac75baccf1976c98459cb527b229a69126f225cc29020e149e4a0e,FB2312-baseline-awake,growing_clean
/Users/zcm361/Documents/Github/OxygenDynamicsV2/reference-validation/surge-shape-evidence-20260909/FB2312-baseline-awake/growing_clean,sink,15,5,120,515,522,517,520,411,20,20,0,0,0,4095.33722627737,4095.33722627737,valid,valid,0.0769224462500704,0.0769224462500704,0,1,0,KnownSignal,2c213cfdf0ac75baccf1976c98459cb527b229a69126f225cc29020e149e4a0e,FB2312-baseline-awake,growing_clean
/Users/zcm361/Documents/Github/OxygenDynamicsV2/reference-validation/surge-shape-evidence-20260909/FB2312-baseline-awake/growing_clean,sink,15,6,121,719,734,728,730,482,20,20,0,0,0,4107.04616182573,4107.04616182573,valid,valid,0.142678210266361,0.142678210266361,0,1,0,KnownSignal,2c213cfdf0ac75baccf1976c98459cb527b229a69126f225cc29020e149e4a0e,FB2312-baseline-awake,growing_clean
/Users/zcm361/Documents/Github/OxygenDynamicsV2/reference-validation/surge-shape-evidence-20260909/FB2312-baseline-awake/growing_clean,sink,15,7,122,765,772,768,772,431,20,20,0,0,0,4021.58515081206,4021.58515081206,valid,valid,0.202552675146506,0.202552675146506,0,1,0,KnownSignal,2c213cfdf0ac75baccf1976c98459cb527b229a69126f225cc29020e149e4a0e,FB2312-baseline-awake,growing_clean
/Users/zcm361/Documents/Github/OxygenDynamicsV2/reference-validation/surge-shape-evidence-20260909/FB2312-baseline-awake/growing_clean,sink,15,8,123,779,782,779,782,607,20,15,0,5,0,NaN,NaN,insufficient_clean_prebaseline,insufficient_clean_prebaseline,NaN,NaN,NaN,1,0,KnownSignal,2c213cfdf0ac75baccf1976c98459cb527b229a69126f225cc29020e149e4a0e,FB2312-baseline-awake,growing_clean
/Users/zcm361/Documents/Github/OxygenDynamicsV2/reference-validation/surge-shape-evidence-20260909/FB2312-baseline-awake/growing_clean,sink,15,9,124,784,790,784,787,963,20,11,0,9,0,NaN,NaN,insufficient_clean_prebaseline,insufficient_clean_prebaseline,NaN,NaN,NaN,1,0,KnownSignal,2c213cfdf0ac75baccf1976c98459cb527b229a69126f225cc29020e149e4a0e,FB2312-baseline-awake,growing_clean
/Users/zcm361/Documents/Github/OxygenDynamicsV2/reference-validation/surge-shape-evidence-20260909/FB2312-baseline-awake/growing_clean,sink,15,10,125,797,806,800,804,465,20,12,0,8,0,NaN,NaN,insufficient_clean_prebaseline,insufficient_clean_prebaseline,NaN,NaN,NaN,1,0,KnownSignal,2c213cfdf0ac75baccf1976c98459cb527b229a69126f225cc29020e149e4a0e,FB2312-baseline-awake,growing_clean
/Users/zcm361/Documents/Github/OxygenDynamicsV2/reference-validation/surge-shape-evidence-20260909/FB2312-baseline-awake/growing_clean,sink,16,1,126,98,107,100,106,1128,20,20,0,0,0,4285.74246453901,4285.74246453901,valid,valid,0.132965097968845,0.132965097968845,0,1,0,KnownSignal,2c213cfdf0ac75baccf1976c98459cb527b229a69126f225cc29020e149e4a0e,FB2312-baseline-awake,growing_clean
/Users/zcm361/Documents/Github/OxygenDynamicsV2/reference-validation/surge-shape-evidence-20260909/FB2312-baseline-awake/growing_clean,sink,17,1,127,401,423,415,418,560,20,20,0,0,0,6233.01803571428,6233.01803571428,valid,valid,0.103558551849208,0.103558551849208,0,1,0,KnownSignal,2c213cfdf0ac75baccf1976c98459cb527b229a69126f225cc29020e149e4a0e,FB2312-baseline-awake,growing_clean
/Users/zcm361/Documents/Github/OxygenDynamicsV2/reference-validation/surge-shape-evidence-20260909/FB2312-baseline-awake/growing_clean,sink,17,2,128,540,563,546,561,784,20,20,0,0,0,6227.65516581633,6227.65516581633,valid,valid,0.178990872397851,0.178990872397851,0,1,0,KnownSignal,2c213cfdf0ac75baccf1976c98459cb527b229a69126f225cc29020e149e4a0e,FB2312-baseline-awake,growing_clean
/Users/zcm361/Documents/Github/OxygenDynamicsV2/reference-validation/surge-shape-evidence-20260909/FB2312-baseline-awake/growing_clean,sink,17,3,129,640,660,646,658,633,20,20,0,0,0,5901.86003159558,5901.86003159558,valid,valid,0.149764925369339,0.149764925369339,0,1,0,KnownSignal,2c213cfdf0ac75baccf1976c98459cb527b229a69126f225cc29020e149e4a0e,FB2312-baseline-awake,growing_clean
/Users/zcm361/Documents/Github/OxygenDynamicsV2/reference-validation/surge-shape-evidence-20260909/FB2312-baseline-awake/growing_clean,sink,17,4,130,1104,1107,1104,1107,261,20,20,0,0,0,5393.58275862069,5393.58275862069,valid,valid,0.0454421818578076,0.0454421818578076,0,1,0,KnownSignal,2c213cfdf0ac75baccf1976c98459cb527b229a69126f225cc29020e149e4a0e,FB2312-baseline-awake,growing_clean
/Users/zcm361/Documents/Github/OxygenDynamicsV2/reference-validation/surge-shape-evidence-20260909/FB2312-baseline-awake/growing_clean,sink,17,5,131,1111,1116,1112,1116,1179,20,16,0,4,0,NaN,NaN,insufficient_clean_prebaseline,insufficient_clean_prebaseline,NaN,NaN,NaN,1,0,KnownSignal,2c213cfdf0ac75baccf1976c98459cb527b229a69126f225cc29020e149e4a0e,FB2312-baseline-awake,growing_clean
/Users/zcm361/Documents/Github/OxygenDynamicsV2/reference-validation/surge-shape-evidence-20260909/FB2312-baseline-awake/growing_clean,sink,17,6,132,1119,1127,1119,1127,655,20,12,0,8,0,NaN,NaN,insufficient_clean_prebaseline,insufficient_clean_prebaseline,NaN,NaN,NaN,1,0,KnownSignal,2c213cfdf0ac75baccf1976c98459cb527b229a69126f225cc29020e149e4a0e,FB2312-baseline-awake,growing_clean
/Users/zcm361/Documents/Github/OxygenDynamicsV2/reference-validation/surge-shape-evidence-20260909/FB2312-baseline-awake/growing_clean,sink,17,7,133,1130,1135,1130,1135,491,20,6,0,14,0,NaN,NaN,insufficient_clean_prebaseline,insufficient_clean_prebaseline,NaN,NaN,NaN,1,0,KnownSignal,2c213cfdf0ac75baccf1976c98459cb527b229a69126f225cc29020e149e4a0e,FB2312-baseline-awake,growing_clean
/Users/zcm361/Documents/Github/OxygenDynamicsV2/reference-validation/surge-shape-evidence-20260909/FB2312-baseline-awake/growing_clean,sink,18,1,134,104,117,112,117,729,20,20,0,0,0,2183.82283950617,2183.82283950617,valid,valid,0.100104374550901,0.100104374550901,0,1,0,KnownSignal,2c213cfdf0ac75baccf1976c98459cb527b229a69126f225cc29020e149e4a0e,FB2312-baseline-awake,growing_clean
/Users/zcm361/Documents/Github/OxygenDynamicsV2/reference-validation/surge-shape-evidence-20260909/FB2312-baseline-awake/growing_clean,sink,18,2,135,337,354,349,352,606,20,20,0,0,0,3133.92731023102,3133.92731023102,valid,valid,0.0883574603603029,0.0883574603603029,0,1,0,KnownSignal,2c213cfdf0ac75baccf1976c98459cb527b229a69126f225cc29020e149e4a0e,FB2312-baseline-awake,growing_clean
/Users/zcm361/Documents/Github/OxygenDynamicsV2/reference-validation/surge-shape-evidence-20260909/FB2312-baseline-awake/growing_clean,sink,18,3,136,651,662,659,662,318,20,20,0,0,0,3599.49182389937,3599.49182389937,valid,valid,0.0942056460800197,0.0942056460800197,0,1,0,KnownSignal,2c213cfdf0ac75baccf1976c98459cb527b229a69126f225cc29020e149e4a0e,FB2312-baseline-awake,growing_clean
/Users/zcm361/Documents/Github/OxygenDynamicsV2/reference-validation/surge-shape-evidence-20260909/FB2312-baseline-awake/growing_clean,sink,18,4,137,666,670,666,670,858,20,16,0,4,0,NaN,NaN,insufficient_clean_prebaseline,insufficient_clean_prebaseline,NaN,NaN,NaN,1,0,KnownSignal,2c213cfdf0ac75baccf1976c98459cb527b229a69126f225cc29020e149e4a0e,FB2312-baseline-awake,growing_clean
/Users/zcm361/Documents/Github/OxygenDynamicsV2/reference-validation/surge-shape-evidence-20260909/FB2312-baseline-awake/growing_clean,sink,18,5,138,688,693,689,693,501,20,17,0,3,0,NaN,NaN,insufficient_clean_prebaseline,insufficient_clean_prebaseline,NaN,NaN,NaN,1,0,KnownSignal,2c213cfdf0ac75baccf1976c98459cb527b229a69126f225cc29020e149e4a0e,FB2312-baseline-awake,growing_clean
/Users/zcm361/Documents/Github/OxygenDynamicsV2/reference-validation/surge-shape-evidence-20260909/FB2312-baseline-awake/growing_clean,sink,18,6,139,875,884,880,882,268,20,20,0,0,0,3747.60055970149,3747.60055970149,valid,valid,0.113160913557675,0.113160913557675,0,1,0,KnownSignal,2c213cfdf0ac75baccf1976c98459cb527b229a69126f225cc29020e149e4a0e,FB2312-baseline-awake,growing_clean
/Users/zcm361/Documents/Github/OxygenDynamicsV2/reference-validation/surge-shape-evidence-20260909/FB2312-baseline-awake/growing_clean,sink,18,7,140,923,932,928,932,765,20,20,0,0,0,3699.11078431373,3699.11078431373,valid,valid,0.137916823147482,0.137916823147482,0,1,0,KnownSignal,2c213cfdf0ac75baccf1976c98459cb527b229a69126f225cc29020e149e4a0e,FB2312-baseline-awake,growing_clean
/Users/zcm361/Documents/Github/OxygenDynamicsV2/reference-validation/surge-shape-evidence-20260909/FB2312-baseline-awake/growing_clean,sink,18,8,141,936,941,936,941,621,20,15,0,5,0,NaN,NaN,insufficient_clean_prebaseline,insufficient_clean_prebaseline,NaN,NaN,NaN,1,0,KnownSignal,2c213cfdf0ac75baccf1976c98459cb527b229a69126f225cc29020e149e4a0e,FB2312-baseline-awake,growing_clean
/Users/zcm361/Documents/Github/OxygenDynamicsV2/reference-validation/surge-shape-evidence-20260909/FB2312-baseline-awake/growing_clean,sink,18,9,142,943,955,943,955,806,20,9,0,11,0,NaN,NaN,insufficient_clean_prebaseline,insufficient_clean_prebaseline,NaN,NaN,NaN,1,0,KnownSignal,2c213cfdf0ac75baccf1976c98459cb527b229a69126f225cc29020e149e4a0e,FB2312-baseline-awake,growing_clean
/Users/zcm361/Documents/Github/OxygenDynamicsV2/reference-validation/surge-shape-evidence-20260909/FB2312-baseline-awake/growing_clean,sink,18,10,143,960,983,960,983,1968,20,5,0,15,0,NaN,NaN,insufficient_clean_prebaseline,insufficient_clean_prebaseline,NaN,NaN,NaN,1,0,KnownSignal,2c213cfdf0ac75baccf1976c98459cb527b229a69126f225cc29020e149e4a0e,FB2312-baseline-awake,growing_clean
/Users/zcm361/Documents/Github/OxygenDynamicsV2/reference-validation/surge-shape-evidence-20260909/FB2312-baseline-awake/growing_clean,sink,18,11,144,988,991,988,991,829,20,4,0,16,0,NaN,NaN,insufficient_clean_prebaseline,insufficient_clean_prebaseline,NaN,NaN,NaN,1,0,KnownSignal,2c213cfdf0ac75baccf1976c98459cb527b229a69126f225cc29020e149e4a0e,FB2312-baseline-awake,growing_clean
/Users/zcm361/Documents/Github/OxygenDynamicsV2/reference-validation/surge-shape-evidence-20260909/FB2312-baseline-awake/growing_clean,sink,18,12,145,994,1001,994,1001,1710,20,6,0,14,0,NaN,NaN,insufficient_clean_prebaseline,insufficient_clean_prebaseline,NaN,NaN,NaN,1,0,KnownSignal,2c213cfdf0ac75baccf1976c98459cb527b229a69126f225cc29020e149e4a0e,FB2312-baseline-awake,growing_clean
/Users/zcm361/Documents/Github/OxygenDynamicsV2/reference-validation/surge-shape-evidence-20260909/FB2312-baseline-awake/growing_clean,sink,18,13,146,1026,1034,1029,1031,300,20,20,0,0,0,3091.09183333333,3091.09183333333,valid,valid,0.134452545920802,0.134452545920802,0,1,0,KnownSignal,2c213cfdf0ac75baccf1976c98459cb527b229a69126f225cc29020e149e4a0e,FB2312-baseline-awake,growing_clean
/Users/zcm361/Documents/Github/OxygenDynamicsV2/reference-validation/surge-shape-evidence-20260909/FB2312-baseline-awake/growing_clean,sink,18,14,147,1037,1051,1039,1050,1185,20,17,0,3,0,NaN,NaN,insufficient_clean_prebaseline,insufficient_clean_prebaseline,NaN,NaN,NaN,1,0,KnownSignal,2c213cfdf0ac75baccf1976c98459cb527b229a69126f225cc29020e149e4a0e,FB2312-baseline-awake,growing_clean
/Users/zcm361/Documents/Github/OxygenDynamicsV2/reference-validation/surge-shape-evidence-20260909/FB2312-baseline-awake/growing_clean,sink,18,15,148,1058,1068,1058,1068,1561,20,8,0,12,0,NaN,NaN,insufficient_clean_prebaseline,insufficient_clean_prebaseline,NaN,NaN,NaN,1,0,KnownSignal,2c213cfdf0ac75baccf1976c98459cb527b229a69126f225cc29020e149e4a0e,FB2312-baseline-awake,growing_clean
/Users/zcm361/Documents/Github/OxygenDynamicsV2/reference-validation/surge-shape-evidence-20260909/FB2312-baseline-awake/growing_clean,sink,18,16,149,1096,1101,1096,1098,638,20,20,0,0,0,2418.95329153605,2418.95329153605,valid,valid,0.0550596964074591,0.0550596964074591,0,1,0,KnownSignal,2c213cfdf0ac75baccf1976c98459cb527b229a69126f225cc29020e149e4a0e,FB2312-baseline-awake,growing_clean
/Users/zcm361/Documents/Github/OxygenDynamicsV2/reference-validation/surge-shape-evidence-20260909/FB2312-baseline-awake/growing_clean,sink,18,17,150,1108,1123,1108,1118,900,20,17,0,3,0,NaN,NaN,insufficient_clean_prebaseline,insufficient_clean_prebaseline,NaN,NaN,NaN,1,0,KnownSignal,2c213cfdf0ac75baccf1976c98459cb527b229a69126f225cc29020e149e4a0e,FB2312-baseline-awake,growing_clean
/Users/zcm361/Documents/Github/OxygenDynamicsV2/reference-validation/surge-shape-evidence-20260909/FB2312-baseline-awake/growing_clean,sink,18,18,151,1157,1163,1159,1163,376,20,20,0,0,0,3341.00425531915,3341.00425531915,valid,valid,0.106450188247641,0.106450188247641,0,1,0,KnownSignal,2c213cfdf0ac75baccf1976c98459cb527b229a69126f225cc29020e149e4a0e,FB2312-baseline-awake,growing_clean
/Users/zcm361/Documents/Github/OxygenDynamicsV2/reference-validation/surge-shape-evidence-20260909/FB2312-baseline-awake/growing_clean,sink,18,19,152,1176,1180,1176,1178,680,20,15,0,5,0,NaN,NaN,insufficient_clean_prebaseline,insufficient_clean_prebaseline,NaN,NaN,NaN,1,0,KnownSignal,2c213cfdf0ac75baccf1976c98459cb527b229a69126f225cc29020e149e4a0e,FB2312-baseline-awake,growing_clean
/Users/zcm361/Documents/Github/OxygenDynamicsV2/reference-validation/surge-shape-evidence-20260909/FB2312-baseline-awake/growing_clean,sink,19,1,153,111,135,118,135,2794,20,20,0,0,0,2007.95141374374,2007.95141374374,valid,valid,0.189119848989778,0.189119848989778,0,1,0,KnownSignal,2c213cfdf0ac75baccf1976c98459cb527b229a69126f225cc29020e149e4a0e,FB2312-baseline-awake,growing_clean
/Users/zcm361/Documents/Github/OxygenDynamicsV2/reference-validation/surge-shape-evidence-20260909/FB2312-baseline-awake/growing_clean,sink,19,2,154,137,154,137,150,4035,20,2,0,18,0,NaN,NaN,insufficient_clean_prebaseline,insufficient_clean_prebaseline,NaN,NaN,NaN,1,0,KnownSignal,2c213cfdf0ac75baccf1976c98459cb527b229a69126f225cc29020e149e4a0e,FB2312-baseline-awake,growing_clean
/Users/zcm361/Documents/Github/OxygenDynamicsV2/reference-validation/surge-shape-evidence-20260909/FB2312-baseline-awake/growing_clean,sink,19,3,155,332,340,334,336,191,20,20,0,0,0,2587.32565445026,2587.32565445026,valid,valid,0.0906355427342957,0.0906355427342957,0,1,0,KnownSignal,2c213cfdf0ac75baccf1976c98459cb527b229a69126f225cc29020e149e4a0e,FB2312-baseline-awake,growing_clean
/Users/zcm361/Documents/Github/OxygenDynamicsV2/reference-validation/surge-shape-evidence-20260909/FB2312-baseline-awake/growing_clean,sink,20,1,156,112,131,113,117,398,20,20,0,0,0,5703.07047738694,5703.07047738694,valid,valid,0.0873443140619769,0.0873443140619769,0,1,0,KnownSignal,2c213cfdf0ac75baccf1976c98459cb527b229a69126f225cc29020e149e4a0e,FB2312-baseline-awake,growing_clean
/Users/zcm361/Documents/Github/OxygenDynamicsV2/reference-validation/surge-shape-evidence-20260909/FB2312-baseline-awake/growing_clean,sink,21,1,157,1116,1125,1117,1120,690,20,20,0,0,0,4721.52739130435,4721.52739130435,valid,valid,0.0611613983057987,0.0611613983057987,0,1,0,KnownSignal,2c213cfdf0ac75baccf1976c98459cb527b229a69126f225cc29020e149e4a0e,FB2312-baseline-awake,growing_clean
/Users/zcm361/Documents/Github/OxygenDynamicsV2/reference-validation/surge-shape-evidence-20260909/FB2312-baseline-awake/growing_clean,sink,22,1,158,149,154,151,153,789,20,20,0,0,0,3796.5489860583,3796.5489860583,valid,valid,0.0445208370225759,0.0445208370225759,0,1,0,KnownSignal,2c213cfdf0ac75baccf1976c98459cb527b229a69126f225cc29020e149e4a0e,FB2312-baseline-awake,growing_clean
/Users/zcm361/Documents/Github/OxygenDynamicsV2/reference-validation/surge-shape-evidence-20260909/FB2312-baseline-awake/growing_clean,sink,22,2,159,387,389,387,389,508,20,11,0,9,0,NaN,NaN,insufficient_clean_prebaseline,insufficient_clean_prebaseline,NaN,NaN,NaN,1,0,KnownSignal,2c213cfdf0ac75baccf1976c98459cb527b229a69126f225cc29020e149e4a0e,FB2312-baseline-awake,growing_clean
/Users/zcm361/Documents/Github/OxygenDynamicsV2/reference-validation/surge-shape-evidence-20260909/FB2312-baseline-awake/growing_clean,sink,22,3,160,395,398,395,398,322,20,15,0,5,0,NaN,NaN,insufficient_clean_prebaseline,insufficient_clean_prebaseline,NaN,NaN,NaN,1,0,KnownSignal,2c213cfdf0ac75baccf1976c98459cb527b229a69126f225cc29020e149e4a0e,FB2312-baseline-awake,growing_clean
/Users/zcm361/Documents/Github/OxygenDynamicsV2/reference-validation/surge-shape-evidence-20260909/FB2312-baseline-awake/growing_clean,sink,22,4,161,404,414,407,414,428,20,13,0,7,0,NaN,NaN,insufficient_clean_prebaseline,insufficient_clean_prebaseline,NaN,NaN,NaN,1,0,KnownSignal,2c213cfdf0ac75baccf1976c98459cb527b229a69126f225cc29020e149e4a0e,FB2312-baseline-awake,growing_clean
/Users/zcm361/Documents/Github/OxygenDynamicsV2/reference-validation/surge-shape-evidence-20260909/FB2312-baseline-awake/growing_clean,sink,22,5,162,416,424,417,423,1174,20,9,0,11,0,NaN,NaN,insufficient_clean_prebaseline,insufficient_clean_prebaseline,NaN,NaN,NaN,1,0,KnownSignal,2c213cfdf0ac75baccf1976c98459cb527b229a69126f225cc29020e149e4a0e,FB2312-baseline-awake,growing_clean
/Users/zcm361/Documents/Github/OxygenDynamicsV2/reference-validation/surge-shape-evidence-20260909/FB2312-baseline-awake/growing_clean,sink,22,6,163,879,887,884,886,1462,20,20,0,0,0,5822.84254445965,5822.84254445965,valid,valid,0.0775139346362653,0.0775139346362653,0,1,0,KnownSignal,2c213cfdf0ac75baccf1976c98459cb527b229a69126f225cc29020e149e4a0e,FB2312-baseline-awake,growing_clean
/Users/zcm361/Documents/Github/OxygenDynamicsV2/reference-validation/surge-shape-evidence-20260909/FB2312-baseline-awake/growing_clean,sink,22,7,164,889,892,890,892,761,20,17,0,3,0,NaN,NaN,insufficient_clean_prebaseline,insufficient_clean_prebaseline,NaN,NaN,NaN,1,0,KnownSignal,2c213cfdf0ac75baccf1976c98459cb527b229a69126f225cc29020e149e4a0e,FB2312-baseline-awake,growing_clean
/Users/zcm361/Documents/Github/OxygenDynamicsV2/reference-validation/surge-shape-evidence-20260909/FB2312-baseline-awake/growing_clean,sink,22,8,165,900,906,900,903,2580,20,14,0,6,0,NaN,NaN,insufficient_clean_prebaseline,insufficient_clean_prebaseline,NaN,NaN,NaN,1,0,KnownSignal,2c213cfdf0ac75baccf1976c98459cb527b229a69126f225cc29020e149e4a0e,FB2312-baseline-awake,growing_clean
/Users/zcm361/Documents/Github/OxygenDynamicsV2/reference-validation/surge-shape-evidence-20260909/FB2312-baseline-awake/growing_clean,sink,23,1,166,154,164,158,164,276,20,20,0,0,0,1955.47119565217,1955.47119565217,valid,valid,0.235154135076788,0.235154135076788,0,1,0,KnownSignal,2c213cfdf0ac75baccf1976c98459cb527b229a69126f225cc29020e149e4a0e,FB2312-baseline-awake,growing_clean
/Users/zcm361/Documents/Github/OxygenDynamicsV2/reference-validation/surge-shape-evidence-20260909/FB2312-baseline-awake/growing_clean,sink,23,2,167,166,177,166,177,1076,20,13,0,7,0,NaN,NaN,insufficient_clean_prebaseline,insufficient_clean_prebaseline,NaN,NaN,NaN,1,0,KnownSignal,2c213cfdf0ac75baccf1976c98459cb527b229a69126f225cc29020e149e4a0e,FB2312-baseline-awake,growing_clean
/Users/zcm361/Documents/Github/OxygenDynamicsV2/reference-validation/surge-shape-evidence-20260909/FB2312-baseline-awake/growing_clean,sink,23,3,168,180,186,180,184,1566,20,3,0,17,0,NaN,NaN,insufficient_clean_prebaseline,insufficient_clean_prebaseline,NaN,NaN,NaN,1,0,KnownSignal,2c213cfdf0ac75baccf1976c98459cb527b229a69126f225cc29020e149e4a0e,FB2312-baseline-awake,growing_clean
/Users/zcm361/Documents/Github/OxygenDynamicsV2/reference-validation/surge-shape-evidence-20260909/FB2312-baseline-awake/growing_clean,sink,23,4,169,201,211,204,207,346,20,17,0,3,0,NaN,NaN,insufficient_clean_prebaseline,insufficient_clean_prebaseline,NaN,NaN,NaN,1,0,KnownSignal,2c213cfdf0ac75baccf1976c98459cb527b229a69126f225cc29020e149e4a0e,FB2312-baseline-awake,growing_clean
/Users/zcm361/Documents/Github/OxygenDynamicsV2/reference-validation/surge-shape-evidence-20260909/FB2312-baseline-awake/growing_clean,sink,23,5,170,400,408,401,406,418,20,20,0,0,0,2420.81913875598,2420.81913875598,valid,valid,0.3082702442449,0.3082702442449,0,1,0,KnownSignal,2c213cfdf0ac75baccf1976c98459cb527b229a69126f225cc29020e149e4a0e,FB2312-baseline-awake,growing_clean
/Users/zcm361/Documents/Github/OxygenDynamicsV2/reference-validation/surge-shape-evidence-20260909/FB2312-baseline-awake/growing_clean,sink,23,6,171,425,434,427,433,627,20,18,0,2,0,NaN,NaN,insufficient_clean_prebaseline,insufficient_clean_prebaseline,NaN,NaN,NaN,1,0,KnownSignal,2c213cfdf0ac75baccf1976c98459cb527b229a69126f225cc29020e149e4a0e,FB2312-baseline-awake,growing_clean
/Users/zcm361/Documents/Github/OxygenDynamicsV2/reference-validation/surge-shape-evidence-20260909/FB2312-baseline-awake/growing_clean,sink,23,7,172,467,478,469,476,680,20,14,0,6,0,NaN,NaN,insufficient_clean_prebaseline,insufficient_clean_prebaseline,NaN,NaN,NaN,1,0,KnownSignal,2c213cfdf0ac75baccf1976c98459cb527b229a69126f225cc29020e149e4a0e,FB2312-baseline-awake,growing_clean
/Users/zcm361/Documents/Github/OxygenDynamicsV2/reference-validation/surge-shape-evidence-20260909/FB2312-baseline-awake/growing_clean,sink,23,8,173,480,487,482,485,300,20,12,0,8,0,NaN,NaN,insufficient_clean_prebaseline,insufficient_clean_prebaseline,NaN,NaN,NaN,1,0,KnownSignal,2c213cfdf0ac75baccf1976c98459cb527b229a69126f225cc29020e149e4a0e,FB2312-baseline-awake,growing_clean
/Users/zcm361/Documents/Github/OxygenDynamicsV2/reference-validation/surge-shape-evidence-20260909/FB2312-baseline-awake/growing_clean,sink,23,9,174,489,498,490,494,736,20,18,0,2,0,NaN,NaN,insufficient_clean_prebaseline,insufficient_clean_prebaseline,NaN,NaN,NaN,1,0,KnownSignal,2c213cfdf0ac75baccf1976c98459cb527b229a69126f225cc29020e149e4a0e,FB2312-baseline-awake,growing_clean
/Users/zcm361/Documents/Github/OxygenDynamicsV2/reference-validation/surge-shape-evidence-20260909/FB2312-baseline-awake/growing_clean,sink,23,10,175,538,546,540,543,201,20,13,0,7,0,NaN,NaN,insufficient_clean_prebaseline,insufficient_clean_prebaseline,NaN,NaN,NaN,1,0,KnownSignal,2c213cfdf0ac75baccf1976c98459cb527b229a69126f225cc29020e149e4a0e,FB2312-baseline-awake,growing_clean
/Users/zcm361/Documents/Github/OxygenDynamicsV2/reference-validation/surge-shape-evidence-20260909/FB2312-baseline-awake/growing_clean,sink,23,11,176,564,580,574,579,814,20,20,0,0,0,1960.20988943489,1960.20988943489,valid,valid,0.243699677775443,0.243699677775443,0,1,0,KnownSignal,2c213cfdf0ac75baccf1976c98459cb527b229a69126f225cc29020e149e4a0e,FB2312-baseline-awake,growing_clean
/Users/zcm361/Documents/Github/OxygenDynamicsV2/reference-validation/surge-shape-evidence-20260909/FB2312-baseline-awake/growing_clean,sink,23,12,177,636,647,640,646,731,20,20,0,0,0,2351.16853625171,2351.16853625171,valid,valid,0.354140753248872,0.354140753248872,0,1,0,KnownSignal,2c213cfdf0ac75baccf1976c98459cb527b229a69126f225cc29020e149e4a0e,FB2312-baseline-awake,growing_clean
/Users/zcm361/Documents/Github/OxygenDynamicsV2/reference-validation/surge-shape-evidence-20260909/FB2312-baseline-awake/growing_clean,sink,23,13,178,650,656,650,656,491,20,14,0,6,0,NaN,NaN,insufficient_clean_prebaseline,insufficient_clean_prebaseline,NaN,NaN,NaN,1,0,KnownSignal,2c213cfdf0ac75baccf1976c98459cb527b229a69126f225cc29020e149e4a0e,FB2312-baseline-awake,growing_clean
/Users/zcm361/Documents/Github/OxygenDynamicsV2/reference-validation/surge-shape-evidence-20260909/FB2312-baseline-awake/growing_clean,sink,23,14,179,659,669,659,669,433,20,7,0,13,0,NaN,NaN,insufficient_clean_prebaseline,insufficient_clean_prebaseline,NaN,NaN,NaN,1,0,KnownSignal,2c213cfdf0ac75baccf1976c98459cb527b229a69126f225cc29020e149e4a0e,FB2312-baseline-awake,growing_clean
/Users/zcm361/Documents/Github/OxygenDynamicsV2/reference-validation/surge-shape-evidence-20260909/FB2312-baseline-awake/growing_clean,sink,23,15,180,677,684,677,683,1421,20,9,0,11,0,NaN,NaN,insufficient_clean_prebaseline,insufficient_clean_prebaseline,NaN,NaN,NaN,1,0,KnownSignal,2c213cfdf0ac75baccf1976c98459cb527b229a69126f225cc29020e149e4a0e,FB2312-baseline-awake,growing_clean
/Users/zcm361/Documents/Github/OxygenDynamicsV2/reference-validation/surge-shape-evidence-20260909/FB2312-baseline-awake/growing_clean,sink,23,16,181,695,705,696,702,2085,20,13,0,7,0,NaN,NaN,insufficient_clean_prebaseline,insufficient_clean_prebaseline,NaN,NaN,NaN,1,0,KnownSignal,2c213cfdf0ac75baccf1976c98459cb527b229a69126f225cc29020e149e4a0e,FB2312-baseline-awake,growing_clean
/Users/zcm361/Documents/Github/OxygenDynamicsV2/reference-validation/surge-shape-evidence-20260909/FB2312-baseline-awake/growing_clean,sink,23,17,182,707,718,711,718,1399,20,13,0,7,0,NaN,NaN,insufficient_clean_prebaseline,insufficient_clean_prebaseline,NaN,NaN,NaN,1,0,KnownSignal,2c213cfdf0ac75baccf1976c98459cb527b229a69126f225cc29020e149e4a0e,FB2312-baseline-awake,growing_clean
/Users/zcm361/Documents/Github/OxygenDynamicsV2/reference-validation/surge-shape-evidence-20260909/FB2312-baseline-awake/growing_clean,sink,23,18,183,920,923,920,923,1009,20,20,0,0,0,2332.35911793855,2332.35911793855,valid,valid,0.120610749691392,0.120610749691392,0,1,0,KnownSignal,2c213cfdf0ac75baccf1976c98459cb527b229a69126f225cc29020e149e4a0e,FB2312-baseline-awake,growing_clean
/Users/zcm361/Documents/Github/OxygenDynamicsV2/reference-validation/surge-shape-evidence-20260909/FB2312-baseline-awake/growing_clean,sink,23,19,184,928,932,928,932,518,20,16,0,4,0,NaN,NaN,insufficient_clean_prebaseline,insufficient_clean_prebaseline,NaN,NaN,NaN,1,0,KnownSignal,2c213cfdf0ac75baccf1976c98459cb527b229a69126f225cc29020e149e4a0e,FB2312-baseline-awake,growing_clean
/Users/zcm361/Documents/Github/OxygenDynamicsV2/reference-validation/surge-shape-evidence-20260909/FB2312-baseline-awake/growing_clean,sink,23,20,185,936,941,936,941,1205,20,11,0,9,0,NaN,NaN,insufficient_clean_prebaseline,insufficient_clean_prebaseline,NaN,NaN,NaN,1,0,KnownSignal,2c213cfdf0ac75baccf1976c98459cb527b229a69126f225cc29020e149e4a0e,FB2312-baseline-awake,growing_clean
/Users/zcm361/Documents/Github/OxygenDynamicsV2/reference-validation/surge-shape-evidence-20260909/FB2312-baseline-awake/growing_clean,sink,23,21,186,944,948,944,948,452,20,9,0,11,0,NaN,NaN,insufficient_clean_prebaseline,insufficient_clean_prebaseline,NaN,NaN,NaN,1,0,KnownSignal,2c213cfdf0ac75baccf1976c98459cb527b229a69126f225cc29020e149e4a0e,FB2312-baseline-awake,growing_clean
/Users/zcm361/Documents/Github/OxygenDynamicsV2/reference-validation/surge-shape-evidence-20260909/FB2312-baseline-awake/growing_clean,sink,23,22,187,953,960,953,956,1044,20,9,0,11,0,NaN,NaN,insufficient_clean_prebaseline,insufficient_clean_prebaseline,NaN,NaN,NaN,1,0,KnownSignal,2c213cfdf0ac75baccf1976c98459cb527b229a69126f225cc29020e149e4a0e,FB2312-baseline-awake,growing_clean
/Users/zcm361/Documents/Github/OxygenDynamicsV2/reference-validation/surge-shape-evidence-20260909/FB2312-baseline-awake/growing_clean,sink,23,23,188,967,974,971,974,862,20,14,0,6,0,NaN,NaN,insufficient_clean_prebaseline,insufficient_clean_prebaseline,NaN,NaN,NaN,1,0,KnownSignal,2c213cfdf0ac75baccf1976c98459cb527b229a69126f225cc29020e149e4a0e,FB2312-baseline-awake,growing_clean
/Users/zcm361/Documents/Github/OxygenDynamicsV2/reference-validation/surge-shape-evidence-20260909/FB2312-baseline-awake/growing_clean,sink,23,24,189,976,1000,976,999,2318,20,7,0,13,0,NaN,NaN,insufficient_clean_prebaseline,insufficient_clean_prebaseline,NaN,NaN,NaN,1,0,KnownSignal,2c213cfdf0ac75baccf1976c98459cb527b229a69126f225cc29020e149e4a0e,FB2312-baseline-awake,growing_clean
/Users/zcm361/Documents/Github/OxygenDynamicsV2/reference-validation/surge-shape-evidence-20260909/FB2312-baseline-awake/growing_clean,sink,23,25,190,1093,1096,1093,1096,1224,20,20,0,0,0,1759.3516748366,1759.3516748366,valid,valid,0.0376491600243878,0.0376491600243878,0,1,0,KnownSignal,2c213cfdf0ac75baccf1976c98459cb527b229a69126f225cc29020e149e4a0e,FB2312-baseline-awake,growing_clean
/Users/zcm361/Documents/Github/OxygenDynamicsV2/reference-validation/surge-shape-evidence-20260909/FB2312-baseline-awake/growing_clean,sink,24,1,191,155,161,158,161,816,20,20,0,0,0,3532.49295343137,3532.49295343137,valid,valid,0.144376823115445,0.144376823115445,0,1,0,KnownSignal,2c213cfdf0ac75baccf1976c98459cb527b229a69126f225cc29020e149e4a0e,FB2312-baseline-awake,growing_clean
/Users/zcm361/Documents/Github/OxygenDynamicsV2/reference-validation/surge-shape-evidence-20260909/FB2312-baseline-awake/growing_clean,sink,24,2,192,165,177,165,168,832,20,16,0,4,0,NaN,NaN,insufficient_clean_prebaseline,insufficient_clean_prebaseline,NaN,NaN,NaN,1,0,KnownSignal,2c213cfdf0ac75baccf1976c98459cb527b229a69126f225cc29020e149e4a0e,FB2312-baseline-awake,growing_clean
/Users/zcm361/Documents/Github/OxygenDynamicsV2/reference-validation/surge-shape-evidence-20260909/FB2312-baseline-awake/growing_clean,sink,24,3,193,322,330,323,326,1146,20,20,0,0,0,4104.64131762653,4104.64131762653,valid,valid,0.196786968448936,0.196786968448936,0,1,0,KnownSignal,2c213cfdf0ac75baccf1976c98459cb527b229a69126f225cc29020e149e4a0e,FB2312-baseline-awake,growing_clean
/Users/zcm361/Documents/Github/OxygenDynamicsV2/reference-validation/surge-shape-evidence-20260909/FB2312-baseline-awake/growing_clean,sink,24,4,194,398,410,400,407,1977,20,7,0,13,0,NaN,NaN,insufficient_clean_prebaseline,insufficient_clean_prebaseline,NaN,NaN,NaN,1,0,KnownSignal,2c213cfdf0ac75baccf1976c98459cb527b229a69126f225cc29020e149e4a0e,FB2312-baseline-awake,growing_clean
/Users/zcm361/Documents/Github/OxygenDynamicsV2/reference-validation/surge-shape-evidence-20260909/FB2312-baseline-awake/growing_clean,sink,24,5,195,425,432,426,430,1532,20,17,0,3,0,NaN,NaN,insufficient_clean_prebaseline,insufficient_clean_prebaseline,NaN,NaN,NaN,1,0,KnownSignal,2c213cfdf0ac75baccf1976c98459cb527b229a69126f225cc29020e149e4a0e,FB2312-baseline-awake,growing_clean
/Users/zcm361/Documents/Github/OxygenDynamicsV2/reference-validation/surge-shape-evidence-20260909/FB2312-baseline-awake/growing_clean,sink,24,6,196,467,477,470,475,1155,20,10,0,10,0,NaN,NaN,insufficient_clean_prebaseline,insufficient_clean_prebaseline,NaN,NaN,NaN,1,0,KnownSignal,2c213cfdf0ac75baccf1976c98459cb527b229a69126f225cc29020e149e4a0e,FB2312-baseline-awake,growing_clean
/Users/zcm361/Documents/Github/OxygenDynamicsV2/reference-validation/surge-shape-evidence-20260909/FB2312-baseline-awake/growing_clean,sink,24,7,197,479,485,480,483,1430,20,14,0,6,0,NaN,NaN,insufficient_clean_prebaseline,insufficient_clean_prebaseline,NaN,NaN,NaN,1,0,KnownSignal,2c213cfdf0ac75baccf1976c98459cb527b229a69126f225cc29020e149e4a0e,FB2312-baseline-awake,growing_clean
/Users/zcm361/Documents/Github/OxygenDynamicsV2/reference-validation/surge-shape-evidence-20260909/FB2312-baseline-awake/growing_clean,sink,24,8,198,528,534,529,534,1326,20,8,0,12,0,NaN,NaN,insufficient_clean_prebaseline,insufficient_clean_prebaseline,NaN,NaN,NaN,1,0,KnownSignal,2c213cfdf0ac75baccf1976c98459cb527b229a69126f225cc29020e149e4a0e,FB2312-baseline-awake,growing_clean
/Users/zcm361/Documents/Github/OxygenDynamicsV2/reference-validation/surge-shape-evidence-20260909/FB2312-baseline-awake/growing_clean,sink,24,9,199,539,547,539,545,1455,20,9,0,11,0,NaN,NaN,insufficient_clean_prebaseline,insufficient_clean_prebaseline,NaN,NaN,NaN,1,0,KnownSignal,2c213cfdf0ac75baccf1976c98459cb527b229a69126f225cc29020e149e4a0e,FB2312-baseline-awake,growing_clean
/Users/zcm361/Documents/Github/OxygenDynamicsV2/reference-validation/surge-shape-evidence-20260909/FB2312-baseline-awake/growing_clean,sink,24,10,200,572,584,574,578,1240,20,20,0,0,0,4544.07600806452,4544.07600806452,valid,valid,0.292221878565131,0.292221878565131,0,1,0,KnownSignal,2c213cfdf0ac75baccf1976c98459cb527b229a69126f225cc29020e149e4a0e,FB2312-baseline-awake,growing_clean
/Users/zcm361/Documents/Github/OxygenDynamicsV2/reference-validation/surge-shape-evidence-20260909/FB2312-baseline-awake/growing_clean,sink,24,11,201,637,650,640,646,950,20,20,0,0,0,4879.96357894737,4879.96357894737,valid,valid,0.286359643667746,0.286359643667746,0,1,0,KnownSignal,2c213cfdf0ac75baccf1976c98459cb527b229a69126f225cc29020e149e4a0e,FB2312-baseline-awake,growing_clean
/Users/zcm361/Documents/Github/OxygenDynamicsV2/reference-validation/surge-shape-evidence-20260909/FB2312-baseline-awake/growing_clean,sink,24,12,202,674,687,675,682,995,20,20,0,0,0,4567.44819095477,4567.44819095477,valid,valid,0.167966402052523,0.167966402052523,0,1,0,KnownSignal,2c213cfdf0ac75baccf1976c98459cb527b229a69126f225cc29020e149e4a0e,FB2312-baseline-awake,growing_clean
/Users/zcm361/Documents/Github/OxygenDynamicsV2/reference-validation/surge-shape-evidence-20260909/FB2312-baseline-awake/growing_clean,sink,24,13,203,711,719,713,715,686,20,20,0,0,0,3973.12412536443,3973.12412536443,valid,valid,0.147475999592965,0.147475999592965,0,1,0,KnownSignal,2c213cfdf0ac75baccf1976c98459cb527b229a69126f225cc29020e149e4a0e,FB2312-baseline-awake,growing_clean
/Users/zcm361/Documents/Github/OxygenDynamicsV2/reference-validation/surge-shape-evidence-20260909/FB2312-baseline-awake/growing_clean,sink,24,14,204,1106,1125,1107,1111,560,20,20,0,0,0,4241.47142857143,4241.47142857143,valid,valid,0.0491246299296402,0.0491246299296402,0,1,0,KnownSignal,2c213cfdf0ac75baccf1976c98459cb527b229a69126f225cc29020e149e4a0e,FB2312-baseline-awake,growing_clean
/Users/zcm361/Documents/Github/OxygenDynamicsV2/reference-validation/surge-shape-evidence-20260909/FB2312-baseline-awake/growing_clean,sink,25,1,205,153,174,158,162,339,20,20,0,0,0,2835.62743362832,2835.62743362832,valid,valid,0.191321092749785,0.191321092749785,0,1,0,KnownSignal,2c213cfdf0ac75baccf1976c98459cb527b229a69126f225cc29020e149e4a0e,FB2312-baseline-awake,growing_clean
/Users/zcm361/Documents/Github/OxygenDynamicsV2/reference-validation/surge-shape-evidence-20260909/FB2312-baseline-awake/growing_clean,sink,26,1,206,156,168,158,168,821,20,20,0,0,0,3790.70200974421,3790.70200974421,valid,valid,0.283771897347325,0.283771897347325,0,1,0,KnownSignal,2c213cfdf0ac75baccf1976c98459cb527b229a69126f225cc29020e149e4a0e,FB2312-baseline-awake,growing_clean
/Users/zcm361/Documents/Github/OxygenDynamicsV2/reference-validation/surge-shape-evidence-20260909/FB2312-baseline-awake/growing_clean,sink,26,2,207,171,189,171,183,376,20,9,0,11,0,NaN,NaN,insufficient_clean_prebaseline,insufficient_clean_prebaseline,NaN,NaN,NaN,1,0,KnownSignal,2c213cfdf0ac75baccf1976c98459cb527b229a69126f225cc29020e149e4a0e,FB2312-baseline-awake,growing_clean
/Users/zcm361/Documents/Github/OxygenDynamicsV2/reference-validation/surge-shape-evidence-20260909/FB2312-baseline-awake/growing_clean,sink,26,3,208,201,218,203,214,983,20,17,0,3,0,NaN,NaN,insufficient_clean_prebaseline,insufficient_clean_prebaseline,NaN,NaN,NaN,1,0,KnownSignal,2c213cfdf0ac75baccf1976c98459cb527b229a69126f225cc29020e149e4a0e,FB2312-baseline-awake,growing_clean
/Users/zcm361/Documents/Github/OxygenDynamicsV2/reference-validation/surge-shape-evidence-20260909/FB2312-baseline-awake/growing_clean,sink,26,4,209,220,227,225,227,677,20,8,0,12,0,NaN,NaN,insufficient_clean_prebaseline,insufficient_clean_prebaseline,NaN,NaN,NaN,1,0,KnownSignal,2c213cfdf0ac75baccf1976c98459cb527b229a69126f225cc29020e149e4a0e,FB2312-baseline-awake,growing_clean
/Users/zcm361/Documents/Github/OxygenDynamicsV2/reference-validation/surge-shape-evidence-20260909/FB2312-baseline-awake/growing_clean,sink,26,5,210,236,246,236,238,753,20,17,0,3,0,NaN,NaN,insufficient_clean_prebaseline,insufficient_clean_prebaseline,NaN,NaN,NaN,1,0,KnownSignal,2c213cfdf0ac75baccf1976c98459cb527b229a69126f225cc29020e149e4a0e,FB2312-baseline-awake,growing_clean
/Users/zcm361/Documents/Github/OxygenDynamicsV2/reference-validation/surge-shape-evidence-20260909/FB2312-baseline-awake/growing_clean,sink,26,6,211,312,332,319,325,521,20,20,0,0,0,4555.65556621881,4555.65556621881,valid,valid,0.182413389225276,0.182413389225276,0,1,0,KnownSignal,2c213cfdf0ac75baccf1976c98459cb527b229a69126f225cc29020e149e4a0e,FB2312-baseline-awake,growing_clean
/Users/zcm361/Documents/Github/OxygenDynamicsV2/reference-validation/surge-shape-evidence-20260909/FB2312-baseline-awake/growing_clean,sink,26,7,212,400,410,400,407,304,20,1,0,19,0,NaN,NaN,insufficient_clean_prebaseline,insufficient_clean_prebaseline,NaN,NaN,NaN,1,0,KnownSignal,2c213cfdf0ac75baccf1976c98459cb527b229a69126f225cc29020e149e4a0e,FB2312-baseline-awake,growing_clean
/Users/zcm361/Documents/Github/OxygenDynamicsV2/reference-validation/surge-shape-evidence-20260909/FB2312-baseline-awake/growing_clean,sink,26,8,213,571,583,574,578,378,20,20,0,0,0,3332.44338624339,3332.44338624339,valid,valid,0.298353941480884,0.298353941480884,0,1,0,KnownSignal,2c213cfdf0ac75baccf1976c98459cb527b229a69126f225cc29020e149e4a0e,FB2312-baseline-awake,growing_clean
/Users/zcm361/Documents/Github/OxygenDynamicsV2/reference-validation/surge-shape-evidence-20260909/FB2312-baseline-awake/growing_clean,sink,26,9,214,790,801,797,801,413,20,20,0,0,0,4007.25072639225,4007.25072639225,valid,valid,0.116496184232147,0.116496184232147,0,1,0,KnownSignal,2c213cfdf0ac75baccf1976c98459cb527b229a69126f225cc29020e149e4a0e,FB2312-baseline-awake,growing_clean
/Users/zcm361/Documents/Github/OxygenDynamicsV2/reference-validation/surge-shape-evidence-20260909/FB2312-baseline-awake/growing_clean,sink,26,10,215,803,827,803,807,558,20,15,0,5,0,NaN,NaN,insufficient_clean_prebaseline,insufficient_clean_prebaseline,NaN,NaN,NaN,1,0,KnownSignal,2c213cfdf0ac75baccf1976c98459cb527b229a69126f225cc29020e149e4a0e,FB2312-baseline-awake,growing_clean
/Users/zcm361/Documents/Github/OxygenDynamicsV2/reference-validation/surge-shape-evidence-20260909/FB2312-baseline-awake/growing_clean,sink,26,11,216,969,979,977,979,199,20,20,0,0,0,3717.2351758794,3717.2351758794,valid,valid,0.153163763309252,0.153163763309252,0,1,0,KnownSignal,2c213cfdf0ac75baccf1976c98459cb527b229a69126f225cc29020e149e4a0e,FB2312-baseline-awake,growing_clean
/Users/zcm361/Documents/Github/OxygenDynamicsV2/reference-validation/surge-shape-evidence-20260909/FB2312-baseline-awake/growing_clean,sink,26,12,217,987,992,987,992,304,20,17,0,3,0,NaN,NaN,insufficient_clean_prebaseline,insufficient_clean_prebaseline,NaN,NaN,NaN,1,0,KnownSignal,2c213cfdf0ac75baccf1976c98459cb527b229a69126f225cc29020e149e4a0e,FB2312-baseline-awake,growing_clean
/Users/zcm361/Documents/Github/OxygenDynamicsV2/reference-validation/surge-shape-evidence-20260909/FB2312-baseline-awake/growing_clean,sink,27,1,218,159,195,169,177,1509,20,20,0,0,0,6676.91769383698,6676.91769383698,valid,valid,0.0716979839191205,0.0716979839191205,0,1,0,KnownSignal,2c213cfdf0ac75baccf1976c98459cb527b229a69126f225cc29020e149e4a0e,FB2312-baseline-awake,growing_clean
/Users/zcm361/Documents/Github/OxygenDynamicsV2/reference-validation/surge-shape-evidence-20260909/FB2312-baseline-awake/growing_clean,sink,28,1,219,169,175,172,175,298,20,20,0,0,0,5564.21560402685,5564.21560402685,valid,valid,0.0896550268411297,0.0896550268411297,0,1,0,KnownSignal,2c213cfdf0ac75baccf1976c98459cb527b229a69126f225cc29020e149e4a0e,FB2312-baseline-awake,growing_clean
/Users/zcm361/Documents/Github/OxygenDynamicsV2/reference-validation/surge-shape-evidence-20260909/FB2312-baseline-awake/growing_clean,sink,28,2,220,192,199,192,196,1606,20,14,0,6,0,NaN,NaN,insufficient_clean_prebaseline,insufficient_clean_prebaseline,NaN,NaN,NaN,1,0,KnownSignal,2c213cfdf0ac75baccf1976c98459cb527b229a69126f225cc29020e149e4a0e,FB2312-baseline-awake,growing_clean
/Users/zcm361/Documents/Github/OxygenDynamicsV2/reference-validation/surge-shape-evidence-20260909/FB2312-baseline-awake/growing_clean,sink,28,3,221,204,217,204,206,216,20,15,0,5,0,NaN,NaN,insufficient_clean_prebaseline,insufficient_clean_prebaseline,NaN,NaN,NaN,1,0,KnownSignal,2c213cfdf0ac75baccf1976c98459cb527b229a69126f225cc29020e149e4a0e,FB2312-baseline-awake,growing_clean
/Users/zcm361/Documents/Github/OxygenDynamicsV2/reference-validation/surge-shape-evidence-20260909/FB2312-baseline-awake/growing_clean,sink,29,1,222,183,197,187,193,323,20,20,0,0,0,4253.52321981424,4253.52321981424,valid,valid,0.117932466110775,0.117932466110775,0,1,0,KnownSignal,2c213cfdf0ac75baccf1976c98459cb527b229a69126f225cc29020e149e4a0e,FB2312-baseline-awake,growing_clean
/Users/zcm361/Documents/Github/OxygenDynamicsV2/reference-validation/surge-shape-evidence-20260909/FB2312-baseline-awake/growing_clean,sink,29,2,223,203,214,209,214,447,20,13,0,7,0,NaN,NaN,insufficient_clean_prebaseline,insufficient_clean_prebaseline,NaN,NaN,NaN,1,0,KnownSignal,2c213cfdf0ac75baccf1976c98459cb527b229a69126f225cc29020e149e4a0e,FB2312-baseline-awake,growing_clean
/Users/zcm361/Documents/Github/OxygenDynamicsV2/reference-validation/surge-shape-evidence-20260909/FB2312-baseline-awake/growing_clean,sink,29,3,224,224,232,225,232,340,20,14,0,6,0,NaN,NaN,insufficient_clean_prebaseline,insufficient_clean_prebaseline,NaN,NaN,NaN,1,0,KnownSignal,2c213cfdf0ac75baccf1976c98459cb527b229a69126f225cc29020e149e4a0e,FB2312-baseline-awake,growing_clean
/Users/zcm361/Documents/Github/OxygenDynamicsV2/reference-validation/surge-shape-evidence-20260909/FB2312-baseline-awake/growing_clean,sink,29,4,225,238,242,239,241,188,20,12,0,8,0,NaN,NaN,insufficient_clean_prebaseline,insufficient_clean_prebaseline,NaN,NaN,NaN,1,0,KnownSignal,2c213cfdf0ac75baccf1976c98459cb527b229a69126f225cc29020e149e4a0e,FB2312-baseline-awake,growing_clean
/Users/zcm361/Documents/Github/OxygenDynamicsV2/reference-validation/surge-shape-evidence-20260909/FB2312-baseline-awake/growing_clean,sink,29,5,226,245,251,246,250,356,20,9,0,11,0,NaN,NaN,insufficient_clean_prebaseline,insufficient_clean_prebaseline,NaN,NaN,NaN,1,0,KnownSignal,2c213cfdf0ac75baccf1976c98459cb527b229a69126f225cc29020e149e4a0e,FB2312-baseline-awake,growing_clean
/Users/zcm361/Documents/Github/OxygenDynamicsV2/reference-validation/surge-shape-evidence-20260909/FB2312-baseline-awake/growing_clean,sink,29,6,227,576,594,579,582,214,20,20,0,0,0,5727.71425233645,5727.71425233645,valid,valid,0.131018852956177,0.131018852956177,0,1,0,KnownSignal,2c213cfdf0ac75baccf1976c98459cb527b229a69126f225cc29020e149e4a0e,FB2312-baseline-awake,growing_clean
/Users/zcm361/Documents/Github/OxygenDynamicsV2/reference-validation/surge-shape-evidence-20260909/FB2312-baseline-awake/growing_clean,sink,29,7,228,714,734,719,723,253,20,20,0,0,0,5693.29505928854,5693.29505928854,valid,valid,0.174574432659901,0.174574432659901,0,1,0,KnownSignal,2c213cfdf0ac75baccf1976c98459cb527b229a69126f225cc29020e149e4a0e,FB2312-baseline-awake,growing_clean
/Users/zcm361/Documents/Github/OxygenDynamicsV2/reference-validation/surge-shape-evidence-20260909/FB2312-baseline-awake/growing_clean,sink,29,8,229,958,981,978,981,303,20,20,0,0,0,5373.96584158416,5373.96584158416,valid,valid,0.0994887250238616,0.0994887250238616,0,1,0,KnownSignal,2c213cfdf0ac75baccf1976c98459cb527b229a69126f225cc29020e149e4a0e,FB2312-baseline-awake,growing_clean
/Users/zcm361/Documents/Github/OxygenDynamicsV2/reference-validation/surge-shape-evidence-20260909/FB2312-baseline-awake/growing_clean,sink,29,9,230,983,986,983,985,285,20,16,0,4,0,NaN,NaN,insufficient_clean_prebaseline,insufficient_clean_prebaseline,NaN,NaN,NaN,1,0,KnownSignal,2c213cfdf0ac75baccf1976c98459cb527b229a69126f225cc29020e149e4a0e,FB2312-baseline-awake,growing_clean
/Users/zcm361/Documents/Github/OxygenDynamicsV2/reference-validation/surge-shape-evidence-20260909/FB2312-baseline-awake/growing_clean,sink,29,10,231,1040,1045,1043,1045,219,20,20,0,0,0,5653.88538812785,5653.88538812785,valid,valid,0.14583005068079,0.14583005068079,0,1,0,KnownSignal,2c213cfdf0ac75baccf1976c98459cb527b229a69126f225cc29020e149e4a0e,FB2312-baseline-awake,growing_clean
/Users/zcm361/Documents/Github/OxygenDynamicsV2/reference-validation/surge-shape-evidence-20260909/FB2312-baseline-awake/growing_clean,sink,29,11,232,1051,1056,1051,1053,137,20,17,0,3,0,NaN,NaN,insufficient_clean_prebaseline,insufficient_clean_prebaseline,NaN,NaN,NaN,1,0,KnownSignal,2c213cfdf0ac75baccf1976c98459cb527b229a69126f225cc29020e149e4a0e,FB2312-baseline-awake,growing_clean
/Users/zcm361/Documents/Github/OxygenDynamicsV2/reference-validation/surge-shape-evidence-20260909/FB2312-baseline-awake/growing_clean,sink,29,12,233,1062,1070,1063,1070,596,20,14,0,6,0,NaN,NaN,insufficient_clean_prebaseline,insufficient_clean_prebaseline,NaN,NaN,NaN,1,0,KnownSignal,2c213cfdf0ac75baccf1976c98459cb527b229a69126f225cc29020e149e4a0e,FB2312-baseline-awake,growing_clean
/Users/zcm361/Documents/Github/OxygenDynamicsV2/reference-validation/surge-shape-evidence-20260909/FB2312-baseline-awake/growing_clean,sink,30,1,234,172,194,192,194,226,20,20,0,0,0,3921.875,3921.875,valid,valid,0.196249762013891,0.196249762013891,0,1,0,KnownSignal,2c213cfdf0ac75baccf1976c98459cb527b229a69126f225cc29020e149e4a0e,FB2312-baseline-awake,growing_clean
/Users/zcm361/Documents/Github/OxygenDynamicsV2/reference-validation/surge-shape-evidence-20260909/FB2312-baseline-awake/growing_clean,sink,31,1,235,209,220,213,215,173,20,20,0,0,0,5125.73410404624,5125.73410404624,valid,valid,0.126106284507957,0.126106284507957,0,1,0,KnownSignal,2c213cfdf0ac75baccf1976c98459cb527b229a69126f225cc29020e149e4a0e,FB2312-baseline-awake,growing_clean
/Users/zcm361/Documents/Github/OxygenDynamicsV2/reference-validation/surge-shape-evidence-20260909/FB2312-baseline-awake/growing_clean,sink,31,2,236,283,290,286,288,320,20,20,0,0,0,4685.99640625,4685.99640625,valid,valid,0.13829426018886,0.13829426018886,0,1,0,KnownSignal,2c213cfdf0ac75baccf1976c98459cb527b229a69126f225cc29020e149e4a0e,FB2312-baseline-awake,growing_clean
/Users/zcm361/Documents/Github/OxygenDynamicsV2/reference-validation/surge-shape-evidence-20260909/FB2312-baseline-awake/growing_clean,sink,32,1,237,206,220,213,217,1155,20,20,0,0,0,4244.06341991342,4244.06341991342,valid,valid,0.0860502725146045,0.0860502725146045,0,1,0,KnownSignal,2c213cfdf0ac75baccf1976c98459cb527b229a69126f225cc29020e149e4a0e,FB2312-baseline-awake,growing_clean
/Users/zcm361/Documents/Github/OxygenDynamicsV2/reference-validation/surge-shape-evidence-20260909/FB2312-baseline-awake/growing_clean,sink,32,2,238,225,232,227,232,489,20,17,0,3,0,NaN,NaN,insufficient_clean_prebaseline,insufficient_clean_prebaseline,NaN,NaN,NaN,1,0,KnownSignal,2c213cfdf0ac75baccf1976c98459cb527b229a69126f225cc29020e149e4a0e,FB2312-baseline-awake,growing_clean
/Users/zcm361/Documents/Github/OxygenDynamicsV2/reference-validation/surge-shape-evidence-20260909/FB2312-baseline-awake/growing_clean,sink,32,3,239,243,247,243,246,732,20,10,0,10,0,NaN,NaN,insufficient_clean_prebaseline,insufficient_clean_prebaseline,NaN,NaN,NaN,1,0,KnownSignal,2c213cfdf0ac75baccf1976c98459cb527b229a69126f225cc29020e149e4a0e,FB2312-baseline-awake,growing_clean
/Users/zcm361/Documents/Github/OxygenDynamicsV2/reference-validation/surge-shape-evidence-20260909/FB2312-baseline-awake/growing_clean,sink,33,1,240,437,457,437,442,610,20,18,0,2,0,NaN,NaN,insufficient_clean_prebaseline,insufficient_clean_prebaseline,NaN,NaN,NaN,1,0,KnownSignal,2c213cfdf0ac75baccf1976c98459cb527b229a69126f225cc29020e149e4a0e,FB2312-baseline-awake,growing_clean
/Users/zcm361/Documents/Github/OxygenDynamicsV2/reference-validation/surge-shape-evidence-20260909/FB2312-baseline-awake/growing_clean,sink,33,2,241,725,727,725,727,1532,20,20,0,0,0,2546.41540469974,2546.41540469974,valid,valid,0.0320263851165991,0.0320263851165991,0,1,0,KnownSignal,2c213cfdf0ac75baccf1976c98459cb527b229a69126f225cc29020e149e4a0e,FB2312-baseline-awake,growing_clean
/Users/zcm361/Documents/Github/OxygenDynamicsV2/reference-validation/surge-shape-evidence-20260909/FB2312-baseline-awake/growing_clean,sink,33,3,242,729,732,729,732,245,20,17,0,3,0,NaN,NaN,insufficient_clean_prebaseline,insufficient_clean_prebaseline,NaN,NaN,NaN,1,0,KnownSignal,2c213cfdf0ac75baccf1976c98459cb527b229a69126f225cc29020e149e4a0e,FB2312-baseline-awake,growing_clean
/Users/zcm361/Documents/Github/OxygenDynamicsV2/reference-validation/surge-shape-evidence-20260909/FB2312-baseline-awake/growing_clean,sink,33,4,243,1027,1036,1032,1035,189,20,20,0,0,0,2884.53227513228,2884.53227513228,valid,valid,0.172394779966712,0.172394779966712,0,1,0,KnownSignal,2c213cfdf0ac75baccf1976c98459cb527b229a69126f225cc29020e149e4a0e,FB2312-baseline-awake,growing_clean
/Users/zcm361/Documents/Github/OxygenDynamicsV2/reference-validation/surge-shape-evidence-20260909/FB2312-baseline-awake/growing_clean,sink,34,1,244,230,243,236,238,345,20,20,0,0,0,2903.7547826087,2903.7547826087,valid,valid,0.161636198369447,0.161636198369447,0,1,0,KnownSignal,2c213cfdf0ac75baccf1976c98459cb527b229a69126f225cc29020e149e4a0e,FB2312-baseline-awake,growing_clean
/Users/zcm361/Documents/Github/OxygenDynamicsV2/reference-validation/surge-shape-evidence-20260909/FB2312-baseline-awake/growing_clean,sink,35,1,245,237,248,239,242,1223,20,13,0,7,0,NaN,NaN,insufficient_clean_prebaseline,insufficient_clean_prebaseline,NaN,NaN,NaN,1,0,KnownSignal,2c213cfdf0ac75baccf1976c98459cb527b229a69126f225cc29020e149e4a0e,FB2312-baseline-awake,growing_clean
/Users/zcm361/Documents/Github/OxygenDynamicsV2/reference-validation/surge-shape-evidence-20260909/FB2312-baseline-awake/growing_clean,sink,36,1,246,235,246,242,244,316,20,17,0,3,0,NaN,NaN,insufficient_clean_prebaseline,insufficient_clean_prebaseline,NaN,NaN,NaN,1,0,KnownSignal,2c213cfdf0ac75baccf1976c98459cb527b229a69126f225cc29020e149e4a0e,FB2312-baseline-awake,growing_clean
/Users/zcm361/Documents/Github/OxygenDynamicsV2/reference-validation/surge-shape-evidence-20260909/FB2312-baseline-awake/growing_clean,sink,37,1,247,266,289,283,289,458,20,20,0,0,0,4408.16320960699,4408.16320960699,valid,valid,0.117878637972549,0.117878637972549,0,1,0,KnownSignal,2c213cfdf0ac75baccf1976c98459cb527b229a69126f225cc29020e149e4a0e,FB2312-baseline-awake,growing_clean
/Users/zcm361/Documents/Github/OxygenDynamicsV2/reference-validation/surge-shape-evidence-20260909/FB2312-baseline-awake/growing_clean,sink,37,2,248,300,310,300,305,226,20,13,0,7,0,NaN,NaN,insufficient_clean_prebaseline,insufficient_clean_prebaseline,NaN,NaN,NaN,1,0,KnownSignal,2c213cfdf0ac75baccf1976c98459cb527b229a69126f225cc29020e149e4a0e,FB2312-baseline-awake,growing_clean
/Users/zcm361/Documents/Github/OxygenDynamicsV2/reference-validation/surge-shape-evidence-20260909/FB2312-baseline-awake/growing_clean,sink,38,1,249,287,289,287,289,478,20,20,0,0,0,4348.54173640167,4348.54173640167,valid,valid,0.0682280134356586,0.0682280134356586,0,1,0,KnownSignal,2c213cfdf0ac75baccf1976c98459cb527b229a69126f225cc29020e149e4a0e,FB2312-baseline-awake,growing_clean
/Users/zcm361/Documents/Github/OxygenDynamicsV2/reference-validation/surge-shape-evidence-20260909/FB2312-baseline-awake/growing_clean,sink,39,1,250,292,320,293,320,1632,20,20,0,0,0,5306.77806372549,5306.77806372549,valid,valid,0.164302547872265,0.164302547872265,0,1,0,KnownSignal,2c213cfdf0ac75baccf1976c98459cb527b229a69126f225cc29020e149e4a0e,FB2312-baseline-awake,growing_clean
/Users/zcm361/Documents/Github/OxygenDynamicsV2/reference-validation/surge-shape-evidence-20260909/FB2312-baseline-awake/growing_clean,sink,40,1,251,299,312,310,312,463,20,15,0,5,0,NaN,NaN,insufficient_clean_prebaseline,insufficient_clean_prebaseline,NaN,NaN,NaN,1,0,KnownSignal,2c213cfdf0ac75baccf1976c98459cb527b229a69126f225cc29020e149e4a0e,FB2312-baseline-awake,growing_clean
/Users/zcm361/Documents/Github/OxygenDynamicsV2/reference-validation/surge-shape-evidence-20260909/FB2312-baseline-awake/growing_clean,sink,40,2,252,332,344,332,334,266,20,19,0,1,0,NaN,NaN,insufficient_clean_prebaseline,insufficient_clean_prebaseline,NaN,NaN,NaN,1,0,KnownSignal,2c213cfdf0ac75baccf1976c98459cb527b229a69126f225cc29020e149e4a0e,FB2312-baseline-awake,growing_clean
/Users/zcm361/Documents/Github/OxygenDynamicsV2/reference-validation/surge-shape-evidence-20260909/FB2312-baseline-awake/growing_clean,sink,41,1,253,399,411,408,411,434,20,20,0,0,0,3598.00783410138,3598.00783410138,valid,valid,0.092726940420307,0.092726940420307,0,1,0,KnownSignal,2c213cfdf0ac75baccf1976c98459cb527b229a69126f225cc29020e149e4a0e,FB2312-baseline-awake,growing_clean
/Users/zcm361/Documents/Github/OxygenDynamicsV2/reference-validation/surge-shape-evidence-20260909/FB2312-baseline-awake/growing_clean,sink,41,2,254,413,416,413,416,313,20,16,0,4,0,NaN,NaN,insufficient_clean_prebaseline,insufficient_clean_prebaseline,NaN,NaN,NaN,1,0,KnownSignal,2c213cfdf0ac75baccf1976c98459cb527b229a69126f225cc29020e149e4a0e,FB2312-baseline-awake,growing_clean
/Users/zcm361/Documents/Github/OxygenDynamicsV2/reference-validation/surge-shape-evidence-20260909/FB2312-baseline-awake/growing_clean,sink,41,3,255,422,427,422,427,1583,20,12,0,8,0,NaN,NaN,insufficient_clean_prebaseline,insufficient_clean_prebaseline,NaN,NaN,NaN,1,0,KnownSignal,2c213cfdf0ac75baccf1976c98459cb527b229a69126f225cc29020e149e4a0e,FB2312-baseline-awake,growing_clean
/Users/zcm361/Documents/Github/OxygenDynamicsV2/reference-validation/surge-shape-evidence-20260909/FB2312-baseline-awake/growing_clean,sink,41,4,256,433,449,433,448,656,20,10,0,10,0,NaN,NaN,insufficient_clean_prebaseline,insufficient_clean_prebaseline,NaN,NaN,NaN,1,0,KnownSignal,2c213cfdf0ac75baccf1976c98459cb527b229a69126f225cc29020e149e4a0e,FB2312-baseline-awake,growing_clean
/Users/zcm361/Documents/Github/OxygenDynamicsV2/reference-validation/surge-shape-evidence-20260909/FB2312-baseline-awake/growing_clean,sink,41,5,257,946,958,953,955,587,20,20,0,0,0,4343.23943781942,4343.23943781942,valid,valid,0.0592118621136914,0.0592118621136914,0,1,0,KnownSignal,2c213cfdf0ac75baccf1976c98459cb527b229a69126f225cc29020e149e4a0e,FB2312-baseline-awake,growing_clean
/Users/zcm361/Documents/Github/OxygenDynamicsV2/reference-validation/surge-shape-evidence-20260909/FB2312-baseline-awake/growing_clean,sink,41,6,258,979,993,979,981,283,20,20,0,0,0,4869.43374558304,4869.43374558304,valid,valid,0.050189588583431,0.050189588583431,0,1,0,KnownSignal,2c213cfdf0ac75baccf1976c98459cb527b229a69126f225cc29020e149e4a0e,FB2312-baseline-awake,growing_clean
/Users/zcm361/Documents/Github/OxygenDynamicsV2/reference-validation/surge-shape-evidence-20260909/FB2312-baseline-awake/growing_clean,sink,41,7,259,1107,1128,1112,1115,524,20,20,0,0,0,3977.7572519084,3977.7572519084,valid,valid,0.08925241159716,0.08925241159716,0,1,0,KnownSignal,2c213cfdf0ac75baccf1976c98459cb527b229a69126f225cc29020e149e4a0e,FB2312-baseline-awake,growing_clean
/Users/zcm361/Documents/Github/OxygenDynamicsV2/reference-validation/surge-shape-evidence-20260909/FB2312-baseline-awake/growing_clean,sink,42,1,260,751,759,751,756,347,20,20,0,0,0,3339.42204610951,3339.42204610951,valid,valid,0.0891683486447745,0.0891683486447745,0,1,0,KnownSignal,2c213cfdf0ac75baccf1976c98459cb527b229a69126f225cc29020e149e4a0e,FB2312-baseline-awake,growing_clean
/Users/zcm361/Documents/Github/OxygenDynamicsV2/reference-validation/surge-shape-evidence-20260909/FB2312-baseline-awake/growing_clean,sink,43,1,261,348,363,350,352,384,20,20,0,0,0,4903.25416666667,4903.25416666667,valid,valid,0.0699756369281965,0.0699756369281965,0,1,0,KnownSignal,2c213cfdf0ac75baccf1976c98459cb527b229a69126f225cc29020e149e4a0e,FB2312-baseline-awake,growing_clean
/Users/zcm361/Documents/Github/OxygenDynamicsV2/reference-validation/surge-shape-evidence-20260909/FB2312-baseline-awake/growing_clean,sink,44,1,262,372,374,372,374,189,20,20,0,0,0,3834.92989417989,3834.92989417989,valid,valid,0.0774111679504085,0.0774111679504085,0,1,0,KnownSignal,2c213cfdf0ac75baccf1976c98459cb527b229a69126f225cc29020e149e4a0e,FB2312-baseline-awake,growing_clean
/Users/zcm361/Documents/Github/OxygenDynamicsV2/reference-validation/surge-shape-evidence-20260909/FB2312-baseline-awake/growing_clean,sink,44,2,263,387,389,387,389,291,20,17,0,3,0,NaN,NaN,insufficient_clean_prebaseline,insufficient_clean_prebaseline,NaN,NaN,NaN,1,0,KnownSignal,2c213cfdf0ac75baccf1976c98459cb527b229a69126f225cc29020e149e4a0e,FB2312-baseline-awake,growing_clean
/Users/zcm361/Documents/Github/OxygenDynamicsV2/reference-validation/surge-shape-evidence-20260909/FB2312-baseline-awake/growing_clean,sink,44,3,264,407,412,407,410,347,20,17,0,3,0,NaN,NaN,insufficient_clean_prebaseline,insufficient_clean_prebaseline,NaN,NaN,NaN,1,0,KnownSignal,2c213cfdf0ac75baccf1976c98459cb527b229a69126f225cc29020e149e4a0e,FB2312-baseline-awake,growing_clean
/Users/zcm361/Documents/Github/OxygenDynamicsV2/reference-validation/surge-shape-evidence-20260909/FB2312-baseline-awake/growing_clean,sink,45,1,265,395,415,407,409,366,20,20,0,0,0,5685.52472677596,5685.52472677596,valid,valid,0.110003279587331,0.110003279587331,0,1,0,KnownSignal,2c213cfdf0ac75baccf1976c98459cb527b229a69126f225cc29020e149e4a0e,FB2312-baseline-awake,growing_clean
/Users/zcm361/Documents/Github/OxygenDynamicsV2/reference-validation/surge-shape-evidence-20260909/FB2312-baseline-awake/growing_clean,sink,46,1,266,409,418,411,418,364,20,20,0,0,0,2822.68489010989,2822.68489010989,valid,valid,0.143553702913007,0.143553702913007,0,1,0,KnownSignal,2c213cfdf0ac75baccf1976c98459cb527b229a69126f225cc29020e149e4a0e,FB2312-baseline-awake,growing_clean
/Users/zcm361/Documents/Github/OxygenDynamicsV2/reference-validation/surge-shape-evidence-20260909/FB2312-baseline-awake/growing_clean,sink,46,2,267,434,444,434,436,356,20,15,0,5,0,NaN,NaN,insufficient_clean_prebaseline,insufficient_clean_prebaseline,NaN,NaN,NaN,1,0,KnownSignal,2c213cfdf0ac75baccf1976c98459cb527b229a69126f225cc29020e149e4a0e,FB2312-baseline-awake,growing_clean
/Users/zcm361/Documents/Github/OxygenDynamicsV2/reference-validation/surge-shape-evidence-20260909/FB2312-baseline-awake/growing_clean,sink,47,1,268,398,423,413,415,348,20,7,0,13,0,NaN,NaN,insufficient_clean_prebaseline,insufficient_clean_prebaseline,NaN,NaN,NaN,1,0,KnownSignal,2c213cfdf0ac75baccf1976c98459cb527b229a69126f225cc29020e149e4a0e,FB2312-baseline-awake,growing_clean
/Users/zcm361/Documents/Github/OxygenDynamicsV2/reference-validation/surge-shape-evidence-20260909/FB2312-baseline-awake/growing_clean,sink,47,2,269,763,772,767,772,859,20,20,0,0,0,5230.76589057043,5230.76589057043,valid,valid,0.0735382017902986,0.0735382017902986,0,1,0,KnownSignal,2c213cfdf0ac75baccf1976c98459cb527b229a69126f225cc29020e149e4a0e,FB2312-baseline-awake,growing_clean
/Users/zcm361/Documents/Github/OxygenDynamicsV2/reference-validation/surge-shape-evidence-20260909/FB2312-baseline-awake/growing_clean,sink,47,3,270,778,781,778,781,530,20,14,0,6,0,NaN,NaN,insufficient_clean_prebaseline,insufficient_clean_prebaseline,NaN,NaN,NaN,1,0,KnownSignal,2c213cfdf0ac75baccf1976c98459cb527b229a69126f225cc29020e149e4a0e,FB2312-baseline-awake,growing_clean
/Users/zcm361/Documents/Github/OxygenDynamicsV2/reference-validation/surge-shape-evidence-20260909/FB2312-baseline-awake/growing_clean,sink,47,4,271,796,802,797,800,424,20,16,0,4,0,NaN,NaN,insufficient_clean_prebaseline,insufficient_clean_prebaseline,NaN,NaN,NaN,1,0,KnownSignal,2c213cfdf0ac75baccf1976c98459cb527b229a69126f225cc29020e149e4a0e,FB2312-baseline-awake,growing_clean
/Users/zcm361/Documents/Github/OxygenDynamicsV2/reference-validation/surge-shape-evidence-20260909/FB2312-baseline-awake/growing_clean,sink,48,1,272,407,420,414,416,320,20,20,0,0,0,2235.7415625,2235.7415625,valid,valid,0.109056796451625,0.109056796451625,0,1,0,KnownSignal,2c213cfdf0ac75baccf1976c98459cb527b229a69126f225cc29020e149e4a0e,FB2312-baseline-awake,growing_clean
/Users/zcm361/Documents/Github/OxygenDynamicsV2/reference-validation/surge-shape-evidence-20260909/FB2312-baseline-awake/growing_clean,sink,49,1,273,428,445,441,445,244,20,20,0,0,0,3762.27356557377,3762.27356557377,valid,valid,0.0661025022201924,0.0661025022201924,0,1,0,KnownSignal,2c213cfdf0ac75baccf1976c98459cb527b229a69126f225cc29020e149e4a0e,FB2312-baseline-awake,growing_clean
/Users/zcm361/Documents/Github/OxygenDynamicsV2/reference-validation/surge-shape-evidence-20260909/FB2312-baseline-awake/growing_clean,sink,49,2,274,447,459,447,453,502,20,15,0,5,0,NaN,NaN,insufficient_clean_prebaseline,insufficient_clean_prebaseline,NaN,NaN,NaN,1,0,KnownSignal,2c213cfdf0ac75baccf1976c98459cb527b229a69126f225cc29020e149e4a0e,FB2312-baseline-awake,growing_clean
/Users/zcm361/Documents/Github/OxygenDynamicsV2/reference-validation/surge-shape-evidence-20260909/FB2312-baseline-awake/growing_clean,sink,50,1,275,416,424,418,423,341,20,20,0,0,0,7115.26099706745,7115.26099706745,valid,valid,0.092662749597742,0.092662749597742,0,1,0,KnownSignal,2c213cfdf0ac75baccf1976c98459cb527b229a69126f225cc29020e149e4a0e,FB2312-baseline-awake,growing_clean
/Users/zcm361/Documents/Github/OxygenDynamicsV2/reference-validation/surge-shape-evidence-20260909/FB2312-baseline-awake/growing_clean,sink,51,1,276,551,572,567,569,428,20,20,0,0,0,2879.85163551402,2879.85163551402,valid,valid,0.0574564743040292,0.0574564743040292,0,1,0,KnownSignal,2c213cfdf0ac75baccf1976c98459cb527b229a69126f225cc29020e149e4a0e,FB2312-baseline-awake,growing_clean
/Users/zcm361/Documents/Github/OxygenDynamicsV2/reference-validation/surge-shape-evidence-20260909/FB2312-baseline-awake/growing_clean,sink,51,2,277,857,870,865,869,584,20,20,0,0,0,3383.0459760274,3383.0459760274,valid,valid,0.105978120096592,0.105978120096592,0,1,0,KnownSignal,2c213cfdf0ac75baccf1976c98459cb527b229a69126f225cc29020e149e4a0e,FB2312-baseline-awake,growing_clean
/Users/zcm361/Documents/Github/OxygenDynamicsV2/reference-validation/surge-shape-evidence-20260909/FB2312-baseline-awake/growing_clean,sink,51,3,278,881,886,881,884,544,20,15,0,5,0,NaN,NaN,insufficient_clean_prebaseline,insufficient_clean_prebaseline,NaN,NaN,NaN,1,0,KnownSignal,2c213cfdf0ac75baccf1976c98459cb527b229a69126f225cc29020e149e4a0e,FB2312-baseline-awake,growing_clean
/Users/zcm361/Documents/Github/OxygenDynamicsV2/reference-validation/surge-shape-evidence-20260909/FB2312-baseline-awake/growing_clean,sink,51,4,279,891,901,896,899,572,20,16,0,4,0,NaN,NaN,insufficient_clean_prebaseline,insufficient_clean_prebaseline,NaN,NaN,NaN,1,0,KnownSignal,2c213cfdf0ac75baccf1976c98459cb527b229a69126f225cc29020e149e4a0e,FB2312-baseline-awake,growing_clean
/Users/zcm361/Documents/Github/OxygenDynamicsV2/reference-validation/surge-shape-evidence-20260909/FB2312-baseline-awake/growing_clean,sink,51,5,280,962,968,962,968,563,20,20,0,0,0,3049.97220248668,3049.97220248668,valid,valid,0.0540204381794587,0.0540204381794587,0,1,0,KnownSignal,2c213cfdf0ac75baccf1976c98459cb527b229a69126f225cc29020e149e4a0e,FB2312-baseline-awake,growing_clean
/Users/zcm361/Documents/Github/OxygenDynamicsV2/reference-validation/surge-shape-evidence-20260909/FB2312-baseline-awake/growing_clean,sink,51,6,281,971,983,971,973,280,20,13,0,7,0,NaN,NaN,insufficient_clean_prebaseline,insufficient_clean_prebaseline,NaN,NaN,NaN,1,0,KnownSignal,2c213cfdf0ac75baccf1976c98459cb527b229a69126f225cc29020e149e4a0e,FB2312-baseline-awake,growing_clean
/Users/zcm361/Documents/Github/OxygenDynamicsV2/reference-validation/surge-shape-evidence-20260909/FB2312-baseline-awake/growing_clean,sink,51,7,282,1078,1086,1079,1081,463,20,20,0,0,0,2953.62246220302,2953.62246220302,valid,valid,0.0795971005183664,0.0795971005183664,0,1,0,KnownSignal,2c213cfdf0ac75baccf1976c98459cb527b229a69126f225cc29020e149e4a0e,FB2312-baseline-awake,growing_clean
/Users/zcm361/Documents/Github/OxygenDynamicsV2/reference-validation/surge-shape-evidence-20260909/FB2312-baseline-awake/growing_clean,sink,51,8,283,1100,1124,1116,1119,896,20,18,0,2,0,NaN,NaN,insufficient_clean_prebaseline,insufficient_clean_prebaseline,NaN,NaN,NaN,1,0,KnownSignal,2c213cfdf0ac75baccf1976c98459cb527b229a69126f225cc29020e149e4a0e,FB2312-baseline-awake,growing_clean
/Users/zcm361/Documents/Github/OxygenDynamicsV2/reference-validation/surge-shape-evidence-20260909/FB2312-baseline-awake/growing_clean,sink,52,1,284,433,457,433,441,984,20,20,0,0,0,4033.85086382114,4033.85086382114,valid,valid,0.0811270248091654,0.0811270248091654,0,1,0,KnownSignal,2c213cfdf0ac75baccf1976c98459cb527b229a69126f225cc29020e149e4a0e,FB2312-baseline-awake,growing_clean
/Users/zcm361/Documents/Github/OxygenDynamicsV2/reference-validation/surge-shape-evidence-20260909/FB2312-baseline-awake/growing_clean,sink,53,1,285,421,454,437,444,330,20,20,0,0,0,3036.53742424242,3036.53742424242,valid,valid,0.0861141829856346,0.0861141829856346,0,1,0,KnownSignal,2c213cfdf0ac75baccf1976c98459cb527b229a69126f225cc29020e149e4a0e,FB2312-baseline-awake,growing_clean
/Users/zcm361/Documents/Github/OxygenDynamicsV2/reference-validation/surge-shape-evidence-20260909/FB2312-baseline-awake/growing_clean,sink,53,2,286,553,566,555,564,457,20,20,0,0,0,3193.73238512035,3193.73238512035,valid,valid,0.107104403133133,0.107104403133133,0,1,0,KnownSignal,2c213cfdf0ac75baccf1976c98459cb527b229a69126f225cc29020e149e4a0e,FB2312-baseline-awake,growing_clean
/Users/zcm361/Documents/Github/OxygenDynamicsV2/reference-validation/surge-shape-evidence-20260909/FB2312-baseline-awake/growing_clean,sink,54,1,287,506,517,515,517,415,20,20,0,0,0,8855.07795180723,8855.07795180723,valid,valid,0.063460789845353,0.063460789845353,0,1,0,KnownSignal,2c213cfdf0ac75baccf1976c98459cb527b229a69126f225cc29020e149e4a0e,FB2312-baseline-awake,growing_clean
/Users/zcm361/Documents/Github/OxygenDynamicsV2/reference-validation/surge-shape-evidence-20260909/FB2312-baseline-awake/growing_clean,sink,54,2,288,522,527,522,524,198,20,17,0,3,0,NaN,NaN,insufficient_clean_prebaseline,insufficient_clean_prebaseline,NaN,NaN,NaN,1,0,KnownSignal,2c213cfdf0ac75baccf1976c98459cb527b229a69126f225cc29020e149e4a0e,FB2312-baseline-awake,growing_clean
/Users/zcm361/Documents/Github/OxygenDynamicsV2/reference-validation/surge-shape-evidence-20260909/FB2312-baseline-awake/growing_clean,sink,55,1,289,552,559,554,558,476,20,20,0,0,0,2109.21397058824,2109.21397058824,valid,valid,0.034327027616973,0.034327027616973,0,1,0,KnownSignal,2c213cfdf0ac75baccf1976c98459cb527b229a69126f225cc29020e149e4a0e,FB2312-baseline-awake,growing_clean
/Users/zcm361/Documents/Github/OxygenDynamicsV2/reference-validation/surge-shape-evidence-20260909/FB2312-baseline-awake/growing_clean,sink,56,1,290,636,659,647,654,632,20,16,0,4,0,NaN,NaN,insufficient_clean_prebaseline,insufficient_clean_prebaseline,NaN,NaN,NaN,1,0,KnownSignal,2c213cfdf0ac75baccf1976c98459cb527b229a69126f225cc29020e149e4a0e,FB2312-baseline-awake,growing_clean
/Users/zcm361/Documents/Github/OxygenDynamicsV2/reference-validation/surge-shape-evidence-20260909/FB2312-baseline-awake/growing_clean,sink,57,1,291,856,870,863,870,1388,20,20,0,0,0,2671.63400576369,2671.63400576369,valid,valid,0.1180054193,0.1180054193,0,1,0,KnownSignal,2c213cfdf0ac75baccf1976c98459cb527b229a69126f225cc29020e149e4a0e,FB2312-baseline-awake,growing_clean
/Users/zcm361/Documents/Github/OxygenDynamicsV2/reference-validation/surge-shape-evidence-20260909/FB2312-baseline-awake/growing_clean,sink,57,2,292,880,886,880,886,471,20,10,0,10,0,NaN,NaN,insufficient_clean_prebaseline,insufficient_clean_prebaseline,NaN,NaN,NaN,1,0,KnownSignal,2c213cfdf0ac75baccf1976c98459cb527b229a69126f225cc29020e149e4a0e,FB2312-baseline-awake,growing_clean
/Users/zcm361/Documents/Github/OxygenDynamicsV2/reference-validation/surge-shape-evidence-20260909/FB2312-baseline-awake/growing_clean,sink,58,1,293,657,672,670,672,156,20,20,0,0,0,3954.62147435897,3954.62147435897,valid,valid,0.0761604059644919,0.0761604059644919,0,1,0,KnownSignal,2c213cfdf0ac75baccf1976c98459cb527b229a69126f225cc29020e149e4a0e,FB2312-baseline-awake,growing_clean
/Users/zcm361/Documents/Github/OxygenDynamicsV2/reference-validation/surge-shape-evidence-20260909/FB2312-baseline-awake/growing_clean,sink,58,2,294,688,696,688,696,230,20,17,0,3,0,NaN,NaN,insufficient_clean_prebaseline,insufficient_clean_prebaseline,NaN,NaN,NaN,1,0,KnownSignal,2c213cfdf0ac75baccf1976c98459cb527b229a69126f225cc29020e149e4a0e,FB2312-baseline-awake,growing_clean
/Users/zcm361/Documents/Github/OxygenDynamicsV2/reference-validation/surge-shape-evidence-20260909/FB2312-baseline-awake/growing_clean,sink,59,1,295,739,755,739,741,390,20,20,0,0,0,4131.86525641026,4131.86525641026,valid,valid,0.0514559001709942,0.0514559001709942,0,1,0,KnownSignal,2c213cfdf0ac75baccf1976c98459cb527b229a69126f225cc29020e149e4a0e,FB2312-baseline-awake,growing_clean
/Users/zcm361/Documents/Github/OxygenDynamicsV2/reference-validation/surge-shape-evidence-20260909/FB2312-baseline-awake/growing_clean,sink,59,2,296,1021,1035,1030,1033,583,20,20,0,0,0,4035.35934819897,4035.35934819897,valid,valid,0.0904995272281117,0.0904995272281117,0,1,0,KnownSignal,2c213cfdf0ac75baccf1976c98459cb527b229a69126f225cc29020e149e4a0e,FB2312-baseline-awake,growing_clean
/Users/zcm361/Documents/Github/OxygenDynamicsV2/reference-validation/surge-shape-evidence-20260909/FB2312-baseline-awake/growing_clean,sink,59,3,297,1145,1163,1159,1162,625,20,20,0,0,0,3424.45664,3424.45664,valid,valid,0.0639939888390587,0.0639939888390587,0,1,0,KnownSignal,2c213cfdf0ac75baccf1976c98459cb527b229a69126f225cc29020e149e4a0e,FB2312-baseline-awake,growing_clean
/Users/zcm361/Documents/Github/OxygenDynamicsV2/reference-validation/surge-shape-evidence-20260909/FB2312-baseline-awake/growing_clean,sink,60,1,298,685,696,692,694,694,20,20,0,0,0,4609.23883285303,4609.23883285303,valid,valid,0.0875868203247661,0.0875868203247661,0,1,0,KnownSignal,2c213cfdf0ac75baccf1976c98459cb527b229a69126f225cc29020e149e4a0e,FB2312-baseline-awake,growing_clean
/Users/zcm361/Documents/Github/OxygenDynamicsV2/reference-validation/surge-shape-evidence-20260909/FB2312-baseline-awake/growing_clean,sink,61,1,299,754,762,756,758,276,20,20,0,0,0,4148.21557971014,4148.21557971014,valid,valid,0.10433899681852,0.10433899681852,0,1,0,KnownSignal,2c213cfdf0ac75baccf1976c98459cb527b229a69126f225cc29020e149e4a0e,FB2312-baseline-awake,growing_clean
/Users/zcm361/Documents/Github/OxygenDynamicsV2/reference-validation/surge-shape-evidence-20260909/FB2312-baseline-awake/growing_clean,sink,62,1,300,765,787,778,780,563,20,20,0,0,0,5421.68126110124,5421.68126110124,valid,valid,0.0979327442473217,0.0979327442473217,0,1,0,KnownSignal,2c213cfdf0ac75baccf1976c98459cb527b229a69126f225cc29020e149e4a0e,FB2312-baseline-awake,growing_clean
/Users/zcm361/Documents/Github/OxygenDynamicsV2/reference-validation/surge-shape-evidence-20260909/FB2312-baseline-awake/growing_clean,sink,62,2,301,910,914,911,914,744,20,20,0,0,0,4972.12963709677,4972.12963709677,valid,valid,0.062698531866247,0.062698531866247,0,1,0,KnownSignal,2c213cfdf0ac75baccf1976c98459cb527b229a69126f225cc29020e149e4a0e,FB2312-baseline-awake,growing_clean
/Users/zcm361/Documents/Github/OxygenDynamicsV2/reference-validation/surge-shape-evidence-20260909/FB2312-baseline-awake/growing_clean,sink,62,3,302,918,922,918,922,961,20,16,0,4,0,NaN,NaN,insufficient_clean_prebaseline,insufficient_clean_prebaseline,NaN,NaN,NaN,1,0,KnownSignal,2c213cfdf0ac75baccf1976c98459cb527b229a69126f225cc29020e149e4a0e,FB2312-baseline-awake,growing_clean
/Users/zcm361/Documents/Github/OxygenDynamicsV2/reference-validation/surge-shape-evidence-20260909/FB2312-baseline-awake/growing_clean,sink,62,4,303,929,935,929,932,528,20,11,0,9,0,NaN,NaN,insufficient_clean_prebaseline,insufficient_clean_prebaseline,NaN,NaN,NaN,1,0,KnownSignal,2c213cfdf0ac75baccf1976c98459cb527b229a69126f225cc29020e149e4a0e,FB2312-baseline-awake,growing_clean
/Users/zcm361/Documents/Github/OxygenDynamicsV2/reference-validation/surge-shape-evidence-20260909/FB2312-baseline-awake/growing_clean,sink,63,1,304,795,819,797,810,883,20,20,0,0,0,3242.9530011325,3242.9530011325,valid,valid,0.128739290961934,0.128739290961934,0,1,0,KnownSignal,2c213cfdf0ac75baccf1976c98459cb527b229a69126f225cc29020e149e4a0e,FB2312-baseline-awake,growing_clean
/Users/zcm361/Documents/Github/OxygenDynamicsV2/reference-validation/surge-shape-evidence-20260909/FB2312-baseline-awake/growing_clean,sink,63,2,305,855,869,860,862,227,20,20,0,0,0,2709.2577092511,2709.2577092511,valid,valid,0.0865908457133844,0.0865908457133844,0,1,0,KnownSignal,2c213cfdf0ac75baccf1976c98459cb527b229a69126f225cc29020e149e4a0e,FB2312-baseline-awake,growing_clean
/Users/zcm361/Documents/Github/OxygenDynamicsV2/reference-validation/surge-shape-evidence-20260909/FB2312-baseline-awake/growing_clean,sink,63,3,306,1144,1163,1161,1163,408,20,20,0,0,0,3214.08125,3214.08125,valid,valid,0.0886731841727558,0.0886731841727558,0,1,0,KnownSignal,2c213cfdf0ac75baccf1976c98459cb527b229a69126f225cc29020e149e4a0e,FB2312-baseline-awake,growing_clean
/Users/zcm361/Documents/Github/OxygenDynamicsV2/reference-validation/surge-shape-evidence-20260909/FB2312-baseline-awake/growing_clean,sink,63,4,307,1169,1178,1169,1173,574,20,17,0,3,0,NaN,NaN,insufficient_clean_prebaseline,insufficient_clean_prebaseline,NaN,NaN,NaN,1,0,KnownSignal,2c213cfdf0ac75baccf1976c98459cb527b229a69126f225cc29020e149e4a0e,FB2312-baseline-awake,growing_clean
/Users/zcm361/Documents/Github/OxygenDynamicsV2/reference-validation/surge-shape-evidence-20260909/FB2312-baseline-awake/growing_clean,sink,64,1,308,859,861,859,861,519,20,20,0,0,0,2747.94470134875,2747.94470134875,valid,valid,0.0549496688118562,0.0549496688118562,0,1,0,KnownSignal,2c213cfdf0ac75baccf1976c98459cb527b229a69126f225cc29020e149e4a0e,FB2312-baseline-awake,growing_clean
/Users/zcm361/Documents/Github/OxygenDynamicsV2/reference-validation/surge-shape-evidence-20260909/FB2312-baseline-awake/growing_clean,sink,65,1,309,917,922,920,922,380,20,20,0,0,0,3773.27118421053,3773.27118421053,valid,valid,0.116707369052701,0.116707369052701,0,1,0,KnownSignal,2c213cfdf0ac75baccf1976c98459cb527b229a69126f225cc29020e149e4a0e,FB2312-baseline-awake,growing_clean
/Users/zcm361/Documents/Github/OxygenDynamicsV2/reference-validation/surge-shape-evidence-20260909/FB2312-baseline-awake/growing_clean,sink,65,2,310,928,933,928,933,544,20,17,0,3,0,NaN,NaN,insufficient_clean_prebaseline,insufficient_clean_prebaseline,NaN,NaN,NaN,1,0,KnownSignal,2c213cfdf0ac75baccf1976c98459cb527b229a69126f225cc29020e149e4a0e,FB2312-baseline-awake,growing_clean
/Users/zcm361/Documents/Github/OxygenDynamicsV2/reference-validation/surge-shape-evidence-20260909/FB2312-baseline-awake/growing_clean,sink,65,3,311,938,959,938,940,389,20,11,0,9,0,NaN,NaN,insufficient_clean_prebaseline,insufficient_clean_prebaseline,NaN,NaN,NaN,1,0,KnownSignal,2c213cfdf0ac75baccf1976c98459cb527b229a69126f225cc29020e149e4a0e,FB2312-baseline-awake,growing_clean
/Users/zcm361/Documents/Github/OxygenDynamicsV2/reference-validation/surge-shape-evidence-20260909/FB2312-baseline-awake/growing_clean,sink,65,4,312,1027,1036,1032,1036,559,20,20,0,0,0,3318.39677996422,3318.39677996422,valid,valid,0.117682321538334,0.117682321538334,0,1,0,KnownSignal,2c213cfdf0ac75baccf1976c98459cb527b229a69126f225cc29020e149e4a0e,FB2312-baseline-awake,growing_clean
/Users/zcm361/Documents/Github/OxygenDynamicsV2/reference-validation/surge-shape-evidence-20260909/FB2312-baseline-awake/growing_clean,sink,65,5,313,1040,1053,1040,1049,528,20,15,0,5,0,NaN,NaN,insufficient_clean_prebaseline,insufficient_clean_prebaseline,NaN,NaN,NaN,1,0,KnownSignal,2c213cfdf0ac75baccf1976c98459cb527b229a69126f225cc29020e149e4a0e,FB2312-baseline-awake,growing_clean
/Users/zcm361/Documents/Github/OxygenDynamicsV2/reference-validation/surge-shape-evidence-20260909/FB2312-baseline-awake/growing_clean,sink,65,6,314,1099,1122,1108,1110,397,20,20,0,0,0,3349.90478589421,3349.90478589421,valid,valid,0.0758795956605256,0.0758795956605256,0,1,0,KnownSignal,2c213cfdf0ac75baccf1976c98459cb527b229a69126f225cc29020e149e4a0e,FB2312-baseline-awake,growing_clean
/Users/zcm361/Documents/Github/OxygenDynamicsV2/reference-validation/surge-shape-evidence-20260909/FB2312-baseline-awake/growing_clean,sink,66,1,315,936,940,938,940,362,20,20,0,0,0,2627.4861878453,2627.4861878453,valid,valid,0.0611207485675235,0.0611207485675235,0,1,0,KnownSignal,2c213cfdf0ac75baccf1976c98459cb527b229a69126f225cc29020e149e4a0e,FB2312-baseline-awake,growing_clean
/Users/zcm361/Documents/Github/OxygenDynamicsV2/reference-validation/surge-shape-evidence-20260909/FB2312-baseline-awake/growing_clean,sink,67,1,316,1080,1086,1081,1085,1121,20,20,0,0,0,6047.08198037467,6047.08198037467,valid,valid,0.0733213027496738,0.0733213027496738,0,1,0,KnownSignal,2c213cfdf0ac75baccf1976c98459cb527b229a69126f225cc29020e149e4a0e,FB2312-baseline-awake,growing_clean
/Users/zcm361/Documents/Github/OxygenDynamicsV2/reference-validation/surge-shape-evidence-20260909/FB2312-baseline-awake/growing_clean,sink,68,1,317,1098,1125,1105,1107,430,20,20,0,0,0,4031.01953488372,4031.01953488372,valid,valid,0.0755203946326924,0.0755203946326924,0,1,0,KnownSignal,2c213cfdf0ac75baccf1976c98459cb527b229a69126f225cc29020e149e4a0e,FB2312-baseline-awake,growing_clean
/Users/zcm361/Documents/Github/OxygenDynamicsV2/reference-validation/surge-shape-evidence-20260909/FB2312-baseline-awake/growing_clean,surge,1,1,1,1,18,1,18,16095,20,0,1,0,0,NaN,NaN,insufficient_clean_prebaseline,insufficient_clean_prebaseline,NaN,NaN,NaN,1,0,KnownSignal,2c213cfdf0ac75baccf1976c98459cb527b229a69126f225cc29020e149e4a0e,FB2312-baseline-awake,growing_clean
/Users/zcm361/Documents/Github/OxygenDynamicsV2/reference-validation/surge-shape-evidence-20260909/FB2312-baseline-awake/growing_clean,surge,1,2,2,204,213,204,213,16045,20,20,0,0,0,607.921607977563,607.921607977563,valid,valid,0.0031989412618622,0.0031989412618622,0,1,0,KnownSignal,2c213cfdf0ac75baccf1976c98459cb527b229a69126f225cc29020e149e4a0e,FB2312-baseline-awake,growing_clean
/Users/zcm361/Documents/Github/OxygenDynamicsV2/reference-validation/surge-shape-evidence-20260909/FB2312-baseline-awake/growing_clean,surge,1,3,3,402,413,402,413,17731,20,20,0,0,0,662.960986407986,662.960986407986,valid,valid,-0.00236838296680915,-0.00236838296680915,0,1,1,KnownSignal,2c213cfdf0ac75baccf1976c98459cb527b229a69126f225cc29020e149e4a0e,FB2312-baseline-awake,growing_clean
/Users/zcm361/Documents/Github/OxygenDynamicsV2/reference-validation/surge-shape-evidence-20260909/FB2312-baseline-awake/growing_clean,surge,1,4,4,471,490,471,490,17875,20,20,0,0,0,678.295502097902,678.295502097902,valid,valid,0.00107368267019557,0.00107368267019557,0,1,0,KnownSignal,2c213cfdf0ac75baccf1976c98459cb527b229a69126f225cc29020e149e4a0e,FB2312-baseline-awake,growing_clean
/Users/zcm361/Documents/Github/OxygenDynamicsV2/reference-validation/surge-shape-evidence-20260909/FB2312-baseline-awake/growing_clean,surge,1,5,5,494,503,494,503,17668,20,3,0,17,0,NaN,NaN,insufficient_clean_prebaseline,insufficient_clean_prebaseline,NaN,NaN,NaN,1,0,KnownSignal,2c213cfdf0ac75baccf1976c98459cb527b229a69126f225cc29020e149e4a0e,FB2312-baseline-awake,growing_clean
/Users/zcm361/Documents/Github/OxygenDynamicsV2/reference-validation/surge-shape-evidence-20260909/FB2312-baseline-awake/growing_clean,surge,1,6,6,531,552,531,552,16926,20,20,0,0,0,648.033531253692,648.033531253692,valid,valid,0.00729640396595004,0.00729640396595004,0,1,0,KnownSignal,2c213cfdf0ac75baccf1976c98459cb527b229a69126f225cc29020e149e4a0e,FB2312-baseline-awake,growing_clean
/Users/zcm361/Documents/Github/OxygenDynamicsV2/reference-validation/surge-shape-evidence-20260909/FB2312-baseline-awake/growing_clean,surge,1,7,7,641,650,641,650,16195,20,20,0,0,0,654.124439641865,654.124439641865,valid,valid,-0.00647368733109602,-0.00647368733109602,0,1,1,KnownSignal,2c213cfdf0ac75baccf1976c98459cb527b229a69126f225cc29020e149e4a0e,FB2312-baseline-awake,growing_clean
/Users/zcm361/Documents/Github/OxygenDynamicsV2/reference-validation/surge-shape-evidence-20260909/FB2312-baseline-awake/growing_clean,surge,2,1,8,1,23,1,23,12521,20,0,1,0,0,NaN,NaN,insufficient_clean_prebaseline,insufficient_clean_prebaseline,NaN,NaN,NaN,1,0,KnownSignal,2c213cfdf0ac75baccf1976c98459cb527b229a69126f225cc29020e149e4a0e,FB2312-baseline-awake,growing_clean
/Users/zcm361/Documents/Github/OxygenDynamicsV2/reference-validation/surge-shape-evidence-20260909/FB2312-baseline-awake/growing_clean,surge,2,2,9,204,214,204,214,12451,20,20,0,0,0,542.945128905309,542.945128905309,valid,valid,0.0059162660898483,0.0059162660898483,0,1,0,KnownSignal,2c213cfdf0ac75baccf1976c98459cb527b229a69126f225cc29020e149e4a0e,FB2312-baseline-awake,growing_clean
/Users/zcm361/Documents/Github/OxygenDynamicsV2/reference-validation/surge-shape-evidence-20260909/FB2312-baseline-awake/growing_clean,surge,2,3,10,324,333,324,333,11778,20,20,0,0,0,557.717277975887,557.717277975887,valid,valid,0.00605726095144298,0.00605726095144298,0,1,0,KnownSignal,2c213cfdf0ac75baccf1976c98459cb527b229a69126f225cc29020e149e4a0e,FB2312-baseline-awake,growing_clean
/Users/zcm361/Documents/Github/OxygenDynamicsV2/reference-validation/surge-shape-evidence-20260909/FB2312-baseline-awake/growing_clean,surge,2,4,11,402,412,402,412,12871,20,20,0,0,0,580.428509828296,580.428509828296,valid,valid,-0.00594581199191849,-0.00594581199191849,0,1,1,KnownSignal,2c213cfdf0ac75baccf1976c98459cb527b229a69126f225cc29020e149e4a0e,FB2312-baseline-awake,growing_clean
/Users/zcm361/Documents/Github/OxygenDynamicsV2/reference-validation/surge-shape-evidence-20260909/FB2312-baseline-awake/growing_clean,surge,2,5,12,471,490,471,490,12518,20,20,0,0,0,584.229102092986,584.229102092986,valid,valid,-0.0132283432999291,-0.0132283432999291,0,1,1,KnownSignal,2c213cfdf0ac75baccf1976c98459cb527b229a69126f225cc29020e149e4a0e,FB2312-baseline-awake,growing_clean
/Users/zcm361/Documents/Github/OxygenDynamicsV2/reference-validation/surge-shape-evidence-20260909/FB2312-baseline-awake/growing_clean,surge,2,6,13,494,503,494,503,11519,20,3,0,17,0,NaN,NaN,insufficient_clean_prebaseline,insufficient_clean_prebaseline,NaN,NaN,NaN,1,0,KnownSignal,2c213cfdf0ac75baccf1976c98459cb527b229a69126f225cc29020e149e4a0e,FB2312-baseline-awake,growing_clean
/Users/zcm361/Documents/Github/OxygenDynamicsV2/reference-validation/surge-shape-evidence-20260909/FB2312-baseline-awake/growing_clean,surge,2,7,14,531,552,531,552,12402,20,20,0,0,0,583.94924608934,583.94924608934,valid,valid,0.00305081846300793,0.00305081846300793,0,1,0,KnownSignal,2c213cfdf0ac75baccf1976c98459cb527b229a69126f225cc29020e149e4a0e,FB2312-baseline-awake,growing_clean
/Users/zcm361/Documents/Github/OxygenDynamicsV2/reference-validation/surge-shape-evidence-20260909/FB2312-baseline-awake/growing_clean,surge,2,8,15,641,650,641,650,13181,20,20,0,0,0,596.267783172749,596.267783172749,valid,valid,-0.0121562181995277,-0.0121562181995277,0,1,1,KnownSignal,2c213cfdf0ac75baccf1976c98459cb527b229a69126f225cc29020e149e4a0e,FB2312-baseline-awake,growing_clean
/Users/zcm361/Documents/Github/OxygenDynamicsV2/reference-validation/surge-shape-evidence-20260909/FB2312-baseline-awake/growing_clean,surge,2,9,16,684,695,684,695,11525,20,20,0,0,0,573.86168329718,573.86168329718,valid,valid,0.00069281359476847,0.00069281359476847,0,1,0,KnownSignal,2c213cfdf0ac75baccf1976c98459cb527b229a69126f225cc29020e149e4a0e,FB2312-baseline-awake,growing_clean
/Users/zcm361/Documents/Github/OxygenDynamicsV2/reference-validation/surge-shape-evidence-20260909/FB2312-baseline-awake/growing_clean,surge,3,1,17,24,53,24,53,8465,20,20,0,0,0,1589.4171234495,1589.4171234495,valid,valid,0.176995200598061,0.176995200598061,0,1,0,KnownSignal,2c213cfdf0ac75baccf1976c98459cb527b229a69126f225cc29020e149e4a0e,FB2312-baseline-awake,growing_clean
/Users/zcm361/Documents/Github/OxygenDynamicsV2/reference-validation/surge-shape-evidence-20260909/FB2312-baseline-awake/growing_clean,surge,4,1,18,37,46,37,46,18914,20,19,0,1,0,NaN,NaN,insufficient_clean_prebaseline,insufficient_clean_prebaseline,NaN,NaN,NaN,1,0,KnownSignal,2c213cfdf0ac75baccf1976c98459cb527b229a69126f225cc29020e149e4a0e,FB2312-baseline-awake,growing_clean
/Users/zcm361/Documents/Github/OxygenDynamicsV2/reference-validation/surge-shape-evidence-20260909/FB2312-baseline-awake/growing_clean,surge,5,1,19,51,63,51,63,27002,20,7,0,13,0,NaN,NaN,insufficient_clean_prebaseline,insufficient_clean_prebaseline,NaN,NaN,NaN,1,0,KnownSignal,2c213cfdf0ac75baccf1976c98459cb527b229a69126f225cc29020e149e4a0e,FB2312-baseline-awake,growing_clean
/Users/zcm361/Documents/Github/OxygenDynamicsV2/reference-validation/surge-shape-evidence-20260909/FB2312-baseline-awake/growing_clean,surge,6,1,20,133,143,133,143,16406,20,20,0,0,0,5011.32940387663,5011.32940387663,valid,valid,0.103870235505943,0.103870235505943,0,1,0,KnownSignal,2c213cfdf0ac75baccf1976c98459cb527b229a69126f225cc29020e149e4a0e,FB2312-baseline-awake,growing_clean
/Users/zcm361/Documents/Github/OxygenDynamicsV2/reference-validation/surge-shape-evidence-20260909/FB2312-baseline-awake/growing_clean,surge,7,1,21,251,265,251,265,16731,20,20,0,0,0,5571.34457593688,5571.34457593688,valid,valid,0.156550334681372,0.156550334681372,0,1,0,KnownSignal,2c213cfdf0ac75baccf1976c98459cb527b229a69126f225cc29020e149e4a0e,FB2312-baseline-awake,growing_clean
/Users/zcm361/Documents/Github/OxygenDynamicsV2/reference-validation/surge-shape-evidence-20260909/FB2312-baseline-awake/growing_clean,surge,7,2,22,355,370,355,370,17563,20,20,0,0,0,5971.41309286568,5971.41309286568,valid,valid,0.144216057171552,0.144216057171552,0,1,0,KnownSignal,2c213cfdf0ac75baccf1976c98459cb527b229a69126f225cc29020e149e4a0e,FB2312-baseline-awake,growing_clean
/Users/zcm361/Documents/Github/OxygenDynamicsV2/reference-validation/surge-shape-evidence-20260909/FB2312-baseline-awake/growing_clean,surge,7,3,23,372,389,372,389,15485,20,4,0,16,0,NaN,NaN,insufficient_clean_prebaseline,insufficient_clean_prebaseline,NaN,NaN,NaN,1,0,KnownSignal,2c213cfdf0ac75baccf1976c98459cb527b229a69126f225cc29020e149e4a0e,FB2312-baseline-awake,growing_clean
/Users/zcm361/Documents/Github/OxygenDynamicsV2/reference-validation/surge-shape-evidence-20260909/FB2312-baseline-awake/growing_clean,surge,8,1,24,358,369,358,369,5527,20,10,0,10,0,NaN,NaN,insufficient_clean_prebaseline,insufficient_clean_prebaseline,NaN,NaN,NaN,1,0,KnownSignal,2c213cfdf0ac75baccf1976c98459cb527b229a69126f225cc29020e149e4a0e,FB2312-baseline-awake,growing_clean
/Users/zcm361/Documents/Github/OxygenDynamicsV2/reference-validation/surge-shape-evidence-20260909/FB2312-baseline-awake/growing_clean,surge,9,1,25,366,378,366,378,4242,20,20,0,0,0,5754.19872701556,5754.19872701556,valid,valid,0.0668845998971459,0.0668845998971459,0,1,0,KnownSignal,2c213cfdf0ac75baccf1976c98459cb527b229a69126f225cc29020e149e4a0e,FB2312-baseline-awake,growing_clean
/Users/zcm361/Documents/Github/OxygenDynamicsV2/reference-validation/surge-shape-evidence-20260909/FB2312-baseline-awake/growing_clean,surge,9,2,26,380,398,380,398,4190,20,7,0,13,0,NaN,NaN,insufficient_clean_prebaseline,insufficient_clean_prebaseline,NaN,NaN,NaN,1,0,KnownSignal,2c213cfdf0ac75baccf1976c98459cb527b229a69126f225cc29020e149e4a0e,FB2312-baseline-awake,growing_clean
/Users/zcm361/Documents/Github/OxygenDynamicsV2/reference-validation/surge-shape-evidence-20260909/FB2312-baseline-awake/growing_clean,surge,10,1,27,378,398,378,398,6677,20,20,0,0,0,3987.00922570016,3987.00922570016,valid,valid,0.0183055719006787,0.0183055719006787,0,1,0,KnownSignal,2c213cfdf0ac75baccf1976c98459cb527b229a69126f225cc29020e149e4a0e,FB2312-baseline-awake,growing_clean
/Users/zcm361/Documents/Github/OxygenDynamicsV2/reference-validation/surge-shape-evidence-20260909/FB2312-baseline-awake/growing_clean,surge,10,2,28,512,523,512,523,8911,20,20,0,0,0,4355.06996408933,4355.06996408933,valid,valid,0.0876156992716286,0.0876156992716286,0,1,0,KnownSignal,2c213cfdf0ac75baccf1976c98459cb527b229a69126f225cc29020e149e4a0e,FB2312-baseline-awake,growing_clean
/Users/zcm361/Documents/Github/OxygenDynamicsV2/reference-validation/surge-shape-evidence-20260909/FB2312-baseline-awake/growing_clean,surge,11,1,29,438,452,438,452,10078,20,13,0,7,0,NaN,NaN,insufficient_clean_prebaseline,insufficient_clean_prebaseline,NaN,NaN,NaN,1,0,KnownSignal,2c213cfdf0ac75baccf1976c98459cb527b229a69126f225cc29020e149e4a0e,FB2312-baseline-awake,growing_clean
/Users/zcm361/Documents/Github/OxygenDynamicsV2/reference-validation/surge-shape-evidence-20260909/FB2312-baseline-awake/growing_clean,surge,11,2,30,516,527,516,527,9673,20,20,0,0,0,2479.23926909956,2479.23926909956,valid,valid,0.133008336244079,0.133008336244079,0,1,0,KnownSignal,2c213cfdf0ac75baccf1976c98459cb527b229a69126f225cc29020e149e4a0e,FB2312-baseline-awake,growing_clean
/Users/zcm361/Documents/Github/OxygenDynamicsV2/reference-validation/surge-shape-evidence-20260909/FB2312-baseline-awake/growing_clean,surge,12,1,31,449,458,449,458,12278,20,18,0,2,0,NaN,NaN,insufficient_clean_prebaseline,insufficient_clean_prebaseline,NaN,NaN,NaN,1,0,KnownSignal,2c213cfdf0ac75baccf1976c98459cb527b229a69126f225cc29020e149e4a0e,FB2312-baseline-awake,growing_clean
/Users/zcm361/Documents/Github/OxygenDynamicsV2/reference-validation/surge-shape-evidence-20260909/FB2312-baseline-awake/growing_clean,surge,13,1,32,616,630,616,630,12745,20,20,0,0,0,3916.7332051785,3916.7332051785,valid,valid,0.0957234083959616,0.0957234083959616,0,1,0,KnownSignal,2c213cfdf0ac75baccf1976c98459cb527b229a69126f225cc29020e149e4a0e,FB2312-baseline-awake,growing_clean
/Users/zcm361/Documents/Github/OxygenDynamicsV2/reference-validation/surge-shape-evidence-20260909/FB2312-baseline-awake/growing_clean,surge,13,2,33,824,834,824,834,18149,20,20,0,0,0,3539.5557275883,3539.5557275883,valid,valid,0.100250693667393,0.100250693667393,0,1,0,KnownSignal,2c213cfdf0ac75baccf1976c98459cb527b229a69126f225cc29020e149e4a0e,FB2312-baseline-awake,growing_clean
/Users/zcm361/Documents/Github/OxygenDynamicsV2/reference-validation/surge-shape-evidence-20260909/FB2312-baseline-awake/growing_clean,surge,14,1,34,621,631,621,631,4988,20,20,0,0,0,5049.06455493184,5049.06455493184,valid,valid,0.0510424291159873,0.0510424291159873,0,1,0,KnownSignal,2c213cfdf0ac75baccf1976c98459cb527b229a69126f225cc29020e149e4a0e,FB2312-baseline-awake,growing_clean
/Users/zcm361/Documents/Github/OxygenDynamicsV2/reference-validation/surge-shape-evidence-20260909/FB2312-baseline-awake/growing_clean,surge,14,2,35,819,835,819,835,4281,20,20,0,0,0,4489.5641322121,4489.5641322121,valid,valid,0.089886876461806,0.089886876461806,0,1,0,KnownSignal,2c213cfdf0ac75baccf1976c98459cb527b229a69126f225cc29020e149e4a0e,FB2312-baseline-awake,growing_clean
/Users/zcm361/Documents/Github/OxygenDynamicsV2/reference-validation/surge-shape-evidence-20260909/FB2312-baseline-awake/growing_clean,surge,15,1,36,661,676,661,676,25237,20,3,0,17,0,NaN,NaN,insufficient_clean_prebaseline,insufficient_clean_prebaseline,NaN,NaN,NaN,1,0,KnownSignal,2c213cfdf0ac75baccf1976c98459cb527b229a69126f225cc29020e149e4a0e,FB2312-baseline-awake,growing_clean
/Users/zcm361/Documents/Github/OxygenDynamicsV2/reference-validation/surge-shape-evidence-20260909/FB2312-baseline-awake/growing_clean,surge,16,1,37,730,739,730,739,11696,20,20,0,0,0,4787.02673991108,4787.02673991108,valid,valid,0.0780427976339793,0.0780427976339793,0,1,0,KnownSignal,2c213cfdf0ac75baccf1976c98459cb527b229a69126f225cc29020e149e4a0e,FB2312-baseline-awake,growing_clean
/Users/zcm361/Documents/Github/OxygenDynamicsV2/reference-validation/surge-shape-evidence-20260909/FB2312-baseline-awake/growing_clean,surge,17,1,38,824,833,824,833,9568,20,20,0,0,0,2643.17405936455,2643.17405936455,valid,valid,0.0977781895716792,0.0977781895716792,0,1,0,KnownSignal,2c213cfdf0ac75baccf1976c98459cb527b229a69126f225cc29020e149e4a0e,FB2312-baseline-awake,growing_clean
/Users/zcm361/Documents/Github/OxygenDynamicsV2/reference-validation/surge-shape-evidence-20260909/FB2312-baseline-awake/growing_clean,surge,18,1,39,854,867,854,867,13601,20,12,0,8,0,NaN,NaN,insufficient_clean_prebaseline,insufficient_clean_prebaseline,NaN,NaN,NaN,1,0,KnownSignal,2c213cfdf0ac75baccf1976c98459cb527b229a69126f225cc29020e149e4a0e,FB2312-baseline-awake,growing_clean
/Users/zcm361/Documents/Github/OxygenDynamicsV2/reference-validation/surge-shape-evidence-20260909/FB2312-baseline-awake/growing_clean,surge,19,1,40,938,947,938,947,9757,20,20,0,0,0,5551.95444808855,5551.95444808855,valid,valid,0.0350171637169827,0.0350171637169827,0,1,0,KnownSignal,2c213cfdf0ac75baccf1976c98459cb527b229a69126f225cc29020e149e4a0e,FB2312-baseline-awake,growing_clean
/Users/zcm361/Documents/Github/OxygenDynamicsV2/reference-validation/surge-shape-evidence-20260909/FB2312-baseline-awake/shrinking_clean,sink,1,1,1,1,15,1,15,830,20,0,1,0,0,NaN,NaN,insufficient_clean_prebaseline,insufficient_clean_prebaseline,NaN,NaN,NaN,1,0,KnownSignal,a097d288340034ee9ef7b8aee7576865a13054f76c869956d371958767f5266c,FB2312-baseline-awake,shrinking_clean
/Users/zcm361/Documents/Github/OxygenDynamicsV2/reference-validation/surge-shape-evidence-20260909/FB2312-baseline-awake/shrinking_clean,sink,1,2,2,19,22,19,21,947,20,3,1,15,0,NaN,NaN,insufficient_clean_prebaseline,insufficient_clean_prebaseline,NaN,NaN,NaN,1,0,KnownSignal,a097d288340034ee9ef7b8aee7576865a13054f76c869956d371958767f5266c,FB2312-baseline-awake,shrinking_clean
/Users/zcm361/Documents/Github/OxygenDynamicsV2/reference-validation/surge-shape-evidence-20260909/FB2312-baseline-awake/shrinking_clean,sink,1,3,3,26,28,26,28,242,20,13,0,7,0,NaN,NaN,insufficient_clean_prebaseline,insufficient_clean_prebaseline,NaN,NaN,NaN,1,0,KnownSignal,a097d288340034ee9ef7b8aee7576865a13054f76c869956d371958767f5266c,FB2312-baseline-awake,shrinking_clean
/Users/zcm361/Documents/Github/OxygenDynamicsV2/reference-validation/surge-shape-evidence-20260909/FB2312-baseline-awake/shrinking_clean,sink,1,4,4,298,313,306,310,793,20,20,0,0,0,4776.48240857503,4776.48240857503,valid,valid,0.140047910494,0.140047910494,0,1,0,KnownSignal,a097d288340034ee9ef7b8aee7576865a13054f76c869956d371958767f5266c,FB2312-baseline-awake,shrinking_clean
/Users/zcm361/Documents/Github/OxygenDynamicsV2/reference-validation/surge-shape-evidence-20260909/FB2312-baseline-awake/shrinking_clean,sink,1,5,5,367,374,370,374,1042,20,20,0,0,0,5574.00849328215,5574.00849328215,valid,valid,0.16711334759045,0.16711334759045,0,1,0,KnownSignal,a097d288340034ee9ef7b8aee7576865a13054f76c869956d371958767f5266c,FB2312-baseline-awake,shrinking_clean
/Users/zcm361/Documents/Github/OxygenDynamicsV2/reference-validation/surge-shape-evidence-20260909/FB2312-baseline-awake/shrinking_clean,sink,1,6,6,469,482,480,482,339,20,20,0,0,0,5792.25707964602,5792.25707964602,valid,valid,0.246664432476649,0.246664432476649,0,1,0,KnownSignal,a097d288340034ee9ef7b8aee7576865a13054f76c869956d371958767f5266c,FB2312-baseline-awake,shrinking_clean
/Users/zcm361/Documents/Github/OxygenDynamicsV2/reference-validation/surge-shape-evidence-20260909/FB2312-baseline-awake/shrinking_clean,sink,1,7,7,487,490,487,490,173,20,20,0,0,0,5303.34277456647,5303.34277456647,valid,valid,0.183464066670568,0.183464066670568,0,1,0,KnownSignal,a097d288340034ee9ef7b8aee7576865a13054f76c869956d371958767f5266c,FB2312-baseline-awake,shrinking_clean
/Users/zcm361/Documents/Github/OxygenDynamicsV2/reference-validation/surge-shape-evidence-20260909/FB2312-baseline-awake/shrinking_clean,sink,1,8,8,516,520,516,520,256,20,20,0,0,0,5044.787109375,5044.787109375,valid,valid,0.0273383222393475,0.0273383222393475,0,1,0,KnownSignal,a097d288340034ee9ef7b8aee7576865a13054f76c869956d371958767f5266c,FB2312-baseline-awake,shrinking_clean
/Users/zcm361/Documents/Github/OxygenDynamicsV2/reference-validation/surge-shape-evidence-20260909/FB2312-baseline-awake/shrinking_clean,sink,1,9,9,528,540,529,540,2536,20,15,0,5,0,NaN,NaN,insufficient_clean_prebaseline,insufficient_clean_prebaseline,NaN,NaN,NaN,1,0,KnownSignal,a097d288340034ee9ef7b8aee7576865a13054f76c869956d371958767f5266c,FB2312-baseline-awake,shrinking_clean
/Users/zcm361/Documents/Github/OxygenDynamicsV2/reference-validation/surge-shape-evidence-20260909/FB2312-baseline-awake/shrinking_clean,sink,1,10,10,545,552,545,548,671,20,8,0,12,0,NaN,NaN,insufficient_clean_prebaseline,insufficient_clean_prebaseline,NaN,NaN,NaN,1,0,KnownSignal,a097d288340034ee9ef7b8aee7576865a13054f76c869956d371958767f5266c,FB2312-baseline-awake,shrinking_clean
/Users/zcm361/Documents/Github/OxygenDynamicsV2/reference-validation/surge-shape-evidence-20260909/FB2312-baseline-awake/shrinking_clean,sink,1,11,11,577,582,578,582,1187,20,20,0,0,0,6190.40105307498,6190.40105307498,valid,valid,0.14214169706624,0.14214169706624,0,1,0,KnownSignal,a097d288340034ee9ef7b8aee7576865a13054f76c869956d371958767f5266c,FB2312-baseline-awake,shrinking_clean
/Users/zcm361/Documents/Github/OxygenDynamicsV2/reference-validation/surge-shape-evidence-20260909/FB2312-baseline-awake/shrinking_clean,sink,1,12,12,585,594,585,594,2841,20,15,0,5,0,NaN,NaN,insufficient_clean_prebaseline,insufficient_clean_prebaseline,NaN,NaN,NaN,1,0,KnownSignal,a097d288340034ee9ef7b8aee7576865a13054f76c869956d371958767f5266c,FB2312-baseline-awake,shrinking_clean
/Users/zcm361/Documents/Github/OxygenDynamicsV2/reference-validation/surge-shape-evidence-20260909/FB2312-baseline-awake/shrinking_clean,sink,1,13,13,598,604,598,604,2870,20,5,0,15,0,NaN,NaN,insufficient_clean_prebaseline,insufficient_clean_prebaseline,NaN,NaN,NaN,1,0,KnownSignal,a097d288340034ee9ef7b8aee7576865a13054f76c869956d371958767f5266c,FB2312-baseline-awake,shrinking_clean
/Users/zcm361/Documents/Github/OxygenDynamicsV2/reference-validation/surge-shape-evidence-20260909/FB2312-baseline-awake/shrinking_clean,sink,1,14,14,609,616,609,616,2593,20,7,0,13,0,NaN,NaN,insufficient_clean_prebaseline,insufficient_clean_prebaseline,NaN,NaN,NaN,1,0,KnownSignal,a097d288340034ee9ef7b8aee7576865a13054f76c869956d371958767f5266c,FB2312-baseline-awake,shrinking_clean
/Users/zcm361/Documents/Github/OxygenDynamicsV2/reference-validation/surge-shape-evidence-20260909/FB2312-baseline-awake/shrinking_clean,sink,1,15,15,625,633,628,633,1837,20,12,0,8,0,NaN,NaN,insufficient_clean_prebaseline,insufficient_clean_prebaseline,NaN,NaN,NaN,1,0,KnownSignal,a097d288340034ee9ef7b8aee7576865a13054f76c869956d371958767f5266c,FB2312-baseline-awake,shrinking_clean
/Users/zcm361/Documents/Github/OxygenDynamicsV2/reference-validation/surge-shape-evidence-20260909/FB2312-baseline-awake/shrinking_clean,sink,1,16,16,640,646,640,646,641,20,15,0,5,0,NaN,NaN,insufficient_clean_prebaseline,insufficient_clean_prebaseline,NaN,NaN,NaN,1,0,KnownSignal,a097d288340034ee9ef7b8aee7576865a13054f76c869956d371958767f5266c,FB2312-baseline-awake,shrinking_clean
/Users/zcm361/Documents/Github/OxygenDynamicsV2/reference-validation/surge-shape-evidence-20260909/FB2312-baseline-awake/shrinking_clean,sink,1,17,17,649,653,649,651,267,20,9,0,11,0,NaN,NaN,insufficient_clean_prebaseline,insufficient_clean_prebaseline,NaN,NaN,NaN,1,0,KnownSignal,a097d288340034ee9ef7b8aee7576865a13054f76c869956d371958767f5266c,FB2312-baseline-awake,shrinking_clean
/Users/zcm361/Documents/Github/OxygenDynamicsV2/reference-validation/surge-shape-evidence-20260909/FB2312-baseline-awake/shrinking_clean,sink,1,18,18,774,786,776,779,709,20,20,0,0,0,5268.51544428773,5268.51544428773,valid,valid,0.0622634400708288,0.0622634400708288,0,1,0,KnownSignal,a097d288340034ee9ef7b8aee7576865a13054f76c869956d371958767f5266c,FB2312-baseline-awake,shrinking_clean
/Users/zcm361/Documents/Github/OxygenDynamicsV2/reference-validation/surge-shape-evidence-20260909/FB2312-baseline-awake/shrinking_clean,sink,1,19,19,929,935,929,932,489,20,20,0,0,0,5648.91083844581,5648.91083844581,valid,valid,0.0745621773949657,0.0745621773949657,0,1,0,KnownSignal,a097d288340034ee9ef7b8aee7576865a13054f76c869956d371958767f5266c,FB2312-baseline-awake,shrinking_clean
/Users/zcm361/Documents/Github/OxygenDynamicsV2/reference-validation/surge-shape-evidence-20260909/FB2312-baseline-awake/shrinking_clean,sink,1,20,20,1097,1125,1102,1107,1020,20,20,0,0,0,5159.2412254902,5159.2412254902,valid,valid,0.0641320270904329,0.0641320270904329,0,1,0,KnownSignal,a097d288340034ee9ef7b8aee7576865a13054f76c869956d371958767f5266c,FB2312-baseline-awake,shrinking_clean
/Users/zcm361/Documents/Github/OxygenDynamicsV2/reference-validation/surge-shape-evidence-20260909/FB2312-baseline-awake/shrinking_clean,sink,1,21,21,1167,1174,1172,1174,690,20,20,0,0,0,5159.07434782609,5159.07434782609,valid,valid,0.0665045434366624,0.0665045434366624,0,1,0,KnownSignal,a097d288340034ee9ef7b8aee7576865a13054f76c869956d371958767f5266c,FB2312-baseline-awake,shrinking_clean
/Users/zcm361/Documents/Github/OxygenDynamicsV2/reference-validation/surge-shape-evidence-20260909/FB2312-baseline-awake/shrinking_clean,sink,2,1,22,1,11,1,11,770,20,0,1,0,0,NaN,NaN,insufficient_clean_prebaseline,insufficient_clean_prebaseline,NaN,NaN,NaN,1,0,KnownSignal,a097d288340034ee9ef7b8aee7576865a13054f76c869956d371958767f5266c,FB2312-baseline-awake,shrinking_clean
/Users/zcm361/Documents/Github/OxygenDynamicsV2/reference-validation/surge-shape-evidence-20260909/FB2312-baseline-awake/shrinking_clean,sink,2,2,23,15,26,15,26,775,20,3,1,11,0,NaN,NaN,insufficient_clean_prebaseline,insufficient_clean_prebaseline,NaN,NaN,NaN,1,0,KnownSignal,a097d288340034ee9ef7b8aee7576865a13054f76c869956d371958767f5266c,FB2312-baseline-awake,shrinking_clean
/Users/zcm361/Documents/Github/OxygenDynamicsV2/reference-validation/surge-shape-evidence-20260909/FB2312-baseline-awake/shrinking_clean,sink,2,3,24,35,38,35,38,551,20,8,0,12,0,NaN,NaN,insufficient_clean_prebaseline,insufficient_clean_prebaseline,NaN,NaN,NaN,1,0,KnownSignal,a097d288340034ee9ef7b8aee7576865a13054f76c869956d371958767f5266c,FB2312-baseline-awake,shrinking_clean
/Users/zcm361/Documents/Github/OxygenDynamicsV2/reference-validation/surge-shape-evidence-20260909/FB2312-baseline-awake/shrinking_clean,sink,2,4,25,338,345,342,344,374,20,20,0,0,0,6523.51310160428,6523.51310160428,valid,valid,0.106024488379941,0.106024488379941,0,1,0,KnownSignal,a097d288340034ee9ef7b8aee7576865a13054f76c869956d371958767f5266c,FB2312-baseline-awake,shrinking_clean
/Users/zcm361/Documents/Github/OxygenDynamicsV2/reference-validation/surge-shape-evidence-20260909/FB2312-baseline-awake/shrinking_clean,sink,2,5,26,400,423,410,414,367,20,18,0,2,0,NaN,NaN,insufficient_clean_prebaseline,insufficient_clean_prebaseline,NaN,NaN,NaN,1,0,KnownSignal,a097d288340034ee9ef7b8aee7576865a13054f76c869956d371958767f5266c,FB2312-baseline-awake,shrinking_clean
/Users/zcm361/Documents/Github/OxygenDynamicsV2/reference-validation/surge-shape-evidence-20260909/FB2312-baseline-awake/shrinking_clean,sink,2,6,27,470,503,486,489,224,20,20,0,0,0,6430.82209821429,6430.82209821429,valid,valid,0.142491883831088,0.142491883831088,0,1,0,KnownSignal,a097d288340034ee9ef7b8aee7576865a13054f76c869956d371958767f5266c,FB2312-baseline-awake,shrinking_clean
/Users/zcm361/Documents/Github/OxygenDynamicsV2/reference-validation/surge-shape-evidence-20260909/FB2312-baseline-awake/shrinking_clean,sink,2,7,28,1089,1093,1089,1093,710,20,20,0,0,0,6155.67795774648,6155.67795774648,valid,valid,0.0689269395127436,0.0689269395127436,0,1,0,KnownSignal,a097d288340034ee9ef7b8aee7576865a13054f76c869956d371958767f5266c,FB2312-baseline-awake,shrinking_clean
/Users/zcm361/Documents/Github/OxygenDynamicsV2/reference-validation/surge-shape-evidence-20260909/FB2312-baseline-awake/shrinking_clean,sink,3,1,29,1,26,1,26,2125,20,0,1,0,0,NaN,NaN,insufficient_clean_prebaseline,insufficient_clean_prebaseline,NaN,NaN,NaN,1,0,KnownSignal,a097d288340034ee9ef7b8aee7576865a13054f76c869956d371958767f5266c,FB2312-baseline-awake,shrinking_clean
/Users/zcm361/Documents/Github/OxygenDynamicsV2/reference-validation/surge-shape-evidence-20260909/FB2312-baseline-awake/shrinking_clean,sink,3,2,30,31,38,32,38,929,20,4,0,16,0,NaN,NaN,insufficient_clean_prebaseline,insufficient_clean_prebaseline,NaN,NaN,NaN,1,0,KnownSignal,a097d288340034ee9ef7b8aee7576865a13054f76c869956d371958767f5266c,FB2312-baseline-awake,shrinking_clean
/Users/zcm361/Documents/Github/OxygenDynamicsV2/reference-validation/surge-shape-evidence-20260909/FB2312-baseline-awake/shrinking_clean,sink,3,3,31,298,344,298,343,2389,20,20,0,0,0,6571.51741314357,6571.51741314357,valid,valid,0.117145009351371,0.117145009351371,0,1,0,KnownSignal,a097d288340034ee9ef7b8aee7576865a13054f76c869956d371958767f5266c,FB2312-baseline-awake,shrinking_clean
/Users/zcm361/Documents/Github/OxygenDynamicsV2/reference-validation/surge-shape-evidence-20260909/FB2312-baseline-awake/shrinking_clean,sink,3,4,32,351,355,352,355,561,20,8,0,12,0,NaN,NaN,insufficient_clean_prebaseline,insufficient_clean_prebaseline,NaN,NaN,NaN,1,0,KnownSignal,a097d288340034ee9ef7b8aee7576865a13054f76c869956d371958767f5266c,FB2312-baseline-awake,shrinking_clean
/Users/zcm361/Documents/Github/OxygenDynamicsV2/reference-validation/surge-shape-evidence-20260909/FB2312-baseline-awake/shrinking_clean,sink,3,5,33,471,480,478,480,502,20,20,0,0,0,8037.54472111554,8037.54472111554,valid,valid,0.135678351358736,0.135678351358736,0,1,0,KnownSignal,a097d288340034ee9ef7b8aee7576865a13054f76c869956d371958767f5266c,FB2312-baseline-awake,shrinking_clean
/Users/zcm361/Documents/Github/OxygenDynamicsV2/reference-validation/surge-shape-evidence-20260909/FB2312-baseline-awake/shrinking_clean,sink,3,6,34,484,490,485,490,494,20,17,0,3,0,NaN,NaN,insufficient_clean_prebaseline,insufficient_clean_prebaseline,NaN,NaN,NaN,1,0,KnownSignal,a097d288340034ee9ef7b8aee7576865a13054f76c869956d371958767f5266c,FB2312-baseline-awake,shrinking_clean
/Users/zcm361/Documents/Github/OxygenDynamicsV2/reference-validation/surge-shape-evidence-20260909/FB2312-baseline-awake/shrinking_clean,sink,3,7,35,543,552,548,551,747,20,20,0,0,0,7671.8109103079,7671.8109103079,valid,valid,0.168680557497412,0.168680557497412,0,1,0,KnownSignal,a097d288340034ee9ef7b8aee7576865a13054f76c869956d371958767f5266c,FB2312-baseline-awake,shrinking_clean
/Users/zcm361/Documents/Github/OxygenDynamicsV2/reference-validation/surge-shape-evidence-20260909/FB2312-baseline-awake/shrinking_clean,sink,3,8,36,640,659,656,658,376,20,20,0,0,0,8400.42300531915,8400.42300531915,valid,valid,0.134825419838201,0.134825419838201,0,1,0,KnownSignal,a097d288340034ee9ef7b8aee7576865a13054f76c869956d371958767f5266c,FB2312-baseline-awake,shrinking_clean
/Users/zcm361/Documents/Github/OxygenDynamicsV2/reference-validation/surge-shape-evidence-20260909/FB2312-baseline-awake/shrinking_clean,sink,3,9,37,718,723,720,722,481,20,20,0,0,0,7911.37390852391,7911.37390852391,valid,valid,0.182755604489901,0.182755604489901,0,1,0,KnownSignal,a097d288340034ee9ef7b8aee7576865a13054f76c869956d371958767f5266c,FB2312-baseline-awake,shrinking_clean
/Users/zcm361/Documents/Github/OxygenDynamicsV2/reference-validation/surge-shape-evidence-20260909/FB2312-baseline-awake/shrinking_clean,sink,3,10,38,744,751,745,750,853,20,20,0,0,0,7399.80656506448,7399.80656506448,valid,valid,0.0559846388684471,0.0559846388684471,0,1,0,KnownSignal,a097d288340034ee9ef7b8aee7576865a13054f76c869956d371958767f5266c,FB2312-baseline-awake,shrinking_clean
/Users/zcm361/Documents/Github/OxygenDynamicsV2/reference-validation/surge-shape-evidence-20260909/FB2312-baseline-awake/shrinking_clean,sink,3,11,39,820,825,822,825,434,20,20,0,0,0,6540.34274193548,6540.34274193548,valid,valid,0.0785291748704315,0.0785291748704315,0,1,0,KnownSignal,a097d288340034ee9ef7b8aee7576865a13054f76c869956d371958767f5266c,FB2312-baseline-awake,shrinking_clean
/Users/zcm361/Documents/Github/OxygenDynamicsV2/reference-validation/surge-shape-evidence-20260909/FB2312-baseline-awake/shrinking_clean,sink,3,12,40,835,839,835,838,368,20,16,0,4,0,NaN,NaN,insufficient_clean_prebaseline,insufficient_clean_prebaseline,NaN,NaN,NaN,1,0,KnownSignal,a097d288340034ee9ef7b8aee7576865a13054f76c869956d371958767f5266c,FB2312-baseline-awake,shrinking_clean
/Users/zcm361/Documents/Github/OxygenDynamicsV2/reference-validation/surge-shape-evidence-20260909/FB2312-baseline-awake/shrinking_clean,sink,3,13,41,1131,1135,1131,1133,600,20,20,0,0,0,6174.73833333333,6174.73833333333,valid,valid,0.0600778494527297,0.0600778494527297,0,1,0,KnownSignal,a097d288340034ee9ef7b8aee7576865a13054f76c869956d371958767f5266c,FB2312-baseline-awake,shrinking_clean
/Users/zcm361/Documents/Github/OxygenDynamicsV2/reference-validation/surge-shape-evidence-20260909/FB2312-baseline-awake/shrinking_clean,sink,3,14,42,1140,1143,1140,1142,715,20,20,0,0,0,6290.68335664336,6290.68335664336,valid,valid,0.0682209005898965,0.0682209005898965,0,1,0,KnownSignal,a097d288340034ee9ef7b8aee7576865a13054f76c869956d371958767f5266c,FB2312-baseline-awake,shrinking_clean
/Users/zcm361/Documents/Github/OxygenDynamicsV2/reference-validation/surge-shape-evidence-20260909/FB2312-baseline-awake/shrinking_clean,sink,3,15,43,1179,1184,1180,1182,479,20,20,0,0,0,6100.17964509395,6100.17964509395,valid,valid,0.112142236271114,0.112142236271114,0,1,0,KnownSignal,a097d288340034ee9ef7b8aee7576865a13054f76c869956d371958767f5266c,FB2312-baseline-awake,shrinking_clean
/Users/zcm361/Documents/Github/OxygenDynamicsV2/reference-validation/surge-shape-evidence-20260909/FB2312-baseline-awake/shrinking_clean,sink,4,1,44,4,8,4,7,308,20,3,1,0,0,NaN,NaN,insufficient_clean_prebaseline,insufficient_clean_prebaseline,NaN,NaN,NaN,1,0,KnownSignal,a097d288340034ee9ef7b8aee7576865a13054f76c869956d371958767f5266c,FB2312-baseline-awake,shrinking_clean
/Users/zcm361/Documents/Github/OxygenDynamicsV2/reference-validation/surge-shape-evidence-20260909/FB2312-baseline-awake/shrinking_clean,sink,4,2,45,15,26,17,20,811,20,10,1,4,0,NaN,NaN,insufficient_clean_prebaseline,insufficient_clean_prebaseline,NaN,NaN,NaN,1,0,KnownSignal,a097d288340034ee9ef7b8aee7576865a13054f76c869956d371958767f5266c,FB2312-baseline-awake,shrinking_clean
/Users/zcm361/Documents/Github/OxygenDynamicsV2/reference-validation/surge-shape-evidence-20260909/FB2312-baseline-awake/shrinking_clean,sink,4,3,46,677,708,694,696,392,20,20,0,0,0,5455.81785714286,5455.81785714286,valid,valid,0.084814721749475,0.084814721749475,0,1,0,KnownSignal,a097d288340034ee9ef7b8aee7576865a13054f76c869956d371958767f5266c,FB2312-baseline-awake,shrinking_clean
/Users/zcm361/Documents/Github/OxygenDynamicsV2/reference-validation/surge-shape-evidence-20260909/FB2312-baseline-awake/shrinking_clean,sink,4,4,47,1189,1195,1193,1195,662,20,20,0,0,0,4403.59811178248,4403.59811178248,valid,valid,0.0375945487725046,0.0375945487725046,0,1,0,KnownSignal,a097d288340034ee9ef7b8aee7576865a13054f76c869956d371958767f5266c,FB2312-baseline-awake,shrinking_clean
/Users/zcm361/Documents/Github/OxygenDynamicsV2/reference-validation/surge-shape-evidence-20260909/FB2312-baseline-awake/shrinking_clean,sink,5,1,48,35,40,35,38,1466,20,16,0,4,0,NaN,NaN,insufficient_clean_prebaseline,insufficient_clean_prebaseline,NaN,NaN,NaN,1,0,KnownSignal,a097d288340034ee9ef7b8aee7576865a13054f76c869956d371958767f5266c,FB2312-baseline-awake,shrinking_clean
/Users/zcm361/Documents/Github/OxygenDynamicsV2/reference-validation/surge-shape-evidence-20260909/FB2312-baseline-awake/shrinking_clean,sink,6,1,49,34,37,34,36,395,20,20,0,0,0,2745.71683544304,2745.71683544304,valid,valid,-0.0109508651057576,-0.0109508651057576,0,1,1,KnownSignal,a097d288340034ee9ef7b8aee7576865a13054f76c869956d371958767f5266c,FB2312-baseline-awake,shrinking_clean
/Users/zcm361/Documents/Github/OxygenDynamicsV2/reference-validation/surge-shape-evidence-20260909/FB2312-baseline-awake/shrinking_clean,sink,6,2,50,428,440,433,440,384,20,20,0,0,0,4954.37174479167,4954.37174479167,valid,valid,0.11962012716305,0.11962012716305,0,1,0,KnownSignal,a097d288340034ee9ef7b8aee7576865a13054f76c869956d371958767f5266c,FB2312-baseline-awake,shrinking_clean
/Users/zcm361/Documents/Github/OxygenDynamicsV2/reference-validation/surge-shape-evidence-20260909/FB2312-baseline-awake/shrinking_clean,sink,6,3,51,443,446,443,446,681,20,12,0,8,0,NaN,NaN,insufficient_clean_prebaseline,insufficient_clean_prebaseline,NaN,NaN,NaN,1,0,KnownSignal,a097d288340034ee9ef7b8aee7576865a13054f76c869956d371958767f5266c,FB2312-baseline-awake,shrinking_clean
/Users/zcm361/Documents/Github/OxygenDynamicsV2/reference-validation/surge-shape-evidence-20260909/FB2312-baseline-awake/shrinking_clean,sink,6,4,52,448,452,448,452,614,20,8,0,12,0,NaN,NaN,insufficient_clean_prebaseline,insufficient_clean_prebaseline,NaN,NaN,NaN,1,0,KnownSignal,a097d288340034ee9ef7b8aee7576865a13054f76c869956d371958767f5266c,FB2312-baseline-awake,shrinking_clean
/Users/zcm361/Documents/Github/OxygenDynamicsV2/reference-validation/surge-shape-evidence-20260909/FB2312-baseline-awake/shrinking_clean,sink,6,5,53,480,487,480,487,718,20,20,0,0,0,4912.42688022284,4912.42688022284,valid,valid,0.324627653278274,0.324627653278274,0,1,0,KnownSignal,a097d288340034ee9ef7b8aee7576865a13054f76c869956d371958767f5266c,FB2312-baseline-awake,shrinking_clean
/Users/zcm361/Documents/Github/OxygenDynamicsV2/reference-validation/surge-shape-evidence-20260909/FB2312-baseline-awake/shrinking_clean,sink,6,6,54,489,511,489,511,3112,20,12,0,8,0,NaN,NaN,insufficient_clean_prebaseline,insufficient_clean_prebaseline,NaN,NaN,NaN,1,0,KnownSignal,a097d288340034ee9ef7b8aee7576865a13054f76c869956d371958767f5266c,FB2312-baseline-awake,shrinking_clean
/Users/zcm361/Documents/Github/OxygenDynamicsV2/reference-validation/surge-shape-evidence-20260909/FB2312-baseline-awake/shrinking_clean,sink,6,7,55,514,519,515,518,609,20,2,0,18,0,NaN,NaN,insufficient_clean_prebaseline,insufficient_clean_prebaseline,NaN,NaN,NaN,1,0,KnownSignal,a097d288340034ee9ef7b8aee7576865a13054f76c869956d371958767f5266c,FB2312-baseline-awake,shrinking_clean
/Users/zcm361/Documents/Github/OxygenDynamicsV2/reference-validation/surge-shape-evidence-20260909/FB2312-baseline-awake/shrinking_clean,sink,6,8,56,530,536,531,533,474,20,18,0,2,0,NaN,NaN,insufficient_clean_prebaseline,insufficient_clean_prebaseline,NaN,NaN,NaN,1,0,KnownSignal,a097d288340034ee9ef7b8aee7576865a13054f76c869956d371958767f5266c,FB2312-baseline-awake,shrinking_clean
/Users/zcm361/Documents/Github/OxygenDynamicsV2/reference-validation/surge-shape-evidence-20260909/FB2312-baseline-awake/shrinking_clean,sink,6,9,57,541,548,544,548,685,20,17,0,3,0,NaN,NaN,insufficient_clean_prebaseline,insufficient_clean_prebaseline,NaN,NaN,NaN,1,0,KnownSignal,a097d288340034ee9ef7b8aee7576865a13054f76c869956d371958767f5266c,FB2312-baseline-awake,shrinking_clean
/Users/zcm361/Documents/Github/OxygenDynamicsV2/reference-validation/surge-shape-evidence-20260909/FB2312-baseline-awake/shrinking_clean,sink,6,10,58,551,569,551,569,2578,20,12,0,8,0,NaN,NaN,insufficient_clean_prebaseline,insufficient_clean_prebaseline,NaN,NaN,NaN,1,0,KnownSignal,a097d288340034ee9ef7b8aee7576865a13054f76c869956d371958767f5266c,FB2312-baseline-awake,shrinking_clean
/Users/zcm361/Documents/Github/OxygenDynamicsV2/reference-validation/surge-shape-evidence-20260909/FB2312-baseline-awake/shrinking_clean,sink,6,11,59,845,852,847,849,752,20,9,0,11,0,NaN,NaN,insufficient_clean_prebaseline,insufficient_clean_prebaseline,NaN,NaN,NaN,1,0,KnownSignal,a097d288340034ee9ef7b8aee7576865a13054f76c869956d371958767f5266c,FB2312-baseline-awake,shrinking_clean
/Users/zcm361/Documents/Github/OxygenDynamicsV2/reference-validation/surge-shape-evidence-20260909/FB2312-baseline-awake/shrinking_clean,sink,6,12,60,860,870,860,869,1927,20,17,0,3,0,NaN,NaN,insufficient_clean_prebaseline,insufficient_clean_prebaseline,NaN,NaN,NaN,1,0,KnownSignal,a097d288340034ee9ef7b8aee7576865a13054f76c869956d371958767f5266c,FB2312-baseline-awake,shrinking_clean
/Users/zcm361/Documents/Github/OxygenDynamicsV2/reference-validation/surge-shape-evidence-20260909/FB2312-baseline-awake/shrinking_clean,sink,6,13,61,877,886,877,885,2501,20,10,0,10,0,NaN,NaN,insufficient_clean_prebaseline,insufficient_clean_prebaseline,NaN,NaN,NaN,1,0,KnownSignal,a097d288340034ee9ef7b8aee7576865a13054f76c869956d371958767f5266c,FB2312-baseline-awake,shrinking_clean
/Users/zcm361/Documents/Github/OxygenDynamicsV2/reference-validation/surge-shape-evidence-20260909/FB2312-baseline-awake/shrinking_clean,sink,6,14,62,888,899,890,898,2199,20,9,0,11,0,NaN,NaN,insufficient_clean_prebaseline,insufficient_clean_prebaseline,NaN,NaN,NaN,1,0,KnownSignal,a097d288340034ee9ef7b8aee7576865a13054f76c869956d371958767f5266c,FB2312-baseline-awake,shrinking_clean
/Users/zcm361/Documents/Github/OxygenDynamicsV2/reference-validation/surge-shape-evidence-20260909/FB2312-baseline-awake/shrinking_clean,sink,6,15,63,944,953,945,953,1742,20,20,0,0,0,4411.81102181401,4411.81102181401,valid,valid,0.0984243214787651,0.0984243214787651,0,1,0,KnownSignal,a097d288340034ee9ef7b8aee7576865a13054f76c869956d371958767f5266c,FB2312-baseline-awake,shrinking_clean
/Users/zcm361/Documents/Github/OxygenDynamicsV2/reference-validation/surge-shape-evidence-20260909/FB2312-baseline-awake/shrinking_clean,sink,6,16,64,957,964,959,964,981,20,11,0,9,0,NaN,NaN,insufficient_clean_prebaseline,insufficient_clean_prebaseline,NaN,NaN,NaN,1,0,KnownSignal,a097d288340034ee9ef7b8aee7576865a13054f76c869956d371958767f5266c,FB2312-baseline-awake,shrinking_clean
/Users/zcm361/Documents/Github/OxygenDynamicsV2/reference-validation/surge-shape-evidence-20260909/FB2312-baseline-awake/shrinking_clean,sink,6,17,65,969,976,969,975,1229,20,9,0,11,0,NaN,NaN,insufficient_clean_prebaseline,insufficient_clean_prebaseline,NaN,NaN,NaN,1,0,KnownSignal,a097d288340034ee9ef7b8aee7576865a13054f76c869956d371958767f5266c,FB2312-baseline-awake,shrinking_clean
/Users/zcm361/Documents/Github/OxygenDynamicsV2/reference-validation/surge-shape-evidence-20260909/FB2312-baseline-awake/shrinking_clean,sink,6,18,66,977,987,977,987,560,20,9,0,11,0,NaN,NaN,insufficient_clean_prebaseline,insufficient_clean_prebaseline,NaN,NaN,NaN,1,0,KnownSignal,a097d288340034ee9ef7b8aee7576865a13054f76c869956d371958767f5266c,FB2312-baseline-awake,shrinking_clean
/Users/zcm361/Documents/Github/OxygenDynamicsV2/reference-validation/surge-shape-evidence-20260909/FB2312-baseline-awake/shrinking_clean,sink,6,19,67,1029,1036,1029,1036,1581,20,20,0,0,0,4367.46084756483,4367.46084756483,valid,valid,0.117995632006671,0.117995632006671,0,1,0,KnownSignal,a097d288340034ee9ef7b8aee7576865a13054f76c869956d371958767f5266c,FB2312-baseline-awake,shrinking_clean
/Users/zcm361/Documents/Github/OxygenDynamicsV2/reference-validation/surge-shape-evidence-20260909/FB2312-baseline-awake/shrinking_clean,sink,6,20,68,1038,1058,1038,1058,2543,20,12,0,8,0,NaN,NaN,insufficient_clean_prebaseline,insufficient_clean_prebaseline,NaN,NaN,NaN,1,0,KnownSignal,a097d288340034ee9ef7b8aee7576865a13054f76c869956d371958767f5266c,FB2312-baseline-awake,shrinking_clean
/Users/zcm361/Documents/Github/OxygenDynamicsV2/reference-validation/surge-shape-evidence-20260909/FB2312-baseline-awake/shrinking_clean,sink,6,21,69,1068,1073,1068,1073,524,20,12,0,8,0,NaN,NaN,insufficient_clean_prebaseline,insufficient_clean_prebaseline,NaN,NaN,NaN,1,0,KnownSignal,a097d288340034ee9ef7b8aee7576865a13054f76c869956d371958767f5266c,FB2312-baseline-awake,shrinking_clean
/Users/zcm361/Documents/Github/OxygenDynamicsV2/reference-validation/surge-shape-evidence-20260909/FB2312-baseline-awake/shrinking_clean,sink,6,22,70,1079,1084,1079,1084,1271,20,14,0,6,0,NaN,NaN,insufficient_clean_prebaseline,insufficient_clean_prebaseline,NaN,NaN,NaN,1,0,KnownSignal,a097d288340034ee9ef7b8aee7576865a13054f76c869956d371958767f5266c,FB2312-baseline-awake,shrinking_clean
/Users/zcm361/Documents/Github/OxygenDynamicsV2/reference-validation/surge-shape-evidence-20260909/FB2312-baseline-awake/shrinking_clean,sink,6,23,71,1087,1091,1087,1091,1634,20,8,0,12,0,NaN,NaN,insufficient_clean_prebaseline,insufficient_clean_prebaseline,NaN,NaN,NaN,1,0,KnownSignal,a097d288340034ee9ef7b8aee7576865a13054f76c869956d371958767f5266c,FB2312-baseline-awake,shrinking_clean
/Users/zcm361/Documents/Github/OxygenDynamicsV2/reference-validation/surge-shape-evidence-20260909/FB2312-baseline-awake/shrinking_clean,sink,6,24,72,1100,1120,1101,1112,1944,20,10,0,10,0,NaN,NaN,insufficient_clean_prebaseline,insufficient_clean_prebaseline,NaN,NaN,NaN,1,0,KnownSignal,a097d288340034ee9ef7b8aee7576865a13054f76c869956d371958767f5266c,FB2312-baseline-awake,shrinking_clean
/Users/zcm361/Documents/Github/OxygenDynamicsV2/reference-validation/surge-shape-evidence-20260909/FB2312-baseline-awake/shrinking_clean,sink,7,1,73,27,35,29,32,2552,20,9,0,11,0,NaN,NaN,insufficient_clean_prebaseline,insufficient_clean_prebaseline,NaN,NaN,NaN,1,0,KnownSignal,a097d288340034ee9ef7b8aee7576865a13054f76c869956d371958767f5266c,FB2312-baseline-awake,shrinking_clean
/Users/zcm361/Documents/Github/OxygenDynamicsV2/reference-validation/surge-shape-evidence-20260909/FB2312-baseline-awake/shrinking_clean,sink,7,2,74,48,51,48,51,833,20,15,0,5,0,NaN,NaN,insufficient_clean_prebaseline,insufficient_clean_prebaseline,NaN,NaN,NaN,1,0,KnownSignal,a097d288340034ee9ef7b8aee7576865a13054f76c869956d371958767f5266c,FB2312-baseline-awake,shrinking_clean
/Users/zcm361/Documents/Github/OxygenDynamicsV2/reference-validation/surge-shape-evidence-20260909/FB2312-baseline-awake/shrinking_clean,sink,7,3,75,69,80,75,78,822,20,17,0,3,0,NaN,NaN,insufficient_clean_prebaseline,insufficient_clean_prebaseline,NaN,NaN,NaN,1,0,KnownSignal,a097d288340034ee9ef7b8aee7576865a13054f76c869956d371958767f5266c,FB2312-baseline-awake,shrinking_clean
/Users/zcm361/Documents/Github/OxygenDynamicsV2/reference-validation/surge-shape-evidence-20260909/FB2312-baseline-awake/shrinking_clean,sink,7,4,76,208,220,213,217,845,20,20,0,0,0,4653.47124260355,4653.47124260355,valid,valid,0.0972818865611348,0.0972818865611348,0,1,0,KnownSignal,a097d288340034ee9ef7b8aee7576865a13054f76c869956d371958767f5266c,FB2312-baseline-awake,shrinking_clean
/Users/zcm361/Documents/Github/OxygenDynamicsV2/reference-validation/surge-shape-evidence-20260909/FB2312-baseline-awake/shrinking_clean,sink,7,5,77,282,289,286,288,321,20,20,0,0,0,4716.59579439253,4716.59579439253,valid,valid,0.144498224850313,0.144498224850313,0,1,0,KnownSignal,a097d288340034ee9ef7b8aee7576865a13054f76c869956d371958767f5266c,FB2312-baseline-awake,shrinking_clean
/Users/zcm361/Documents/Github/OxygenDynamicsV2/reference-validation/surge-shape-evidence-20260909/FB2312-baseline-awake/shrinking_clean,sink,8,1,78,42,53,48,51,972,20,18,0,2,0,NaN,NaN,insufficient_clean_prebaseline,insufficient_clean_prebaseline,NaN,NaN,NaN,1,0,KnownSignal,a097d288340034ee9ef7b8aee7576865a13054f76c869956d371958767f5266c,FB2312-baseline-awake,shrinking_clean
/Users/zcm361/Documents/Github/OxygenDynamicsV2/reference-validation/surge-shape-evidence-20260909/FB2312-baseline-awake/shrinking_clean,sink,8,2,79,61,75,68,75,858,20,16,0,4,0,NaN,NaN,insufficient_clean_prebaseline,insufficient_clean_prebaseline,NaN,NaN,NaN,1,0,KnownSignal,a097d288340034ee9ef7b8aee7576865a13054f76c869956d371958767f5266c,FB2312-baseline-awake,shrinking_clean
/Users/zcm361/Documents/Github/OxygenDynamicsV2/reference-validation/surge-shape-evidence-20260909/FB2312-baseline-awake/shrinking_clean,sink,8,3,80,279,310,280,290,677,20,20,0,0,0,5525.87112259971,5525.87112259971,valid,valid,0.123936894394763,0.123936894394763,0,1,0,KnownSignal,a097d288340034ee9ef7b8aee7576865a13054f76c869956d371958767f5266c,FB2312-baseline-awake,shrinking_clean
/Users/zcm361/Documents/Github/OxygenDynamicsV2/reference-validation/surge-shape-evidence-20260909/FB2312-baseline-awake/shrinking_clean,sink,9,1,81,68,79,68,73,1017,20,20,0,0,0,5572.78058013766,5572.78058013766,valid,valid,0.0794430404837632,0.0794430404837632,0,1,0,KnownSignal,a097d288340034ee9ef7b8aee7576865a13054f76c869956d371958767f5266c,FB2312-baseline-awake,shrinking_clean
/Users/zcm361/Documents/Github/OxygenDynamicsV2/reference-validation/surge-shape-evidence-20260909/FB2312-baseline-awake/shrinking_clean,sink,9,2,82,186,193,188,191,558,20,20,0,0,0,6412.55725806452,6412.55725806452,valid,valid,0.0851152418671591,0.0851152418671591,0,1,0,KnownSignal,a097d288340034ee9ef7b8aee7576865a13054f76c869956d371958767f5266c,FB2312-baseline-awake,shrinking_clean
/Users/zcm361/Documents/Github/OxygenDynamicsV2/reference-validation/surge-shape-evidence-20260909/FB2312-baseline-awake/shrinking_clean,sink,9,3,83,205,217,206,209,612,20,16,0,4,0,NaN,NaN,insufficient_clean_prebaseline,insufficient_clean_prebaseline,NaN,NaN,NaN,1,0,KnownSignal,a097d288340034ee9ef7b8aee7576865a13054f76c869956d371958767f5266c,FB2312-baseline-awake,shrinking_clean
/Users/zcm361/Documents/Github/OxygenDynamicsV2/reference-validation/surge-shape-evidence-20260909/FB2312-baseline-awake/shrinking_clean,sink,9,4,84,226,231,228,231,1411,20,15,0,5,0,NaN,NaN,insufficient_clean_prebaseline,insufficient_clean_prebaseline,NaN,NaN,NaN,1,0,KnownSignal,a097d288340034ee9ef7b8aee7576865a13054f76c869956d371958767f5266c,FB2312-baseline-awake,shrinking_clean
/Users/zcm361/Documents/Github/OxygenDynamicsV2/reference-validation/surge-shape-evidence-20260909/FB2312-baseline-awake/shrinking_clean,sink,9,5,85,238,250,238,250,2247,20,16,0,4,0,NaN,NaN,insufficient_clean_prebaseline,insufficient_clean_prebaseline,NaN,NaN,NaN,1,0,KnownSignal,a097d288340034ee9ef7b8aee7576865a13054f76c869956d371958767f5266c,FB2312-baseline-awake,shrinking_clean
/Users/zcm361/Documents/Github/OxygenDynamicsV2/reference-validation/surge-shape-evidence-20260909/FB2312-baseline-awake/shrinking_clean,sink,9,6,86,281,289,283,288,884,20,20,0,0,0,6994.22007918552,6994.22007918552,valid,valid,0.116645207313269,0.116645207313269,0,1,0,KnownSignal,a097d288340034ee9ef7b8aee7576865a13054f76c869956d371958767f5266c,FB2312-baseline-awake,shrinking_clean
/Users/zcm361/Documents/Github/OxygenDynamicsV2/reference-validation/surge-shape-evidence-20260909/FB2312-baseline-awake/shrinking_clean,sink,9,7,87,299,301,299,301,370,20,14,0,6,0,NaN,NaN,insufficient_clean_prebaseline,insufficient_clean_prebaseline,NaN,NaN,NaN,1,0,KnownSignal,a097d288340034ee9ef7b8aee7576865a13054f76c869956d371958767f5266c,FB2312-baseline-awake,shrinking_clean
/Users/zcm361/Documents/Github/OxygenDynamicsV2/reference-validation/surge-shape-evidence-20260909/FB2312-baseline-awake/shrinking_clean,sink,9,8,88,304,309,304,308,526,20,12,0,8,0,NaN,NaN,insufficient_clean_prebaseline,insufficient_clean_prebaseline,NaN,NaN,NaN,1,0,KnownSignal,a097d288340034ee9ef7b8aee7576865a13054f76c869956d371958767f5266c,FB2312-baseline-awake,shrinking_clean
/Users/zcm361/Documents/Github/OxygenDynamicsV2/reference-validation/surge-shape-evidence-20260909/FB2312-baseline-awake/shrinking_clean,sink,9,9,89,405,412,408,410,414,20,20,0,0,0,6550.57620772947,6550.57620772947,valid,valid,0.0742131675513076,0.0742131675513076,0,1,0,KnownSignal,a097d288340034ee9ef7b8aee7576865a13054f76c869956d371958767f5266c,FB2312-baseline-awake,shrinking_clean
/Users/zcm361/Documents/Github/OxygenDynamicsV2/reference-validation/surge-shape-evidence-20260909/FB2312-baseline-awake/shrinking_clean,sink,10,1,90,42,53,47,51,537,20,20,0,0,0,3138.87979515829,3138.87979515829,valid,valid,0.011292532839394,0.011292532839394,0,1,0,KnownSignal,a097d288340034ee9ef7b8aee7576865a13054f76c869956d371958767f5266c,FB2312-baseline-awake,shrinking_clean
/Users/zcm361/Documents/Github/OxygenDynamicsV2/reference-validation/surge-shape-evidence-20260909/FB2312-baseline-awake/shrinking_clean,sink,10,2,91,209,233,209,217,978,20,20,0,0,0,4293.84304703476,4293.84304703476,valid,valid,0.0653085926881799,0.0653085926881799,0,1,0,KnownSignal,a097d288340034ee9ef7b8aee7576865a13054f76c869956d371958767f5266c,FB2312-baseline-awake,shrinking_clean
/Users/zcm361/Documents/Github/OxygenDynamicsV2/reference-validation/surge-shape-evidence-20260909/FB2312-baseline-awake/shrinking_clean,sink,11,1,92,48,50,48,50,198,20,20,0,0,0,3336.66338383838,3336.66338383838,valid,valid,0.0322213709682607,0.0322213709682607,0,1,0,KnownSignal,a097d288340034ee9ef7b8aee7576865a13054f76c869956d371958767f5266c,FB2312-baseline-awake,shrinking_clean
/Users/zcm361/Documents/Github/OxygenDynamicsV2/reference-validation/surge-shape-evidence-20260909/FB2312-baseline-awake/shrinking_clean,sink,11,2,93,71,125,75,118,1164,20,20,0,0,0,3189.93384879725,3189.93384879725,valid,valid,0.0707878062515708,0.0707878062515708,0,1,0,KnownSignal,a097d288340034ee9ef7b8aee7576865a13054f76c869956d371958767f5266c,FB2312-baseline-awake,shrinking_clean
/Users/zcm361/Documents/Github/OxygenDynamicsV2/reference-validation/surge-shape-evidence-20260909/FB2312-baseline-awake/shrinking_clean,sink,11,3,94,275,289,281,283,440,20,20,0,0,0,4483.67670454545,4483.67670454545,valid,valid,0.244908963334297,0.244908963334297,0,1,0,KnownSignal,a097d288340034ee9ef7b8aee7576865a13054f76c869956d371958767f5266c,FB2312-baseline-awake,shrinking_clean
/Users/zcm361/Documents/Github/OxygenDynamicsV2/reference-validation/surge-shape-evidence-20260909/FB2312-baseline-awake/shrinking_clean,sink,11,4,95,1120,1125,1120,1122,641,20,18,0,2,0,NaN,NaN,insufficient_clean_prebaseline,insufficient_clean_prebaseline,NaN,NaN,NaN,1,0,KnownSignal,a097d288340034ee9ef7b8aee7576865a13054f76c869956d371958767f5266c,FB2312-baseline-awake,shrinking_clean
/Users/zcm361/Documents/Github/OxygenDynamicsV2/reference-validation/surge-shape-evidence-20260909/FB2312-baseline-awake/shrinking_clean,sink,12,1,96,361,374,371,374,998,20,20,0,0,0,3900.58346693387,3900.58346693387,valid,valid,0.0901266171498983,0.0901266171498983,0,1,0,KnownSignal,a097d288340034ee9ef7b8aee7576865a13054f76c869956d371958767f5266c,FB2312-baseline-awake,shrinking_clean
/Users/zcm361/Documents/Github/OxygenDynamicsV2/reference-validation/surge-shape-evidence-20260909/FB2312-baseline-awake/shrinking_clean,sink,12,2,97,387,389,387,389,746,20,16,0,4,0,NaN,NaN,insufficient_clean_prebaseline,insufficient_clean_prebaseline,NaN,NaN,NaN,1,0,KnownSignal,a097d288340034ee9ef7b8aee7576865a13054f76c869956d371958767f5266c,FB2312-baseline-awake,shrinking_clean
/Users/zcm361/Documents/Github/OxygenDynamicsV2/reference-validation/surge-shape-evidence-20260909/FB2312-baseline-awake/shrinking_clean,sink,12,3,98,394,415,394,397,515,20,16,0,4,0,NaN,NaN,insufficient_clean_prebaseline,insufficient_clean_prebaseline,NaN,NaN,NaN,1,0,KnownSignal,a097d288340034ee9ef7b8aee7576865a13054f76c869956d371958767f5266c,FB2312-baseline-awake,shrinking_clean
/Users/zcm361/Documents/Github/OxygenDynamicsV2/reference-validation/surge-shape-evidence-20260909/FB2312-baseline-awake/shrinking_clean,sink,13,1,99,31,52,48,50,274,20,20,0,0,0,2533.19379562044,2533.19379562044,valid,valid,-0.0171257512119018,-0.0171257512119018,0,1,1,KnownSignal,a097d288340034ee9ef7b8aee7576865a13054f76c869956d371958767f5266c,FB2312-baseline-awake,shrinking_clean
/Users/zcm361/Documents/Github/OxygenDynamicsV2/reference-validation/surge-shape-evidence-20260909/FB2312-baseline-awake/shrinking_clean,sink,14,1,100,676,691,686,688,562,20,20,0,0,0,5536.7134341637,5536.7134341637,valid,valid,0.176339227285789,0.176339227285789,0,1,0,KnownSignal,a097d288340034ee9ef7b8aee7576865a13054f76c869956d371958767f5266c,FB2312-baseline-awake,shrinking_clean
/Users/zcm361/Documents/Github/OxygenDynamicsV2/reference-validation/surge-shape-evidence-20260909/FB2312-baseline-awake/shrinking_clean,sink,14,2,101,700,703,700,703,356,20,14,0,6,0,NaN,NaN,insufficient_clean_prebaseline,insufficient_clean_prebaseline,NaN,NaN,NaN,1,0,KnownSignal,a097d288340034ee9ef7b8aee7576865a13054f76c869956d371958767f5266c,FB2312-baseline-awake,shrinking_clean
/Users/zcm361/Documents/Github/OxygenDynamicsV2/reference-validation/surge-shape-evidence-20260909/FB2312-baseline-awake/shrinking_clean,sink,14,3,102,713,723,713,722,1730,20,16,0,4,0,NaN,NaN,insufficient_clean_prebaseline,insufficient_clean_prebaseline,NaN,NaN,NaN,1,0,KnownSignal,a097d288340034ee9ef7b8aee7576865a13054f76c869956d371958767f5266c,FB2312-baseline-awake,shrinking_clean
/Users/zcm361/Documents/Github/OxygenDynamicsV2/reference-validation/surge-shape-evidence-20260909/FB2312-baseline-awake/shrinking_clean,sink,14,4,103,1131,1135,1133,1135,1057,20,20,0,0,0,5059.47691579943,5059.47691579943,valid,valid,0.0563998869755009,0.0563998869755009,0,1,0,KnownSignal,a097d288340034ee9ef7b8aee7576865a13054f76c869956d371958767f5266c,FB2312-baseline-awake,shrinking_clean
/Users/zcm361/Documents/Github/OxygenDynamicsV2/reference-validation/surge-shape-evidence-20260909/FB2312-baseline-awake/shrinking_clean,sink,14,5,104,1179,1185,1182,1184,255,20,20,0,0,0,4576.76588235294,4576.76588235294,valid,valid,0.0973564430675551,0.0973564430675551,0,1,0,KnownSignal,a097d288340034ee9ef7b8aee7576865a13054f76c869956d371958767f5266c,FB2312-baseline-awake,shrinking_clean
/Users/zcm361/Documents/Github/OxygenDynamicsV2/reference-validation/surge-shape-evidence-20260909/FB2312-baseline-awake/shrinking_clean,sink,15,1,105,469,477,475,477,1760,20,10,0,10,0,NaN,NaN,insufficient_clean_prebaseline,insufficient_clean_prebaseline,NaN,NaN,NaN,1,0,KnownSignal,a097d288340034ee9ef7b8aee7576865a13054f76c869956d371958767f5266c,FB2312-baseline-awake,shrinking_clean
/Users/zcm361/Documents/Github/OxygenDynamicsV2/reference-validation/surge-shape-evidence-20260909/FB2312-baseline-awake/shrinking_clean,sink,15,2,106,479,481,479,481,663,20,17,0,3,0,NaN,NaN,insufficient_clean_prebaseline,insufficient_clean_prebaseline,NaN,NaN,NaN,1,0,KnownSignal,a097d288340034ee9ef7b8aee7576865a13054f76c869956d371958767f5266c,FB2312-baseline-awake,shrinking_clean
/Users/zcm361/Documents/Github/OxygenDynamicsV2/reference-validation/surge-shape-evidence-20260909/FB2312-baseline-awake/shrinking_clean,sink,15,3,107,484,490,484,487,154,20,15,0,5,0,NaN,NaN,insufficient_clean_prebaseline,insufficient_clean_prebaseline,NaN,NaN,NaN,1,0,KnownSignal,a097d288340034ee9ef7b8aee7576865a13054f76c869956d371958767f5266c,FB2312-baseline-awake,shrinking_clean
/Users/zcm361/Documents/Github/OxygenDynamicsV2/reference-validation/surge-shape-evidence-20260909/FB2312-baseline-awake/shrinking_clean,sink,15,4,108,530,552,541,546,394,20,8,0,12,0,NaN,NaN,insufficient_clean_prebaseline,insufficient_clean_prebaseline,NaN,NaN,NaN,1,0,KnownSignal,a097d288340034ee9ef7b8aee7576865a13054f76c869956d371958767f5266c,FB2312-baseline-awake,shrinking_clean
/Users/zcm361/Documents/Github/OxygenDynamicsV2/reference-validation/surge-shape-evidence-20260909/FB2312-baseline-awake/shrinking_clean,sink,15,5,109,573,583,577,582,853,20,20,0,0,0,4827.77274325909,4827.77274325909,valid,valid,0.196474608502682,0.196474608502682,0,1,0,KnownSignal,a097d288340034ee9ef7b8aee7576865a13054f76c869956d371958767f5266c,FB2312-baseline-awake,shrinking_clean
/Users/zcm361/Documents/Github/OxygenDynamicsV2/reference-validation/surge-shape-evidence-20260909/FB2312-baseline-awake/shrinking_clean,sink,15,6,110,639,651,640,650,1208,20,20,0,0,0,4708.49755794702,4708.49755794702,valid,valid,0.250048311184879,0.250048311184879,0,1,0,KnownSignal,a097d288340034ee9ef7b8aee7576865a13054f76c869956d371958767f5266c,FB2312-baseline-awake,shrinking_clean
/Users/zcm361/Documents/Github/OxygenDynamicsV2/reference-validation/surge-shape-evidence-20260909/FB2312-baseline-awake/shrinking_clean,sink,15,7,111,676,690,677,682,772,20,20,0,0,0,4727.79987046632,4727.79987046632,valid,valid,0.194528340321955,0.194528340321955,0,1,0,KnownSignal,a097d288340034ee9ef7b8aee7576865a13054f76c869956d371958767f5266c,FB2312-baseline-awake,shrinking_clean
/Users/zcm361/Documents/Github/OxygenDynamicsV2/reference-validation/surge-shape-evidence-20260909/FB2312-baseline-awake/shrinking_clean,sink,15,8,112,1063,1071,1065,1071,405,20,20,0,0,0,3643.99987654321,3643.99987654321,valid,valid,0.0420464230748474,0.0420464230748474,0,1,0,KnownSignal,a097d288340034ee9ef7b8aee7576865a13054f76c869956d371958767f5266c,FB2312-baseline-awake,shrinking_clean
/Users/zcm361/Documents/Github/OxygenDynamicsV2/reference-validation/surge-shape-evidence-20260909/FB2312-baseline-awake/shrinking_clean,sink,15,9,113,1198,1200,1198,1200,351,20,20,0,0,0,4586.87094017094,4586.87094017094,valid,valid,0.0948878804778932,0.0948878804778932,0,1,0,KnownSignal,a097d288340034ee9ef7b8aee7576865a13054f76c869956d371958767f5266c,FB2312-baseline-awake,shrinking_clean
/Users/zcm361/Documents/Github/OxygenDynamicsV2/reference-validation/surge-shape-evidence-20260909/FB2312-baseline-awake/shrinking_clean,sink,16,1,114,229,234,231,233,640,20,20,0,0,0,3160.26921875,3160.26921875,valid,valid,0.149337702291285,0.149337702291285,0,1,0,KnownSignal,a097d288340034ee9ef7b8aee7576865a13054f76c869956d371958767f5266c,FB2312-baseline-awake,shrinking_clean
/Users/zcm361/Documents/Github/OxygenDynamicsV2/reference-validation/surge-shape-evidence-20260909/FB2312-baseline-awake/shrinking_clean,sink,16,2,115,246,250,247,249,604,20,17,0,3,0,NaN,NaN,insufficient_clean_prebaseline,insufficient_clean_prebaseline,NaN,NaN,NaN,1,0,KnownSignal,a097d288340034ee9ef7b8aee7576865a13054f76c869956d371958767f5266c,FB2312-baseline-awake,shrinking_clean
/Users/zcm361/Documents/Github/OxygenDynamicsV2/reference-validation/surge-shape-evidence-20260909/FB2312-baseline-awake/shrinking_clean,sink,16,3,116,361,390,373,375,752,20,20,0,0,0,3709.46948138298,3709.46948138298,valid,valid,0.106971069460114,0.106971069460114,0,1,0,KnownSignal,a097d288340034ee9ef7b8aee7576865a13054f76c869956d371958767f5266c,FB2312-baseline-awake,shrinking_clean
/Users/zcm361/Documents/Github/OxygenDynamicsV2/reference-validation/surge-shape-evidence-20260909/FB2312-baseline-awake/shrinking_clean,sink,16,4,117,515,522,517,520,412,20,20,0,0,0,4092.79684466019,4092.79684466019,valid,valid,0.0769972796749297,0.0769972796749297,0,1,0,KnownSignal,a097d288340034ee9ef7b8aee7576865a13054f76c869956d371958767f5266c,FB2312-baseline-awake,shrinking_clean
/Users/zcm361/Documents/Github/OxygenDynamicsV2/reference-validation/surge-shape-evidence-20260909/FB2312-baseline-awake/shrinking_clean,sink,16,5,118,719,734,728,730,482,20,20,0,0,0,4107.04616182573,4107.04616182573,valid,valid,0.142678210266361,0.142678210266361,0,1,0,KnownSignal,a097d288340034ee9ef7b8aee7576865a13054f76c869956d371958767f5266c,FB2312-baseline-awake,shrinking_clean
/Users/zcm361/Documents/Github/OxygenDynamicsV2/reference-validation/surge-shape-evidence-20260909/FB2312-baseline-awake/shrinking_clean,sink,16,6,119,765,772,768,772,431,20,20,0,0,0,4021.58515081206,4021.58515081206,valid,valid,0.202552675146506,0.202552675146506,0,1,0,KnownSignal,a097d288340034ee9ef7b8aee7576865a13054f76c869956d371958767f5266c,FB2312-baseline-awake,shrinking_clean
/Users/zcm361/Documents/Github/OxygenDynamicsV2/reference-validation/surge-shape-evidence-20260909/FB2312-baseline-awake/shrinking_clean,sink,16,7,120,779,782,779,782,606,20,15,0,5,0,NaN,NaN,insufficient_clean_prebaseline,insufficient_clean_prebaseline,NaN,NaN,NaN,1,0,KnownSignal,a097d288340034ee9ef7b8aee7576865a13054f76c869956d371958767f5266c,FB2312-baseline-awake,shrinking_clean
/Users/zcm361/Documents/Github/OxygenDynamicsV2/reference-validation/surge-shape-evidence-20260909/FB2312-baseline-awake/shrinking_clean,sink,16,8,121,784,790,784,787,961,20,11,0,9,0,NaN,NaN,insufficient_clean_prebaseline,insufficient_clean_prebaseline,NaN,NaN,NaN,1,0,KnownSignal,a097d288340034ee9ef7b8aee7576865a13054f76c869956d371958767f5266c,FB2312-baseline-awake,shrinking_clean
/Users/zcm361/Documents/Github/OxygenDynamicsV2/reference-validation/surge-shape-evidence-20260909/FB2312-baseline-awake/shrinking_clean,sink,16,9,122,797,806,800,804,464,20,12,0,8,0,NaN,NaN,insufficient_clean_prebaseline,insufficient_clean_prebaseline,NaN,NaN,NaN,1,0,KnownSignal,a097d288340034ee9ef7b8aee7576865a13054f76c869956d371958767f5266c,FB2312-baseline-awake,shrinking_clean
/Users/zcm361/Documents/Github/OxygenDynamicsV2/reference-validation/surge-shape-evidence-20260909/FB2312-baseline-awake/shrinking_clean,sink,17,1,123,98,107,100,106,1126,20,20,0,0,0,4286.1223357016,4286.1223357016,valid,valid,0.13332647835151,0.13332647835151,0,1,0,KnownSignal,a097d288340034ee9ef7b8aee7576865a13054f76c869956d371958767f5266c,FB2312-baseline-awake,shrinking_clean
/Users/zcm361/Documents/Github/OxygenDynamicsV2/reference-validation/surge-shape-evidence-20260909/FB2312-baseline-awake/shrinking_clean,sink,18,1,124,401,423,415,418,559,20,20,0,0,0,6234.38050089445,6234.38050089445,valid,valid,0.103553447216797,0.103553447216797,0,1,0,KnownSignal,a097d288340034ee9ef7b8aee7576865a13054f76c869956d371958767f5266c,FB2312-baseline-awake,shrinking_clean
/Users/zcm361/Documents/Github/OxygenDynamicsV2/reference-validation/surge-shape-evidence-20260909/FB2312-baseline-awake/shrinking_clean,sink,18,2,125,540,563,546,561,784,20,20,0,0,0,6227.65516581633,6227.65516581633,valid,valid,0.178990872397851,0.178990872397851,0,1,0,KnownSignal,a097d288340034ee9ef7b8aee7576865a13054f76c869956d371958767f5266c,FB2312-baseline-awake,shrinking_clean
/Users/zcm361/Documents/Github/OxygenDynamicsV2/reference-validation/surge-shape-evidence-20260909/FB2312-baseline-awake/shrinking_clean,sink,18,3,126,640,660,646,658,632,20,20,0,0,0,5901.95015822785,5901.95015822785,valid,valid,0.149662368893569,0.149662368893569,0,1,0,KnownSignal,a097d288340034ee9ef7b8aee7576865a13054f76c869956d371958767f5266c,FB2312-baseline-awake,shrinking_clean
/Users/zcm361/Documents/Github/OxygenDynamicsV2/reference-validation/surge-shape-evidence-20260909/FB2312-baseline-awake/shrinking_clean,sink,18,4,127,1104,1107,1104,1107,260,20,20,0,0,0,5396.81019230769,5396.81019230769,valid,valid,0.0462457292703492,0.0462457292703492,0,1,0,KnownSignal,a097d288340034ee9ef7b8aee7576865a13054f76c869956d371958767f5266c,FB2312-baseline-awake,shrinking_clean
/Users/zcm361/Documents/Github/OxygenDynamicsV2/reference-validation/surge-shape-evidence-20260909/FB2312-baseline-awake/shrinking_clean,sink,18,5,128,1111,1116,1112,1116,1179,20,16,0,4,0,NaN,NaN,insufficient_clean_prebaseline,insufficient_clean_prebaseline,NaN,NaN,NaN,1,0,KnownSignal,a097d288340034ee9ef7b8aee7576865a13054f76c869956d371958767f5266c,FB2312-baseline-awake,shrinking_clean
/Users/zcm361/Documents/Github/OxygenDynamicsV2/reference-validation/surge-shape-evidence-20260909/FB2312-baseline-awake/shrinking_clean,sink,18,6,129,1119,1127,1119,1127,653,20,12,0,8,0,NaN,NaN,insufficient_clean_prebaseline,insufficient_clean_prebaseline,NaN,NaN,NaN,1,0,KnownSignal,a097d288340034ee9ef7b8aee7576865a13054f76c869956d371958767f5266c,FB2312-baseline-awake,shrinking_clean
/Users/zcm361/Documents/Github/OxygenDynamicsV2/reference-validation/surge-shape-evidence-20260909/FB2312-baseline-awake/shrinking_clean,sink,18,7,130,1130,1135,1130,1135,491,20,6,0,14,0,NaN,NaN,insufficient_clean_prebaseline,insufficient_clean_prebaseline,NaN,NaN,NaN,1,0,KnownSignal,a097d288340034ee9ef7b8aee7576865a13054f76c869956d371958767f5266c,FB2312-baseline-awake,shrinking_clean
/Users/zcm361/Documents/Github/OxygenDynamicsV2/reference-validation/surge-shape-evidence-20260909/FB2312-baseline-awake/shrinking_clean,sink,19,1,131,104,117,112,117,688,20,20,0,0,0,2180.0625,2180.0625,valid,valid,0.103098708365919,0.103098708365919,0,1,0,KnownSignal,a097d288340034ee9ef7b8aee7576865a13054f76c869956d371958767f5266c,FB2312-baseline-awake,shrinking_clean
/Users/zcm361/Documents/Github/OxygenDynamicsV2/reference-validation/surge-shape-evidence-20260909/FB2312-baseline-awake/shrinking_clean,sink,19,2,132,337,354,349,352,606,20,20,0,0,0,3133.92731023102,3133.92731023102,valid,valid,0.0883574603603029,0.0883574603603029,0,1,0,KnownSignal,a097d288340034ee9ef7b8aee7576865a13054f76c869956d371958767f5266c,FB2312-baseline-awake,shrinking_clean
/Users/zcm361/Documents/Github/OxygenDynamicsV2/reference-validation/surge-shape-evidence-20260909/FB2312-baseline-awake/shrinking_clean,sink,19,3,133,651,662,659,662,318,20,20,0,0,0,3599.49182389937,3599.49182389937,valid,valid,0.0942056460800197,0.0942056460800197,0,1,0,KnownSignal,a097d288340034ee9ef7b8aee7576865a13054f76c869956d371958767f5266c,FB2312-baseline-awake,shrinking_clean
/Users/zcm361/Documents/Github/OxygenDynamicsV2/reference-validation/surge-shape-evidence-20260909/FB2312-baseline-awake/shrinking_clean,sink,19,4,134,666,670,666,670,858,20,16,0,4,0,NaN,NaN,insufficient_clean_prebaseline,insufficient_clean_prebaseline,NaN,NaN,NaN,1,0,KnownSignal,a097d288340034ee9ef7b8aee7576865a13054f76c869956d371958767f5266c,FB2312-baseline-awake,shrinking_clean
/Users/zcm361/Documents/Github/OxygenDynamicsV2/reference-validation/surge-shape-evidence-20260909/FB2312-baseline-awake/shrinking_clean,sink,19,5,135,688,693,689,693,501,20,17,0,3,0,NaN,NaN,insufficient_clean_prebaseline,insufficient_clean_prebaseline,NaN,NaN,NaN,1,0,KnownSignal,a097d288340034ee9ef7b8aee7576865a13054f76c869956d371958767f5266c,FB2312-baseline-awake,shrinking_clean
/Users/zcm361/Documents/Github/OxygenDynamicsV2/reference-validation/surge-shape-evidence-20260909/FB2312-baseline-awake/shrinking_clean,sink,19,6,136,875,884,880,882,268,20,20,0,0,0,3747.60055970149,3747.60055970149,valid,valid,0.113160913557675,0.113160913557675,0,1,0,KnownSignal,a097d288340034ee9ef7b8aee7576865a13054f76c869956d371958767f5266c,FB2312-baseline-awake,shrinking_clean
/Users/zcm361/Documents/Github/OxygenDynamicsV2/reference-validation/surge-shape-evidence-20260909/FB2312-baseline-awake/shrinking_clean,sink,19,7,137,923,932,928,932,765,20,20,0,0,0,3699.11078431373,3699.11078431373,valid,valid,0.137916823147482,0.137916823147482,0,1,0,KnownSignal,a097d288340034ee9ef7b8aee7576865a13054f76c869956d371958767f5266c,FB2312-baseline-awake,shrinking_clean
/Users/zcm361/Documents/Github/OxygenDynamicsV2/reference-validation/surge-shape-evidence-20260909/FB2312-baseline-awake/shrinking_clean,sink,19,8,138,936,941,936,941,621,20,15,0,5,0,NaN,NaN,insufficient_clean_prebaseline,insufficient_clean_prebaseline,NaN,NaN,NaN,1,0,KnownSignal,a097d288340034ee9ef7b8aee7576865a13054f76c869956d371958767f5266c,FB2312-baseline-awake,shrinking_clean
/Users/zcm361/Documents/Github/OxygenDynamicsV2/reference-validation/surge-shape-evidence-20260909/FB2312-baseline-awake/shrinking_clean,sink,19,9,139,943,955,943,955,805,20,9,0,11,0,NaN,NaN,insufficient_clean_prebaseline,insufficient_clean_prebaseline,NaN,NaN,NaN,1,0,KnownSignal,a097d288340034ee9ef7b8aee7576865a13054f76c869956d371958767f5266c,FB2312-baseline-awake,shrinking_clean
/Users/zcm361/Documents/Github/OxygenDynamicsV2/reference-validation/surge-shape-evidence-20260909/FB2312-baseline-awake/shrinking_clean,sink,19,10,140,960,983,960,983,1968,20,5,0,15,0,NaN,NaN,insufficient_clean_prebaseline,insufficient_clean_prebaseline,NaN,NaN,NaN,1,0,KnownSignal,a097d288340034ee9ef7b8aee7576865a13054f76c869956d371958767f5266c,FB2312-baseline-awake,shrinking_clean
/Users/zcm361/Documents/Github/OxygenDynamicsV2/reference-validation/surge-shape-evidence-20260909/FB2312-baseline-awake/shrinking_clean,sink,19,11,141,988,992,988,992,1083,20,4,0,16,0,NaN,NaN,insufficient_clean_prebaseline,insufficient_clean_prebaseline,NaN,NaN,NaN,1,0,KnownSignal,a097d288340034ee9ef7b8aee7576865a13054f76c869956d371958767f5266c,FB2312-baseline-awake,shrinking_clean
/Users/zcm361/Documents/Github/OxygenDynamicsV2/reference-validation/surge-shape-evidence-20260909/FB2312-baseline-awake/shrinking_clean,sink,19,12,142,994,1001,994,1001,1710,20,5,0,15,0,NaN,NaN,insufficient_clean_prebaseline,insufficient_clean_prebaseline,NaN,NaN,NaN,1,0,KnownSignal,a097d288340034ee9ef7b8aee7576865a13054f76c869956d371958767f5266c,FB2312-baseline-awake,shrinking_clean
/Users/zcm361/Documents/Github/OxygenDynamicsV2/reference-validation/surge-shape-evidence-20260909/FB2312-baseline-awake/shrinking_clean,sink,19,13,143,1026,1034,1029,1031,300,20,20,0,0,0,3091.09183333333,3091.09183333333,valid,valid,0.134452545920802,0.134452545920802,0,1,0,KnownSignal,a097d288340034ee9ef7b8aee7576865a13054f76c869956d371958767f5266c,FB2312-baseline-awake,shrinking_clean
/Users/zcm361/Documents/Github/OxygenDynamicsV2/reference-validation/surge-shape-evidence-20260909/FB2312-baseline-awake/shrinking_clean,sink,19,14,144,1037,1051,1039,1050,1185,20,17,0,3,0,NaN,NaN,insufficient_clean_prebaseline,insufficient_clean_prebaseline,NaN,NaN,NaN,1,0,KnownSignal,a097d288340034ee9ef7b8aee7576865a13054f76c869956d371958767f5266c,FB2312-baseline-awake,shrinking_clean
/Users/zcm361/Documents/Github/OxygenDynamicsV2/reference-validation/surge-shape-evidence-20260909/FB2312-baseline-awake/shrinking_clean,sink,19,15,145,1058,1068,1058,1068,1561,20,8,0,12,0,NaN,NaN,insufficient_clean_prebaseline,insufficient_clean_prebaseline,NaN,NaN,NaN,1,0,KnownSignal,a097d288340034ee9ef7b8aee7576865a13054f76c869956d371958767f5266c,FB2312-baseline-awake,shrinking_clean
/Users/zcm361/Documents/Github/OxygenDynamicsV2/reference-validation/surge-shape-evidence-20260909/FB2312-baseline-awake/shrinking_clean,sink,19,16,146,1096,1101,1096,1098,638,20,20,0,0,0,2418.95329153605,2418.95329153605,valid,valid,0.0550596964074591,0.0550596964074591,0,1,0,KnownSignal,a097d288340034ee9ef7b8aee7576865a13054f76c869956d371958767f5266c,FB2312-baseline-awake,shrinking_clean
/Users/zcm361/Documents/Github/OxygenDynamicsV2/reference-validation/surge-shape-evidence-20260909/FB2312-baseline-awake/shrinking_clean,sink,19,17,147,1108,1123,1108,1118,900,20,17,0,3,0,NaN,NaN,insufficient_clean_prebaseline,insufficient_clean_prebaseline,NaN,NaN,NaN,1,0,KnownSignal,a097d288340034ee9ef7b8aee7576865a13054f76c869956d371958767f5266c,FB2312-baseline-awake,shrinking_clean
/Users/zcm361/Documents/Github/OxygenDynamicsV2/reference-validation/surge-shape-evidence-20260909/FB2312-baseline-awake/shrinking_clean,sink,19,18,148,1157,1163,1159,1163,376,20,20,0,0,0,3341.00425531915,3341.00425531915,valid,valid,0.106450188247641,0.106450188247641,0,1,0,KnownSignal,a097d288340034ee9ef7b8aee7576865a13054f76c869956d371958767f5266c,FB2312-baseline-awake,shrinking_clean
/Users/zcm361/Documents/Github/OxygenDynamicsV2/reference-validation/surge-shape-evidence-20260909/FB2312-baseline-awake/shrinking_clean,sink,19,19,149,1176,1180,1176,1178,680,20,15,0,5,0,NaN,NaN,insufficient_clean_prebaseline,insufficient_clean_prebaseline,NaN,NaN,NaN,1,0,KnownSignal,a097d288340034ee9ef7b8aee7576865a13054f76c869956d371958767f5266c,FB2312-baseline-awake,shrinking_clean
/Users/zcm361/Documents/Github/OxygenDynamicsV2/reference-validation/surge-shape-evidence-20260909/FB2312-baseline-awake/shrinking_clean,sink,20,1,150,108,121,119,121,2442,20,20,0,0,0,1988.10198607699,1988.10198607699,valid,valid,0.140850832080993,0.140850832080993,0,1,0,KnownSignal,a097d288340034ee9ef7b8aee7576865a13054f76c869956d371958767f5266c,FB2312-baseline-awake,shrinking_clean
/Users/zcm361/Documents/Github/OxygenDynamicsV2/reference-validation/surge-shape-evidence-20260909/FB2312-baseline-awake/shrinking_clean,sink,20,2,151,123,142,123,142,2873,20,14,0,6,0,NaN,NaN,insufficient_clean_prebaseline,insufficient_clean_prebaseline,NaN,NaN,NaN,1,0,KnownSignal,a097d288340034ee9ef7b8aee7576865a13054f76c869956d371958767f5266c,FB2312-baseline-awake,shrinking_clean
/Users/zcm361/Documents/Github/OxygenDynamicsV2/reference-validation/surge-shape-evidence-20260909/FB2312-baseline-awake/shrinking_clean,sink,20,3,152,144,150,144,146,1933,20,1,0,19,0,NaN,NaN,insufficient_clean_prebaseline,insufficient_clean_prebaseline,NaN,NaN,NaN,1,0,KnownSignal,a097d288340034ee9ef7b8aee7576865a13054f76c869956d371958767f5266c,FB2312-baseline-awake,shrinking_clean
/Users/zcm361/Documents/Github/OxygenDynamicsV2/reference-validation/surge-shape-evidence-20260909/FB2312-baseline-awake/shrinking_clean,sink,20,4,153,332,341,334,336,206,20,20,0,0,0,2601.76966019417,2601.76966019417,valid,valid,0.0922142145408684,0.0922142145408684,0,1,0,KnownSignal,a097d288340034ee9ef7b8aee7576865a13054f76c869956d371958767f5266c,FB2312-baseline-awake,shrinking_clean
/Users/zcm361/Documents/Github/OxygenDynamicsV2/reference-validation/surge-shape-evidence-20260909/FB2312-baseline-awake/shrinking_clean,sink,21,1,154,1116,1125,1117,1120,689,20,20,0,0,0,4719.42126269956,4719.42126269956,valid,valid,0.0612228674012866,0.0612228674012866,0,1,0,KnownSignal,a097d288340034ee9ef7b8aee7576865a13054f76c869956d371958767f5266c,FB2312-baseline-awake,shrinking_clean
/Users/zcm361/Documents/Github/OxygenDynamicsV2/reference-validation/surge-shape-evidence-20260909/FB2312-baseline-awake/shrinking_clean,sink,22,1,155,112,131,114,117,372,20,20,0,0,0,5739.59973118279,5739.59973118279,valid,valid,0.0901678121779031,0.0901678121779031,0,1,0,KnownSignal,a097d288340034ee9ef7b8aee7576865a13054f76c869956d371958767f5266c,FB2312-baseline-awake,shrinking_clean
/Users/zcm361/Documents/Github/OxygenDynamicsV2/reference-validation/surge-shape-evidence-20260909/FB2312-baseline-awake/shrinking_clean,sink,23,1,156,108,126,117,126,412,20,20,0,0,0,2295.80097087379,2295.80097087379,valid,valid,0.177386955924176,0.177386955924176,0,1,0,KnownSignal,a097d288340034ee9ef7b8aee7576865a13054f76c869956d371958767f5266c,FB2312-baseline-awake,shrinking_clean
/Users/zcm361/Documents/Github/OxygenDynamicsV2/reference-validation/surge-shape-evidence-20260909/FB2312-baseline-awake/shrinking_clean,sink,24,1,157,148,153,150,153,1280,20,20,0,0,0,7388.218671875,7388.218671875,valid,valid,0.0303008699481533,0.0303008699481533,0,1,0,KnownSignal,a097d288340034ee9ef7b8aee7576865a13054f76c869956d371958767f5266c,FB2312-baseline-awake,shrinking_clean
/Users/zcm361/Documents/Github/OxygenDynamicsV2/reference-validation/surge-shape-evidence-20260909/FB2312-baseline-awake/shrinking_clean,sink,25,1,158,154,164,158,164,276,20,20,0,0,0,1955.47119565217,1955.47119565217,valid,valid,0.235154135076788,0.235154135076788,0,1,0,KnownSignal,a097d288340034ee9ef7b8aee7576865a13054f76c869956d371958767f5266c,FB2312-baseline-awake,shrinking_clean
/Users/zcm361/Documents/Github/OxygenDynamicsV2/reference-validation/surge-shape-evidence-20260909/FB2312-baseline-awake/shrinking_clean,sink,25,2,159,166,177,166,177,1076,20,13,0,7,0,NaN,NaN,insufficient_clean_prebaseline,insufficient_clean_prebaseline,NaN,NaN,NaN,1,0,KnownSignal,a097d288340034ee9ef7b8aee7576865a13054f76c869956d371958767f5266c,FB2312-baseline-awake,shrinking_clean
/Users/zcm361/Documents/Github/OxygenDynamicsV2/reference-validation/surge-shape-evidence-20260909/FB2312-baseline-awake/shrinking_clean,sink,25,3,160,180,186,180,184,1566,20,3,0,17,0,NaN,NaN,insufficient_clean_prebaseline,insufficient_clean_prebaseline,NaN,NaN,NaN,1,0,KnownSignal,a097d288340034ee9ef7b8aee7576865a13054f76c869956d371958767f5266c,FB2312-baseline-awake,shrinking_clean
/Users/zcm361/Documents/Github/OxygenDynamicsV2/reference-validation/surge-shape-evidence-20260909/FB2312-baseline-awake/shrinking_clean,sink,25,4,161,201,211,204,207,346,20,17,0,3,0,NaN,NaN,insufficient_clean_prebaseline,insufficient_clean_prebaseline,NaN,NaN,NaN,1,0,KnownSignal,a097d288340034ee9ef7b8aee7576865a13054f76c869956d371958767f5266c,FB2312-baseline-awake,shrinking_clean
/Users/zcm361/Documents/Github/OxygenDynamicsV2/reference-validation/surge-shape-evidence-20260909/FB2312-baseline-awake/shrinking_clean,sink,25,5,162,400,408,401,406,418,20,20,0,0,0,2420.81913875598,2420.81913875598,valid,valid,0.3082702442449,0.3082702442449,0,1,0,KnownSignal,a097d288340034ee9ef7b8aee7576865a13054f76c869956d371958767f5266c,FB2312-baseline-awake,shrinking_clean
/Users/zcm361/Documents/Github/OxygenDynamicsV2/reference-validation/surge-shape-evidence-20260909/FB2312-baseline-awake/shrinking_clean,sink,25,6,163,425,434,427,433,627,20,18,0,2,0,NaN,NaN,insufficient_clean_prebaseline,insufficient_clean_prebaseline,NaN,NaN,NaN,1,0,KnownSignal,a097d288340034ee9ef7b8aee7576865a13054f76c869956d371958767f5266c,FB2312-baseline-awake,shrinking_clean
/Users/zcm361/Documents/Github/OxygenDynamicsV2/reference-validation/surge-shape-evidence-20260909/FB2312-baseline-awake/shrinking_clean,sink,25,7,164,467,478,469,476,680,20,14,0,6,0,NaN,NaN,insufficient_clean_prebaseline,insufficient_clean_prebaseline,NaN,NaN,NaN,1,0,KnownSignal,a097d288340034ee9ef7b8aee7576865a13054f76c869956d371958767f5266c,FB2312-baseline-awake,shrinking_clean
/Users/zcm361/Documents/Github/OxygenDynamicsV2/reference-validation/surge-shape-evidence-20260909/FB2312-baseline-awake/shrinking_clean,sink,25,8,165,480,487,482,485,300,20,12,0,8,0,NaN,NaN,insufficient_clean_prebaseline,insufficient_clean_prebaseline,NaN,NaN,NaN,1,0,KnownSignal,a097d288340034ee9ef7b8aee7576865a13054f76c869956d371958767f5266c,FB2312-baseline-awake,shrinking_clean
/Users/zcm361/Documents/Github/OxygenDynamicsV2/reference-validation/surge-shape-evidence-20260909/FB2312-baseline-awake/shrinking_clean,sink,25,9,166,489,498,490,494,736,20,18,0,2,0,NaN,NaN,insufficient_clean_prebaseline,insufficient_clean_prebaseline,NaN,NaN,NaN,1,0,KnownSignal,a097d288340034ee9ef7b8aee7576865a13054f76c869956d371958767f5266c,FB2312-baseline-awake,shrinking_clean
/Users/zcm361/Documents/Github/OxygenDynamicsV2/reference-validation/surge-shape-evidence-20260909/FB2312-baseline-awake/shrinking_clean,sink,25,10,167,538,546,540,543,201,20,13,0,7,0,NaN,NaN,insufficient_clean_prebaseline,insufficient_clean_prebaseline,NaN,NaN,NaN,1,0,KnownSignal,a097d288340034ee9ef7b8aee7576865a13054f76c869956d371958767f5266c,FB2312-baseline-awake,shrinking_clean
/Users/zcm361/Documents/Github/OxygenDynamicsV2/reference-validation/surge-shape-evidence-20260909/FB2312-baseline-awake/shrinking_clean,sink,25,11,168,564,580,574,579,814,20,20,0,0,0,1960.20988943489,1960.20988943489,valid,valid,0.243699677775443,0.243699677775443,0,1,0,KnownSignal,a097d288340034ee9ef7b8aee7576865a13054f76c869956d371958767f5266c,FB2312-baseline-awake,shrinking_clean
/Users/zcm361/Documents/Github/OxygenDynamicsV2/reference-validation/surge-shape-evidence-20260909/FB2312-baseline-awake/shrinking_clean,sink,25,12,169,636,647,640,646,731,20,20,0,0,0,2351.16853625171,2351.16853625171,valid,valid,0.354140753248872,0.354140753248872,0,1,0,KnownSignal,a097d288340034ee9ef7b8aee7576865a13054f76c869956d371958767f5266c,FB2312-baseline-awake,shrinking_clean
/Users/zcm361/Documents/Github/OxygenDynamicsV2/reference-validation/surge-shape-evidence-20260909/FB2312-baseline-awake/shrinking_clean,sink,25,13,170,650,656,650,656,491,20,14,0,6,0,NaN,NaN,insufficient_clean_prebaseline,insufficient_clean_prebaseline,NaN,NaN,NaN,1,0,KnownSignal,a097d288340034ee9ef7b8aee7576865a13054f76c869956d371958767f5266c,FB2312-baseline-awake,shrinking_clean
/Users/zcm361/Documents/Github/OxygenDynamicsV2/reference-validation/surge-shape-evidence-20260909/FB2312-baseline-awake/shrinking_clean,sink,25,14,171,659,669,659,669,433,20,7,0,13,0,NaN,NaN,insufficient_clean_prebaseline,insufficient_clean_prebaseline,NaN,NaN,NaN,1,0,KnownSignal,a097d288340034ee9ef7b8aee7576865a13054f76c869956d371958767f5266c,FB2312-baseline-awake,shrinking_clean
/Users/zcm361/Documents/Github/OxygenDynamicsV2/reference-validation/surge-shape-evidence-20260909/FB2312-baseline-awake/shrinking_clean,sink,25,15,172,677,684,677,683,1421,20,9,0,11,0,NaN,NaN,insufficient_clean_prebaseline,insufficient_clean_prebaseline,NaN,NaN,NaN,1,0,KnownSignal,a097d288340034ee9ef7b8aee7576865a13054f76c869956d371958767f5266c,FB2312-baseline-awake,shrinking_clean
/Users/zcm361/Documents/Github/OxygenDynamicsV2/reference-validation/surge-shape-evidence-20260909/FB2312-baseline-awake/shrinking_clean,sink,25,16,173,695,705,696,702,2084,20,13,0,7,0,NaN,NaN,insufficient_clean_prebaseline,insufficient_clean_prebaseline,NaN,NaN,NaN,1,0,KnownSignal,a097d288340034ee9ef7b8aee7576865a13054f76c869956d371958767f5266c,FB2312-baseline-awake,shrinking_clean
/Users/zcm361/Documents/Github/OxygenDynamicsV2/reference-validation/surge-shape-evidence-20260909/FB2312-baseline-awake/shrinking_clean,sink,25,17,174,707,718,711,718,1399,20,13,0,7,0,NaN,NaN,insufficient_clean_prebaseline,insufficient_clean_prebaseline,NaN,NaN,NaN,1,0,KnownSignal,a097d288340034ee9ef7b8aee7576865a13054f76c869956d371958767f5266c,FB2312-baseline-awake,shrinking_clean
/Users/zcm361/Documents/Github/OxygenDynamicsV2/reference-validation/surge-shape-evidence-20260909/FB2312-baseline-awake/shrinking_clean,sink,25,18,175,920,923,920,923,1009,20,20,0,0,0,2332.35911793855,2332.35911793855,valid,valid,0.120610749691392,0.120610749691392,0,1,0,KnownSignal,a097d288340034ee9ef7b8aee7576865a13054f76c869956d371958767f5266c,FB2312-baseline-awake,shrinking_clean
/Users/zcm361/Documents/Github/OxygenDynamicsV2/reference-validation/surge-shape-evidence-20260909/FB2312-baseline-awake/shrinking_clean,sink,25,19,176,928,932,928,932,518,20,16,0,4,0,NaN,NaN,insufficient_clean_prebaseline,insufficient_clean_prebaseline,NaN,NaN,NaN,1,0,KnownSignal,a097d288340034ee9ef7b8aee7576865a13054f76c869956d371958767f5266c,FB2312-baseline-awake,shrinking_clean
/Users/zcm361/Documents/Github/OxygenDynamicsV2/reference-validation/surge-shape-evidence-20260909/FB2312-baseline-awake/shrinking_clean,sink,25,20,177,936,941,936,941,1205,20,11,0,9,0,NaN,NaN,insufficient_clean_prebaseline,insufficient_clean_prebaseline,NaN,NaN,NaN,1,0,KnownSignal,a097d288340034ee9ef7b8aee7576865a13054f76c869956d371958767f5266c,FB2312-baseline-awake,shrinking_clean
/Users/zcm361/Documents/Github/OxygenDynamicsV2/reference-validation/surge-shape-evidence-20260909/FB2312-baseline-awake/shrinking_clean,sink,25,21,178,944,948,944,948,452,20,9,0,11,0,NaN,NaN,insufficient_clean_prebaseline,insufficient_clean_prebaseline,NaN,NaN,NaN,1,0,KnownSignal,a097d288340034ee9ef7b8aee7576865a13054f76c869956d371958767f5266c,FB2312-baseline-awake,shrinking_clean
/Users/zcm361/Documents/Github/OxygenDynamicsV2/reference-validation/surge-shape-evidence-20260909/FB2312-baseline-awake/shrinking_clean,sink,25,22,179,953,960,953,956,1045,20,9,0,11,0,NaN,NaN,insufficient_clean_prebaseline,insufficient_clean_prebaseline,NaN,NaN,NaN,1,0,KnownSignal,a097d288340034ee9ef7b8aee7576865a13054f76c869956d371958767f5266c,FB2312-baseline-awake,shrinking_clean
/Users/zcm361/Documents/Github/OxygenDynamicsV2/reference-validation/surge-shape-evidence-20260909/FB2312-baseline-awake/shrinking_clean,sink,25,23,180,967,974,971,974,861,20,14,0,6,0,NaN,NaN,insufficient_clean_prebaseline,insufficient_clean_prebaseline,NaN,NaN,NaN,1,0,KnownSignal,a097d288340034ee9ef7b8aee7576865a13054f76c869956d371958767f5266c,FB2312-baseline-awake,shrinking_clean
/Users/zcm361/Documents/Github/OxygenDynamicsV2/reference-validation/surge-shape-evidence-20260909/FB2312-baseline-awake/shrinking_clean,sink,25,24,181,976,1000,976,999,2318,20,7,0,13,0,NaN,NaN,insufficient_clean_prebaseline,insufficient_clean_prebaseline,NaN,NaN,NaN,1,0,KnownSignal,a097d288340034ee9ef7b8aee7576865a13054f76c869956d371958767f5266c,FB2312-baseline-awake,shrinking_clean
/Users/zcm361/Documents/Github/OxygenDynamicsV2/reference-validation/surge-shape-evidence-20260909/FB2312-baseline-awake/shrinking_clean,sink,25,25,182,1093,1096,1093,1096,1224,20,20,0,0,0,1758.43484477124,1758.43484477124,valid,valid,0.0378968224699415,0.0378968224699415,0,1,0,KnownSignal,a097d288340034ee9ef7b8aee7576865a13054f76c869956d371958767f5266c,FB2312-baseline-awake,shrinking_clean
/Users/zcm361/Documents/Github/OxygenDynamicsV2/reference-validation/surge-shape-evidence-20260909/FB2312-baseline-awake/shrinking_clean,sink,26,1,183,155,161,158,161,816,20,20,0,0,0,3535.02941176471,3535.02941176471,valid,valid,0.144250609446631,0.144250609446631,0,1,0,KnownSignal,a097d288340034ee9ef7b8aee7576865a13054f76c869956d371958767f5266c,FB2312-baseline-awake,shrinking_clean
/Users/zcm361/Documents/Github/OxygenDynamicsV2/reference-validation/surge-shape-evidence-20260909/FB2312-baseline-awake/shrinking_clean,sink,26,2,184,165,177,165,168,832,20,16,0,4,0,NaN,NaN,insufficient_clean_prebaseline,insufficient_clean_prebaseline,NaN,NaN,NaN,1,0,KnownSignal,a097d288340034ee9ef7b8aee7576865a13054f76c869956d371958767f5266c,FB2312-baseline-awake,shrinking_clean
/Users/zcm361/Documents/Github/OxygenDynamicsV2/reference-validation/surge-shape-evidence-20260909/FB2312-baseline-awake/shrinking_clean,sink,26,3,185,322,330,323,326,1146,20,20,0,0,0,4104.64131762653,4104.64131762653,valid,valid,0.196786968448936,0.196786968448936,0,1,0,KnownSignal,a097d288340034ee9ef7b8aee7576865a13054f76c869956d371958767f5266c,FB2312-baseline-awake,shrinking_clean
/Users/zcm361/Documents/Github/OxygenDynamicsV2/reference-validation/surge-shape-evidence-20260909/FB2312-baseline-awake/shrinking_clean,sink,26,4,186,398,410,400,407,1977,20,7,0,13,0,NaN,NaN,insufficient_clean_prebaseline,insufficient_clean_prebaseline,NaN,NaN,NaN,1,0,KnownSignal,a097d288340034ee9ef7b8aee7576865a13054f76c869956d371958767f5266c,FB2312-baseline-awake,shrinking_clean
/Users/zcm361/Documents/Github/OxygenDynamicsV2/reference-validation/surge-shape-evidence-20260909/FB2312-baseline-awake/shrinking_clean,sink,26,5,187,425,432,426,430,1532,20,17,0,3,0,NaN,NaN,insufficient_clean_prebaseline,insufficient_clean_prebaseline,NaN,NaN,NaN,1,0,KnownSignal,a097d288340034ee9ef7b8aee7576865a13054f76c869956d371958767f5266c,FB2312-baseline-awake,shrinking_clean
/Users/zcm361/Documents/Github/OxygenDynamicsV2/reference-validation/surge-shape-evidence-20260909/FB2312-baseline-awake/shrinking_clean,sink,26,6,188,467,477,470,475,1155,20,10,0,10,0,NaN,NaN,insufficient_clean_prebaseline,insufficient_clean_prebaseline,NaN,NaN,NaN,1,0,KnownSignal,a097d288340034ee9ef7b8aee7576865a13054f76c869956d371958767f5266c,FB2312-baseline-awake,shrinking_clean
/Users/zcm361/Documents/Github/OxygenDynamicsV2/reference-validation/surge-shape-evidence-20260909/FB2312-baseline-awake/shrinking_clean,sink,26,7,189,479,485,480,483,1431,20,14,0,6,0,NaN,NaN,insufficient_clean_prebaseline,insufficient_clean_prebaseline,NaN,NaN,NaN,1,0,KnownSignal,a097d288340034ee9ef7b8aee7576865a13054f76c869956d371958767f5266c,FB2312-baseline-awake,shrinking_clean
/Users/zcm361/Documents/Github/OxygenDynamicsV2/reference-validation/surge-shape-evidence-20260909/FB2312-baseline-awake/shrinking_clean,sink,26,8,190,528,534,529,534,1326,20,8,0,12,0,NaN,NaN,insufficient_clean_prebaseline,insufficient_clean_prebaseline,NaN,NaN,NaN,1,0,KnownSignal,a097d288340034ee9ef7b8aee7576865a13054f76c869956d371958767f5266c,FB2312-baseline-awake,shrinking_clean
/Users/zcm361/Documents/Github/OxygenDynamicsV2/reference-validation/surge-shape-evidence-20260909/FB2312-baseline-awake/shrinking_clean,sink,26,9,191,539,547,539,545,1455,20,9,0,11,0,NaN,NaN,insufficient_clean_prebaseline,insufficient_clean_prebaseline,NaN,NaN,NaN,1,0,KnownSignal,a097d288340034ee9ef7b8aee7576865a13054f76c869956d371958767f5266c,FB2312-baseline-awake,shrinking_clean
/Users/zcm361/Documents/Github/OxygenDynamicsV2/reference-validation/surge-shape-evidence-20260909/FB2312-baseline-awake/shrinking_clean,sink,26,10,192,572,584,574,578,1240,20,20,0,0,0,4544.07600806452,4544.07600806452,valid,valid,0.292221878565131,0.292221878565131,0,1,0,KnownSignal,a097d288340034ee9ef7b8aee7576865a13054f76c869956d371958767f5266c,FB2312-baseline-awake,shrinking_clean
/Users/zcm361/Documents/Github/OxygenDynamicsV2/reference-validation/surge-shape-evidence-20260909/FB2312-baseline-awake/shrinking_clean,sink,26,11,193,637,650,640,646,950,20,20,0,0,0,4879.96357894737,4879.96357894737,valid,valid,0.286359643667746,0.286359643667746,0,1,0,KnownSignal,a097d288340034ee9ef7b8aee7576865a13054f76c869956d371958767f5266c,FB2312-baseline-awake,shrinking_clean
/Users/zcm361/Documents/Github/OxygenDynamicsV2/reference-validation/surge-shape-evidence-20260909/FB2312-baseline-awake/shrinking_clean,sink,26,12,194,674,687,675,682,995,20,20,0,0,0,4567.44819095477,4567.44819095477,valid,valid,0.167966402052523,0.167966402052523,0,1,0,KnownSignal,a097d288340034ee9ef7b8aee7576865a13054f76c869956d371958767f5266c,FB2312-baseline-awake,shrinking_clean
/Users/zcm361/Documents/Github/OxygenDynamicsV2/reference-validation/surge-shape-evidence-20260909/FB2312-baseline-awake/shrinking_clean,sink,26,13,195,711,719,713,715,686,20,20,0,0,0,3973.12412536443,3973.12412536443,valid,valid,0.147475999592965,0.147475999592965,0,1,0,KnownSignal,a097d288340034ee9ef7b8aee7576865a13054f76c869956d371958767f5266c,FB2312-baseline-awake,shrinking_clean
/Users/zcm361/Documents/Github/OxygenDynamicsV2/reference-validation/surge-shape-evidence-20260909/FB2312-baseline-awake/shrinking_clean,sink,26,14,196,1106,1125,1107,1111,560,20,20,0,0,0,4241.47142857143,4241.47142857143,valid,valid,0.0491246299296402,0.0491246299296402,0,1,0,KnownSignal,a097d288340034ee9ef7b8aee7576865a13054f76c869956d371958767f5266c,FB2312-baseline-awake,shrinking_clean
/Users/zcm361/Documents/Github/OxygenDynamicsV2/reference-validation/surge-shape-evidence-20260909/FB2312-baseline-awake/shrinking_clean,sink,27,1,197,153,174,158,162,339,20,20,0,0,0,2835.62743362832,2835.62743362832,valid,valid,0.191321092749785,0.191321092749785,0,1,0,KnownSignal,a097d288340034ee9ef7b8aee7576865a13054f76c869956d371958767f5266c,FB2312-baseline-awake,shrinking_clean
/Users/zcm361/Documents/Github/OxygenDynamicsV2/reference-validation/surge-shape-evidence-20260909/FB2312-baseline-awake/shrinking_clean,sink,28,1,198,156,168,158,168,821,20,20,0,0,0,3790.70200974421,3790.70200974421,valid,valid,0.283771897347325,0.283771897347325,0,1,0,KnownSignal,a097d288340034ee9ef7b8aee7576865a13054f76c869956d371958767f5266c,FB2312-baseline-awake,shrinking_clean
/Users/zcm361/Documents/Github/OxygenDynamicsV2/reference-validation/surge-shape-evidence-20260909/FB2312-baseline-awake/shrinking_clean,sink,28,2,199,171,189,171,183,376,20,9,0,11,0,NaN,NaN,insufficient_clean_prebaseline,insufficient_clean_prebaseline,NaN,NaN,NaN,1,0,KnownSignal,a097d288340034ee9ef7b8aee7576865a13054f76c869956d371958767f5266c,FB2312-baseline-awake,shrinking_clean
/Users/zcm361/Documents/Github/OxygenDynamicsV2/reference-validation/surge-shape-evidence-20260909/FB2312-baseline-awake/shrinking_clean,sink,28,3,200,201,218,203,214,983,20,17,0,3,0,NaN,NaN,insufficient_clean_prebaseline,insufficient_clean_prebaseline,NaN,NaN,NaN,1,0,KnownSignal,a097d288340034ee9ef7b8aee7576865a13054f76c869956d371958767f5266c,FB2312-baseline-awake,shrinking_clean
/Users/zcm361/Documents/Github/OxygenDynamicsV2/reference-validation/surge-shape-evidence-20260909/FB2312-baseline-awake/shrinking_clean,sink,28,4,201,220,227,225,227,676,20,8,0,12,0,NaN,NaN,insufficient_clean_prebaseline,insufficient_clean_prebaseline,NaN,NaN,NaN,1,0,KnownSignal,a097d288340034ee9ef7b8aee7576865a13054f76c869956d371958767f5266c,FB2312-baseline-awake,shrinking_clean
/Users/zcm361/Documents/Github/OxygenDynamicsV2/reference-validation/surge-shape-evidence-20260909/FB2312-baseline-awake/shrinking_clean,sink,28,5,202,236,246,236,238,753,20,17,0,3,0,NaN,NaN,insufficient_clean_prebaseline,insufficient_clean_prebaseline,NaN,NaN,NaN,1,0,KnownSignal,a097d288340034ee9ef7b8aee7576865a13054f76c869956d371958767f5266c,FB2312-baseline-awake,shrinking_clean
/Users/zcm361/Documents/Github/OxygenDynamicsV2/reference-validation/surge-shape-evidence-20260909/FB2312-baseline-awake/shrinking_clean,sink,28,6,203,312,332,319,325,523,20,20,0,0,0,4549.6431166348,4549.6431166348,valid,valid,0.182052961647844,0.182052961647844,0,1,0,KnownSignal,a097d288340034ee9ef7b8aee7576865a13054f76c869956d371958767f5266c,FB2312-baseline-awake,shrinking_clean
/Users/zcm361/Documents/Github/OxygenDynamicsV2/reference-validation/surge-shape-evidence-20260909/FB2312-baseline-awake/shrinking_clean,sink,28,7,204,400,410,400,407,304,20,1,0,19,0,NaN,NaN,insufficient_clean_prebaseline,insufficient_clean_prebaseline,NaN,NaN,NaN,1,0,KnownSignal,a097d288340034ee9ef7b8aee7576865a13054f76c869956d371958767f5266c,FB2312-baseline-awake,shrinking_clean
/Users/zcm361/Documents/Github/OxygenDynamicsV2/reference-validation/surge-shape-evidence-20260909/FB2312-baseline-awake/shrinking_clean,sink,28,8,205,571,583,574,578,378,20,20,0,0,0,3332.44338624339,3332.44338624339,valid,valid,0.298353941480884,0.298353941480884,0,1,0,KnownSignal,a097d288340034ee9ef7b8aee7576865a13054f76c869956d371958767f5266c,FB2312-baseline-awake,shrinking_clean
/Users/zcm361/Documents/Github/OxygenDynamicsV2/reference-validation/surge-shape-evidence-20260909/FB2312-baseline-awake/shrinking_clean,sink,28,9,206,790,801,797,801,413,20,20,0,0,0,4007.25072639225,4007.25072639225,valid,valid,0.116496184232147,0.116496184232147,0,1,0,KnownSignal,a097d288340034ee9ef7b8aee7576865a13054f76c869956d371958767f5266c,FB2312-baseline-awake,shrinking_clean
/Users/zcm361/Documents/Github/OxygenDynamicsV2/reference-validation/surge-shape-evidence-20260909/FB2312-baseline-awake/shrinking_clean,sink,28,10,207,803,827,803,807,558,20,15,0,5,0,NaN,NaN,insufficient_clean_prebaseline,insufficient_clean_prebaseline,NaN,NaN,NaN,1,0,KnownSignal,a097d288340034ee9ef7b8aee7576865a13054f76c869956d371958767f5266c,FB2312-baseline-awake,shrinking_clean
/Users/zcm361/Documents/Github/OxygenDynamicsV2/reference-validation/surge-shape-evidence-20260909/FB2312-baseline-awake/shrinking_clean,sink,28,11,208,969,979,977,979,199,20,20,0,0,0,3717.2351758794,3717.2351758794,valid,valid,0.153163763309252,0.153163763309252,0,1,0,KnownSignal,a097d288340034ee9ef7b8aee7576865a13054f76c869956d371958767f5266c,FB2312-baseline-awake,shrinking_clean
/Users/zcm361/Documents/Github/OxygenDynamicsV2/reference-validation/surge-shape-evidence-20260909/FB2312-baseline-awake/shrinking_clean,sink,28,12,209,987,992,987,992,304,20,17,0,3,0,NaN,NaN,insufficient_clean_prebaseline,insufficient_clean_prebaseline,NaN,NaN,NaN,1,0,KnownSignal,a097d288340034ee9ef7b8aee7576865a13054f76c869956d371958767f5266c,FB2312-baseline-awake,shrinking_clean
/Users/zcm361/Documents/Github/OxygenDynamicsV2/reference-validation/surge-shape-evidence-20260909/FB2312-baseline-awake/shrinking_clean,sink,29,1,210,158,181,169,171,481,20,20,0,0,0,6302.8761954262,6302.8761954262,valid,valid,0.128347981053233,0.128347981053233,0,1,0,KnownSignal,a097d288340034ee9ef7b8aee7576865a13054f76c869956d371958767f5266c,FB2312-baseline-awake,shrinking_clean
/Users/zcm361/Documents/Github/OxygenDynamicsV2/reference-validation/surge-shape-evidence-20260909/FB2312-baseline-awake/shrinking_clean,sink,30,1,211,169,175,172,175,298,20,20,0,0,0,5564.21560402685,5564.21560402685,valid,valid,0.0896550268411297,0.0896550268411297,0,1,0,KnownSignal,a097d288340034ee9ef7b8aee7576865a13054f76c869956d371958767f5266c,FB2312-baseline-awake,shrinking_clean
/Users/zcm361/Documents/Github/OxygenDynamicsV2/reference-validation/surge-shape-evidence-20260909/FB2312-baseline-awake/shrinking_clean,sink,30,2,212,192,199,192,196,1606,20,16,0,4,0,NaN,NaN,insufficient_clean_prebaseline,insufficient_clean_prebaseline,NaN,NaN,NaN,1,0,KnownSignal,a097d288340034ee9ef7b8aee7576865a13054f76c869956d371958767f5266c,FB2312-baseline-awake,shrinking_clean
/Users/zcm361/Documents/Github/OxygenDynamicsV2/reference-validation/surge-shape-evidence-20260909/FB2312-baseline-awake/shrinking_clean,sink,30,3,213,204,217,204,206,216,20,15,0,5,0,NaN,NaN,insufficient_clean_prebaseline,insufficient_clean_prebaseline,NaN,NaN,NaN,1,0,KnownSignal,a097d288340034ee9ef7b8aee7576865a13054f76c869956d371958767f5266c,FB2312-baseline-awake,shrinking_clean
/Users/zcm361/Documents/Github/OxygenDynamicsV2/reference-validation/surge-shape-evidence-20260909/FB2312-baseline-awake/shrinking_clean,sink,31,1,214,183,197,187,193,323,20,20,0,0,0,4253.52321981424,4253.52321981424,valid,valid,0.117932466110775,0.117932466110775,0,1,0,KnownSignal,a097d288340034ee9ef7b8aee7576865a13054f76c869956d371958767f5266c,FB2312-baseline-awake,shrinking_clean
/Users/zcm361/Documents/Github/OxygenDynamicsV2/reference-validation/surge-shape-evidence-20260909/FB2312-baseline-awake/shrinking_clean,sink,31,2,215,203,214,209,214,447,20,13,0,7,0,NaN,NaN,insufficient_clean_prebaseline,insufficient_clean_prebaseline,NaN,NaN,NaN,1,0,KnownSignal,a097d288340034ee9ef7b8aee7576865a13054f76c869956d371958767f5266c,FB2312-baseline-awake,shrinking_clean
/Users/zcm361/Documents/Github/OxygenDynamicsV2/reference-validation/surge-shape-evidence-20260909/FB2312-baseline-awake/shrinking_clean,sink,31,3,216,224,232,225,232,340,20,14,0,6,0,NaN,NaN,insufficient_clean_prebaseline,insufficient_clean_prebaseline,NaN,NaN,NaN,1,0,KnownSignal,a097d288340034ee9ef7b8aee7576865a13054f76c869956d371958767f5266c,FB2312-baseline-awake,shrinking_clean
/Users/zcm361/Documents/Github/OxygenDynamicsV2/reference-validation/surge-shape-evidence-20260909/FB2312-baseline-awake/shrinking_clean,sink,31,4,217,238,242,239,241,188,20,12,0,8,0,NaN,NaN,insufficient_clean_prebaseline,insufficient_clean_prebaseline,NaN,NaN,NaN,1,0,KnownSignal,a097d288340034ee9ef7b8aee7576865a13054f76c869956d371958767f5266c,FB2312-baseline-awake,shrinking_clean
/Users/zcm361/Documents/Github/OxygenDynamicsV2/reference-validation/surge-shape-evidence-20260909/FB2312-baseline-awake/shrinking_clean,sink,31,5,218,245,251,246,250,356,20,9,0,11,0,NaN,NaN,insufficient_clean_prebaseline,insufficient_clean_prebaseline,NaN,NaN,NaN,1,0,KnownSignal,a097d288340034ee9ef7b8aee7576865a13054f76c869956d371958767f5266c,FB2312-baseline-awake,shrinking_clean
/Users/zcm361/Documents/Github/OxygenDynamicsV2/reference-validation/surge-shape-evidence-20260909/FB2312-baseline-awake/shrinking_clean,sink,31,6,219,576,594,579,582,215,20,20,0,0,0,5738.89767441861,5738.89767441861,valid,valid,0.130679013796508,0.130679013796508,0,1,0,KnownSignal,a097d288340034ee9ef7b8aee7576865a13054f76c869956d371958767f5266c,FB2312-baseline-awake,shrinking_clean
/Users/zcm361/Documents/Github/OxygenDynamicsV2/reference-validation/surge-shape-evidence-20260909/FB2312-baseline-awake/shrinking_clean,sink,31,7,220,714,734,719,723,253,20,20,0,0,0,5693.29505928854,5693.29505928854,valid,valid,0.174574432659901,0.174574432659901,0,1,0,KnownSignal,a097d288340034ee9ef7b8aee7576865a13054f76c869956d371958767f5266c,FB2312-baseline-awake,shrinking_clean
/Users/zcm361/Documents/Github/OxygenDynamicsV2/reference-validation/surge-shape-evidence-20260909/FB2312-baseline-awake/shrinking_clean,sink,31,8,221,958,981,978,981,303,20,20,0,0,0,5373.96584158416,5373.96584158416,valid,valid,0.0994887250238616,0.0994887250238616,0,1,0,KnownSignal,a097d288340034ee9ef7b8aee7576865a13054f76c869956d371958767f5266c,FB2312-baseline-awake,shrinking_clean
/Users/zcm361/Documents/Github/OxygenDynamicsV2/reference-validation/surge-shape-evidence-20260909/FB2312-baseline-awake/shrinking_clean,sink,31,9,222,983,986,983,985,285,20,16,0,4,0,NaN,NaN,insufficient_clean_prebaseline,insufficient_clean_prebaseline,NaN,NaN,NaN,1,0,KnownSignal,a097d288340034ee9ef7b8aee7576865a13054f76c869956d371958767f5266c,FB2312-baseline-awake,shrinking_clean
/Users/zcm361/Documents/Github/OxygenDynamicsV2/reference-validation/surge-shape-evidence-20260909/FB2312-baseline-awake/shrinking_clean,sink,31,10,223,1040,1045,1043,1045,219,20,20,0,0,0,5653.88538812785,5653.88538812785,valid,valid,0.14583005068079,0.14583005068079,0,1,0,KnownSignal,a097d288340034ee9ef7b8aee7576865a13054f76c869956d371958767f5266c,FB2312-baseline-awake,shrinking_clean
/Users/zcm361/Documents/Github/OxygenDynamicsV2/reference-validation/surge-shape-evidence-20260909/FB2312-baseline-awake/shrinking_clean,sink,31,11,224,1051,1056,1051,1053,137,20,17,0,3,0,NaN,NaN,insufficient_clean_prebaseline,insufficient_clean_prebaseline,NaN,NaN,NaN,1,0,KnownSignal,a097d288340034ee9ef7b8aee7576865a13054f76c869956d371958767f5266c,FB2312-baseline-awake,shrinking_clean
/Users/zcm361/Documents/Github/OxygenDynamicsV2/reference-validation/surge-shape-evidence-20260909/FB2312-baseline-awake/shrinking_clean,sink,31,12,225,1062,1070,1063,1070,596,20,14,0,6,0,NaN,NaN,insufficient_clean_prebaseline,insufficient_clean_prebaseline,NaN,NaN,NaN,1,0,KnownSignal,a097d288340034ee9ef7b8aee7576865a13054f76c869956d371958767f5266c,FB2312-baseline-awake,shrinking_clean
/Users/zcm361/Documents/Github/OxygenDynamicsV2/reference-validation/surge-shape-evidence-20260909/FB2312-baseline-awake/shrinking_clean,sink,32,1,226,172,194,192,194,226,20,20,0,0,0,3921.875,3921.875,valid,valid,0.196249762013891,0.196249762013891,0,1,0,KnownSignal,a097d288340034ee9ef7b8aee7576865a13054f76c869956d371958767f5266c,FB2312-baseline-awake,shrinking_clean
/Users/zcm361/Documents/Github/OxygenDynamicsV2/reference-validation/surge-shape-evidence-20260909/FB2312-baseline-awake/shrinking_clean,sink,33,1,227,206,220,213,217,1155,20,20,0,0,0,4244.06341991342,4244.06341991342,valid,valid,0.0860502725146045,0.0860502725146045,0,1,0,KnownSignal,a097d288340034ee9ef7b8aee7576865a13054f76c869956d371958767f5266c,FB2312-baseline-awake,shrinking_clean
/Users/zcm361/Documents/Github/OxygenDynamicsV2/reference-validation/surge-shape-evidence-20260909/FB2312-baseline-awake/shrinking_clean,sink,33,2,228,225,232,227,232,489,20,17,0,3,0,NaN,NaN,insufficient_clean_prebaseline,insufficient_clean_prebaseline,NaN,NaN,NaN,1,0,KnownSignal,a097d288340034ee9ef7b8aee7576865a13054f76c869956d371958767f5266c,FB2312-baseline-awake,shrinking_clean
/Users/zcm361/Documents/Github/OxygenDynamicsV2/reference-validation/surge-shape-evidence-20260909/FB2312-baseline-awake/shrinking_clean,sink,33,3,229,243,247,243,246,734,20,10,0,10,0,NaN,NaN,insufficient_clean_prebaseline,insufficient_clean_prebaseline,NaN,NaN,NaN,1,0,KnownSignal,a097d288340034ee9ef7b8aee7576865a13054f76c869956d371958767f5266c,FB2312-baseline-awake,shrinking_clean
/Users/zcm361/Documents/Github/OxygenDynamicsV2/reference-validation/surge-shape-evidence-20260909/FB2312-baseline-awake/shrinking_clean,sink,34,1,230,438,457,438,442,610,20,18,0,2,0,NaN,NaN,insufficient_clean_prebaseline,insufficient_clean_prebaseline,NaN,NaN,NaN,1,0,KnownSignal,a097d288340034ee9ef7b8aee7576865a13054f76c869956d371958767f5266c,FB2312-baseline-awake,shrinking_clean
/Users/zcm361/Documents/Github/OxygenDynamicsV2/reference-validation/surge-shape-evidence-20260909/FB2312-baseline-awake/shrinking_clean,sink,34,2,231,725,727,725,727,1532,20,20,0,0,0,2546.41540469974,2546.41540469974,valid,valid,0.0320263851165991,0.0320263851165991,0,1,0,KnownSignal,a097d288340034ee9ef7b8aee7576865a13054f76c869956d371958767f5266c,FB2312-baseline-awake,shrinking_clean
/Users/zcm361/Documents/Github/OxygenDynamicsV2/reference-validation/surge-shape-evidence-20260909/FB2312-baseline-awake/shrinking_clean,sink,34,3,232,729,732,729,732,245,20,17,0,3,0,NaN,NaN,insufficient_clean_prebaseline,insufficient_clean_prebaseline,NaN,NaN,NaN,1,0,KnownSignal,a097d288340034ee9ef7b8aee7576865a13054f76c869956d371958767f5266c,FB2312-baseline-awake,shrinking_clean
/Users/zcm361/Documents/Github/OxygenDynamicsV2/reference-validation/surge-shape-evidence-20260909/FB2312-baseline-awake/shrinking_clean,sink,34,4,233,1027,1036,1032,1035,189,20,20,0,0,0,2884.53227513228,2884.53227513228,valid,valid,0.172394779966712,0.172394779966712,0,1,0,KnownSignal,a097d288340034ee9ef7b8aee7576865a13054f76c869956d371958767f5266c,FB2312-baseline-awake,shrinking_clean
/Users/zcm361/Documents/Github/OxygenDynamicsV2/reference-validation/surge-shape-evidence-20260909/FB2312-baseline-awake/shrinking_clean,sink,35,1,234,230,243,236,238,345,20,20,0,0,0,2903.7547826087,2903.7547826087,valid,valid,0.161636198369447,0.161636198369447,0,1,0,KnownSignal,a097d288340034ee9ef7b8aee7576865a13054f76c869956d371958767f5266c,FB2312-baseline-awake,shrinking_clean
/Users/zcm361/Documents/Github/OxygenDynamicsV2/reference-validation/surge-shape-evidence-20260909/FB2312-baseline-awake/shrinking_clean,sink,36,1,235,237,248,239,242,1223,20,13,0,7,0,NaN,NaN,insufficient_clean_prebaseline,insufficient_clean_prebaseline,NaN,NaN,NaN,1,0,KnownSignal,a097d288340034ee9ef7b8aee7576865a13054f76c869956d371958767f5266c,FB2312-baseline-awake,shrinking_clean
/Users/zcm361/Documents/Github/OxygenDynamicsV2/reference-validation/surge-shape-evidence-20260909/FB2312-baseline-awake/shrinking_clean,sink,37,1,236,235,246,242,244,316,20,17,0,3,0,NaN,NaN,insufficient_clean_prebaseline,insufficient_clean_prebaseline,NaN,NaN,NaN,1,0,KnownSignal,a097d288340034ee9ef7b8aee7576865a13054f76c869956d371958767f5266c,FB2312-baseline-awake,shrinking_clean
/Users/zcm361/Documents/Github/OxygenDynamicsV2/reference-validation/surge-shape-evidence-20260909/FB2312-baseline-awake/shrinking_clean,sink,38,1,237,266,289,283,289,457,20,20,0,0,0,4405.41980306346,4405.41980306346,valid,valid,0.117976248522403,0.117976248522403,0,1,0,KnownSignal,a097d288340034ee9ef7b8aee7576865a13054f76c869956d371958767f5266c,FB2312-baseline-awake,shrinking_clean
/Users/zcm361/Documents/Github/OxygenDynamicsV2/reference-validation/surge-shape-evidence-20260909/FB2312-baseline-awake/shrinking_clean,sink,38,2,238,300,310,300,305,226,20,13,0,7,0,NaN,NaN,insufficient_clean_prebaseline,insufficient_clean_prebaseline,NaN,NaN,NaN,1,0,KnownSignal,a097d288340034ee9ef7b8aee7576865a13054f76c869956d371958767f5266c,FB2312-baseline-awake,shrinking_clean
/Users/zcm361/Documents/Github/OxygenDynamicsV2/reference-validation/surge-shape-evidence-20260909/FB2312-baseline-awake/shrinking_clean,sink,39,1,239,287,289,287,289,478,20,20,0,0,0,4348.54173640167,4348.54173640167,valid,valid,0.0682280134356586,0.0682280134356586,0,1,0,KnownSignal,a097d288340034ee9ef7b8aee7576865a13054f76c869956d371958767f5266c,FB2312-baseline-awake,shrinking_clean
/Users/zcm361/Documents/Github/OxygenDynamicsV2/reference-validation/surge-shape-evidence-20260909/FB2312-baseline-awake/shrinking_clean,sink,40,1,240,292,320,293,320,1631,20,20,0,0,0,5306.25827713059,5306.25827713059,valid,valid,0.16449131173817,0.16449131173817,0,1,0,KnownSignal,a097d288340034ee9ef7b8aee7576865a13054f76c869956d371958767f5266c,FB2312-baseline-awake,shrinking_clean
/Users/zcm361/Documents/Github/OxygenDynamicsV2/reference-validation/surge-shape-evidence-20260909/FB2312-baseline-awake/shrinking_clean,sink,41,1,241,299,312,310,312,463,20,17,0,3,0,NaN,NaN,insufficient_clean_prebaseline,insufficient_clean_prebaseline,NaN,NaN,NaN,1,0,KnownSignal,a097d288340034ee9ef7b8aee7576865a13054f76c869956d371958767f5266c,FB2312-baseline-awake,shrinking_clean
/Users/zcm361/Documents/Github/OxygenDynamicsV2/reference-validation/surge-shape-evidence-20260909/FB2312-baseline-awake/shrinking_clean,sink,41,2,242,332,344,332,334,267,20,19,0,1,0,NaN,NaN,insufficient_clean_prebaseline,insufficient_clean_prebaseline,NaN,NaN,NaN,1,0,KnownSignal,a097d288340034ee9ef7b8aee7576865a13054f76c869956d371958767f5266c,FB2312-baseline-awake,shrinking_clean
/Users/zcm361/Documents/Github/OxygenDynamicsV2/reference-validation/surge-shape-evidence-20260909/FB2312-baseline-awake/shrinking_clean,sink,42,1,243,399,411,408,411,434,20,20,0,0,0,3598.00783410138,3598.00783410138,valid,valid,0.092726940420307,0.092726940420307,0,1,0,KnownSignal,a097d288340034ee9ef7b8aee7576865a13054f76c869956d371958767f5266c,FB2312-baseline-awake,shrinking_clean
/Users/zcm361/Documents/Github/OxygenDynamicsV2/reference-validation/surge-shape-evidence-20260909/FB2312-baseline-awake/shrinking_clean,sink,42,2,244,413,416,413,416,314,20,16,0,4,0,NaN,NaN,insufficient_clean_prebaseline,insufficient_clean_prebaseline,NaN,NaN,NaN,1,0,KnownSignal,a097d288340034ee9ef7b8aee7576865a13054f76c869956d371958767f5266c,FB2312-baseline-awake,shrinking_clean
/Users/zcm361/Documents/Github/OxygenDynamicsV2/reference-validation/surge-shape-evidence-20260909/FB2312-baseline-awake/shrinking_clean,sink,42,3,245,422,427,422,427,1583,20,12,0,8,0,NaN,NaN,insufficient_clean_prebaseline,insufficient_clean_prebaseline,NaN,NaN,NaN,1,0,KnownSignal,a097d288340034ee9ef7b8aee7576865a13054f76c869956d371958767f5266c,FB2312-baseline-awake,shrinking_clean
/Users/zcm361/Documents/Github/OxygenDynamicsV2/reference-validation/surge-shape-evidence-20260909/FB2312-baseline-awake/shrinking_clean,sink,42,4,246,433,449,433,448,657,20,10,0,10,0,NaN,NaN,insufficient_clean_prebaseline,insufficient_clean_prebaseline,NaN,NaN,NaN,1,0,KnownSignal,a097d288340034ee9ef7b8aee7576865a13054f76c869956d371958767f5266c,FB2312-baseline-awake,shrinking_clean
/Users/zcm361/Documents/Github/OxygenDynamicsV2/reference-validation/surge-shape-evidence-20260909/FB2312-baseline-awake/shrinking_clean,sink,42,5,247,946,958,953,955,587,20,20,0,0,0,4343.23943781942,4343.23943781942,valid,valid,0.0592118621136914,0.0592118621136914,0,1,0,KnownSignal,a097d288340034ee9ef7b8aee7576865a13054f76c869956d371958767f5266c,FB2312-baseline-awake,shrinking_clean
/Users/zcm361/Documents/Github/OxygenDynamicsV2/reference-validation/surge-shape-evidence-20260909/FB2312-baseline-awake/shrinking_clean,sink,42,6,248,979,993,979,981,283,20,20,0,0,0,4869.43374558304,4869.43374558304,valid,valid,0.050189588583431,0.050189588583431,0,1,0,KnownSignal,a097d288340034ee9ef7b8aee7576865a13054f76c869956d371958767f5266c,FB2312-baseline-awake,shrinking_clean
/Users/zcm361/Documents/Github/OxygenDynamicsV2/reference-validation/surge-shape-evidence-20260909/FB2312-baseline-awake/shrinking_clean,sink,42,7,249,1107,1128,1112,1115,524,20,20,0,0,0,3977.7572519084,3977.7572519084,valid,valid,0.08925241159716,0.08925241159716,0,1,0,KnownSignal,a097d288340034ee9ef7b8aee7576865a13054f76c869956d371958767f5266c,FB2312-baseline-awake,shrinking_clean
/Users/zcm361/Documents/Github/OxygenDynamicsV2/reference-validation/surge-shape-evidence-20260909/FB2312-baseline-awake/shrinking_clean,sink,43,1,250,751,759,751,756,347,20,20,0,0,0,3339.42204610951,3339.42204610951,valid,valid,0.0891683486447745,0.0891683486447745,0,1,0,KnownSignal,a097d288340034ee9ef7b8aee7576865a13054f76c869956d371958767f5266c,FB2312-baseline-awake,shrinking_clean
/Users/zcm361/Documents/Github/OxygenDynamicsV2/reference-validation/surge-shape-evidence-20260909/FB2312-baseline-awake/shrinking_clean,sink,44,1,251,348,363,350,352,384,20,20,0,0,0,4903.25416666667,4903.25416666667,valid,valid,0.0699756369281965,0.0699756369281965,0,1,0,KnownSignal,a097d288340034ee9ef7b8aee7576865a13054f76c869956d371958767f5266c,FB2312-baseline-awake,shrinking_clean
/Users/zcm361/Documents/Github/OxygenDynamicsV2/reference-validation/surge-shape-evidence-20260909/FB2312-baseline-awake/shrinking_clean,sink,45,1,252,372,374,372,374,189,20,20,0,0,0,3834.92989417989,3834.92989417989,valid,valid,0.0774111679504085,0.0774111679504085,0,1,0,KnownSignal,a097d288340034ee9ef7b8aee7576865a13054f76c869956d371958767f5266c,FB2312-baseline-awake,shrinking_clean
/Users/zcm361/Documents/Github/OxygenDynamicsV2/reference-validation/surge-shape-evidence-20260909/FB2312-baseline-awake/shrinking_clean,sink,45,2,253,387,389,387,389,291,20,17,0,3,0,NaN,NaN,insufficient_clean_prebaseline,insufficient_clean_prebaseline,NaN,NaN,NaN,1,0,KnownSignal,a097d288340034ee9ef7b8aee7576865a13054f76c869956d371958767f5266c,FB2312-baseline-awake,shrinking_clean
/Users/zcm361/Documents/Github/OxygenDynamicsV2/reference-validation/surge-shape-evidence-20260909/FB2312-baseline-awake/shrinking_clean,sink,45,3,254,407,413,407,410,348,20,17,0,3,0,NaN,NaN,insufficient_clean_prebaseline,insufficient_clean_prebaseline,NaN,NaN,NaN,1,0,KnownSignal,a097d288340034ee9ef7b8aee7576865a13054f76c869956d371958767f5266c,FB2312-baseline-awake,shrinking_clean
/Users/zcm361/Documents/Github/OxygenDynamicsV2/reference-validation/surge-shape-evidence-20260909/FB2312-baseline-awake/shrinking_clean,sink,46,1,255,395,415,407,409,368,20,20,0,0,0,5680.21970108696,5680.21970108696,valid,valid,0.109862966730682,0.109862966730682,0,1,0,KnownSignal,a097d288340034ee9ef7b8aee7576865a13054f76c869956d371958767f5266c,FB2312-baseline-awake,shrinking_clean
/Users/zcm361/Documents/Github/OxygenDynamicsV2/reference-validation/surge-shape-evidence-20260909/FB2312-baseline-awake/shrinking_clean,sink,47,1,256,402,424,418,422,169,20,20,0,0,0,5517.88165680473,5517.88165680473,valid,valid,0.120040063397968,0.120040063397968,0,1,0,KnownSignal,a097d288340034ee9ef7b8aee7576865a13054f76c869956d371958767f5266c,FB2312-baseline-awake,shrinking_clean
/Users/zcm361/Documents/Github/OxygenDynamicsV2/reference-validation/surge-shape-evidence-20260909/FB2312-baseline-awake/shrinking_clean,sink,47,2,257,434,452,434,441,411,20,15,0,5,0,NaN,NaN,insufficient_clean_prebaseline,insufficient_clean_prebaseline,NaN,NaN,NaN,1,0,KnownSignal,a097d288340034ee9ef7b8aee7576865a13054f76c869956d371958767f5266c,FB2312-baseline-awake,shrinking_clean
/Users/zcm361/Documents/Github/OxygenDynamicsV2/reference-validation/surge-shape-evidence-20260909/FB2312-baseline-awake/shrinking_clean,sink,48,1,258,409,418,411,418,366,20,20,0,0,0,2823.57827868852,2823.57827868852,valid,valid,0.143489835036183,0.143489835036183,0,1,0,KnownSignal,a097d288340034ee9ef7b8aee7576865a13054f76c869956d371958767f5266c,FB2312-baseline-awake,shrinking_clean
/Users/zcm361/Documents/Github/OxygenDynamicsV2/reference-validation/surge-shape-evidence-20260909/FB2312-baseline-awake/shrinking_clean,sink,48,2,259,434,444,434,436,356,20,15,0,5,0,NaN,NaN,insufficient_clean_prebaseline,insufficient_clean_prebaseline,NaN,NaN,NaN,1,0,KnownSignal,a097d288340034ee9ef7b8aee7576865a13054f76c869956d371958767f5266c,FB2312-baseline-awake,shrinking_clean
/Users/zcm361/Documents/Github/OxygenDynamicsV2/reference-validation/surge-shape-evidence-20260909/FB2312-baseline-awake/shrinking_clean,sink,49,1,260,398,423,413,415,348,20,7,0,13,0,NaN,NaN,insufficient_clean_prebaseline,insufficient_clean_prebaseline,NaN,NaN,NaN,1,0,KnownSignal,a097d288340034ee9ef7b8aee7576865a13054f76c869956d371958767f5266c,FB2312-baseline-awake,shrinking_clean
/Users/zcm361/Documents/Github/OxygenDynamicsV2/reference-validation/surge-shape-evidence-20260909/FB2312-baseline-awake/shrinking_clean,sink,49,2,261,763,772,767,772,859,20,20,0,0,0,5230.76589057043,5230.76589057043,valid,valid,0.0735382017902986,0.0735382017902986,0,1,0,KnownSignal,a097d288340034ee9ef7b8aee7576865a13054f76c869956d371958767f5266c,FB2312-baseline-awake,shrinking_clean
/Users/zcm361/Documents/Github/OxygenDynamicsV2/reference-validation/surge-shape-evidence-20260909/FB2312-baseline-awake/shrinking_clean,sink,49,3,262,778,781,778,781,529,20,14,0,6,0,NaN,NaN,insufficient_clean_prebaseline,insufficient_clean_prebaseline,NaN,NaN,NaN,1,0,KnownSignal,a097d288340034ee9ef7b8aee7576865a13054f76c869956d371958767f5266c,FB2312-baseline-awake,shrinking_clean
/Users/zcm361/Documents/Github/OxygenDynamicsV2/reference-validation/surge-shape-evidence-20260909/FB2312-baseline-awake/shrinking_clean,sink,49,4,263,796,802,797,800,424,20,16,0,4,0,NaN,NaN,insufficient_clean_prebaseline,insufficient_clean_prebaseline,NaN,NaN,NaN,1,0,KnownSignal,a097d288340034ee9ef7b8aee7576865a13054f76c869956d371958767f5266c,FB2312-baseline-awake,shrinking_clean
/Users/zcm361/Documents/Github/OxygenDynamicsV2/reference-validation/surge-shape-evidence-20260909/FB2312-baseline-awake/shrinking_clean,sink,50,1,264,407,420,414,416,320,20,20,0,0,0,2235.7415625,2235.7415625,valid,valid,0.109056796451625,0.109056796451625,0,1,0,KnownSignal,a097d288340034ee9ef7b8aee7576865a13054f76c869956d371958767f5266c,FB2312-baseline-awake,shrinking_clean
/Users/zcm361/Documents/Github/OxygenDynamicsV2/reference-validation/surge-shape-evidence-20260909/FB2312-baseline-awake/shrinking_clean,sink,51,1,265,413,426,416,418,131,20,20,0,0,0,4085.33015267176,4085.33015267176,valid,valid,0.146594615906009,0.146594615906009,0,1,0,KnownSignal,a097d288340034ee9ef7b8aee7576865a13054f76c869956d371958767f5266c,FB2312-baseline-awake,shrinking_clean
/Users/zcm361/Documents/Github/OxygenDynamicsV2/reference-validation/surge-shape-evidence-20260909/FB2312-baseline-awake/shrinking_clean,sink,51,2,266,441,445,441,445,246,20,20,0,0,0,3693.52743902439,3693.52743902439,valid,valid,0.0154970613006547,0.0154970613006547,0,1,0,KnownSignal,a097d288340034ee9ef7b8aee7576865a13054f76c869956d371958767f5266c,FB2312-baseline-awake,shrinking_clean
/Users/zcm361/Documents/Github/OxygenDynamicsV2/reference-validation/surge-shape-evidence-20260909/FB2312-baseline-awake/shrinking_clean,sink,51,3,267,447,459,447,453,506,20,15,0,5,0,NaN,NaN,insufficient_clean_prebaseline,insufficient_clean_prebaseline,NaN,NaN,NaN,1,0,KnownSignal,a097d288340034ee9ef7b8aee7576865a13054f76c869956d371958767f5266c,FB2312-baseline-awake,shrinking_clean
/Users/zcm361/Documents/Github/OxygenDynamicsV2/reference-validation/surge-shape-evidence-20260909/FB2312-baseline-awake/shrinking_clean,sink,52,1,268,416,424,418,423,341,20,20,0,0,0,7115.26099706745,7115.26099706745,valid,valid,0.092662749597742,0.092662749597742,0,1,0,KnownSignal,a097d288340034ee9ef7b8aee7576865a13054f76c869956d371958767f5266c,FB2312-baseline-awake,shrinking_clean
/Users/zcm361/Documents/Github/OxygenDynamicsV2/reference-validation/surge-shape-evidence-20260909/FB2312-baseline-awake/shrinking_clean,sink,53,1,269,551,572,567,569,428,20,20,0,0,0,2879.85163551402,2879.85163551402,valid,valid,0.0574564743040292,0.0574564743040292,0,1,0,KnownSignal,a097d288340034ee9ef7b8aee7576865a13054f76c869956d371958767f5266c,FB2312-baseline-awake,shrinking_clean
/Users/zcm361/Documents/Github/OxygenDynamicsV2/reference-validation/surge-shape-evidence-20260909/FB2312-baseline-awake/shrinking_clean,sink,53,2,270,857,870,865,869,585,20,20,0,0,0,3382.97923076923,3382.97923076923,valid,valid,0.106010766770411,0.106010766770411,0,1,0,KnownSignal,a097d288340034ee9ef7b8aee7576865a13054f76c869956d371958767f5266c,FB2312-baseline-awake,shrinking_clean
/Users/zcm361/Documents/Github/OxygenDynamicsV2/reference-validation/surge-shape-evidence-20260909/FB2312-baseline-awake/shrinking_clean,sink,53,3,271,881,886,881,884,544,20,15,0,5,0,NaN,NaN,insufficient_clean_prebaseline,insufficient_clean_prebaseline,NaN,NaN,NaN,1,0,KnownSignal,a097d288340034ee9ef7b8aee7576865a13054f76c869956d371958767f5266c,FB2312-baseline-awake,shrinking_clean
/Users/zcm361/Documents/Github/OxygenDynamicsV2/reference-validation/surge-shape-evidence-20260909/FB2312-baseline-awake/shrinking_clean,sink,53,4,272,891,901,896,899,572,20,16,0,4,0,NaN,NaN,insufficient_clean_prebaseline,insufficient_clean_prebaseline,NaN,NaN,NaN,1,0,KnownSignal,a097d288340034ee9ef7b8aee7576865a13054f76c869956d371958767f5266c,FB2312-baseline-awake,shrinking_clean
/Users/zcm361/Documents/Github/OxygenDynamicsV2/reference-validation/surge-shape-evidence-20260909/FB2312-baseline-awake/shrinking_clean,sink,53,5,273,962,968,962,968,563,20,20,0,0,0,3049.97220248668,3049.97220248668,valid,valid,0.0540204381794587,0.0540204381794587,0,1,0,KnownSignal,a097d288340034ee9ef7b8aee7576865a13054f76c869956d371958767f5266c,FB2312-baseline-awake,shrinking_clean
/Users/zcm361/Documents/Github/OxygenDynamicsV2/reference-validation/surge-shape-evidence-20260909/FB2312-baseline-awake/shrinking_clean,sink,53,6,274,971,983,971,973,280,20,13,0,7,0,NaN,NaN,insufficient_clean_prebaseline,insufficient_clean_prebaseline,NaN,NaN,NaN,1,0,KnownSignal,a097d288340034ee9ef7b8aee7576865a13054f76c869956d371958767f5266c,FB2312-baseline-awake,shrinking_clean
/Users/zcm361/Documents/Github/OxygenDynamicsV2/reference-validation/surge-shape-evidence-20260909/FB2312-baseline-awake/shrinking_clean,sink,53,7,275,1078,1086,1079,1081,463,20,20,0,0,0,2953.62246220302,2953.62246220302,valid,valid,0.0795971005183664,0.0795971005183664,0,1,0,KnownSignal,a097d288340034ee9ef7b8aee7576865a13054f76c869956d371958767f5266c,FB2312-baseline-awake,shrinking_clean
/Users/zcm361/Documents/Github/OxygenDynamicsV2/reference-validation/surge-shape-evidence-20260909/FB2312-baseline-awake/shrinking_clean,sink,53,8,276,1100,1124,1116,1119,896,20,18,0,2,0,NaN,NaN,insufficient_clean_prebaseline,insufficient_clean_prebaseline,NaN,NaN,NaN,1,0,KnownSignal,a097d288340034ee9ef7b8aee7576865a13054f76c869956d371958767f5266c,FB2312-baseline-awake,shrinking_clean
/Users/zcm361/Documents/Github/OxygenDynamicsV2/reference-validation/surge-shape-evidence-20260909/FB2312-baseline-awake/shrinking_clean,sink,54,1,277,433,457,433,441,988,20,20,0,0,0,4032.30748987854,4032.30748987854,valid,valid,0.0811915942685393,0.0811915942685393,0,1,0,KnownSignal,a097d288340034ee9ef7b8aee7576865a13054f76c869956d371958767f5266c,FB2312-baseline-awake,shrinking_clean
/Users/zcm361/Documents/Github/OxygenDynamicsV2/reference-validation/surge-shape-evidence-20260909/FB2312-baseline-awake/shrinking_clean,sink,55,1,278,421,454,437,444,330,20,20,0,0,0,3036.53742424242,3036.53742424242,valid,valid,0.0861141829856346,0.0861141829856346,0,1,0,KnownSignal,a097d288340034ee9ef7b8aee7576865a13054f76c869956d371958767f5266c,FB2312-baseline-awake,shrinking_clean
/Users/zcm361/Documents/Github/OxygenDynamicsV2/reference-validation/surge-shape-evidence-20260909/FB2312-baseline-awake/shrinking_clean,sink,55,2,279,553,566,555,564,457,20,20,0,0,0,3193.73238512035,3193.73238512035,valid,valid,0.107104403133133,0.107104403133133,0,1,0,KnownSignal,a097d288340034ee9ef7b8aee7576865a13054f76c869956d371958767f5266c,FB2312-baseline-awake,shrinking_clean
/Users/zcm361/Documents/Github/OxygenDynamicsV2/reference-validation/surge-shape-evidence-20260909/FB2312-baseline-awake/shrinking_clean,sink,56,1,280,506,517,515,517,414,20,20,0,0,0,8859.01787439614,8859.01787439614,valid,valid,0.0634290221045539,0.0634290221045539,0,1,0,KnownSignal,a097d288340034ee9ef7b8aee7576865a13054f76c869956d371958767f5266c,FB2312-baseline-awake,shrinking_clean
/Users/zcm361/Documents/Github/OxygenDynamicsV2/reference-validation/surge-shape-evidence-20260909/FB2312-baseline-awake/shrinking_clean,sink,56,2,281,522,527,522,524,198,20,17,0,3,0,NaN,NaN,insufficient_clean_prebaseline,insufficient_clean_prebaseline,NaN,NaN,NaN,1,0,KnownSignal,a097d288340034ee9ef7b8aee7576865a13054f76c869956d371958767f5266c,FB2312-baseline-awake,shrinking_clean
/Users/zcm361/Documents/Github/OxygenDynamicsV2/reference-validation/surge-shape-evidence-20260909/FB2312-baseline-awake/shrinking_clean,sink,57,1,282,552,559,554,558,476,20,20,0,0,0,2109.21397058824,2109.21397058824,valid,valid,0.034327027616973,0.034327027616973,0,1,0,KnownSignal,a097d288340034ee9ef7b8aee7576865a13054f76c869956d371958767f5266c,FB2312-baseline-awake,shrinking_clean
/Users/zcm361/Documents/Github/OxygenDynamicsV2/reference-validation/surge-shape-evidence-20260909/FB2312-baseline-awake/shrinking_clean,sink,58,1,283,636,659,647,654,632,20,16,0,4,0,NaN,NaN,insufficient_clean_prebaseline,insufficient_clean_prebaseline,NaN,NaN,NaN,1,0,KnownSignal,a097d288340034ee9ef7b8aee7576865a13054f76c869956d371958767f5266c,FB2312-baseline-awake,shrinking_clean
/Users/zcm361/Documents/Github/OxygenDynamicsV2/reference-validation/surge-shape-evidence-20260909/FB2312-baseline-awake/shrinking_clean,sink,59,1,284,856,870,863,870,1387,20,20,0,0,0,2672.03813987022,2672.03813987022,valid,valid,0.118016487823145,0.118016487823145,0,1,0,KnownSignal,a097d288340034ee9ef7b8aee7576865a13054f76c869956d371958767f5266c,FB2312-baseline-awake,shrinking_clean
/Users/zcm361/Documents/Github/OxygenDynamicsV2/reference-validation/surge-shape-evidence-20260909/FB2312-baseline-awake/shrinking_clean,sink,59,2,285,880,886,880,886,469,20,10,0,10,0,NaN,NaN,insufficient_clean_prebaseline,insufficient_clean_prebaseline,NaN,NaN,NaN,1,0,KnownSignal,a097d288340034ee9ef7b8aee7576865a13054f76c869956d371958767f5266c,FB2312-baseline-awake,shrinking_clean
/Users/zcm361/Documents/Github/OxygenDynamicsV2/reference-validation/surge-shape-evidence-20260909/FB2312-baseline-awake/shrinking_clean,sink,60,1,286,657,672,670,672,156,20,20,0,0,0,3954.62147435897,3954.62147435897,valid,valid,0.0761604059644919,0.0761604059644919,0,1,0,KnownSignal,a097d288340034ee9ef7b8aee7576865a13054f76c869956d371958767f5266c,FB2312-baseline-awake,shrinking_clean
/Users/zcm361/Documents/Github/OxygenDynamicsV2/reference-validation/surge-shape-evidence-20260909/FB2312-baseline-awake/shrinking_clean,sink,60,2,287,688,696,688,696,230,20,17,0,3,0,NaN,NaN,insufficient_clean_prebaseline,insufficient_clean_prebaseline,NaN,NaN,NaN,1,0,KnownSignal,a097d288340034ee9ef7b8aee7576865a13054f76c869956d371958767f5266c,FB2312-baseline-awake,shrinking_clean
/Users/zcm361/Documents/Github/OxygenDynamicsV2/reference-validation/surge-shape-evidence-20260909/FB2312-baseline-awake/shrinking_clean,sink,61,1,288,739,755,739,741,390,20,20,0,0,0,4131.86525641026,4131.86525641026,valid,valid,0.0514559001709942,0.0514559001709942,0,1,0,KnownSignal,a097d288340034ee9ef7b8aee7576865a13054f76c869956d371958767f5266c,FB2312-baseline-awake,shrinking_clean
/Users/zcm361/Documents/Github/OxygenDynamicsV2/reference-validation/surge-shape-evidence-20260909/FB2312-baseline-awake/shrinking_clean,sink,61,2,289,1021,1035,1030,1033,583,20,20,0,0,0,4035.35934819897,4035.35934819897,valid,valid,0.0904995272281117,0.0904995272281117,0,1,0,KnownSignal,a097d288340034ee9ef7b8aee7576865a13054f76c869956d371958767f5266c,FB2312-baseline-awake,shrinking_clean
/Users/zcm361/Documents/Github/OxygenDynamicsV2/reference-validation/surge-shape-evidence-20260909/FB2312-baseline-awake/shrinking_clean,sink,61,3,290,1145,1163,1159,1162,625,20,20,0,0,0,3424.45664,3424.45664,valid,valid,0.0639939888390587,0.0639939888390587,0,1,0,KnownSignal,a097d288340034ee9ef7b8aee7576865a13054f76c869956d371958767f5266c,FB2312-baseline-awake,shrinking_clean
/Users/zcm361/Documents/Github/OxygenDynamicsV2/reference-validation/surge-shape-evidence-20260909/FB2312-baseline-awake/shrinking_clean,sink,62,1,291,685,696,692,694,694,20,20,0,0,0,4609.23883285303,4609.23883285303,valid,valid,0.0875868203247661,0.0875868203247661,0,1,0,KnownSignal,a097d288340034ee9ef7b8aee7576865a13054f76c869956d371958767f5266c,FB2312-baseline-awake,shrinking_clean
/Users/zcm361/Documents/Github/OxygenDynamicsV2/reference-validation/surge-shape-evidence-20260909/FB2312-baseline-awake/shrinking_clean,sink,63,1,292,754,762,756,758,276,20,20,0,0,0,4148.21557971014,4148.21557971014,valid,valid,0.10433899681852,0.10433899681852,0,1,0,KnownSignal,a097d288340034ee9ef7b8aee7576865a13054f76c869956d371958767f5266c,FB2312-baseline-awake,shrinking_clean
/Users/zcm361/Documents/Github/OxygenDynamicsV2/reference-validation/surge-shape-evidence-20260909/FB2312-baseline-awake/shrinking_clean,sink,64,1,293,765,787,778,780,563,20,20,0,0,0,5421.68126110124,5421.68126110124,valid,valid,0.0979327442473217,0.0979327442473217,0,1,0,KnownSignal,a097d288340034ee9ef7b8aee7576865a13054f76c869956d371958767f5266c,FB2312-baseline-awake,shrinking_clean
/Users/zcm361/Documents/Github/OxygenDynamicsV2/reference-validation/surge-shape-evidence-20260909/FB2312-baseline-awake/shrinking_clean,sink,64,2,294,910,914,911,914,744,20,20,0,0,0,4972.12963709677,4972.12963709677,valid,valid,0.062698531866247,0.062698531866247,0,1,0,KnownSignal,a097d288340034ee9ef7b8aee7576865a13054f76c869956d371958767f5266c,FB2312-baseline-awake,shrinking_clean
/Users/zcm361/Documents/Github/OxygenDynamicsV2/reference-validation/surge-shape-evidence-20260909/FB2312-baseline-awake/shrinking_clean,sink,64,3,295,918,922,918,922,961,20,16,0,4,0,NaN,NaN,insufficient_clean_prebaseline,insufficient_clean_prebaseline,NaN,NaN,NaN,1,0,KnownSignal,a097d288340034ee9ef7b8aee7576865a13054f76c869956d371958767f5266c,FB2312-baseline-awake,shrinking_clean
/Users/zcm361/Documents/Github/OxygenDynamicsV2/reference-validation/surge-shape-evidence-20260909/FB2312-baseline-awake/shrinking_clean,sink,64,4,296,929,935,929,932,528,20,11,0,9,0,NaN,NaN,insufficient_clean_prebaseline,insufficient_clean_prebaseline,NaN,NaN,NaN,1,0,KnownSignal,a097d288340034ee9ef7b8aee7576865a13054f76c869956d371958767f5266c,FB2312-baseline-awake,shrinking_clean
/Users/zcm361/Documents/Github/OxygenDynamicsV2/reference-validation/surge-shape-evidence-20260909/FB2312-baseline-awake/shrinking_clean,sink,65,1,297,795,819,797,810,883,20,20,0,0,0,3242.9530011325,3242.9530011325,valid,valid,0.128739290961934,0.128739290961934,0,1,0,KnownSignal,a097d288340034ee9ef7b8aee7576865a13054f76c869956d371958767f5266c,FB2312-baseline-awake,shrinking_clean
/Users/zcm361/Documents/Github/OxygenDynamicsV2/reference-validation/surge-shape-evidence-20260909/FB2312-baseline-awake/shrinking_clean,sink,65,2,298,855,869,860,862,227,20,20,0,0,0,2709.2577092511,2709.2577092511,valid,valid,0.0865908457133844,0.0865908457133844,0,1,0,KnownSignal,a097d288340034ee9ef7b8aee7576865a13054f76c869956d371958767f5266c,FB2312-baseline-awake,shrinking_clean
/Users/zcm361/Documents/Github/OxygenDynamicsV2/reference-validation/surge-shape-evidence-20260909/FB2312-baseline-awake/shrinking_clean,sink,65,3,299,1144,1163,1161,1163,408,20,20,0,0,0,3214.08125,3214.08125,valid,valid,0.0886731841727558,0.0886731841727558,0,1,0,KnownSignal,a097d288340034ee9ef7b8aee7576865a13054f76c869956d371958767f5266c,FB2312-baseline-awake,shrinking_clean
/Users/zcm361/Documents/Github/OxygenDynamicsV2/reference-validation/surge-shape-evidence-20260909/FB2312-baseline-awake/shrinking_clean,sink,65,4,300,1169,1178,1169,1173,574,20,17,0,3,0,NaN,NaN,insufficient_clean_prebaseline,insufficient_clean_prebaseline,NaN,NaN,NaN,1,0,KnownSignal,a097d288340034ee9ef7b8aee7576865a13054f76c869956d371958767f5266c,FB2312-baseline-awake,shrinking_clean
/Users/zcm361/Documents/Github/OxygenDynamicsV2/reference-validation/surge-shape-evidence-20260909/FB2312-baseline-awake/shrinking_clean,sink,66,1,301,859,861,859,861,519,20,20,0,0,0,2747.94470134875,2747.94470134875,valid,valid,0.0549496688118562,0.0549496688118562,0,1,0,KnownSignal,a097d288340034ee9ef7b8aee7576865a13054f76c869956d371958767f5266c,FB2312-baseline-awake,shrinking_clean
/Users/zcm361/Documents/Github/OxygenDynamicsV2/reference-validation/surge-shape-evidence-20260909/FB2312-baseline-awake/shrinking_clean,sink,67,1,302,917,922,920,922,380,20,20,0,0,0,3773.27118421053,3773.27118421053,valid,valid,0.116707369052701,0.116707369052701,0,1,0,KnownSignal,a097d288340034ee9ef7b8aee7576865a13054f76c869956d371958767f5266c,FB2312-baseline-awake,shrinking_clean
/Users/zcm361/Documents/Github/OxygenDynamicsV2/reference-validation/surge-shape-evidence-20260909/FB2312-baseline-awake/shrinking_clean,sink,67,2,303,928,933,928,933,544,20,17,0,3,0,NaN,NaN,insufficient_clean_prebaseline,insufficient_clean_prebaseline,NaN,NaN,NaN,1,0,KnownSignal,a097d288340034ee9ef7b8aee7576865a13054f76c869956d371958767f5266c,FB2312-baseline-awake,shrinking_clean
/Users/zcm361/Documents/Github/OxygenDynamicsV2/reference-validation/surge-shape-evidence-20260909/FB2312-baseline-awake/shrinking_clean,sink,67,3,304,938,959,938,940,389,20,11,0,9,0,NaN,NaN,insufficient_clean_prebaseline,insufficient_clean_prebaseline,NaN,NaN,NaN,1,0,KnownSignal,a097d288340034ee9ef7b8aee7576865a13054f76c869956d371958767f5266c,FB2312-baseline-awake,shrinking_clean
/Users/zcm361/Documents/Github/OxygenDynamicsV2/reference-validation/surge-shape-evidence-20260909/FB2312-baseline-awake/shrinking_clean,sink,67,4,305,1027,1036,1032,1036,559,20,20,0,0,0,3318.39677996422,3318.39677996422,valid,valid,0.117682321538334,0.117682321538334,0,1,0,KnownSignal,a097d288340034ee9ef7b8aee7576865a13054f76c869956d371958767f5266c,FB2312-baseline-awake,shrinking_clean
/Users/zcm361/Documents/Github/OxygenDynamicsV2/reference-validation/surge-shape-evidence-20260909/FB2312-baseline-awake/shrinking_clean,sink,67,5,306,1040,1053,1040,1049,528,20,15,0,5,0,NaN,NaN,insufficient_clean_prebaseline,insufficient_clean_prebaseline,NaN,NaN,NaN,1,0,KnownSignal,a097d288340034ee9ef7b8aee7576865a13054f76c869956d371958767f5266c,FB2312-baseline-awake,shrinking_clean
/Users/zcm361/Documents/Github/OxygenDynamicsV2/reference-validation/surge-shape-evidence-20260909/FB2312-baseline-awake/shrinking_clean,sink,67,6,307,1099,1122,1108,1110,397,20,20,0,0,0,3349.90478589421,3349.90478589421,valid,valid,0.0758795956605256,0.0758795956605256,0,1,0,KnownSignal,a097d288340034ee9ef7b8aee7576865a13054f76c869956d371958767f5266c,FB2312-baseline-awake,shrinking_clean
/Users/zcm361/Documents/Github/OxygenDynamicsV2/reference-validation/surge-shape-evidence-20260909/FB2312-baseline-awake/shrinking_clean,sink,68,1,308,936,940,938,940,362,20,20,0,0,0,2627.4861878453,2627.4861878453,valid,valid,0.0611207485675235,0.0611207485675235,0,1,0,KnownSignal,a097d288340034ee9ef7b8aee7576865a13054f76c869956d371958767f5266c,FB2312-baseline-awake,shrinking_clean
/Users/zcm361/Documents/Github/OxygenDynamicsV2/reference-validation/surge-shape-evidence-20260909/FB2312-baseline-awake/shrinking_clean,sink,69,1,309,1080,1086,1081,1083,1026,20,20,0,0,0,6067.10638401559,6067.10638401559,valid,valid,0.0746357043412998,0.0746357043412998,0,1,0,KnownSignal,a097d288340034ee9ef7b8aee7576865a13054f76c869956d371958767f5266c,FB2312-baseline-awake,shrinking_clean
/Users/zcm361/Documents/Github/OxygenDynamicsV2/reference-validation/surge-shape-evidence-20260909/FB2312-baseline-awake/shrinking_clean,sink,70,1,310,1098,1125,1105,1107,430,20,20,0,0,0,4031.01953488372,4031.01953488372,valid,valid,0.0755203946326924,0.0755203946326924,0,1,0,KnownSignal,a097d288340034ee9ef7b8aee7576865a13054f76c869956d371958767f5266c,FB2312-baseline-awake,shrinking_clean
/Users/zcm361/Documents/Github/OxygenDynamicsV2/reference-validation/surge-shape-evidence-20260909/FB2312-baseline-awake/shrinking_clean,surge,1,1,1,1,18,1,18,16093,20,0,1,0,0,NaN,NaN,insufficient_clean_prebaseline,insufficient_clean_prebaseline,NaN,NaN,NaN,1,0,KnownSignal,a097d288340034ee9ef7b8aee7576865a13054f76c869956d371958767f5266c,FB2312-baseline-awake,shrinking_clean
/Users/zcm361/Documents/Github/OxygenDynamicsV2/reference-validation/surge-shape-evidence-20260909/FB2312-baseline-awake/shrinking_clean,surge,1,2,2,204,213,204,213,16046,20,20,0,0,0,607.927555153933,607.927555153933,valid,valid,0.00319621440326907,0.00319621440326907,0,1,0,KnownSignal,a097d288340034ee9ef7b8aee7576865a13054f76c869956d371958767f5266c,FB2312-baseline-awake,shrinking_clean
/Users/zcm361/Documents/Github/OxygenDynamicsV2/reference-validation/surge-shape-evidence-20260909/FB2312-baseline-awake/shrinking_clean,surge,1,3,3,402,413,402,413,17732,20,20,0,0,0,663.001638281074,663.001638281074,valid,valid,-0.00234622664464919,-0.00234622664464919,0,1,1,KnownSignal,a097d288340034ee9ef7b8aee7576865a13054f76c869956d371958767f5266c,FB2312-baseline-awake,shrinking_clean
/Users/zcm361/Documents/Github/OxygenDynamicsV2/reference-validation/surge-shape-evidence-20260909/FB2312-baseline-awake/shrinking_clean,surge,1,4,4,471,490,471,490,17877,20,20,0,0,0,678.28202159199,678.28202159199,valid,valid,0.00107369934556127,0.00107369934556127,0,1,0,KnownSignal,a097d288340034ee9ef7b8aee7576865a13054f76c869956d371958767f5266c,FB2312-baseline-awake,shrinking_clean
/Users/zcm361/Documents/Github/OxygenDynamicsV2/reference-validation/surge-shape-evidence-20260909/FB2312-baseline-awake/shrinking_clean,surge,1,5,5,494,503,494,503,17668,20,3,0,17,0,NaN,NaN,insufficient_clean_prebaseline,insufficient_clean_prebaseline,NaN,NaN,NaN,1,0,KnownSignal,a097d288340034ee9ef7b8aee7576865a13054f76c869956d371958767f5266c,FB2312-baseline-awake,shrinking_clean
/Users/zcm361/Documents/Github/OxygenDynamicsV2/reference-validation/surge-shape-evidence-20260909/FB2312-baseline-awake/shrinking_clean,surge,1,6,6,531,552,531,552,16927,20,20,0,0,0,648.028909434631,648.028909434631,valid,valid,0.00729212311103859,0.00729212311103859,0,1,0,KnownSignal,a097d288340034ee9ef7b8aee7576865a13054f76c869956d371958767f5266c,FB2312-baseline-awake,shrinking_clean
/Users/zcm361/Documents/Github/OxygenDynamicsV2/reference-validation/surge-shape-evidence-20260909/FB2312-baseline-awake/shrinking_clean,surge,1,7,7,641,650,641,650,16195,20,20,0,0,0,654.124439641865,654.124439641865,valid,valid,-0.00647368733109602,-0.00647368733109602,0,1,1,KnownSignal,a097d288340034ee9ef7b8aee7576865a13054f76c869956d371958767f5266c,FB2312-baseline-awake,shrinking_clean
/Users/zcm361/Documents/Github/OxygenDynamicsV2/reference-validation/surge-shape-evidence-20260909/FB2312-baseline-awake/shrinking_clean,surge,2,1,8,1,23,1,23,12518,20,0,1,0,0,NaN,NaN,insufficient_clean_prebaseline,insufficient_clean_prebaseline,NaN,NaN,NaN,1,0,KnownSignal,a097d288340034ee9ef7b8aee7576865a13054f76c869956d371958767f5266c,FB2312-baseline-awake,shrinking_clean
/Users/zcm361/Documents/Github/OxygenDynamicsV2/reference-validation/surge-shape-evidence-20260909/FB2312-baseline-awake/shrinking_clean,surge,2,2,9,204,214,204,214,12451,20,20,0,0,0,542.936009155891,542.936009155891,valid,valid,0.00590742328557808,0.00590742328557808,0,1,0,KnownSignal,a097d288340034ee9ef7b8aee7576865a13054f76c869956d371958767f5266c,FB2312-baseline-awake,shrinking_clean
/Users/zcm361/Documents/Github/OxygenDynamicsV2/reference-validation/surge-shape-evidence-20260909/FB2312-baseline-awake/shrinking_clean,surge,2,3,10,324,333,324,333,11777,20,20,0,0,0,557.706317398319,557.706317398319,valid,valid,0.00607445922815567,0.00607445922815567,0,1,0,KnownSignal,a097d288340034ee9ef7b8aee7576865a13054f76c869956d371958767f5266c,FB2312-baseline-awake,shrinking_clean
/Users/zcm361/Documents/Github/OxygenDynamicsV2/reference-validation/surge-shape-evidence-20260909/FB2312-baseline-awake/shrinking_clean,surge,2,4,11,402,412,402,412,12871,20,20,0,0,0,580.428509828296,580.428509828296,valid,valid,-0.00594581199191849,-0.00594581199191849,0,1,1,KnownSignal,a097d288340034ee9ef7b8aee7576865a13054f76c869956d371958767f5266c,FB2312-baseline-awake,shrinking_clean
/Users/zcm361/Documents/Github/OxygenDynamicsV2/reference-validation/surge-shape-evidence-20260909/FB2312-baseline-awake/shrinking_clean,surge,2,5,12,471,490,471,490,12519,20,20,0,0,0,584.235593897276,584.235593897276,valid,valid,-0.0132073831535142,-0.0132073831535142,0,1,1,KnownSignal,a097d288340034ee9ef7b8aee7576865a13054f76c869956d371958767f5266c,FB2312-baseline-awake,shrinking_clean
/Users/zcm361/Documents/Github/OxygenDynamicsV2/reference-validation/surge-shape-evidence-20260909/FB2312-baseline-awake/shrinking_clean,surge,2,6,13,494,503,494,503,11519,20,3,0,17,0,NaN,NaN,insufficient_clean_prebaseline,insufficient_clean_prebaseline,NaN,NaN,NaN,1,0,KnownSignal,a097d288340034ee9ef7b8aee7576865a13054f76c869956d371958767f5266c,FB2312-baseline-awake,shrinking_clean
/Users/zcm361/Documents/Github/OxygenDynamicsV2/reference-validation/surge-shape-evidence-20260909/FB2312-baseline-awake/shrinking_clean,surge,2,7,14,531,552,531,552,12402,20,20,0,0,0,583.94924608934,583.94924608934,valid,valid,0.00305081846300793,0.00305081846300793,0,1,0,KnownSignal,a097d288340034ee9ef7b8aee7576865a13054f76c869956d371958767f5266c,FB2312-baseline-awake,shrinking_clean
/Users/zcm361/Documents/Github/OxygenDynamicsV2/reference-validation/surge-shape-evidence-20260909/FB2312-baseline-awake/shrinking_clean,surge,2,8,15,641,650,641,650,13180,20,20,0,0,0,596.262632776935,596.262632776935,valid,valid,-0.0121499733767806,-0.0121499733767806,0,1,1,KnownSignal,a097d288340034ee9ef7b8aee7576865a13054f76c869956d371958767f5266c,FB2312-baseline-awake,shrinking_clean
/Users/zcm361/Documents/Github/OxygenDynamicsV2/reference-validation/surge-shape-evidence-20260909/FB2312-baseline-awake/shrinking_clean,surge,2,9,16,684,695,684,695,11524,20,20,0,0,0,573.866955918084,573.866955918084,valid,valid,0.0006981748802571,0.0006981748802571,0,1,0,KnownSignal,a097d288340034ee9ef7b8aee7576865a13054f76c869956d371958767f5266c,FB2312-baseline-awake,shrinking_clean
/Users/zcm361/Documents/Github/OxygenDynamicsV2/reference-validation/surge-shape-evidence-20260909/FB2312-baseline-awake/shrinking_clean,surge,3,1,17,24,53,24,53,8541,20,20,0,0,0,1589.52201147407,1589.52201147407,valid,valid,0.176013448626567,0.176013448626567,0,1,0,KnownSignal,a097d288340034ee9ef7b8aee7576865a13054f76c869956d371958767f5266c,FB2312-baseline-awake,shrinking_clean
/Users/zcm361/Documents/Github/OxygenDynamicsV2/reference-validation/surge-shape-evidence-20260909/FB2312-baseline-awake/shrinking_clean,surge,4,1,18,37,46,37,46,18852,20,8,0,12,0,NaN,NaN,insufficient_clean_prebaseline,insufficient_clean_prebaseline,NaN,NaN,NaN,1,0,KnownSignal,a097d288340034ee9ef7b8aee7576865a13054f76c869956d371958767f5266c,FB2312-baseline-awake,shrinking_clean
/Users/zcm361/Documents/Github/OxygenDynamicsV2/reference-validation/surge-shape-evidence-20260909/FB2312-baseline-awake/shrinking_clean,surge,5,1,19,51,63,51,63,26997,20,7,0,13,0,NaN,NaN,insufficient_clean_prebaseline,insufficient_clean_prebaseline,NaN,NaN,NaN,1,0,KnownSignal,a097d288340034ee9ef7b8aee7576865a13054f76c869956d371958767f5266c,FB2312-baseline-awake,shrinking_clean
/Users/zcm361/Documents/Github/OxygenDynamicsV2/reference-validation/surge-shape-evidence-20260909/FB2312-baseline-awake/shrinking_clean,surge,6,1,20,251,265,251,265,16740,20,20,0,0,0,5570.56245221028,5570.56245221028,valid,valid,0.156549493532634,0.156549493532634,0,1,0,KnownSignal,a097d288340034ee9ef7b8aee7576865a13054f76c869956d371958767f5266c,FB2312-baseline-awake,shrinking_clean
/Users/zcm361/Documents/Github/OxygenDynamicsV2/reference-validation/surge-shape-evidence-20260909/FB2312-baseline-awake/shrinking_clean,surge,6,2,21,355,370,355,370,17557,20,18,0,2,0,NaN,NaN,insufficient_clean_prebaseline,insufficient_clean_prebaseline,NaN,NaN,NaN,1,0,KnownSignal,a097d288340034ee9ef7b8aee7576865a13054f76c869956d371958767f5266c,FB2312-baseline-awake,shrinking_clean
/Users/zcm361/Documents/Github/OxygenDynamicsV2/reference-validation/surge-shape-evidence-20260909/FB2312-baseline-awake/shrinking_clean,surge,6,3,22,372,389,372,389,15492,20,4,0,16,0,NaN,NaN,insufficient_clean_prebaseline,insufficient_clean_prebaseline,NaN,NaN,NaN,1,0,KnownSignal,a097d288340034ee9ef7b8aee7576865a13054f76c869956d371958767f5266c,FB2312-baseline-awake,shrinking_clean
/Users/zcm361/Documents/Github/OxygenDynamicsV2/reference-validation/surge-shape-evidence-20260909/FB2312-baseline-awake/shrinking_clean,surge,7,1,23,358,369,358,369,5536,20,10,0,10,0,NaN,NaN,insufficient_clean_prebaseline,insufficient_clean_prebaseline,NaN,NaN,NaN,1,0,KnownSignal,a097d288340034ee9ef7b8aee7576865a13054f76c869956d371958767f5266c,FB2312-baseline-awake,shrinking_clean
/Users/zcm361/Documents/Github/OxygenDynamicsV2/reference-validation/surge-shape-evidence-20260909/FB2312-baseline-awake/shrinking_clean,surge,8,1,24,366,378,366,378,4236,20,20,0,0,0,5752.36109537299,5752.36109537299,valid,valid,0.066833064926626,0.066833064926626,0,1,0,KnownSignal,a097d288340034ee9ef7b8aee7576865a13054f76c869956d371958767f5266c,FB2312-baseline-awake,shrinking_clean
/Users/zcm361/Documents/Github/OxygenDynamicsV2/reference-validation/surge-shape-evidence-20260909/FB2312-baseline-awake/shrinking_clean,surge,8,2,25,380,398,380,398,4190,20,7,0,13,0,NaN,NaN,insufficient_clean_prebaseline,insufficient_clean_prebaseline,NaN,NaN,NaN,1,0,KnownSignal,a097d288340034ee9ef7b8aee7576865a13054f76c869956d371958767f5266c,FB2312-baseline-awake,shrinking_clean
/Users/zcm361/Documents/Github/OxygenDynamicsV2/reference-validation/surge-shape-evidence-20260909/FB2312-baseline-awake/shrinking_clean,surge,9,1,26,378,398,378,398,6670,20,20,0,0,0,3985.93830584708,3985.93830584708,valid,valid,0.0183443419545889,0.0183443419545889,0,1,0,KnownSignal,a097d288340034ee9ef7b8aee7576865a13054f76c869956d371958767f5266c,FB2312-baseline-awake,shrinking_clean
/Users/zcm361/Documents/Github/OxygenDynamicsV2/reference-validation/surge-shape-evidence-20260909/FB2312-baseline-awake/shrinking_clean,surge,9,2,27,512,523,512,523,8902,20,20,0,0,0,4356.62489889912,4356.62489889912,valid,valid,0.0876123207886475,0.0876123207886475,0,1,0,KnownSignal,a097d288340034ee9ef7b8aee7576865a13054f76c869956d371958767f5266c,FB2312-baseline-awake,shrinking_clean
/Users/zcm361/Documents/Github/OxygenDynamicsV2/reference-validation/surge-shape-evidence-20260909/FB2312-baseline-awake/shrinking_clean,surge,10,1,28,438,452,438,452,10077,20,13,0,7,0,NaN,NaN,insufficient_clean_prebaseline,insufficient_clean_prebaseline,NaN,NaN,NaN,1,0,KnownSignal,a097d288340034ee9ef7b8aee7576865a13054f76c869956d371958767f5266c,FB2312-baseline-awake,shrinking_clean
/Users/zcm361/Documents/Github/OxygenDynamicsV2/reference-validation/surge-shape-evidence-20260909/FB2312-baseline-awake/shrinking_clean,surge,10,2,29,516,527,516,527,9669,20,20,0,0,0,2479.50567793981,2479.50567793981,valid,valid,0.133051568751397,0.133051568751397,0,1,0,KnownSignal,a097d288340034ee9ef7b8aee7576865a13054f76c869956d371958767f5266c,FB2312-baseline-awake,shrinking_clean
/Users/zcm361/Documents/Github/OxygenDynamicsV2/reference-validation/surge-shape-evidence-20260909/FB2312-baseline-awake/shrinking_clean,surge,11,1,30,449,458,449,458,12277,20,18,0,2,0,NaN,NaN,insufficient_clean_prebaseline,insufficient_clean_prebaseline,NaN,NaN,NaN,1,0,KnownSignal,a097d288340034ee9ef7b8aee7576865a13054f76c869956d371958767f5266c,FB2312-baseline-awake,shrinking_clean
/Users/zcm361/Documents/Github/OxygenDynamicsV2/reference-validation/surge-shape-evidence-20260909/FB2312-baseline-awake/shrinking_clean,surge,12,1,31,616,630,616,630,12746,20,20,0,0,0,3916.66966107014,3916.66966107014,valid,valid,0.0957282120322751,0.0957282120322751,0,1,0,KnownSignal,a097d288340034ee9ef7b8aee7576865a13054f76c869956d371958767f5266c,FB2312-baseline-awake,shrinking_clean
/Users/zcm361/Documents/Github/OxygenDynamicsV2/reference-validation/surge-shape-evidence-20260909/FB2312-baseline-awake/shrinking_clean,surge,12,2,32,824,834,824,834,18149,20,20,0,0,0,3539.70379635242,3539.70379635242,valid,valid,0.100228936843864,0.100228936843864,0,1,0,KnownSignal,a097d288340034ee9ef7b8aee7576865a13054f76c869956d371958767f5266c,FB2312-baseline-awake,shrinking_clean
/Users/zcm361/Documents/Github/OxygenDynamicsV2/reference-validation/surge-shape-evidence-20260909/FB2312-baseline-awake/shrinking_clean,surge,13,1,33,621,631,621,631,4988,20,20,0,0,0,5049.06455493184,5049.06455493184,valid,valid,0.0510424291159873,0.0510424291159873,0,1,0,KnownSignal,a097d288340034ee9ef7b8aee7576865a13054f76c869956d371958767f5266c,FB2312-baseline-awake,shrinking_clean
/Users/zcm361/Documents/Github/OxygenDynamicsV2/reference-validation/surge-shape-evidence-20260909/FB2312-baseline-awake/shrinking_clean,surge,13,2,34,819,835,819,835,4283,20,20,0,0,0,4489.29893766052,4489.29893766052,valid,valid,0.0898716739032826,0.0898716739032826,0,1,0,KnownSignal,a097d288340034ee9ef7b8aee7576865a13054f76c869956d371958767f5266c,FB2312-baseline-awake,shrinking_clean
/Users/zcm361/Documents/Github/OxygenDynamicsV2/reference-validation/surge-shape-evidence-20260909/FB2312-baseline-awake/shrinking_clean,surge,14,1,35,661,676,661,676,25233,20,3,0,17,0,NaN,NaN,insufficient_clean_prebaseline,insufficient_clean_prebaseline,NaN,NaN,NaN,1,0,KnownSignal,a097d288340034ee9ef7b8aee7576865a13054f76c869956d371958767f5266c,FB2312-baseline-awake,shrinking_clean
/Users/zcm361/Documents/Github/OxygenDynamicsV2/reference-validation/surge-shape-evidence-20260909/FB2312-baseline-awake/shrinking_clean,surge,15,1,36,730,739,730,739,11695,20,20,0,0,0,4787.00887986319,4787.00887986319,valid,valid,0.078034220086881,0.078034220086881,0,1,0,KnownSignal,a097d288340034ee9ef7b8aee7576865a13054f76c869956d371958767f5266c,FB2312-baseline-awake,shrinking_clean
/Users/zcm361/Documents/Github/OxygenDynamicsV2/reference-validation/surge-shape-evidence-20260909/FB2312-baseline-awake/shrinking_clean,surge,16,1,37,824,833,824,833,9567,20,20,0,0,0,2643.32945019337,2643.32945019337,valid,valid,0.097781971309804,0.097781971309804,0,1,0,KnownSignal,a097d288340034ee9ef7b8aee7576865a13054f76c869956d371958767f5266c,FB2312-baseline-awake,shrinking_clean
/Users/zcm361/Documents/Github/OxygenDynamicsV2/reference-validation/surge-shape-evidence-20260909/FB2312-baseline-awake/shrinking_clean,surge,17,1,38,854,867,854,867,13605,20,16,0,4,0,NaN,NaN,insufficient_clean_prebaseline,insufficient_clean_prebaseline,NaN,NaN,NaN,1,0,KnownSignal,a097d288340034ee9ef7b8aee7576865a13054f76c869956d371958767f5266c,FB2312-baseline-awake,shrinking_clean
/Users/zcm361/Documents/Github/OxygenDynamicsV2/reference-validation/surge-shape-evidence-20260909/FB2312-baseline-awake/shrinking_clean,surge,18,1,39,938,947,938,947,9765,20,20,0,0,0,5551.94521761393,5551.94521761393,valid,valid,0.034990848859484,0.034990848859484,0,1,0,KnownSignal,a097d288340034ee9ef7b8aee7576865a13054f76c869956d371958767f5266c,FB2312-baseline-awake,shrinking_clean
