Session,EventRow,Cohort,Context,NativeStartFrame,NativeEndFrame,Status,OnsetFrame,FitStartFrame,FitEndFrame,BaselineStartFrame,BaselineEndFrame,BaselineMean,ProvisionalAmplitude,BaselineStatus,RisingScore,PulseScore,SelectedScore,SelectedModel,SelectorStatus,ModelGapSec,CombinedProfileSpanSec,PlausibleModels,AmplitudeFraction,RiseFrames,Shape,DelayFrames,TruthOnsetFrame,Constructible,PulseTruncated,OnsetErrorSec,WithinFiveSec,NativeBaselineImposedFraction,NativeBaselineEffectPP,ProposedBaselineImposedFraction,BaselineEffectPP,PositiveBaselineFrames,BaselineUnderOnePercent,ControlResolved,SameOnsetAsControl,ShiftFromControlSec,AmplitudeStatus,ArithmeticValid,PositiveAmplitudeEligible,SignedRawAmplitude,ProvisionalPositiveAmplitude,ReferenceStartFrame,ReferenceEndFrame,ReferenceMean,NativePeakFrame,NativePeakValue,FirstHalfReferenceMean,SecondHalfReferenceMean,ReferenceHalfChangeFraction,FirstHalfAmplitude,SecondHalfAmplitude,PositiveAcrossReferenceHalves,OracleSourceAtObservedPeak,OracleImposedAtObservedPeak,OracleBaselineEffect,OracleBaselineImposedFraction,OracleReferencePositiveFrames,DecompositionResidual,ExpandedStatus,ExpandedArithmeticValid,ExpandedPositiveEligible,ExpandedSignedAmplitude,ExpandedPositiveAmplitude,ExpandedPeakFrame,ExpandedPeakValue,AddedFrameCount,AddedNeighborFrames,AddedNonfiniteFrames,PeakPrecedesNative,AmplitudeIncrease,NativeEnvelopeFraction,ExpandedEnvelopeFraction,ExpandedOracleSource,ExpandedOracleImposed,ExpandedOracleReferenceEffect,ExpandedDecompositionResidual,OracleSourceOnlyWindowGain
M400-01-baseline-awake,1,development,selection,3,14,insufficient_clean_context,NaN,1,7,NaN,NaN,NaN,NaN,onset_unresolved,NaN,NaN,NaN,none,insufficient_clean_context,NaN,NaN,0,0,0,control,0,NaN,0,0,NaN,0,NaN,NaN,NaN,NaN,NaN,0,0,0,NaN,onset_unresolved,0,0,NaN,NaN,NaN,NaN,NaN,NaN,NaN,NaN,NaN,NaN,NaN,NaN,0,NaN,NaN,NaN,NaN,NaN,NaN,onset_unresolved,0,0,NaN,NaN,NaN,NaN,NaN,NaN,NaN,0,NaN,NaN,NaN,NaN,NaN,NaN,NaN,NaN
M400-01-baseline-awake,2,development,selection,7,18,insufficient_clean_context,NaN,1,11,NaN,NaN,NaN,NaN,onset_unresolved,NaN,NaN,NaN,none,insufficient_clean_context,NaN,NaN,0,0,0,control,0,NaN,0,0,NaN,0,NaN,NaN,NaN,NaN,NaN,0,0,0,NaN,onset_unresolved,0,0,NaN,NaN,NaN,NaN,NaN,NaN,NaN,NaN,NaN,NaN,NaN,NaN,0,NaN,NaN,NaN,NaN,NaN,NaN,onset_unresolved,0,0,NaN,NaN,NaN,NaN,NaN,NaN,NaN,0,NaN,NaN,NaN,NaN,NaN,NaN,NaN,NaN
M400-01-baseline-awake,3,development,selection,27,36,no_model_evidence,NaN,1,31,NaN,NaN,NaN,NaN,onset_unresolved,-0.93596486574648,-11.6783929513295,NaN,none,no_model_evidence,NaN,NaN,0,0,0,control,0,NaN,0,0,NaN,0,NaN,NaN,NaN,NaN,NaN,0,0,0,NaN,onset_unresolved,0,0,NaN,NaN,NaN,NaN,NaN,NaN,NaN,NaN,NaN,NaN,NaN,NaN,0,NaN,NaN,NaN,NaN,NaN,NaN,onset_unresolved,0,0,NaN,NaN,NaN,NaN,NaN,NaN,NaN,0,NaN,NaN,NaN,NaN,NaN,NaN,NaN,NaN
M400-01-baseline-awake,4,development,selection,55,71,insufficient_clean_context,NaN,52,59,NaN,NaN,NaN,NaN,onset_unresolved,NaN,NaN,NaN,none,insufficient_clean_context,NaN,NaN,0,0,0,control,0,NaN,0,0,NaN,0,NaN,NaN,NaN,NaN,NaN,0,0,0,NaN,onset_unresolved,0,0,NaN,NaN,NaN,NaN,NaN,NaN,NaN,NaN,NaN,NaN,NaN,NaN,0,NaN,NaN,NaN,NaN,NaN,NaN,onset_unresolved,0,0,NaN,NaN,NaN,NaN,NaN,NaN,NaN,0,NaN,NaN,NaN,NaN,NaN,NaN,NaN,NaN
M400-01-baseline-awake,5,development,selection,58,67,insufficient_clean_context,NaN,40,62,NaN,NaN,NaN,NaN,onset_unresolved,NaN,NaN,NaN,none,insufficient_clean_context,NaN,NaN,0,0,0,control,0,NaN,0,0,NaN,0,NaN,NaN,NaN,NaN,NaN,0,0,0,NaN,onset_unresolved,0,0,NaN,NaN,NaN,NaN,NaN,NaN,NaN,NaN,NaN,NaN,NaN,NaN,0,NaN,NaN,NaN,NaN,NaN,NaN,onset_unresolved,0,0,NaN,NaN,NaN,NaN,NaN,NaN,NaN,0,NaN,NaN,NaN,NaN,NaN,NaN,NaN,NaN
M400-01-baseline-awake,6,development,selection,59,74,resolved,45,1,63,25,44,47.3040120361083,0.183959153642438,provisional_valid,31.7348143101409,50.2057065497597,50.2057065497597,pulse,resolved,NaN,NaN,2,0,0,control,0,NaN,0,0,NaN,0,NaN,NaN,NaN,NaN,NaN,0,1,0,NaN,positive_raw_change_provisional,1,1,0.183959153642438,0.183959153642438,25,44,47.3040120361083,73,56.0060180541625,47.4464894684052,47.1615346038114,-0.00602390478795498,0.180403833490296,0.187535955406258,1,NaN,NaN,NaN,NaN,NaN,NaN,positive_raw_change_provisional,1,1,0.199670922202362,0.199670922202362,58,56.7492477432297,14,0,0,1,0.0157117685599242,NaN,NaN,NaN,NaN,NaN,NaN,NaN
M400-01-baseline-awake,7,development,selection,65,83,insufficient_clean_context,NaN,59,69,NaN,NaN,NaN,NaN,onset_unresolved,NaN,NaN,NaN,none,insufficient_clean_context,NaN,NaN,0,0,0,control,0,NaN,0,0,NaN,0,NaN,NaN,NaN,NaN,NaN,0,0,0,NaN,onset_unresolved,0,0,NaN,NaN,NaN,NaN,NaN,NaN,NaN,NaN,NaN,NaN,NaN,NaN,0,NaN,NaN,NaN,NaN,NaN,NaN,onset_unresolved,0,0,NaN,NaN,NaN,NaN,NaN,NaN,NaN,0,NaN,NaN,NaN,NaN,NaN,NaN,NaN,NaN
M400-01-baseline-awake,8,development,selection,210,219,insufficient_clean_context,NaN,209,214,NaN,NaN,NaN,NaN,onset_unresolved,NaN,NaN,NaN,none,insufficient_clean_context,NaN,NaN,0,0,0,control,0,NaN,0,0,NaN,0,NaN,NaN,NaN,NaN,NaN,0,0,0,NaN,onset_unresolved,0,0,NaN,NaN,NaN,NaN,NaN,NaN,NaN,NaN,NaN,NaN,NaN,NaN,0,NaN,NaN,NaN,NaN,NaN,NaN,onset_unresolved,0,0,NaN,NaN,NaN,NaN,NaN,NaN,NaN,0,NaN,NaN,NaN,NaN,NaN,NaN,NaN,NaN
M400-01-baseline-awake,9,development,selection,66,76,resolved,38,9,70,18,37,73.4157608695652,0.0755723004813733,provisional_valid,19.9917047596852,6.22400724343,19.9917047596852,rising,resolved,NaN,NaN,1,0,0,control,0,NaN,0,0,NaN,0,NaN,NaN,NaN,NaN,NaN,0,1,0,NaN,positive_raw_change_provisional,1,1,0.0755723004813733,0.0755723004813733,18,37,73.4157608695652,70,78.9639588100686,73.15,73.6815217391304,0.00723988599770503,0.0794799563919157,0.0716928335117819,1,NaN,NaN,NaN,NaN,NaN,NaN,positive_raw_change_provisional,1,1,0.0777716954042582,0.0777716954042582,63,79.1254290617849,28,0,0,1,0.0021993949228849,NaN,NaN,NaN,NaN,NaN,NaN,NaN
M400-01-baseline-awake,10,development,selection,77,87,insufficient_clean_context,NaN,77,81,NaN,NaN,NaN,NaN,onset_unresolved,NaN,NaN,NaN,none,insufficient_clean_context,NaN,NaN,0,0,0,control,0,NaN,0,0,NaN,0,NaN,NaN,NaN,NaN,NaN,0,0,0,NaN,onset_unresolved,0,0,NaN,NaN,NaN,NaN,NaN,NaN,NaN,NaN,NaN,NaN,NaN,NaN,0,NaN,NaN,NaN,NaN,NaN,NaN,onset_unresolved,0,0,NaN,NaN,NaN,NaN,NaN,NaN,NaN,0,NaN,NaN,NaN,NaN,NaN,NaN,NaN,NaN
M400-01-baseline-awake,11,development,selection,106,115,no_model_evidence,NaN,68,110,NaN,NaN,NaN,NaN,onset_unresolved,1.21166929484375,-20.0669403726401,NaN,none,no_model_evidence,NaN,NaN,0,0,0,control,0,NaN,0,0,NaN,0,NaN,NaN,NaN,NaN,NaN,0,0,0,NaN,onset_unresolved,0,0,NaN,NaN,NaN,NaN,NaN,NaN,NaN,NaN,NaN,NaN,NaN,NaN,0,NaN,NaN,NaN,NaN,NaN,NaN,onset_unresolved,0,0,NaN,NaN,NaN,NaN,NaN,NaN,NaN,0,NaN,NaN,NaN,NaN,NaN,NaN,NaN,NaN
M400-01-baseline-awake,12,development,selection,106,115,insufficient_clean_context,NaN,106,110,NaN,NaN,NaN,NaN,onset_unresolved,NaN,NaN,NaN,none,insufficient_clean_context,NaN,NaN,0,0,0,control,0,NaN,0,0,NaN,0,NaN,NaN,NaN,NaN,NaN,0,0,0,NaN,onset_unresolved,0,0,NaN,NaN,NaN,NaN,NaN,NaN,NaN,NaN,NaN,NaN,NaN,NaN,0,NaN,NaN,NaN,NaN,NaN,NaN,onset_unresolved,0,0,NaN,NaN,NaN,NaN,NaN,NaN,NaN,0,NaN,NaN,NaN,NaN,NaN,NaN,NaN,NaN
M400-01-baseline-awake,13,development,selection,127,145,insufficient_clean_context,NaN,127,131,NaN,NaN,NaN,NaN,onset_unresolved,NaN,NaN,NaN,none,insufficient_clean_context,NaN,NaN,0,0,0,control,0,NaN,0,0,NaN,0,NaN,NaN,NaN,NaN,NaN,0,0,0,NaN,onset_unresolved,0,0,NaN,NaN,NaN,NaN,NaN,NaN,NaN,NaN,NaN,NaN,NaN,NaN,0,NaN,NaN,NaN,NaN,NaN,NaN,onset_unresolved,0,0,NaN,NaN,NaN,NaN,NaN,NaN,NaN,0,NaN,NaN,NaN,NaN,NaN,NaN,NaN,NaN
M400-01-baseline-awake,14,development,selection,127,152,insufficient_clean_context,NaN,116,131,NaN,NaN,NaN,NaN,onset_unresolved,NaN,NaN,NaN,none,insufficient_clean_context,NaN,NaN,0,0,0,control,0,NaN,0,0,NaN,0,NaN,NaN,NaN,NaN,NaN,0,0,0,NaN,onset_unresolved,0,0,NaN,NaN,NaN,NaN,NaN,NaN,NaN,NaN,NaN,NaN,NaN,NaN,0,NaN,NaN,NaN,NaN,NaN,NaN,onset_unresolved,0,0,NaN,NaN,NaN,NaN,NaN,NaN,NaN,0,NaN,NaN,NaN,NaN,NaN,NaN,NaN,NaN
M400-01-baseline-awake,15,development,selection,133,145,insufficient_clean_context,NaN,130,137,NaN,NaN,NaN,NaN,onset_unresolved,NaN,NaN,NaN,none,insufficient_clean_context,NaN,NaN,0,0,0,control,0,NaN,0,0,NaN,0,NaN,NaN,NaN,NaN,NaN,0,0,0,NaN,onset_unresolved,0,0,NaN,NaN,NaN,NaN,NaN,NaN,NaN,NaN,NaN,NaN,NaN,NaN,0,NaN,NaN,NaN,NaN,NaN,NaN,onset_unresolved,0,0,NaN,NaN,NaN,NaN,NaN,NaN,NaN,0,NaN,NaN,NaN,NaN,NaN,NaN,NaN,NaN
M400-01-baseline-awake,16,development,selection,141,156,no_model_evidence,NaN,85,145,NaN,NaN,NaN,NaN,onset_unresolved,-4.82398747715295,-13.4194719236004,NaN,none,no_model_evidence,NaN,NaN,0,0,0,control,0,NaN,0,0,NaN,0,NaN,NaN,NaN,NaN,NaN,0,0,0,NaN,onset_unresolved,0,0,NaN,NaN,NaN,NaN,NaN,NaN,NaN,NaN,NaN,NaN,NaN,NaN,0,NaN,NaN,NaN,NaN,NaN,NaN,onset_unresolved,0,0,NaN,NaN,NaN,NaN,NaN,NaN,NaN,0,NaN,NaN,NaN,NaN,NaN,NaN,NaN,NaN
M400-01-baseline-awake,17,development,selection,144,155,insufficient_clean_context,NaN,144,148,NaN,NaN,NaN,NaN,onset_unresolved,NaN,NaN,NaN,none,insufficient_clean_context,NaN,NaN,0,0,0,control,0,NaN,0,0,NaN,0,NaN,NaN,NaN,NaN,NaN,0,0,0,NaN,onset_unresolved,0,0,NaN,NaN,NaN,NaN,NaN,NaN,NaN,NaN,NaN,NaN,NaN,NaN,0,NaN,NaN,NaN,NaN,NaN,NaN,onset_unresolved,0,0,NaN,NaN,NaN,NaN,NaN,NaN,NaN,0,NaN,NaN,NaN,NaN,NaN,NaN,NaN,NaN
M400-01-baseline-awake,18,development,selection,156,169,insufficient_clean_context,NaN,156,160,NaN,NaN,NaN,NaN,onset_unresolved,NaN,NaN,NaN,none,insufficient_clean_context,NaN,NaN,0,0,0,control,0,NaN,0,0,NaN,0,NaN,NaN,NaN,NaN,NaN,0,0,0,NaN,onset_unresolved,0,0,NaN,NaN,NaN,NaN,NaN,NaN,NaN,NaN,NaN,NaN,NaN,NaN,0,NaN,NaN,NaN,NaN,NaN,NaN,onset_unresolved,0,0,NaN,NaN,NaN,NaN,NaN,NaN,NaN,0,NaN,NaN,NaN,NaN,NaN,NaN,NaN,NaN
M400-01-baseline-awake,19,development,selection,363,388,no_model_evidence,NaN,341,367,NaN,NaN,NaN,NaN,onset_unresolved,-0.00227772152588712,-7.65605240558199,NaN,none,no_model_evidence,NaN,NaN,0,0,0,control,0,NaN,0,0,NaN,0,NaN,NaN,NaN,NaN,NaN,0,0,0,NaN,onset_unresolved,0,0,NaN,NaN,NaN,NaN,NaN,NaN,NaN,NaN,NaN,NaN,NaN,NaN,0,NaN,NaN,NaN,NaN,NaN,NaN,onset_unresolved,0,0,NaN,NaN,NaN,NaN,NaN,NaN,NaN,0,NaN,NaN,NaN,NaN,NaN,NaN,NaN,NaN
M400-01-baseline-awake,20,development,selection,158,187,insufficient_clean_context,NaN,149,162,NaN,NaN,NaN,NaN,onset_unresolved,NaN,NaN,NaN,none,insufficient_clean_context,NaN,NaN,0,0,0,control,0,NaN,0,0,NaN,0,NaN,NaN,NaN,NaN,NaN,0,0,0,NaN,onset_unresolved,0,0,NaN,NaN,NaN,NaN,NaN,NaN,NaN,NaN,NaN,NaN,NaN,NaN,0,NaN,NaN,NaN,NaN,NaN,NaN,onset_unresolved,0,0,NaN,NaN,NaN,NaN,NaN,NaN,NaN,0,NaN,NaN,NaN,NaN,NaN,NaN,NaN,NaN
M400-01-baseline-awake,21,development,selection,189,210,insufficient_clean_context,NaN,188,193,NaN,NaN,NaN,NaN,onset_unresolved,NaN,NaN,NaN,none,insufficient_clean_context,NaN,NaN,0,0,0,control,0,NaN,0,0,NaN,0,NaN,NaN,NaN,NaN,NaN,0,0,0,NaN,onset_unresolved,0,0,NaN,NaN,NaN,NaN,NaN,NaN,NaN,NaN,NaN,NaN,NaN,NaN,0,NaN,NaN,NaN,NaN,NaN,NaN,onset_unresolved,0,0,NaN,NaN,NaN,NaN,NaN,NaN,NaN,0,NaN,NaN,NaN,NaN,NaN,NaN,NaN,NaN
M400-01-baseline-awake,22,development,selection,227,240,insufficient_clean_context,NaN,211,231,NaN,NaN,NaN,NaN,onset_unresolved,NaN,NaN,NaN,none,insufficient_clean_context,NaN,NaN,0,0,0,control,0,NaN,0,0,NaN,0,NaN,NaN,NaN,NaN,NaN,0,0,0,NaN,onset_unresolved,0,0,NaN,NaN,NaN,NaN,NaN,NaN,NaN,NaN,NaN,NaN,NaN,NaN,0,NaN,NaN,NaN,NaN,NaN,NaN,onset_unresolved,0,0,NaN,NaN,NaN,NaN,NaN,NaN,NaN,0,NaN,NaN,NaN,NaN,NaN,NaN,NaN,NaN
M400-01-baseline-awake,23,development,selection,161,179,insufficient_clean_context,NaN,153,165,NaN,NaN,NaN,NaN,onset_unresolved,NaN,NaN,NaN,none,insufficient_clean_context,NaN,NaN,0,0,0,control,0,NaN,0,0,NaN,0,NaN,NaN,NaN,NaN,NaN,0,0,0,NaN,onset_unresolved,0,0,NaN,NaN,NaN,NaN,NaN,NaN,NaN,NaN,NaN,NaN,NaN,NaN,0,NaN,NaN,NaN,NaN,NaN,NaN,onset_unresolved,0,0,NaN,NaN,NaN,NaN,NaN,NaN,NaN,0,NaN,NaN,NaN,NaN,NaN,NaN,NaN,NaN
M400-01-baseline-awake,24,development,selection,169,186,insufficient_clean_context,NaN,152,173,NaN,NaN,NaN,NaN,onset_unresolved,NaN,NaN,NaN,none,insufficient_clean_context,NaN,NaN,0,0,0,control,0,NaN,0,0,NaN,0,NaN,NaN,NaN,NaN,NaN,0,0,0,NaN,onset_unresolved,0,0,NaN,NaN,NaN,NaN,NaN,NaN,NaN,NaN,NaN,NaN,NaN,NaN,0,NaN,NaN,NaN,NaN,NaN,NaN,onset_unresolved,0,0,NaN,NaN,NaN,NaN,NaN,NaN,NaN,0,NaN,NaN,NaN,NaN,NaN,NaN,NaN,NaN
M400-01-baseline-awake,25,development,selection,197,206,insufficient_clean_context,NaN,194,201,NaN,NaN,NaN,NaN,onset_unresolved,NaN,NaN,NaN,none,insufficient_clean_context,NaN,NaN,0,0,0,control,0,NaN,0,0,NaN,0,NaN,NaN,NaN,NaN,NaN,0,0,0,NaN,onset_unresolved,0,0,NaN,NaN,NaN,NaN,NaN,NaN,NaN,NaN,NaN,NaN,NaN,NaN,0,NaN,NaN,NaN,NaN,NaN,NaN,onset_unresolved,0,0,NaN,NaN,NaN,NaN,NaN,NaN,NaN,0,NaN,NaN,NaN,NaN,NaN,NaN,NaN,NaN
M400-01-baseline-awake,26,development,selection,324,334,no_model_evidence,NaN,297,328,NaN,NaN,NaN,NaN,onset_unresolved,1.4905439869509,-10.0480924350681,NaN,none,no_model_evidence,NaN,NaN,0,0,0,control,0,NaN,0,0,NaN,0,NaN,NaN,NaN,NaN,NaN,0,0,0,NaN,onset_unresolved,0,0,NaN,NaN,NaN,NaN,NaN,NaN,NaN,NaN,NaN,NaN,NaN,NaN,0,NaN,NaN,NaN,NaN,NaN,NaN,onset_unresolved,0,0,NaN,NaN,NaN,NaN,NaN,NaN,NaN,0,NaN,NaN,NaN,NaN,NaN,NaN,NaN,NaN
M400-01-baseline-awake,27,development,selection,534,543,insufficient_clean_context,NaN,532,538,NaN,NaN,NaN,NaN,onset_unresolved,NaN,NaN,NaN,none,insufficient_clean_context,NaN,NaN,0,0,0,control,0,NaN,0,0,NaN,0,NaN,NaN,NaN,NaN,NaN,0,0,0,NaN,onset_unresolved,0,0,NaN,NaN,NaN,NaN,NaN,NaN,NaN,NaN,NaN,NaN,NaN,NaN,0,NaN,NaN,NaN,NaN,NaN,NaN,onset_unresolved,0,0,NaN,NaN,NaN,NaN,NaN,NaN,NaN,0,NaN,NaN,NaN,NaN,NaN,NaN,NaN,NaN
M400-01-baseline-awake,28,development,selection,174,185,no_model_evidence,NaN,114,178,NaN,NaN,NaN,NaN,onset_unresolved,-5.49477073924844,-17.3774512938755,NaN,none,no_model_evidence,NaN,NaN,0,0,0,control,0,NaN,0,0,NaN,0,NaN,NaN,NaN,NaN,NaN,0,0,0,NaN,onset_unresolved,0,0,NaN,NaN,NaN,NaN,NaN,NaN,NaN,NaN,NaN,NaN,NaN,NaN,0,NaN,NaN,NaN,NaN,NaN,NaN,onset_unresolved,0,0,NaN,NaN,NaN,NaN,NaN,NaN,NaN,0,NaN,NaN,NaN,NaN,NaN,NaN,NaN,NaN
M400-01-baseline-awake,29,development,selection,446,456,resolved,407,386,450,387,406,40.831985940246,0.124544836313239,provisional_valid,12.7848296628462,-1.12462650796058,12.7848296628462,rising,resolved,NaN,NaN,1,0,0,control,0,NaN,0,0,NaN,0,NaN,NaN,NaN,NaN,NaN,0,1,0,NaN,positive_raw_change_provisional,1,1,0.124544836313239,0.124544836313239,387,406,40.831985940246,449,45.9173989455185,42.8615992970123,38.8023725834798,-0.0994129141666736,0.0712945783317789,0.183365755450426,1,NaN,NaN,NaN,NaN,NaN,NaN,positive_raw_change_provisional,1,1,0.124544836313239,0.124544836313239,449,45.9173989455185,39,0,0,0,0,NaN,NaN,NaN,NaN,NaN,NaN,NaN
M400-01-baseline-awake,30,development,selection,196,206,no_model_evidence,NaN,136,200,NaN,NaN,NaN,NaN,onset_unresolved,-7.40665684224522,-16.3834380086269,NaN,none,no_model_evidence,NaN,NaN,0,0,0,control,0,NaN,0,0,NaN,0,NaN,NaN,NaN,NaN,NaN,0,0,0,NaN,onset_unresolved,0,0,NaN,NaN,NaN,NaN,NaN,NaN,NaN,NaN,NaN,NaN,NaN,NaN,0,NaN,NaN,NaN,NaN,NaN,NaN,onset_unresolved,0,0,NaN,NaN,NaN,NaN,NaN,NaN,NaN,0,NaN,NaN,NaN,NaN,NaN,NaN,NaN,NaN
M400-01-baseline-awake,31,development,selection,209,219,resolved,207,185,213,187,206,110.826104417671,0.0549660387592803,provisional_valid,12.7750984071382,5.44481241918834,12.7750984071382,rising,resolved,NaN,NaN,1,0,0,control,0,NaN,0,0,NaN,0,NaN,NaN,NaN,NaN,NaN,0,1,0,NaN,positive_raw_change_provisional,1,1,0.0549660387592803,0.0549660387592803,187,206,110.826104417671,215,116.917776368632,111.671887550201,109.980321285141,-0.0152632475349422,0.0469759125014646,0.063079058166283,1,NaN,NaN,NaN,NaN,NaN,NaN,positive_raw_change_provisional,1,1,0.0549660387592803,0.0549660387592803,215,116.917776368632,2,0,0,0,0,NaN,NaN,NaN,NaN,NaN,NaN,NaN
M400-01-baseline-awake,32,development,selection,241,251,no_model_evidence,NaN,181,245,NaN,NaN,NaN,NaN,onset_unresolved,4.93156360981348,-1.11094416861136,NaN,none,no_model_evidence,NaN,NaN,0,0,0,control,0,NaN,0,0,NaN,0,NaN,NaN,NaN,NaN,NaN,0,0,0,NaN,onset_unresolved,0,0,NaN,NaN,NaN,NaN,NaN,NaN,NaN,NaN,NaN,NaN,NaN,NaN,0,NaN,NaN,NaN,NaN,NaN,NaN,onset_unresolved,0,0,NaN,NaN,NaN,NaN,NaN,NaN,NaN,0,NaN,NaN,NaN,NaN,NaN,NaN,NaN,NaN
M400-01-baseline-awake,33,development,selection,241,254,no_model_evidence,NaN,219,245,NaN,NaN,NaN,NaN,onset_unresolved,-5.38046959159832,-16.5840554544324,NaN,none,no_model_evidence,NaN,NaN,0,0,0,control,0,NaN,0,0,NaN,0,NaN,NaN,NaN,NaN,NaN,0,0,0,NaN,onset_unresolved,0,0,NaN,NaN,NaN,NaN,NaN,NaN,NaN,NaN,NaN,NaN,NaN,NaN,0,NaN,NaN,NaN,NaN,NaN,NaN,onset_unresolved,0,0,NaN,NaN,NaN,NaN,NaN,NaN,NaN,0,NaN,NaN,NaN,NaN,NaN,NaN,NaN,NaN
M400-01-baseline-awake,34,development,selection,241,252,insufficient_clean_context,NaN,220,245,NaN,NaN,NaN,NaN,onset_unresolved,NaN,NaN,NaN,none,insufficient_clean_context,NaN,NaN,0,0,0,control,0,NaN,0,0,NaN,0,NaN,NaN,NaN,NaN,NaN,0,0,0,NaN,onset_unresolved,0,0,NaN,NaN,NaN,NaN,NaN,NaN,NaN,NaN,NaN,NaN,NaN,NaN,0,NaN,NaN,NaN,NaN,NaN,NaN,onset_unresolved,0,0,NaN,NaN,NaN,NaN,NaN,NaN,NaN,0,NaN,NaN,NaN,NaN,NaN,NaN,NaN,NaN
M400-01-baseline-awake,35,development,selection,242,253,no_model_evidence,NaN,220,246,NaN,NaN,NaN,NaN,onset_unresolved,12.1296385685741,-19.2468773884239,NaN,none,no_model_evidence,NaN,NaN,0,0,0,control,0,NaN,0,0,NaN,0,NaN,NaN,NaN,NaN,NaN,0,0,0,NaN,onset_unresolved,0,0,NaN,NaN,NaN,NaN,NaN,NaN,NaN,NaN,NaN,NaN,NaN,NaN,0,NaN,NaN,NaN,NaN,NaN,NaN,onset_unresolved,0,0,NaN,NaN,NaN,NaN,NaN,NaN,NaN,0,NaN,NaN,NaN,NaN,NaN,NaN,NaN,NaN
M400-01-baseline-awake,36,development,selection,243,253,no_model_evidence,NaN,183,247,NaN,NaN,NaN,NaN,onset_unresolved,-1.33826226919865,-14.7171850724174,NaN,none,no_model_evidence,NaN,NaN,0,0,0,control,0,NaN,0,0,NaN,0,NaN,NaN,NaN,NaN,NaN,0,0,0,NaN,onset_unresolved,0,0,NaN,NaN,NaN,NaN,NaN,NaN,NaN,NaN,NaN,NaN,NaN,NaN,0,NaN,NaN,NaN,NaN,NaN,NaN,onset_unresolved,0,0,NaN,NaN,NaN,NaN,NaN,NaN,NaN,0,NaN,NaN,NaN,NaN,NaN,NaN,NaN,NaN
M400-01-baseline-awake,37,development,selection,331,347,insufficient_clean_context,NaN,311,335,NaN,NaN,NaN,NaN,onset_unresolved,NaN,NaN,NaN,none,insufficient_clean_context,NaN,NaN,0,0,0,control,0,NaN,0,0,NaN,0,NaN,NaN,NaN,NaN,NaN,0,0,0,NaN,onset_unresolved,0,0,NaN,NaN,NaN,NaN,NaN,NaN,NaN,NaN,NaN,NaN,NaN,NaN,0,NaN,NaN,NaN,NaN,NaN,NaN,onset_unresolved,0,0,NaN,NaN,NaN,NaN,NaN,NaN,NaN,0,NaN,NaN,NaN,NaN,NaN,NaN,NaN,NaN
M400-01-baseline-awake,38,development,selection,245,254,insufficient_clean_context,NaN,235,249,NaN,NaN,NaN,NaN,onset_unresolved,NaN,NaN,NaN,none,insufficient_clean_context,NaN,NaN,0,0,0,control,0,NaN,0,0,NaN,0,NaN,NaN,NaN,NaN,NaN,0,0,0,NaN,onset_unresolved,0,0,NaN,NaN,NaN,NaN,NaN,NaN,NaN,NaN,NaN,NaN,NaN,NaN,0,NaN,NaN,NaN,NaN,NaN,NaN,onset_unresolved,0,0,NaN,NaN,NaN,NaN,NaN,NaN,NaN,0,NaN,NaN,NaN,NaN,NaN,NaN,NaN,NaN
M400-01-baseline-awake,39,development,selection,284,294,insufficient_clean_context,NaN,281,288,NaN,NaN,NaN,NaN,onset_unresolved,NaN,NaN,NaN,none,insufficient_clean_context,NaN,NaN,0,0,0,control,0,NaN,0,0,NaN,0,NaN,NaN,NaN,NaN,NaN,0,0,0,NaN,onset_unresolved,0,0,NaN,NaN,NaN,NaN,NaN,NaN,NaN,NaN,NaN,NaN,NaN,NaN,0,NaN,NaN,NaN,NaN,NaN,NaN,onset_unresolved,0,0,NaN,NaN,NaN,NaN,NaN,NaN,NaN,0,NaN,NaN,NaN,NaN,NaN,NaN,NaN,NaN
M400-01-baseline-awake,40,development,selection,301,310,no_model_evidence,NaN,254,305,NaN,NaN,NaN,NaN,onset_unresolved,1.97368165302212,-14.4493093199509,NaN,none,no_model_evidence,NaN,NaN,0,0,0,control,0,NaN,0,0,NaN,0,NaN,NaN,NaN,NaN,NaN,0,0,0,NaN,onset_unresolved,0,0,NaN,NaN,NaN,NaN,NaN,NaN,NaN,NaN,NaN,NaN,NaN,NaN,0,NaN,NaN,NaN,NaN,NaN,NaN,onset_unresolved,0,0,NaN,NaN,NaN,NaN,NaN,NaN,NaN,0,NaN,NaN,NaN,NaN,NaN,NaN,NaN,NaN
M400-01-baseline-awake,41,development,selection,320,332,no_model_evidence,NaN,260,324,NaN,NaN,NaN,NaN,onset_unresolved,3.69855078401523,-10.0228135515435,NaN,none,no_model_evidence,NaN,NaN,0,0,0,control,0,NaN,0,0,NaN,0,NaN,NaN,NaN,NaN,NaN,0,0,0,NaN,onset_unresolved,0,0,NaN,NaN,NaN,NaN,NaN,NaN,NaN,NaN,NaN,NaN,NaN,NaN,0,NaN,NaN,NaN,NaN,NaN,NaN,onset_unresolved,0,0,NaN,NaN,NaN,NaN,NaN,NaN,NaN,0,NaN,NaN,NaN,NaN,NaN,NaN,NaN,NaN
M400-01-baseline-awake,42,development,selection,325,338,no_model_evidence,NaN,265,329,NaN,NaN,NaN,NaN,onset_unresolved,-0.975509038541993,-13.714876707509,NaN,none,no_model_evidence,NaN,NaN,0,0,0,control,0,NaN,0,0,NaN,0,NaN,NaN,NaN,NaN,NaN,0,0,0,NaN,onset_unresolved,0,0,NaN,NaN,NaN,NaN,NaN,NaN,NaN,NaN,NaN,NaN,NaN,NaN,0,NaN,NaN,NaN,NaN,NaN,NaN,onset_unresolved,0,0,NaN,NaN,NaN,NaN,NaN,NaN,NaN,0,NaN,NaN,NaN,NaN,NaN,NaN,NaN,NaN
M400-01-baseline-awake,43,development,selection,382,393,insufficient_clean_context,NaN,367,386,NaN,NaN,NaN,NaN,onset_unresolved,NaN,NaN,NaN,none,insufficient_clean_context,NaN,NaN,0,0,0,control,0,NaN,0,0,NaN,0,NaN,NaN,NaN,NaN,NaN,0,0,0,NaN,onset_unresolved,0,0,NaN,NaN,NaN,NaN,NaN,NaN,NaN,NaN,NaN,NaN,NaN,NaN,0,NaN,NaN,NaN,NaN,NaN,NaN,onset_unresolved,0,0,NaN,NaN,NaN,NaN,NaN,NaN,NaN,0,NaN,NaN,NaN,NaN,NaN,NaN,NaN,NaN
M400-01-baseline-awake,44,development,selection,390,400,resolved,357,330,394,337,356,91.5259660883281,0.0468663867560983,provisional_valid,71.2019336288661,59.6449271059303,71.2019336288661,rising,resolved,NaN,NaN,2,0,0,control,0,NaN,0,0,NaN,0,NaN,NaN,NaN,NaN,NaN,0,1,0,NaN,positive_raw_change_provisional,1,1,0.0468663867560983,0.0468663867560983,337,356,91.5259660883281,391,95.8154574132492,95.5315063091483,87.5204258675079,-0.0875279528206148,0.00297232939237912,0.094778235634944,1,NaN,NaN,NaN,NaN,NaN,NaN,positive_raw_change_provisional,1,1,0.0468663867560983,0.0468663867560983,391,95.8154574132492,33,0,0,0,0,NaN,NaN,NaN,NaN,NaN,NaN,NaN
M400-01-baseline-awake,45,development,selection,415,430,no_model_evidence,NaN,355,419,NaN,NaN,NaN,NaN,onset_unresolved,28.0102747407397,7.78093169570749,NaN,none,no_model_evidence,NaN,NaN,0,0,0,control,0,NaN,0,0,NaN,0,NaN,NaN,NaN,NaN,NaN,0,0,0,NaN,onset_unresolved,0,0,NaN,NaN,NaN,NaN,NaN,NaN,NaN,NaN,NaN,NaN,NaN,NaN,0,NaN,NaN,NaN,NaN,NaN,NaN,onset_unresolved,0,0,NaN,NaN,NaN,NaN,NaN,NaN,NaN,0,NaN,NaN,NaN,NaN,NaN,NaN,NaN,NaN
M400-01-baseline-awake,46,development,selection,432,459,insufficient_clean_context,NaN,431,436,NaN,NaN,NaN,NaN,onset_unresolved,NaN,NaN,NaN,none,insufficient_clean_context,NaN,NaN,0,0,0,control,0,NaN,0,0,NaN,0,NaN,NaN,NaN,NaN,NaN,0,0,0,NaN,onset_unresolved,0,0,NaN,NaN,NaN,NaN,NaN,NaN,NaN,NaN,NaN,NaN,NaN,NaN,0,NaN,NaN,NaN,NaN,NaN,NaN,onset_unresolved,0,0,NaN,NaN,NaN,NaN,NaN,NaN,NaN,0,NaN,NaN,NaN,NaN,NaN,NaN,NaN,NaN
M400-01-baseline-awake,47,development,selection,468,478,best_model_unresolved,NaN,408,472,NaN,NaN,NaN,NaN,onset_unresolved,28.5779366472179,21.773987190844,21.773987190844,none,best_model_unresolved,NaN,NaN,1,0,0,control,0,NaN,0,0,NaN,0,NaN,NaN,NaN,NaN,NaN,0,0,0,NaN,onset_unresolved,0,0,NaN,NaN,NaN,NaN,NaN,NaN,NaN,NaN,NaN,NaN,NaN,NaN,0,NaN,NaN,NaN,NaN,NaN,NaN,onset_unresolved,0,0,NaN,NaN,NaN,NaN,NaN,NaN,NaN,0,NaN,NaN,NaN,NaN,NaN,NaN,NaN,NaN
M400-01-baseline-awake,48,development,selection,535,544,no_model_evidence,NaN,475,539,NaN,NaN,NaN,NaN,onset_unresolved,6.55497455592223,-6.17788062139293,NaN,none,no_model_evidence,NaN,NaN,0,0,0,control,0,NaN,0,0,NaN,0,NaN,NaN,NaN,NaN,NaN,0,0,0,NaN,onset_unresolved,0,0,NaN,NaN,NaN,NaN,NaN,NaN,NaN,NaN,NaN,NaN,NaN,NaN,0,NaN,NaN,NaN,NaN,NaN,NaN,onset_unresolved,0,0,NaN,NaN,NaN,NaN,NaN,NaN,NaN,0,NaN,NaN,NaN,NaN,NaN,NaN,NaN,NaN
M400-01-baseline-awake,49,development,selection,559,569,no_model_evidence,NaN,499,563,NaN,NaN,NaN,NaN,onset_unresolved,4.3709109607506,-8.54327340123451,NaN,none,no_model_evidence,NaN,NaN,0,0,0,control,0,NaN,0,0,NaN,0,NaN,NaN,NaN,NaN,NaN,0,0,0,NaN,onset_unresolved,0,0,NaN,NaN,NaN,NaN,NaN,NaN,NaN,NaN,NaN,NaN,NaN,NaN,0,NaN,NaN,NaN,NaN,NaN,NaN,onset_unresolved,0,0,NaN,NaN,NaN,NaN,NaN,NaN,NaN,0,NaN,NaN,NaN,NaN,NaN,NaN,NaN,NaN
M400-01-baseline-awake,50,development,selection,580,600,insufficient_clean_context,NaN,568,584,NaN,NaN,NaN,NaN,onset_unresolved,NaN,NaN,NaN,none,insufficient_clean_context,NaN,NaN,0,0,0,control,0,NaN,0,0,NaN,0,NaN,NaN,NaN,NaN,NaN,0,0,0,NaN,onset_unresolved,0,0,NaN,NaN,NaN,NaN,NaN,NaN,NaN,NaN,NaN,NaN,NaN,NaN,0,NaN,NaN,NaN,NaN,NaN,NaN,onset_unresolved,0,0,NaN,NaN,NaN,NaN,NaN,NaN,NaN,0,NaN,NaN,NaN,NaN,NaN,NaN,NaN,NaN
M400-01-baseline-awake,51,development,selection,590,600,no_model_evidence,NaN,530,594,NaN,NaN,NaN,NaN,onset_unresolved,-8.52690582287087,-20.3354803696553,NaN,none,no_model_evidence,NaN,NaN,0,0,0,control,0,NaN,0,0,NaN,0,NaN,NaN,NaN,NaN,NaN,0,0,0,NaN,onset_unresolved,0,0,NaN,NaN,NaN,NaN,NaN,NaN,NaN,NaN,NaN,NaN,NaN,NaN,0,NaN,NaN,NaN,NaN,NaN,NaN,onset_unresolved,0,0,NaN,NaN,NaN,NaN,NaN,NaN,NaN,0,NaN,NaN,NaN,NaN,NaN,NaN,NaN,NaN
M401-01-baseline-awake,1,development,selection,57,86,no_model_evidence,NaN,1,61,NaN,NaN,NaN,NaN,onset_unresolved,-3.68518893052842,-16.4075360836934,NaN,none,no_model_evidence,NaN,NaN,0,0,0,control,0,NaN,0,0,NaN,0,NaN,NaN,NaN,NaN,NaN,0,0,0,NaN,onset_unresolved,0,0,NaN,NaN,NaN,NaN,NaN,NaN,NaN,NaN,NaN,NaN,NaN,NaN,0,NaN,NaN,NaN,NaN,NaN,NaN,onset_unresolved,0,0,NaN,NaN,NaN,NaN,NaN,NaN,NaN,0,NaN,NaN,NaN,NaN,NaN,NaN,NaN,NaN
M401-01-baseline-awake,2,development,selection,185,224,insufficient_clean_context,NaN,182,189,NaN,NaN,NaN,NaN,onset_unresolved,NaN,NaN,NaN,none,insufficient_clean_context,NaN,NaN,0,0,0,control,0,NaN,0,0,NaN,0,NaN,NaN,NaN,NaN,NaN,0,0,0,NaN,onset_unresolved,0,0,NaN,NaN,NaN,NaN,NaN,NaN,NaN,NaN,NaN,NaN,NaN,NaN,0,NaN,NaN,NaN,NaN,NaN,NaN,onset_unresolved,0,0,NaN,NaN,NaN,NaN,NaN,NaN,NaN,0,NaN,NaN,NaN,NaN,NaN,NaN,NaN,NaN
M401-01-baseline-awake,3,development,selection,89,104,insufficient_clean_context,NaN,87,93,NaN,NaN,NaN,NaN,onset_unresolved,NaN,NaN,NaN,none,insufficient_clean_context,NaN,NaN,0,0,0,control,0,NaN,0,0,NaN,0,NaN,NaN,NaN,NaN,NaN,0,0,0,NaN,onset_unresolved,0,0,NaN,NaN,NaN,NaN,NaN,NaN,NaN,NaN,NaN,NaN,NaN,NaN,0,NaN,NaN,NaN,NaN,NaN,NaN,onset_unresolved,0,0,NaN,NaN,NaN,NaN,NaN,NaN,NaN,0,NaN,NaN,NaN,NaN,NaN,NaN,NaN,NaN
M401-01-baseline-awake,4,development,selection,159,181,insufficient_clean_context,NaN,154,163,NaN,NaN,NaN,NaN,onset_unresolved,NaN,NaN,NaN,none,insufficient_clean_context,NaN,NaN,0,0,0,control,0,NaN,0,0,NaN,0,NaN,NaN,NaN,NaN,NaN,0,0,0,NaN,onset_unresolved,0,0,NaN,NaN,NaN,NaN,NaN,NaN,NaN,NaN,NaN,NaN,NaN,NaN,0,NaN,NaN,NaN,NaN,NaN,NaN,onset_unresolved,0,0,NaN,NaN,NaN,NaN,NaN,NaN,NaN,0,NaN,NaN,NaN,NaN,NaN,NaN,NaN,NaN
M401-01-baseline-awake,5,development,selection,113,128,no_model_evidence,NaN,87,117,NaN,NaN,NaN,NaN,onset_unresolved,-6.64325066499384,-19.8061928057578,NaN,none,no_model_evidence,NaN,NaN,0,0,0,control,0,NaN,0,0,NaN,0,NaN,NaN,NaN,NaN,NaN,0,0,0,NaN,onset_unresolved,0,0,NaN,NaN,NaN,NaN,NaN,NaN,NaN,NaN,NaN,NaN,NaN,NaN,0,NaN,NaN,NaN,NaN,NaN,NaN,onset_unresolved,0,0,NaN,NaN,NaN,NaN,NaN,NaN,NaN,0,NaN,NaN,NaN,NaN,NaN,NaN,NaN,NaN
M401-01-baseline-awake,6,development,selection,113,150,no_model_evidence,NaN,53,117,NaN,NaN,NaN,NaN,onset_unresolved,-4.66788892154646,-18.0485550848469,NaN,none,no_model_evidence,NaN,NaN,0,0,0,control,0,NaN,0,0,NaN,0,NaN,NaN,NaN,NaN,NaN,0,0,0,NaN,onset_unresolved,0,0,NaN,NaN,NaN,NaN,NaN,NaN,NaN,NaN,NaN,NaN,NaN,NaN,0,NaN,NaN,NaN,NaN,NaN,NaN,onset_unresolved,0,0,NaN,NaN,NaN,NaN,NaN,NaN,NaN,0,NaN,NaN,NaN,NaN,NaN,NaN,NaN,NaN
M401-01-baseline-awake,7,development,selection,180,210,no_model_evidence,NaN,120,184,NaN,NaN,NaN,NaN,onset_unresolved,12.9794321038227,-2.72237354425638,NaN,none,no_model_evidence,NaN,NaN,0,0,0,control,0,NaN,0,0,NaN,0,NaN,NaN,NaN,NaN,NaN,0,0,0,NaN,onset_unresolved,0,0,NaN,NaN,NaN,NaN,NaN,NaN,NaN,NaN,NaN,NaN,NaN,NaN,0,NaN,NaN,NaN,NaN,NaN,NaN,onset_unresolved,0,0,NaN,NaN,NaN,NaN,NaN,NaN,NaN,0,NaN,NaN,NaN,NaN,NaN,NaN,NaN,NaN
M401-01-baseline-awake,8,development,selection,271,282,no_model_evidence,NaN,227,275,NaN,NaN,NaN,NaN,onset_unresolved,-8.7740135004543,-21.0736011893983,NaN,none,no_model_evidence,NaN,NaN,0,0,0,control,0,NaN,0,0,NaN,0,NaN,NaN,NaN,NaN,NaN,0,0,0,NaN,onset_unresolved,0,0,NaN,NaN,NaN,NaN,NaN,NaN,NaN,NaN,NaN,NaN,NaN,NaN,0,NaN,NaN,NaN,NaN,NaN,NaN,onset_unresolved,0,0,NaN,NaN,NaN,NaN,NaN,NaN,NaN,0,NaN,NaN,NaN,NaN,NaN,NaN,NaN,NaN
M401-01-baseline-awake,9,development,selection,330,339,no_model_evidence,NaN,270,334,NaN,NaN,NaN,NaN,onset_unresolved,-7.67262022417655,-16.8083302577347,NaN,none,no_model_evidence,NaN,NaN,0,0,0,control,0,NaN,0,0,NaN,0,NaN,NaN,NaN,NaN,NaN,0,0,0,NaN,onset_unresolved,0,0,NaN,NaN,NaN,NaN,NaN,NaN,NaN,NaN,NaN,NaN,NaN,NaN,0,NaN,NaN,NaN,NaN,NaN,NaN,onset_unresolved,0,0,NaN,NaN,NaN,NaN,NaN,NaN,NaN,0,NaN,NaN,NaN,NaN,NaN,NaN,NaN,NaN
M401-01-baseline-awake,10,development,selection,421,431,no_model_evidence,NaN,361,425,NaN,NaN,NaN,NaN,onset_unresolved,-3.3424963120013,-12.8301527533102,NaN,none,no_model_evidence,NaN,NaN,0,0,0,control,0,NaN,0,0,NaN,0,NaN,NaN,NaN,NaN,NaN,0,0,0,NaN,onset_unresolved,0,0,NaN,NaN,NaN,NaN,NaN,NaN,NaN,NaN,NaN,NaN,NaN,NaN,0,NaN,NaN,NaN,NaN,NaN,NaN,onset_unresolved,0,0,NaN,NaN,NaN,NaN,NaN,NaN,NaN,0,NaN,NaN,NaN,NaN,NaN,NaN,NaN,NaN
M401-01-baseline-awake,11,development,selection,536,545,no_model_evidence,NaN,476,540,NaN,NaN,NaN,NaN,onset_unresolved,-6.58603407549498,-10.977279285376,NaN,none,no_model_evidence,NaN,NaN,0,0,0,control,0,NaN,0,0,NaN,0,NaN,NaN,NaN,NaN,NaN,0,0,0,NaN,onset_unresolved,0,0,NaN,NaN,NaN,NaN,NaN,NaN,NaN,NaN,NaN,NaN,NaN,NaN,0,NaN,NaN,NaN,NaN,NaN,NaN,onset_unresolved,0,0,NaN,NaN,NaN,NaN,NaN,NaN,NaN,0,NaN,NaN,NaN,NaN,NaN,NaN,NaN,NaN
M401-01-baseline-awake,12,development,selection,569,582,insufficient_clean_context,NaN,558,573,NaN,NaN,NaN,NaN,onset_unresolved,NaN,NaN,NaN,none,insufficient_clean_context,NaN,NaN,0,0,0,control,0,NaN,0,0,NaN,0,NaN,NaN,NaN,NaN,NaN,0,0,0,NaN,onset_unresolved,0,0,NaN,NaN,NaN,NaN,NaN,NaN,NaN,NaN,NaN,NaN,NaN,NaN,0,NaN,NaN,NaN,NaN,NaN,NaN,onset_unresolved,0,0,NaN,NaN,NaN,NaN,NaN,NaN,NaN,0,NaN,NaN,NaN,NaN,NaN,NaN,NaN,NaN
FB2312-baseline-awake,1,development,selection,1,18,insufficient_clean_context,NaN,1,5,NaN,NaN,NaN,NaN,onset_unresolved,NaN,NaN,NaN,none,insufficient_clean_context,NaN,NaN,0,0,0,control,0,NaN,0,0,NaN,0,NaN,NaN,NaN,NaN,NaN,0,0,0,NaN,onset_unresolved,0,0,NaN,NaN,NaN,NaN,NaN,NaN,NaN,NaN,NaN,NaN,NaN,NaN,0,NaN,NaN,NaN,NaN,NaN,NaN,onset_unresolved,0,0,NaN,NaN,NaN,NaN,NaN,NaN,NaN,0,NaN,NaN,NaN,NaN,NaN,NaN,NaN,NaN
FB2312-baseline-awake,2,development,selection,204,213,no_model_evidence,NaN,144,208,NaN,NaN,NaN,NaN,onset_unresolved,5.76512345927565,5.72227621710342,NaN,none,no_model_evidence,NaN,NaN,0,0,0,control,0,NaN,0,0,NaN,0,NaN,NaN,NaN,NaN,NaN,0,0,0,NaN,onset_unresolved,0,0,NaN,NaN,NaN,NaN,NaN,NaN,NaN,NaN,NaN,NaN,NaN,NaN,0,NaN,NaN,NaN,NaN,NaN,NaN,onset_unresolved,0,0,NaN,NaN,NaN,NaN,NaN,NaN,NaN,0,NaN,NaN,NaN,NaN,NaN,NaN,NaN,NaN
FB2312-baseline-awake,3,development,selection,402,413,no_model_evidence,NaN,342,406,NaN,NaN,NaN,NaN,onset_unresolved,12.2970360636153,-13.9280154339578,NaN,none,no_model_evidence,NaN,NaN,0,0,0,control,0,NaN,0,0,NaN,0,NaN,NaN,NaN,NaN,NaN,0,0,0,NaN,onset_unresolved,0,0,NaN,NaN,NaN,NaN,NaN,NaN,NaN,NaN,NaN,NaN,NaN,NaN,0,NaN,NaN,NaN,NaN,NaN,NaN,onset_unresolved,0,0,NaN,NaN,NaN,NaN,NaN,NaN,NaN,0,NaN,NaN,NaN,NaN,NaN,NaN,NaN,NaN
FB2312-baseline-awake,4,development,selection,471,490,no_model_evidence,NaN,414,475,NaN,NaN,NaN,NaN,onset_unresolved,-6.90114505506106,-7.86657630120219,NaN,none,no_model_evidence,NaN,NaN,0,0,0,control,0,NaN,0,0,NaN,0,NaN,NaN,NaN,NaN,NaN,0,0,0,NaN,onset_unresolved,0,0,NaN,NaN,NaN,NaN,NaN,NaN,NaN,NaN,NaN,NaN,NaN,NaN,0,NaN,NaN,NaN,NaN,NaN,NaN,onset_unresolved,0,0,NaN,NaN,NaN,NaN,NaN,NaN,NaN,0,NaN,NaN,NaN,NaN,NaN,NaN,NaN,NaN
FB2312-baseline-awake,5,development,selection,494,503,insufficient_clean_context,NaN,491,498,NaN,NaN,NaN,NaN,onset_unresolved,NaN,NaN,NaN,none,insufficient_clean_context,NaN,NaN,0,0,0,control,0,NaN,0,0,NaN,0,NaN,NaN,NaN,NaN,NaN,0,0,0,NaN,onset_unresolved,0,0,NaN,NaN,NaN,NaN,NaN,NaN,NaN,NaN,NaN,NaN,NaN,NaN,0,NaN,NaN,NaN,NaN,NaN,NaN,onset_unresolved,0,0,NaN,NaN,NaN,NaN,NaN,NaN,NaN,0,NaN,NaN,NaN,NaN,NaN,NaN,NaN,NaN
FB2312-baseline-awake,6,development,selection,531,552,no_model_evidence,NaN,504,535,NaN,NaN,NaN,NaN,onset_unresolved,6.6593898609265,-0.151462225080454,NaN,none,no_model_evidence,NaN,NaN,0,0,0,control,0,NaN,0,0,NaN,0,NaN,NaN,NaN,NaN,NaN,0,0,0,NaN,onset_unresolved,0,0,NaN,NaN,NaN,NaN,NaN,NaN,NaN,NaN,NaN,NaN,NaN,NaN,0,NaN,NaN,NaN,NaN,NaN,NaN,onset_unresolved,0,0,NaN,NaN,NaN,NaN,NaN,NaN,NaN,0,NaN,NaN,NaN,NaN,NaN,NaN,NaN,NaN
FB2312-baseline-awake,7,development,selection,641,650,no_model_evidence,NaN,581,645,NaN,NaN,NaN,NaN,onset_unresolved,-3.02933717757563,-14.6386587072865,NaN,none,no_model_evidence,NaN,NaN,0,0,0,control,0,NaN,0,0,NaN,0,NaN,NaN,NaN,NaN,NaN,0,0,0,NaN,onset_unresolved,0,0,NaN,NaN,NaN,NaN,NaN,NaN,NaN,NaN,NaN,NaN,NaN,NaN,0,NaN,NaN,NaN,NaN,NaN,NaN,onset_unresolved,0,0,NaN,NaN,NaN,NaN,NaN,NaN,NaN,0,NaN,NaN,NaN,NaN,NaN,NaN,NaN,NaN
FB2312-baseline-awake,8,development,selection,1,23,insufficient_clean_context,NaN,1,5,NaN,NaN,NaN,NaN,onset_unresolved,NaN,NaN,NaN,none,insufficient_clean_context,NaN,NaN,0,0,0,control,0,NaN,0,0,NaN,0,NaN,NaN,NaN,NaN,NaN,0,0,0,NaN,onset_unresolved,0,0,NaN,NaN,NaN,NaN,NaN,NaN,NaN,NaN,NaN,NaN,NaN,NaN,0,NaN,NaN,NaN,NaN,NaN,NaN,onset_unresolved,0,0,NaN,NaN,NaN,NaN,NaN,NaN,NaN,0,NaN,NaN,NaN,NaN,NaN,NaN,NaN,NaN
FB2312-baseline-awake,9,development,selection,204,214,model_disagreement,NaN,144,208,NaN,NaN,NaN,NaN,onset_unresolved,22.6393038915215,23.8076445886352,23.8076445886352,none,model_disagreement,14,19,2,0,0,control,0,NaN,0,0,NaN,0,NaN,NaN,NaN,NaN,NaN,0,0,0,NaN,onset_unresolved,0,0,NaN,NaN,NaN,NaN,NaN,NaN,NaN,NaN,NaN,NaN,NaN,NaN,0,NaN,NaN,NaN,NaN,NaN,NaN,onset_unresolved,0,0,NaN,NaN,NaN,NaN,NaN,NaN,NaN,0,NaN,NaN,NaN,NaN,NaN,NaN,NaN,NaN
FB2312-baseline-awake,10,development,selection,324,333,no_model_evidence,NaN,264,328,NaN,NaN,NaN,NaN,onset_unresolved,-2.70884102816674,1.77949625758612,NaN,none,no_model_evidence,NaN,NaN,0,0,0,control,0,NaN,0,0,NaN,0,NaN,NaN,NaN,NaN,NaN,0,0,0,NaN,onset_unresolved,0,0,NaN,NaN,NaN,NaN,NaN,NaN,NaN,NaN,NaN,NaN,NaN,NaN,0,NaN,NaN,NaN,NaN,NaN,NaN,onset_unresolved,0,0,NaN,NaN,NaN,NaN,NaN,NaN,NaN,0,NaN,NaN,NaN,NaN,NaN,NaN,NaN,NaN
FB2312-baseline-awake,11,development,selection,402,412,no_model_evidence,NaN,342,406,NaN,NaN,NaN,NaN,onset_unresolved,28.8868664525705,-0.0447929269962333,NaN,none,no_model_evidence,NaN,NaN,0,0,0,control,0,NaN,0,0,NaN,0,NaN,NaN,NaN,NaN,NaN,0,0,0,NaN,onset_unresolved,0,0,NaN,NaN,NaN,NaN,NaN,NaN,NaN,NaN,NaN,NaN,NaN,NaN,0,NaN,NaN,NaN,NaN,NaN,NaN,onset_unresolved,0,0,NaN,NaN,NaN,NaN,NaN,NaN,NaN,0,NaN,NaN,NaN,NaN,NaN,NaN,NaN,NaN
FB2312-baseline-awake,12,development,selection,471,490,resolved,434,413,475,414,433,571.970638280876,0.00792012802865338,provisional_valid,17.3074217920126,26.6655869610136,26.6655869610136,pulse,resolved,NaN,NaN,1,0,0,control,0,NaN,0,0,NaN,0,NaN,NaN,NaN,NaN,NaN,0,1,0,NaN,positive_raw_change_provisional,1,1,0.00792012802865338,0.00792012802865338,414,433,571.970638280876,481,576.500718964691,572.262501997124,571.678774564627,-0.00102055489115995,0.00740607143186178,0.0084347095162598,1,NaN,NaN,NaN,NaN,NaN,NaN,positive_raw_change_provisional,1,1,0.0439987008529392,0.0439987008529392,462,597.136603291261,37,0,0,1,0.0360785728242858,NaN,NaN,NaN,NaN,NaN,NaN,NaN
FB2312-baseline-awake,13,development,selection,494,503,insufficient_clean_context,NaN,491,498,NaN,NaN,NaN,NaN,onset_unresolved,NaN,NaN,NaN,none,insufficient_clean_context,NaN,NaN,0,0,0,control,0,NaN,0,0,NaN,0,NaN,NaN,NaN,NaN,NaN,0,0,0,NaN,onset_unresolved,0,0,NaN,NaN,NaN,NaN,NaN,NaN,NaN,NaN,NaN,NaN,NaN,NaN,0,NaN,NaN,NaN,NaN,NaN,NaN,onset_unresolved,0,0,NaN,NaN,NaN,NaN,NaN,NaN,NaN,0,NaN,NaN,NaN,NaN,NaN,NaN,NaN,NaN
FB2312-baseline-awake,14,development,selection,531,552,no_model_evidence,NaN,504,535,NaN,NaN,NaN,NaN,onset_unresolved,20.2587924749208,-7.04732254337217,NaN,none,no_model_evidence,NaN,NaN,0,0,0,control,0,NaN,0,0,NaN,0,NaN,NaN,NaN,NaN,NaN,0,0,0,NaN,onset_unresolved,0,0,NaN,NaN,NaN,NaN,NaN,NaN,NaN,NaN,NaN,NaN,NaN,NaN,0,NaN,NaN,NaN,NaN,NaN,NaN,onset_unresolved,0,0,NaN,NaN,NaN,NaN,NaN,NaN,NaN,0,NaN,NaN,NaN,NaN,NaN,NaN,NaN,NaN
FB2312-baseline-awake,15,development,selection,641,650,no_model_evidence,NaN,581,645,NaN,NaN,NaN,NaN,onset_unresolved,7.50757536932448,-8.82796080512756,NaN,none,no_model_evidence,NaN,NaN,0,0,0,control,0,NaN,0,0,NaN,0,NaN,NaN,NaN,NaN,NaN,0,0,0,NaN,onset_unresolved,0,0,NaN,NaN,NaN,NaN,NaN,NaN,NaN,NaN,NaN,NaN,NaN,NaN,0,NaN,NaN,NaN,NaN,NaN,NaN,onset_unresolved,0,0,NaN,NaN,NaN,NaN,NaN,NaN,NaN,0,NaN,NaN,NaN,NaN,NaN,NaN,NaN,NaN
FB2312-baseline-awake,16,development,selection,684,695,no_model_evidence,NaN,651,688,NaN,NaN,NaN,NaN,onset_unresolved,14.2888437391557,-13.1143553665612,NaN,none,no_model_evidence,NaN,NaN,0,0,0,control,0,NaN,0,0,NaN,0,NaN,NaN,NaN,NaN,NaN,0,0,0,NaN,onset_unresolved,0,0,NaN,NaN,NaN,NaN,NaN,NaN,NaN,NaN,NaN,NaN,NaN,NaN,0,NaN,NaN,NaN,NaN,NaN,NaN,onset_unresolved,0,0,NaN,NaN,NaN,NaN,NaN,NaN,NaN,0,NaN,NaN,NaN,NaN,NaN,NaN,NaN,NaN
FB2312-baseline-awake,17,development,selection,24,53,best_model_unresolved,NaN,1,28,NaN,NaN,NaN,NaN,onset_unresolved,14.2794721814103,2.89656428976468,14.2794721814103,none,best_model_unresolved,NaN,NaN,1,0,0,control,0,NaN,0,0,NaN,0,NaN,NaN,NaN,NaN,NaN,0,0,0,NaN,onset_unresolved,0,0,NaN,NaN,NaN,NaN,NaN,NaN,NaN,NaN,NaN,NaN,NaN,NaN,0,NaN,NaN,NaN,NaN,NaN,NaN,onset_unresolved,0,0,NaN,NaN,NaN,NaN,NaN,NaN,NaN,0,NaN,NaN,NaN,NaN,NaN,NaN,NaN,NaN
FB2312-baseline-awake,18,development,selection,37,46,insufficient_clean_context,NaN,37,41,NaN,NaN,NaN,NaN,onset_unresolved,NaN,NaN,NaN,none,insufficient_clean_context,NaN,NaN,0,0,0,control,0,NaN,0,0,NaN,0,NaN,NaN,NaN,NaN,NaN,0,0,0,NaN,onset_unresolved,0,0,NaN,NaN,NaN,NaN,NaN,NaN,NaN,NaN,NaN,NaN,NaN,NaN,0,NaN,NaN,NaN,NaN,NaN,NaN,onset_unresolved,0,0,NaN,NaN,NaN,NaN,NaN,NaN,NaN,0,NaN,NaN,NaN,NaN,NaN,NaN,NaN,NaN
FB2312-baseline-awake,19,development,selection,51,63,insufficient_clean_context,NaN,47,55,NaN,NaN,NaN,NaN,onset_unresolved,NaN,NaN,NaN,none,insufficient_clean_context,NaN,NaN,0,0,0,control,0,NaN,0,0,NaN,0,NaN,NaN,NaN,NaN,NaN,0,0,0,NaN,onset_unresolved,0,0,NaN,NaN,NaN,NaN,NaN,NaN,NaN,NaN,NaN,NaN,NaN,NaN,0,NaN,NaN,NaN,NaN,NaN,NaN,onset_unresolved,0,0,NaN,NaN,NaN,NaN,NaN,NaN,NaN,0,NaN,NaN,NaN,NaN,NaN,NaN,NaN,NaN
FB2312-baseline-awake,20,development,selection,133,143,no_model_evidence,NaN,76,137,NaN,NaN,NaN,NaN,onset_unresolved,-2.21087115299267,-15.4300597414111,NaN,none,no_model_evidence,NaN,NaN,0,0,0,control,0,NaN,0,0,NaN,0,NaN,NaN,NaN,NaN,NaN,0,0,0,NaN,onset_unresolved,0,0,NaN,NaN,NaN,NaN,NaN,NaN,NaN,NaN,NaN,NaN,NaN,NaN,0,NaN,NaN,NaN,NaN,NaN,NaN,onset_unresolved,0,0,NaN,NaN,NaN,NaN,NaN,NaN,NaN,0,NaN,NaN,NaN,NaN,NaN,NaN,NaN,NaN
FB2312-baseline-awake,21,development,selection,251,265,no_model_evidence,NaN,207,255,NaN,NaN,NaN,NaN,onset_unresolved,2.63505362883443,-10.1737241739415,NaN,none,no_model_evidence,NaN,NaN,0,0,0,control,0,NaN,0,0,NaN,0,NaN,NaN,NaN,NaN,NaN,0,0,0,NaN,onset_unresolved,0,0,NaN,NaN,NaN,NaN,NaN,NaN,NaN,NaN,NaN,NaN,NaN,NaN,0,NaN,NaN,NaN,NaN,NaN,NaN,onset_unresolved,0,0,NaN,NaN,NaN,NaN,NaN,NaN,NaN,0,NaN,NaN,NaN,NaN,NaN,NaN,NaN,NaN
FB2312-baseline-awake,22,development,selection,355,370,no_model_evidence,NaN,321,359,NaN,NaN,NaN,NaN,onset_unresolved,4.03147308353131,-7.79437498551405,NaN,none,no_model_evidence,NaN,NaN,0,0,0,control,0,NaN,0,0,NaN,0,NaN,NaN,NaN,NaN,NaN,0,0,0,NaN,onset_unresolved,0,0,NaN,NaN,NaN,NaN,NaN,NaN,NaN,NaN,NaN,NaN,NaN,NaN,0,NaN,NaN,NaN,NaN,NaN,NaN,onset_unresolved,0,0,NaN,NaN,NaN,NaN,NaN,NaN,NaN,0,NaN,NaN,NaN,NaN,NaN,NaN,NaN,NaN
FB2312-baseline-awake,23,development,selection,372,389,insufficient_clean_context,NaN,371,376,NaN,NaN,NaN,NaN,onset_unresolved,NaN,NaN,NaN,none,insufficient_clean_context,NaN,NaN,0,0,0,control,0,NaN,0,0,NaN,0,NaN,NaN,NaN,NaN,NaN,0,0,0,NaN,onset_unresolved,0,0,NaN,NaN,NaN,NaN,NaN,NaN,NaN,NaN,NaN,NaN,NaN,NaN,0,NaN,NaN,NaN,NaN,NaN,NaN,onset_unresolved,0,0,NaN,NaN,NaN,NaN,NaN,NaN,NaN,0,NaN,NaN,NaN,NaN,NaN,NaN,NaN,NaN
FB2312-baseline-awake,24,development,selection,358,369,insufficient_clean_context,NaN,356,362,NaN,NaN,NaN,NaN,onset_unresolved,NaN,NaN,NaN,none,insufficient_clean_context,NaN,NaN,0,0,0,control,0,NaN,0,0,NaN,0,NaN,NaN,NaN,NaN,NaN,0,0,0,NaN,onset_unresolved,0,0,NaN,NaN,NaN,NaN,NaN,NaN,NaN,NaN,NaN,NaN,NaN,NaN,0,NaN,NaN,NaN,NaN,NaN,NaN,onset_unresolved,0,0,NaN,NaN,NaN,NaN,NaN,NaN,NaN,0,NaN,NaN,NaN,NaN,NaN,NaN,NaN,NaN
FB2312-baseline-awake,25,development,selection,366,378,no_model_evidence,NaN,326,370,NaN,NaN,NaN,NaN,onset_unresolved,-5.04307221074974,-11.2129146778369,NaN,none,no_model_evidence,NaN,NaN,0,0,0,control,0,NaN,0,0,NaN,0,NaN,NaN,NaN,NaN,NaN,0,0,0,NaN,onset_unresolved,0,0,NaN,NaN,NaN,NaN,NaN,NaN,NaN,NaN,NaN,NaN,NaN,NaN,0,NaN,NaN,NaN,NaN,NaN,NaN,onset_unresolved,0,0,NaN,NaN,NaN,NaN,NaN,NaN,NaN,0,NaN,NaN,NaN,NaN,NaN,NaN,NaN,NaN
FB2312-baseline-awake,26,development,selection,380,398,insufficient_clean_context,NaN,379,384,NaN,NaN,NaN,NaN,onset_unresolved,NaN,NaN,NaN,none,insufficient_clean_context,NaN,NaN,0,0,0,control,0,NaN,0,0,NaN,0,NaN,NaN,NaN,NaN,NaN,0,0,0,NaN,onset_unresolved,0,0,NaN,NaN,NaN,NaN,NaN,NaN,NaN,NaN,NaN,NaN,NaN,NaN,0,NaN,NaN,NaN,NaN,NaN,NaN,onset_unresolved,0,0,NaN,NaN,NaN,NaN,NaN,NaN,NaN,0,NaN,NaN,NaN,NaN,NaN,NaN,NaN,NaN
FB2312-baseline-awake,27,development,selection,378,398,no_model_evidence,NaN,327,382,NaN,NaN,NaN,NaN,onset_unresolved,10.2338212070931,-6.96676501734017,NaN,none,no_model_evidence,NaN,NaN,0,0,0,control,0,NaN,0,0,NaN,0,NaN,NaN,NaN,NaN,NaN,0,0,0,NaN,onset_unresolved,0,0,NaN,NaN,NaN,NaN,NaN,NaN,NaN,NaN,NaN,NaN,NaN,NaN,0,NaN,NaN,NaN,NaN,NaN,NaN,onset_unresolved,0,0,NaN,NaN,NaN,NaN,NaN,NaN,NaN,0,NaN,NaN,NaN,NaN,NaN,NaN,NaN,NaN
FB2312-baseline-awake,28,development,selection,512,523,no_model_evidence,NaN,488,516,NaN,NaN,NaN,NaN,onset_unresolved,-7.76845277067173,-13.7240859021703,NaN,none,no_model_evidence,NaN,NaN,0,0,0,control,0,NaN,0,0,NaN,0,NaN,NaN,NaN,NaN,NaN,0,0,0,NaN,onset_unresolved,0,0,NaN,NaN,NaN,NaN,NaN,NaN,NaN,NaN,NaN,NaN,NaN,NaN,0,NaN,NaN,NaN,NaN,NaN,NaN,onset_unresolved,0,0,NaN,NaN,NaN,NaN,NaN,NaN,NaN,0,NaN,NaN,NaN,NaN,NaN,NaN,NaN,NaN
FB2312-baseline-awake,29,development,selection,438,452,insufficient_clean_context,NaN,434,442,NaN,NaN,NaN,NaN,onset_unresolved,NaN,NaN,NaN,none,insufficient_clean_context,NaN,NaN,0,0,0,control,0,NaN,0,0,NaN,0,NaN,NaN,NaN,NaN,NaN,0,0,0,NaN,onset_unresolved,0,0,NaN,NaN,NaN,NaN,NaN,NaN,NaN,NaN,NaN,NaN,NaN,NaN,0,NaN,NaN,NaN,NaN,NaN,NaN,onset_unresolved,0,0,NaN,NaN,NaN,NaN,NaN,NaN,NaN,0,NaN,NaN,NaN,NaN,NaN,NaN,NaN,NaN
FB2312-baseline-awake,30,development,selection,516,527,insufficient_clean_context,NaN,495,520,NaN,NaN,NaN,NaN,onset_unresolved,NaN,NaN,NaN,none,insufficient_clean_context,NaN,NaN,0,0,0,control,0,NaN,0,0,NaN,0,NaN,NaN,NaN,NaN,NaN,0,0,0,NaN,onset_unresolved,0,0,NaN,NaN,NaN,NaN,NaN,NaN,NaN,NaN,NaN,NaN,NaN,NaN,0,NaN,NaN,NaN,NaN,NaN,NaN,onset_unresolved,0,0,NaN,NaN,NaN,NaN,NaN,NaN,NaN,0,NaN,NaN,NaN,NaN,NaN,NaN,NaN,NaN
FB2312-baseline-awake,31,development,selection,449,458,insufficient_clean_context,NaN,431,453,NaN,NaN,NaN,NaN,onset_unresolved,NaN,NaN,NaN,none,insufficient_clean_context,NaN,NaN,0,0,0,control,0,NaN,0,0,NaN,0,NaN,NaN,NaN,NaN,NaN,0,0,0,NaN,onset_unresolved,0,0,NaN,NaN,NaN,NaN,NaN,NaN,NaN,NaN,NaN,NaN,NaN,NaN,0,NaN,NaN,NaN,NaN,NaN,NaN,onset_unresolved,0,0,NaN,NaN,NaN,NaN,NaN,NaN,NaN,0,NaN,NaN,NaN,NaN,NaN,NaN,NaN,NaN
FB2312-baseline-awake,32,development,selection,616,630,no_model_evidence,NaN,583,620,NaN,NaN,NaN,NaN,onset_unresolved,-6.88026338615395,-13.2109721619786,NaN,none,no_model_evidence,NaN,NaN,0,0,0,control,0,NaN,0,0,NaN,0,NaN,NaN,NaN,NaN,NaN,0,0,0,NaN,onset_unresolved,0,0,NaN,NaN,NaN,NaN,NaN,NaN,NaN,NaN,NaN,NaN,NaN,NaN,0,NaN,NaN,NaN,NaN,NaN,NaN,onset_unresolved,0,0,NaN,NaN,NaN,NaN,NaN,NaN,NaN,0,NaN,NaN,NaN,NaN,NaN,NaN,NaN,NaN
FB2312-baseline-awake,33,development,selection,824,834,no_model_evidence,NaN,764,828,NaN,NaN,NaN,NaN,onset_unresolved,4.67500355795978,-8.24809664180143,NaN,none,no_model_evidence,NaN,NaN,0,0,0,control,0,NaN,0,0,NaN,0,NaN,NaN,NaN,NaN,NaN,0,0,0,NaN,onset_unresolved,0,0,NaN,NaN,NaN,NaN,NaN,NaN,NaN,NaN,NaN,NaN,NaN,NaN,0,NaN,NaN,NaN,NaN,NaN,NaN,onset_unresolved,0,0,NaN,NaN,NaN,NaN,NaN,NaN,NaN,0,NaN,NaN,NaN,NaN,NaN,NaN,NaN,NaN
FB2312-baseline-awake,34,development,selection,621,631,no_model_evidence,NaN,570,625,NaN,NaN,NaN,NaN,onset_unresolved,0.570929157658626,-12.8914202756667,NaN,none,no_model_evidence,NaN,NaN,0,0,0,control,0,NaN,0,0,NaN,0,NaN,NaN,NaN,NaN,NaN,0,0,0,NaN,onset_unresolved,0,0,NaN,NaN,NaN,NaN,NaN,NaN,NaN,NaN,NaN,NaN,NaN,NaN,0,NaN,NaN,NaN,NaN,NaN,NaN,onset_unresolved,0,0,NaN,NaN,NaN,NaN,NaN,NaN,NaN,0,NaN,NaN,NaN,NaN,NaN,NaN,NaN,NaN
FB2312-baseline-awake,35,development,selection,819,835,no_model_evidence,NaN,759,823,NaN,NaN,NaN,NaN,onset_unresolved,-3.44888584247823,-13.3905549825481,NaN,none,no_model_evidence,NaN,NaN,0,0,0,control,0,NaN,0,0,NaN,0,NaN,NaN,NaN,NaN,NaN,0,0,0,NaN,onset_unresolved,0,0,NaN,NaN,NaN,NaN,NaN,NaN,NaN,NaN,NaN,NaN,NaN,NaN,0,NaN,NaN,NaN,NaN,NaN,NaN,onset_unresolved,0,0,NaN,NaN,NaN,NaN,NaN,NaN,NaN,0,NaN,NaN,NaN,NaN,NaN,NaN,NaN,NaN
FB2312-baseline-awake,36,development,selection,661,676,insufficient_clean_context,NaN,659,665,NaN,NaN,NaN,NaN,onset_unresolved,NaN,NaN,NaN,none,insufficient_clean_context,NaN,NaN,0,0,0,control,0,NaN,0,0,NaN,0,NaN,NaN,NaN,NaN,NaN,0,0,0,NaN,onset_unresolved,0,0,NaN,NaN,NaN,NaN,NaN,NaN,NaN,NaN,NaN,NaN,NaN,NaN,0,NaN,NaN,NaN,NaN,NaN,NaN,onset_unresolved,0,0,NaN,NaN,NaN,NaN,NaN,NaN,NaN,0,NaN,NaN,NaN,NaN,NaN,NaN,NaN,NaN
FB2312-baseline-awake,37,development,selection,730,739,no_model_evidence,NaN,677,734,NaN,NaN,NaN,NaN,onset_unresolved,3.68786953344225,-18.4350589026544,NaN,none,no_model_evidence,NaN,NaN,0,0,0,control,0,NaN,0,0,NaN,0,NaN,NaN,NaN,NaN,NaN,0,0,0,NaN,onset_unresolved,0,0,NaN,NaN,NaN,NaN,NaN,NaN,NaN,NaN,NaN,NaN,NaN,NaN,0,NaN,NaN,NaN,NaN,NaN,NaN,onset_unresolved,0,0,NaN,NaN,NaN,NaN,NaN,NaN,NaN,0,NaN,NaN,NaN,NaN,NaN,NaN,NaN,NaN
FB2312-baseline-awake,38,development,selection,824,833,resolved,814,764,828,794,813,2627.44659803512,0.104349308481458,provisional_valid,18.3844355807204,4.47497940991365,18.3844355807204,rising,resolved,NaN,NaN,1,0,0,control,0,NaN,0,0,NaN,0,NaN,NaN,NaN,NaN,NaN,0,1,0,NaN,positive_raw_change_provisional,1,1,0.104349308481458,0.104349308481458,794,813,2627.44659803512,827,2901.61883361204,2668.17797867893,2586.7152173913,-0.0310045354864853,0.0874907359248547,0.121738803755256,1,NaN,NaN,NaN,NaN,NaN,NaN,positive_raw_change_provisional,1,1,0.104349308481458,0.104349308481458,827,2901.61883361204,10,0,0,0,0,NaN,NaN,NaN,NaN,NaN,NaN,NaN
FB2312-baseline-awake,39,development,selection,854,867,insufficient_clean_context,NaN,852,858,NaN,NaN,NaN,NaN,onset_unresolved,NaN,NaN,NaN,none,insufficient_clean_context,NaN,NaN,0,0,0,control,0,NaN,0,0,NaN,0,NaN,NaN,NaN,NaN,NaN,0,0,0,NaN,onset_unresolved,0,0,NaN,NaN,NaN,NaN,NaN,NaN,NaN,NaN,NaN,NaN,NaN,NaN,0,NaN,NaN,NaN,NaN,NaN,NaN,onset_unresolved,0,0,NaN,NaN,NaN,NaN,NaN,NaN,NaN,0,NaN,NaN,NaN,NaN,NaN,NaN,NaN,NaN
FB2312-baseline-awake,40,development,selection,938,947,no_model_evidence,NaN,878,942,NaN,NaN,NaN,NaN,onset_unresolved,-1.52370292095652,-7.32859109121688,NaN,none,no_model_evidence,NaN,NaN,0,0,0,control,0,NaN,0,0,NaN,0,NaN,NaN,NaN,NaN,NaN,0,0,0,NaN,onset_unresolved,0,0,NaN,NaN,NaN,NaN,NaN,NaN,NaN,NaN,NaN,NaN,NaN,NaN,0,NaN,NaN,NaN,NaN,NaN,NaN,onset_unresolved,0,0,NaN,NaN,NaN,NaN,NaN,NaN,NaN,0,NaN,NaN,NaN,NaN,NaN,NaN,NaN,NaN
FB2411,1,development,selection,4,24,insufficient_clean_context,NaN,1,8,NaN,NaN,NaN,NaN,onset_unresolved,NaN,NaN,NaN,none,insufficient_clean_context,NaN,NaN,0,0,0,control,0,NaN,0,0,NaN,0,NaN,NaN,NaN,NaN,NaN,0,0,0,NaN,onset_unresolved,0,0,NaN,NaN,NaN,NaN,NaN,NaN,NaN,NaN,NaN,NaN,NaN,NaN,0,NaN,NaN,NaN,NaN,NaN,NaN,onset_unresolved,0,0,NaN,NaN,NaN,NaN,NaN,NaN,NaN,0,NaN,NaN,NaN,NaN,NaN,NaN,NaN,NaN
FB2411,2,development,selection,36,84,insufficient_clean_context,NaN,36,40,NaN,NaN,NaN,NaN,onset_unresolved,NaN,NaN,NaN,none,insufficient_clean_context,NaN,NaN,0,0,0,control,0,NaN,0,0,NaN,0,NaN,NaN,NaN,NaN,NaN,0,0,0,NaN,onset_unresolved,0,0,NaN,NaN,NaN,NaN,NaN,NaN,NaN,NaN,NaN,NaN,NaN,NaN,0,NaN,NaN,NaN,NaN,NaN,NaN,onset_unresolved,0,0,NaN,NaN,NaN,NaN,NaN,NaN,NaN,0,NaN,NaN,NaN,NaN,NaN,NaN,NaN,NaN
FB2411,3,development,selection,90,101,insufficient_clean_context,NaN,85,94,NaN,NaN,NaN,NaN,onset_unresolved,NaN,NaN,NaN,none,insufficient_clean_context,NaN,NaN,0,0,0,control,0,NaN,0,0,NaN,0,NaN,NaN,NaN,NaN,NaN,0,0,0,NaN,onset_unresolved,0,0,NaN,NaN,NaN,NaN,NaN,NaN,NaN,NaN,NaN,NaN,NaN,NaN,0,NaN,NaN,NaN,NaN,NaN,NaN,onset_unresolved,0,0,NaN,NaN,NaN,NaN,NaN,NaN,NaN,0,NaN,NaN,NaN,NaN,NaN,NaN,NaN,NaN
FB2411,4,development,selection,90,100,insufficient_clean_context,NaN,85,94,NaN,NaN,NaN,NaN,onset_unresolved,NaN,NaN,NaN,none,insufficient_clean_context,NaN,NaN,0,0,0,control,0,NaN,0,0,NaN,0,NaN,NaN,NaN,NaN,NaN,0,0,0,NaN,onset_unresolved,0,0,NaN,NaN,NaN,NaN,NaN,NaN,NaN,NaN,NaN,NaN,NaN,NaN,0,NaN,NaN,NaN,NaN,NaN,NaN,onset_unresolved,0,0,NaN,NaN,NaN,NaN,NaN,NaN,NaN,0,NaN,NaN,NaN,NaN,NaN,NaN,NaN,NaN
FB2411,5,development,selection,104,115,insufficient_clean_context,NaN,101,108,NaN,NaN,NaN,NaN,onset_unresolved,NaN,NaN,NaN,none,insufficient_clean_context,NaN,NaN,0,0,0,control,0,NaN,0,0,NaN,0,NaN,NaN,NaN,NaN,NaN,0,0,0,NaN,onset_unresolved,0,0,NaN,NaN,NaN,NaN,NaN,NaN,NaN,NaN,NaN,NaN,NaN,NaN,0,NaN,NaN,NaN,NaN,NaN,NaN,onset_unresolved,0,0,NaN,NaN,NaN,NaN,NaN,NaN,NaN,0,NaN,NaN,NaN,NaN,NaN,NaN,NaN,NaN
FB2411,6,development,selection,145,165,no_model_evidence,NaN,102,149,NaN,NaN,NaN,NaN,onset_unresolved,-1.04140671547653,-15.8426400002357,NaN,none,no_model_evidence,NaN,NaN,0,0,0,control,0,NaN,0,0,NaN,0,NaN,NaN,NaN,NaN,NaN,0,0,0,NaN,onset_unresolved,0,0,NaN,NaN,NaN,NaN,NaN,NaN,NaN,NaN,NaN,NaN,NaN,NaN,0,NaN,NaN,NaN,NaN,NaN,NaN,onset_unresolved,0,0,NaN,NaN,NaN,NaN,NaN,NaN,NaN,0,NaN,NaN,NaN,NaN,NaN,NaN,NaN,NaN
FB2411,7,development,selection,227,239,no_model_evidence,NaN,171,231,NaN,NaN,NaN,NaN,onset_unresolved,-9.16706452347473,-20.2504944449748,NaN,none,no_model_evidence,NaN,NaN,0,0,0,control,0,NaN,0,0,NaN,0,NaN,NaN,NaN,NaN,NaN,0,0,0,NaN,onset_unresolved,0,0,NaN,NaN,NaN,NaN,NaN,NaN,NaN,NaN,NaN,NaN,NaN,NaN,0,NaN,NaN,NaN,NaN,NaN,NaN,onset_unresolved,0,0,NaN,NaN,NaN,NaN,NaN,NaN,NaN,0,NaN,NaN,NaN,NaN,NaN,NaN,NaN,NaN
FB2411,8,development,selection,152,165,no_model_evidence,NaN,92,156,NaN,NaN,NaN,NaN,onset_unresolved,8.52993064324968,2.07638361671614,NaN,none,no_model_evidence,NaN,NaN,0,0,0,control,0,NaN,0,0,NaN,0,NaN,NaN,NaN,NaN,NaN,0,0,0,NaN,onset_unresolved,0,0,NaN,NaN,NaN,NaN,NaN,NaN,NaN,NaN,NaN,NaN,NaN,NaN,0,NaN,NaN,NaN,NaN,NaN,NaN,onset_unresolved,0,0,NaN,NaN,NaN,NaN,NaN,NaN,NaN,0,NaN,NaN,NaN,NaN,NaN,NaN,NaN,NaN
FB2411,9,development,selection,164,232,insufficient_clean_context,NaN,153,168,NaN,NaN,NaN,NaN,onset_unresolved,NaN,NaN,NaN,none,insufficient_clean_context,NaN,NaN,0,0,0,control,0,NaN,0,0,NaN,0,NaN,NaN,NaN,NaN,NaN,0,0,0,NaN,onset_unresolved,0,0,NaN,NaN,NaN,NaN,NaN,NaN,NaN,NaN,NaN,NaN,NaN,NaN,0,NaN,NaN,NaN,NaN,NaN,NaN,onset_unresolved,0,0,NaN,NaN,NaN,NaN,NaN,NaN,NaN,0,NaN,NaN,NaN,NaN,NaN,NaN,NaN,NaN
FB2411,10,development,selection,291,301,insufficient_clean_context,NaN,273,295,NaN,NaN,NaN,NaN,onset_unresolved,NaN,NaN,NaN,none,insufficient_clean_context,NaN,NaN,0,0,0,control,0,NaN,0,0,NaN,0,NaN,NaN,NaN,NaN,NaN,0,0,0,NaN,onset_unresolved,0,0,NaN,NaN,NaN,NaN,NaN,NaN,NaN,NaN,NaN,NaN,NaN,NaN,0,NaN,NaN,NaN,NaN,NaN,NaN,onset_unresolved,0,0,NaN,NaN,NaN,NaN,NaN,NaN,NaN,0,NaN,NaN,NaN,NaN,NaN,NaN,NaN,NaN
FB2411,11,development,selection,292,301,no_model_evidence,NaN,232,296,NaN,NaN,NaN,NaN,onset_unresolved,4.01518937775611,-4.31374349016984,NaN,none,no_model_evidence,NaN,NaN,0,0,0,control,0,NaN,0,0,NaN,0,NaN,NaN,NaN,NaN,NaN,0,0,0,NaN,onset_unresolved,0,0,NaN,NaN,NaN,NaN,NaN,NaN,NaN,NaN,NaN,NaN,NaN,NaN,0,NaN,NaN,NaN,NaN,NaN,NaN,onset_unresolved,0,0,NaN,NaN,NaN,NaN,NaN,NaN,NaN,0,NaN,NaN,NaN,NaN,NaN,NaN,NaN,NaN
FB2411,12,development,selection,292,301,no_model_evidence,NaN,232,296,NaN,NaN,NaN,NaN,onset_unresolved,-6.22187047346902,-16.966305266798,NaN,none,no_model_evidence,NaN,NaN,0,0,0,control,0,NaN,0,0,NaN,0,NaN,NaN,NaN,NaN,NaN,0,0,0,NaN,onset_unresolved,0,0,NaN,NaN,NaN,NaN,NaN,NaN,NaN,NaN,NaN,NaN,NaN,NaN,0,NaN,NaN,NaN,NaN,NaN,NaN,onset_unresolved,0,0,NaN,NaN,NaN,NaN,NaN,NaN,NaN,0,NaN,NaN,NaN,NaN,NaN,NaN,NaN,NaN
ID13-20200917,1,additional,selection,11,20,insufficient_clean_context,NaN,10,15,NaN,NaN,NaN,NaN,onset_unresolved,NaN,NaN,NaN,none,insufficient_clean_context,NaN,NaN,0,0,0,control,0,NaN,0,0,NaN,0,NaN,NaN,NaN,NaN,NaN,0,0,0,NaN,onset_unresolved,0,0,NaN,NaN,NaN,NaN,NaN,NaN,NaN,NaN,NaN,NaN,NaN,NaN,0,NaN,NaN,NaN,NaN,NaN,NaN,onset_unresolved,0,0,NaN,NaN,NaN,NaN,NaN,NaN,NaN,0,NaN,NaN,NaN,NaN,NaN,NaN,NaN,NaN
ID13-20200917,2,additional,selection,23,34,insufficient_clean_context,NaN,21,27,NaN,NaN,NaN,NaN,onset_unresolved,NaN,NaN,NaN,none,insufficient_clean_context,NaN,NaN,0,0,0,control,0,NaN,0,0,NaN,0,NaN,NaN,NaN,NaN,NaN,0,0,0,NaN,onset_unresolved,0,0,NaN,NaN,NaN,NaN,NaN,NaN,NaN,NaN,NaN,NaN,NaN,NaN,0,NaN,NaN,NaN,NaN,NaN,NaN,onset_unresolved,0,0,NaN,NaN,NaN,NaN,NaN,NaN,NaN,0,NaN,NaN,NaN,NaN,NaN,NaN,NaN,NaN
ID13-20200917,3,additional,selection,50,59,insufficient_clean_context,NaN,35,54,NaN,NaN,NaN,NaN,onset_unresolved,NaN,NaN,NaN,none,insufficient_clean_context,NaN,NaN,0,0,0,control,0,NaN,0,0,NaN,0,NaN,NaN,NaN,NaN,NaN,0,0,0,NaN,onset_unresolved,0,0,NaN,NaN,NaN,NaN,NaN,NaN,NaN,NaN,NaN,NaN,NaN,NaN,0,NaN,NaN,NaN,NaN,NaN,NaN,onset_unresolved,0,0,NaN,NaN,NaN,NaN,NaN,NaN,NaN,0,NaN,NaN,NaN,NaN,NaN,NaN,NaN,NaN
ID13-20200917,4,additional,selection,237,250,insufficient_clean_context,NaN,237,241,NaN,NaN,NaN,NaN,onset_unresolved,NaN,NaN,NaN,none,insufficient_clean_context,NaN,NaN,0,0,0,control,0,NaN,0,0,NaN,0,NaN,NaN,NaN,NaN,NaN,0,0,0,NaN,onset_unresolved,0,0,NaN,NaN,NaN,NaN,NaN,NaN,NaN,NaN,NaN,NaN,NaN,NaN,0,NaN,NaN,NaN,NaN,NaN,NaN,onset_unresolved,0,0,NaN,NaN,NaN,NaN,NaN,NaN,NaN,0,NaN,NaN,NaN,NaN,NaN,NaN,NaN,NaN
ID13-20200917,5,additional,selection,262,272,insufficient_clean_context,NaN,251,266,NaN,NaN,NaN,NaN,onset_unresolved,NaN,NaN,NaN,none,insufficient_clean_context,NaN,NaN,0,0,0,control,0,NaN,0,0,NaN,0,NaN,NaN,NaN,NaN,NaN,0,0,0,NaN,onset_unresolved,0,0,NaN,NaN,NaN,NaN,NaN,NaN,NaN,NaN,NaN,NaN,NaN,NaN,0,NaN,NaN,NaN,NaN,NaN,NaN,onset_unresolved,0,0,NaN,NaN,NaN,NaN,NaN,NaN,NaN,0,NaN,NaN,NaN,NaN,NaN,NaN,NaN,NaN
ID13-20200917,6,additional,selection,323,343,no_model_evidence,NaN,273,327,NaN,NaN,NaN,NaN,onset_unresolved,-3.30535470053417,-22.1823101515587,NaN,none,no_model_evidence,NaN,NaN,0,0,0,control,0,NaN,0,0,NaN,0,NaN,NaN,NaN,NaN,NaN,0,0,0,NaN,onset_unresolved,0,0,NaN,NaN,NaN,NaN,NaN,NaN,NaN,NaN,NaN,NaN,NaN,NaN,0,NaN,NaN,NaN,NaN,NaN,NaN,onset_unresolved,0,0,NaN,NaN,NaN,NaN,NaN,NaN,NaN,0,NaN,NaN,NaN,NaN,NaN,NaN,NaN,NaN
ID13-20200917,7,additional,selection,377,409,resolved,371,344,381,351,370,7.78949579831933,0.0807373360852373,provisional_valid,15.4339256218316,3.46405958240245,15.4339256218316,rising,resolved,NaN,NaN,1,0,0,control,0,NaN,0,0,NaN,0,NaN,NaN,NaN,NaN,NaN,0,1,0,NaN,positive_raw_change_provisional,1,1,0.0807373360852373,0.0807373360852373,351,370,7.78949579831933,396,8.41839893852278,7.82291021671827,7.75608137992039,-0.00857935334046841,0.0761211244035369,0.0853933224987882,1,NaN,NaN,NaN,NaN,NaN,NaN,positive_raw_change_provisional,1,1,0.0807373360852373,0.0807373360852373,396,8.41839893852278,6,0,0,0,0,NaN,NaN,NaN,NaN,NaN,NaN,NaN
ID13-20200917,8,additional,selection,485,498,insufficient_clean_context,NaN,473,489,NaN,NaN,NaN,NaN,onset_unresolved,NaN,NaN,NaN,none,insufficient_clean_context,NaN,NaN,0,0,0,control,0,NaN,0,0,NaN,0,NaN,NaN,NaN,NaN,NaN,0,0,0,NaN,onset_unresolved,0,0,NaN,NaN,NaN,NaN,NaN,NaN,NaN,NaN,NaN,NaN,NaN,NaN,0,NaN,NaN,NaN,NaN,NaN,NaN,onset_unresolved,0,0,NaN,NaN,NaN,NaN,NaN,NaN,NaN,0,NaN,NaN,NaN,NaN,NaN,NaN,NaN,NaN
ID13-20200917,9,additional,selection,529,554,no_model_evidence,NaN,499,533,NaN,NaN,NaN,NaN,onset_unresolved,-7.46802343819941,-19.3591184676241,NaN,none,no_model_evidence,NaN,NaN,0,0,0,control,0,NaN,0,0,NaN,0,NaN,NaN,NaN,NaN,NaN,0,0,0,NaN,onset_unresolved,0,0,NaN,NaN,NaN,NaN,NaN,NaN,NaN,NaN,NaN,NaN,NaN,NaN,0,NaN,NaN,NaN,NaN,NaN,NaN,onset_unresolved,0,0,NaN,NaN,NaN,NaN,NaN,NaN,NaN,0,NaN,NaN,NaN,NaN,NaN,NaN,NaN,NaN
ID13-20200917,10,additional,selection,566,594,insufficient_clean_context,NaN,564,570,NaN,NaN,NaN,NaN,onset_unresolved,NaN,NaN,NaN,none,insufficient_clean_context,NaN,NaN,0,0,0,control,0,NaN,0,0,NaN,0,NaN,NaN,NaN,NaN,NaN,0,0,0,NaN,onset_unresolved,0,0,NaN,NaN,NaN,NaN,NaN,NaN,NaN,NaN,NaN,NaN,NaN,NaN,0,NaN,NaN,NaN,NaN,NaN,NaN,onset_unresolved,0,0,NaN,NaN,NaN,NaN,NaN,NaN,NaN,0,NaN,NaN,NaN,NaN,NaN,NaN,NaN,NaN
ID13-20200917,11,additional,selection,817,838,insufficient_clean_context,NaN,801,821,NaN,NaN,NaN,NaN,onset_unresolved,NaN,NaN,NaN,none,insufficient_clean_context,NaN,NaN,0,0,0,control,0,NaN,0,0,NaN,0,NaN,NaN,NaN,NaN,NaN,0,0,0,NaN,onset_unresolved,0,0,NaN,NaN,NaN,NaN,NaN,NaN,NaN,NaN,NaN,NaN,NaN,NaN,0,NaN,NaN,NaN,NaN,NaN,NaN,onset_unresolved,0,0,NaN,NaN,NaN,NaN,NaN,NaN,NaN,0,NaN,NaN,NaN,NaN,NaN,NaN,NaN,NaN
ID13-20200917,12,additional,selection,907,920,insufficient_clean_context,NaN,887,911,NaN,NaN,NaN,NaN,onset_unresolved,NaN,NaN,NaN,none,insufficient_clean_context,NaN,NaN,0,0,0,control,0,NaN,0,0,NaN,0,NaN,NaN,NaN,NaN,NaN,0,0,0,NaN,onset_unresolved,0,0,NaN,NaN,NaN,NaN,NaN,NaN,NaN,NaN,NaN,NaN,NaN,NaN,0,NaN,NaN,NaN,NaN,NaN,NaN,onset_unresolved,0,0,NaN,NaN,NaN,NaN,NaN,NaN,NaN,0,NaN,NaN,NaN,NaN,NaN,NaN,NaN,NaN
ID13-20200917,13,additional,selection,1077,1088,insufficient_clean_context,NaN,1065,1081,NaN,NaN,NaN,NaN,onset_unresolved,NaN,NaN,NaN,none,insufficient_clean_context,NaN,NaN,0,0,0,control,0,NaN,0,0,NaN,0,NaN,NaN,NaN,NaN,NaN,0,0,0,NaN,onset_unresolved,0,0,NaN,NaN,NaN,NaN,NaN,NaN,NaN,NaN,NaN,NaN,NaN,NaN,0,NaN,NaN,NaN,NaN,NaN,NaN,onset_unresolved,0,0,NaN,NaN,NaN,NaN,NaN,NaN,NaN,0,NaN,NaN,NaN,NaN,NaN,NaN,NaN,NaN
ID13-20200917,14,additional,selection,1105,1116,insufficient_clean_context,NaN,1089,1109,NaN,NaN,NaN,NaN,onset_unresolved,NaN,NaN,NaN,none,insufficient_clean_context,NaN,NaN,0,0,0,control,0,NaN,0,0,NaN,0,NaN,NaN,NaN,NaN,NaN,0,0,0,NaN,onset_unresolved,0,0,NaN,NaN,NaN,NaN,NaN,NaN,NaN,NaN,NaN,NaN,NaN,NaN,0,NaN,NaN,NaN,NaN,NaN,NaN,onset_unresolved,0,0,NaN,NaN,NaN,NaN,NaN,NaN,NaN,0,NaN,NaN,NaN,NaN,NaN,NaN,NaN,NaN
ID13-20200917,15,additional,selection,1120,1156,insufficient_clean_context,NaN,1120,1124,NaN,NaN,NaN,NaN,onset_unresolved,NaN,NaN,NaN,none,insufficient_clean_context,NaN,NaN,0,0,0,control,0,NaN,0,0,NaN,0,NaN,NaN,NaN,NaN,NaN,0,0,0,NaN,onset_unresolved,0,0,NaN,NaN,NaN,NaN,NaN,NaN,NaN,NaN,NaN,NaN,NaN,NaN,0,NaN,NaN,NaN,NaN,NaN,NaN,onset_unresolved,0,0,NaN,NaN,NaN,NaN,NaN,NaN,NaN,0,NaN,NaN,NaN,NaN,NaN,NaN,NaN,NaN
ID13-20200917,16,additional,selection,1170,1182,insufficient_clean_context,NaN,1157,1174,NaN,NaN,NaN,NaN,onset_unresolved,NaN,NaN,NaN,none,insufficient_clean_context,NaN,NaN,0,0,0,control,0,NaN,0,0,NaN,0,NaN,NaN,NaN,NaN,NaN,0,0,0,NaN,onset_unresolved,0,0,NaN,NaN,NaN,NaN,NaN,NaN,NaN,NaN,NaN,NaN,NaN,NaN,0,NaN,NaN,NaN,NaN,NaN,NaN,onset_unresolved,0,0,NaN,NaN,NaN,NaN,NaN,NaN,NaN,0,NaN,NaN,NaN,NaN,NaN,NaN,NaN,NaN
ID13-20200917,17,additional,selection,3,12,insufficient_clean_context,NaN,1,7,NaN,NaN,NaN,NaN,onset_unresolved,NaN,NaN,NaN,none,insufficient_clean_context,NaN,NaN,0,0,0,control,0,NaN,0,0,NaN,0,NaN,NaN,NaN,NaN,NaN,0,0,0,NaN,onset_unresolved,0,0,NaN,NaN,NaN,NaN,NaN,NaN,NaN,NaN,NaN,NaN,NaN,NaN,0,NaN,NaN,NaN,NaN,NaN,NaN,onset_unresolved,0,0,NaN,NaN,NaN,NaN,NaN,NaN,NaN,0,NaN,NaN,NaN,NaN,NaN,NaN,NaN,NaN
ID13-20200917,18,additional,selection,26,36,insufficient_clean_context,NaN,19,30,NaN,NaN,NaN,NaN,onset_unresolved,NaN,NaN,NaN,none,insufficient_clean_context,NaN,NaN,0,0,0,control,0,NaN,0,0,NaN,0,NaN,NaN,NaN,NaN,NaN,0,0,0,NaN,onset_unresolved,0,0,NaN,NaN,NaN,NaN,NaN,NaN,NaN,NaN,NaN,NaN,NaN,NaN,0,NaN,NaN,NaN,NaN,NaN,NaN,onset_unresolved,0,0,NaN,NaN,NaN,NaN,NaN,NaN,NaN,0,NaN,NaN,NaN,NaN,NaN,NaN,NaN,NaN
ID13-20200917,19,additional,selection,80,90,insufficient_clean_context,NaN,60,84,NaN,NaN,NaN,NaN,onset_unresolved,NaN,NaN,NaN,none,insufficient_clean_context,NaN,NaN,0,0,0,control,0,NaN,0,0,NaN,0,NaN,NaN,NaN,NaN,NaN,0,0,0,NaN,onset_unresolved,0,0,NaN,NaN,NaN,NaN,NaN,NaN,NaN,NaN,NaN,NaN,NaN,NaN,0,NaN,NaN,NaN,NaN,NaN,NaN,onset_unresolved,0,0,NaN,NaN,NaN,NaN,NaN,NaN,NaN,0,NaN,NaN,NaN,NaN,NaN,NaN,NaN,NaN
ID13-20200917,20,additional,selection,166,175,no_model_evidence,NaN,128,170,NaN,NaN,NaN,NaN,onset_unresolved,-6.12702326976866,-17.1845290707177,NaN,none,no_model_evidence,NaN,NaN,0,0,0,control,0,NaN,0,0,NaN,0,NaN,NaN,NaN,NaN,NaN,0,0,0,NaN,onset_unresolved,0,0,NaN,NaN,NaN,NaN,NaN,NaN,NaN,NaN,NaN,NaN,NaN,NaN,0,NaN,NaN,NaN,NaN,NaN,NaN,onset_unresolved,0,0,NaN,NaN,NaN,NaN,NaN,NaN,NaN,0,NaN,NaN,NaN,NaN,NaN,NaN,NaN,NaN
ID13-20200917,21,additional,selection,324,346,insufficient_clean_context,NaN,324,328,NaN,NaN,NaN,NaN,onset_unresolved,NaN,NaN,NaN,none,insufficient_clean_context,NaN,NaN,0,0,0,control,0,NaN,0,0,NaN,0,NaN,NaN,NaN,NaN,NaN,0,0,0,NaN,onset_unresolved,0,0,NaN,NaN,NaN,NaN,NaN,NaN,NaN,NaN,NaN,NaN,NaN,NaN,0,NaN,NaN,NaN,NaN,NaN,NaN,onset_unresolved,0,0,NaN,NaN,NaN,NaN,NaN,NaN,NaN,0,NaN,NaN,NaN,NaN,NaN,NaN,NaN,NaN
ID13-20200917,22,additional,selection,470,482,insufficient_clean_context,NaN,469,474,NaN,NaN,NaN,NaN,onset_unresolved,NaN,NaN,NaN,none,insufficient_clean_context,NaN,NaN,0,0,0,control,0,NaN,0,0,NaN,0,NaN,NaN,NaN,NaN,NaN,0,0,0,NaN,onset_unresolved,0,0,NaN,NaN,NaN,NaN,NaN,NaN,NaN,NaN,NaN,NaN,NaN,NaN,0,NaN,NaN,NaN,NaN,NaN,NaN,onset_unresolved,0,0,NaN,NaN,NaN,NaN,NaN,NaN,NaN,0,NaN,NaN,NaN,NaN,NaN,NaN,NaN,NaN
ID13-20200917,23,additional,selection,487,513,insufficient_clean_context,NaN,483,491,NaN,NaN,NaN,NaN,onset_unresolved,NaN,NaN,NaN,none,insufficient_clean_context,NaN,NaN,0,0,0,control,0,NaN,0,0,NaN,0,NaN,NaN,NaN,NaN,NaN,0,0,0,NaN,onset_unresolved,0,0,NaN,NaN,NaN,NaN,NaN,NaN,NaN,NaN,NaN,NaN,NaN,NaN,0,NaN,NaN,NaN,NaN,NaN,NaN,onset_unresolved,0,0,NaN,NaN,NaN,NaN,NaN,NaN,NaN,0,NaN,NaN,NaN,NaN,NaN,NaN,NaN,NaN
ID13-20200917,24,additional,selection,532,557,insufficient_clean_context,NaN,514,536,NaN,NaN,NaN,NaN,onset_unresolved,NaN,NaN,NaN,none,insufficient_clean_context,NaN,NaN,0,0,0,control,0,NaN,0,0,NaN,0,NaN,NaN,NaN,NaN,NaN,0,0,0,NaN,onset_unresolved,0,0,NaN,NaN,NaN,NaN,NaN,NaN,NaN,NaN,NaN,NaN,NaN,NaN,0,NaN,NaN,NaN,NaN,NaN,NaN,onset_unresolved,0,0,NaN,NaN,NaN,NaN,NaN,NaN,NaN,0,NaN,NaN,NaN,NaN,NaN,NaN,NaN,NaN
ID13-20200917,25,additional,selection,559,580,insufficient_clean_context,NaN,558,563,NaN,NaN,NaN,NaN,onset_unresolved,NaN,NaN,NaN,none,insufficient_clean_context,NaN,NaN,0,0,0,control,0,NaN,0,0,NaN,0,NaN,NaN,NaN,NaN,NaN,0,0,0,NaN,onset_unresolved,0,0,NaN,NaN,NaN,NaN,NaN,NaN,NaN,NaN,NaN,NaN,NaN,NaN,0,NaN,NaN,NaN,NaN,NaN,NaN,onset_unresolved,0,0,NaN,NaN,NaN,NaN,NaN,NaN,NaN,0,NaN,NaN,NaN,NaN,NaN,NaN,NaN,NaN
ID13-20200917,26,additional,selection,582,604,insufficient_clean_context,NaN,581,586,NaN,NaN,NaN,NaN,onset_unresolved,NaN,NaN,NaN,none,insufficient_clean_context,NaN,NaN,0,0,0,control,0,NaN,0,0,NaN,0,NaN,NaN,NaN,NaN,NaN,0,0,0,NaN,onset_unresolved,0,0,NaN,NaN,NaN,NaN,NaN,NaN,NaN,NaN,NaN,NaN,NaN,NaN,0,NaN,NaN,NaN,NaN,NaN,NaN,onset_unresolved,0,0,NaN,NaN,NaN,NaN,NaN,NaN,NaN,0,NaN,NaN,NaN,NaN,NaN,NaN,NaN,NaN
ID13-20200917,27,additional,selection,664,675,insufficient_clean_context,NaN,663,668,NaN,NaN,NaN,NaN,onset_unresolved,NaN,NaN,NaN,none,insufficient_clean_context,NaN,NaN,0,0,0,control,0,NaN,0,0,NaN,0,NaN,NaN,NaN,NaN,NaN,0,0,0,NaN,onset_unresolved,0,0,NaN,NaN,NaN,NaN,NaN,NaN,NaN,NaN,NaN,NaN,NaN,NaN,0,NaN,NaN,NaN,NaN,NaN,NaN,onset_unresolved,0,0,NaN,NaN,NaN,NaN,NaN,NaN,NaN,0,NaN,NaN,NaN,NaN,NaN,NaN,NaN,NaN
ID13-20200917,28,additional,selection,685,695,insufficient_clean_context,NaN,676,689,NaN,NaN,NaN,NaN,onset_unresolved,NaN,NaN,NaN,none,insufficient_clean_context,NaN,NaN,0,0,0,control,0,NaN,0,0,NaN,0,NaN,NaN,NaN,NaN,NaN,0,0,0,NaN,onset_unresolved,0,0,NaN,NaN,NaN,NaN,NaN,NaN,NaN,NaN,NaN,NaN,NaN,NaN,0,NaN,NaN,NaN,NaN,NaN,NaN,onset_unresolved,0,0,NaN,NaN,NaN,NaN,NaN,NaN,NaN,0,NaN,NaN,NaN,NaN,NaN,NaN,NaN,NaN
ID13-20200917,29,additional,selection,707,716,insufficient_clean_context,NaN,696,711,NaN,NaN,NaN,NaN,onset_unresolved,NaN,NaN,NaN,none,insufficient_clean_context,NaN,NaN,0,0,0,control,0,NaN,0,0,NaN,0,NaN,NaN,NaN,NaN,NaN,0,0,0,NaN,onset_unresolved,0,0,NaN,NaN,NaN,NaN,NaN,NaN,NaN,NaN,NaN,NaN,NaN,NaN,0,NaN,NaN,NaN,NaN,NaN,NaN,onset_unresolved,0,0,NaN,NaN,NaN,NaN,NaN,NaN,NaN,0,NaN,NaN,NaN,NaN,NaN,NaN,NaN,NaN
ID13-20200917,30,additional,selection,721,740,insufficient_clean_context,NaN,717,725,NaN,NaN,NaN,NaN,onset_unresolved,NaN,NaN,NaN,none,insufficient_clean_context,NaN,NaN,0,0,0,control,0,NaN,0,0,NaN,0,NaN,NaN,NaN,NaN,NaN,0,0,0,NaN,onset_unresolved,0,0,NaN,NaN,NaN,NaN,NaN,NaN,NaN,NaN,NaN,NaN,NaN,NaN,0,NaN,NaN,NaN,NaN,NaN,NaN,onset_unresolved,0,0,NaN,NaN,NaN,NaN,NaN,NaN,NaN,0,NaN,NaN,NaN,NaN,NaN,NaN,NaN,NaN
ID13-20200917,31,additional,selection,781,802,insufficient_clean_context,NaN,772,785,NaN,NaN,NaN,NaN,onset_unresolved,NaN,NaN,NaN,none,insufficient_clean_context,NaN,NaN,0,0,0,control,0,NaN,0,0,NaN,0,NaN,NaN,NaN,NaN,NaN,0,0,0,NaN,onset_unresolved,0,0,NaN,NaN,NaN,NaN,NaN,NaN,NaN,NaN,NaN,NaN,NaN,NaN,0,NaN,NaN,NaN,NaN,NaN,NaN,onset_unresolved,0,0,NaN,NaN,NaN,NaN,NaN,NaN,NaN,0,NaN,NaN,NaN,NaN,NaN,NaN,NaN,NaN
ID13-20200917,32,additional,selection,819,840,insufficient_clean_context,NaN,819,823,NaN,NaN,NaN,NaN,onset_unresolved,NaN,NaN,NaN,none,insufficient_clean_context,NaN,NaN,0,0,0,control,0,NaN,0,0,NaN,0,NaN,NaN,NaN,NaN,NaN,0,0,0,NaN,onset_unresolved,0,0,NaN,NaN,NaN,NaN,NaN,NaN,NaN,NaN,NaN,NaN,NaN,NaN,0,NaN,NaN,NaN,NaN,NaN,NaN,onset_unresolved,0,0,NaN,NaN,NaN,NaN,NaN,NaN,NaN,0,NaN,NaN,NaN,NaN,NaN,NaN,NaN,NaN
ID13-20200917,33,additional,selection,925,943,no_model_evidence,NaN,902,929,NaN,NaN,NaN,NaN,onset_unresolved,-6.06629823209522,-19.4336112731158,NaN,none,no_model_evidence,NaN,NaN,0,0,0,control,0,NaN,0,0,NaN,0,NaN,NaN,NaN,NaN,NaN,0,0,0,NaN,onset_unresolved,0,0,NaN,NaN,NaN,NaN,NaN,NaN,NaN,NaN,NaN,NaN,NaN,NaN,0,NaN,NaN,NaN,NaN,NaN,NaN,onset_unresolved,0,0,NaN,NaN,NaN,NaN,NaN,NaN,NaN,0,NaN,NaN,NaN,NaN,NaN,NaN,NaN,NaN
ID13-20200917,34,additional,selection,947,963,insufficient_clean_context,NaN,947,951,NaN,NaN,NaN,NaN,onset_unresolved,NaN,NaN,NaN,none,insufficient_clean_context,NaN,NaN,0,0,0,control,0,NaN,0,0,NaN,0,NaN,NaN,NaN,NaN,NaN,0,0,0,NaN,onset_unresolved,0,0,NaN,NaN,NaN,NaN,NaN,NaN,NaN,NaN,NaN,NaN,NaN,NaN,0,NaN,NaN,NaN,NaN,NaN,NaN,onset_unresolved,0,0,NaN,NaN,NaN,NaN,NaN,NaN,NaN,0,NaN,NaN,NaN,NaN,NaN,NaN,NaN,NaN
ID13-20200917,35,additional,selection,1038,1048,insufficient_clean_context,NaN,1020,1042,NaN,NaN,NaN,NaN,onset_unresolved,NaN,NaN,NaN,none,insufficient_clean_context,NaN,NaN,0,0,0,control,0,NaN,0,0,NaN,0,NaN,NaN,NaN,NaN,NaN,0,0,0,NaN,onset_unresolved,0,0,NaN,NaN,NaN,NaN,NaN,NaN,NaN,NaN,NaN,NaN,NaN,NaN,0,NaN,NaN,NaN,NaN,NaN,NaN,onset_unresolved,0,0,NaN,NaN,NaN,NaN,NaN,NaN,NaN,0,NaN,NaN,NaN,NaN,NaN,NaN,NaN,NaN
ID13-20200917,36,additional,selection,1071,1086,no_model_evidence,NaN,1049,1075,NaN,NaN,NaN,NaN,onset_unresolved,-7.4367858661182,-13.9429757059798,NaN,none,no_model_evidence,NaN,NaN,0,0,0,control,0,NaN,0,0,NaN,0,NaN,NaN,NaN,NaN,NaN,0,0,0,NaN,onset_unresolved,0,0,NaN,NaN,NaN,NaN,NaN,NaN,NaN,NaN,NaN,NaN,NaN,NaN,0,NaN,NaN,NaN,NaN,NaN,NaN,onset_unresolved,0,0,NaN,NaN,NaN,NaN,NaN,NaN,NaN,0,NaN,NaN,NaN,NaN,NaN,NaN,NaN,NaN
ID13-20200917,37,additional,selection,1090,1119,insufficient_clean_context,NaN,1089,1094,NaN,NaN,NaN,NaN,onset_unresolved,NaN,NaN,NaN,none,insufficient_clean_context,NaN,NaN,0,0,0,control,0,NaN,0,0,NaN,0,NaN,NaN,NaN,NaN,NaN,0,0,0,NaN,onset_unresolved,0,0,NaN,NaN,NaN,NaN,NaN,NaN,NaN,NaN,NaN,NaN,NaN,NaN,0,NaN,NaN,NaN,NaN,NaN,NaN,onset_unresolved,0,0,NaN,NaN,NaN,NaN,NaN,NaN,NaN,0,NaN,NaN,NaN,NaN,NaN,NaN,NaN,NaN
ID13-20200917,38,additional,selection,1125,1142,insufficient_clean_context,NaN,1120,1129,NaN,NaN,NaN,NaN,onset_unresolved,NaN,NaN,NaN,none,insufficient_clean_context,NaN,NaN,0,0,0,control,0,NaN,0,0,NaN,0,NaN,NaN,NaN,NaN,NaN,0,0,0,NaN,onset_unresolved,0,0,NaN,NaN,NaN,NaN,NaN,NaN,NaN,NaN,NaN,NaN,NaN,NaN,0,NaN,NaN,NaN,NaN,NaN,NaN,onset_unresolved,0,0,NaN,NaN,NaN,NaN,NaN,NaN,NaN,0,NaN,NaN,NaN,NaN,NaN,NaN,NaN,NaN
ID13-20200917,39,additional,selection,1154,1178,insufficient_clean_context,NaN,1152,1158,NaN,NaN,NaN,NaN,onset_unresolved,NaN,NaN,NaN,none,insufficient_clean_context,NaN,NaN,0,0,0,control,0,NaN,0,0,NaN,0,NaN,NaN,NaN,NaN,NaN,0,0,0,NaN,onset_unresolved,0,0,NaN,NaN,NaN,NaN,NaN,NaN,NaN,NaN,NaN,NaN,NaN,NaN,0,NaN,NaN,NaN,NaN,NaN,NaN,onset_unresolved,0,0,NaN,NaN,NaN,NaN,NaN,NaN,NaN,0,NaN,NaN,NaN,NaN,NaN,NaN,NaN,NaN
ID13-20200917,40,additional,selection,26,46,no_model_evidence,NaN,1,30,NaN,NaN,NaN,NaN,onset_unresolved,0.0973871297846423,-9.61135037660434,NaN,none,no_model_evidence,NaN,NaN,0,0,0,control,0,NaN,0,0,NaN,0,NaN,NaN,NaN,NaN,NaN,0,0,0,NaN,onset_unresolved,0,0,NaN,NaN,NaN,NaN,NaN,NaN,NaN,NaN,NaN,NaN,NaN,NaN,0,NaN,NaN,NaN,NaN,NaN,NaN,onset_unresolved,0,0,NaN,NaN,NaN,NaN,NaN,NaN,NaN,0,NaN,NaN,NaN,NaN,NaN,NaN,NaN,NaN
ID13-20200917,41,additional,selection,91,101,no_model_evidence,NaN,60,95,NaN,NaN,NaN,NaN,onset_unresolved,2.31264673091272,-5.86477721082688,NaN,none,no_model_evidence,NaN,NaN,0,0,0,control,0,NaN,0,0,NaN,0,NaN,NaN,NaN,NaN,NaN,0,0,0,NaN,onset_unresolved,0,0,NaN,NaN,NaN,NaN,NaN,NaN,NaN,NaN,NaN,NaN,NaN,NaN,0,NaN,NaN,NaN,NaN,NaN,NaN,onset_unresolved,0,0,NaN,NaN,NaN,NaN,NaN,NaN,NaN,0,NaN,NaN,NaN,NaN,NaN,NaN,NaN,NaN
ID13-20200917,42,additional,selection,164,185,insufficient_clean_context,NaN,164,168,NaN,NaN,NaN,NaN,onset_unresolved,NaN,NaN,NaN,none,insufficient_clean_context,NaN,NaN,0,0,0,control,0,NaN,0,0,NaN,0,NaN,NaN,NaN,NaN,NaN,0,0,0,NaN,onset_unresolved,0,0,NaN,NaN,NaN,NaN,NaN,NaN,NaN,NaN,NaN,NaN,NaN,NaN,0,NaN,NaN,NaN,NaN,NaN,NaN,onset_unresolved,0,0,NaN,NaN,NaN,NaN,NaN,NaN,NaN,0,NaN,NaN,NaN,NaN,NaN,NaN,NaN,NaN
ID13-20200917,43,additional,selection,238,255,insufficient_clean_context,NaN,238,242,NaN,NaN,NaN,NaN,onset_unresolved,NaN,NaN,NaN,none,insufficient_clean_context,NaN,NaN,0,0,0,control,0,NaN,0,0,NaN,0,NaN,NaN,NaN,NaN,NaN,0,0,0,NaN,onset_unresolved,0,0,NaN,NaN,NaN,NaN,NaN,NaN,NaN,NaN,NaN,NaN,NaN,NaN,0,NaN,NaN,NaN,NaN,NaN,NaN,onset_unresolved,0,0,NaN,NaN,NaN,NaN,NaN,NaN,NaN,0,NaN,NaN,NaN,NaN,NaN,NaN,NaN,NaN
ID13-20200917,44,additional,selection,360,369,insufficient_clean_context,NaN,360,364,NaN,NaN,NaN,NaN,onset_unresolved,NaN,NaN,NaN,none,insufficient_clean_context,NaN,NaN,0,0,0,control,0,NaN,0,0,NaN,0,NaN,NaN,NaN,NaN,NaN,0,0,0,NaN,onset_unresolved,0,0,NaN,NaN,NaN,NaN,NaN,NaN,NaN,NaN,NaN,NaN,NaN,NaN,0,NaN,NaN,NaN,NaN,NaN,NaN,onset_unresolved,0,0,NaN,NaN,NaN,NaN,NaN,NaN,NaN,0,NaN,NaN,NaN,NaN,NaN,NaN,NaN,NaN
ID13-20200917,45,additional,selection,417,458,insufficient_clean_context,NaN,405,421,NaN,NaN,NaN,NaN,onset_unresolved,NaN,NaN,NaN,none,insufficient_clean_context,NaN,NaN,0,0,0,control,0,NaN,0,0,NaN,0,NaN,NaN,NaN,NaN,NaN,0,0,0,NaN,onset_unresolved,0,0,NaN,NaN,NaN,NaN,NaN,NaN,NaN,NaN,NaN,NaN,NaN,NaN,0,NaN,NaN,NaN,NaN,NaN,NaN,onset_unresolved,0,0,NaN,NaN,NaN,NaN,NaN,NaN,NaN,0,NaN,NaN,NaN,NaN,NaN,NaN,NaN,NaN
ID13-20200917,46,additional,selection,485,495,insufficient_clean_context,NaN,469,489,NaN,NaN,NaN,NaN,onset_unresolved,NaN,NaN,NaN,none,insufficient_clean_context,NaN,NaN,0,0,0,control,0,NaN,0,0,NaN,0,NaN,NaN,NaN,NaN,NaN,0,0,0,NaN,onset_unresolved,0,0,NaN,NaN,NaN,NaN,NaN,NaN,NaN,NaN,NaN,NaN,NaN,NaN,0,NaN,NaN,NaN,NaN,NaN,NaN,onset_unresolved,0,0,NaN,NaN,NaN,NaN,NaN,NaN,NaN,0,NaN,NaN,NaN,NaN,NaN,NaN,NaN,NaN
ID13-20200917,47,additional,selection,506,524,insufficient_clean_context,NaN,496,510,NaN,NaN,NaN,NaN,onset_unresolved,NaN,NaN,NaN,none,insufficient_clean_context,NaN,NaN,0,0,0,control,0,NaN,0,0,NaN,0,NaN,NaN,NaN,NaN,NaN,0,0,0,NaN,onset_unresolved,0,0,NaN,NaN,NaN,NaN,NaN,NaN,NaN,NaN,NaN,NaN,NaN,NaN,0,NaN,NaN,NaN,NaN,NaN,NaN,onset_unresolved,0,0,NaN,NaN,NaN,NaN,NaN,NaN,NaN,0,NaN,NaN,NaN,NaN,NaN,NaN,NaN,NaN
ID13-20200917,48,additional,selection,559,568,no_model_evidence,NaN,525,563,NaN,NaN,NaN,NaN,onset_unresolved,-5.78997020902487,-16.2863257427847,NaN,none,no_model_evidence,NaN,NaN,0,0,0,control,0,NaN,0,0,NaN,0,NaN,NaN,NaN,NaN,NaN,0,0,0,NaN,onset_unresolved,0,0,NaN,NaN,NaN,NaN,NaN,NaN,NaN,NaN,NaN,NaN,NaN,NaN,0,NaN,NaN,NaN,NaN,NaN,NaN,onset_unresolved,0,0,NaN,NaN,NaN,NaN,NaN,NaN,NaN,0,NaN,NaN,NaN,NaN,NaN,NaN,NaN,NaN
ID13-20200917,49,additional,selection,601,625,insufficient_clean_context,NaN,601,605,NaN,NaN,NaN,NaN,onset_unresolved,NaN,NaN,NaN,none,insufficient_clean_context,NaN,NaN,0,0,0,control,0,NaN,0,0,NaN,0,NaN,NaN,NaN,NaN,NaN,0,0,0,NaN,onset_unresolved,0,0,NaN,NaN,NaN,NaN,NaN,NaN,NaN,NaN,NaN,NaN,NaN,NaN,0,NaN,NaN,NaN,NaN,NaN,NaN,onset_unresolved,0,0,NaN,NaN,NaN,NaN,NaN,NaN,NaN,0,NaN,NaN,NaN,NaN,NaN,NaN,NaN,NaN
ID13-20200917,50,additional,selection,745,754,insufficient_clean_context,NaN,745,749,NaN,NaN,NaN,NaN,onset_unresolved,NaN,NaN,NaN,none,insufficient_clean_context,NaN,NaN,0,0,0,control,0,NaN,0,0,NaN,0,NaN,NaN,NaN,NaN,NaN,0,0,0,NaN,onset_unresolved,0,0,NaN,NaN,NaN,NaN,NaN,NaN,NaN,NaN,NaN,NaN,NaN,NaN,0,NaN,NaN,NaN,NaN,NaN,NaN,onset_unresolved,0,0,NaN,NaN,NaN,NaN,NaN,NaN,NaN,0,NaN,NaN,NaN,NaN,NaN,NaN,NaN,NaN
ID13-20200917,51,additional,selection,798,807,no_model_evidence,NaN,766,802,NaN,NaN,NaN,NaN,onset_unresolved,-6.48259469035353,-17.2048406455054,NaN,none,no_model_evidence,NaN,NaN,0,0,0,control,0,NaN,0,0,NaN,0,NaN,NaN,NaN,NaN,NaN,0,0,0,NaN,onset_unresolved,0,0,NaN,NaN,NaN,NaN,NaN,NaN,NaN,NaN,NaN,NaN,NaN,NaN,0,NaN,NaN,NaN,NaN,NaN,NaN,onset_unresolved,0,0,NaN,NaN,NaN,NaN,NaN,NaN,NaN,0,NaN,NaN,NaN,NaN,NaN,NaN,NaN,NaN
ID13-20200917,52,additional,selection,812,821,insufficient_clean_context,NaN,808,816,NaN,NaN,NaN,NaN,onset_unresolved,NaN,NaN,NaN,none,insufficient_clean_context,NaN,NaN,0,0,0,control,0,NaN,0,0,NaN,0,NaN,NaN,NaN,NaN,NaN,0,0,0,NaN,onset_unresolved,0,0,NaN,NaN,NaN,NaN,NaN,NaN,NaN,NaN,NaN,NaN,NaN,NaN,0,NaN,NaN,NaN,NaN,NaN,NaN,onset_unresolved,0,0,NaN,NaN,NaN,NaN,NaN,NaN,NaN,0,NaN,NaN,NaN,NaN,NaN,NaN,NaN,NaN
ID13-20200917,53,additional,selection,828,845,insufficient_clean_context,NaN,822,832,NaN,NaN,NaN,NaN,onset_unresolved,NaN,NaN,NaN,none,insufficient_clean_context,NaN,NaN,0,0,0,control,0,NaN,0,0,NaN,0,NaN,NaN,NaN,NaN,NaN,0,0,0,NaN,onset_unresolved,0,0,NaN,NaN,NaN,NaN,NaN,NaN,NaN,NaN,NaN,NaN,NaN,NaN,0,NaN,NaN,NaN,NaN,NaN,NaN,onset_unresolved,0,0,NaN,NaN,NaN,NaN,NaN,NaN,NaN,0,NaN,NaN,NaN,NaN,NaN,NaN,NaN,NaN
ID13-20200917,54,additional,selection,921,959,insufficient_clean_context,NaN,904,925,NaN,NaN,NaN,NaN,onset_unresolved,NaN,NaN,NaN,none,insufficient_clean_context,NaN,NaN,0,0,0,control,0,NaN,0,0,NaN,0,NaN,NaN,NaN,NaN,NaN,0,0,0,NaN,onset_unresolved,0,0,NaN,NaN,NaN,NaN,NaN,NaN,NaN,NaN,NaN,NaN,NaN,NaN,0,NaN,NaN,NaN,NaN,NaN,NaN,onset_unresolved,0,0,NaN,NaN,NaN,NaN,NaN,NaN,NaN,0,NaN,NaN,NaN,NaN,NaN,NaN,NaN,NaN
ID13-20200917,55,additional,selection,1121,1153,insufficient_clean_context,NaN,1113,1125,NaN,NaN,NaN,NaN,onset_unresolved,NaN,NaN,NaN,none,insufficient_clean_context,NaN,NaN,0,0,0,control,0,NaN,0,0,NaN,0,NaN,NaN,NaN,NaN,NaN,0,0,0,NaN,onset_unresolved,0,0,NaN,NaN,NaN,NaN,NaN,NaN,NaN,NaN,NaN,NaN,NaN,NaN,0,NaN,NaN,NaN,NaN,NaN,NaN,onset_unresolved,0,0,NaN,NaN,NaN,NaN,NaN,NaN,NaN,0,NaN,NaN,NaN,NaN,NaN,NaN,NaN,NaN
ID13-20200917,56,additional,selection,1159,1187,insufficient_clean_context,NaN,1157,1163,NaN,NaN,NaN,NaN,onset_unresolved,NaN,NaN,NaN,none,insufficient_clean_context,NaN,NaN,0,0,0,control,0,NaN,0,0,NaN,0,NaN,NaN,NaN,NaN,NaN,0,0,0,NaN,onset_unresolved,0,0,NaN,NaN,NaN,NaN,NaN,NaN,NaN,NaN,NaN,NaN,NaN,NaN,0,NaN,NaN,NaN,NaN,NaN,NaN,onset_unresolved,0,0,NaN,NaN,NaN,NaN,NaN,NaN,NaN,0,NaN,NaN,NaN,NaN,NaN,NaN,NaN,NaN
ID13-20200917,57,additional,selection,1,20,insufficient_clean_context,NaN,1,5,NaN,NaN,NaN,NaN,onset_unresolved,NaN,NaN,NaN,none,insufficient_clean_context,NaN,NaN,0,0,0,control,0,NaN,0,0,NaN,0,NaN,NaN,NaN,NaN,NaN,0,0,0,NaN,onset_unresolved,0,0,NaN,NaN,NaN,NaN,NaN,NaN,NaN,NaN,NaN,NaN,NaN,NaN,0,NaN,NaN,NaN,NaN,NaN,NaN,onset_unresolved,0,0,NaN,NaN,NaN,NaN,NaN,NaN,NaN,0,NaN,NaN,NaN,NaN,NaN,NaN,NaN,NaN
ID13-20200917,58,additional,selection,24,37,insufficient_clean_context,NaN,21,28,NaN,NaN,NaN,NaN,onset_unresolved,NaN,NaN,NaN,none,insufficient_clean_context,NaN,NaN,0,0,0,control,0,NaN,0,0,NaN,0,NaN,NaN,NaN,NaN,NaN,0,0,0,NaN,onset_unresolved,0,0,NaN,NaN,NaN,NaN,NaN,NaN,NaN,NaN,NaN,NaN,NaN,NaN,0,NaN,NaN,NaN,NaN,NaN,NaN,onset_unresolved,0,0,NaN,NaN,NaN,NaN,NaN,NaN,NaN,0,NaN,NaN,NaN,NaN,NaN,NaN,NaN,NaN
ID13-20200917,59,additional,selection,87,98,insufficient_clean_context,NaN,87,91,NaN,NaN,NaN,NaN,onset_unresolved,NaN,NaN,NaN,none,insufficient_clean_context,NaN,NaN,0,0,0,control,0,NaN,0,0,NaN,0,NaN,NaN,NaN,NaN,NaN,0,0,0,NaN,onset_unresolved,0,0,NaN,NaN,NaN,NaN,NaN,NaN,NaN,NaN,NaN,NaN,NaN,NaN,0,NaN,NaN,NaN,NaN,NaN,NaN,onset_unresolved,0,0,NaN,NaN,NaN,NaN,NaN,NaN,NaN,0,NaN,NaN,NaN,NaN,NaN,NaN,NaN,NaN
ID13-20200917,60,additional,selection,338,347,no_model_evidence,NaN,308,342,NaN,NaN,NaN,NaN,onset_unresolved,-7.66583455306198,-18.9050460359784,NaN,none,no_model_evidence,NaN,NaN,0,0,0,control,0,NaN,0,0,NaN,0,NaN,NaN,NaN,NaN,NaN,0,0,0,NaN,onset_unresolved,0,0,NaN,NaN,NaN,NaN,NaN,NaN,NaN,NaN,NaN,NaN,NaN,NaN,0,NaN,NaN,NaN,NaN,NaN,NaN,onset_unresolved,0,0,NaN,NaN,NaN,NaN,NaN,NaN,NaN,0,NaN,NaN,NaN,NaN,NaN,NaN,NaN,NaN
ID13-20200917,61,additional,selection,350,359,insufficient_clean_context,NaN,348,354,NaN,NaN,NaN,NaN,onset_unresolved,NaN,NaN,NaN,none,insufficient_clean_context,NaN,NaN,0,0,0,control,0,NaN,0,0,NaN,0,NaN,NaN,NaN,NaN,NaN,0,0,0,NaN,onset_unresolved,0,0,NaN,NaN,NaN,NaN,NaN,NaN,NaN,NaN,NaN,NaN,NaN,NaN,0,NaN,NaN,NaN,NaN,NaN,NaN,onset_unresolved,0,0,NaN,NaN,NaN,NaN,NaN,NaN,NaN,0,NaN,NaN,NaN,NaN,NaN,NaN,NaN,NaN
ID13-20200917,62,additional,selection,450,460,insufficient_clean_context,NaN,450,454,NaN,NaN,NaN,NaN,onset_unresolved,NaN,NaN,NaN,none,insufficient_clean_context,NaN,NaN,0,0,0,control,0,NaN,0,0,NaN,0,NaN,NaN,NaN,NaN,NaN,0,0,0,NaN,onset_unresolved,0,0,NaN,NaN,NaN,NaN,NaN,NaN,NaN,NaN,NaN,NaN,NaN,NaN,0,NaN,NaN,NaN,NaN,NaN,NaN,onset_unresolved,0,0,NaN,NaN,NaN,NaN,NaN,NaN,NaN,0,NaN,NaN,NaN,NaN,NaN,NaN,NaN,NaN
ID13-20200917,63,additional,selection,594,620,no_model_evidence,NaN,563,598,NaN,NaN,NaN,NaN,onset_unresolved,-6.84502675533088,-18.1405772429908,NaN,none,no_model_evidence,NaN,NaN,0,0,0,control,0,NaN,0,0,NaN,0,NaN,NaN,NaN,NaN,NaN,0,0,0,NaN,onset_unresolved,0,0,NaN,NaN,NaN,NaN,NaN,NaN,NaN,NaN,NaN,NaN,NaN,NaN,0,NaN,NaN,NaN,NaN,NaN,NaN,onset_unresolved,0,0,NaN,NaN,NaN,NaN,NaN,NaN,NaN,0,NaN,NaN,NaN,NaN,NaN,NaN,NaN,NaN
ID13-20200917,64,additional,selection,743,753,resolved,741,702,747,721,740,11.2105137563167,0.0788881556952659,provisional_valid,10.8545724764725,1.66271436876314,10.8545724764725,rising,resolved,NaN,NaN,1,0,0,control,0,NaN,0,0,NaN,0,NaN,NaN,NaN,NaN,NaN,0,1,0,NaN,positive_raw_change_provisional,1,1,0.0788881556952659,0.0788881556952659,721,740,11.2105137563167,746,12.0948905109489,11.2687535092645,11.1522740033689,-0.010390202307181,0.0733121902972897,0.0845223590538813,1,NaN,NaN,NaN,NaN,NaN,NaN,positive_raw_change_provisional,1,1,0.0788881556952659,0.0788881556952659,746,12.0948905109489,2,0,0,0,0,NaN,NaN,NaN,NaN,NaN,NaN,NaN
ID13-20200917,65,additional,selection,969,984,insufficient_clean_context,NaN,969,973,NaN,NaN,NaN,NaN,onset_unresolved,NaN,NaN,NaN,none,insufficient_clean_context,NaN,NaN,0,0,0,control,0,NaN,0,0,NaN,0,NaN,NaN,NaN,NaN,NaN,0,0,0,NaN,onset_unresolved,0,0,NaN,NaN,NaN,NaN,NaN,NaN,NaN,NaN,NaN,NaN,NaN,NaN,0,NaN,NaN,NaN,NaN,NaN,NaN,onset_unresolved,0,0,NaN,NaN,NaN,NaN,NaN,NaN,NaN,0,NaN,NaN,NaN,NaN,NaN,NaN,NaN,NaN
ID13-20200917,66,additional,selection,1039,1048,no_model_evidence,NaN,985,1043,NaN,NaN,NaN,NaN,onset_unresolved,1.71522629903573,-20.0903212984244,NaN,none,no_model_evidence,NaN,NaN,0,0,0,control,0,NaN,0,0,NaN,0,NaN,NaN,NaN,NaN,NaN,0,0,0,NaN,onset_unresolved,0,0,NaN,NaN,NaN,NaN,NaN,NaN,NaN,NaN,NaN,NaN,NaN,NaN,0,NaN,NaN,NaN,NaN,NaN,NaN,onset_unresolved,0,0,NaN,NaN,NaN,NaN,NaN,NaN,NaN,0,NaN,NaN,NaN,NaN,NaN,NaN,NaN,NaN
ID13-20200917,67,additional,selection,1077,1087,no_model_evidence,NaN,1049,1081,NaN,NaN,NaN,NaN,onset_unresolved,-7.11174432865581,-17.342902504437,NaN,none,no_model_evidence,NaN,NaN,0,0,0,control,0,NaN,0,0,NaN,0,NaN,NaN,NaN,NaN,NaN,0,0,0,NaN,onset_unresolved,0,0,NaN,NaN,NaN,NaN,NaN,NaN,NaN,NaN,NaN,NaN,NaN,NaN,0,NaN,NaN,NaN,NaN,NaN,NaN,onset_unresolved,0,0,NaN,NaN,NaN,NaN,NaN,NaN,NaN,0,NaN,NaN,NaN,NaN,NaN,NaN,NaN,NaN
ID13-20200917,68,additional,selection,1094,1117,insufficient_clean_context,NaN,1088,1098,NaN,NaN,NaN,NaN,onset_unresolved,NaN,NaN,NaN,none,insufficient_clean_context,NaN,NaN,0,0,0,control,0,NaN,0,0,NaN,0,NaN,NaN,NaN,NaN,NaN,0,0,0,NaN,onset_unresolved,0,0,NaN,NaN,NaN,NaN,NaN,NaN,NaN,NaN,NaN,NaN,NaN,NaN,0,NaN,NaN,NaN,NaN,NaN,NaN,onset_unresolved,0,0,NaN,NaN,NaN,NaN,NaN,NaN,NaN,0,NaN,NaN,NaN,NaN,NaN,NaN,NaN,NaN
ID13-20200917,69,additional,selection,1187,1198,insufficient_clean_context,NaN,1187,1191,NaN,NaN,NaN,NaN,onset_unresolved,NaN,NaN,NaN,none,insufficient_clean_context,NaN,NaN,0,0,0,control,0,NaN,0,0,NaN,0,NaN,NaN,NaN,NaN,NaN,0,0,0,NaN,onset_unresolved,0,0,NaN,NaN,NaN,NaN,NaN,NaN,NaN,NaN,NaN,NaN,NaN,NaN,0,NaN,NaN,NaN,NaN,NaN,NaN,onset_unresolved,0,0,NaN,NaN,NaN,NaN,NaN,NaN,NaN,0,NaN,NaN,NaN,NaN,NaN,NaN,NaN,NaN
ID13-20200917,70,additional,selection,1,13,insufficient_clean_context,NaN,1,5,NaN,NaN,NaN,NaN,onset_unresolved,NaN,NaN,NaN,none,insufficient_clean_context,NaN,NaN,0,0,0,control,0,NaN,0,0,NaN,0,NaN,NaN,NaN,NaN,NaN,0,0,0,NaN,onset_unresolved,0,0,NaN,NaN,NaN,NaN,NaN,NaN,NaN,NaN,NaN,NaN,NaN,NaN,0,NaN,NaN,NaN,NaN,NaN,NaN,onset_unresolved,0,0,NaN,NaN,NaN,NaN,NaN,NaN,NaN,0,NaN,NaN,NaN,NaN,NaN,NaN,NaN,NaN
ID13-20200917,71,additional,selection,187,197,no_model_evidence,NaN,143,191,NaN,NaN,NaN,NaN,onset_unresolved,-6.16783745106501,-15.1936047668177,NaN,none,no_model_evidence,NaN,NaN,0,0,0,control,0,NaN,0,0,NaN,0,NaN,NaN,NaN,NaN,NaN,0,0,0,NaN,onset_unresolved,0,0,NaN,NaN,NaN,NaN,NaN,NaN,NaN,NaN,NaN,NaN,NaN,NaN,0,NaN,NaN,NaN,NaN,NaN,NaN,onset_unresolved,0,0,NaN,NaN,NaN,NaN,NaN,NaN,NaN,0,NaN,NaN,NaN,NaN,NaN,NaN,NaN,NaN
ID13-20200917,72,additional,selection,537,566,insufficient_clean_context,NaN,536,541,NaN,NaN,NaN,NaN,onset_unresolved,NaN,NaN,NaN,none,insufficient_clean_context,NaN,NaN,0,0,0,control,0,NaN,0,0,NaN,0,NaN,NaN,NaN,NaN,NaN,0,0,0,NaN,onset_unresolved,0,0,NaN,NaN,NaN,NaN,NaN,NaN,NaN,NaN,NaN,NaN,NaN,NaN,0,NaN,NaN,NaN,NaN,NaN,NaN,onset_unresolved,0,0,NaN,NaN,NaN,NaN,NaN,NaN,NaN,0,NaN,NaN,NaN,NaN,NaN,NaN,NaN,NaN
ID13-20200917,73,additional,selection,610,623,insufficient_clean_context,NaN,598,614,NaN,NaN,NaN,NaN,onset_unresolved,NaN,NaN,NaN,none,insufficient_clean_context,NaN,NaN,0,0,0,control,0,NaN,0,0,NaN,0,NaN,NaN,NaN,NaN,NaN,0,0,0,NaN,onset_unresolved,0,0,NaN,NaN,NaN,NaN,NaN,NaN,NaN,NaN,NaN,NaN,NaN,NaN,0,NaN,NaN,NaN,NaN,NaN,NaN,onset_unresolved,0,0,NaN,NaN,NaN,NaN,NaN,NaN,NaN,0,NaN,NaN,NaN,NaN,NaN,NaN,NaN,NaN
ID13-20200917,74,additional,selection,921,932,insufficient_clean_context,NaN,907,925,NaN,NaN,NaN,NaN,onset_unresolved,NaN,NaN,NaN,none,insufficient_clean_context,NaN,NaN,0,0,0,control,0,NaN,0,0,NaN,0,NaN,NaN,NaN,NaN,NaN,0,0,0,NaN,onset_unresolved,0,0,NaN,NaN,NaN,NaN,NaN,NaN,NaN,NaN,NaN,NaN,NaN,NaN,0,NaN,NaN,NaN,NaN,NaN,NaN,onset_unresolved,0,0,NaN,NaN,NaN,NaN,NaN,NaN,NaN,0,NaN,NaN,NaN,NaN,NaN,NaN,NaN,NaN
ID13-20200917,75,additional,selection,961,971,insufficient_clean_context,NaN,960,965,NaN,NaN,NaN,NaN,onset_unresolved,NaN,NaN,NaN,none,insufficient_clean_context,NaN,NaN,0,0,0,control,0,NaN,0,0,NaN,0,NaN,NaN,NaN,NaN,NaN,0,0,0,NaN,onset_unresolved,0,0,NaN,NaN,NaN,NaN,NaN,NaN,NaN,NaN,NaN,NaN,NaN,NaN,0,NaN,NaN,NaN,NaN,NaN,NaN,onset_unresolved,0,0,NaN,NaN,NaN,NaN,NaN,NaN,NaN,0,NaN,NaN,NaN,NaN,NaN,NaN,NaN,NaN
ID13-20200917,76,additional,selection,1161,1176,insufficient_clean_context,NaN,1161,1165,NaN,NaN,NaN,NaN,onset_unresolved,NaN,NaN,NaN,none,insufficient_clean_context,NaN,NaN,0,0,0,control,0,NaN,0,0,NaN,0,NaN,NaN,NaN,NaN,NaN,0,0,0,NaN,onset_unresolved,0,0,NaN,NaN,NaN,NaN,NaN,NaN,NaN,NaN,NaN,NaN,NaN,NaN,0,NaN,NaN,NaN,NaN,NaN,NaN,onset_unresolved,0,0,NaN,NaN,NaN,NaN,NaN,NaN,NaN,0,NaN,NaN,NaN,NaN,NaN,NaN,NaN,NaN
ID13-20200917,77,additional,selection,24,37,no_model_evidence,NaN,1,28,NaN,NaN,NaN,NaN,onset_unresolved,-6.82133778541144,-15.2086199773589,NaN,none,no_model_evidence,NaN,NaN,0,0,0,control,0,NaN,0,0,NaN,0,NaN,NaN,NaN,NaN,NaN,0,0,0,NaN,onset_unresolved,0,0,NaN,NaN,NaN,NaN,NaN,NaN,NaN,NaN,NaN,NaN,NaN,NaN,0,NaN,NaN,NaN,NaN,NaN,NaN,onset_unresolved,0,0,NaN,NaN,NaN,NaN,NaN,NaN,NaN,0,NaN,NaN,NaN,NaN,NaN,NaN,NaN,NaN
ID13-20200917,78,additional,selection,72,85,no_model_evidence,NaN,46,76,NaN,NaN,NaN,NaN,onset_unresolved,6.16134106481793,-19.9425247446655,NaN,none,no_model_evidence,NaN,NaN,0,0,0,control,0,NaN,0,0,NaN,0,NaN,NaN,NaN,NaN,NaN,0,0,0,NaN,onset_unresolved,0,0,NaN,NaN,NaN,NaN,NaN,NaN,NaN,NaN,NaN,NaN,NaN,NaN,0,NaN,NaN,NaN,NaN,NaN,NaN,onset_unresolved,0,0,NaN,NaN,NaN,NaN,NaN,NaN,NaN,0,NaN,NaN,NaN,NaN,NaN,NaN,NaN,NaN
ID13-20200917,79,additional,selection,293,313,resolved,267,233,297,247,266,4.17278193479423,0.342978183809332,provisional_valid,8.58205335023827,68.7930877908667,68.7930877908667,pulse,resolved,NaN,NaN,1,0,0,control,0,NaN,0,0,NaN,0,NaN,NaN,NaN,NaN,NaN,0,1,0,NaN,positive_raw_change_provisional,1,1,0.342978183809332,0.342978183809332,247,266,4.17278193479423,312,5.60395510422234,4.24053981827899,4.10502405130946,-0.0324761200290754,0.321519274519319,0.365145498339952,1,NaN,NaN,NaN,NaN,NaN,NaN,positive_raw_change_provisional,1,1,0.342978183809332,0.342978183809332,312,5.60395510422234,26,0,0,0,0,NaN,NaN,NaN,NaN,NaN,NaN,NaN
ID13-20200917,80,additional,selection,318,329,insufficient_clean_context,NaN,314,322,NaN,NaN,NaN,NaN,onset_unresolved,NaN,NaN,NaN,none,insufficient_clean_context,NaN,NaN,0,0,0,control,0,NaN,0,0,NaN,0,NaN,NaN,NaN,NaN,NaN,0,0,0,NaN,onset_unresolved,0,0,NaN,NaN,NaN,NaN,NaN,NaN,NaN,NaN,NaN,NaN,NaN,NaN,0,NaN,NaN,NaN,NaN,NaN,NaN,onset_unresolved,0,0,NaN,NaN,NaN,NaN,NaN,NaN,NaN,0,NaN,NaN,NaN,NaN,NaN,NaN,NaN,NaN
ID13-20200917,81,additional,selection,339,363,insufficient_clean_context,NaN,330,343,NaN,NaN,NaN,NaN,onset_unresolved,NaN,NaN,NaN,none,insufficient_clean_context,NaN,NaN,0,0,0,control,0,NaN,0,0,NaN,0,NaN,NaN,NaN,NaN,NaN,0,0,0,NaN,onset_unresolved,0,0,NaN,NaN,NaN,NaN,NaN,NaN,NaN,NaN,NaN,NaN,NaN,NaN,0,NaN,NaN,NaN,NaN,NaN,NaN,onset_unresolved,0,0,NaN,NaN,NaN,NaN,NaN,NaN,NaN,0,NaN,NaN,NaN,NaN,NaN,NaN,NaN,NaN
ID13-20200917,82,additional,selection,588,600,no_model_evidence,NaN,563,592,NaN,NaN,NaN,NaN,onset_unresolved,-7.6246540365856,-15.4716238483029,NaN,none,no_model_evidence,NaN,NaN,0,0,0,control,0,NaN,0,0,NaN,0,NaN,NaN,NaN,NaN,NaN,0,0,0,NaN,onset_unresolved,0,0,NaN,NaN,NaN,NaN,NaN,NaN,NaN,NaN,NaN,NaN,NaN,NaN,0,NaN,NaN,NaN,NaN,NaN,NaN,onset_unresolved,0,0,NaN,NaN,NaN,NaN,NaN,NaN,NaN,0,NaN,NaN,NaN,NaN,NaN,NaN,NaN,NaN
ID13-20200917,83,additional,selection,919,931,insufficient_clean_context,NaN,919,923,NaN,NaN,NaN,NaN,onset_unresolved,NaN,NaN,NaN,none,insufficient_clean_context,NaN,NaN,0,0,0,control,0,NaN,0,0,NaN,0,NaN,NaN,NaN,NaN,NaN,0,0,0,NaN,onset_unresolved,0,0,NaN,NaN,NaN,NaN,NaN,NaN,NaN,NaN,NaN,NaN,NaN,NaN,0,NaN,NaN,NaN,NaN,NaN,NaN,onset_unresolved,0,0,NaN,NaN,NaN,NaN,NaN,NaN,NaN,0,NaN,NaN,NaN,NaN,NaN,NaN,NaN,NaN
ID13-20200917,84,additional,selection,544,556,no_model_evidence,NaN,499,548,NaN,NaN,NaN,NaN,onset_unresolved,-3.47088414554655,-16.5932475229509,NaN,none,no_model_evidence,NaN,NaN,0,0,0,control,0,NaN,0,0,NaN,0,NaN,NaN,NaN,NaN,NaN,0,0,0,NaN,onset_unresolved,0,0,NaN,NaN,NaN,NaN,NaN,NaN,NaN,NaN,NaN,NaN,NaN,NaN,0,NaN,NaN,NaN,NaN,NaN,NaN,onset_unresolved,0,0,NaN,NaN,NaN,NaN,NaN,NaN,NaN,0,NaN,NaN,NaN,NaN,NaN,NaN,NaN,NaN
ID13-20200917,85,additional,selection,78,88,resolved,75,20,82,55,74,8.86411728203537,0.100736636324974,provisional_valid,14.0919271250126,1.8059905623828,14.0919271250126,rising,resolved,NaN,NaN,1,0,0,control,0,NaN,0,0,NaN,0,NaN,NaN,NaN,NaN,NaN,0,1,0,NaN,positive_raw_change_provisional,1,1,0.100736636324974,0.100736636324974,55,74,8.86411728203537,83,9.75705864101769,8.9730685696556,8.75516599441514,-0.0245825464969956,0.087371456628931,0.114434454725546,1,NaN,NaN,NaN,NaN,NaN,NaN,positive_raw_change_provisional,1,1,0.100736636324974,0.100736636324974,83,9.75705864101769,3,0,0,0,0,NaN,NaN,NaN,NaN,NaN,NaN,NaN
ID13-20200917,86,additional,selection,821,834,insufficient_clean_context,NaN,821,825,NaN,NaN,NaN,NaN,onset_unresolved,NaN,NaN,NaN,none,insufficient_clean_context,NaN,NaN,0,0,0,control,0,NaN,0,0,NaN,0,NaN,NaN,NaN,NaN,NaN,0,0,0,NaN,onset_unresolved,0,0,NaN,NaN,NaN,NaN,NaN,NaN,NaN,NaN,NaN,NaN,NaN,NaN,0,NaN,NaN,NaN,NaN,NaN,NaN,onset_unresolved,0,0,NaN,NaN,NaN,NaN,NaN,NaN,NaN,0,NaN,NaN,NaN,NaN,NaN,NaN,NaN,NaN
ID13-20200917,87,additional,selection,647,656,no_model_evidence,NaN,624,651,NaN,NaN,NaN,NaN,onset_unresolved,-1.86274227368636,-19.3429173926203,NaN,none,no_model_evidence,NaN,NaN,0,0,0,control,0,NaN,0,0,NaN,0,NaN,NaN,NaN,NaN,NaN,0,0,0,NaN,onset_unresolved,0,0,NaN,NaN,NaN,NaN,NaN,NaN,NaN,NaN,NaN,NaN,NaN,NaN,0,NaN,NaN,NaN,NaN,NaN,NaN,onset_unresolved,0,0,NaN,NaN,NaN,NaN,NaN,NaN,NaN,0,NaN,NaN,NaN,NaN,NaN,NaN,NaN,NaN
ID13-20200917,88,additional,selection,198,222,resolved,186,165,202,166,185,5.28033254954652,0.113263420390533,provisional_valid,23.5272914761351,41.1196278760091,41.1196278760091,pulse,resolved,NaN,NaN,2,0,0,control,0,NaN,0,0,NaN,0,NaN,NaN,NaN,NaN,NaN,0,1,0,NaN,positive_raw_change_provisional,1,1,0.113263420390533,0.113263420390533,166,185,5.28033254954652,205,5.87840107490763,5.33711790393013,5.22354719516292,-0.0215082492819448,0.101418627191823,0.125365743866756,1,NaN,NaN,NaN,NaN,NaN,NaN,positive_raw_change_provisional,1,1,0.113263420390533,0.113263420390533,205,5.87840107490763,12,0,0,0,0,NaN,NaN,NaN,NaN,NaN,NaN,NaN
ID13-20200917,89,additional,selection,225,236,insufficient_clean_context,NaN,223,229,NaN,NaN,NaN,NaN,onset_unresolved,NaN,NaN,NaN,none,insufficient_clean_context,NaN,NaN,0,0,0,control,0,NaN,0,0,NaN,0,NaN,NaN,NaN,NaN,NaN,0,0,0,NaN,onset_unresolved,0,0,NaN,NaN,NaN,NaN,NaN,NaN,NaN,NaN,NaN,NaN,NaN,NaN,0,NaN,NaN,NaN,NaN,NaN,NaN,onset_unresolved,0,0,NaN,NaN,NaN,NaN,NaN,NaN,NaN,0,NaN,NaN,NaN,NaN,NaN,NaN,NaN,NaN
ID13-20200917,90,additional,selection,108,118,no_model_evidence,NaN,86,112,NaN,NaN,NaN,NaN,onset_unresolved,1.9373448335103,2.14708348034622,NaN,none,no_model_evidence,NaN,NaN,0,0,0,control,0,NaN,0,0,NaN,0,NaN,NaN,NaN,NaN,NaN,0,0,0,NaN,onset_unresolved,0,0,NaN,NaN,NaN,NaN,NaN,NaN,NaN,NaN,NaN,NaN,NaN,NaN,0,NaN,NaN,NaN,NaN,NaN,NaN,onset_unresolved,0,0,NaN,NaN,NaN,NaN,NaN,NaN,NaN,0,NaN,NaN,NaN,NaN,NaN,NaN,NaN,NaN
ID13-20200917,91,additional,selection,335,344,no_model_evidence,NaN,275,339,NaN,NaN,NaN,NaN,onset_unresolved,-6.11920385554329,-21.9135720725479,NaN,none,no_model_evidence,NaN,NaN,0,0,0,control,0,NaN,0,0,NaN,0,NaN,NaN,NaN,NaN,NaN,0,0,0,NaN,onset_unresolved,0,0,NaN,NaN,NaN,NaN,NaN,NaN,NaN,NaN,NaN,NaN,NaN,NaN,0,NaN,NaN,NaN,NaN,NaN,NaN,onset_unresolved,0,0,NaN,NaN,NaN,NaN,NaN,NaN,NaN,0,NaN,NaN,NaN,NaN,NaN,NaN,NaN,NaN
ID13-20200917,92,additional,selection,243,252,no_model_evidence,NaN,183,247,NaN,NaN,NaN,NaN,onset_unresolved,-8.70653168586968,-19.3896508126601,NaN,none,no_model_evidence,NaN,NaN,0,0,0,control,0,NaN,0,0,NaN,0,NaN,NaN,NaN,NaN,NaN,0,0,0,NaN,onset_unresolved,0,0,NaN,NaN,NaN,NaN,NaN,NaN,NaN,NaN,NaN,NaN,NaN,NaN,0,NaN,NaN,NaN,NaN,NaN,NaN,onset_unresolved,0,0,NaN,NaN,NaN,NaN,NaN,NaN,NaN,0,NaN,NaN,NaN,NaN,NaN,NaN,NaN,NaN
ID13-20200917,93,additional,selection,934,943,insufficient_clean_context,NaN,931,938,NaN,NaN,NaN,NaN,onset_unresolved,NaN,NaN,NaN,none,insufficient_clean_context,NaN,NaN,0,0,0,control,0,NaN,0,0,NaN,0,NaN,NaN,NaN,NaN,NaN,0,0,0,NaN,onset_unresolved,0,0,NaN,NaN,NaN,NaN,NaN,NaN,NaN,NaN,NaN,NaN,NaN,NaN,0,NaN,NaN,NaN,NaN,NaN,NaN,onset_unresolved,0,0,NaN,NaN,NaN,NaN,NaN,NaN,NaN,0,NaN,NaN,NaN,NaN,NaN,NaN,NaN,NaN
ID13-20200917,94,additional,selection,26,35,insufficient_clean_context,NaN,8,30,NaN,NaN,NaN,NaN,onset_unresolved,NaN,NaN,NaN,none,insufficient_clean_context,NaN,NaN,0,0,0,control,0,NaN,0,0,NaN,0,NaN,NaN,NaN,NaN,NaN,0,0,0,NaN,onset_unresolved,0,0,NaN,NaN,NaN,NaN,NaN,NaN,NaN,NaN,NaN,NaN,NaN,NaN,0,NaN,NaN,NaN,NaN,NaN,NaN,onset_unresolved,0,0,NaN,NaN,NaN,NaN,NaN,NaN,NaN,0,NaN,NaN,NaN,NaN,NaN,NaN,NaN,NaN
ID13-20200917,95,additional,selection,80,89,no_model_evidence,NaN,36,84,NaN,NaN,NaN,NaN,onset_unresolved,-3.3581040188237,-10.5874937896343,NaN,none,no_model_evidence,NaN,NaN,0,0,0,control,0,NaN,0,0,NaN,0,NaN,NaN,NaN,NaN,NaN,0,0,0,NaN,onset_unresolved,0,0,NaN,NaN,NaN,NaN,NaN,NaN,NaN,NaN,NaN,NaN,NaN,NaN,0,NaN,NaN,NaN,NaN,NaN,NaN,onset_unresolved,0,0,NaN,NaN,NaN,NaN,NaN,NaN,NaN,0,NaN,NaN,NaN,NaN,NaN,NaN,NaN,NaN
ID13-20200917,96,additional,selection,800,812,no_model_evidence,NaN,755,804,NaN,NaN,NaN,NaN,onset_unresolved,-0.861765562322797,-12.3981570738479,NaN,none,no_model_evidence,NaN,NaN,0,0,0,control,0,NaN,0,0,NaN,0,NaN,NaN,NaN,NaN,NaN,0,0,0,NaN,onset_unresolved,0,0,NaN,NaN,NaN,NaN,NaN,NaN,NaN,NaN,NaN,NaN,NaN,NaN,0,NaN,NaN,NaN,NaN,NaN,NaN,onset_unresolved,0,0,NaN,NaN,NaN,NaN,NaN,NaN,NaN,0,NaN,NaN,NaN,NaN,NaN,NaN,NaN,NaN
ID13-20200917,97,additional,selection,906,918,no_model_evidence,NaN,846,910,NaN,NaN,NaN,NaN,onset_unresolved,-6.84376916097609,-20.1884593088971,NaN,none,no_model_evidence,NaN,NaN,0,0,0,control,0,NaN,0,0,NaN,0,NaN,NaN,NaN,NaN,NaN,0,0,0,NaN,onset_unresolved,0,0,NaN,NaN,NaN,NaN,NaN,NaN,NaN,NaN,NaN,NaN,NaN,NaN,0,NaN,NaN,NaN,NaN,NaN,NaN,onset_unresolved,0,0,NaN,NaN,NaN,NaN,NaN,NaN,NaN,0,NaN,NaN,NaN,NaN,NaN,NaN,NaN,NaN
ID13-20200917,98,additional,selection,957,971,insufficient_clean_context,NaN,956,961,NaN,NaN,NaN,NaN,onset_unresolved,NaN,NaN,NaN,none,insufficient_clean_context,NaN,NaN,0,0,0,control,0,NaN,0,0,NaN,0,NaN,NaN,NaN,NaN,NaN,0,0,0,NaN,onset_unresolved,0,0,NaN,NaN,NaN,NaN,NaN,NaN,NaN,NaN,NaN,NaN,NaN,NaN,0,NaN,NaN,NaN,NaN,NaN,NaN,onset_unresolved,0,0,NaN,NaN,NaN,NaN,NaN,NaN,NaN,0,NaN,NaN,NaN,NaN,NaN,NaN,NaN,NaN
ID13-20200917,99,additional,selection,641,657,resolved,630,604,645,610,629,5.0794336664707,0.100718161598898,provisional_valid,10.7812488757917,-0.803747814573505,10.7812488757917,rising,resolved,NaN,NaN,1,0,0,control,0,NaN,0,0,NaN,0,NaN,NaN,NaN,NaN,NaN,0,1,0,NaN,positive_raw_change_provisional,1,1,0.100718161598898,0.100718161598898,610,629,5.0794336664707,643,5.59102488732118,5.15600627082109,5.00286106212032,-0.0301500558441534,0.0843712349540686,0.117565492604663,1,NaN,NaN,NaN,NaN,NaN,NaN,positive_raw_change_provisional,1,1,0.100718161598898,0.100718161598898,643,5.59102488732118,11,0,0,0,0,NaN,NaN,NaN,NaN,NaN,NaN,NaN
ID13-20200917,100,additional,selection,1049,1059,no_model_evidence,NaN,989,1053,NaN,NaN,NaN,NaN,onset_unresolved,-6.27184535921513,-8.53571702471587,NaN,none,no_model_evidence,NaN,NaN,0,0,0,control,0,NaN,0,0,NaN,0,NaN,NaN,NaN,NaN,NaN,0,0,0,NaN,onset_unresolved,0,0,NaN,NaN,NaN,NaN,NaN,NaN,NaN,NaN,NaN,NaN,NaN,NaN,0,NaN,NaN,NaN,NaN,NaN,NaN,onset_unresolved,0,0,NaN,NaN,NaN,NaN,NaN,NaN,NaN,0,NaN,NaN,NaN,NaN,NaN,NaN,NaN,NaN
ID13-20200917,101,additional,selection,416,428,insufficient_clean_context,NaN,409,420,NaN,NaN,NaN,NaN,onset_unresolved,NaN,NaN,NaN,none,insufficient_clean_context,NaN,NaN,0,0,0,control,0,NaN,0,0,NaN,0,NaN,NaN,NaN,NaN,NaN,0,0,0,NaN,onset_unresolved,0,0,NaN,NaN,NaN,NaN,NaN,NaN,NaN,NaN,NaN,NaN,NaN,NaN,0,NaN,NaN,NaN,NaN,NaN,NaN,onset_unresolved,0,0,NaN,NaN,NaN,NaN,NaN,NaN,NaN,0,NaN,NaN,NaN,NaN,NaN,NaN,NaN,NaN
ID13-20200917,102,additional,selection,434,449,insufficient_clean_context,NaN,429,438,NaN,NaN,NaN,NaN,onset_unresolved,NaN,NaN,NaN,none,insufficient_clean_context,NaN,NaN,0,0,0,control,0,NaN,0,0,NaN,0,NaN,NaN,NaN,NaN,NaN,0,0,0,NaN,onset_unresolved,0,0,NaN,NaN,NaN,NaN,NaN,NaN,NaN,NaN,NaN,NaN,NaN,NaN,0,NaN,NaN,NaN,NaN,NaN,NaN,onset_unresolved,0,0,NaN,NaN,NaN,NaN,NaN,NaN,NaN,0,NaN,NaN,NaN,NaN,NaN,NaN,NaN,NaN
ID13-20200917,103,additional,selection,649,659,no_model_evidence,NaN,622,653,NaN,NaN,NaN,NaN,onset_unresolved,-1.1600600116853,-13.9810915753565,NaN,none,no_model_evidence,NaN,NaN,0,0,0,control,0,NaN,0,0,NaN,0,NaN,NaN,NaN,NaN,NaN,0,0,0,NaN,onset_unresolved,0,0,NaN,NaN,NaN,NaN,NaN,NaN,NaN,NaN,NaN,NaN,NaN,NaN,0,NaN,NaN,NaN,NaN,NaN,NaN,onset_unresolved,0,0,NaN,NaN,NaN,NaN,NaN,NaN,NaN,0,NaN,NaN,NaN,NaN,NaN,NaN,NaN,NaN
ID13-20200917,104,additional,selection,690,700,no_model_evidence,NaN,653,694,NaN,NaN,NaN,NaN,onset_unresolved,-4.08294595475435,-13.979563843052,NaN,none,no_model_evidence,NaN,NaN,0,0,0,control,0,NaN,0,0,NaN,0,NaN,NaN,NaN,NaN,NaN,0,0,0,NaN,onset_unresolved,0,0,NaN,NaN,NaN,NaN,NaN,NaN,NaN,NaN,NaN,NaN,NaN,NaN,0,NaN,NaN,NaN,NaN,NaN,NaN,onset_unresolved,0,0,NaN,NaN,NaN,NaN,NaN,NaN,NaN,0,NaN,NaN,NaN,NaN,NaN,NaN,NaN,NaN
ID13-20200917,105,additional,selection,772,781,insufficient_clean_context,NaN,755,776,NaN,NaN,NaN,NaN,onset_unresolved,NaN,NaN,NaN,none,insufficient_clean_context,NaN,NaN,0,0,0,control,0,NaN,0,0,NaN,0,NaN,NaN,NaN,NaN,NaN,0,0,0,NaN,onset_unresolved,0,0,NaN,NaN,NaN,NaN,NaN,NaN,NaN,NaN,NaN,NaN,NaN,NaN,0,NaN,NaN,NaN,NaN,NaN,NaN,onset_unresolved,0,0,NaN,NaN,NaN,NaN,NaN,NaN,NaN,0,NaN,NaN,NaN,NaN,NaN,NaN,NaN,NaN
ID13-20200917,106,additional,selection,853,868,no_model_evidence,NaN,793,857,NaN,NaN,NaN,NaN,onset_unresolved,15.4331070429584,-3.43686999869096,NaN,none,no_model_evidence,NaN,NaN,0,0,0,control,0,NaN,0,0,NaN,0,NaN,NaN,NaN,NaN,NaN,0,0,0,NaN,onset_unresolved,0,0,NaN,NaN,NaN,NaN,NaN,NaN,NaN,NaN,NaN,NaN,NaN,NaN,0,NaN,NaN,NaN,NaN,NaN,NaN,onset_unresolved,0,0,NaN,NaN,NaN,NaN,NaN,NaN,NaN,0,NaN,NaN,NaN,NaN,NaN,NaN,NaN,NaN
ID13-20200917,107,additional,selection,727,742,no_model_evidence,NaN,670,731,NaN,NaN,NaN,NaN,onset_unresolved,19.1666719008025,-14.259359335772,NaN,none,no_model_evidence,NaN,NaN,0,0,0,control,0,NaN,0,0,NaN,0,NaN,NaN,NaN,NaN,NaN,0,0,0,NaN,onset_unresolved,0,0,NaN,NaN,NaN,NaN,NaN,NaN,NaN,NaN,NaN,NaN,NaN,NaN,0,NaN,NaN,NaN,NaN,NaN,NaN,onset_unresolved,0,0,NaN,NaN,NaN,NaN,NaN,NaN,NaN,0,NaN,NaN,NaN,NaN,NaN,NaN,NaN,NaN
ID13-20200917,108,additional,selection,199,210,no_model_evidence,NaN,174,203,NaN,NaN,NaN,NaN,onset_unresolved,-1.34154073887629,-14.3511731293578,NaN,none,no_model_evidence,NaN,NaN,0,0,0,control,0,NaN,0,0,NaN,0,NaN,NaN,NaN,NaN,NaN,0,0,0,NaN,onset_unresolved,0,0,NaN,NaN,NaN,NaN,NaN,NaN,NaN,NaN,NaN,NaN,NaN,NaN,0,NaN,NaN,NaN,NaN,NaN,NaN,onset_unresolved,0,0,NaN,NaN,NaN,NaN,NaN,NaN,NaN,0,NaN,NaN,NaN,NaN,NaN,NaN,NaN,NaN
ID13-20200917,109,additional,selection,217,241,insufficient_clean_context,NaN,211,221,NaN,NaN,NaN,NaN,onset_unresolved,NaN,NaN,NaN,none,insufficient_clean_context,NaN,NaN,0,0,0,control,0,NaN,0,0,NaN,0,NaN,NaN,NaN,NaN,NaN,0,0,0,NaN,onset_unresolved,0,0,NaN,NaN,NaN,NaN,NaN,NaN,NaN,NaN,NaN,NaN,NaN,NaN,0,NaN,NaN,NaN,NaN,NaN,NaN,onset_unresolved,0,0,NaN,NaN,NaN,NaN,NaN,NaN,NaN,0,NaN,NaN,NaN,NaN,NaN,NaN,NaN,NaN
ID13-20200917,110,additional,selection,236,245,no_model_evidence,NaN,186,240,NaN,NaN,NaN,NaN,onset_unresolved,-7.91203380972121,-20.380442588915,NaN,none,no_model_evidence,NaN,NaN,0,0,0,control,0,NaN,0,0,NaN,0,NaN,NaN,NaN,NaN,NaN,0,0,0,NaN,onset_unresolved,0,0,NaN,NaN,NaN,NaN,NaN,NaN,NaN,NaN,NaN,NaN,NaN,NaN,0,NaN,NaN,NaN,NaN,NaN,NaN,onset_unresolved,0,0,NaN,NaN,NaN,NaN,NaN,NaN,NaN,0,NaN,NaN,NaN,NaN,NaN,NaN,NaN,NaN
ID13-20200917,111,additional,selection,141,151,no_model_evidence,NaN,93,145,NaN,NaN,NaN,NaN,onset_unresolved,-4.3974517506657,-19.7907061896074,NaN,none,no_model_evidence,NaN,NaN,0,0,0,control,0,NaN,0,0,NaN,0,NaN,NaN,NaN,NaN,NaN,0,0,0,NaN,onset_unresolved,0,0,NaN,NaN,NaN,NaN,NaN,NaN,NaN,NaN,NaN,NaN,NaN,NaN,0,NaN,NaN,NaN,NaN,NaN,NaN,onset_unresolved,0,0,NaN,NaN,NaN,NaN,NaN,NaN,NaN,0,NaN,NaN,NaN,NaN,NaN,NaN,NaN,NaN
ID13-20200917,112,additional,selection,164,173,insufficient_clean_context,NaN,152,168,NaN,NaN,NaN,NaN,onset_unresolved,NaN,NaN,NaN,none,insufficient_clean_context,NaN,NaN,0,0,0,control,0,NaN,0,0,NaN,0,NaN,NaN,NaN,NaN,NaN,0,0,0,NaN,onset_unresolved,0,0,NaN,NaN,NaN,NaN,NaN,NaN,NaN,NaN,NaN,NaN,NaN,NaN,0,NaN,NaN,NaN,NaN,NaN,NaN,onset_unresolved,0,0,NaN,NaN,NaN,NaN,NaN,NaN,NaN,0,NaN,NaN,NaN,NaN,NaN,NaN,NaN,NaN
ID13-20200917,113,additional,selection,228,245,no_model_evidence,NaN,192,232,NaN,NaN,NaN,NaN,onset_unresolved,-7.26439988447394,-19.9971884254575,NaN,none,no_model_evidence,NaN,NaN,0,0,0,control,0,NaN,0,0,NaN,0,NaN,NaN,NaN,NaN,NaN,0,0,0,NaN,onset_unresolved,0,0,NaN,NaN,NaN,NaN,NaN,NaN,NaN,NaN,NaN,NaN,NaN,NaN,0,NaN,NaN,NaN,NaN,NaN,NaN,onset_unresolved,0,0,NaN,NaN,NaN,NaN,NaN,NaN,NaN,0,NaN,NaN,NaN,NaN,NaN,NaN,NaN,NaN
ID13-20200917,114,additional,selection,800,816,no_model_evidence,NaN,775,804,NaN,NaN,NaN,NaN,onset_unresolved,-7.2907461892069,-18.658364699109,NaN,none,no_model_evidence,NaN,NaN,0,0,0,control,0,NaN,0,0,NaN,0,NaN,NaN,NaN,NaN,NaN,0,0,0,NaN,onset_unresolved,0,0,NaN,NaN,NaN,NaN,NaN,NaN,NaN,NaN,NaN,NaN,NaN,NaN,0,NaN,NaN,NaN,NaN,NaN,NaN,onset_unresolved,0,0,NaN,NaN,NaN,NaN,NaN,NaN,NaN,0,NaN,NaN,NaN,NaN,NaN,NaN,NaN,NaN
ID13-20200917,115,additional,selection,932,942,no_model_evidence,NaN,882,936,NaN,NaN,NaN,NaN,onset_unresolved,-4.00256910741268,-17.9834710933411,NaN,none,no_model_evidence,NaN,NaN,0,0,0,control,0,NaN,0,0,NaN,0,NaN,NaN,NaN,NaN,NaN,0,0,0,NaN,onset_unresolved,0,0,NaN,NaN,NaN,NaN,NaN,NaN,NaN,NaN,NaN,NaN,NaN,NaN,0,NaN,NaN,NaN,NaN,NaN,NaN,onset_unresolved,0,0,NaN,NaN,NaN,NaN,NaN,NaN,NaN,0,NaN,NaN,NaN,NaN,NaN,NaN,NaN,NaN
ID13-20200917,116,additional,selection,951,961,insufficient_clean_context,NaN,943,955,NaN,NaN,NaN,NaN,onset_unresolved,NaN,NaN,NaN,none,insufficient_clean_context,NaN,NaN,0,0,0,control,0,NaN,0,0,NaN,0,NaN,NaN,NaN,NaN,NaN,0,0,0,NaN,onset_unresolved,0,0,NaN,NaN,NaN,NaN,NaN,NaN,NaN,NaN,NaN,NaN,NaN,NaN,0,NaN,NaN,NaN,NaN,NaN,NaN,onset_unresolved,0,0,NaN,NaN,NaN,NaN,NaN,NaN,NaN,0,NaN,NaN,NaN,NaN,NaN,NaN,NaN,NaN
ID13-20200917,117,additional,selection,894,906,no_model_evidence,NaN,834,898,NaN,NaN,NaN,NaN,onset_unresolved,-2.93245344210681,-14.4311822365873,NaN,none,no_model_evidence,NaN,NaN,0,0,0,control,0,NaN,0,0,NaN,0,NaN,NaN,NaN,NaN,NaN,0,0,0,NaN,onset_unresolved,0,0,NaN,NaN,NaN,NaN,NaN,NaN,NaN,NaN,NaN,NaN,NaN,NaN,0,NaN,NaN,NaN,NaN,NaN,NaN,onset_unresolved,0,0,NaN,NaN,NaN,NaN,NaN,NaN,NaN,0,NaN,NaN,NaN,NaN,NaN,NaN,NaN,NaN
ID13-20200917,118,additional,selection,255,266,insufficient_clean_context,NaN,255,259,NaN,NaN,NaN,NaN,onset_unresolved,NaN,NaN,NaN,none,insufficient_clean_context,NaN,NaN,0,0,0,control,0,NaN,0,0,NaN,0,NaN,NaN,NaN,NaN,NaN,0,0,0,NaN,onset_unresolved,0,0,NaN,NaN,NaN,NaN,NaN,NaN,NaN,NaN,NaN,NaN,NaN,NaN,0,NaN,NaN,NaN,NaN,NaN,NaN,onset_unresolved,0,0,NaN,NaN,NaN,NaN,NaN,NaN,NaN,0,NaN,NaN,NaN,NaN,NaN,NaN,NaN,NaN
ID13-20200917,119,additional,selection,158,167,no_model_evidence,NaN,98,162,NaN,NaN,NaN,NaN,onset_unresolved,9.85887829145759,-18.4633066980701,NaN,none,no_model_evidence,NaN,NaN,0,0,0,control,0,NaN,0,0,NaN,0,NaN,NaN,NaN,NaN,NaN,0,0,0,NaN,onset_unresolved,0,0,NaN,NaN,NaN,NaN,NaN,NaN,NaN,NaN,NaN,NaN,NaN,NaN,0,NaN,NaN,NaN,NaN,NaN,NaN,onset_unresolved,0,0,NaN,NaN,NaN,NaN,NaN,NaN,NaN,0,NaN,NaN,NaN,NaN,NaN,NaN,NaN,NaN
ID13-20200917,120,additional,selection,808,823,no_model_evidence,NaN,748,812,NaN,NaN,NaN,NaN,onset_unresolved,9.67897732290719,-9.96854110130713,NaN,none,no_model_evidence,NaN,NaN,0,0,0,control,0,NaN,0,0,NaN,0,NaN,NaN,NaN,NaN,NaN,0,0,0,NaN,onset_unresolved,0,0,NaN,NaN,NaN,NaN,NaN,NaN,NaN,NaN,NaN,NaN,NaN,NaN,0,NaN,NaN,NaN,NaN,NaN,NaN,onset_unresolved,0,0,NaN,NaN,NaN,NaN,NaN,NaN,NaN,0,NaN,NaN,NaN,NaN,NaN,NaN,NaN,NaN
ID13-20200917,121,additional,selection,829,845,insufficient_clean_context,NaN,824,833,NaN,NaN,NaN,NaN,onset_unresolved,NaN,NaN,NaN,none,insufficient_clean_context,NaN,NaN,0,0,0,control,0,NaN,0,0,NaN,0,NaN,NaN,NaN,NaN,NaN,0,0,0,NaN,onset_unresolved,0,0,NaN,NaN,NaN,NaN,NaN,NaN,NaN,NaN,NaN,NaN,NaN,NaN,0,NaN,NaN,NaN,NaN,NaN,NaN,onset_unresolved,0,0,NaN,NaN,NaN,NaN,NaN,NaN,NaN,0,NaN,NaN,NaN,NaN,NaN,NaN,NaN,NaN
ID13-20200917,122,additional,selection,1142,1159,best_model_unresolved,NaN,1082,1146,NaN,NaN,NaN,NaN,onset_unresolved,6.42780639834909,15.591524067475,15.591524067475,none,best_model_unresolved,NaN,NaN,1,0,0,control,0,NaN,0,0,NaN,0,NaN,NaN,NaN,NaN,NaN,0,0,0,NaN,onset_unresolved,0,0,NaN,NaN,NaN,NaN,NaN,NaN,NaN,NaN,NaN,NaN,NaN,NaN,0,NaN,NaN,NaN,NaN,NaN,NaN,onset_unresolved,0,0,NaN,NaN,NaN,NaN,NaN,NaN,NaN,0,NaN,NaN,NaN,NaN,NaN,NaN,NaN,NaN
ID13-20200917,123,additional,selection,817,826,insufficient_clean_context,NaN,798,821,NaN,NaN,NaN,NaN,onset_unresolved,NaN,NaN,NaN,none,insufficient_clean_context,NaN,NaN,0,0,0,control,0,NaN,0,0,NaN,0,NaN,NaN,NaN,NaN,NaN,0,0,0,NaN,onset_unresolved,0,0,NaN,NaN,NaN,NaN,NaN,NaN,NaN,NaN,NaN,NaN,NaN,NaN,0,NaN,NaN,NaN,NaN,NaN,NaN,onset_unresolved,0,0,NaN,NaN,NaN,NaN,NaN,NaN,NaN,0,NaN,NaN,NaN,NaN,NaN,NaN,NaN,NaN
ID13-20200917,124,additional,selection,828,847,insufficient_clean_context,NaN,827,832,NaN,NaN,NaN,NaN,onset_unresolved,NaN,NaN,NaN,none,insufficient_clean_context,NaN,NaN,0,0,0,control,0,NaN,0,0,NaN,0,NaN,NaN,NaN,NaN,NaN,0,0,0,NaN,onset_unresolved,0,0,NaN,NaN,NaN,NaN,NaN,NaN,NaN,NaN,NaN,NaN,NaN,NaN,0,NaN,NaN,NaN,NaN,NaN,NaN,onset_unresolved,0,0,NaN,NaN,NaN,NaN,NaN,NaN,NaN,0,NaN,NaN,NaN,NaN,NaN,NaN,NaN,NaN
ID13-20200917,125,additional,selection,855,864,insufficient_clean_context,NaN,848,859,NaN,NaN,NaN,NaN,onset_unresolved,NaN,NaN,NaN,none,insufficient_clean_context,NaN,NaN,0,0,0,control,0,NaN,0,0,NaN,0,NaN,NaN,NaN,NaN,NaN,0,0,0,NaN,onset_unresolved,0,0,NaN,NaN,NaN,NaN,NaN,NaN,NaN,NaN,NaN,NaN,NaN,NaN,0,NaN,NaN,NaN,NaN,NaN,NaN,onset_unresolved,0,0,NaN,NaN,NaN,NaN,NaN,NaN,NaN,0,NaN,NaN,NaN,NaN,NaN,NaN,NaN,NaN
ID13-20200917,126,additional,selection,1144,1153,no_model_evidence,NaN,1118,1148,NaN,NaN,NaN,NaN,onset_unresolved,-4.33435564713054,-16.8849917424378,NaN,none,no_model_evidence,NaN,NaN,0,0,0,control,0,NaN,0,0,NaN,0,NaN,NaN,NaN,NaN,NaN,0,0,0,NaN,onset_unresolved,0,0,NaN,NaN,NaN,NaN,NaN,NaN,NaN,NaN,NaN,NaN,NaN,NaN,0,NaN,NaN,NaN,NaN,NaN,NaN,onset_unresolved,0,0,NaN,NaN,NaN,NaN,NaN,NaN,NaN,0,NaN,NaN,NaN,NaN,NaN,NaN,NaN,NaN
ID13-20200917,127,additional,selection,177,187,no_model_evidence,NaN,117,181,NaN,NaN,NaN,NaN,onset_unresolved,-3.77039735290714,-16.8491419787422,NaN,none,no_model_evidence,NaN,NaN,0,0,0,control,0,NaN,0,0,NaN,0,NaN,NaN,NaN,NaN,NaN,0,0,0,NaN,onset_unresolved,0,0,NaN,NaN,NaN,NaN,NaN,NaN,NaN,NaN,NaN,NaN,NaN,NaN,0,NaN,NaN,NaN,NaN,NaN,NaN,onset_unresolved,0,0,NaN,NaN,NaN,NaN,NaN,NaN,NaN,0,NaN,NaN,NaN,NaN,NaN,NaN,NaN,NaN
ID13-20200917,128,additional,selection,238,258,no_model_evidence,NaN,188,242,NaN,NaN,NaN,NaN,onset_unresolved,-3.83587597846669,-13.2586293901434,NaN,none,no_model_evidence,NaN,NaN,0,0,0,control,0,NaN,0,0,NaN,0,NaN,NaN,NaN,NaN,NaN,0,0,0,NaN,onset_unresolved,0,0,NaN,NaN,NaN,NaN,NaN,NaN,NaN,NaN,NaN,NaN,NaN,NaN,0,NaN,NaN,NaN,NaN,NaN,NaN,onset_unresolved,0,0,NaN,NaN,NaN,NaN,NaN,NaN,NaN,0,NaN,NaN,NaN,NaN,NaN,NaN,NaN,NaN
ID13-20200917,129,additional,selection,1154,1164,no_model_evidence,NaN,1098,1158,NaN,NaN,NaN,NaN,onset_unresolved,32.9479967846551,-2.5327348556365,NaN,none,no_model_evidence,NaN,NaN,0,0,0,control,0,NaN,0,0,NaN,0,NaN,NaN,NaN,NaN,NaN,0,0,0,NaN,onset_unresolved,0,0,NaN,NaN,NaN,NaN,NaN,NaN,NaN,NaN,NaN,NaN,NaN,NaN,0,NaN,NaN,NaN,NaN,NaN,NaN,onset_unresolved,0,0,NaN,NaN,NaN,NaN,NaN,NaN,NaN,0,NaN,NaN,NaN,NaN,NaN,NaN,NaN,NaN
ID13-20200917,130,additional,selection,894,903,no_model_evidence,NaN,865,898,NaN,NaN,NaN,NaN,onset_unresolved,5.82757088563578,-0.544876695318937,NaN,none,no_model_evidence,NaN,NaN,0,0,0,control,0,NaN,0,0,NaN,0,NaN,NaN,NaN,NaN,NaN,0,0,0,NaN,onset_unresolved,0,0,NaN,NaN,NaN,NaN,NaN,NaN,NaN,NaN,NaN,NaN,NaN,NaN,0,NaN,NaN,NaN,NaN,NaN,NaN,onset_unresolved,0,0,NaN,NaN,NaN,NaN,NaN,NaN,NaN,0,NaN,NaN,NaN,NaN,NaN,NaN,NaN,NaN
ID13-20200917,131,additional,selection,953,967,insufficient_clean_context,NaN,949,957,NaN,NaN,NaN,NaN,onset_unresolved,NaN,NaN,NaN,none,insufficient_clean_context,NaN,NaN,0,0,0,control,0,NaN,0,0,NaN,0,NaN,NaN,NaN,NaN,NaN,0,0,0,NaN,onset_unresolved,0,0,NaN,NaN,NaN,NaN,NaN,NaN,NaN,NaN,NaN,NaN,NaN,NaN,0,NaN,NaN,NaN,NaN,NaN,NaN,onset_unresolved,0,0,NaN,NaN,NaN,NaN,NaN,NaN,NaN,0,NaN,NaN,NaN,NaN,NaN,NaN,NaN,NaN
FB2316-baseline,1,additional,selection,214,223,insufficient_clean_context,NaN,199,218,NaN,NaN,NaN,NaN,onset_unresolved,NaN,NaN,NaN,none,insufficient_clean_context,NaN,NaN,0,0,0,control,0,NaN,0,0,NaN,0,NaN,NaN,NaN,NaN,NaN,0,0,0,NaN,onset_unresolved,0,0,NaN,NaN,NaN,NaN,NaN,NaN,NaN,NaN,NaN,NaN,NaN,NaN,0,NaN,NaN,NaN,NaN,NaN,NaN,onset_unresolved,0,0,NaN,NaN,NaN,NaN,NaN,NaN,NaN,0,NaN,NaN,NaN,NaN,NaN,NaN,NaN,NaN
FB2316-baseline,2,additional,selection,311,320,resolved,288,251,315,268,287,1457.82452545298,0.0264780905809439,provisional_valid,22.6227227894733,13.6839329419167,22.6227227894733,rising,resolved,NaN,NaN,2,0,0,control,0,NaN,0,0,NaN,0,NaN,NaN,NaN,NaN,NaN,0,1,0,NaN,positive_raw_change_provisional,1,1,0.0264780905809439,0.0264780905809439,268,287,1457.82452545298,312,1496.42493528904,1463.09913718723,1452.54991371872,-0.00723627795000202,0.0227775393032352,0.0302055173154039,1,NaN,NaN,NaN,NaN,NaN,NaN,positive_raw_change_provisional,1,1,0.0264780905809439,0.0264780905809439,312,1496.42493528904,23,0,0,0,0,NaN,NaN,NaN,NaN,NaN,NaN,NaN
FB2316-baseline,3,additional,selection,429,438,no_model_evidence,NaN,369,433,NaN,NaN,NaN,NaN,onset_unresolved,7.91737229929161,-5.05371046019443,NaN,none,no_model_evidence,NaN,NaN,0,0,0,control,0,NaN,0,0,NaN,0,NaN,NaN,NaN,NaN,NaN,0,0,0,NaN,onset_unresolved,0,0,NaN,NaN,NaN,NaN,NaN,NaN,NaN,NaN,NaN,NaN,NaN,NaN,0,NaN,NaN,NaN,NaN,NaN,NaN,onset_unresolved,0,0,NaN,NaN,NaN,NaN,NaN,NaN,NaN,0,NaN,NaN,NaN,NaN,NaN,NaN,NaN,NaN
FB2316-baseline,4,additional,selection,359,379,insufficient_clean_context,NaN,352,363,NaN,NaN,NaN,NaN,onset_unresolved,NaN,NaN,NaN,none,insufficient_clean_context,NaN,NaN,0,0,0,control,0,NaN,0,0,NaN,0,NaN,NaN,NaN,NaN,NaN,0,0,0,NaN,onset_unresolved,0,0,NaN,NaN,NaN,NaN,NaN,NaN,NaN,NaN,NaN,NaN,NaN,NaN,0,NaN,NaN,NaN,NaN,NaN,NaN,onset_unresolved,0,0,NaN,NaN,NaN,NaN,NaN,NaN,NaN,0,NaN,NaN,NaN,NaN,NaN,NaN,NaN,NaN
FB2316-baseline,5,additional,selection,486,500,insufficient_clean_context,NaN,478,490,NaN,NaN,NaN,NaN,onset_unresolved,NaN,NaN,NaN,none,insufficient_clean_context,NaN,NaN,0,0,0,control,0,NaN,0,0,NaN,0,NaN,NaN,NaN,NaN,NaN,0,0,0,NaN,onset_unresolved,0,0,NaN,NaN,NaN,NaN,NaN,NaN,NaN,NaN,NaN,NaN,NaN,NaN,0,NaN,NaN,NaN,NaN,NaN,NaN,onset_unresolved,0,0,NaN,NaN,NaN,NaN,NaN,NaN,NaN,0,NaN,NaN,NaN,NaN,NaN,NaN,NaN,NaN
FB2316-baseline,6,additional,selection,513,523,insufficient_clean_context,NaN,501,517,NaN,NaN,NaN,NaN,onset_unresolved,NaN,NaN,NaN,none,insufficient_clean_context,NaN,NaN,0,0,0,control,0,NaN,0,0,NaN,0,NaN,NaN,NaN,NaN,NaN,0,0,0,NaN,onset_unresolved,0,0,NaN,NaN,NaN,NaN,NaN,NaN,NaN,NaN,NaN,NaN,NaN,NaN,0,NaN,NaN,NaN,NaN,NaN,NaN,onset_unresolved,0,0,NaN,NaN,NaN,NaN,NaN,NaN,NaN,0,NaN,NaN,NaN,NaN,NaN,NaN,NaN,NaN
FB2316-baseline,7,additional,selection,1050,1068,insufficient_clean_context,NaN,1033,1054,NaN,NaN,NaN,NaN,onset_unresolved,NaN,NaN,NaN,none,insufficient_clean_context,NaN,NaN,0,0,0,control,0,NaN,0,0,NaN,0,NaN,NaN,NaN,NaN,NaN,0,0,0,NaN,onset_unresolved,0,0,NaN,NaN,NaN,NaN,NaN,NaN,NaN,NaN,NaN,NaN,NaN,NaN,0,NaN,NaN,NaN,NaN,NaN,NaN,onset_unresolved,0,0,NaN,NaN,NaN,NaN,NaN,NaN,NaN,0,NaN,NaN,NaN,NaN,NaN,NaN,NaN,NaN
FB2316-baseline,8,additional,selection,314,324,insufficient_clean_context,NaN,306,318,NaN,NaN,NaN,NaN,onset_unresolved,NaN,NaN,NaN,none,insufficient_clean_context,NaN,NaN,0,0,0,control,0,NaN,0,0,NaN,0,NaN,NaN,NaN,NaN,NaN,0,0,0,NaN,onset_unresolved,0,0,NaN,NaN,NaN,NaN,NaN,NaN,NaN,NaN,NaN,NaN,NaN,NaN,0,NaN,NaN,NaN,NaN,NaN,NaN,onset_unresolved,0,0,NaN,NaN,NaN,NaN,NaN,NaN,NaN,0,NaN,NaN,NaN,NaN,NaN,NaN,NaN,NaN
FB2316-baseline,9,additional,selection,1103,1119,insufficient_clean_context,NaN,1087,1107,NaN,NaN,NaN,NaN,onset_unresolved,NaN,NaN,NaN,none,insufficient_clean_context,NaN,NaN,0,0,0,control,0,NaN,0,0,NaN,0,NaN,NaN,NaN,NaN,NaN,0,0,0,NaN,onset_unresolved,0,0,NaN,NaN,NaN,NaN,NaN,NaN,NaN,NaN,NaN,NaN,NaN,NaN,0,NaN,NaN,NaN,NaN,NaN,NaN,onset_unresolved,0,0,NaN,NaN,NaN,NaN,NaN,NaN,NaN,0,NaN,NaN,NaN,NaN,NaN,NaN,NaN,NaN
FB2316-baseline,10,additional,selection,64,79,no_model_evidence,NaN,9,68,NaN,NaN,NaN,NaN,onset_unresolved,52.9200634287799,-15.9884759333762,NaN,none,no_model_evidence,NaN,NaN,0,0,0,control,0,NaN,0,0,NaN,0,NaN,NaN,NaN,NaN,NaN,0,0,0,NaN,onset_unresolved,0,0,NaN,NaN,NaN,NaN,NaN,NaN,NaN,NaN,NaN,NaN,NaN,NaN,0,NaN,NaN,NaN,NaN,NaN,NaN,onset_unresolved,0,0,NaN,NaN,NaN,NaN,NaN,NaN,NaN,0,NaN,NaN,NaN,NaN,NaN,NaN,NaN,NaN
FB2316-baseline,11,additional,selection,1120,1141,insufficient_clean_context,NaN,1120,1124,NaN,NaN,NaN,NaN,onset_unresolved,NaN,NaN,NaN,none,insufficient_clean_context,NaN,NaN,0,0,0,control,0,NaN,0,0,NaN,0,NaN,NaN,NaN,NaN,NaN,0,0,0,NaN,onset_unresolved,0,0,NaN,NaN,NaN,NaN,NaN,NaN,NaN,NaN,NaN,NaN,NaN,NaN,0,NaN,NaN,NaN,NaN,NaN,NaN,onset_unresolved,0,0,NaN,NaN,NaN,NaN,NaN,NaN,NaN,0,NaN,NaN,NaN,NaN,NaN,NaN,NaN,NaN
FB2316-baseline,12,additional,selection,367,377,resolved,363,330,371,343,362,1200.69594190517,0.0633662835151991,provisional_valid,59.5989982811593,52.6271193038984,59.5989982811593,rising,resolved,NaN,NaN,2,0,0,control,0,NaN,0,0,NaN,0,NaN,NaN,NaN,NaN,NaN,0,1,0,NaN,positive_raw_change_provisional,1,1,0.0633662835151991,0.0633662835151991,343,362,1200.69594190517,374,1276.77958137548,1201.28210166595,1200.10978214438,-0.000976366689231634,0.0628474191073227,0.0638856547724345,1,NaN,NaN,NaN,NaN,NaN,NaN,positive_raw_change_provisional,1,1,0.0633662835151991,0.0633662835151991,374,1276.77958137548,4,0,0,0,0,NaN,NaN,NaN,NaN,NaN,NaN,NaN
FB2316-baseline,13,additional,selection,382,395,insufficient_clean_context,NaN,379,386,NaN,NaN,NaN,NaN,onset_unresolved,NaN,NaN,NaN,none,insufficient_clean_context,NaN,NaN,0,0,0,control,0,NaN,0,0,NaN,0,NaN,NaN,NaN,NaN,NaN,0,0,0,NaN,onset_unresolved,0,0,NaN,NaN,NaN,NaN,NaN,NaN,NaN,NaN,NaN,NaN,NaN,NaN,0,NaN,NaN,NaN,NaN,NaN,NaN,onset_unresolved,0,0,NaN,NaN,NaN,NaN,NaN,NaN,NaN,0,NaN,NaN,NaN,NaN,NaN,NaN,NaN,NaN
FB2316-baseline,14,additional,selection,1107,1118,no_model_evidence,NaN,1047,1111,NaN,NaN,NaN,NaN,onset_unresolved,9.44656095217194,-3.62883647519322,NaN,none,no_model_evidence,NaN,NaN,0,0,0,control,0,NaN,0,0,NaN,0,NaN,NaN,NaN,NaN,NaN,0,0,0,NaN,onset_unresolved,0,0,NaN,NaN,NaN,NaN,NaN,NaN,NaN,NaN,NaN,NaN,NaN,NaN,0,NaN,NaN,NaN,NaN,NaN,NaN,onset_unresolved,0,0,NaN,NaN,NaN,NaN,NaN,NaN,NaN,0,NaN,NaN,NaN,NaN,NaN,NaN,NaN,NaN
FB2316-baseline,15,additional,selection,105,114,no_model_evidence,NaN,81,109,NaN,NaN,NaN,NaN,onset_unresolved,3.22749928527941,-19.6090678721722,NaN,none,no_model_evidence,NaN,NaN,0,0,0,control,0,NaN,0,0,NaN,0,NaN,NaN,NaN,NaN,NaN,0,0,0,NaN,onset_unresolved,0,0,NaN,NaN,NaN,NaN,NaN,NaN,NaN,NaN,NaN,NaN,NaN,NaN,0,NaN,NaN,NaN,NaN,NaN,NaN,onset_unresolved,0,0,NaN,NaN,NaN,NaN,NaN,NaN,NaN,0,NaN,NaN,NaN,NaN,NaN,NaN,NaN,NaN
FB2316-baseline,16,additional,selection,125,144,insufficient_clean_context,NaN,125,129,NaN,NaN,NaN,NaN,onset_unresolved,NaN,NaN,NaN,none,insufficient_clean_context,NaN,NaN,0,0,0,control,0,NaN,0,0,NaN,0,NaN,NaN,NaN,NaN,NaN,0,0,0,NaN,onset_unresolved,0,0,NaN,NaN,NaN,NaN,NaN,NaN,NaN,NaN,NaN,NaN,NaN,NaN,0,NaN,NaN,NaN,NaN,NaN,NaN,onset_unresolved,0,0,NaN,NaN,NaN,NaN,NaN,NaN,NaN,0,NaN,NaN,NaN,NaN,NaN,NaN,NaN,NaN
FB2316-baseline,17,additional,selection,1130,1141,insufficient_clean_context,NaN,1113,1134,NaN,NaN,NaN,NaN,onset_unresolved,NaN,NaN,NaN,none,insufficient_clean_context,NaN,NaN,0,0,0,control,0,NaN,0,0,NaN,0,NaN,NaN,NaN,NaN,NaN,0,0,0,NaN,onset_unresolved,0,0,NaN,NaN,NaN,NaN,NaN,NaN,NaN,NaN,NaN,NaN,NaN,NaN,0,NaN,NaN,NaN,NaN,NaN,NaN,onset_unresolved,0,0,NaN,NaN,NaN,NaN,NaN,NaN,NaN,0,NaN,NaN,NaN,NaN,NaN,NaN,NaN,NaN
FB2316-baseline,18,additional,selection,368,378,insufficient_clean_context,NaN,348,372,NaN,NaN,NaN,NaN,onset_unresolved,NaN,NaN,NaN,none,insufficient_clean_context,NaN,NaN,0,0,0,control,0,NaN,0,0,NaN,0,NaN,NaN,NaN,NaN,NaN,0,0,0,NaN,onset_unresolved,0,0,NaN,NaN,NaN,NaN,NaN,NaN,NaN,NaN,NaN,NaN,NaN,NaN,0,NaN,NaN,NaN,NaN,NaN,NaN,onset_unresolved,0,0,NaN,NaN,NaN,NaN,NaN,NaN,NaN,0,NaN,NaN,NaN,NaN,NaN,NaN,NaN,NaN
FB2316-baseline,19,additional,selection,104,125,insufficient_clean_context,NaN,103,108,NaN,NaN,NaN,NaN,onset_unresolved,NaN,NaN,NaN,none,insufficient_clean_context,NaN,NaN,0,0,0,control,0,NaN,0,0,NaN,0,NaN,NaN,NaN,NaN,NaN,0,0,0,NaN,onset_unresolved,0,0,NaN,NaN,NaN,NaN,NaN,NaN,NaN,NaN,NaN,NaN,NaN,NaN,0,NaN,NaN,NaN,NaN,NaN,NaN,onset_unresolved,0,0,NaN,NaN,NaN,NaN,NaN,NaN,NaN,0,NaN,NaN,NaN,NaN,NaN,NaN,NaN,NaN
FB2316-baseline,20,additional,selection,122,143,insufficient_clean_context,NaN,107,126,NaN,NaN,NaN,NaN,onset_unresolved,NaN,NaN,NaN,none,insufficient_clean_context,NaN,NaN,0,0,0,control,0,NaN,0,0,NaN,0,NaN,NaN,NaN,NaN,NaN,0,0,0,NaN,onset_unresolved,0,0,NaN,NaN,NaN,NaN,NaN,NaN,NaN,NaN,NaN,NaN,NaN,NaN,0,NaN,NaN,NaN,NaN,NaN,NaN,onset_unresolved,0,0,NaN,NaN,NaN,NaN,NaN,NaN,NaN,0,NaN,NaN,NaN,NaN,NaN,NaN,NaN,NaN
FB2316-baseline,21,additional,selection,168,187,insufficient_clean_context,NaN,168,172,NaN,NaN,NaN,NaN,onset_unresolved,NaN,NaN,NaN,none,insufficient_clean_context,NaN,NaN,0,0,0,control,0,NaN,0,0,NaN,0,NaN,NaN,NaN,NaN,NaN,0,0,0,NaN,onset_unresolved,0,0,NaN,NaN,NaN,NaN,NaN,NaN,NaN,NaN,NaN,NaN,NaN,NaN,0,NaN,NaN,NaN,NaN,NaN,NaN,onset_unresolved,0,0,NaN,NaN,NaN,NaN,NaN,NaN,NaN,0,NaN,NaN,NaN,NaN,NaN,NaN,NaN,NaN
FB2316-baseline,22,additional,selection,194,206,insufficient_clean_context,NaN,194,198,NaN,NaN,NaN,NaN,onset_unresolved,NaN,NaN,NaN,none,insufficient_clean_context,NaN,NaN,0,0,0,control,0,NaN,0,0,NaN,0,NaN,NaN,NaN,NaN,NaN,0,0,0,NaN,onset_unresolved,0,0,NaN,NaN,NaN,NaN,NaN,NaN,NaN,NaN,NaN,NaN,NaN,NaN,0,NaN,NaN,NaN,NaN,NaN,NaN,onset_unresolved,0,0,NaN,NaN,NaN,NaN,NaN,NaN,NaN,0,NaN,NaN,NaN,NaN,NaN,NaN,NaN,NaN
FB2316-baseline,23,additional,selection,185,195,insufficient_clean_context,NaN,171,189,NaN,NaN,NaN,NaN,onset_unresolved,NaN,NaN,NaN,none,insufficient_clean_context,NaN,NaN,0,0,0,control,0,NaN,0,0,NaN,0,NaN,NaN,NaN,NaN,NaN,0,0,0,NaN,onset_unresolved,0,0,NaN,NaN,NaN,NaN,NaN,NaN,NaN,NaN,NaN,NaN,NaN,NaN,0,NaN,NaN,NaN,NaN,NaN,NaN,onset_unresolved,0,0,NaN,NaN,NaN,NaN,NaN,NaN,NaN,0,NaN,NaN,NaN,NaN,NaN,NaN,NaN,NaN
FB2316-baseline,24,additional,selection,235,245,insufficient_clean_context,NaN,218,239,NaN,NaN,NaN,NaN,onset_unresolved,NaN,NaN,NaN,none,insufficient_clean_context,NaN,NaN,0,0,0,control,0,NaN,0,0,NaN,0,NaN,NaN,NaN,NaN,NaN,0,0,0,NaN,onset_unresolved,0,0,NaN,NaN,NaN,NaN,NaN,NaN,NaN,NaN,NaN,NaN,NaN,NaN,0,NaN,NaN,NaN,NaN,NaN,NaN,onset_unresolved,0,0,NaN,NaN,NaN,NaN,NaN,NaN,NaN,0,NaN,NaN,NaN,NaN,NaN,NaN,NaN,NaN
FB2316-baseline,25,additional,selection,208,217,no_model_evidence,NaN,178,212,NaN,NaN,NaN,NaN,onset_unresolved,-6.49004372670495,-18.3979718405723,NaN,none,no_model_evidence,NaN,NaN,0,0,0,control,0,NaN,0,0,NaN,0,NaN,NaN,NaN,NaN,NaN,0,0,0,NaN,onset_unresolved,0,0,NaN,NaN,NaN,NaN,NaN,NaN,NaN,NaN,NaN,NaN,NaN,NaN,0,NaN,NaN,NaN,NaN,NaN,NaN,onset_unresolved,0,0,NaN,NaN,NaN,NaN,NaN,NaN,NaN,0,NaN,NaN,NaN,NaN,NaN,NaN,NaN,NaN
FB2316-baseline,26,additional,selection,848,861,no_model_evidence,NaN,788,852,NaN,NaN,NaN,NaN,onset_unresolved,7.51253400726027,-6.84354861979921,NaN,none,no_model_evidence,NaN,NaN,0,0,0,control,0,NaN,0,0,NaN,0,NaN,NaN,NaN,NaN,NaN,0,0,0,NaN,onset_unresolved,0,0,NaN,NaN,NaN,NaN,NaN,NaN,NaN,NaN,NaN,NaN,NaN,NaN,0,NaN,NaN,NaN,NaN,NaN,NaN,onset_unresolved,0,0,NaN,NaN,NaN,NaN,NaN,NaN,NaN,0,NaN,NaN,NaN,NaN,NaN,NaN,NaN,NaN
FB2316-baseline,27,additional,selection,988,997,no_model_evidence,NaN,928,992,NaN,NaN,NaN,NaN,onset_unresolved,-2.09060530461849,-13.2107481966985,NaN,none,no_model_evidence,NaN,NaN,0,0,0,control,0,NaN,0,0,NaN,0,NaN,NaN,NaN,NaN,NaN,0,0,0,NaN,onset_unresolved,0,0,NaN,NaN,NaN,NaN,NaN,NaN,NaN,NaN,NaN,NaN,NaN,NaN,0,NaN,NaN,NaN,NaN,NaN,NaN,onset_unresolved,0,0,NaN,NaN,NaN,NaN,NaN,NaN,NaN,0,NaN,NaN,NaN,NaN,NaN,NaN,NaN,NaN
FB2316-baseline,28,additional,selection,186,198,insufficient_clean_context,NaN,186,190,NaN,NaN,NaN,NaN,onset_unresolved,NaN,NaN,NaN,none,insufficient_clean_context,NaN,NaN,0,0,0,control,0,NaN,0,0,NaN,0,NaN,NaN,NaN,NaN,NaN,0,0,0,NaN,onset_unresolved,0,0,NaN,NaN,NaN,NaN,NaN,NaN,NaN,NaN,NaN,NaN,NaN,NaN,0,NaN,NaN,NaN,NaN,NaN,NaN,onset_unresolved,0,0,NaN,NaN,NaN,NaN,NaN,NaN,NaN,0,NaN,NaN,NaN,NaN,NaN,NaN,NaN,NaN
FB2316-baseline,29,additional,selection,242,253,insufficient_clean_context,NaN,227,246,NaN,NaN,NaN,NaN,onset_unresolved,NaN,NaN,NaN,none,insufficient_clean_context,NaN,NaN,0,0,0,control,0,NaN,0,0,NaN,0,NaN,NaN,NaN,NaN,NaN,0,0,0,NaN,onset_unresolved,0,0,NaN,NaN,NaN,NaN,NaN,NaN,NaN,NaN,NaN,NaN,NaN,NaN,0,NaN,NaN,NaN,NaN,NaN,NaN,onset_unresolved,0,0,NaN,NaN,NaN,NaN,NaN,NaN,NaN,0,NaN,NaN,NaN,NaN,NaN,NaN,NaN,NaN
FB2316-baseline,30,additional,selection,925,934,no_model_evidence,NaN,865,929,NaN,NaN,NaN,NaN,onset_unresolved,-8.47361065689149,-18.5784620382928,NaN,none,no_model_evidence,NaN,NaN,0,0,0,control,0,NaN,0,0,NaN,0,NaN,NaN,NaN,NaN,NaN,0,0,0,NaN,onset_unresolved,0,0,NaN,NaN,NaN,NaN,NaN,NaN,NaN,NaN,NaN,NaN,NaN,NaN,0,NaN,NaN,NaN,NaN,NaN,NaN,onset_unresolved,0,0,NaN,NaN,NaN,NaN,NaN,NaN,NaN,0,NaN,NaN,NaN,NaN,NaN,NaN,NaN,NaN
FB2316-baseline,31,additional,selection,163,172,resolved,143,113,167,123,142,4655.07970699946,0.10662161612285,provisional_valid,62.7036632484946,50.2255140394721,62.7036632484946,rising,resolved,NaN,NaN,2,0,0,control,0,NaN,0,0,NaN,0,NaN,NaN,NaN,NaN,NaN,0,1,0,NaN,positive_raw_change_provisional,1,1,0.10662161612285,0.10662161612285,123,142,4655.07970699946,172,5151.41182854042,4655.00385241454,4655.15556158437,3.25900262470751e-05,0.106639648830451,0.106603584002926,1,NaN,NaN,NaN,NaN,NaN,NaN,positive_raw_change_provisional,1,1,0.10662161612285,0.10662161612285,172,5151.41182854042,20,0,0,0,0,NaN,NaN,NaN,NaN,NaN,NaN,NaN
FB2316-baseline,32,additional,selection,847,866,no_model_evidence,NaN,816,851,NaN,NaN,NaN,NaN,onset_unresolved,1.42851961947469,-20.6901834145203,NaN,none,no_model_evidence,NaN,NaN,0,0,0,control,0,NaN,0,0,NaN,0,NaN,NaN,NaN,NaN,NaN,0,0,0,NaN,onset_unresolved,0,0,NaN,NaN,NaN,NaN,NaN,NaN,NaN,NaN,NaN,NaN,NaN,NaN,0,NaN,NaN,NaN,NaN,NaN,NaN,onset_unresolved,0,0,NaN,NaN,NaN,NaN,NaN,NaN,NaN,0,NaN,NaN,NaN,NaN,NaN,NaN,NaN,NaN
FB2316-baseline,33,additional,selection,895,918,no_model_evidence,NaN,867,899,NaN,NaN,NaN,NaN,onset_unresolved,-4.29137376829503,-14.4372828314494,NaN,none,no_model_evidence,NaN,NaN,0,0,0,control,0,NaN,0,0,NaN,0,NaN,NaN,NaN,NaN,NaN,0,0,0,NaN,onset_unresolved,0,0,NaN,NaN,NaN,NaN,NaN,NaN,NaN,NaN,NaN,NaN,NaN,NaN,0,NaN,NaN,NaN,NaN,NaN,NaN,onset_unresolved,0,0,NaN,NaN,NaN,NaN,NaN,NaN,NaN,0,NaN,NaN,NaN,NaN,NaN,NaN,NaN,NaN
FB2316-baseline,34,additional,selection,916,933,no_model_evidence,NaN,856,920,NaN,NaN,NaN,NaN,onset_unresolved,9.2072077627516,-4.70224840805572,NaN,none,no_model_evidence,NaN,NaN,0,0,0,control,0,NaN,0,0,NaN,0,NaN,NaN,NaN,NaN,NaN,0,0,0,NaN,onset_unresolved,0,0,NaN,NaN,NaN,NaN,NaN,NaN,NaN,NaN,NaN,NaN,NaN,NaN,0,NaN,NaN,NaN,NaN,NaN,NaN,onset_unresolved,0,0,NaN,NaN,NaN,NaN,NaN,NaN,NaN,0,NaN,NaN,NaN,NaN,NaN,NaN,NaN,NaN
FB2316-baseline,35,additional,selection,950,961,insufficient_clean_context,NaN,934,954,NaN,NaN,NaN,NaN,onset_unresolved,NaN,NaN,NaN,none,insufficient_clean_context,NaN,NaN,0,0,0,control,0,NaN,0,0,NaN,0,NaN,NaN,NaN,NaN,NaN,0,0,0,NaN,onset_unresolved,0,0,NaN,NaN,NaN,NaN,NaN,NaN,NaN,NaN,NaN,NaN,NaN,NaN,0,NaN,NaN,NaN,NaN,NaN,NaN,onset_unresolved,0,0,NaN,NaN,NaN,NaN,NaN,NaN,NaN,0,NaN,NaN,NaN,NaN,NaN,NaN,NaN,NaN
FB2316-baseline,36,additional,selection,274,288,no_model_evidence,NaN,214,278,NaN,NaN,NaN,NaN,onset_unresolved,0.227115632269255,-12.1152381399141,NaN,none,no_model_evidence,NaN,NaN,0,0,0,control,0,NaN,0,0,NaN,0,NaN,NaN,NaN,NaN,NaN,0,0,0,NaN,onset_unresolved,0,0,NaN,NaN,NaN,NaN,NaN,NaN,NaN,NaN,NaN,NaN,NaN,NaN,0,NaN,NaN,NaN,NaN,NaN,NaN,onset_unresolved,0,0,NaN,NaN,NaN,NaN,NaN,NaN,NaN,0,NaN,NaN,NaN,NaN,NaN,NaN,NaN,NaN
FB2316-baseline,37,additional,selection,291,317,insufficient_clean_context,NaN,291,295,NaN,NaN,NaN,NaN,onset_unresolved,NaN,NaN,NaN,none,insufficient_clean_context,NaN,NaN,0,0,0,control,0,NaN,0,0,NaN,0,NaN,NaN,NaN,NaN,NaN,0,0,0,NaN,onset_unresolved,0,0,NaN,NaN,NaN,NaN,NaN,NaN,NaN,NaN,NaN,NaN,NaN,NaN,0,NaN,NaN,NaN,NaN,NaN,NaN,onset_unresolved,0,0,NaN,NaN,NaN,NaN,NaN,NaN,NaN,0,NaN,NaN,NaN,NaN,NaN,NaN,NaN,NaN
FB2316-baseline,38,additional,selection,985,994,insufficient_clean_context,NaN,983,989,NaN,NaN,NaN,NaN,onset_unresolved,NaN,NaN,NaN,none,insufficient_clean_context,NaN,NaN,0,0,0,control,0,NaN,0,0,NaN,0,NaN,NaN,NaN,NaN,NaN,0,0,0,NaN,onset_unresolved,0,0,NaN,NaN,NaN,NaN,NaN,NaN,NaN,NaN,NaN,NaN,NaN,NaN,0,NaN,NaN,NaN,NaN,NaN,NaN,onset_unresolved,0,0,NaN,NaN,NaN,NaN,NaN,NaN,NaN,0,NaN,NaN,NaN,NaN,NaN,NaN,NaN,NaN
FB2316-baseline,39,additional,selection,904,917,no_model_evidence,NaN,844,908,NaN,NaN,NaN,NaN,onset_unresolved,6.67971910036102,-5.80376376867121,NaN,none,no_model_evidence,NaN,NaN,0,0,0,control,0,NaN,0,0,NaN,0,NaN,NaN,NaN,NaN,NaN,0,0,0,NaN,onset_unresolved,0,0,NaN,NaN,NaN,NaN,NaN,NaN,NaN,NaN,NaN,NaN,NaN,NaN,0,NaN,NaN,NaN,NaN,NaN,NaN,onset_unresolved,0,0,NaN,NaN,NaN,NaN,NaN,NaN,NaN,0,NaN,NaN,NaN,NaN,NaN,NaN,NaN,NaN
FB2316-baseline,40,additional,selection,926,940,insufficient_clean_context,NaN,918,930,NaN,NaN,NaN,NaN,onset_unresolved,NaN,NaN,NaN,none,insufficient_clean_context,NaN,NaN,0,0,0,control,0,NaN,0,0,NaN,0,NaN,NaN,NaN,NaN,NaN,0,0,0,NaN,onset_unresolved,0,0,NaN,NaN,NaN,NaN,NaN,NaN,NaN,NaN,NaN,NaN,NaN,NaN,0,NaN,NaN,NaN,NaN,NaN,NaN,onset_unresolved,0,0,NaN,NaN,NaN,NaN,NaN,NaN,NaN,0,NaN,NaN,NaN,NaN,NaN,NaN,NaN,NaN
FB2316-baseline,41,additional,selection,169,179,resolved,165,126,173,145,164,4090.47130299897,0.0921935441178114,provisional_valid,50.2859080002394,49.4679683266129,50.2859080002394,rising,resolved,1,1,2,0,0,control,0,NaN,0,0,NaN,0,NaN,NaN,NaN,NaN,NaN,0,1,0,NaN,positive_raw_change_provisional,1,1,0.0921935441178114,0.0921935441178114,145,164,4090.47130299897,177,4467.58634953464,4129.1259565667,4051.81664943123,-0.0188998531975499,0.0819690163313316,0.10261315752325,1,NaN,NaN,NaN,NaN,NaN,NaN,positive_raw_change_provisional,1,1,0.0921935441178114,0.0921935441178114,177,4467.58634953464,4,0,0,0,0,NaN,NaN,NaN,NaN,NaN,NaN,NaN
FB2316-baseline,42,additional,selection,182,202,insufficient_clean_context,NaN,180,186,NaN,NaN,NaN,NaN,onset_unresolved,NaN,NaN,NaN,none,insufficient_clean_context,NaN,NaN,0,0,0,control,0,NaN,0,0,NaN,0,NaN,NaN,NaN,NaN,NaN,0,0,0,NaN,onset_unresolved,0,0,NaN,NaN,NaN,NaN,NaN,NaN,NaN,NaN,NaN,NaN,NaN,NaN,0,NaN,NaN,NaN,NaN,NaN,NaN,onset_unresolved,0,0,NaN,NaN,NaN,NaN,NaN,NaN,NaN,0,NaN,NaN,NaN,NaN,NaN,NaN,NaN,NaN
FB2316-baseline,43,additional,selection,445,464,no_model_evidence,NaN,409,449,NaN,NaN,NaN,NaN,onset_unresolved,-7.93579321919202,-11.9374156324396,NaN,none,no_model_evidence,NaN,NaN,0,0,0,control,0,NaN,0,0,NaN,0,NaN,NaN,NaN,NaN,NaN,0,0,0,NaN,onset_unresolved,0,0,NaN,NaN,NaN,NaN,NaN,NaN,NaN,NaN,NaN,NaN,NaN,NaN,0,NaN,NaN,NaN,NaN,NaN,NaN,onset_unresolved,0,0,NaN,NaN,NaN,NaN,NaN,NaN,NaN,0,NaN,NaN,NaN,NaN,NaN,NaN,NaN,NaN
FB2316-baseline,44,additional,selection,391,403,resolved,377,331,395,357,376,2137.8184648582,0.107001298946223,provisional_valid,14.6879597031941,0.778503532387411,14.6879597031941,rising,resolved,NaN,NaN,1,0,0,control,0,NaN,0,0,NaN,0,NaN,NaN,NaN,NaN,NaN,0,1,0,NaN,positive_raw_change_provisional,1,1,0.107001298946223,0.107001298946223,357,376,2137.8184648582,401,2366.56781750925,2145.57922318126,2130.05770653514,-0.00726044652586801,0.10299717295003,0.11103460260653,1,NaN,NaN,NaN,NaN,NaN,NaN,positive_raw_change_provisional,1,1,0.107001298946223,0.107001298946223,401,2366.56781750925,14,0,0,0,0,NaN,NaN,NaN,NaN,NaN,NaN,NaN
FB2316-baseline,45,additional,selection,418,438,insufficient_clean_context,NaN,404,422,NaN,NaN,NaN,NaN,onset_unresolved,NaN,NaN,NaN,none,insufficient_clean_context,NaN,NaN,0,0,0,control,0,NaN,0,0,NaN,0,NaN,NaN,NaN,NaN,NaN,0,0,0,NaN,onset_unresolved,0,0,NaN,NaN,NaN,NaN,NaN,NaN,NaN,NaN,NaN,NaN,NaN,NaN,0,NaN,NaN,NaN,NaN,NaN,NaN,onset_unresolved,0,0,NaN,NaN,NaN,NaN,NaN,NaN,NaN,0,NaN,NaN,NaN,NaN,NaN,NaN,NaN,NaN
FB2316-baseline,46,additional,selection,445,467,insufficient_clean_context,NaN,439,449,NaN,NaN,NaN,NaN,onset_unresolved,NaN,NaN,NaN,none,insufficient_clean_context,NaN,NaN,0,0,0,control,0,NaN,0,0,NaN,0,NaN,NaN,NaN,NaN,NaN,0,0,0,NaN,onset_unresolved,0,0,NaN,NaN,NaN,NaN,NaN,NaN,NaN,NaN,NaN,NaN,NaN,NaN,0,NaN,NaN,NaN,NaN,NaN,NaN,onset_unresolved,0,0,NaN,NaN,NaN,NaN,NaN,NaN,NaN,0,NaN,NaN,NaN,NaN,NaN,NaN,NaN,NaN
FB2316-baseline,47,additional,selection,208,226,insufficient_clean_context,NaN,207,212,NaN,NaN,NaN,NaN,onset_unresolved,NaN,NaN,NaN,none,insufficient_clean_context,NaN,NaN,0,0,0,control,0,NaN,0,0,NaN,0,NaN,NaN,NaN,NaN,NaN,0,0,0,NaN,onset_unresolved,0,0,NaN,NaN,NaN,NaN,NaN,NaN,NaN,NaN,NaN,NaN,NaN,NaN,0,NaN,NaN,NaN,NaN,NaN,NaN,onset_unresolved,0,0,NaN,NaN,NaN,NaN,NaN,NaN,NaN,0,NaN,NaN,NaN,NaN,NaN,NaN,NaN,NaN
FB2316-baseline,48,additional,selection,841,850,no_model_evidence,NaN,802,845,NaN,NaN,NaN,NaN,onset_unresolved,-6.79128974929996,-20.4097135346987,NaN,none,no_model_evidence,NaN,NaN,0,0,0,control,0,NaN,0,0,NaN,0,NaN,NaN,NaN,NaN,NaN,0,0,0,NaN,onset_unresolved,0,0,NaN,NaN,NaN,NaN,NaN,NaN,NaN,NaN,NaN,NaN,NaN,NaN,0,NaN,NaN,NaN,NaN,NaN,NaN,onset_unresolved,0,0,NaN,NaN,NaN,NaN,NaN,NaN,NaN,0,NaN,NaN,NaN,NaN,NaN,NaN,NaN,NaN
FB2316-baseline,49,additional,selection,857,868,no_model_evidence,NaN,797,861,NaN,NaN,NaN,NaN,onset_unresolved,-3.15576510328741,-14.538196612216,NaN,none,no_model_evidence,NaN,NaN,0,0,0,control,0,NaN,0,0,NaN,0,NaN,NaN,NaN,NaN,NaN,0,0,0,NaN,onset_unresolved,0,0,NaN,NaN,NaN,NaN,NaN,NaN,NaN,NaN,NaN,NaN,NaN,NaN,0,NaN,NaN,NaN,NaN,NaN,NaN,onset_unresolved,0,0,NaN,NaN,NaN,NaN,NaN,NaN,NaN,0,NaN,NaN,NaN,NaN,NaN,NaN,NaN,NaN
FB2316-baseline,50,additional,selection,916,943,no_model_evidence,NaN,862,920,NaN,NaN,NaN,NaN,onset_unresolved,3.8591873538417,-9.3619724596897,NaN,none,no_model_evidence,NaN,NaN,0,0,0,control,0,NaN,0,0,NaN,0,NaN,NaN,NaN,NaN,NaN,0,0,0,NaN,onset_unresolved,0,0,NaN,NaN,NaN,NaN,NaN,NaN,NaN,NaN,NaN,NaN,NaN,NaN,0,NaN,NaN,NaN,NaN,NaN,NaN,onset_unresolved,0,0,NaN,NaN,NaN,NaN,NaN,NaN,NaN,0,NaN,NaN,NaN,NaN,NaN,NaN,NaN,NaN
FB2316-baseline,51,additional,selection,946,955,insufficient_clean_context,NaN,944,950,NaN,NaN,NaN,NaN,onset_unresolved,NaN,NaN,NaN,none,insufficient_clean_context,NaN,NaN,0,0,0,control,0,NaN,0,0,NaN,0,NaN,NaN,NaN,NaN,NaN,0,0,0,NaN,onset_unresolved,0,0,NaN,NaN,NaN,NaN,NaN,NaN,NaN,NaN,NaN,NaN,NaN,NaN,0,NaN,NaN,NaN,NaN,NaN,NaN,onset_unresolved,0,0,NaN,NaN,NaN,NaN,NaN,NaN,NaN,0,NaN,NaN,NaN,NaN,NaN,NaN,NaN,NaN
FB2316-baseline,52,additional,selection,844,861,best_model_unresolved,NaN,784,848,NaN,NaN,NaN,NaN,onset_unresolved,37.5250055719684,23.8071941021653,23.8071941021653,none,best_model_unresolved,NaN,NaN,1,0,0,control,0,NaN,0,0,NaN,0,NaN,NaN,NaN,NaN,NaN,0,0,0,NaN,onset_unresolved,0,0,NaN,NaN,NaN,NaN,NaN,NaN,NaN,NaN,NaN,NaN,NaN,NaN,0,NaN,NaN,NaN,NaN,NaN,NaN,onset_unresolved,0,0,NaN,NaN,NaN,NaN,NaN,NaN,NaN,0,NaN,NaN,NaN,NaN,NaN,NaN,NaN,NaN
FB2316-baseline,53,additional,selection,967,982,insufficient_clean_context,NaN,956,971,NaN,NaN,NaN,NaN,onset_unresolved,NaN,NaN,NaN,none,insufficient_clean_context,NaN,NaN,0,0,0,control,0,NaN,0,0,NaN,0,NaN,NaN,NaN,NaN,NaN,0,0,0,NaN,onset_unresolved,0,0,NaN,NaN,NaN,NaN,NaN,NaN,NaN,NaN,NaN,NaN,NaN,NaN,0,NaN,NaN,NaN,NaN,NaN,NaN,onset_unresolved,0,0,NaN,NaN,NaN,NaN,NaN,NaN,NaN,0,NaN,NaN,NaN,NaN,NaN,NaN,NaN,NaN
FB2316-baseline,54,additional,selection,274,295,insufficient_clean_context,NaN,273,278,NaN,NaN,NaN,NaN,onset_unresolved,NaN,NaN,NaN,none,insufficient_clean_context,NaN,NaN,0,0,0,control,0,NaN,0,0,NaN,0,NaN,NaN,NaN,NaN,NaN,0,0,0,NaN,onset_unresolved,0,0,NaN,NaN,NaN,NaN,NaN,NaN,NaN,NaN,NaN,NaN,NaN,NaN,0,NaN,NaN,NaN,NaN,NaN,NaN,onset_unresolved,0,0,NaN,NaN,NaN,NaN,NaN,NaN,NaN,0,NaN,NaN,NaN,NaN,NaN,NaN,NaN,NaN
FB2316-baseline,55,additional,selection,337,347,best_model_unresolved,NaN,315,341,NaN,NaN,NaN,NaN,onset_unresolved,17.9588392263923,9.90861330965852,17.9588392263923,none,best_model_unresolved,NaN,NaN,1,0,0,control,0,NaN,0,0,NaN,0,NaN,NaN,NaN,NaN,NaN,0,0,0,NaN,onset_unresolved,0,0,NaN,NaN,NaN,NaN,NaN,NaN,NaN,NaN,NaN,NaN,NaN,NaN,0,NaN,NaN,NaN,NaN,NaN,NaN,onset_unresolved,0,0,NaN,NaN,NaN,NaN,NaN,NaN,NaN,0,NaN,NaN,NaN,NaN,NaN,NaN,NaN,NaN
FB2316-baseline,56,additional,selection,285,294,insufficient_clean_context,NaN,285,289,NaN,NaN,NaN,NaN,onset_unresolved,NaN,NaN,NaN,none,insufficient_clean_context,NaN,NaN,0,0,0,control,0,NaN,0,0,NaN,0,NaN,NaN,NaN,NaN,NaN,0,0,0,NaN,onset_unresolved,0,0,NaN,NaN,NaN,NaN,NaN,NaN,NaN,NaN,NaN,NaN,NaN,NaN,0,NaN,NaN,NaN,NaN,NaN,NaN,onset_unresolved,0,0,NaN,NaN,NaN,NaN,NaN,NaN,NaN,0,NaN,NaN,NaN,NaN,NaN,NaN,NaN,NaN
FB2316-baseline,57,additional,selection,1051,1071,resolved,1042,991,1055,1022,1041,2599.80510965936,0.0172039260597505,provisional_valid,15.7988592846914,3.59319497769168,15.7988592846914,rising,resolved,NaN,NaN,1,0,0,control,0,NaN,0,0,NaN,0,NaN,NaN,NaN,NaN,NaN,0,1,0,NaN,positive_raw_change_provisional,1,1,0.0172039260597505,0.0172039260597505,1022,1041,2599.80510965936,1059,2644.5319645357,2619.83406439571,2579.77615492301,-0.0154080432121123,0.00942727651176156,0.0251013288455737,1,NaN,NaN,NaN,NaN,NaN,NaN,positive_raw_change_provisional,1,1,0.0172039260597505,0.0172039260597505,1059,2644.5319645357,9,0,0,0,0,NaN,NaN,NaN,NaN,NaN,NaN,NaN
FB2316-baseline,58,additional,selection,383,396,insufficient_clean_context,NaN,363,387,NaN,NaN,NaN,NaN,onset_unresolved,NaN,NaN,NaN,none,insufficient_clean_context,NaN,NaN,0,0,0,control,0,NaN,0,0,NaN,0,NaN,NaN,NaN,NaN,NaN,0,0,0,NaN,onset_unresolved,0,0,NaN,NaN,NaN,NaN,NaN,NaN,NaN,NaN,NaN,NaN,NaN,NaN,0,NaN,NaN,NaN,NaN,NaN,NaN,onset_unresolved,0,0,NaN,NaN,NaN,NaN,NaN,NaN,NaN,0,NaN,NaN,NaN,NaN,NaN,NaN,NaN,NaN
FB2316-baseline,59,additional,selection,388,397,best_model_unresolved,NaN,331,392,NaN,NaN,NaN,NaN,onset_unresolved,12.4886806714763,28.6049142802998,28.6049142802998,none,best_model_unresolved,NaN,NaN,1,0,0,control,0,NaN,0,0,NaN,0,NaN,NaN,NaN,NaN,NaN,0,0,0,NaN,onset_unresolved,0,0,NaN,NaN,NaN,NaN,NaN,NaN,NaN,NaN,NaN,NaN,NaN,NaN,0,NaN,NaN,NaN,NaN,NaN,NaN,onset_unresolved,0,0,NaN,NaN,NaN,NaN,NaN,NaN,NaN,0,NaN,NaN,NaN,NaN,NaN,NaN,NaN,NaN
FB2316-baseline,60,additional,selection,439,452,no_model_evidence,NaN,398,443,NaN,NaN,NaN,NaN,onset_unresolved,-3.88068798431629,-17.2373658685704,NaN,none,no_model_evidence,NaN,NaN,0,0,0,control,0,NaN,0,0,NaN,0,NaN,NaN,NaN,NaN,NaN,0,0,0,NaN,onset_unresolved,0,0,NaN,NaN,NaN,NaN,NaN,NaN,NaN,NaN,NaN,NaN,NaN,NaN,0,NaN,NaN,NaN,NaN,NaN,NaN,onset_unresolved,0,0,NaN,NaN,NaN,NaN,NaN,NaN,NaN,0,NaN,NaN,NaN,NaN,NaN,NaN,NaN,NaN
FB2316-baseline,61,additional,selection,523,535,resolved,492,463,527,472,491,1632.77418252806,0.061351178786726,provisional_valid,9.33249760182558,36.7126863744206,36.7126863744206,pulse,resolved,NaN,NaN,1,0,0,control,0,NaN,0,0,NaN,0,NaN,NaN,NaN,NaN,NaN,0,1,0,NaN,positive_raw_change_provisional,1,1,0.061351178786726,0.061351178786726,472,491,1632.77418252806,523,1732.94680331869,1634.84011713031,1630.70824792582,-0.00253058215196204,0.0600099576468645,0.0626957982967935,1,NaN,NaN,NaN,NaN,NaN,NaN,positive_raw_change_provisional,1,1,0.0760052527020711,0.0760052527020711,522,1756.87359687653,31,0,0,1,0.0146540739153451,NaN,NaN,NaN,NaN,NaN,NaN,NaN
FB2316-baseline,62,additional,selection,850,866,best_model_unresolved,NaN,790,854,NaN,NaN,NaN,NaN,onset_unresolved,62.6860120933482,31.8575667751638,31.8575667751638,none,best_model_unresolved,NaN,NaN,1,0,0,control,0,NaN,0,0,NaN,0,NaN,NaN,NaN,NaN,NaN,0,0,0,NaN,onset_unresolved,0,0,NaN,NaN,NaN,NaN,NaN,NaN,NaN,NaN,NaN,NaN,NaN,NaN,0,NaN,NaN,NaN,NaN,NaN,NaN,onset_unresolved,0,0,NaN,NaN,NaN,NaN,NaN,NaN,NaN,0,NaN,NaN,NaN,NaN,NaN,NaN,NaN,NaN
flat,1,noiseless,selection,120,180,no_model_evidence,NaN,60,124,NaN,NaN,NaN,NaN,onset_unresolved,-9.73506890091116,-23.644525071718,NaN,none,no_model_evidence,NaN,NaN,0,0,0,control,0,NaN,0,0,NaN,0,NaN,NaN,NaN,NaN,NaN,0,0,0,NaN,onset_unresolved,0,0,NaN,NaN,NaN,NaN,NaN,NaN,NaN,NaN,NaN,NaN,NaN,NaN,0,NaN,NaN,NaN,NaN,NaN,NaN,onset_unresolved,0,0,NaN,NaN,NaN,NaN,NaN,NaN,NaN,0,NaN,NaN,NaN,NaN,NaN,NaN,NaN,NaN
