RecordingID,EventType,SiteID,EventID,EventRow,StartFrame,EndFrame,DetectedStartFrame,DetectedEndFrame,FootprintPixels,BaselineWindowFrames,CleanBaselineFrames,TruncatedBaseline,OverlapExcludedFrames,NonfiniteBaselineFrames,StoredBaseline,RecomputedBaseline,StoredStatus,RecomputedStatus,StoredAmplitude,RecomputedAmplitude,AbsDifference,MeasurementMatches,WrongDirection,Condition,SourceRawSHA256
/Users/zcm361/Documents/Github/OxygenDynamicsV2/reference-validation/surge-FB2312-recheck-20260909/Recording,sink,1,1,1,1,15,1,15,1184,20,0,1,0,0,NaN,NaN,insufficient_clean_prebaseline,insufficient_clean_prebaseline,NaN,NaN,NaN,1,0,Awake_immobile,d2e65164f5640b4b97649714fbbd3e5ab5bc26c3243e44683d98e840ef89b657
/Users/zcm361/Documents/Github/OxygenDynamicsV2/reference-validation/surge-FB2312-recheck-20260909/Recording,sink,1,2,2,19,22,19,22,1269,20,3,1,15,0,NaN,NaN,insufficient_clean_prebaseline,insufficient_clean_prebaseline,NaN,NaN,NaN,1,0,Awake_immobile,d2e65164f5640b4b97649714fbbd3e5ab5bc26c3243e44683d98e840ef89b657
/Users/zcm361/Documents/Github/OxygenDynamicsV2/reference-validation/surge-FB2312-recheck-20260909/Recording,sink,1,3,3,26,28,26,28,234,20,9,0,11,0,NaN,NaN,insufficient_clean_prebaseline,insufficient_clean_prebaseline,NaN,NaN,NaN,1,0,Awake_immobile,d2e65164f5640b4b97649714fbbd3e5ab5bc26c3243e44683d98e840ef89b657
/Users/zcm361/Documents/Github/OxygenDynamicsV2/reference-validation/surge-FB2312-recheck-20260909/Recording,sink,1,4,4,107,131,125,131,434,20,20,0,0,0,3364.95011520737,3364.95011520737,valid,valid,0.0799912913575351,0.0799912913575351,0,1,0,Awake_immobile,d2e65164f5640b4b97649714fbbd3e5ab5bc26c3243e44683d98e840ef89b657
/Users/zcm361/Documents/Github/OxygenDynamicsV2/reference-validation/surge-FB2312-recheck-20260909/Recording,sink,1,5,5,135,149,136,140,669,20,9,0,11,0,NaN,NaN,insufficient_clean_prebaseline,insufficient_clean_prebaseline,NaN,NaN,NaN,1,0,Awake_immobile,d2e65164f5640b4b97649714fbbd3e5ab5bc26c3243e44683d98e840ef89b657
/Users/zcm361/Documents/Github/OxygenDynamicsV2/reference-validation/surge-FB2312-recheck-20260909/Recording,sink,1,6,6,298,313,306,310,825,20,20,0,0,0,4752.57327272727,4752.57327272727,valid,valid,0.137621891063825,0.137621891063825,0,1,0,Awake_immobile,d2e65164f5640b4b97649714fbbd3e5ab5bc26c3243e44683d98e840ef89b657
/Users/zcm361/Documents/Github/OxygenDynamicsV2/reference-validation/surge-FB2312-recheck-20260909/Recording,sink,1,7,7,367,374,370,374,1038,20,13,0,7,0,NaN,NaN,insufficient_clean_prebaseline,insufficient_clean_prebaseline,NaN,NaN,NaN,1,0,Awake_immobile,d2e65164f5640b4b97649714fbbd3e5ab5bc26c3243e44683d98e840ef89b657
/Users/zcm361/Documents/Github/OxygenDynamicsV2/reference-validation/surge-FB2312-recheck-20260909/Recording,sink,1,8,8,469,482,480,482,337,20,20,0,0,0,5800.45637982196,5800.45637982196,valid,valid,0.246397679339464,0.246397679339464,0,1,0,Awake_immobile,d2e65164f5640b4b97649714fbbd3e5ab5bc26c3243e44683d98e840ef89b657
/Users/zcm361/Documents/Github/OxygenDynamicsV2/reference-validation/surge-FB2312-recheck-20260909/Recording,sink,1,9,9,487,490,487,490,171,20,20,0,0,0,5317.75760233918,5317.75760233918,valid,valid,0.18451864713895,0.18451864713895,0,1,0,Awake_immobile,d2e65164f5640b4b97649714fbbd3e5ab5bc26c3243e44683d98e840ef89b657
/Users/zcm361/Documents/Github/OxygenDynamicsV2/reference-validation/surge-FB2312-recheck-20260909/Recording,sink,1,10,10,516,520,516,520,256,20,20,0,0,0,5044.787109375,5044.787109375,valid,valid,0.0273383222393475,0.0273383222393475,0,1,0,Awake_immobile,d2e65164f5640b4b97649714fbbd3e5ab5bc26c3243e44683d98e840ef89b657
/Users/zcm361/Documents/Github/OxygenDynamicsV2/reference-validation/surge-FB2312-recheck-20260909/Recording,sink,1,11,11,528,540,529,540,2534,20,15,0,5,0,NaN,NaN,insufficient_clean_prebaseline,insufficient_clean_prebaseline,NaN,NaN,NaN,1,0,Awake_immobile,d2e65164f5640b4b97649714fbbd3e5ab5bc26c3243e44683d98e840ef89b657
/Users/zcm361/Documents/Github/OxygenDynamicsV2/reference-validation/surge-FB2312-recheck-20260909/Recording,sink,1,12,12,545,552,545,548,671,20,8,0,12,0,NaN,NaN,insufficient_clean_prebaseline,insufficient_clean_prebaseline,NaN,NaN,NaN,1,0,Awake_immobile,d2e65164f5640b4b97649714fbbd3e5ab5bc26c3243e44683d98e840ef89b657
/Users/zcm361/Documents/Github/OxygenDynamicsV2/reference-validation/surge-FB2312-recheck-20260909/Recording,sink,1,13,13,577,582,578,582,1180,20,20,0,0,0,6192.09305084746,6192.09305084746,valid,valid,0.142263552131506,0.142263552131506,0,1,0,Awake_immobile,d2e65164f5640b4b97649714fbbd3e5ab5bc26c3243e44683d98e840ef89b657
/Users/zcm361/Documents/Github/OxygenDynamicsV2/reference-validation/surge-FB2312-recheck-20260909/Recording,sink,1,14,14,585,594,585,594,2841,20,15,0,5,0,NaN,NaN,insufficient_clean_prebaseline,insufficient_clean_prebaseline,NaN,NaN,NaN,1,0,Awake_immobile,d2e65164f5640b4b97649714fbbd3e5ab5bc26c3243e44683d98e840ef89b657
/Users/zcm361/Documents/Github/OxygenDynamicsV2/reference-validation/surge-FB2312-recheck-20260909/Recording,sink,1,15,15,598,604,598,604,2870,20,5,0,15,0,NaN,NaN,insufficient_clean_prebaseline,insufficient_clean_prebaseline,NaN,NaN,NaN,1,0,Awake_immobile,d2e65164f5640b4b97649714fbbd3e5ab5bc26c3243e44683d98e840ef89b657
/Users/zcm361/Documents/Github/OxygenDynamicsV2/reference-validation/surge-FB2312-recheck-20260909/Recording,sink,1,16,16,609,616,609,616,2592,20,7,0,13,0,NaN,NaN,insufficient_clean_prebaseline,insufficient_clean_prebaseline,NaN,NaN,NaN,1,0,Awake_immobile,d2e65164f5640b4b97649714fbbd3e5ab5bc26c3243e44683d98e840ef89b657
/Users/zcm361/Documents/Github/OxygenDynamicsV2/reference-validation/surge-FB2312-recheck-20260909/Recording,sink,1,17,17,625,633,628,633,1850,20,12,0,8,0,NaN,NaN,insufficient_clean_prebaseline,insufficient_clean_prebaseline,NaN,NaN,NaN,1,0,Awake_immobile,d2e65164f5640b4b97649714fbbd3e5ab5bc26c3243e44683d98e840ef89b657
/Users/zcm361/Documents/Github/OxygenDynamicsV2/reference-validation/surge-FB2312-recheck-20260909/Recording,sink,1,18,18,640,646,640,646,641,20,15,0,5,0,NaN,NaN,insufficient_clean_prebaseline,insufficient_clean_prebaseline,NaN,NaN,NaN,1,0,Awake_immobile,d2e65164f5640b4b97649714fbbd3e5ab5bc26c3243e44683d98e840ef89b657
/Users/zcm361/Documents/Github/OxygenDynamicsV2/reference-validation/surge-FB2312-recheck-20260909/Recording,sink,1,19,19,649,653,649,651,269,20,9,0,11,0,NaN,NaN,insufficient_clean_prebaseline,insufficient_clean_prebaseline,NaN,NaN,NaN,1,0,Awake_immobile,d2e65164f5640b4b97649714fbbd3e5ab5bc26c3243e44683d98e840ef89b657
/Users/zcm361/Documents/Github/OxygenDynamicsV2/reference-validation/surge-FB2312-recheck-20260909/Recording,sink,1,20,20,774,786,776,779,708,20,20,0,0,0,5265.85183615819,5265.85183615819,valid,valid,0.0625622699457014,0.0625622699457014,0,1,0,Awake_immobile,d2e65164f5640b4b97649714fbbd3e5ab5bc26c3243e44683d98e840ef89b657
/Users/zcm361/Documents/Github/OxygenDynamicsV2/reference-validation/surge-FB2312-recheck-20260909/Recording,sink,1,21,21,929,935,929,932,488,20,20,0,0,0,5646.24774590164,5646.24774590164,valid,valid,0.0741188956585812,0.0741188956585812,0,1,0,Awake_immobile,d2e65164f5640b4b97649714fbbd3e5ab5bc26c3243e44683d98e840ef89b657
/Users/zcm361/Documents/Github/OxygenDynamicsV2/reference-validation/surge-FB2312-recheck-20260909/Recording,sink,1,22,22,1097,1125,1102,1107,1021,20,20,0,0,0,5158.66674828599,5158.66674828599,valid,valid,0.0638300417291728,0.0638300417291728,0,1,0,Awake_immobile,d2e65164f5640b4b97649714fbbd3e5ab5bc26c3243e44683d98e840ef89b657
/Users/zcm361/Documents/Github/OxygenDynamicsV2/reference-validation/surge-FB2312-recheck-20260909/Recording,sink,1,23,23,1167,1174,1172,1174,687,20,20,0,0,0,5157.4596069869,5157.4596069869,valid,valid,0.0662320564346989,0.0662320564346989,0,1,0,Awake_immobile,d2e65164f5640b4b97649714fbbd3e5ab5bc26c3243e44683d98e840ef89b657
/Users/zcm361/Documents/Github/OxygenDynamicsV2/reference-validation/surge-FB2312-recheck-20260909/Recording,sink,2,1,24,3,5,3,5,527,20,2,1,0,0,NaN,NaN,insufficient_clean_prebaseline,insufficient_clean_prebaseline,NaN,NaN,NaN,1,0,Awake_immobile,d2e65164f5640b4b97649714fbbd3e5ab5bc26c3243e44683d98e840ef89b657
/Users/zcm361/Documents/Github/OxygenDynamicsV2/reference-validation/surge-FB2312-recheck-20260909/Recording,sink,2,2,25,7,10,7,10,539,20,3,1,3,0,NaN,NaN,insufficient_clean_prebaseline,insufficient_clean_prebaseline,NaN,NaN,NaN,1,0,Awake_immobile,d2e65164f5640b4b97649714fbbd3e5ab5bc26c3243e44683d98e840ef89b657
/Users/zcm361/Documents/Github/OxygenDynamicsV2/reference-validation/surge-FB2312-recheck-20260909/Recording,sink,2,3,26,15,20,15,20,1397,20,7,1,7,0,NaN,NaN,insufficient_clean_prebaseline,insufficient_clean_prebaseline,NaN,NaN,NaN,1,0,Awake_immobile,d2e65164f5640b4b97649714fbbd3e5ab5bc26c3243e44683d98e840ef89b657
/Users/zcm361/Documents/Github/OxygenDynamicsV2/reference-validation/surge-FB2312-recheck-20260909/Recording,sink,2,4,27,22,26,22,26,2139,20,7,0,13,0,NaN,NaN,insufficient_clean_prebaseline,insufficient_clean_prebaseline,NaN,NaN,NaN,1,0,Awake_immobile,d2e65164f5640b4b97649714fbbd3e5ab5bc26c3243e44683d98e840ef89b657
/Users/zcm361/Documents/Github/OxygenDynamicsV2/reference-validation/surge-FB2312-recheck-20260909/Recording,sink,2,5,28,34,39,34,38,1626,20,9,0,11,0,NaN,NaN,insufficient_clean_prebaseline,insufficient_clean_prebaseline,NaN,NaN,NaN,1,0,Awake_immobile,d2e65164f5640b4b97649714fbbd3e5ab5bc26c3243e44683d98e840ef89b657
/Users/zcm361/Documents/Github/OxygenDynamicsV2/reference-validation/surge-FB2312-recheck-20260909/Recording,sink,2,6,29,677,710,694,696,618,20,20,0,0,0,5662.0390776699,5662.0390776699,valid,valid,0.0809150642337091,0.0809150642337091,0,1,0,Awake_immobile,d2e65164f5640b4b97649714fbbd3e5ab5bc26c3243e44683d98e840ef89b657
/Users/zcm361/Documents/Github/OxygenDynamicsV2/reference-validation/surge-FB2312-recheck-20260909/Recording,sink,2,7,30,1189,1195,1193,1195,663,20,20,0,0,0,4404.42775263952,4404.42775263952,valid,valid,0.0373084044453278,0.0373084044453278,0,1,0,Awake_immobile,d2e65164f5640b4b97649714fbbd3e5ab5bc26c3243e44683d98e840ef89b657
/Users/zcm361/Documents/Github/OxygenDynamicsV2/reference-validation/surge-FB2312-recheck-20260909/Recording,sink,3,1,31,10,17,10,13,490,20,9,1,0,0,NaN,NaN,insufficient_clean_prebaseline,insufficient_clean_prebaseline,NaN,NaN,NaN,1,0,Awake_immobile,d2e65164f5640b4b97649714fbbd3e5ab5bc26c3243e44683d98e840ef89b657
/Users/zcm361/Documents/Github/OxygenDynamicsV2/reference-validation/surge-FB2312-recheck-20260909/Recording,sink,3,2,32,320,344,320,342,1838,20,20,0,0,0,6171.70198585419,6171.70198585419,valid,valid,0.0635334458653327,0.0635334458653327,0,1,0,Awake_immobile,d2e65164f5640b4b97649714fbbd3e5ab5bc26c3243e44683d98e840ef89b657
/Users/zcm361/Documents/Github/OxygenDynamicsV2/reference-validation/surge-FB2312-recheck-20260909/Recording,sink,3,3,33,351,355,352,355,531,20,8,0,12,0,NaN,NaN,insufficient_clean_prebaseline,insufficient_clean_prebaseline,NaN,NaN,NaN,1,0,Awake_immobile,d2e65164f5640b4b97649714fbbd3e5ab5bc26c3243e44683d98e840ef89b657
/Users/zcm361/Documents/Github/OxygenDynamicsV2/reference-validation/surge-FB2312-recheck-20260909/Recording,sink,4,1,34,16,20,18,20,209,20,15,1,0,0,NaN,NaN,insufficient_clean_prebaseline,insufficient_clean_prebaseline,NaN,NaN,NaN,1,0,Awake_immobile,d2e65164f5640b4b97649714fbbd3e5ab5bc26c3243e44683d98e840ef89b657
/Users/zcm361/Documents/Github/OxygenDynamicsV2/reference-validation/surge-FB2312-recheck-20260909/Recording,sink,4,2,35,24,26,24,26,276,20,17,0,3,0,NaN,NaN,insufficient_clean_prebaseline,insufficient_clean_prebaseline,NaN,NaN,NaN,1,0,Awake_immobile,d2e65164f5640b4b97649714fbbd3e5ab5bc26c3243e44683d98e840ef89b657
/Users/zcm361/Documents/Github/OxygenDynamicsV2/reference-validation/surge-FB2312-recheck-20260909/Recording,sink,4,3,36,34,37,34,36,487,20,14,0,6,0,NaN,NaN,insufficient_clean_prebaseline,insufficient_clean_prebaseline,NaN,NaN,NaN,1,0,Awake_immobile,d2e65164f5640b4b97649714fbbd3e5ab5bc26c3243e44683d98e840ef89b657
/Users/zcm361/Documents/Github/OxygenDynamicsV2/reference-validation/surge-FB2312-recheck-20260909/Recording,sink,4,4,37,428,440,433,440,386,20,20,0,0,0,4955.22940414508,4955.22940414508,valid,valid,0.119582439350525,0.119582439350525,0,1,0,Awake_immobile,d2e65164f5640b4b97649714fbbd3e5ab5bc26c3243e44683d98e840ef89b657
/Users/zcm361/Documents/Github/OxygenDynamicsV2/reference-validation/surge-FB2312-recheck-20260909/Recording,sink,4,5,38,443,446,443,446,682,20,12,0,8,0,NaN,NaN,insufficient_clean_prebaseline,insufficient_clean_prebaseline,NaN,NaN,NaN,1,0,Awake_immobile,d2e65164f5640b4b97649714fbbd3e5ab5bc26c3243e44683d98e840ef89b657
/Users/zcm361/Documents/Github/OxygenDynamicsV2/reference-validation/surge-FB2312-recheck-20260909/Recording,sink,4,6,39,448,452,448,452,613,20,8,0,12,0,NaN,NaN,insufficient_clean_prebaseline,insufficient_clean_prebaseline,NaN,NaN,NaN,1,0,Awake_immobile,d2e65164f5640b4b97649714fbbd3e5ab5bc26c3243e44683d98e840ef89b657
/Users/zcm361/Documents/Github/OxygenDynamicsV2/reference-validation/surge-FB2312-recheck-20260909/Recording,sink,4,7,40,480,487,480,487,716,20,17,0,3,0,NaN,NaN,insufficient_clean_prebaseline,insufficient_clean_prebaseline,NaN,NaN,NaN,1,0,Awake_immobile,d2e65164f5640b4b97649714fbbd3e5ab5bc26c3243e44683d98e840ef89b657
/Users/zcm361/Documents/Github/OxygenDynamicsV2/reference-validation/surge-FB2312-recheck-20260909/Recording,sink,4,8,41,489,511,489,511,3112,20,12,0,8,0,NaN,NaN,insufficient_clean_prebaseline,insufficient_clean_prebaseline,NaN,NaN,NaN,1,0,Awake_immobile,d2e65164f5640b4b97649714fbbd3e5ab5bc26c3243e44683d98e840ef89b657
/Users/zcm361/Documents/Github/OxygenDynamicsV2/reference-validation/surge-FB2312-recheck-20260909/Recording,sink,4,9,42,514,519,515,518,607,20,2,0,18,0,NaN,NaN,insufficient_clean_prebaseline,insufficient_clean_prebaseline,NaN,NaN,NaN,1,0,Awake_immobile,d2e65164f5640b4b97649714fbbd3e5ab5bc26c3243e44683d98e840ef89b657
/Users/zcm361/Documents/Github/OxygenDynamicsV2/reference-validation/surge-FB2312-recheck-20260909/Recording,sink,4,10,43,530,536,531,533,474,20,18,0,2,0,NaN,NaN,insufficient_clean_prebaseline,insufficient_clean_prebaseline,NaN,NaN,NaN,1,0,Awake_immobile,d2e65164f5640b4b97649714fbbd3e5ab5bc26c3243e44683d98e840ef89b657
/Users/zcm361/Documents/Github/OxygenDynamicsV2/reference-validation/surge-FB2312-recheck-20260909/Recording,sink,4,11,44,541,548,544,548,685,20,17,0,3,0,NaN,NaN,insufficient_clean_prebaseline,insufficient_clean_prebaseline,NaN,NaN,NaN,1,0,Awake_immobile,d2e65164f5640b4b97649714fbbd3e5ab5bc26c3243e44683d98e840ef89b657
/Users/zcm361/Documents/Github/OxygenDynamicsV2/reference-validation/surge-FB2312-recheck-20260909/Recording,sink,4,12,45,551,569,551,569,2578,20,12,0,8,0,NaN,NaN,insufficient_clean_prebaseline,insufficient_clean_prebaseline,NaN,NaN,NaN,1,0,Awake_immobile,d2e65164f5640b4b97649714fbbd3e5ab5bc26c3243e44683d98e840ef89b657
/Users/zcm361/Documents/Github/OxygenDynamicsV2/reference-validation/surge-FB2312-recheck-20260909/Recording,sink,4,13,46,845,852,847,849,752,20,9,0,11,0,NaN,NaN,insufficient_clean_prebaseline,insufficient_clean_prebaseline,NaN,NaN,NaN,1,0,Awake_immobile,d2e65164f5640b4b97649714fbbd3e5ab5bc26c3243e44683d98e840ef89b657
/Users/zcm361/Documents/Github/OxygenDynamicsV2/reference-validation/surge-FB2312-recheck-20260909/Recording,sink,4,14,47,855,870,860,869,1926,20,16,0,4,0,NaN,NaN,insufficient_clean_prebaseline,insufficient_clean_prebaseline,NaN,NaN,NaN,1,0,Awake_immobile,d2e65164f5640b4b97649714fbbd3e5ab5bc26c3243e44683d98e840ef89b657
/Users/zcm361/Documents/Github/OxygenDynamicsV2/reference-validation/surge-FB2312-recheck-20260909/Recording,sink,4,15,48,877,886,877,885,2501,20,10,0,10,0,NaN,NaN,insufficient_clean_prebaseline,insufficient_clean_prebaseline,NaN,NaN,NaN,1,0,Awake_immobile,d2e65164f5640b4b97649714fbbd3e5ab5bc26c3243e44683d98e840ef89b657
/Users/zcm361/Documents/Github/OxygenDynamicsV2/reference-validation/surge-FB2312-recheck-20260909/Recording,sink,4,16,49,888,899,890,898,2198,20,9,0,11,0,NaN,NaN,insufficient_clean_prebaseline,insufficient_clean_prebaseline,NaN,NaN,NaN,1,0,Awake_immobile,d2e65164f5640b4b97649714fbbd3e5ab5bc26c3243e44683d98e840ef89b657
/Users/zcm361/Documents/Github/OxygenDynamicsV2/reference-validation/surge-FB2312-recheck-20260909/Recording,sink,4,17,50,944,953,945,953,1741,20,20,0,0,0,4412.17326249282,4412.17326249282,valid,valid,0.0983581902955775,0.0983581902955775,0,1,0,Awake_immobile,d2e65164f5640b4b97649714fbbd3e5ab5bc26c3243e44683d98e840ef89b657
/Users/zcm361/Documents/Github/OxygenDynamicsV2/reference-validation/surge-FB2312-recheck-20260909/Recording,sink,4,18,51,957,964,959,964,985,20,11,0,9,0,NaN,NaN,insufficient_clean_prebaseline,insufficient_clean_prebaseline,NaN,NaN,NaN,1,0,Awake_immobile,d2e65164f5640b4b97649714fbbd3e5ab5bc26c3243e44683d98e840ef89b657
/Users/zcm361/Documents/Github/OxygenDynamicsV2/reference-validation/surge-FB2312-recheck-20260909/Recording,sink,4,19,52,969,976,969,975,1228,20,9,0,11,0,NaN,NaN,insufficient_clean_prebaseline,insufficient_clean_prebaseline,NaN,NaN,NaN,1,0,Awake_immobile,d2e65164f5640b4b97649714fbbd3e5ab5bc26c3243e44683d98e840ef89b657
/Users/zcm361/Documents/Github/OxygenDynamicsV2/reference-validation/surge-FB2312-recheck-20260909/Recording,sink,4,20,53,977,987,977,987,561,20,9,0,11,0,NaN,NaN,insufficient_clean_prebaseline,insufficient_clean_prebaseline,NaN,NaN,NaN,1,0,Awake_immobile,d2e65164f5640b4b97649714fbbd3e5ab5bc26c3243e44683d98e840ef89b657
/Users/zcm361/Documents/Github/OxygenDynamicsV2/reference-validation/surge-FB2312-recheck-20260909/Recording,sink,4,21,54,1029,1036,1029,1036,1581,20,20,0,0,0,4364.98096141683,4364.98096141683,valid,valid,0.118016922360442,0.118016922360442,0,1,0,Awake_immobile,d2e65164f5640b4b97649714fbbd3e5ab5bc26c3243e44683d98e840ef89b657
/Users/zcm361/Documents/Github/OxygenDynamicsV2/reference-validation/surge-FB2312-recheck-20260909/Recording,sink,4,22,55,1038,1058,1038,1058,2540,20,12,0,8,0,NaN,NaN,insufficient_clean_prebaseline,insufficient_clean_prebaseline,NaN,NaN,NaN,1,0,Awake_immobile,d2e65164f5640b4b97649714fbbd3e5ab5bc26c3243e44683d98e840ef89b657
/Users/zcm361/Documents/Github/OxygenDynamicsV2/reference-validation/surge-FB2312-recheck-20260909/Recording,sink,4,23,56,1068,1073,1068,1073,520,20,12,0,8,0,NaN,NaN,insufficient_clean_prebaseline,insufficient_clean_prebaseline,NaN,NaN,NaN,1,0,Awake_immobile,d2e65164f5640b4b97649714fbbd3e5ab5bc26c3243e44683d98e840ef89b657
/Users/zcm361/Documents/Github/OxygenDynamicsV2/reference-validation/surge-FB2312-recheck-20260909/Recording,sink,4,24,57,1079,1084,1079,1084,1270,20,14,0,6,0,NaN,NaN,insufficient_clean_prebaseline,insufficient_clean_prebaseline,NaN,NaN,NaN,1,0,Awake_immobile,d2e65164f5640b4b97649714fbbd3e5ab5bc26c3243e44683d98e840ef89b657
/Users/zcm361/Documents/Github/OxygenDynamicsV2/reference-validation/surge-FB2312-recheck-20260909/Recording,sink,4,25,58,1087,1091,1087,1091,1633,20,8,0,12,0,NaN,NaN,insufficient_clean_prebaseline,insufficient_clean_prebaseline,NaN,NaN,NaN,1,0,Awake_immobile,d2e65164f5640b4b97649714fbbd3e5ab5bc26c3243e44683d98e840ef89b657
/Users/zcm361/Documents/Github/OxygenDynamicsV2/reference-validation/surge-FB2312-recheck-20260909/Recording,sink,4,26,59,1100,1120,1101,1112,1945,20,10,0,10,0,NaN,NaN,insufficient_clean_prebaseline,insufficient_clean_prebaseline,NaN,NaN,NaN,1,0,Awake_immobile,d2e65164f5640b4b97649714fbbd3e5ab5bc26c3243e44683d98e840ef89b657
/Users/zcm361/Documents/Github/OxygenDynamicsV2/reference-validation/surge-FB2312-recheck-20260909/Recording,sink,5,1,60,205,216,210,215,733,20,20,0,0,0,6205.15252387449,6205.15252387449,valid,valid,0.109468459165476,0.109468459165476,0,1,0,Awake_immobile,d2e65164f5640b4b97649714fbbd3e5ab5bc26c3243e44683d98e840ef89b657
/Users/zcm361/Documents/Github/OxygenDynamicsV2/reference-validation/surge-FB2312-recheck-20260909/Recording,sink,5,2,61,227,232,228,231,1430,20,14,0,6,0,NaN,NaN,insufficient_clean_prebaseline,insufficient_clean_prebaseline,NaN,NaN,NaN,1,0,Awake_immobile,d2e65164f5640b4b97649714fbbd3e5ab5bc26c3243e44683d98e840ef89b657
/Users/zcm361/Documents/Github/OxygenDynamicsV2/reference-validation/surge-FB2312-recheck-20260909/Recording,sink,5,3,62,238,250,238,250,2255,20,16,0,4,0,NaN,NaN,insufficient_clean_prebaseline,insufficient_clean_prebaseline,NaN,NaN,NaN,1,0,Awake_immobile,d2e65164f5640b4b97649714fbbd3e5ab5bc26c3243e44683d98e840ef89b657
/Users/zcm361/Documents/Github/OxygenDynamicsV2/reference-validation/surge-FB2312-recheck-20260909/Recording,sink,5,4,63,281,289,284,288,877,20,20,0,0,0,6965.76681870011,6965.76681870011,valid,valid,0.117949607769876,0.117949607769876,0,1,0,Awake_immobile,d2e65164f5640b4b97649714fbbd3e5ab5bc26c3243e44683d98e840ef89b657
/Users/zcm361/Documents/Github/OxygenDynamicsV2/reference-validation/surge-FB2312-recheck-20260909/Recording,sink,5,5,64,299,301,299,301,382,20,15,0,5,0,NaN,NaN,insufficient_clean_prebaseline,insufficient_clean_prebaseline,NaN,NaN,NaN,1,0,Awake_immobile,d2e65164f5640b4b97649714fbbd3e5ab5bc26c3243e44683d98e840ef89b657
/Users/zcm361/Documents/Github/OxygenDynamicsV2/reference-validation/surge-FB2312-recheck-20260909/Recording,sink,5,6,65,304,309,304,308,536,20,12,0,8,0,NaN,NaN,insufficient_clean_prebaseline,insufficient_clean_prebaseline,NaN,NaN,NaN,1,0,Awake_immobile,d2e65164f5640b4b97649714fbbd3e5ab5bc26c3243e44683d98e840ef89b657
/Users/zcm361/Documents/Github/OxygenDynamicsV2/reference-validation/surge-FB2312-recheck-20260909/Recording,sink,5,7,66,405,412,408,410,424,20,20,0,0,0,6557.94103773585,6557.94103773585,valid,valid,0.07480416763919,0.07480416763919,0,1,0,Awake_immobile,d2e65164f5640b4b97649714fbbd3e5ab5bc26c3243e44683d98e840ef89b657
/Users/zcm361/Documents/Github/OxygenDynamicsV2/reference-validation/surge-FB2312-recheck-20260909/Recording,sink,5,8,67,1050,1058,1051,1058,1525,20,20,0,0,0,6177.48026229508,6177.48026229508,valid,valid,0.101444449089084,0.101444449089084,0,1,0,Awake_immobile,d2e65164f5640b4b97649714fbbd3e5ab5bc26c3243e44683d98e840ef89b657
/Users/zcm361/Documents/Github/OxygenDynamicsV2/reference-validation/surge-FB2312-recheck-20260909/Recording,sink,5,9,68,1066,1076,1069,1072,726,20,12,0,8,0,NaN,NaN,insufficient_clean_prebaseline,insufficient_clean_prebaseline,NaN,NaN,NaN,1,0,Awake_immobile,d2e65164f5640b4b97649714fbbd3e5ab5bc26c3243e44683d98e840ef89b657
/Users/zcm361/Documents/Github/OxygenDynamicsV2/reference-validation/surge-FB2312-recheck-20260909/Recording,sink,5,10,69,1139,1143,1140,1142,525,20,20,0,0,0,6827.31476190476,6827.31476190476,valid,valid,0.054793974986052,0.054793974986052,0,1,0,Awake_immobile,d2e65164f5640b4b97649714fbbd3e5ab5bc26c3243e44683d98e840ef89b657
/Users/zcm361/Documents/Github/OxygenDynamicsV2/reference-validation/surge-FB2312-recheck-20260909/Recording,sink,5,11,70,1179,1184,1180,1183,352,20,20,0,0,0,6770.22670454545,6770.22670454545,valid,valid,0.104170507919912,0.104170507919912,0,1,0,Awake_immobile,d2e65164f5640b4b97649714fbbd3e5ab5bc26c3243e44683d98e840ef89b657
/Users/zcm361/Documents/Github/OxygenDynamicsV2/reference-validation/surge-FB2312-recheck-20260909/Recording,sink,6,1,71,25,31,27,29,305,20,6,0,14,0,NaN,NaN,insufficient_clean_prebaseline,insufficient_clean_prebaseline,NaN,NaN,NaN,1,0,Awake_immobile,d2e65164f5640b4b97649714fbbd3e5ab5bc26c3243e44683d98e840ef89b657
/Users/zcm361/Documents/Github/OxygenDynamicsV2/reference-validation/surge-FB2312-recheck-20260909/Recording,sink,6,2,72,272,279,272,274,480,20,20,0,0,0,585.116666666667,585.116666666667,valid,valid,0.0129140912068816,0.0129140912068816,0,1,0,Awake_immobile,d2e65164f5640b4b97649714fbbd3e5ab5bc26c3243e44683d98e840ef89b657
/Users/zcm361/Documents/Github/OxygenDynamicsV2/reference-validation/surge-FB2312-recheck-20260909/Recording,sink,6,3,73,356,368,358,368,547,20,20,0,0,0,583.443967093236,583.443967093236,valid,valid,0.00390372554570599,0.00390372554570599,0,1,0,Awake_immobile,d2e65164f5640b4b97649714fbbd3e5ab5bc26c3243e44683d98e840ef89b657
/Users/zcm361/Documents/Github/OxygenDynamicsV2/reference-validation/surge-FB2312-recheck-20260909/Recording,sink,6,4,74,375,395,375,380,843,20,9,0,11,0,NaN,NaN,insufficient_clean_prebaseline,insufficient_clean_prebaseline,NaN,NaN,NaN,1,0,Awake_immobile,d2e65164f5640b4b97649714fbbd3e5ab5bc26c3243e44683d98e840ef89b657
/Users/zcm361/Documents/Github/OxygenDynamicsV2/reference-validation/surge-FB2312-recheck-20260909/Recording,sink,6,5,75,448,462,460,462,1163,20,9,0,11,0,NaN,NaN,insufficient_clean_prebaseline,insufficient_clean_prebaseline,NaN,NaN,NaN,1,0,Awake_immobile,d2e65164f5640b4b97649714fbbd3e5ab5bc26c3243e44683d98e840ef89b657
/Users/zcm361/Documents/Github/OxygenDynamicsV2/reference-validation/surge-FB2312-recheck-20260909/Recording,sink,6,6,76,466,469,466,468,1363,20,17,0,3,0,NaN,NaN,insufficient_clean_prebaseline,insufficient_clean_prebaseline,NaN,NaN,NaN,1,0,Awake_immobile,d2e65164f5640b4b97649714fbbd3e5ab5bc26c3243e44683d98e840ef89b657
/Users/zcm361/Documents/Github/OxygenDynamicsV2/reference-validation/surge-FB2312-recheck-20260909/Recording,sink,6,7,77,511,530,513,515,1225,20,8,0,12,0,NaN,NaN,insufficient_clean_prebaseline,insufficient_clean_prebaseline,NaN,NaN,NaN,1,0,Awake_immobile,d2e65164f5640b4b97649714fbbd3e5ab5bc26c3243e44683d98e840ef89b657
/Users/zcm361/Documents/Github/OxygenDynamicsV2/reference-validation/surge-FB2312-recheck-20260909/Recording,sink,6,8,78,604,611,605,609,1218,20,20,0,0,0,587.489244663383,587.489244663383,valid,valid,0.0100507028113154,0.0100507028113154,0,1,0,Awake_immobile,d2e65164f5640b4b97649714fbbd3e5ab5bc26c3243e44683d98e840ef89b657
/Users/zcm361/Documents/Github/OxygenDynamicsV2/reference-validation/surge-FB2312-recheck-20260909/Recording,sink,6,9,79,633,640,636,639,1447,20,20,0,0,0,588.195680718728,588.195680718728,valid,valid,0.00890257257165449,0.00890257257165449,0,1,0,Awake_immobile,d2e65164f5640b4b97649714fbbd3e5ab5bc26c3243e44683d98e840ef89b657
/Users/zcm361/Documents/Github/OxygenDynamicsV2/reference-validation/surge-FB2312-recheck-20260909/Recording,sink,6,10,80,758,767,763,766,1062,20,20,0,0,0,586.535169491525,586.535169491525,valid,valid,0.016730364656241,0.016730364656241,0,1,0,Awake_immobile,d2e65164f5640b4b97649714fbbd3e5ab5bc26c3243e44683d98e840ef89b657
/Users/zcm361/Documents/Github/OxygenDynamicsV2/reference-validation/surge-FB2312-recheck-20260909/Recording,sink,6,11,81,782,784,782,784,986,20,16,0,4,0,NaN,NaN,insufficient_clean_prebaseline,insufficient_clean_prebaseline,NaN,NaN,NaN,1,0,Awake_immobile,d2e65164f5640b4b97649714fbbd3e5ab5bc26c3243e44683d98e840ef89b657
/Users/zcm361/Documents/Github/OxygenDynamicsV2/reference-validation/surge-FB2312-recheck-20260909/Recording,sink,6,12,82,839,847,839,842,1357,20,20,0,0,0,583.418901989683,583.418901989683,valid,valid,0.0126265718638556,0.0126265718638556,0,1,0,Awake_immobile,d2e65164f5640b4b97649714fbbd3e5ab5bc26c3243e44683d98e840ef89b657
/Users/zcm361/Documents/Github/OxygenDynamicsV2/reference-validation/surge-FB2312-recheck-20260909/Recording,sink,6,13,83,871,877,875,877,819,20,20,0,0,0,576.697619047619,576.697619047619,valid,valid,0.00309613058309462,0.00309613058309462,0,1,0,Awake_immobile,d2e65164f5640b4b97649714fbbd3e5ab5bc26c3243e44683d98e840ef89b657
/Users/zcm361/Documents/Github/OxygenDynamicsV2/reference-validation/surge-FB2312-recheck-20260909/Recording,sink,6,14,84,914,918,916,918,1094,20,20,0,0,0,581.739351005485,581.739351005485,valid,valid,0.0142402963689945,0.0142402963689945,0,1,0,Awake_immobile,d2e65164f5640b4b97649714fbbd3e5ab5bc26c3243e44683d98e840ef89b657
/Users/zcm361/Documents/Github/OxygenDynamicsV2/reference-validation/surge-FB2312-recheck-20260909/Recording,sink,6,15,85,938,946,941,944,460,20,19,0,1,0,NaN,NaN,insufficient_clean_prebaseline,insufficient_clean_prebaseline,NaN,NaN,NaN,1,0,Awake_immobile,d2e65164f5640b4b97649714fbbd3e5ab5bc26c3243e44683d98e840ef89b657
/Users/zcm361/Documents/Github/OxygenDynamicsV2/reference-validation/surge-FB2312-recheck-20260909/Recording,sink,6,16,86,1017,1029,1025,1028,1205,20,20,0,0,0,573.789751037344,573.789751037344,valid,valid,0.0042689888940335,0.0042689888940335,0,1,0,Awake_immobile,d2e65164f5640b4b97649714fbbd3e5ab5bc26c3243e44683d98e840ef89b657
/Users/zcm361/Documents/Github/OxygenDynamicsV2/reference-validation/surge-FB2312-recheck-20260909/Recording,sink,6,17,87,1135,1140,1136,1139,1110,20,20,0,0,0,571.897792792793,571.897792792793,valid,valid,0.00505279915590047,0.00505279915590047,0,1,0,Awake_immobile,d2e65164f5640b4b97649714fbbd3e5ab5bc26c3243e44683d98e840ef89b657
/Users/zcm361/Documents/Github/OxygenDynamicsV2/reference-validation/surge-FB2312-recheck-20260909/Recording,sink,6,18,88,1143,1147,1145,1147,1510,20,16,0,4,0,NaN,NaN,insufficient_clean_prebaseline,insufficient_clean_prebaseline,NaN,NaN,NaN,1,0,Awake_immobile,d2e65164f5640b4b97649714fbbd3e5ab5bc26c3243e44683d98e840ef89b657
/Users/zcm361/Documents/Github/OxygenDynamicsV2/reference-validation/surge-FB2312-recheck-20260909/Recording,sink,6,19,89,1149,1160,1149,1153,877,20,13,0,7,0,NaN,NaN,insufficient_clean_prebaseline,insufficient_clean_prebaseline,NaN,NaN,NaN,1,0,Awake_immobile,d2e65164f5640b4b97649714fbbd3e5ab5bc26c3243e44683d98e840ef89b657
/Users/zcm361/Documents/Github/OxygenDynamicsV2/reference-validation/surge-FB2312-recheck-20260909/Recording,sink,7,1,90,37,42,40,42,1309,20,12,0,8,0,NaN,NaN,insufficient_clean_prebaseline,insufficient_clean_prebaseline,NaN,NaN,NaN,1,0,Awake_immobile,d2e65164f5640b4b97649714fbbd3e5ab5bc26c3243e44683d98e840ef89b657
/Users/zcm361/Documents/Github/OxygenDynamicsV2/reference-validation/surge-FB2312-recheck-20260909/Recording,sink,7,2,91,54,59,54,59,1186,20,17,0,3,0,NaN,NaN,insufficient_clean_prebaseline,insufficient_clean_prebaseline,NaN,NaN,NaN,1,0,Awake_immobile,d2e65164f5640b4b97649714fbbd3e5ab5bc26c3243e44683d98e840ef89b657
/Users/zcm361/Documents/Github/OxygenDynamicsV2/reference-validation/surge-FB2312-recheck-20260909/Recording,sink,7,3,92,63,68,63,67,1324,20,14,0,6,0,NaN,NaN,insufficient_clean_prebaseline,insufficient_clean_prebaseline,NaN,NaN,NaN,1,0,Awake_immobile,d2e65164f5640b4b97649714fbbd3e5ab5bc26c3243e44683d98e840ef89b657
/Users/zcm361/Documents/Github/OxygenDynamicsV2/reference-validation/surge-FB2312-recheck-20260909/Recording,sink,7,4,93,105,112,109,111,1192,20,20,0,0,0,489.664345637584,489.664345637584,valid,valid,0.00852333616422277,0.00852333616422277,0,1,0,Awake_immobile,d2e65164f5640b4b97649714fbbd3e5ab5bc26c3243e44683d98e840ef89b657
/Users/zcm361/Documents/Github/OxygenDynamicsV2/reference-validation/surge-FB2312-recheck-20260909/Recording,sink,7,5,94,153,158,154,156,1654,20,20,0,0,0,500.909220072551,500.909220072551,valid,valid,0.00634499163763676,0.00634499163763676,0,1,0,Awake_immobile,d2e65164f5640b4b97649714fbbd3e5ab5bc26c3243e44683d98e840ef89b657
/Users/zcm361/Documents/Github/OxygenDynamicsV2/reference-validation/surge-FB2312-recheck-20260909/Recording,sink,7,6,95,233,236,233,236,1087,20,18,0,2,0,NaN,NaN,insufficient_clean_prebaseline,insufficient_clean_prebaseline,NaN,NaN,NaN,1,0,Awake_immobile,d2e65164f5640b4b97649714fbbd3e5ab5bc26c3243e44683d98e840ef89b657
/Users/zcm361/Documents/Github/OxygenDynamicsV2/reference-validation/surge-FB2312-recheck-20260909/Recording,sink,7,7,96,250,256,250,256,1249,20,16,0,4,0,NaN,NaN,insufficient_clean_prebaseline,insufficient_clean_prebaseline,NaN,NaN,NaN,1,0,Awake_immobile,d2e65164f5640b4b97649714fbbd3e5ab5bc26c3243e44683d98e840ef89b657
/Users/zcm361/Documents/Github/OxygenDynamicsV2/reference-validation/surge-FB2312-recheck-20260909/Recording,sink,7,8,97,261,264,261,264,1097,20,13,0,7,0,NaN,NaN,insufficient_clean_prebaseline,insufficient_clean_prebaseline,NaN,NaN,NaN,1,0,Awake_immobile,d2e65164f5640b4b97649714fbbd3e5ab5bc26c3243e44683d98e840ef89b657
/Users/zcm361/Documents/Github/OxygenDynamicsV2/reference-validation/surge-FB2312-recheck-20260909/Recording,sink,7,9,98,269,279,269,271,1111,20,9,0,11,0,NaN,NaN,insufficient_clean_prebaseline,insufficient_clean_prebaseline,NaN,NaN,NaN,1,0,Awake_immobile,d2e65164f5640b4b97649714fbbd3e5ab5bc26c3243e44683d98e840ef89b657
/Users/zcm361/Documents/Github/OxygenDynamicsV2/reference-validation/surge-FB2312-recheck-20260909/Recording,sink,7,10,99,346,350,347,349,1234,20,12,0,8,0,NaN,NaN,insufficient_clean_prebaseline,insufficient_clean_prebaseline,NaN,NaN,NaN,1,0,Awake_immobile,d2e65164f5640b4b97649714fbbd3e5ab5bc26c3243e44683d98e840ef89b657
/Users/zcm361/Documents/Github/OxygenDynamicsV2/reference-validation/surge-FB2312-recheck-20260909/Recording,sink,7,11,100,356,370,356,370,1263,20,17,0,3,0,NaN,NaN,insufficient_clean_prebaseline,insufficient_clean_prebaseline,NaN,NaN,NaN,1,0,Awake_immobile,d2e65164f5640b4b97649714fbbd3e5ab5bc26c3243e44683d98e840ef89b657
/Users/zcm361/Documents/Github/OxygenDynamicsV2/reference-validation/surge-FB2312-recheck-20260909/Recording,sink,7,12,101,376,380,376,380,1150,20,5,0,15,0,NaN,NaN,insufficient_clean_prebaseline,insufficient_clean_prebaseline,NaN,NaN,NaN,1,0,Awake_immobile,d2e65164f5640b4b97649714fbbd3e5ab5bc26c3243e44683d98e840ef89b657
/Users/zcm361/Documents/Github/OxygenDynamicsV2/reference-validation/surge-FB2312-recheck-20260909/Recording,sink,7,13,102,390,395,390,393,1083,20,14,0,6,0,NaN,NaN,insufficient_clean_prebaseline,insufficient_clean_prebaseline,NaN,NaN,NaN,1,0,Awake_immobile,d2e65164f5640b4b97649714fbbd3e5ab5bc26c3243e44683d98e840ef89b657
/Users/zcm361/Documents/Github/OxygenDynamicsV2/reference-validation/surge-FB2312-recheck-20260909/Recording,sink,7,14,103,448,469,459,468,1330,20,9,0,11,0,NaN,NaN,insufficient_clean_prebaseline,insufficient_clean_prebaseline,NaN,NaN,NaN,1,0,Awake_immobile,d2e65164f5640b4b97649714fbbd3e5ab5bc26c3243e44683d98e840ef89b657
/Users/zcm361/Documents/Github/OxygenDynamicsV2/reference-validation/surge-FB2312-recheck-20260909/Recording,sink,7,15,104,511,530,526,528,1228,20,8,0,12,0,NaN,NaN,insufficient_clean_prebaseline,insufficient_clean_prebaseline,NaN,NaN,NaN,1,0,Awake_immobile,d2e65164f5640b4b97649714fbbd3e5ab5bc26c3243e44683d98e840ef89b657
/Users/zcm361/Documents/Github/OxygenDynamicsV2/reference-validation/surge-FB2312-recheck-20260909/Recording,sink,7,16,105,604,611,606,609,1242,20,20,0,0,0,517.960869565218,517.960869565218,valid,valid,0.00114626382348487,0.00114626382348487,0,1,0,Awake_immobile,d2e65164f5640b4b97649714fbbd3e5ab5bc26c3243e44683d98e840ef89b657
/Users/zcm361/Documents/Github/OxygenDynamicsV2/reference-validation/surge-FB2312-recheck-20260909/Recording,sink,7,17,106,616,620,618,620,1031,20,16,0,4,0,NaN,NaN,insufficient_clean_prebaseline,insufficient_clean_prebaseline,NaN,NaN,NaN,1,0,Awake_immobile,d2e65164f5640b4b97649714fbbd3e5ab5bc26c3243e44683d98e840ef89b657
/Users/zcm361/Documents/Github/OxygenDynamicsV2/reference-validation/surge-FB2312-recheck-20260909/Recording,sink,7,18,107,624,630,624,626,1242,20,13,0,7,0,NaN,NaN,insufficient_clean_prebaseline,insufficient_clean_prebaseline,NaN,NaN,NaN,1,0,Awake_immobile,d2e65164f5640b4b97649714fbbd3e5ab5bc26c3243e44683d98e840ef89b657
/Users/zcm361/Documents/Github/OxygenDynamicsV2/reference-validation/surge-FB2312-recheck-20260909/Recording,sink,7,19,108,633,640,636,639,1144,20,14,0,6,0,NaN,NaN,insufficient_clean_prebaseline,insufficient_clean_prebaseline,NaN,NaN,NaN,1,0,Awake_immobile,d2e65164f5640b4b97649714fbbd3e5ab5bc26c3243e44683d98e840ef89b657
/Users/zcm361/Documents/Github/OxygenDynamicsV2/reference-validation/surge-FB2312-recheck-20260909/Recording,sink,7,20,109,734,744,737,739,917,20,20,0,0,0,513.085932388222,513.085932388222,valid,valid,-0.00011944744716165,-0.00011944744716165,0,1,1,Awake_immobile,d2e65164f5640b4b97649714fbbd3e5ab5bc26c3243e44683d98e840ef89b657
/Users/zcm361/Documents/Github/OxygenDynamicsV2/reference-validation/surge-FB2312-recheck-20260909/Recording,sink,7,21,110,758,767,760,766,1299,20,18,0,2,0,NaN,NaN,insufficient_clean_prebaseline,insufficient_clean_prebaseline,NaN,NaN,NaN,1,0,Awake_immobile,d2e65164f5640b4b97649714fbbd3e5ab5bc26c3243e44683d98e840ef89b657
/Users/zcm361/Documents/Github/OxygenDynamicsV2/reference-validation/surge-FB2312-recheck-20260909/Recording,sink,7,22,111,791,797,792,796,1121,20,20,0,0,0,519.18233719893,519.18233719893,valid,valid,0.00803844101254394,0.00803844101254394,0,1,0,Awake_immobile,d2e65164f5640b4b97649714fbbd3e5ab5bc26c3243e44683d98e840ef89b657
/Users/zcm361/Documents/Github/OxygenDynamicsV2/reference-validation/surge-FB2312-recheck-20260909/Recording,sink,7,23,112,825,834,827,832,1261,20,20,0,0,0,518.108366375892,518.108366375892,valid,valid,0.00303925407905405,0.00303925407905405,0,1,0,Awake_immobile,d2e65164f5640b4b97649714fbbd3e5ab5bc26c3243e44683d98e840ef89b657
/Users/zcm361/Documents/Github/OxygenDynamicsV2/reference-validation/surge-FB2312-recheck-20260909/Recording,sink,7,24,113,839,847,840,847,1433,20,14,0,6,0,NaN,NaN,insufficient_clean_prebaseline,insufficient_clean_prebaseline,NaN,NaN,NaN,1,0,Awake_immobile,d2e65164f5640b4b97649714fbbd3e5ab5bc26c3243e44683d98e840ef89b657
/Users/zcm361/Documents/Github/OxygenDynamicsV2/reference-validation/surge-FB2312-recheck-20260909/Recording,sink,7,25,114,853,861,855,857,1140,20,12,0,8,0,NaN,NaN,insufficient_clean_prebaseline,insufficient_clean_prebaseline,NaN,NaN,NaN,1,0,Awake_immobile,d2e65164f5640b4b97649714fbbd3e5ab5bc26c3243e44683d98e840ef89b657
/Users/zcm361/Documents/Github/OxygenDynamicsV2/reference-validation/surge-FB2312-recheck-20260909/Recording,sink,7,26,115,903,911,904,906,1156,20,20,0,0,0,515.194333910035,515.194333910035,valid,valid,0.0075149691977185,0.0075149691977185,0,1,0,Awake_immobile,d2e65164f5640b4b97649714fbbd3e5ab5bc26c3243e44683d98e840ef89b657
/Users/zcm361/Documents/Github/OxygenDynamicsV2/reference-validation/surge-FB2312-recheck-20260909/Recording,sink,7,27,116,1017,1029,1019,1022,633,20,20,0,0,0,505.831042654029,505.831042654029,valid,valid,0.00688042342220389,0.00688042342220389,0,1,0,Awake_immobile,d2e65164f5640b4b97649714fbbd3e5ab5bc26c3243e44683d98e840ef89b657
/Users/zcm361/Documents/Github/OxygenDynamicsV2/reference-validation/surge-FB2312-recheck-20260909/Recording,sink,7,28,117,1143,1160,1156,1159,1418,20,20,0,0,0,509.075952045134,509.075952045134,valid,valid,0.0121001061548918,0.0121001061548918,0,1,0,Awake_immobile,d2e65164f5640b4b97649714fbbd3e5ab5bc26c3243e44683d98e840ef89b657
/Users/zcm361/Documents/Github/OxygenDynamicsV2/reference-validation/surge-FB2312-recheck-20260909/Recording,sink,8,1,118,506,517,515,517,415,20,20,0,0,0,8855.07795180723,8855.07795180723,valid,valid,0.063460789845353,0.063460789845353,0,1,0,Awake_immobile,d2e65164f5640b4b97649714fbbd3e5ab5bc26c3243e44683d98e840ef89b657
/Users/zcm361/Documents/Github/OxygenDynamicsV2/reference-validation/surge-FB2312-recheck-20260909/Recording,sink,8,2,119,522,526,522,524,199,20,17,0,3,0,NaN,NaN,insufficient_clean_prebaseline,insufficient_clean_prebaseline,NaN,NaN,NaN,1,0,Awake_immobile,d2e65164f5640b4b97649714fbbd3e5ab5bc26c3243e44683d98e840ef89b657
/Users/zcm361/Documents/Github/OxygenDynamicsV2/reference-validation/surge-FB2312-recheck-20260909/Recording,sink,8,3,120,894,906,899,902,292,20,20,0,0,0,8459.84606164384,8459.84606164384,valid,valid,0.064157248400335,0.064157248400335,0,1,0,Awake_immobile,d2e65164f5640b4b97649714fbbd3e5ab5bc26c3243e44683d98e840ef89b657
/Users/zcm361/Documents/Github/OxygenDynamicsV2/reference-validation/surge-FB2312-recheck-20260909/Recording,sink,8,4,121,1009,1017,1011,1014,376,20,20,0,0,0,7213.37965425532,7213.37965425532,valid,valid,0.0747686198897347,0.0747686198897347,0,1,0,Awake_immobile,d2e65164f5640b4b97649714fbbd3e5ab5bc26c3243e44683d98e840ef89b657
/Users/zcm361/Documents/Github/OxygenDynamicsV2/reference-validation/surge-FB2312-recheck-20260909/Recording,sink,9,1,122,27,36,32,34,2062,20,18,0,2,0,NaN,NaN,insufficient_clean_prebaseline,insufficient_clean_prebaseline,NaN,NaN,NaN,1,0,Awake_immobile,d2e65164f5640b4b97649714fbbd3e5ab5bc26c3243e44683d98e840ef89b657
/Users/zcm361/Documents/Github/OxygenDynamicsV2/reference-validation/surge-FB2312-recheck-20260909/Recording,sink,10,1,123,42,53,47,51,783,20,20,0,0,0,3123.64463601533,3123.64463601533,valid,valid,0.0114688822891768,0.0114688822891768,0,1,0,Awake_immobile,d2e65164f5640b4b97649714fbbd3e5ab5bc26c3243e44683d98e840ef89b657
/Users/zcm361/Documents/Github/OxygenDynamicsV2/reference-validation/surge-FB2312-recheck-20260909/Recording,sink,10,2,124,209,233,209,217,973,20,20,0,0,0,4295.94964028777,4295.94964028777,valid,valid,0.0652628410948527,0.0652628410948527,0,1,0,Awake_immobile,d2e65164f5640b4b97649714fbbd3e5ab5bc26c3243e44683d98e840ef89b657
/Users/zcm361/Documents/Github/OxygenDynamicsV2/reference-validation/surge-FB2312-recheck-20260909/Recording,sink,11,1,125,48,50,48,50,288,20,20,0,0,0,3357.37309027778,3357.37309027778,valid,valid,0.0251689521026717,0.0251689521026717,0,1,0,Awake_immobile,d2e65164f5640b4b97649714fbbd3e5ab5bc26c3243e44683d98e840ef89b657
/Users/zcm361/Documents/Github/OxygenDynamicsV2/reference-validation/surge-FB2312-recheck-20260909/Recording,sink,11,2,126,71,118,74,118,1503,20,20,0,0,0,3222.42332002661,3222.42332002661,valid,valid,0.0644851867339064,0.0644851867339064,0,1,0,Awake_immobile,d2e65164f5640b4b97649714fbbd3e5ab5bc26c3243e44683d98e840ef89b657
/Users/zcm361/Documents/Github/OxygenDynamicsV2/reference-validation/surge-FB2312-recheck-20260909/Recording,sink,11,3,127,121,128,121,124,762,20,3,0,17,0,NaN,NaN,insufficient_clean_prebaseline,insufficient_clean_prebaseline,NaN,NaN,NaN,1,0,Awake_immobile,d2e65164f5640b4b97649714fbbd3e5ab5bc26c3243e44683d98e840ef89b657
/Users/zcm361/Documents/Github/OxygenDynamicsV2/reference-validation/surge-FB2312-recheck-20260909/Recording,sink,11,4,128,271,289,279,283,476,20,20,0,0,0,4463.31092436975,4463.31092436975,valid,valid,0.235939047396702,0.235939047396702,0,1,0,Awake_immobile,d2e65164f5640b4b97649714fbbd3e5ab5bc26c3243e44683d98e840ef89b657
/Users/zcm361/Documents/Github/OxygenDynamicsV2/reference-validation/surge-FB2312-recheck-20260909/Recording,sink,11,5,129,636,654,646,654,632,20,16,0,4,0,NaN,NaN,insufficient_clean_prebaseline,insufficient_clean_prebaseline,NaN,NaN,NaN,1,0,Awake_immobile,d2e65164f5640b4b97649714fbbd3e5ab5bc26c3243e44683d98e840ef89b657
/Users/zcm361/Documents/Github/OxygenDynamicsV2/reference-validation/surge-FB2312-recheck-20260909/Recording,sink,11,6,130,1120,1125,1120,1122,640,20,17,0,3,0,NaN,NaN,insufficient_clean_prebaseline,insufficient_clean_prebaseline,NaN,NaN,NaN,1,0,Awake_immobile,d2e65164f5640b4b97649714fbbd3e5ab5bc26c3243e44683d98e840ef89b657
/Users/zcm361/Documents/Github/OxygenDynamicsV2/reference-validation/surge-FB2312-recheck-20260909/Recording,sink,12,1,131,42,52,48,50,315,20,20,0,0,0,2453.90619047619,2453.90619047619,valid,valid,-0.0103179194247408,-0.0103179194247408,0,1,1,Awake_immobile,d2e65164f5640b4b97649714fbbd3e5ab5bc26c3243e44683d98e840ef89b657
/Users/zcm361/Documents/Github/OxygenDynamicsV2/reference-validation/surge-FB2312-recheck-20260909/Recording,sink,12,2,132,361,374,371,374,1002,20,17,0,3,0,NaN,NaN,insufficient_clean_prebaseline,insufficient_clean_prebaseline,NaN,NaN,NaN,1,0,Awake_immobile,d2e65164f5640b4b97649714fbbd3e5ab5bc26c3243e44683d98e840ef89b657
/Users/zcm361/Documents/Github/OxygenDynamicsV2/reference-validation/surge-FB2312-recheck-20260909/Recording,sink,13,1,133,36,56,51,53,317,20,11,0,9,0,NaN,NaN,insufficient_clean_prebaseline,insufficient_clean_prebaseline,NaN,NaN,NaN,1,0,Awake_immobile,d2e65164f5640b4b97649714fbbd3e5ab5bc26c3243e44683d98e840ef89b657
/Users/zcm361/Documents/Github/OxygenDynamicsV2/reference-validation/surge-FB2312-recheck-20260909/Recording,sink,14,1,134,229,234,231,233,671,20,20,0,0,0,3133.5001490313,3133.5001490313,valid,valid,0.148657748157429,0.148657748157429,0,1,0,Awake_immobile,d2e65164f5640b4b97649714fbbd3e5ab5bc26c3243e44683d98e840ef89b657
/Users/zcm361/Documents/Github/OxygenDynamicsV2/reference-validation/surge-FB2312-recheck-20260909/Recording,sink,14,2,135,246,250,247,249,637,20,17,0,3,0,NaN,NaN,insufficient_clean_prebaseline,insufficient_clean_prebaseline,NaN,NaN,NaN,1,0,Awake_immobile,d2e65164f5640b4b97649714fbbd3e5ab5bc26c3243e44683d98e840ef89b657
/Users/zcm361/Documents/Github/OxygenDynamicsV2/reference-validation/surge-FB2312-recheck-20260909/Recording,sink,14,3,136,361,390,373,375,762,20,20,0,0,0,3701.83471128609,3701.83471128609,valid,valid,0.106554614925376,0.106554614925376,0,1,0,Awake_immobile,d2e65164f5640b4b97649714fbbd3e5ab5bc26c3243e44683d98e840ef89b657
/Users/zcm361/Documents/Github/OxygenDynamicsV2/reference-validation/surge-FB2312-recheck-20260909/Recording,sink,14,4,137,515,522,517,520,417,20,20,0,0,0,4077.86318944844,4077.86318944844,valid,valid,0.077119285241874,0.077119285241874,0,1,0,Awake_immobile,d2e65164f5640b4b97649714fbbd3e5ab5bc26c3243e44683d98e840ef89b657
/Users/zcm361/Documents/Github/OxygenDynamicsV2/reference-validation/surge-FB2312-recheck-20260909/Recording,sink,14,5,138,719,734,728,730,477,20,20,0,0,0,4119.37243186583,4119.37243186583,valid,valid,0.143852512797269,0.143852512797269,0,1,0,Awake_immobile,d2e65164f5640b4b97649714fbbd3e5ab5bc26c3243e44683d98e840ef89b657
/Users/zcm361/Documents/Github/OxygenDynamicsV2/reference-validation/surge-FB2312-recheck-20260909/Recording,sink,14,6,139,765,772,768,772,428,20,20,0,0,0,4021.17348130841,4021.17348130841,valid,valid,0.202584334180823,0.202584334180823,0,1,0,Awake_immobile,d2e65164f5640b4b97649714fbbd3e5ab5bc26c3243e44683d98e840ef89b657
/Users/zcm361/Documents/Github/OxygenDynamicsV2/reference-validation/surge-FB2312-recheck-20260909/Recording,sink,14,7,140,779,782,779,782,595,20,15,0,5,0,NaN,NaN,insufficient_clean_prebaseline,insufficient_clean_prebaseline,NaN,NaN,NaN,1,0,Awake_immobile,d2e65164f5640b4b97649714fbbd3e5ab5bc26c3243e44683d98e840ef89b657
/Users/zcm361/Documents/Github/OxygenDynamicsV2/reference-validation/surge-FB2312-recheck-20260909/Recording,sink,14,8,141,784,790,784,787,947,20,11,0,9,0,NaN,NaN,insufficient_clean_prebaseline,insufficient_clean_prebaseline,NaN,NaN,NaN,1,0,Awake_immobile,d2e65164f5640b4b97649714fbbd3e5ab5bc26c3243e44683d98e840ef89b657
/Users/zcm361/Documents/Github/OxygenDynamicsV2/reference-validation/surge-FB2312-recheck-20260909/Recording,sink,14,9,142,797,806,800,804,461,20,12,0,8,0,NaN,NaN,insufficient_clean_prebaseline,insufficient_clean_prebaseline,NaN,NaN,NaN,1,0,Awake_immobile,d2e65164f5640b4b97649714fbbd3e5ab5bc26c3243e44683d98e840ef89b657
/Users/zcm361/Documents/Github/OxygenDynamicsV2/reference-validation/surge-FB2312-recheck-20260909/Recording,sink,15,1,143,676,691,686,688,562,20,20,0,0,0,5536.7134341637,5536.7134341637,valid,valid,0.176339227285789,0.176339227285789,0,1,0,Awake_immobile,d2e65164f5640b4b97649714fbbd3e5ab5bc26c3243e44683d98e840ef89b657
/Users/zcm361/Documents/Github/OxygenDynamicsV2/reference-validation/surge-FB2312-recheck-20260909/Recording,sink,15,2,144,700,703,700,703,356,20,14,0,6,0,NaN,NaN,insufficient_clean_prebaseline,insufficient_clean_prebaseline,NaN,NaN,NaN,1,0,Awake_immobile,d2e65164f5640b4b97649714fbbd3e5ab5bc26c3243e44683d98e840ef89b657
/Users/zcm361/Documents/Github/OxygenDynamicsV2/reference-validation/surge-FB2312-recheck-20260909/Recording,sink,15,3,145,713,723,713,722,1730,20,16,0,4,0,NaN,NaN,insufficient_clean_prebaseline,insufficient_clean_prebaseline,NaN,NaN,NaN,1,0,Awake_immobile,d2e65164f5640b4b97649714fbbd3e5ab5bc26c3243e44683d98e840ef89b657
/Users/zcm361/Documents/Github/OxygenDynamicsV2/reference-validation/surge-FB2312-recheck-20260909/Recording,sink,15,4,146,1131,1135,1133,1135,1058,20,20,0,0,0,5060.26332703214,5060.26332703214,valid,valid,0.0564854754564393,0.0564854754564393,0,1,0,Awake_immobile,d2e65164f5640b4b97649714fbbd3e5ab5bc26c3243e44683d98e840ef89b657
/Users/zcm361/Documents/Github/OxygenDynamicsV2/reference-validation/surge-FB2312-recheck-20260909/Recording,sink,15,5,147,1179,1185,1182,1184,255,20,20,0,0,0,4576.76588235294,4576.76588235294,valid,valid,0.0973564430675551,0.0973564430675551,0,1,0,Awake_immobile,d2e65164f5640b4b97649714fbbd3e5ab5bc26c3243e44683d98e840ef89b657
/Users/zcm361/Documents/Github/OxygenDynamicsV2/reference-validation/surge-FB2312-recheck-20260909/Recording,sink,16,1,148,67,104,67,85,2272,20,20,0,0,0,5159.21241197183,5159.21241197183,valid,valid,0.111547658329565,0.111547658329565,0,1,0,Awake_immobile,d2e65164f5640b4b97649714fbbd3e5ab5bc26c3243e44683d98e840ef89b657
/Users/zcm361/Documents/Github/OxygenDynamicsV2/reference-validation/surge-FB2312-recheck-20260909/Recording,sink,17,1,149,67,81,68,75,604,20,20,0,0,0,3891.40447019867,3891.40447019867,valid,valid,0.123550576297744,0.123550576297744,0,1,0,Awake_immobile,d2e65164f5640b4b97649714fbbd3e5ab5bc26c3243e44683d98e840ef89b657
/Users/zcm361/Documents/Github/OxygenDynamicsV2/reference-validation/surge-FB2312-recheck-20260909/Recording,sink,17,2,150,113,126,117,119,245,20,20,0,0,0,4384.96448979592,4384.96448979592,valid,valid,0.0920113564319931,0.0920113564319931,0,1,0,Awake_immobile,d2e65164f5640b4b97649714fbbd3e5ab5bc26c3243e44683d98e840ef89b657
/Users/zcm361/Documents/Github/OxygenDynamicsV2/reference-validation/surge-FB2312-recheck-20260909/Recording,sink,17,3,151,279,289,280,289,643,20,20,0,0,0,5539.8433125972,5539.8433125972,valid,valid,0.123550397702154,0.123550397702154,0,1,0,Awake_immobile,d2e65164f5640b4b97649714fbbd3e5ab5bc26c3243e44683d98e840ef89b657
/Users/zcm361/Documents/Github/OxygenDynamicsV2/reference-validation/surge-FB2312-recheck-20260909/Recording,sink,18,1,152,469,477,475,477,1760,20,20,0,0,0,4965.10741477273,4965.10741477273,valid,valid,0.233223468724622,0.233223468724622,0,1,0,Awake_immobile,d2e65164f5640b4b97649714fbbd3e5ab5bc26c3243e44683d98e840ef89b657
/Users/zcm361/Documents/Github/OxygenDynamicsV2/reference-validation/surge-FB2312-recheck-20260909/Recording,sink,18,2,153,479,481,479,481,662,20,17,0,3,0,NaN,NaN,insufficient_clean_prebaseline,insufficient_clean_prebaseline,NaN,NaN,NaN,1,0,Awake_immobile,d2e65164f5640b4b97649714fbbd3e5ab5bc26c3243e44683d98e840ef89b657
/Users/zcm361/Documents/Github/OxygenDynamicsV2/reference-validation/surge-FB2312-recheck-20260909/Recording,sink,18,3,154,484,490,484,487,154,20,15,0,5,0,NaN,NaN,insufficient_clean_prebaseline,insufficient_clean_prebaseline,NaN,NaN,NaN,1,0,Awake_immobile,d2e65164f5640b4b97649714fbbd3e5ab5bc26c3243e44683d98e840ef89b657
/Users/zcm361/Documents/Github/OxygenDynamicsV2/reference-validation/surge-FB2312-recheck-20260909/Recording,sink,18,4,155,530,552,541,546,394,20,7,0,13,0,NaN,NaN,insufficient_clean_prebaseline,insufficient_clean_prebaseline,NaN,NaN,NaN,1,0,Awake_immobile,d2e65164f5640b4b97649714fbbd3e5ab5bc26c3243e44683d98e840ef89b657
/Users/zcm361/Documents/Github/OxygenDynamicsV2/reference-validation/surge-FB2312-recheck-20260909/Recording,sink,18,5,156,573,583,577,582,853,20,20,0,0,0,4827.77274325909,4827.77274325909,valid,valid,0.196474608502682,0.196474608502682,0,1,0,Awake_immobile,d2e65164f5640b4b97649714fbbd3e5ab5bc26c3243e44683d98e840ef89b657
/Users/zcm361/Documents/Github/OxygenDynamicsV2/reference-validation/surge-FB2312-recheck-20260909/Recording,sink,18,6,157,639,651,640,650,1210,20,20,0,0,0,4708.38210743802,4708.38210743802,valid,valid,0.250023829929403,0.250023829929403,0,1,0,Awake_immobile,d2e65164f5640b4b97649714fbbd3e5ab5bc26c3243e44683d98e840ef89b657
/Users/zcm361/Documents/Github/OxygenDynamicsV2/reference-validation/surge-FB2312-recheck-20260909/Recording,sink,18,7,158,676,690,677,682,773,20,20,0,0,0,4726.51558861578,4726.51558861578,valid,valid,0.194525460125038,0.194525460125038,0,1,0,Awake_immobile,d2e65164f5640b4b97649714fbbd3e5ab5bc26c3243e44683d98e840ef89b657
/Users/zcm361/Documents/Github/OxygenDynamicsV2/reference-validation/surge-FB2312-recheck-20260909/Recording,sink,18,8,159,1063,1071,1065,1071,404,20,20,0,0,0,3644.78997524752,3644.78997524752,valid,valid,0.0425618719355372,0.0425618719355372,0,1,0,Awake_immobile,d2e65164f5640b4b97649714fbbd3e5ab5bc26c3243e44683d98e840ef89b657
/Users/zcm361/Documents/Github/OxygenDynamicsV2/reference-validation/surge-FB2312-recheck-20260909/Recording,sink,18,9,160,1197,1200,1198,1200,351,20,20,0,0,0,4593.15512820513,4593.15512820513,valid,valid,0.0961262220083528,0.0961262220083528,0,1,0,Awake_immobile,d2e65164f5640b4b97649714fbbd3e5ab5bc26c3243e44683d98e840ef89b657
/Users/zcm361/Documents/Github/OxygenDynamicsV2/reference-validation/surge-FB2312-recheck-20260909/Recording,sink,19,1,161,203,212,204,209,254,20,20,0,0,0,2929.0437007874,2929.0437007874,valid,valid,0.285979366838038,0.285979366838038,0,1,0,Awake_immobile,d2e65164f5640b4b97649714fbbd3e5ab5bc26c3243e44683d98e840ef89b657
/Users/zcm361/Documents/Github/OxygenDynamicsV2/reference-validation/surge-FB2312-recheck-20260909/Recording,sink,19,2,162,297,304,301,304,219,20,20,0,0,0,3059.57579908676,3059.57579908676,valid,valid,0.0661731093232104,0.0661731093232104,0,1,0,Awake_immobile,d2e65164f5640b4b97649714fbbd3e5ab5bc26c3243e44683d98e840ef89b657
/Users/zcm361/Documents/Github/OxygenDynamicsV2/reference-validation/surge-FB2312-recheck-20260909/Recording,sink,19,3,163,313,321,313,321,194,20,16,0,4,0,NaN,NaN,insufficient_clean_prebaseline,insufficient_clean_prebaseline,NaN,NaN,NaN,1,0,Awake_immobile,d2e65164f5640b4b97649714fbbd3e5ab5bc26c3243e44683d98e840ef89b657
/Users/zcm361/Documents/Github/OxygenDynamicsV2/reference-validation/surge-FB2312-recheck-20260909/Recording,sink,19,4,164,577,590,578,584,306,20,20,0,0,0,3951.87581699346,3951.87581699346,valid,valid,0.189789080059606,0.189789080059606,0,1,0,Awake_immobile,d2e65164f5640b4b97649714fbbd3e5ab5bc26c3243e44683d98e840ef89b657
/Users/zcm361/Documents/Github/OxygenDynamicsV2/reference-validation/surge-FB2312-recheck-20260909/Recording,sink,19,5,165,700,706,703,706,1922,20,20,0,0,0,4195.40772632674,4195.40772632674,valid,valid,0.101019186449671,0.101019186449671,0,1,0,Awake_immobile,d2e65164f5640b4b97649714fbbd3e5ab5bc26c3243e44683d98e840ef89b657
/Users/zcm361/Documents/Github/OxygenDynamicsV2/reference-validation/surge-FB2312-recheck-20260909/Recording,sink,19,6,166,721,723,721,723,1079,20,16,0,4,0,NaN,NaN,insufficient_clean_prebaseline,insufficient_clean_prebaseline,NaN,NaN,NaN,1,0,Awake_immobile,d2e65164f5640b4b97649714fbbd3e5ab5bc26c3243e44683d98e840ef89b657
/Users/zcm361/Documents/Github/OxygenDynamicsV2/reference-validation/surge-FB2312-recheck-20260909/Recording,sink,19,7,167,726,734,726,734,2606,20,16,0,4,0,NaN,NaN,insufficient_clean_prebaseline,insufficient_clean_prebaseline,NaN,NaN,NaN,1,0,Awake_immobile,d2e65164f5640b4b97649714fbbd3e5ab5bc26c3243e44683d98e840ef89b657
/Users/zcm361/Documents/Github/OxygenDynamicsV2/reference-validation/surge-FB2312-recheck-20260909/Recording,sink,19,8,168,738,742,738,742,2047,20,8,0,12,0,NaN,NaN,insufficient_clean_prebaseline,insufficient_clean_prebaseline,NaN,NaN,NaN,1,0,Awake_immobile,d2e65164f5640b4b97649714fbbd3e5ab5bc26c3243e44683d98e840ef89b657
/Users/zcm361/Documents/Github/OxygenDynamicsV2/reference-validation/surge-FB2312-recheck-20260909/Recording,sink,19,9,169,744,748,744,748,1817,20,6,0,14,0,NaN,NaN,insufficient_clean_prebaseline,insufficient_clean_prebaseline,NaN,NaN,NaN,1,0,Awake_immobile,d2e65164f5640b4b97649714fbbd3e5ab5bc26c3243e44683d98e840ef89b657
/Users/zcm361/Documents/Github/OxygenDynamicsV2/reference-validation/surge-FB2312-recheck-20260909/Recording,sink,19,10,170,753,756,753,755,563,20,8,0,12,0,NaN,NaN,insufficient_clean_prebaseline,insufficient_clean_prebaseline,NaN,NaN,NaN,1,0,Awake_immobile,d2e65164f5640b4b97649714fbbd3e5ab5bc26c3243e44683d98e840ef89b657
/Users/zcm361/Documents/Github/OxygenDynamicsV2/reference-validation/surge-FB2312-recheck-20260909/Recording,sink,19,11,171,797,805,799,804,944,20,20,0,0,0,3263.13490466102,3263.13490466102,valid,valid,0.11108733353031,0.11108733353031,0,1,0,Awake_immobile,d2e65164f5640b4b97649714fbbd3e5ab5bc26c3243e44683d98e840ef89b657
/Users/zcm361/Documents/Github/OxygenDynamicsV2/reference-validation/surge-FB2312-recheck-20260909/Recording,sink,19,12,172,847,850,847,850,416,20,20,0,0,0,3304.48533653846,3304.48533653846,valid,valid,0.205776472668741,0.205776472668741,0,1,0,Awake_immobile,d2e65164f5640b4b97649714fbbd3e5ab5bc26c3243e44683d98e840ef89b657
/Users/zcm361/Documents/Github/OxygenDynamicsV2/reference-validation/surge-FB2312-recheck-20260909/Recording,sink,19,13,173,875,884,878,882,512,20,18,0,2,0,NaN,NaN,insufficient_clean_prebaseline,insufficient_clean_prebaseline,NaN,NaN,NaN,1,0,Awake_immobile,d2e65164f5640b4b97649714fbbd3e5ab5bc26c3243e44683d98e840ef89b657
/Users/zcm361/Documents/Github/OxygenDynamicsV2/reference-validation/surge-FB2312-recheck-20260909/Recording,sink,19,14,174,893,900,893,900,868,20,15,0,5,0,NaN,NaN,insufficient_clean_prebaseline,insufficient_clean_prebaseline,NaN,NaN,NaN,1,0,Awake_immobile,d2e65164f5640b4b97649714fbbd3e5ab5bc26c3243e44683d98e840ef89b657
/Users/zcm361/Documents/Github/OxygenDynamicsV2/reference-validation/surge-FB2312-recheck-20260909/Recording,sink,19,15,175,918,921,918,921,352,20,17,0,3,0,NaN,NaN,insufficient_clean_prebaseline,insufficient_clean_prebaseline,NaN,NaN,NaN,1,0,Awake_immobile,d2e65164f5640b4b97649714fbbd3e5ab5bc26c3243e44683d98e840ef89b657
/Users/zcm361/Documents/Github/OxygenDynamicsV2/reference-validation/surge-FB2312-recheck-20260909/Recording,sink,19,16,176,944,953,946,950,488,20,20,0,0,0,2075.55737704918,2075.55737704918,valid,valid,0.112851377074299,0.112851377074299,0,1,0,Awake_immobile,d2e65164f5640b4b97649714fbbd3e5ab5bc26c3243e44683d98e840ef89b657
/Users/zcm361/Documents/Github/OxygenDynamicsV2/reference-validation/surge-FB2312-recheck-20260909/Recording,sink,19,17,177,958,967,963,967,1122,20,20,0,0,0,3413.52018716578,3413.52018716578,valid,valid,0.0983121759202451,0.0983121759202451,0,1,0,Awake_immobile,d2e65164f5640b4b97649714fbbd3e5ab5bc26c3243e44683d98e840ef89b657
/Users/zcm361/Documents/Github/OxygenDynamicsV2/reference-validation/surge-FB2312-recheck-20260909/Recording,sink,19,18,178,1027,1035,1032,1034,367,20,20,0,0,0,3733.28242506812,3733.28242506812,valid,valid,0.10592372689395,0.10592372689395,0,1,0,Awake_immobile,d2e65164f5640b4b97649714fbbd3e5ab5bc26c3243e44683d98e840ef89b657
/Users/zcm361/Documents/Github/OxygenDynamicsV2/reference-validation/surge-FB2312-recheck-20260909/Recording,sink,19,19,179,1039,1053,1043,1052,1856,20,17,0,3,0,NaN,NaN,insufficient_clean_prebaseline,insufficient_clean_prebaseline,NaN,NaN,NaN,1,0,Awake_immobile,d2e65164f5640b4b97649714fbbd3e5ab5bc26c3243e44683d98e840ef89b657
/Users/zcm361/Documents/Github/OxygenDynamicsV2/reference-validation/surge-FB2312-recheck-20260909/Recording,sink,19,20,180,1061,1073,1062,1073,1514,20,10,0,10,0,NaN,NaN,insufficient_clean_prebaseline,insufficient_clean_prebaseline,NaN,NaN,NaN,1,0,Awake_immobile,d2e65164f5640b4b97649714fbbd3e5ab5bc26c3243e44683d98e840ef89b657
/Users/zcm361/Documents/Github/OxygenDynamicsV2/reference-validation/surge-FB2312-recheck-20260909/Recording,sink,19,21,181,1087,1089,1087,1089,354,20,13,0,7,0,NaN,NaN,insufficient_clean_prebaseline,insufficient_clean_prebaseline,NaN,NaN,NaN,1,0,Awake_immobile,d2e65164f5640b4b97649714fbbd3e5ab5bc26c3243e44683d98e840ef89b657
/Users/zcm361/Documents/Github/OxygenDynamicsV2/reference-validation/surge-FB2312-recheck-20260909/Recording,sink,19,22,182,1095,1098,1095,1098,701,20,20,0,0,0,3474.91326676177,3474.91326676177,valid,valid,0.0459331449358931,0.0459331449358931,0,1,0,Awake_immobile,d2e65164f5640b4b97649714fbbd3e5ab5bc26c3243e44683d98e840ef89b657
/Users/zcm361/Documents/Github/OxygenDynamicsV2/reference-validation/surge-FB2312-recheck-20260909/Recording,sink,19,23,183,1117,1122,1119,1121,600,20,20,0,0,0,4028.19708333333,4028.19708333333,valid,valid,0.0644081569577291,0.0644081569577291,0,1,0,Awake_immobile,d2e65164f5640b4b97649714fbbd3e5ab5bc26c3243e44683d98e840ef89b657
/Users/zcm361/Documents/Github/OxygenDynamicsV2/reference-validation/surge-FB2312-recheck-20260909/Recording,sink,19,24,184,1128,1131,1128,1131,1471,20,17,0,3,0,NaN,NaN,insufficient_clean_prebaseline,insufficient_clean_prebaseline,NaN,NaN,NaN,1,0,Awake_immobile,d2e65164f5640b4b97649714fbbd3e5ab5bc26c3243e44683d98e840ef89b657
/Users/zcm361/Documents/Github/OxygenDynamicsV2/reference-validation/surge-FB2312-recheck-20260909/Recording,sink,19,25,185,1168,1181,1177,1179,654,20,20,0,0,0,3760.11582568807,3760.11582568807,valid,valid,0.109231031520172,0.109231031520172,0,1,0,Awake_immobile,d2e65164f5640b4b97649714fbbd3e5ab5bc26c3243e44683d98e840ef89b657
/Users/zcm361/Documents/Github/OxygenDynamicsV2/reference-validation/surge-FB2312-recheck-20260909/Recording,sink,20,1,186,98,107,100,106,1128,20,20,0,0,0,4285.74246453901,4285.74246453901,valid,valid,0.132965097968845,0.132965097968845,0,1,0,Awake_immobile,d2e65164f5640b4b97649714fbbd3e5ab5bc26c3243e44683d98e840ef89b657
/Users/zcm361/Documents/Github/OxygenDynamicsV2/reference-validation/surge-FB2312-recheck-20260909/Recording,sink,21,1,187,401,423,415,418,559,20,19,0,1,0,NaN,NaN,insufficient_clean_prebaseline,insufficient_clean_prebaseline,NaN,NaN,NaN,1,0,Awake_immobile,d2e65164f5640b4b97649714fbbd3e5ab5bc26c3243e44683d98e840ef89b657
/Users/zcm361/Documents/Github/OxygenDynamicsV2/reference-validation/surge-FB2312-recheck-20260909/Recording,sink,21,2,188,540,563,546,561,784,20,11,0,9,0,NaN,NaN,insufficient_clean_prebaseline,insufficient_clean_prebaseline,NaN,NaN,NaN,1,0,Awake_immobile,d2e65164f5640b4b97649714fbbd3e5ab5bc26c3243e44683d98e840ef89b657
/Users/zcm361/Documents/Github/OxygenDynamicsV2/reference-validation/surge-FB2312-recheck-20260909/Recording,sink,21,3,189,640,660,646,658,632,20,20,0,0,0,5901.95015822785,5901.95015822785,valid,valid,0.149662368893569,0.149662368893569,0,1,0,Awake_immobile,d2e65164f5640b4b97649714fbbd3e5ab5bc26c3243e44683d98e840ef89b657
/Users/zcm361/Documents/Github/OxygenDynamicsV2/reference-validation/surge-FB2312-recheck-20260909/Recording,sink,21,4,190,1104,1107,1104,1107,258,20,20,0,0,0,5400.59244186047,5400.59244186047,valid,valid,0.0457994900573825,0.0457994900573825,0,1,0,Awake_immobile,d2e65164f5640b4b97649714fbbd3e5ab5bc26c3243e44683d98e840ef89b657
/Users/zcm361/Documents/Github/OxygenDynamicsV2/reference-validation/surge-FB2312-recheck-20260909/Recording,sink,21,5,191,1111,1116,1112,1116,1179,20,16,0,4,0,NaN,NaN,insufficient_clean_prebaseline,insufficient_clean_prebaseline,NaN,NaN,NaN,1,0,Awake_immobile,d2e65164f5640b4b97649714fbbd3e5ab5bc26c3243e44683d98e840ef89b657
/Users/zcm361/Documents/Github/OxygenDynamicsV2/reference-validation/surge-FB2312-recheck-20260909/Recording,sink,21,6,192,1119,1127,1119,1127,652,20,12,0,8,0,NaN,NaN,insufficient_clean_prebaseline,insufficient_clean_prebaseline,NaN,NaN,NaN,1,0,Awake_immobile,d2e65164f5640b4b97649714fbbd3e5ab5bc26c3243e44683d98e840ef89b657
/Users/zcm361/Documents/Github/OxygenDynamicsV2/reference-validation/surge-FB2312-recheck-20260909/Recording,sink,21,7,193,1130,1135,1130,1135,489,20,6,0,14,0,NaN,NaN,insufficient_clean_prebaseline,insufficient_clean_prebaseline,NaN,NaN,NaN,1,0,Awake_immobile,d2e65164f5640b4b97649714fbbd3e5ab5bc26c3243e44683d98e840ef89b657
/Users/zcm361/Documents/Github/OxygenDynamicsV2/reference-validation/surge-FB2312-recheck-20260909/Recording,sink,22,1,194,104,119,112,119,768,20,20,0,0,0,2202.369921875,2202.369921875,valid,valid,0.0951597418051257,0.0951597418051257,0,1,0,Awake_immobile,d2e65164f5640b4b97649714fbbd3e5ab5bc26c3243e44683d98e840ef89b657
/Users/zcm361/Documents/Github/OxygenDynamicsV2/reference-validation/surge-FB2312-recheck-20260909/Recording,sink,22,2,195,125,141,125,132,1102,20,12,0,8,0,NaN,NaN,insufficient_clean_prebaseline,insufficient_clean_prebaseline,NaN,NaN,NaN,1,0,Awake_immobile,d2e65164f5640b4b97649714fbbd3e5ab5bc26c3243e44683d98e840ef89b657
/Users/zcm361/Documents/Github/OxygenDynamicsV2/reference-validation/surge-FB2312-recheck-20260909/Recording,sink,22,3,196,337,354,349,352,606,20,20,0,0,0,3133.92731023102,3133.92731023102,valid,valid,0.0883574603603029,0.0883574603603029,0,1,0,Awake_immobile,d2e65164f5640b4b97649714fbbd3e5ab5bc26c3243e44683d98e840ef89b657
/Users/zcm361/Documents/Github/OxygenDynamicsV2/reference-validation/surge-FB2312-recheck-20260909/Recording,sink,22,4,197,651,662,659,662,318,20,20,0,0,0,3599.49182389937,3599.49182389937,valid,valid,0.0942056460800197,0.0942056460800197,0,1,0,Awake_immobile,d2e65164f5640b4b97649714fbbd3e5ab5bc26c3243e44683d98e840ef89b657
/Users/zcm361/Documents/Github/OxygenDynamicsV2/reference-validation/surge-FB2312-recheck-20260909/Recording,sink,22,5,198,666,672,666,672,1117,20,16,0,4,0,NaN,NaN,insufficient_clean_prebaseline,insufficient_clean_prebaseline,NaN,NaN,NaN,1,0,Awake_immobile,d2e65164f5640b4b97649714fbbd3e5ab5bc26c3243e44683d98e840ef89b657
/Users/zcm361/Documents/Github/OxygenDynamicsV2/reference-validation/surge-FB2312-recheck-20260909/Recording,sink,22,6,199,675,683,675,681,465,20,16,0,4,0,NaN,NaN,insufficient_clean_prebaseline,insufficient_clean_prebaseline,NaN,NaN,NaN,1,0,Awake_immobile,d2e65164f5640b4b97649714fbbd3e5ab5bc26c3243e44683d98e840ef89b657
/Users/zcm361/Documents/Github/OxygenDynamicsV2/reference-validation/surge-FB2312-recheck-20260909/Recording,sink,22,7,200,688,693,689,693,502,20,17,0,3,0,NaN,NaN,insufficient_clean_prebaseline,insufficient_clean_prebaseline,NaN,NaN,NaN,1,0,Awake_immobile,d2e65164f5640b4b97649714fbbd3e5ab5bc26c3243e44683d98e840ef89b657
/Users/zcm361/Documents/Github/OxygenDynamicsV2/reference-validation/surge-FB2312-recheck-20260909/Recording,sink,22,8,201,714,720,714,718,584,20,19,0,1,0,NaN,NaN,insufficient_clean_prebaseline,insufficient_clean_prebaseline,NaN,NaN,NaN,1,0,Awake_immobile,d2e65164f5640b4b97649714fbbd3e5ab5bc26c3243e44683d98e840ef89b657
/Users/zcm361/Documents/Github/OxygenDynamicsV2/reference-validation/surge-FB2312-recheck-20260909/Recording,sink,22,9,202,722,742,723,725,447,20,15,0,5,0,NaN,NaN,insufficient_clean_prebaseline,insufficient_clean_prebaseline,NaN,NaN,NaN,1,0,Awake_immobile,d2e65164f5640b4b97649714fbbd3e5ab5bc26c3243e44683d98e840ef89b657
/Users/zcm361/Documents/Github/OxygenDynamicsV2/reference-validation/surge-FB2312-recheck-20260909/Recording,sink,22,10,203,875,884,880,882,268,20,20,0,0,0,3747.60055970149,3747.60055970149,valid,valid,0.113160913557675,0.113160913557675,0,1,0,Awake_immobile,d2e65164f5640b4b97649714fbbd3e5ab5bc26c3243e44683d98e840ef89b657
/Users/zcm361/Documents/Github/OxygenDynamicsV2/reference-validation/surge-FB2312-recheck-20260909/Recording,sink,22,11,204,923,932,928,932,765,20,20,0,0,0,3699.11078431373,3699.11078431373,valid,valid,0.137916823147482,0.137916823147482,0,1,0,Awake_immobile,d2e65164f5640b4b97649714fbbd3e5ab5bc26c3243e44683d98e840ef89b657
/Users/zcm361/Documents/Github/OxygenDynamicsV2/reference-validation/surge-FB2312-recheck-20260909/Recording,sink,22,12,205,936,941,936,941,819,20,15,0,5,0,NaN,NaN,insufficient_clean_prebaseline,insufficient_clean_prebaseline,NaN,NaN,NaN,1,0,Awake_immobile,d2e65164f5640b4b97649714fbbd3e5ab5bc26c3243e44683d98e840ef89b657
/Users/zcm361/Documents/Github/OxygenDynamicsV2/reference-validation/surge-FB2312-recheck-20260909/Recording,sink,22,13,206,943,955,943,955,1125,20,9,0,11,0,NaN,NaN,insufficient_clean_prebaseline,insufficient_clean_prebaseline,NaN,NaN,NaN,1,0,Awake_immobile,d2e65164f5640b4b97649714fbbd3e5ab5bc26c3243e44683d98e840ef89b657
/Users/zcm361/Documents/Github/OxygenDynamicsV2/reference-validation/surge-FB2312-recheck-20260909/Recording,sink,22,14,207,960,983,960,983,1968,20,5,0,15,0,NaN,NaN,insufficient_clean_prebaseline,insufficient_clean_prebaseline,NaN,NaN,NaN,1,0,Awake_immobile,d2e65164f5640b4b97649714fbbd3e5ab5bc26c3243e44683d98e840ef89b657
/Users/zcm361/Documents/Github/OxygenDynamicsV2/reference-validation/surge-FB2312-recheck-20260909/Recording,sink,22,15,208,988,991,988,991,828,20,4,0,16,0,NaN,NaN,insufficient_clean_prebaseline,insufficient_clean_prebaseline,NaN,NaN,NaN,1,0,Awake_immobile,d2e65164f5640b4b97649714fbbd3e5ab5bc26c3243e44683d98e840ef89b657
/Users/zcm361/Documents/Github/OxygenDynamicsV2/reference-validation/surge-FB2312-recheck-20260909/Recording,sink,22,16,209,995,1001,995,1001,1654,20,7,0,13,0,NaN,NaN,insufficient_clean_prebaseline,insufficient_clean_prebaseline,NaN,NaN,NaN,1,0,Awake_immobile,d2e65164f5640b4b97649714fbbd3e5ab5bc26c3243e44683d98e840ef89b657
/Users/zcm361/Documents/Github/OxygenDynamicsV2/reference-validation/surge-FB2312-recheck-20260909/Recording,sink,22,17,210,1026,1034,1029,1031,302,20,20,0,0,0,3086.55132450331,3086.55132450331,valid,valid,0.133916258152624,0.133916258152624,0,1,0,Awake_immobile,d2e65164f5640b4b97649714fbbd3e5ab5bc26c3243e44683d98e840ef89b657
/Users/zcm361/Documents/Github/OxygenDynamicsV2/reference-validation/surge-FB2312-recheck-20260909/Recording,sink,22,18,211,1037,1051,1039,1050,1185,20,17,0,3,0,NaN,NaN,insufficient_clean_prebaseline,insufficient_clean_prebaseline,NaN,NaN,NaN,1,0,Awake_immobile,d2e65164f5640b4b97649714fbbd3e5ab5bc26c3243e44683d98e840ef89b657
/Users/zcm361/Documents/Github/OxygenDynamicsV2/reference-validation/surge-FB2312-recheck-20260909/Recording,sink,22,19,212,1058,1068,1058,1068,1561,20,8,0,12,0,NaN,NaN,insufficient_clean_prebaseline,insufficient_clean_prebaseline,NaN,NaN,NaN,1,0,Awake_immobile,d2e65164f5640b4b97649714fbbd3e5ab5bc26c3243e44683d98e840ef89b657
/Users/zcm361/Documents/Github/OxygenDynamicsV2/reference-validation/surge-FB2312-recheck-20260909/Recording,sink,22,20,213,1096,1101,1096,1098,638,20,20,0,0,0,2418.95329153605,2418.95329153605,valid,valid,0.0550596964074591,0.0550596964074591,0,1,0,Awake_immobile,d2e65164f5640b4b97649714fbbd3e5ab5bc26c3243e44683d98e840ef89b657
/Users/zcm361/Documents/Github/OxygenDynamicsV2/reference-validation/surge-FB2312-recheck-20260909/Recording,sink,22,21,214,1108,1123,1108,1118,900,20,17,0,3,0,NaN,NaN,insufficient_clean_prebaseline,insufficient_clean_prebaseline,NaN,NaN,NaN,1,0,Awake_immobile,d2e65164f5640b4b97649714fbbd3e5ab5bc26c3243e44683d98e840ef89b657
/Users/zcm361/Documents/Github/OxygenDynamicsV2/reference-validation/surge-FB2312-recheck-20260909/Recording,sink,22,22,215,1157,1163,1159,1163,373,20,20,0,0,0,3343.17345844504,3343.17345844504,valid,valid,0.106341063783532,0.106341063783532,0,1,0,Awake_immobile,d2e65164f5640b4b97649714fbbd3e5ab5bc26c3243e44683d98e840ef89b657
/Users/zcm361/Documents/Github/OxygenDynamicsV2/reference-validation/surge-FB2312-recheck-20260909/Recording,sink,22,23,216,1176,1180,1176,1178,680,20,15,0,5,0,NaN,NaN,insufficient_clean_prebaseline,insufficient_clean_prebaseline,NaN,NaN,NaN,1,0,Awake_immobile,d2e65164f5640b4b97649714fbbd3e5ab5bc26c3243e44683d98e840ef89b657
/Users/zcm361/Documents/Github/OxygenDynamicsV2/reference-validation/surge-FB2312-recheck-20260909/Recording,sink,23,1,217,112,118,113,118,403,20,20,0,0,0,5692.92208436724,5692.92208436724,valid,valid,0.0876712696572068,0.0876712696572068,0,1,0,Awake_immobile,d2e65164f5640b4b97649714fbbd3e5ab5bc26c3243e44683d98e840ef89b657
/Users/zcm361/Documents/Github/OxygenDynamicsV2/reference-validation/surge-FB2312-recheck-20260909/Recording,sink,23,2,218,128,131,128,130,379,20,14,0,6,0,NaN,NaN,insufficient_clean_prebaseline,insufficient_clean_prebaseline,NaN,NaN,NaN,1,0,Awake_immobile,d2e65164f5640b4b97649714fbbd3e5ab5bc26c3243e44683d98e840ef89b657
/Users/zcm361/Documents/Github/OxygenDynamicsV2/reference-validation/surge-FB2312-recheck-20260909/Recording,sink,23,3,219,136,144,139,142,252,20,14,0,6,0,NaN,NaN,insufficient_clean_prebaseline,insufficient_clean_prebaseline,NaN,NaN,NaN,1,0,Awake_immobile,d2e65164f5640b4b97649714fbbd3e5ab5bc26c3243e44683d98e840ef89b657
/Users/zcm361/Documents/Github/OxygenDynamicsV2/reference-validation/surge-FB2312-recheck-20260909/Recording,sink,24,1,220,1116,1125,1117,1120,688,20,20,0,0,0,4718.18510174419,4718.18510174419,valid,valid,0.0611030641324117,0.0611030641324117,0,1,0,Awake_immobile,d2e65164f5640b4b97649714fbbd3e5ab5bc26c3243e44683d98e840ef89b657
/Users/zcm361/Documents/Github/OxygenDynamicsV2/reference-validation/surge-FB2312-recheck-20260909/Recording,sink,25,1,221,107,150,125,132,315,20,20,0,0,0,4209.64587301587,4209.64587301587,valid,valid,0.0554919429372502,0.0554919429372502,0,1,0,Awake_immobile,d2e65164f5640b4b97649714fbbd3e5ab5bc26c3243e44683d98e840ef89b657
/Users/zcm361/Documents/Github/OxygenDynamicsV2/reference-validation/surge-FB2312-recheck-20260909/Recording,sink,25,2,222,740,747,745,747,207,20,20,0,0,0,6567.49154589372,6567.49154589372,valid,valid,0.0721543659545453,0.0721543659545453,0,1,0,Awake_immobile,d2e65164f5640b4b97649714fbbd3e5ab5bc26c3243e44683d98e840ef89b657
/Users/zcm361/Documents/Github/OxygenDynamicsV2/reference-validation/surge-FB2312-recheck-20260909/Recording,sink,25,3,223,753,760,753,757,552,20,16,0,4,0,NaN,NaN,insufficient_clean_prebaseline,insufficient_clean_prebaseline,NaN,NaN,NaN,1,0,Awake_immobile,d2e65164f5640b4b97649714fbbd3e5ab5bc26c3243e44683d98e840ef89b657
/Users/zcm361/Documents/Github/OxygenDynamicsV2/reference-validation/surge-FB2312-recheck-20260909/Recording,sink,25,4,224,764,772,767,772,859,20,12,0,8,0,NaN,NaN,insufficient_clean_prebaseline,insufficient_clean_prebaseline,NaN,NaN,NaN,1,0,Awake_immobile,d2e65164f5640b4b97649714fbbd3e5ab5bc26c3243e44683d98e840ef89b657
/Users/zcm361/Documents/Github/OxygenDynamicsV2/reference-validation/surge-FB2312-recheck-20260909/Recording,sink,25,5,225,778,781,778,781,526,20,14,0,6,0,NaN,NaN,insufficient_clean_prebaseline,insufficient_clean_prebaseline,NaN,NaN,NaN,1,0,Awake_immobile,d2e65164f5640b4b97649714fbbd3e5ab5bc26c3243e44683d98e840ef89b657
/Users/zcm361/Documents/Github/OxygenDynamicsV2/reference-validation/surge-FB2312-recheck-20260909/Recording,sink,25,6,226,796,808,797,800,424,20,16,0,4,0,NaN,NaN,insufficient_clean_prebaseline,insufficient_clean_prebaseline,NaN,NaN,NaN,1,0,Awake_immobile,d2e65164f5640b4b97649714fbbd3e5ab5bc26c3243e44683d98e840ef89b657
/Users/zcm361/Documents/Github/OxygenDynamicsV2/reference-validation/surge-FB2312-recheck-20260909/Recording,sink,26,1,227,299,312,310,312,469,20,15,0,5,0,NaN,NaN,insufficient_clean_prebaseline,insufficient_clean_prebaseline,NaN,NaN,NaN,1,0,Awake_immobile,d2e65164f5640b4b97649714fbbd3e5ab5bc26c3243e44683d98e840ef89b657
/Users/zcm361/Documents/Github/OxygenDynamicsV2/reference-validation/surge-FB2312-recheck-20260909/Recording,sink,26,2,228,332,344,332,334,285,20,19,0,1,0,NaN,NaN,insufficient_clean_prebaseline,insufficient_clean_prebaseline,NaN,NaN,NaN,1,0,Awake_immobile,d2e65164f5640b4b97649714fbbd3e5ab5bc26c3243e44683d98e840ef89b657
/Users/zcm361/Documents/Github/OxygenDynamicsV2/reference-validation/surge-FB2312-recheck-20260909/Recording,sink,27,1,229,739,755,739,741,389,20,20,0,0,0,4134.13483290488,4134.13483290488,valid,valid,0.0512731967027664,0.0512731967027664,0,1,0,Awake_immobile,d2e65164f5640b4b97649714fbbd3e5ab5bc26c3243e44683d98e840ef89b657
/Users/zcm361/Documents/Github/OxygenDynamicsV2/reference-validation/surge-FB2312-recheck-20260909/Recording,sink,27,2,230,989,1002,998,1000,524,20,20,0,0,0,4594.99875954199,4594.99875954199,valid,valid,0.0477408156191722,0.0477408156191722,0,1,0,Awake_immobile,d2e65164f5640b4b97649714fbbd3e5ab5bc26c3243e44683d98e840ef89b657
/Users/zcm361/Documents/Github/OxygenDynamicsV2/reference-validation/surge-FB2312-recheck-20260909/Recording,sink,27,3,231,1022,1035,1030,1033,581,20,20,0,0,0,4035.69070567986,4035.69070567986,valid,valid,0.0919580167714385,0.0919580167714385,0,1,0,Awake_immobile,d2e65164f5640b4b97649714fbbd3e5ab5bc26c3243e44683d98e840ef89b657
/Users/zcm361/Documents/Github/OxygenDynamicsV2/reference-validation/surge-FB2312-recheck-20260909/Recording,sink,27,4,232,1146,1163,1159,1162,627,20,20,0,0,0,3433.1966507177,3433.1966507177,valid,valid,0.0662800112402858,0.0662800112402858,0,1,0,Awake_immobile,d2e65164f5640b4b97649714fbbd3e5ab5bc26c3243e44683d98e840ef89b657
/Users/zcm361/Documents/Github/OxygenDynamicsV2/reference-validation/surge-FB2312-recheck-20260909/Recording,sink,28,1,233,148,154,150,153,874,20,20,0,0,0,3887.28014874142,3887.28014874142,valid,valid,0.0397487951999523,0.0397487951999523,0,1,0,Awake_immobile,d2e65164f5640b4b97649714fbbd3e5ab5bc26c3243e44683d98e840ef89b657
/Users/zcm361/Documents/Github/OxygenDynamicsV2/reference-validation/surge-FB2312-recheck-20260909/Recording,sink,28,2,234,879,886,884,886,1462,20,20,0,0,0,5822.84254445965,5822.84254445965,valid,valid,0.0775139346362653,0.0775139346362653,0,1,0,Awake_immobile,d2e65164f5640b4b97649714fbbd3e5ab5bc26c3243e44683d98e840ef89b657
/Users/zcm361/Documents/Github/OxygenDynamicsV2/reference-validation/surge-FB2312-recheck-20260909/Recording,sink,28,3,235,890,892,890,892,761,20,17,0,3,0,NaN,NaN,insufficient_clean_prebaseline,insufficient_clean_prebaseline,NaN,NaN,NaN,1,0,Awake_immobile,d2e65164f5640b4b97649714fbbd3e5ab5bc26c3243e44683d98e840ef89b657
/Users/zcm361/Documents/Github/OxygenDynamicsV2/reference-validation/surge-FB2312-recheck-20260909/Recording,sink,29,1,236,154,164,158,164,277,20,20,0,0,0,1955.22075812274,1955.22075812274,valid,valid,0.235092420800997,0.235092420800997,0,1,0,Awake_immobile,d2e65164f5640b4b97649714fbbd3e5ab5bc26c3243e44683d98e840ef89b657
/Users/zcm361/Documents/Github/OxygenDynamicsV2/reference-validation/surge-FB2312-recheck-20260909/Recording,sink,29,2,237,166,177,166,177,1078,20,13,0,7,0,NaN,NaN,insufficient_clean_prebaseline,insufficient_clean_prebaseline,NaN,NaN,NaN,1,0,Awake_immobile,d2e65164f5640b4b97649714fbbd3e5ab5bc26c3243e44683d98e840ef89b657
/Users/zcm361/Documents/Github/OxygenDynamicsV2/reference-validation/surge-FB2312-recheck-20260909/Recording,sink,29,3,238,180,186,180,184,1572,20,3,0,17,0,NaN,NaN,insufficient_clean_prebaseline,insufficient_clean_prebaseline,NaN,NaN,NaN,1,0,Awake_immobile,d2e65164f5640b4b97649714fbbd3e5ab5bc26c3243e44683d98e840ef89b657
/Users/zcm361/Documents/Github/OxygenDynamicsV2/reference-validation/surge-FB2312-recheck-20260909/Recording,sink,29,4,239,201,211,204,207,350,20,17,0,3,0,NaN,NaN,insufficient_clean_prebaseline,insufficient_clean_prebaseline,NaN,NaN,NaN,1,0,Awake_immobile,d2e65164f5640b4b97649714fbbd3e5ab5bc26c3243e44683d98e840ef89b657
/Users/zcm361/Documents/Github/OxygenDynamicsV2/reference-validation/surge-FB2312-recheck-20260909/Recording,sink,29,5,240,400,408,401,406,418,20,20,0,0,0,2420.81913875598,2420.81913875598,valid,valid,0.3082702442449,0.3082702442449,0,1,0,Awake_immobile,d2e65164f5640b4b97649714fbbd3e5ab5bc26c3243e44683d98e840ef89b657
/Users/zcm361/Documents/Github/OxygenDynamicsV2/reference-validation/surge-FB2312-recheck-20260909/Recording,sink,29,6,241,425,434,427,433,628,20,18,0,2,0,NaN,NaN,insufficient_clean_prebaseline,insufficient_clean_prebaseline,NaN,NaN,NaN,1,0,Awake_immobile,d2e65164f5640b4b97649714fbbd3e5ab5bc26c3243e44683d98e840ef89b657
/Users/zcm361/Documents/Github/OxygenDynamicsV2/reference-validation/surge-FB2312-recheck-20260909/Recording,sink,29,7,242,467,478,469,476,680,20,20,0,0,0,2479.59911764706,2479.59911764706,valid,valid,0.361686430100122,0.361686430100122,0,1,0,Awake_immobile,d2e65164f5640b4b97649714fbbd3e5ab5bc26c3243e44683d98e840ef89b657
/Users/zcm361/Documents/Github/OxygenDynamicsV2/reference-validation/surge-FB2312-recheck-20260909/Recording,sink,29,8,243,480,487,482,485,300,20,12,0,8,0,NaN,NaN,insufficient_clean_prebaseline,insufficient_clean_prebaseline,NaN,NaN,NaN,1,0,Awake_immobile,d2e65164f5640b4b97649714fbbd3e5ab5bc26c3243e44683d98e840ef89b657
/Users/zcm361/Documents/Github/OxygenDynamicsV2/reference-validation/surge-FB2312-recheck-20260909/Recording,sink,29,9,244,489,498,490,494,736,20,18,0,2,0,NaN,NaN,insufficient_clean_prebaseline,insufficient_clean_prebaseline,NaN,NaN,NaN,1,0,Awake_immobile,d2e65164f5640b4b97649714fbbd3e5ab5bc26c3243e44683d98e840ef89b657
/Users/zcm361/Documents/Github/OxygenDynamicsV2/reference-validation/surge-FB2312-recheck-20260909/Recording,sink,29,10,245,538,546,540,543,201,20,13,0,7,0,NaN,NaN,insufficient_clean_prebaseline,insufficient_clean_prebaseline,NaN,NaN,NaN,1,0,Awake_immobile,d2e65164f5640b4b97649714fbbd3e5ab5bc26c3243e44683d98e840ef89b657
/Users/zcm361/Documents/Github/OxygenDynamicsV2/reference-validation/surge-FB2312-recheck-20260909/Recording,sink,29,11,246,564,580,574,579,813,20,20,0,0,0,1959.48382533825,1959.48382533825,valid,valid,0.243485031813139,0.243485031813139,0,1,0,Awake_immobile,d2e65164f5640b4b97649714fbbd3e5ab5bc26c3243e44683d98e840ef89b657
/Users/zcm361/Documents/Github/OxygenDynamicsV2/reference-validation/surge-FB2312-recheck-20260909/Recording,sink,29,12,247,636,647,640,646,731,20,20,0,0,0,2351.16853625171,2351.16853625171,valid,valid,0.354140753248872,0.354140753248872,0,1,0,Awake_immobile,d2e65164f5640b4b97649714fbbd3e5ab5bc26c3243e44683d98e840ef89b657
/Users/zcm361/Documents/Github/OxygenDynamicsV2/reference-validation/surge-FB2312-recheck-20260909/Recording,sink,29,13,248,650,656,650,656,491,20,14,0,6,0,NaN,NaN,insufficient_clean_prebaseline,insufficient_clean_prebaseline,NaN,NaN,NaN,1,0,Awake_immobile,d2e65164f5640b4b97649714fbbd3e5ab5bc26c3243e44683d98e840ef89b657
/Users/zcm361/Documents/Github/OxygenDynamicsV2/reference-validation/surge-FB2312-recheck-20260909/Recording,sink,29,14,249,659,669,659,669,433,20,7,0,13,0,NaN,NaN,insufficient_clean_prebaseline,insufficient_clean_prebaseline,NaN,NaN,NaN,1,0,Awake_immobile,d2e65164f5640b4b97649714fbbd3e5ab5bc26c3243e44683d98e840ef89b657
/Users/zcm361/Documents/Github/OxygenDynamicsV2/reference-validation/surge-FB2312-recheck-20260909/Recording,sink,29,15,250,677,684,677,683,1420,20,9,0,11,0,NaN,NaN,insufficient_clean_prebaseline,insufficient_clean_prebaseline,NaN,NaN,NaN,1,0,Awake_immobile,d2e65164f5640b4b97649714fbbd3e5ab5bc26c3243e44683d98e840ef89b657
/Users/zcm361/Documents/Github/OxygenDynamicsV2/reference-validation/surge-FB2312-recheck-20260909/Recording,sink,29,16,251,695,705,696,702,2084,20,13,0,7,0,NaN,NaN,insufficient_clean_prebaseline,insufficient_clean_prebaseline,NaN,NaN,NaN,1,0,Awake_immobile,d2e65164f5640b4b97649714fbbd3e5ab5bc26c3243e44683d98e840ef89b657
/Users/zcm361/Documents/Github/OxygenDynamicsV2/reference-validation/surge-FB2312-recheck-20260909/Recording,sink,29,17,252,707,718,711,718,1399,20,13,0,7,0,NaN,NaN,insufficient_clean_prebaseline,insufficient_clean_prebaseline,NaN,NaN,NaN,1,0,Awake_immobile,d2e65164f5640b4b97649714fbbd3e5ab5bc26c3243e44683d98e840ef89b657
/Users/zcm361/Documents/Github/OxygenDynamicsV2/reference-validation/surge-FB2312-recheck-20260909/Recording,sink,29,18,253,920,923,920,923,1009,20,20,0,0,0,2332.35911793855,2332.35911793855,valid,valid,0.120610749691392,0.120610749691392,0,1,0,Awake_immobile,d2e65164f5640b4b97649714fbbd3e5ab5bc26c3243e44683d98e840ef89b657
/Users/zcm361/Documents/Github/OxygenDynamicsV2/reference-validation/surge-FB2312-recheck-20260909/Recording,sink,29,19,254,928,932,928,932,518,20,16,0,4,0,NaN,NaN,insufficient_clean_prebaseline,insufficient_clean_prebaseline,NaN,NaN,NaN,1,0,Awake_immobile,d2e65164f5640b4b97649714fbbd3e5ab5bc26c3243e44683d98e840ef89b657
/Users/zcm361/Documents/Github/OxygenDynamicsV2/reference-validation/surge-FB2312-recheck-20260909/Recording,sink,29,20,255,936,941,936,941,1205,20,11,0,9,0,NaN,NaN,insufficient_clean_prebaseline,insufficient_clean_prebaseline,NaN,NaN,NaN,1,0,Awake_immobile,d2e65164f5640b4b97649714fbbd3e5ab5bc26c3243e44683d98e840ef89b657
/Users/zcm361/Documents/Github/OxygenDynamicsV2/reference-validation/surge-FB2312-recheck-20260909/Recording,sink,29,21,256,944,948,944,948,452,20,9,0,11,0,NaN,NaN,insufficient_clean_prebaseline,insufficient_clean_prebaseline,NaN,NaN,NaN,1,0,Awake_immobile,d2e65164f5640b4b97649714fbbd3e5ab5bc26c3243e44683d98e840ef89b657
/Users/zcm361/Documents/Github/OxygenDynamicsV2/reference-validation/surge-FB2312-recheck-20260909/Recording,sink,29,22,257,953,960,953,956,1045,20,9,0,11,0,NaN,NaN,insufficient_clean_prebaseline,insufficient_clean_prebaseline,NaN,NaN,NaN,1,0,Awake_immobile,d2e65164f5640b4b97649714fbbd3e5ab5bc26c3243e44683d98e840ef89b657
/Users/zcm361/Documents/Github/OxygenDynamicsV2/reference-validation/surge-FB2312-recheck-20260909/Recording,sink,29,23,258,967,974,971,974,862,20,14,0,6,0,NaN,NaN,insufficient_clean_prebaseline,insufficient_clean_prebaseline,NaN,NaN,NaN,1,0,Awake_immobile,d2e65164f5640b4b97649714fbbd3e5ab5bc26c3243e44683d98e840ef89b657
/Users/zcm361/Documents/Github/OxygenDynamicsV2/reference-validation/surge-FB2312-recheck-20260909/Recording,sink,29,24,259,976,1000,976,999,2318,20,7,0,13,0,NaN,NaN,insufficient_clean_prebaseline,insufficient_clean_prebaseline,NaN,NaN,NaN,1,0,Awake_immobile,d2e65164f5640b4b97649714fbbd3e5ab5bc26c3243e44683d98e840ef89b657
/Users/zcm361/Documents/Github/OxygenDynamicsV2/reference-validation/surge-FB2312-recheck-20260909/Recording,sink,29,25,260,1093,1096,1093,1096,1224,20,20,0,0,0,1759.3516748366,1759.3516748366,valid,valid,0.0376491600243878,0.0376491600243878,0,1,0,Awake_immobile,d2e65164f5640b4b97649714fbbd3e5ab5bc26c3243e44683d98e840ef89b657
/Users/zcm361/Documents/Github/OxygenDynamicsV2/reference-validation/surge-FB2312-recheck-20260909/Recording,sink,30,1,261,155,161,158,161,814,20,20,0,0,0,3531.11074938575,3531.11074938575,valid,valid,0.144569689539017,0.144569689539017,0,1,0,Awake_immobile,d2e65164f5640b4b97649714fbbd3e5ab5bc26c3243e44683d98e840ef89b657
/Users/zcm361/Documents/Github/OxygenDynamicsV2/reference-validation/surge-FB2312-recheck-20260909/Recording,sink,30,2,262,165,177,165,168,829,20,16,0,4,0,NaN,NaN,insufficient_clean_prebaseline,insufficient_clean_prebaseline,NaN,NaN,NaN,1,0,Awake_immobile,d2e65164f5640b4b97649714fbbd3e5ab5bc26c3243e44683d98e840ef89b657
/Users/zcm361/Documents/Github/OxygenDynamicsV2/reference-validation/surge-FB2312-recheck-20260909/Recording,sink,30,3,263,322,330,323,326,1169,20,20,0,0,0,4096.78109495295,4096.78109495295,valid,valid,0.195911305191075,0.195911305191075,0,1,0,Awake_immobile,d2e65164f5640b4b97649714fbbd3e5ab5bc26c3243e44683d98e840ef89b657
/Users/zcm361/Documents/Github/OxygenDynamicsV2/reference-validation/surge-FB2312-recheck-20260909/Recording,sink,30,4,264,398,410,400,407,1977,20,20,0,0,0,3940.98404147699,3940.98404147699,valid,valid,0.182465160661464,0.182465160661464,0,1,0,Awake_immobile,d2e65164f5640b4b97649714fbbd3e5ab5bc26c3243e44683d98e840ef89b657
/Users/zcm361/Documents/Github/OxygenDynamicsV2/reference-validation/surge-FB2312-recheck-20260909/Recording,sink,30,5,265,425,432,426,430,1532,20,17,0,3,0,NaN,NaN,insufficient_clean_prebaseline,insufficient_clean_prebaseline,NaN,NaN,NaN,1,0,Awake_immobile,d2e65164f5640b4b97649714fbbd3e5ab5bc26c3243e44683d98e840ef89b657
/Users/zcm361/Documents/Github/OxygenDynamicsV2/reference-validation/surge-FB2312-recheck-20260909/Recording,sink,30,6,266,467,477,470,475,1155,20,20,0,0,0,4857.67090909091,4857.67090909091,valid,valid,0.336818801107523,0.336818801107523,0,1,0,Awake_immobile,d2e65164f5640b4b97649714fbbd3e5ab5bc26c3243e44683d98e840ef89b657
/Users/zcm361/Documents/Github/OxygenDynamicsV2/reference-validation/surge-FB2312-recheck-20260909/Recording,sink,30,7,267,479,485,480,483,1430,20,14,0,6,0,NaN,NaN,insufficient_clean_prebaseline,insufficient_clean_prebaseline,NaN,NaN,NaN,1,0,Awake_immobile,d2e65164f5640b4b97649714fbbd3e5ab5bc26c3243e44683d98e840ef89b657
/Users/zcm361/Documents/Github/OxygenDynamicsV2/reference-validation/surge-FB2312-recheck-20260909/Recording,sink,30,8,268,528,534,529,534,1326,20,7,0,13,0,NaN,NaN,insufficient_clean_prebaseline,insufficient_clean_prebaseline,NaN,NaN,NaN,1,0,Awake_immobile,d2e65164f5640b4b97649714fbbd3e5ab5bc26c3243e44683d98e840ef89b657
/Users/zcm361/Documents/Github/OxygenDynamicsV2/reference-validation/surge-FB2312-recheck-20260909/Recording,sink,30,9,269,539,547,539,545,1455,20,9,0,11,0,NaN,NaN,insufficient_clean_prebaseline,insufficient_clean_prebaseline,NaN,NaN,NaN,1,0,Awake_immobile,d2e65164f5640b4b97649714fbbd3e5ab5bc26c3243e44683d98e840ef89b657
/Users/zcm361/Documents/Github/OxygenDynamicsV2/reference-validation/surge-FB2312-recheck-20260909/Recording,sink,30,10,270,572,584,574,578,1240,20,20,0,0,0,4544.07600806452,4544.07600806452,valid,valid,0.292221878565131,0.292221878565131,0,1,0,Awake_immobile,d2e65164f5640b4b97649714fbbd3e5ab5bc26c3243e44683d98e840ef89b657
/Users/zcm361/Documents/Github/OxygenDynamicsV2/reference-validation/surge-FB2312-recheck-20260909/Recording,sink,30,11,271,637,650,640,646,950,20,20,0,0,0,4879.96357894737,4879.96357894737,valid,valid,0.286359643667746,0.286359643667746,0,1,0,Awake_immobile,d2e65164f5640b4b97649714fbbd3e5ab5bc26c3243e44683d98e840ef89b657
/Users/zcm361/Documents/Github/OxygenDynamicsV2/reference-validation/surge-FB2312-recheck-20260909/Recording,sink,30,12,272,674,687,675,682,995,20,20,0,0,0,4567.44819095477,4567.44819095477,valid,valid,0.167966402052523,0.167966402052523,0,1,0,Awake_immobile,d2e65164f5640b4b97649714fbbd3e5ab5bc26c3243e44683d98e840ef89b657
/Users/zcm361/Documents/Github/OxygenDynamicsV2/reference-validation/surge-FB2312-recheck-20260909/Recording,sink,30,13,273,711,719,713,715,686,20,20,0,0,0,3973.12412536443,3973.12412536443,valid,valid,0.147475999592965,0.147475999592965,0,1,0,Awake_immobile,d2e65164f5640b4b97649714fbbd3e5ab5bc26c3243e44683d98e840ef89b657
/Users/zcm361/Documents/Github/OxygenDynamicsV2/reference-validation/surge-FB2312-recheck-20260909/Recording,sink,30,14,274,1106,1125,1107,1111,560,20,20,0,0,0,4241.47142857143,4241.47142857143,valid,valid,0.0491246299296402,0.0491246299296402,0,1,0,Awake_immobile,d2e65164f5640b4b97649714fbbd3e5ab5bc26c3243e44683d98e840ef89b657
/Users/zcm361/Documents/Github/OxygenDynamicsV2/reference-validation/surge-FB2312-recheck-20260909/Recording,sink,31,1,275,153,174,158,162,340,20,20,0,0,0,2831.95073529412,2831.95073529412,valid,valid,0.190931837932334,0.190931837932334,0,1,0,Awake_immobile,d2e65164f5640b4b97649714fbbd3e5ab5bc26c3243e44683d98e840ef89b657
/Users/zcm361/Documents/Github/OxygenDynamicsV2/reference-validation/surge-FB2312-recheck-20260909/Recording,sink,32,1,276,156,168,158,168,821,20,20,0,0,0,3790.70200974421,3790.70200974421,valid,valid,0.283771897347325,0.283771897347325,0,1,0,Awake_immobile,d2e65164f5640b4b97649714fbbd3e5ab5bc26c3243e44683d98e840ef89b657
/Users/zcm361/Documents/Github/OxygenDynamicsV2/reference-validation/surge-FB2312-recheck-20260909/Recording,sink,32,2,277,171,189,171,183,376,20,9,0,11,0,NaN,NaN,insufficient_clean_prebaseline,insufficient_clean_prebaseline,NaN,NaN,NaN,1,0,Awake_immobile,d2e65164f5640b4b97649714fbbd3e5ab5bc26c3243e44683d98e840ef89b657
/Users/zcm361/Documents/Github/OxygenDynamicsV2/reference-validation/surge-FB2312-recheck-20260909/Recording,sink,32,3,278,201,218,203,214,994,20,17,0,3,0,NaN,NaN,insufficient_clean_prebaseline,insufficient_clean_prebaseline,NaN,NaN,NaN,1,0,Awake_immobile,d2e65164f5640b4b97649714fbbd3e5ab5bc26c3243e44683d98e840ef89b657
/Users/zcm361/Documents/Github/OxygenDynamicsV2/reference-validation/surge-FB2312-recheck-20260909/Recording,sink,32,4,279,220,227,225,227,673,20,8,0,12,0,NaN,NaN,insufficient_clean_prebaseline,insufficient_clean_prebaseline,NaN,NaN,NaN,1,0,Awake_immobile,d2e65164f5640b4b97649714fbbd3e5ab5bc26c3243e44683d98e840ef89b657
/Users/zcm361/Documents/Github/OxygenDynamicsV2/reference-validation/surge-FB2312-recheck-20260909/Recording,sink,32,5,280,236,246,236,238,762,20,17,0,3,0,NaN,NaN,insufficient_clean_prebaseline,insufficient_clean_prebaseline,NaN,NaN,NaN,1,0,Awake_immobile,d2e65164f5640b4b97649714fbbd3e5ab5bc26c3243e44683d98e840ef89b657
/Users/zcm361/Documents/Github/OxygenDynamicsV2/reference-validation/surge-FB2312-recheck-20260909/Recording,sink,32,6,281,312,332,319,325,565,20,20,0,0,0,4518.64300884956,4518.64300884956,valid,valid,0.180918635099667,0.180918635099667,0,1,0,Awake_immobile,d2e65164f5640b4b97649714fbbd3e5ab5bc26c3243e44683d98e840ef89b657
/Users/zcm361/Documents/Github/OxygenDynamicsV2/reference-validation/surge-FB2312-recheck-20260909/Recording,sink,32,7,282,400,410,400,407,306,20,6,0,14,0,NaN,NaN,insufficient_clean_prebaseline,insufficient_clean_prebaseline,NaN,NaN,NaN,1,0,Awake_immobile,d2e65164f5640b4b97649714fbbd3e5ab5bc26c3243e44683d98e840ef89b657
/Users/zcm361/Documents/Github/OxygenDynamicsV2/reference-validation/surge-FB2312-recheck-20260909/Recording,sink,32,8,283,571,583,574,578,378,20,20,0,0,0,3332.44338624339,3332.44338624339,valid,valid,0.298353941480884,0.298353941480884,0,1,0,Awake_immobile,d2e65164f5640b4b97649714fbbd3e5ab5bc26c3243e44683d98e840ef89b657
/Users/zcm361/Documents/Github/OxygenDynamicsV2/reference-validation/surge-FB2312-recheck-20260909/Recording,sink,32,9,284,790,801,797,801,415,20,20,0,0,0,4008.84012048193,4008.84012048193,valid,valid,0.115786067135424,0.115786067135424,0,1,0,Awake_immobile,d2e65164f5640b4b97649714fbbd3e5ab5bc26c3243e44683d98e840ef89b657
/Users/zcm361/Documents/Github/OxygenDynamicsV2/reference-validation/surge-FB2312-recheck-20260909/Recording,sink,32,10,285,803,827,803,807,560,20,15,0,5,0,NaN,NaN,insufficient_clean_prebaseline,insufficient_clean_prebaseline,NaN,NaN,NaN,1,0,Awake_immobile,d2e65164f5640b4b97649714fbbd3e5ab5bc26c3243e44683d98e840ef89b657
/Users/zcm361/Documents/Github/OxygenDynamicsV2/reference-validation/surge-FB2312-recheck-20260909/Recording,sink,32,11,286,969,979,977,979,199,20,20,0,0,0,3717.2351758794,3717.2351758794,valid,valid,0.153163763309252,0.153163763309252,0,1,0,Awake_immobile,d2e65164f5640b4b97649714fbbd3e5ab5bc26c3243e44683d98e840ef89b657
/Users/zcm361/Documents/Github/OxygenDynamicsV2/reference-validation/surge-FB2312-recheck-20260909/Recording,sink,32,12,287,987,992,987,992,305,20,17,0,3,0,NaN,NaN,insufficient_clean_prebaseline,insufficient_clean_prebaseline,NaN,NaN,NaN,1,0,Awake_immobile,d2e65164f5640b4b97649714fbbd3e5ab5bc26c3243e44683d98e840ef89b657
/Users/zcm361/Documents/Github/OxygenDynamicsV2/reference-validation/surge-FB2312-recheck-20260909/Recording,sink,33,1,288,169,175,172,175,295,20,20,0,0,0,5556.12372881356,5556.12372881356,valid,valid,0.0905462990446026,0.0905462990446026,0,1,0,Awake_immobile,d2e65164f5640b4b97649714fbbd3e5ab5bc26c3243e44683d98e840ef89b657
/Users/zcm361/Documents/Github/OxygenDynamicsV2/reference-validation/surge-FB2312-recheck-20260909/Recording,sink,33,2,289,192,199,192,196,1770,20,16,0,4,0,NaN,NaN,insufficient_clean_prebaseline,insufficient_clean_prebaseline,NaN,NaN,NaN,1,0,Awake_immobile,d2e65164f5640b4b97649714fbbd3e5ab5bc26c3243e44683d98e840ef89b657
/Users/zcm361/Documents/Github/OxygenDynamicsV2/reference-validation/surge-FB2312-recheck-20260909/Recording,sink,33,3,290,204,217,204,206,233,20,15,0,5,0,NaN,NaN,insufficient_clean_prebaseline,insufficient_clean_prebaseline,NaN,NaN,NaN,1,0,Awake_immobile,d2e65164f5640b4b97649714fbbd3e5ab5bc26c3243e44683d98e840ef89b657
/Users/zcm361/Documents/Github/OxygenDynamicsV2/reference-validation/surge-FB2312-recheck-20260909/Recording,sink,34,1,291,183,197,187,193,323,20,20,0,0,0,4253.52321981424,4253.52321981424,valid,valid,0.117932466110775,0.117932466110775,0,1,0,Awake_immobile,d2e65164f5640b4b97649714fbbd3e5ab5bc26c3243e44683d98e840ef89b657
/Users/zcm361/Documents/Github/OxygenDynamicsV2/reference-validation/surge-FB2312-recheck-20260909/Recording,sink,34,2,292,203,214,209,214,447,20,13,0,7,0,NaN,NaN,insufficient_clean_prebaseline,insufficient_clean_prebaseline,NaN,NaN,NaN,1,0,Awake_immobile,d2e65164f5640b4b97649714fbbd3e5ab5bc26c3243e44683d98e840ef89b657
/Users/zcm361/Documents/Github/OxygenDynamicsV2/reference-validation/surge-FB2312-recheck-20260909/Recording,sink,34,3,293,224,232,225,232,342,20,14,0,6,0,NaN,NaN,insufficient_clean_prebaseline,insufficient_clean_prebaseline,NaN,NaN,NaN,1,0,Awake_immobile,d2e65164f5640b4b97649714fbbd3e5ab5bc26c3243e44683d98e840ef89b657
/Users/zcm361/Documents/Github/OxygenDynamicsV2/reference-validation/surge-FB2312-recheck-20260909/Recording,sink,34,4,294,238,242,239,241,188,20,12,0,8,0,NaN,NaN,insufficient_clean_prebaseline,insufficient_clean_prebaseline,NaN,NaN,NaN,1,0,Awake_immobile,d2e65164f5640b4b97649714fbbd3e5ab5bc26c3243e44683d98e840ef89b657
/Users/zcm361/Documents/Github/OxygenDynamicsV2/reference-validation/surge-FB2312-recheck-20260909/Recording,sink,34,5,295,245,251,246,250,354,20,9,0,11,0,NaN,NaN,insufficient_clean_prebaseline,insufficient_clean_prebaseline,NaN,NaN,NaN,1,0,Awake_immobile,d2e65164f5640b4b97649714fbbd3e5ab5bc26c3243e44683d98e840ef89b657
/Users/zcm361/Documents/Github/OxygenDynamicsV2/reference-validation/surge-FB2312-recheck-20260909/Recording,sink,34,6,296,576,594,579,582,214,20,20,0,0,0,5727.71425233645,5727.71425233645,valid,valid,0.131018852956177,0.131018852956177,0,1,0,Awake_immobile,d2e65164f5640b4b97649714fbbd3e5ab5bc26c3243e44683d98e840ef89b657
/Users/zcm361/Documents/Github/OxygenDynamicsV2/reference-validation/surge-FB2312-recheck-20260909/Recording,sink,34,7,297,714,734,719,723,253,20,20,0,0,0,5693.29505928854,5693.29505928854,valid,valid,0.174574432659901,0.174574432659901,0,1,0,Awake_immobile,d2e65164f5640b4b97649714fbbd3e5ab5bc26c3243e44683d98e840ef89b657
/Users/zcm361/Documents/Github/OxygenDynamicsV2/reference-validation/surge-FB2312-recheck-20260909/Recording,sink,34,8,298,958,981,978,981,303,20,20,0,0,0,5373.96584158416,5373.96584158416,valid,valid,0.0994887250238616,0.0994887250238616,0,1,0,Awake_immobile,d2e65164f5640b4b97649714fbbd3e5ab5bc26c3243e44683d98e840ef89b657
/Users/zcm361/Documents/Github/OxygenDynamicsV2/reference-validation/surge-FB2312-recheck-20260909/Recording,sink,34,9,299,983,986,983,985,287,20,16,0,4,0,NaN,NaN,insufficient_clean_prebaseline,insufficient_clean_prebaseline,NaN,NaN,NaN,1,0,Awake_immobile,d2e65164f5640b4b97649714fbbd3e5ab5bc26c3243e44683d98e840ef89b657
/Users/zcm361/Documents/Github/OxygenDynamicsV2/reference-validation/surge-FB2312-recheck-20260909/Recording,sink,34,10,300,1040,1045,1043,1045,219,20,20,0,0,0,5653.88538812785,5653.88538812785,valid,valid,0.14583005068079,0.14583005068079,0,1,0,Awake_immobile,d2e65164f5640b4b97649714fbbd3e5ab5bc26c3243e44683d98e840ef89b657
/Users/zcm361/Documents/Github/OxygenDynamicsV2/reference-validation/surge-FB2312-recheck-20260909/Recording,sink,34,11,301,1051,1056,1051,1053,137,20,17,0,3,0,NaN,NaN,insufficient_clean_prebaseline,insufficient_clean_prebaseline,NaN,NaN,NaN,1,0,Awake_immobile,d2e65164f5640b4b97649714fbbd3e5ab5bc26c3243e44683d98e840ef89b657
/Users/zcm361/Documents/Github/OxygenDynamicsV2/reference-validation/surge-FB2312-recheck-20260909/Recording,sink,34,12,302,1062,1070,1063,1070,595,20,14,0,6,0,NaN,NaN,insufficient_clean_prebaseline,insufficient_clean_prebaseline,NaN,NaN,NaN,1,0,Awake_immobile,d2e65164f5640b4b97649714fbbd3e5ab5bc26c3243e44683d98e840ef89b657
/Users/zcm361/Documents/Github/OxygenDynamicsV2/reference-validation/surge-FB2312-recheck-20260909/Recording,sink,35,1,303,172,194,192,194,233,20,20,0,0,0,3942.17854077253,3942.17854077253,valid,valid,0.194287683897577,0.194287683897577,0,1,0,Awake_immobile,d2e65164f5640b4b97649714fbbd3e5ab5bc26c3243e44683d98e840ef89b657
/Users/zcm361/Documents/Github/OxygenDynamicsV2/reference-validation/surge-FB2312-recheck-20260909/Recording,sink,36,1,304,206,220,213,217,1149,20,20,0,0,0,4244.16322889469,4244.16322889469,valid,valid,0.0863846586584878,0.0863846586584878,0,1,0,Awake_immobile,d2e65164f5640b4b97649714fbbd3e5ab5bc26c3243e44683d98e840ef89b657
/Users/zcm361/Documents/Github/OxygenDynamicsV2/reference-validation/surge-FB2312-recheck-20260909/Recording,sink,36,2,305,225,232,227,232,492,20,17,0,3,0,NaN,NaN,insufficient_clean_prebaseline,insufficient_clean_prebaseline,NaN,NaN,NaN,1,0,Awake_immobile,d2e65164f5640b4b97649714fbbd3e5ab5bc26c3243e44683d98e840ef89b657
/Users/zcm361/Documents/Github/OxygenDynamicsV2/reference-validation/surge-FB2312-recheck-20260909/Recording,sink,36,3,306,243,247,243,246,757,20,10,0,10,0,NaN,NaN,insufficient_clean_prebaseline,insufficient_clean_prebaseline,NaN,NaN,NaN,1,0,Awake_immobile,d2e65164f5640b4b97649714fbbd3e5ab5bc26c3243e44683d98e840ef89b657
/Users/zcm361/Documents/Github/OxygenDynamicsV2/reference-validation/surge-FB2312-recheck-20260909/Recording,sink,37,1,307,230,243,236,238,345,20,20,0,0,0,2903.7547826087,2903.7547826087,valid,valid,0.161636198369447,0.161636198369447,0,1,0,Awake_immobile,d2e65164f5640b4b97649714fbbd3e5ab5bc26c3243e44683d98e840ef89b657
/Users/zcm361/Documents/Github/OxygenDynamicsV2/reference-validation/surge-FB2312-recheck-20260909/Recording,sink,38,1,308,237,248,239,242,1223,20,13,0,7,0,NaN,NaN,insufficient_clean_prebaseline,insufficient_clean_prebaseline,NaN,NaN,NaN,1,0,Awake_immobile,d2e65164f5640b4b97649714fbbd3e5ab5bc26c3243e44683d98e840ef89b657
/Users/zcm361/Documents/Github/OxygenDynamicsV2/reference-validation/surge-FB2312-recheck-20260909/Recording,sink,39,1,309,235,246,242,244,343,20,17,0,3,0,NaN,NaN,insufficient_clean_prebaseline,insufficient_clean_prebaseline,NaN,NaN,NaN,1,0,Awake_immobile,d2e65164f5640b4b97649714fbbd3e5ab5bc26c3243e44683d98e840ef89b657
/Users/zcm361/Documents/Github/OxygenDynamicsV2/reference-validation/surge-FB2312-recheck-20260909/Recording,sink,40,1,310,266,289,283,289,454,20,20,0,0,0,4396.04405286344,4396.04405286344,valid,valid,0.118053676613535,0.118053676613535,0,1,0,Awake_immobile,d2e65164f5640b4b97649714fbbd3e5ab5bc26c3243e44683d98e840ef89b657
/Users/zcm361/Documents/Github/OxygenDynamicsV2/reference-validation/surge-FB2312-recheck-20260909/Recording,sink,40,2,311,300,310,300,305,235,20,13,0,7,0,NaN,NaN,insufficient_clean_prebaseline,insufficient_clean_prebaseline,NaN,NaN,NaN,1,0,Awake_immobile,d2e65164f5640b4b97649714fbbd3e5ab5bc26c3243e44683d98e840ef89b657
/Users/zcm361/Documents/Github/OxygenDynamicsV2/reference-validation/surge-FB2312-recheck-20260909/Recording,sink,41,1,312,286,289,286,289,480,20,20,0,0,0,4355.64354166667,4355.64354166667,valid,valid,0.0693974660939167,0.0693974660939167,0,1,0,Awake_immobile,d2e65164f5640b4b97649714fbbd3e5ab5bc26c3243e44683d98e840ef89b657
/Users/zcm361/Documents/Github/OxygenDynamicsV2/reference-validation/surge-FB2312-recheck-20260909/Recording,sink,42,1,313,292,320,293,320,1617,20,20,0,0,0,5312.57186147186,5312.57186147186,valid,valid,0.164934341402543,0.164934341402543,0,1,0,Awake_immobile,d2e65164f5640b4b97649714fbbd3e5ab5bc26c3243e44683d98e840ef89b657
/Users/zcm361/Documents/Github/OxygenDynamicsV2/reference-validation/surge-FB2312-recheck-20260909/Recording,sink,43,1,314,331,352,334,336,351,20,20,0,0,0,2666.50754985755,2666.50754985755,valid,valid,0.0906668950278711,0.0906668950278711,0,1,0,Awake_immobile,d2e65164f5640b4b97649714fbbd3e5ab5bc26c3243e44683d98e840ef89b657
/Users/zcm361/Documents/Github/OxygenDynamicsV2/reference-validation/surge-FB2312-recheck-20260909/Recording,sink,44,1,315,399,411,408,411,438,20,20,0,0,0,3606.57579908676,3606.57579908676,valid,valid,0.0936703517585394,0.0936703517585394,0,1,0,Awake_immobile,d2e65164f5640b4b97649714fbbd3e5ab5bc26c3243e44683d98e840ef89b657
/Users/zcm361/Documents/Github/OxygenDynamicsV2/reference-validation/surge-FB2312-recheck-20260909/Recording,sink,44,2,316,413,416,413,416,315,20,16,0,4,0,NaN,NaN,insufficient_clean_prebaseline,insufficient_clean_prebaseline,NaN,NaN,NaN,1,0,Awake_immobile,d2e65164f5640b4b97649714fbbd3e5ab5bc26c3243e44683d98e840ef89b657
/Users/zcm361/Documents/Github/OxygenDynamicsV2/reference-validation/surge-FB2312-recheck-20260909/Recording,sink,44,3,317,422,427,422,427,1582,20,12,0,8,0,NaN,NaN,insufficient_clean_prebaseline,insufficient_clean_prebaseline,NaN,NaN,NaN,1,0,Awake_immobile,d2e65164f5640b4b97649714fbbd3e5ab5bc26c3243e44683d98e840ef89b657
/Users/zcm361/Documents/Github/OxygenDynamicsV2/reference-validation/surge-FB2312-recheck-20260909/Recording,sink,44,4,318,433,449,433,448,657,20,10,0,10,0,NaN,NaN,insufficient_clean_prebaseline,insufficient_clean_prebaseline,NaN,NaN,NaN,1,0,Awake_immobile,d2e65164f5640b4b97649714fbbd3e5ab5bc26c3243e44683d98e840ef89b657
/Users/zcm361/Documents/Github/OxygenDynamicsV2/reference-validation/surge-FB2312-recheck-20260909/Recording,sink,44,5,319,946,958,953,955,588,20,20,0,0,0,4343.08715986395,4343.08715986395,valid,valid,0.0594150274583084,0.0594150274583084,0,1,0,Awake_immobile,d2e65164f5640b4b97649714fbbd3e5ab5bc26c3243e44683d98e840ef89b657
/Users/zcm361/Documents/Github/OxygenDynamicsV2/reference-validation/surge-FB2312-recheck-20260909/Recording,sink,44,6,320,979,993,979,981,283,20,20,0,0,0,4869.43374558304,4869.43374558304,valid,valid,0.050189588583431,0.050189588583431,0,1,0,Awake_immobile,d2e65164f5640b4b97649714fbbd3e5ab5bc26c3243e44683d98e840ef89b657
/Users/zcm361/Documents/Github/OxygenDynamicsV2/reference-validation/surge-FB2312-recheck-20260909/Recording,sink,44,7,321,1107,1128,1112,1115,524,20,20,0,0,0,3977.7572519084,3977.7572519084,valid,valid,0.08925241159716,0.08925241159716,0,1,0,Awake_immobile,d2e65164f5640b4b97649714fbbd3e5ab5bc26c3243e44683d98e840ef89b657
/Users/zcm361/Documents/Github/OxygenDynamicsV2/reference-validation/surge-FB2312-recheck-20260909/Recording,sink,45,1,322,751,759,751,756,347,20,20,0,0,0,3339.42204610951,3339.42204610951,valid,valid,0.0891683486447745,0.0891683486447745,0,1,0,Awake_immobile,d2e65164f5640b4b97649714fbbd3e5ab5bc26c3243e44683d98e840ef89b657
/Users/zcm361/Documents/Github/OxygenDynamicsV2/reference-validation/surge-FB2312-recheck-20260909/Recording,sink,46,1,323,372,374,372,374,189,20,20,0,0,0,3834.92989417989,3834.92989417989,valid,valid,0.0774111679504085,0.0774111679504085,0,1,0,Awake_immobile,d2e65164f5640b4b97649714fbbd3e5ab5bc26c3243e44683d98e840ef89b657
/Users/zcm361/Documents/Github/OxygenDynamicsV2/reference-validation/surge-FB2312-recheck-20260909/Recording,sink,46,2,324,387,389,387,389,291,20,17,0,3,0,NaN,NaN,insufficient_clean_prebaseline,insufficient_clean_prebaseline,NaN,NaN,NaN,1,0,Awake_immobile,d2e65164f5640b4b97649714fbbd3e5ab5bc26c3243e44683d98e840ef89b657
/Users/zcm361/Documents/Github/OxygenDynamicsV2/reference-validation/surge-FB2312-recheck-20260909/Recording,sink,46,3,325,407,412,407,410,348,20,17,0,3,0,NaN,NaN,insufficient_clean_prebaseline,insufficient_clean_prebaseline,NaN,NaN,NaN,1,0,Awake_immobile,d2e65164f5640b4b97649714fbbd3e5ab5bc26c3243e44683d98e840ef89b657
/Users/zcm361/Documents/Github/OxygenDynamicsV2/reference-validation/surge-FB2312-recheck-20260909/Recording,sink,47,1,326,395,415,407,409,371,20,20,0,0,0,5675.23086253369,5675.23086253369,valid,valid,0.109587975724559,0.109587975724559,0,1,0,Awake_immobile,d2e65164f5640b4b97649714fbbd3e5ab5bc26c3243e44683d98e840ef89b657
/Users/zcm361/Documents/Github/OxygenDynamicsV2/reference-validation/surge-FB2312-recheck-20260909/Recording,sink,48,1,327,1139,1143,1140,1142,714,20,20,0,0,0,6273.10042016807,6273.10042016807,valid,valid,0.0686452628857237,0.0686452628857237,0,1,0,Awake_immobile,d2e65164f5640b4b97649714fbbd3e5ab5bc26c3243e44683d98e840ef89b657
/Users/zcm361/Documents/Github/OxygenDynamicsV2/reference-validation/surge-FB2312-recheck-20260909/Recording,sink,49,1,328,408,418,411,418,368,20,20,0,0,0,2820.74211956522,2820.74211956522,valid,valid,0.144235381318765,0.144235381318765,0,1,0,Awake_immobile,d2e65164f5640b4b97649714fbbd3e5ab5bc26c3243e44683d98e840ef89b657
/Users/zcm361/Documents/Github/OxygenDynamicsV2/reference-validation/surge-FB2312-recheck-20260909/Recording,sink,49,2,329,434,436,434,436,359,20,15,0,5,0,NaN,NaN,insufficient_clean_prebaseline,insufficient_clean_prebaseline,NaN,NaN,NaN,1,0,Awake_immobile,d2e65164f5640b4b97649714fbbd3e5ab5bc26c3243e44683d98e840ef89b657
/Users/zcm361/Documents/Github/OxygenDynamicsV2/reference-validation/surge-FB2312-recheck-20260909/Recording,sink,49,3,330,856,870,864,870,1330,20,18,0,2,0,NaN,NaN,insufficient_clean_prebaseline,insufficient_clean_prebaseline,NaN,NaN,NaN,1,0,Awake_immobile,d2e65164f5640b4b97649714fbbd3e5ab5bc26c3243e44683d98e840ef89b657
/Users/zcm361/Documents/Github/OxygenDynamicsV2/reference-validation/surge-FB2312-recheck-20260909/Recording,sink,49,4,331,880,886,880,886,466,20,11,0,9,0,NaN,NaN,insufficient_clean_prebaseline,insufficient_clean_prebaseline,NaN,NaN,NaN,1,0,Awake_immobile,d2e65164f5640b4b97649714fbbd3e5ab5bc26c3243e44683d98e840ef89b657
/Users/zcm361/Documents/Github/OxygenDynamicsV2/reference-validation/surge-FB2312-recheck-20260909/Recording,sink,50,1,332,407,420,414,416,320,20,20,0,0,0,2235.7415625,2235.7415625,valid,valid,0.109056796451625,0.109056796451625,0,1,0,Awake_immobile,d2e65164f5640b4b97649714fbbd3e5ab5bc26c3243e44683d98e840ef89b657
/Users/zcm361/Documents/Github/OxygenDynamicsV2/reference-validation/surge-FB2312-recheck-20260909/Recording,sink,51,1,333,413,425,416,418,133,20,20,0,0,0,4101.8045112782,4101.8045112782,valid,valid,0.146761007442168,0.146761007442168,0,1,0,Awake_immobile,d2e65164f5640b4b97649714fbbd3e5ab5bc26c3243e44683d98e840ef89b657
/Users/zcm361/Documents/Github/OxygenDynamicsV2/reference-validation/surge-FB2312-recheck-20260909/Recording,sink,51,2,334,441,445,441,445,248,20,20,0,0,0,3685.37137096774,3685.37137096774,valid,valid,0.0157861492708586,0.0157861492708586,0,1,0,Awake_immobile,d2e65164f5640b4b97649714fbbd3e5ab5bc26c3243e44683d98e840ef89b657
/Users/zcm361/Documents/Github/OxygenDynamicsV2/reference-validation/surge-FB2312-recheck-20260909/Recording,sink,51,3,335,447,459,447,453,513,20,15,0,5,0,NaN,NaN,insufficient_clean_prebaseline,insufficient_clean_prebaseline,NaN,NaN,NaN,1,0,Awake_immobile,d2e65164f5640b4b97649714fbbd3e5ab5bc26c3243e44683d98e840ef89b657
/Users/zcm361/Documents/Github/OxygenDynamicsV2/reference-validation/surge-FB2312-recheck-20260909/Recording,sink,52,1,336,416,424,418,423,341,20,20,0,0,0,7135.4560117302,7135.4560117302,valid,valid,0.0924931689483416,0.0924931689483416,0,1,0,Awake_immobile,d2e65164f5640b4b97649714fbbd3e5ab5bc26c3243e44683d98e840ef89b657
/Users/zcm361/Documents/Github/OxygenDynamicsV2/reference-validation/surge-FB2312-recheck-20260909/Recording,sink,53,1,337,551,572,567,569,429,20,20,0,0,0,2880.59160839161,2880.59160839161,valid,valid,0.0573590409506981,0.0573590409506981,0,1,0,Awake_immobile,d2e65164f5640b4b97649714fbbd3e5ab5bc26c3243e44683d98e840ef89b657
/Users/zcm361/Documents/Github/OxygenDynamicsV2/reference-validation/surge-FB2312-recheck-20260909/Recording,sink,53,2,338,857,870,865,869,585,20,20,0,0,0,3382.97923076923,3382.97923076923,valid,valid,0.106010766770411,0.106010766770411,0,1,0,Awake_immobile,d2e65164f5640b4b97649714fbbd3e5ab5bc26c3243e44683d98e840ef89b657
/Users/zcm361/Documents/Github/OxygenDynamicsV2/reference-validation/surge-FB2312-recheck-20260909/Recording,sink,53,3,339,881,886,881,884,545,20,15,0,5,0,NaN,NaN,insufficient_clean_prebaseline,insufficient_clean_prebaseline,NaN,NaN,NaN,1,0,Awake_immobile,d2e65164f5640b4b97649714fbbd3e5ab5bc26c3243e44683d98e840ef89b657
/Users/zcm361/Documents/Github/OxygenDynamicsV2/reference-validation/surge-FB2312-recheck-20260909/Recording,sink,53,4,340,891,901,896,899,571,20,16,0,4,0,NaN,NaN,insufficient_clean_prebaseline,insufficient_clean_prebaseline,NaN,NaN,NaN,1,0,Awake_immobile,d2e65164f5640b4b97649714fbbd3e5ab5bc26c3243e44683d98e840ef89b657
/Users/zcm361/Documents/Github/OxygenDynamicsV2/reference-validation/surge-FB2312-recheck-20260909/Recording,sink,53,5,341,962,968,962,968,563,20,20,0,0,0,3049.97220248668,3049.97220248668,valid,valid,0.0540204381794587,0.0540204381794587,0,1,0,Awake_immobile,d2e65164f5640b4b97649714fbbd3e5ab5bc26c3243e44683d98e840ef89b657
/Users/zcm361/Documents/Github/OxygenDynamicsV2/reference-validation/surge-FB2312-recheck-20260909/Recording,sink,53,6,342,971,983,971,973,280,20,13,0,7,0,NaN,NaN,insufficient_clean_prebaseline,insufficient_clean_prebaseline,NaN,NaN,NaN,1,0,Awake_immobile,d2e65164f5640b4b97649714fbbd3e5ab5bc26c3243e44683d98e840ef89b657
/Users/zcm361/Documents/Github/OxygenDynamicsV2/reference-validation/surge-FB2312-recheck-20260909/Recording,sink,53,7,343,1078,1086,1079,1081,463,20,20,0,0,0,2953.62246220302,2953.62246220302,valid,valid,0.0795971005183664,0.0795971005183664,0,1,0,Awake_immobile,d2e65164f5640b4b97649714fbbd3e5ab5bc26c3243e44683d98e840ef89b657
/Users/zcm361/Documents/Github/OxygenDynamicsV2/reference-validation/surge-FB2312-recheck-20260909/Recording,sink,53,8,344,1100,1124,1116,1119,897,20,18,0,2,0,NaN,NaN,insufficient_clean_prebaseline,insufficient_clean_prebaseline,NaN,NaN,NaN,1,0,Awake_immobile,d2e65164f5640b4b97649714fbbd3e5ab5bc26c3243e44683d98e840ef89b657
/Users/zcm361/Documents/Github/OxygenDynamicsV2/reference-validation/surge-FB2312-recheck-20260909/Recording,sink,54,1,345,421,454,437,444,331,20,20,0,0,0,3037.46389728097,3037.46389728097,valid,valid,0.0863432489667924,0.0863432489667924,0,1,0,Awake_immobile,d2e65164f5640b4b97649714fbbd3e5ab5bc26c3243e44683d98e840ef89b657
/Users/zcm361/Documents/Github/OxygenDynamicsV2/reference-validation/surge-FB2312-recheck-20260909/Recording,sink,54,2,346,553,566,555,564,454,20,20,0,0,0,3184.98887665198,3184.98887665198,valid,valid,0.106793608052421,0.106793608052421,0,1,0,Awake_immobile,d2e65164f5640b4b97649714fbbd3e5ab5bc26c3243e44683d98e840ef89b657
/Users/zcm361/Documents/Github/OxygenDynamicsV2/reference-validation/surge-FB2312-recheck-20260909/Recording,sink,55,1,347,437,470,448,451,654,20,20,0,0,0,1487.46551987768,1487.46551987768,valid,valid,0.0127049947294027,0.0127049947294027,0,1,0,Awake_immobile,d2e65164f5640b4b97649714fbbd3e5ab5bc26c3243e44683d98e840ef89b657
/Users/zcm361/Documents/Github/OxygenDynamicsV2/reference-validation/surge-FB2312-recheck-20260909/Recording,sink,56,1,348,754,762,756,758,276,20,20,0,0,0,4148.21557971014,4148.21557971014,valid,valid,0.10433899681852,0.10433899681852,0,1,0,Awake_immobile,d2e65164f5640b4b97649714fbbd3e5ab5bc26c3243e44683d98e840ef89b657
/Users/zcm361/Documents/Github/OxygenDynamicsV2/reference-validation/surge-FB2312-recheck-20260909/Recording,sink,57,1,349,765,787,778,780,562,20,20,0,0,0,5419.55622775801,5419.55622775801,valid,valid,0.0978197910256864,0.0978197910256864,0,1,0,Awake_immobile,d2e65164f5640b4b97649714fbbd3e5ab5bc26c3243e44683d98e840ef89b657
/Users/zcm361/Documents/Github/OxygenDynamicsV2/reference-validation/surge-FB2312-recheck-20260909/Recording,sink,57,2,350,910,914,911,914,744,20,20,0,0,0,4972.12963709677,4972.12963709677,valid,valid,0.062698531866247,0.062698531866247,0,1,0,Awake_immobile,d2e65164f5640b4b97649714fbbd3e5ab5bc26c3243e44683d98e840ef89b657
/Users/zcm361/Documents/Github/OxygenDynamicsV2/reference-validation/surge-FB2312-recheck-20260909/Recording,sink,57,3,351,918,922,918,922,961,20,16,0,4,0,NaN,NaN,insufficient_clean_prebaseline,insufficient_clean_prebaseline,NaN,NaN,NaN,1,0,Awake_immobile,d2e65164f5640b4b97649714fbbd3e5ab5bc26c3243e44683d98e840ef89b657
/Users/zcm361/Documents/Github/OxygenDynamicsV2/reference-validation/surge-FB2312-recheck-20260909/Recording,sink,57,4,352,929,935,929,932,528,20,11,0,9,0,NaN,NaN,insufficient_clean_prebaseline,insufficient_clean_prebaseline,NaN,NaN,NaN,1,0,Awake_immobile,d2e65164f5640b4b97649714fbbd3e5ab5bc26c3243e44683d98e840ef89b657
/Users/zcm361/Documents/Github/OxygenDynamicsV2/reference-validation/surge-FB2312-recheck-20260909/Recording,sink,58,1,353,795,819,797,810,883,20,20,0,0,0,3242.9530011325,3242.9530011325,valid,valid,0.128739290961934,0.128739290961934,0,1,0,Awake_immobile,d2e65164f5640b4b97649714fbbd3e5ab5bc26c3243e44683d98e840ef89b657
/Users/zcm361/Documents/Github/OxygenDynamicsV2/reference-validation/surge-FB2312-recheck-20260909/Recording,sink,58,2,354,855,869,860,862,227,20,20,0,0,0,2709.2577092511,2709.2577092511,valid,valid,0.0865908457133844,0.0865908457133844,0,1,0,Awake_immobile,d2e65164f5640b4b97649714fbbd3e5ab5bc26c3243e44683d98e840ef89b657
/Users/zcm361/Documents/Github/OxygenDynamicsV2/reference-validation/surge-FB2312-recheck-20260909/Recording,sink,58,3,355,1144,1163,1161,1163,408,20,20,0,0,0,3214.08125,3214.08125,valid,valid,0.0886731841727558,0.0886731841727558,0,1,0,Awake_immobile,d2e65164f5640b4b97649714fbbd3e5ab5bc26c3243e44683d98e840ef89b657
/Users/zcm361/Documents/Github/OxygenDynamicsV2/reference-validation/surge-FB2312-recheck-20260909/Recording,sink,58,4,356,1169,1178,1169,1173,576,20,17,0,3,0,NaN,NaN,insufficient_clean_prebaseline,insufficient_clean_prebaseline,NaN,NaN,NaN,1,0,Awake_immobile,d2e65164f5640b4b97649714fbbd3e5ab5bc26c3243e44683d98e840ef89b657
/Users/zcm361/Documents/Github/OxygenDynamicsV2/reference-validation/surge-FB2312-recheck-20260909/Recording,sink,59,1,357,859,861,859,861,517,20,20,0,0,0,2748.74052224371,2748.74052224371,valid,valid,0.0551452490444278,0.0551452490444278,0,1,0,Awake_immobile,d2e65164f5640b4b97649714fbbd3e5ab5bc26c3243e44683d98e840ef89b657
/Users/zcm361/Documents/Github/OxygenDynamicsV2/reference-validation/surge-FB2312-recheck-20260909/Recording,sink,60,1,358,853,867,859,861,383,20,20,0,0,0,1138.47036553525,1138.47036553525,valid,valid,0.0716117074774994,0.0716117074774994,0,1,0,Awake_immobile,d2e65164f5640b4b97649714fbbd3e5ab5bc26c3243e44683d98e840ef89b657
/Users/zcm361/Documents/Github/OxygenDynamicsV2/reference-validation/surge-FB2312-recheck-20260909/Recording,sink,61,1,359,917,922,920,922,380,20,20,0,0,0,3773.27118421053,3773.27118421053,valid,valid,0.116707369052701,0.116707369052701,0,1,0,Awake_immobile,d2e65164f5640b4b97649714fbbd3e5ab5bc26c3243e44683d98e840ef89b657
/Users/zcm361/Documents/Github/OxygenDynamicsV2/reference-validation/surge-FB2312-recheck-20260909/Recording,sink,61,2,360,928,933,928,933,545,20,17,0,3,0,NaN,NaN,insufficient_clean_prebaseline,insufficient_clean_prebaseline,NaN,NaN,NaN,1,0,Awake_immobile,d2e65164f5640b4b97649714fbbd3e5ab5bc26c3243e44683d98e840ef89b657
/Users/zcm361/Documents/Github/OxygenDynamicsV2/reference-validation/surge-FB2312-recheck-20260909/Recording,sink,61,3,361,938,959,938,940,389,20,11,0,9,0,NaN,NaN,insufficient_clean_prebaseline,insufficient_clean_prebaseline,NaN,NaN,NaN,1,0,Awake_immobile,d2e65164f5640b4b97649714fbbd3e5ab5bc26c3243e44683d98e840ef89b657
/Users/zcm361/Documents/Github/OxygenDynamicsV2/reference-validation/surge-FB2312-recheck-20260909/Recording,sink,61,4,362,1027,1036,1032,1036,558,20,20,0,0,0,3320.43405017921,3320.43405017921,valid,valid,0.117924190720413,0.117924190720413,0,1,0,Awake_immobile,d2e65164f5640b4b97649714fbbd3e5ab5bc26c3243e44683d98e840ef89b657
/Users/zcm361/Documents/Github/OxygenDynamicsV2/reference-validation/surge-FB2312-recheck-20260909/Recording,sink,61,5,363,1040,1053,1040,1049,528,20,15,0,5,0,NaN,NaN,insufficient_clean_prebaseline,insufficient_clean_prebaseline,NaN,NaN,NaN,1,0,Awake_immobile,d2e65164f5640b4b97649714fbbd3e5ab5bc26c3243e44683d98e840ef89b657
/Users/zcm361/Documents/Github/OxygenDynamicsV2/reference-validation/surge-FB2312-recheck-20260909/Recording,sink,61,6,364,1100,1122,1108,1110,397,20,20,0,0,0,3349.6935768262,3349.6935768262,valid,valid,0.0758213268652303,0.0758213268652303,0,1,0,Awake_immobile,d2e65164f5640b4b97649714fbbd3e5ab5bc26c3243e44683d98e840ef89b657
/Users/zcm361/Documents/Github/OxygenDynamicsV2/reference-validation/surge-FB2312-recheck-20260909/Recording,sink,62,1,365,936,940,938,940,362,20,20,0,0,0,2627.4861878453,2627.4861878453,valid,valid,0.0611207485675235,0.0611207485675235,0,1,0,Awake_immobile,d2e65164f5640b4b97649714fbbd3e5ab5bc26c3243e44683d98e840ef89b657
/Users/zcm361/Documents/Github/OxygenDynamicsV2/reference-validation/surge-FB2312-recheck-20260909/Recording,sink,63,1,366,1098,1125,1105,1107,430,20,20,0,0,0,4031.01953488372,4031.01953488372,valid,valid,0.0755203946326924,0.0755203946326924,0,1,0,Awake_immobile,d2e65164f5640b4b97649714fbbd3e5ab5bc26c3243e44683d98e840ef89b657
/Users/zcm361/Documents/Github/OxygenDynamicsV2/reference-validation/surge-FB2312-recheck-20260909/Recording,surge,1,1,1,1,18,1,18,4282,20,0,1,0,0,NaN,NaN,insufficient_clean_prebaseline,insufficient_clean_prebaseline,NaN,NaN,NaN,1,0,Awake_immobile,d2e65164f5640b4b97649714fbbd3e5ab5bc26c3243e44683d98e840ef89b657
/Users/zcm361/Documents/Github/OxygenDynamicsV2/reference-validation/surge-FB2312-recheck-20260909/Recording,surge,1,2,2,403,412,403,412,3684,20,20,0,0,0,706.302619435396,706.302619435396,valid,valid,-0.0238810145437647,-0.0238810145437647,0,1,1,Awake_immobile,d2e65164f5640b4b97649714fbbd3e5ab5bc26c3243e44683d98e840ef89b657
/Users/zcm361/Documents/Github/OxygenDynamicsV2/reference-validation/surge-FB2312-recheck-20260909/Recording,surge,1,3,3,542,552,542,552,2530,20,20,0,0,0,611.546699604743,611.546699604743,valid,valid,0.00197377458949367,0.00197377458949367,0,1,0,Awake_immobile,d2e65164f5640b4b97649714fbbd3e5ab5bc26c3243e44683d98e840ef89b657
/Users/zcm361/Documents/Github/OxygenDynamicsV2/reference-validation/surge-FB2312-recheck-20260909/Recording,surge,2,1,4,1,18,1,18,16141,20,0,1,0,0,NaN,NaN,insufficient_clean_prebaseline,insufficient_clean_prebaseline,NaN,NaN,NaN,1,0,Awake_immobile,d2e65164f5640b4b97649714fbbd3e5ab5bc26c3243e44683d98e840ef89b657
/Users/zcm361/Documents/Github/OxygenDynamicsV2/reference-validation/surge-FB2312-recheck-20260909/Recording,surge,2,2,5,204,214,204,214,16060,20,20,0,0,0,607.904750933998,607.904750933998,valid,valid,0.00323638849211381,0.00323638849211381,0,1,0,Awake_immobile,d2e65164f5640b4b97649714fbbd3e5ab5bc26c3243e44683d98e840ef89b657
/Users/zcm361/Documents/Github/OxygenDynamicsV2/reference-validation/surge-FB2312-recheck-20260909/Recording,surge,2,3,6,402,413,402,413,17743,20,20,0,0,0,663.36549343403,663.36549343403,valid,valid,-0.00235732612822521,-0.00235732612822521,0,1,1,Awake_immobile,d2e65164f5640b4b97649714fbbd3e5ab5bc26c3243e44683d98e840ef89b657
/Users/zcm361/Documents/Github/OxygenDynamicsV2/reference-validation/surge-FB2312-recheck-20260909/Recording,surge,2,4,7,428,438,428,438,17070,20,14,0,6,0,NaN,NaN,insufficient_clean_prebaseline,insufficient_clean_prebaseline,NaN,NaN,NaN,1,0,Awake_immobile,d2e65164f5640b4b97649714fbbd3e5ab5bc26c3243e44683d98e840ef89b657
/Users/zcm361/Documents/Github/OxygenDynamicsV2/reference-validation/surge-FB2312-recheck-20260909/Recording,surge,2,5,8,471,491,471,491,17881,20,14,0,6,0,NaN,NaN,insufficient_clean_prebaseline,insufficient_clean_prebaseline,NaN,NaN,NaN,1,0,Awake_immobile,d2e65164f5640b4b97649714fbbd3e5ab5bc26c3243e44683d98e840ef89b657
/Users/zcm361/Documents/Github/OxygenDynamicsV2/reference-validation/surge-FB2312-recheck-20260909/Recording,surge,2,6,9,493,503,493,503,17676,20,1,0,19,0,NaN,NaN,insufficient_clean_prebaseline,insufficient_clean_prebaseline,NaN,NaN,NaN,1,0,Awake_immobile,d2e65164f5640b4b97649714fbbd3e5ab5bc26c3243e44683d98e840ef89b657
/Users/zcm361/Documents/Github/OxygenDynamicsV2/reference-validation/surge-FB2312-recheck-20260909/Recording,surge,2,7,10,531,553,531,553,16928,20,17,0,3,0,NaN,NaN,insufficient_clean_prebaseline,insufficient_clean_prebaseline,NaN,NaN,NaN,1,0,Awake_immobile,d2e65164f5640b4b97649714fbbd3e5ab5bc26c3243e44683d98e840ef89b657
/Users/zcm361/Documents/Github/OxygenDynamicsV2/reference-validation/surge-FB2312-recheck-20260909/Recording,surge,2,8,11,641,650,641,650,16195,20,16,0,4,0,NaN,NaN,insufficient_clean_prebaseline,insufficient_clean_prebaseline,NaN,NaN,NaN,1,0,Awake_immobile,d2e65164f5640b4b97649714fbbd3e5ab5bc26c3243e44683d98e840ef89b657
/Users/zcm361/Documents/Github/OxygenDynamicsV2/reference-validation/surge-FB2312-recheck-20260909/Recording,surge,3,1,12,1,24,1,24,12559,20,0,1,0,0,NaN,NaN,insufficient_clean_prebaseline,insufficient_clean_prebaseline,NaN,NaN,NaN,1,0,Awake_immobile,d2e65164f5640b4b97649714fbbd3e5ab5bc26c3243e44683d98e840ef89b657
/Users/zcm361/Documents/Github/OxygenDynamicsV2/reference-validation/surge-FB2312-recheck-20260909/Recording,surge,3,2,13,204,214,204,214,12461,20,20,0,0,0,542.950405264425,542.950405264425,valid,valid,0.00587980114415293,0.00587980114415293,0,1,0,Awake_immobile,d2e65164f5640b4b97649714fbbd3e5ab5bc26c3243e44683d98e840ef89b657
/Users/zcm361/Documents/Github/OxygenDynamicsV2/reference-validation/surge-FB2312-recheck-20260909/Recording,surge,3,3,14,324,333,324,333,11780,20,20,0,0,0,557.739384550085,557.739384550085,valid,valid,0.00607732376846692,0.00607732376846692,0,1,0,Awake_immobile,d2e65164f5640b4b97649714fbbd3e5ab5bc26c3243e44683d98e840ef89b657
/Users/zcm361/Documents/Github/OxygenDynamicsV2/reference-validation/surge-FB2312-recheck-20260909/Recording,surge,3,4,15,402,412,402,412,12879,20,16,0,4,0,NaN,NaN,insufficient_clean_prebaseline,insufficient_clean_prebaseline,NaN,NaN,NaN,1,0,Awake_immobile,d2e65164f5640b4b97649714fbbd3e5ab5bc26c3243e44683d98e840ef89b657
/Users/zcm361/Documents/Github/OxygenDynamicsV2/reference-validation/surge-FB2312-recheck-20260909/Recording,surge,3,5,16,428,438,428,438,11478,20,15,0,5,0,NaN,NaN,insufficient_clean_prebaseline,insufficient_clean_prebaseline,NaN,NaN,NaN,1,0,Awake_immobile,d2e65164f5640b4b97649714fbbd3e5ab5bc26c3243e44683d98e840ef89b657
/Users/zcm361/Documents/Github/OxygenDynamicsV2/reference-validation/surge-FB2312-recheck-20260909/Recording,surge,3,6,17,471,491,471,491,12518,20,10,0,10,0,NaN,NaN,insufficient_clean_prebaseline,insufficient_clean_prebaseline,NaN,NaN,NaN,1,0,Awake_immobile,d2e65164f5640b4b97649714fbbd3e5ab5bc26c3243e44683d98e840ef89b657
/Users/zcm361/Documents/Github/OxygenDynamicsV2/reference-validation/surge-FB2312-recheck-20260909/Recording,surge,3,7,18,493,503,493,503,11517,20,1,0,19,0,NaN,NaN,insufficient_clean_prebaseline,insufficient_clean_prebaseline,NaN,NaN,NaN,1,0,Awake_immobile,d2e65164f5640b4b97649714fbbd3e5ab5bc26c3243e44683d98e840ef89b657
/Users/zcm361/Documents/Github/OxygenDynamicsV2/reference-validation/surge-FB2312-recheck-20260909/Recording,surge,3,8,19,531,553,531,553,12403,20,17,0,3,0,NaN,NaN,insufficient_clean_prebaseline,insufficient_clean_prebaseline,NaN,NaN,NaN,1,0,Awake_immobile,d2e65164f5640b4b97649714fbbd3e5ab5bc26c3243e44683d98e840ef89b657
/Users/zcm361/Documents/Github/OxygenDynamicsV2/reference-validation/surge-FB2312-recheck-20260909/Recording,surge,3,9,20,641,650,641,650,13180,20,13,0,7,0,NaN,NaN,insufficient_clean_prebaseline,insufficient_clean_prebaseline,NaN,NaN,NaN,1,0,Awake_immobile,d2e65164f5640b4b97649714fbbd3e5ab5bc26c3243e44683d98e840ef89b657
/Users/zcm361/Documents/Github/OxygenDynamicsV2/reference-validation/surge-FB2312-recheck-20260909/Recording,surge,3,10,21,683,695,683,695,11521,20,20,0,0,0,574.227623470185,574.227623470185,valid,valid,3.04655164929027e-05,3.04655164929027e-05,0,1,0,Awake_immobile,d2e65164f5640b4b97649714fbbd3e5ab5bc26c3243e44683d98e840ef89b657
/Users/zcm361/Documents/Github/OxygenDynamicsV2/reference-validation/surge-FB2312-recheck-20260909/Recording,surge,3,11,22,1063,1075,1063,1075,12620,20,20,0,0,0,571.033510301109,571.033510301109,valid,valid,0.00587531193787738,0.00587531193787738,0,1,0,Awake_immobile,d2e65164f5640b4b97649714fbbd3e5ab5bc26c3243e44683d98e840ef89b657
/Users/zcm361/Documents/Github/OxygenDynamicsV2/reference-validation/surge-FB2312-recheck-20260909/Recording,surge,4,1,23,17,46,17,46,24252,20,13,1,3,0,NaN,NaN,insufficient_clean_prebaseline,insufficient_clean_prebaseline,NaN,NaN,NaN,1,0,Awake_immobile,d2e65164f5640b4b97649714fbbd3e5ab5bc26c3243e44683d98e840ef89b657
/Users/zcm361/Documents/Github/OxygenDynamicsV2/reference-validation/surge-FB2312-recheck-20260909/Recording,surge,4,2,24,253,266,253,266,16691,20,20,0,0,0,5656.78279611767,5656.78279611767,valid,valid,0.140623960656922,0.140623960656922,0,1,0,Awake_immobile,d2e65164f5640b4b97649714fbbd3e5ab5bc26c3243e44683d98e840ef89b657
/Users/zcm361/Documents/Github/OxygenDynamicsV2/reference-validation/surge-FB2312-recheck-20260909/Recording,surge,4,3,25,356,395,356,395,25933,20,9,0,11,0,NaN,NaN,insufficient_clean_prebaseline,insufficient_clean_prebaseline,NaN,NaN,NaN,1,0,Awake_immobile,d2e65164f5640b4b97649714fbbd3e5ab5bc26c3243e44683d98e840ef89b657
/Users/zcm361/Documents/Github/OxygenDynamicsV2/reference-validation/surge-FB2312-recheck-20260909/Recording,surge,4,4,26,448,468,448,468,27016,20,5,0,15,0,NaN,NaN,insufficient_clean_prebaseline,insufficient_clean_prebaseline,NaN,NaN,NaN,1,0,Awake_immobile,d2e65164f5640b4b97649714fbbd3e5ab5bc26c3243e44683d98e840ef89b657
/Users/zcm361/Documents/Github/OxygenDynamicsV2/reference-validation/surge-FB2312-recheck-20260909/Recording,surge,4,5,27,1150,1160,1150,1160,10157,20,20,0,0,0,5663.26270060057,5663.26270060057,valid,valid,0.0540412148468841,0.0540412148468841,0,1,0,Awake_immobile,d2e65164f5640b4b97649714fbbd3e5ab5bc26c3243e44683d98e840ef89b657
/Users/zcm361/Documents/Github/OxygenDynamicsV2/reference-validation/surge-FB2312-recheck-20260909/Recording,surge,5,1,28,661,673,661,673,6491,20,20,0,0,0,5807.28636573718,5807.28636573718,valid,valid,0.0596511602445641,0.0596511602445641,0,1,0,Awake_immobile,d2e65164f5640b4b97649714fbbd3e5ab5bc26c3243e44683d98e840ef89b657
/Users/zcm361/Documents/Github/OxygenDynamicsV2/reference-validation/surge-FB2312-recheck-20260909/Recording,surge,6,1,29,511,523,511,523,8973,20,20,0,0,0,4340.84242728185,4340.84242728185,valid,valid,0.091178827576546,0.091178827576546,0,1,0,Awake_immobile,d2e65164f5640b4b97649714fbbd3e5ab5bc26c3243e44683d98e840ef89b657
/Users/zcm361/Documents/Github/OxygenDynamicsV2/reference-validation/surge-FB2312-recheck-20260909/Recording,surge,7,1,30,24,39,24,39,5468,20,20,0,0,0,1570.50656547184,1570.50656547184,valid,valid,0.170497001704763,0.170497001704763,0,1,0,Awake_immobile,d2e65164f5640b4b97649714fbbd3e5ab5bc26c3243e44683d98e840ef89b657
/Users/zcm361/Documents/Github/OxygenDynamicsV2/reference-validation/surge-FB2312-recheck-20260909/Recording,surge,7,2,31,515,526,515,526,1673,20,20,0,0,0,2921.84079497908,2921.84079497908,valid,valid,0.114569331722515,0.114569331722515,0,1,0,Awake_immobile,d2e65164f5640b4b97649714fbbd3e5ab5bc26c3243e44683d98e840ef89b657
/Users/zcm361/Documents/Github/OxygenDynamicsV2/reference-validation/surge-FB2312-recheck-20260909/Recording,surge,7,3,32,1190,1200,1190,1200,3952,20,20,0,0,0,2674.46428390688,2674.46428390688,valid,valid,0.0508650383022286,0.0508650383022286,0,1,0,Awake_immobile,d2e65164f5640b4b97649714fbbd3e5ab5bc26c3243e44683d98e840ef89b657
/Users/zcm361/Documents/Github/OxygenDynamicsV2/reference-validation/surge-FB2312-recheck-20260909/Recording,surge,8,1,33,355,364,355,364,12104,20,20,0,0,0,4455.00776602776,4455.00776602776,valid,valid,0.151427745283339,0.151427745283339,0,1,0,Awake_immobile,d2e65164f5640b4b97649714fbbd3e5ab5bc26c3243e44683d98e840ef89b657
/Users/zcm361/Documents/Github/OxygenDynamicsV2/reference-validation/surge-FB2312-recheck-20260909/Recording,surge,8,2,34,660,671,660,671,24878,20,5,0,15,0,NaN,NaN,insufficient_clean_prebaseline,insufficient_clean_prebaseline,NaN,NaN,NaN,1,0,Awake_immobile,d2e65164f5640b4b97649714fbbd3e5ab5bc26c3243e44683d98e840ef89b657
/Users/zcm361/Documents/Github/OxygenDynamicsV2/reference-validation/surge-FB2312-recheck-20260909/Recording,surge,9,1,35,37,53,37,53,5725,20,14,0,6,0,NaN,NaN,insufficient_clean_prebaseline,insufficient_clean_prebaseline,NaN,NaN,NaN,1,0,Awake_immobile,d2e65164f5640b4b97649714fbbd3e5ab5bc26c3243e44683d98e840ef89b657
/Users/zcm361/Documents/Github/OxygenDynamicsV2/reference-validation/surge-FB2312-recheck-20260909/Recording,surge,9,2,36,249,274,249,274,7953,20,20,0,0,0,5767.61056205206,5767.61056205206,valid,valid,0.154965187252544,0.154965187252544,0,1,0,Awake_immobile,d2e65164f5640b4b97649714fbbd3e5ab5bc26c3243e44683d98e840ef89b657
/Users/zcm361/Documents/Github/OxygenDynamicsV2/reference-validation/surge-FB2312-recheck-20260909/Recording,surge,9,3,37,355,366,355,366,5643,20,9,0,11,0,NaN,NaN,insufficient_clean_prebaseline,insufficient_clean_prebaseline,NaN,NaN,NaN,1,0,Awake_immobile,d2e65164f5640b4b97649714fbbd3e5ab5bc26c3243e44683d98e840ef89b657
/Users/zcm361/Documents/Github/OxygenDynamicsV2/reference-validation/surge-FB2312-recheck-20260909/Recording,surge,9,4,38,448,467,448,467,1896,20,20,0,0,0,5657.46563818565,5657.46563818565,valid,valid,0.193479097345035,0.193479097345035,0,1,0,Awake_immobile,d2e65164f5640b4b97649714fbbd3e5ab5bc26c3243e44683d98e840ef89b657
/Users/zcm361/Documents/Github/OxygenDynamicsV2/reference-validation/surge-FB2312-recheck-20260909/Recording,surge,9,5,39,511,528,511,528,5693,20,20,0,0,0,6329.91616019673,6329.91616019673,valid,valid,0.103117947796995,0.103117947796995,0,1,0,Awake_immobile,d2e65164f5640b4b97649714fbbd3e5ab5bc26c3243e44683d98e840ef89b657
/Users/zcm361/Documents/Github/OxygenDynamicsV2/reference-validation/surge-FB2312-recheck-20260909/Recording,surge,9,6,40,1144,1161,1144,1161,4821,20,7,0,13,0,NaN,NaN,insufficient_clean_prebaseline,insufficient_clean_prebaseline,NaN,NaN,NaN,1,0,Awake_immobile,d2e65164f5640b4b97649714fbbd3e5ab5bc26c3243e44683d98e840ef89b657
/Users/zcm361/Documents/Github/OxygenDynamicsV2/reference-validation/surge-FB2312-recheck-20260909/Recording,surge,10,1,41,24,35,24,35,5645,20,20,0,0,0,3567.01715677591,3567.01715677591,valid,valid,0.0937951826362543,0.0937951826362543,0,1,0,Awake_immobile,d2e65164f5640b4b97649714fbbd3e5ab5bc26c3243e44683d98e840ef89b657
/Users/zcm361/Documents/Github/OxygenDynamicsV2/reference-validation/surge-FB2312-recheck-20260909/Recording,surge,11,1,42,25,44,25,44,3272,20,20,0,0,0,1839.40414119804,1839.40414119804,valid,valid,0.19643710029642,0.19643710029642,0,1,0,Awake_immobile,d2e65164f5640b4b97649714fbbd3e5ab5bc26c3243e44683d98e840ef89b657
/Users/zcm361/Documents/Github/OxygenDynamicsV2/reference-validation/surge-FB2312-recheck-20260909/Recording,surge,11,2,43,46,55,46,55,3706,20,1,0,19,0,NaN,NaN,insufficient_clean_prebaseline,insufficient_clean_prebaseline,NaN,NaN,NaN,1,0,Awake_immobile,d2e65164f5640b4b97649714fbbd3e5ab5bc26c3243e44683d98e840ef89b657
/Users/zcm361/Documents/Github/OxygenDynamicsV2/reference-validation/surge-FB2312-recheck-20260909/Recording,surge,11,3,44,513,528,513,528,9648,20,18,0,2,0,NaN,NaN,insufficient_clean_prebaseline,insufficient_clean_prebaseline,NaN,NaN,NaN,1,0,Awake_immobile,d2e65164f5640b4b97649714fbbd3e5ab5bc26c3243e44683d98e840ef89b657
/Users/zcm361/Documents/Github/OxygenDynamicsV2/reference-validation/surge-FB2312-recheck-20260909/Recording,surge,11,4,45,758,767,758,767,7478,20,19,0,1,0,NaN,NaN,insufficient_clean_prebaseline,insufficient_clean_prebaseline,NaN,NaN,NaN,1,0,Awake_immobile,d2e65164f5640b4b97649714fbbd3e5ab5bc26c3243e44683d98e840ef89b657
/Users/zcm361/Documents/Github/OxygenDynamicsV2/reference-validation/surge-FB2312-recheck-20260909/Recording,surge,11,5,46,823,835,823,835,26668,20,18,0,2,0,NaN,NaN,insufficient_clean_prebaseline,insufficient_clean_prebaseline,NaN,NaN,NaN,1,0,Awake_immobile,d2e65164f5640b4b97649714fbbd3e5ab5bc26c3243e44683d98e840ef89b657
/Users/zcm361/Documents/Github/OxygenDynamicsV2/reference-validation/surge-FB2312-recheck-20260909/Recording,surge,11,6,47,1191,1200,1191,1200,20401,20,14,0,6,0,NaN,NaN,insufficient_clean_prebaseline,insufficient_clean_prebaseline,NaN,NaN,NaN,1,0,Awake_immobile,d2e65164f5640b4b97649714fbbd3e5ab5bc26c3243e44683d98e840ef89b657
/Users/zcm361/Documents/Github/OxygenDynamicsV2/reference-validation/surge-FB2312-recheck-20260909/Recording,surge,12,1,48,26,38,26,38,1703,20,20,0,0,0,1428.04166177334,1428.04166177334,valid,valid,0.159769016280503,0.159769016280503,0,1,0,Awake_immobile,d2e65164f5640b4b97649714fbbd3e5ab5bc26c3243e44683d98e840ef89b657
/Users/zcm361/Documents/Github/OxygenDynamicsV2/reference-validation/surge-FB2312-recheck-20260909/Recording,surge,13,1,49,735,748,735,748,11978,20,12,0,8,0,NaN,NaN,insufficient_clean_prebaseline,insufficient_clean_prebaseline,NaN,NaN,NaN,1,0,Awake_immobile,d2e65164f5640b4b97649714fbbd3e5ab5bc26c3243e44683d98e840ef89b657
/Users/zcm361/Documents/Github/OxygenDynamicsV2/reference-validation/surge-FB2312-recheck-20260909/Recording,surge,14,1,50,127,140,127,140,2423,20,20,0,0,0,3707.86044160132,3707.86044160132,valid,valid,0.0904019328671071,0.0904019328671071,0,1,0,Awake_immobile,d2e65164f5640b4b97649714fbbd3e5ab5bc26c3243e44683d98e840ef89b657
/Users/zcm361/Documents/Github/OxygenDynamicsV2/reference-validation/surge-FB2312-recheck-20260909/Recording,surge,14,2,51,360,388,360,388,4386,20,19,0,1,0,NaN,NaN,insufficient_clean_prebaseline,insufficient_clean_prebaseline,NaN,NaN,NaN,1,0,Awake_immobile,d2e65164f5640b4b97649714fbbd3e5ab5bc26c3243e44683d98e840ef89b657
/Users/zcm361/Documents/Github/OxygenDynamicsV2/reference-validation/surge-FB2312-recheck-20260909/Recording,surge,14,3,52,460,469,460,469,7086,20,20,0,0,0,4253.41336438047,4253.41336438047,valid,valid,0.177024163598567,0.177024163598567,0,1,0,Awake_immobile,d2e65164f5640b4b97649714fbbd3e5ab5bc26c3243e44683d98e840ef89b657
/Users/zcm361/Documents/Github/OxygenDynamicsV2/reference-validation/surge-FB2312-recheck-20260909/Recording,surge,15,1,53,452,463,452,463,1416,20,20,0,0,0,7127.97326977401,7127.97326977401,valid,valid,0.14216298171499,0.14216298171499,0,1,0,Awake_immobile,d2e65164f5640b4b97649714fbbd3e5ab5bc26c3243e44683d98e840ef89b657
/Users/zcm361/Documents/Github/OxygenDynamicsV2/reference-validation/surge-FB2312-recheck-20260909/Recording,surge,16,1,54,41,50,41,50,2280,20,7,0,13,0,NaN,NaN,insufficient_clean_prebaseline,insufficient_clean_prebaseline,NaN,NaN,NaN,1,0,Awake_immobile,d2e65164f5640b4b97649714fbbd3e5ab5bc26c3243e44683d98e840ef89b657
/Users/zcm361/Documents/Github/OxygenDynamicsV2/reference-validation/surge-FB2312-recheck-20260909/Recording,surge,17,1,55,452,462,452,462,1423,20,4,0,16,0,NaN,NaN,insufficient_clean_prebaseline,insufficient_clean_prebaseline,NaN,NaN,NaN,1,0,Awake_immobile,d2e65164f5640b4b97649714fbbd3e5ab5bc26c3243e44683d98e840ef89b657
/Users/zcm361/Documents/Github/OxygenDynamicsV2/reference-validation/surge-FB2312-recheck-20260909/Recording,surge,17,2,56,513,527,513,527,913,20,20,0,0,0,4310.33176341731,4310.33176341731,valid,valid,0.125536800203104,0.125536800203104,0,1,0,Awake_immobile,d2e65164f5640b4b97649714fbbd3e5ab5bc26c3243e44683d98e840ef89b657
/Users/zcm361/Documents/Github/OxygenDynamicsV2/reference-validation/surge-FB2312-recheck-20260909/Recording,surge,18,1,57,385,398,385,398,3694,20,20,0,0,0,3985.16119382783,3985.16119382783,valid,valid,0.0337569655438314,0.0337569655438314,0,1,0,Awake_immobile,d2e65164f5640b4b97649714fbbd3e5ab5bc26c3243e44683d98e840ef89b657
/Users/zcm361/Documents/Github/OxygenDynamicsV2/reference-validation/surge-FB2312-recheck-20260909/Recording,surge,19,1,58,816,835,816,835,4304,20,20,0,0,0,4485.63402648699,4485.63402648699,valid,valid,0.0902882992241105,0.0902882992241105,0,1,0,Awake_immobile,d2e65164f5640b4b97649714fbbd3e5ab5bc26c3243e44683d98e840ef89b657
