Status,OnsetFrame,BestCandidateFrame,FitStartFrame,FitEndFrame,ScoreImprovement,ProfileStartFrame,ProfileEndFrame,ProfileSpanSec,BaselineSlopePerSecOverFitMedian,PostSlopePerSecOverFitMedian,BaselineStartFrame,BaselineEndFrame,BaselineMean,ProvisionalAmplitude,BaselineStatus,Session,Case,EventRow,TraceKind,LocalRow,IsPreselectedMatch,NativeStartFrame,NativeEndFrame,StoredAmplitude,StoredBaselineStatus,OnsetOffsetFromImposedStart,NativeBaselineImposedFraction,ProposedBaselineImposedFraction,ProposedBaselinePositiveFrames,CounterfactualPeakFraction,BaselineEffectPercentagePoints
recording_boundary_unresolved,NaN,NaN,-57,7,NaN,NaN,NaN,NaN,NaN,NaN,NaN,NaN,NaN,NaN,onset_unresolved,M400-01-baseline-awake,growing_clean,1,constructed,2,0,3,14,NaN,insufficient_clean_prebaseline,NaN,NaN,NaN,NaN,NaN,NaN
recording_boundary_unresolved,NaN,NaN,-57,7,NaN,NaN,NaN,NaN,NaN,NaN,NaN,NaN,NaN,NaN,onset_unresolved,M400-01-baseline-awake,growing_clean,1,source,2,0,3,14,NaN,insufficient_clean_prebaseline,NaN,NaN,NaN,NaN,NaN,NaN
recording_boundary_unresolved,NaN,NaN,-53,11,NaN,NaN,NaN,NaN,NaN,NaN,NaN,NaN,NaN,NaN,onset_unresolved,M400-01-baseline-awake,growing_clean,2,constructed,5,0,7,18,NaN,insufficient_clean_prebaseline,NaN,NaN,NaN,NaN,NaN,NaN
recording_boundary_unresolved,NaN,NaN,-53,11,NaN,NaN,NaN,NaN,NaN,NaN,NaN,NaN,NaN,NaN,onset_unresolved,M400-01-baseline-awake,growing_clean,2,source,5,0,7,18,NaN,insufficient_clean_prebaseline,NaN,NaN,NaN,NaN,NaN,NaN
recording_boundary_unresolved,NaN,NaN,-33,31,NaN,NaN,NaN,NaN,NaN,NaN,NaN,NaN,NaN,NaN,onset_unresolved,M400-01-baseline-awake,growing_clean,3,constructed,8,0,27,36,0.00879984605820161,valid,NaN,0,NaN,NaN,NaN,NaN
recording_boundary_unresolved,NaN,NaN,-33,31,NaN,NaN,NaN,NaN,NaN,NaN,NaN,NaN,NaN,NaN,onset_unresolved,M400-01-baseline-awake,growing_clean,3,source,8,0,27,36,0.00879984605820161,valid,NaN,NaN,NaN,NaN,NaN,NaN
recording_boundary_unresolved,NaN,NaN,-5,59,NaN,NaN,NaN,NaN,NaN,NaN,NaN,NaN,NaN,NaN,onset_unresolved,M400-01-baseline-awake,growing_clean,4,constructed,11,0,55,71,NaN,insufficient_clean_prebaseline,NaN,0,NaN,NaN,NaN,NaN
recording_boundary_unresolved,NaN,NaN,-5,59,NaN,NaN,NaN,NaN,NaN,NaN,NaN,NaN,NaN,NaN,onset_unresolved,M400-01-baseline-awake,growing_clean,4,source,11,0,55,71,NaN,insufficient_clean_prebaseline,NaN,NaN,NaN,NaN,NaN,NaN
recording_boundary_unresolved,NaN,NaN,-2,62,NaN,NaN,NaN,NaN,NaN,NaN,NaN,NaN,NaN,NaN,onset_unresolved,M400-01-baseline-awake,growing_clean,5,constructed,14,0,58,67,NaN,insufficient_clean_prebaseline,NaN,0,NaN,NaN,NaN,NaN
recording_boundary_unresolved,NaN,NaN,-2,62,NaN,NaN,NaN,NaN,NaN,NaN,NaN,NaN,NaN,NaN,onset_unresolved,M400-01-baseline-awake,growing_clean,5,source,14,0,58,67,NaN,insufficient_clean_prebaseline,NaN,NaN,NaN,NaN,NaN,NaN
recording_boundary_unresolved,NaN,NaN,-1,63,NaN,NaN,NaN,NaN,NaN,NaN,NaN,NaN,NaN,NaN,onset_unresolved,M400-01-baseline-awake,growing_clean,6,constructed,17,0,59,74,0.0618895140835196,valid,NaN,0,NaN,NaN,NaN,NaN
recording_boundary_unresolved,NaN,NaN,-1,63,NaN,NaN,NaN,NaN,NaN,NaN,NaN,NaN,NaN,NaN,onset_unresolved,M400-01-baseline-awake,growing_clean,6,source,17,0,59,74,0.0618895140835196,valid,NaN,NaN,NaN,NaN,NaN,NaN
overlapping_detection_in_fit,NaN,NaN,5,69,NaN,NaN,NaN,NaN,NaN,NaN,NaN,NaN,NaN,NaN,onset_unresolved,M400-01-baseline-awake,growing_clean,7,constructed,20,0,65,83,NaN,insufficient_clean_prebaseline,NaN,0,NaN,NaN,NaN,NaN
overlapping_detection_in_fit,NaN,NaN,5,69,NaN,NaN,NaN,NaN,NaN,NaN,NaN,NaN,NaN,NaN,onset_unresolved,M400-01-baseline-awake,growing_clean,7,source,20,0,65,83,NaN,insufficient_clean_prebaseline,NaN,NaN,NaN,NaN,NaN,NaN
overlapping_detection_in_fit,NaN,NaN,150,214,NaN,NaN,NaN,NaN,NaN,NaN,NaN,NaN,NaN,NaN,onset_unresolved,M400-01-baseline-awake,growing_clean,8,constructed,23,0,210,219,NaN,insufficient_clean_prebaseline,NaN,0,NaN,NaN,NaN,NaN
overlapping_detection_in_fit,NaN,NaN,150,214,NaN,NaN,NaN,NaN,NaN,NaN,NaN,NaN,NaN,NaN,onset_unresolved,M400-01-baseline-awake,growing_clean,8,source,23,0,210,219,NaN,insufficient_clean_prebaseline,NaN,NaN,NaN,NaN,NaN,NaN
overlapping_detection_in_fit,NaN,NaN,6,70,NaN,NaN,NaN,NaN,NaN,NaN,NaN,NaN,NaN,NaN,onset_unresolved,M400-01-baseline-awake,growing_clean,9,constructed,26,0,66,76,0.0290611417196623,valid,NaN,0,NaN,NaN,NaN,NaN
overlapping_detection_in_fit,NaN,NaN,6,70,NaN,NaN,NaN,NaN,NaN,NaN,NaN,NaN,NaN,NaN,onset_unresolved,M400-01-baseline-awake,growing_clean,9,source,26,0,66,76,0.0290611417196623,valid,NaN,NaN,NaN,NaN,NaN,NaN
overlapping_detection_in_fit,NaN,NaN,17,81,NaN,NaN,NaN,NaN,NaN,NaN,NaN,NaN,NaN,NaN,onset_unresolved,M400-01-baseline-awake,growing_clean,10,constructed,29,0,77,87,NaN,insufficient_clean_prebaseline,NaN,0,NaN,NaN,NaN,NaN
overlapping_detection_in_fit,NaN,NaN,17,81,NaN,NaN,NaN,NaN,NaN,NaN,NaN,NaN,NaN,NaN,onset_unresolved,M400-01-baseline-awake,growing_clean,10,source,29,0,77,87,NaN,insufficient_clean_prebaseline,NaN,NaN,NaN,NaN,NaN,NaN
overlapping_detection_in_fit,NaN,NaN,46,110,NaN,NaN,NaN,NaN,NaN,NaN,NaN,NaN,NaN,NaN,onset_unresolved,M400-01-baseline-awake,growing_clean,11,constructed,32,0,106,115,0.0224722236770528,valid,NaN,0,NaN,NaN,NaN,NaN
overlapping_detection_in_fit,NaN,NaN,46,110,NaN,NaN,NaN,NaN,NaN,NaN,NaN,NaN,NaN,NaN,onset_unresolved,M400-01-baseline-awake,growing_clean,11,source,32,0,106,115,0.0224722236770528,valid,NaN,NaN,NaN,NaN,NaN,NaN
overlapping_detection_in_fit,NaN,NaN,46,110,NaN,NaN,NaN,NaN,NaN,NaN,NaN,NaN,NaN,NaN,onset_unresolved,M400-01-baseline-awake,growing_clean,12,constructed,35,0,106,115,NaN,insufficient_clean_prebaseline,NaN,0,NaN,NaN,NaN,NaN
overlapping_detection_in_fit,NaN,NaN,46,110,NaN,NaN,NaN,NaN,NaN,NaN,NaN,NaN,NaN,NaN,onset_unresolved,M400-01-baseline-awake,growing_clean,12,source,35,0,106,115,NaN,insufficient_clean_prebaseline,NaN,NaN,NaN,NaN,NaN,NaN
overlapping_detection_in_fit,NaN,NaN,67,131,NaN,NaN,NaN,NaN,NaN,NaN,NaN,NaN,NaN,NaN,onset_unresolved,M400-01-baseline-awake,growing_clean,13,constructed,38,0,127,145,NaN,insufficient_clean_prebaseline,NaN,0,NaN,NaN,NaN,NaN
overlapping_detection_in_fit,NaN,NaN,67,131,NaN,NaN,NaN,NaN,NaN,NaN,NaN,NaN,NaN,NaN,onset_unresolved,M400-01-baseline-awake,growing_clean,13,source,38,0,127,145,NaN,insufficient_clean_prebaseline,NaN,NaN,NaN,NaN,NaN,NaN
overlapping_detection_in_fit,NaN,NaN,67,131,NaN,NaN,NaN,NaN,NaN,NaN,NaN,NaN,NaN,NaN,onset_unresolved,M400-01-baseline-awake,growing_clean,14,constructed,41,1,127,152,NaN,insufficient_clean_prebaseline,NaN,0.0114182827663605,NaN,NaN,NaN,NaN
overlapping_detection_in_fit,NaN,NaN,67,131,NaN,NaN,NaN,NaN,NaN,NaN,NaN,NaN,NaN,NaN,onset_unresolved,M400-01-baseline-awake,growing_clean,14,source,41,1,127,152,NaN,insufficient_clean_prebaseline,NaN,NaN,NaN,NaN,NaN,NaN
overlapping_detection_in_fit,NaN,NaN,73,137,NaN,NaN,NaN,NaN,NaN,NaN,NaN,NaN,NaN,NaN,onset_unresolved,M400-01-baseline-awake,growing_clean,15,constructed,44,0,133,145,NaN,insufficient_clean_prebaseline,NaN,0,NaN,NaN,NaN,NaN
overlapping_detection_in_fit,NaN,NaN,73,137,NaN,NaN,NaN,NaN,NaN,NaN,NaN,NaN,NaN,NaN,onset_unresolved,M400-01-baseline-awake,growing_clean,15,source,44,0,133,145,NaN,insufficient_clean_prebaseline,NaN,NaN,NaN,NaN,NaN,NaN
overlapping_detection_in_fit,NaN,NaN,81,145,NaN,NaN,NaN,NaN,NaN,NaN,NaN,NaN,NaN,NaN,onset_unresolved,M400-01-baseline-awake,growing_clean,16,constructed,47,0,141,156,0.0167222799653264,valid,NaN,0,NaN,NaN,NaN,NaN
overlapping_detection_in_fit,NaN,NaN,81,145,NaN,NaN,NaN,NaN,NaN,NaN,NaN,NaN,NaN,NaN,onset_unresolved,M400-01-baseline-awake,growing_clean,16,source,47,0,141,156,0.0167222799653264,valid,NaN,NaN,NaN,NaN,NaN,NaN
overlapping_detection_in_fit,NaN,NaN,84,148,NaN,NaN,NaN,NaN,NaN,NaN,NaN,NaN,NaN,NaN,onset_unresolved,M400-01-baseline-awake,growing_clean,17,constructed,50,0,144,155,NaN,insufficient_clean_prebaseline,NaN,0,NaN,NaN,NaN,NaN
overlapping_detection_in_fit,NaN,NaN,84,148,NaN,NaN,NaN,NaN,NaN,NaN,NaN,NaN,NaN,NaN,onset_unresolved,M400-01-baseline-awake,growing_clean,17,source,50,0,144,155,NaN,insufficient_clean_prebaseline,NaN,NaN,NaN,NaN,NaN,NaN
overlapping_detection_in_fit,NaN,NaN,96,160,NaN,NaN,NaN,NaN,NaN,NaN,NaN,NaN,NaN,NaN,onset_unresolved,M400-01-baseline-awake,growing_clean,18,constructed,53,0,156,169,NaN,insufficient_clean_prebaseline,NaN,0,NaN,NaN,NaN,NaN
overlapping_detection_in_fit,NaN,NaN,96,160,NaN,NaN,NaN,NaN,NaN,NaN,NaN,NaN,NaN,NaN,onset_unresolved,M400-01-baseline-awake,growing_clean,18,source,53,0,156,169,NaN,insufficient_clean_prebaseline,NaN,NaN,NaN,NaN,NaN,NaN
overlapping_detection_in_fit,NaN,NaN,303,367,NaN,NaN,NaN,NaN,NaN,NaN,NaN,NaN,NaN,NaN,onset_unresolved,M400-01-baseline-awake,growing_clean,19,constructed,56,0,363,388,0.0459319721471902,valid,NaN,0,NaN,NaN,NaN,NaN
overlapping_detection_in_fit,NaN,NaN,303,367,NaN,NaN,NaN,NaN,NaN,NaN,NaN,NaN,NaN,NaN,onset_unresolved,M400-01-baseline-awake,growing_clean,19,source,56,0,363,388,0.0459319721471902,valid,NaN,NaN,NaN,NaN,NaN,NaN
overlapping_detection_in_fit,NaN,NaN,98,162,NaN,NaN,NaN,NaN,NaN,NaN,NaN,NaN,NaN,NaN,onset_unresolved,M400-01-baseline-awake,growing_clean,20,constructed,59,0,158,187,NaN,insufficient_clean_prebaseline,NaN,-0.0521185611859338,NaN,NaN,NaN,NaN
overlapping_detection_in_fit,NaN,NaN,98,162,NaN,NaN,NaN,NaN,NaN,NaN,NaN,NaN,NaN,NaN,onset_unresolved,M400-01-baseline-awake,growing_clean,20,source,59,0,158,187,NaN,insufficient_clean_prebaseline,NaN,NaN,NaN,NaN,NaN,NaN
overlapping_detection_in_fit,NaN,NaN,129,193,NaN,NaN,NaN,NaN,NaN,NaN,NaN,NaN,NaN,NaN,onset_unresolved,M400-01-baseline-awake,growing_clean,21,constructed,62,0,189,210,NaN,insufficient_clean_prebaseline,NaN,0,NaN,NaN,NaN,NaN
overlapping_detection_in_fit,NaN,NaN,129,193,NaN,NaN,NaN,NaN,NaN,NaN,NaN,NaN,NaN,NaN,onset_unresolved,M400-01-baseline-awake,growing_clean,21,source,62,0,189,210,NaN,insufficient_clean_prebaseline,NaN,NaN,NaN,NaN,NaN,NaN
overlapping_detection_in_fit,NaN,NaN,167,231,NaN,NaN,NaN,NaN,NaN,NaN,NaN,NaN,NaN,NaN,onset_unresolved,M400-01-baseline-awake,growing_clean,22,constructed,65,0,227,240,NaN,insufficient_clean_prebaseline,NaN,0,NaN,NaN,NaN,NaN
overlapping_detection_in_fit,NaN,NaN,167,231,NaN,NaN,NaN,NaN,NaN,NaN,NaN,NaN,NaN,NaN,onset_unresolved,M400-01-baseline-awake,growing_clean,22,source,65,0,227,240,NaN,insufficient_clean_prebaseline,NaN,NaN,NaN,NaN,NaN,NaN
overlapping_detection_in_fit,NaN,NaN,101,165,NaN,NaN,NaN,NaN,NaN,NaN,NaN,NaN,NaN,NaN,onset_unresolved,M400-01-baseline-awake,growing_clean,23,constructed,68,0,161,179,NaN,insufficient_clean_prebaseline,NaN,0.00053989374520369,NaN,NaN,NaN,NaN
overlapping_detection_in_fit,NaN,NaN,101,165,NaN,NaN,NaN,NaN,NaN,NaN,NaN,NaN,NaN,NaN,onset_unresolved,M400-01-baseline-awake,growing_clean,23,source,68,0,161,179,NaN,insufficient_clean_prebaseline,NaN,NaN,NaN,NaN,NaN,NaN
overlapping_detection_in_fit,NaN,NaN,109,173,NaN,NaN,NaN,NaN,NaN,NaN,NaN,NaN,NaN,NaN,onset_unresolved,M400-01-baseline-awake,growing_clean,24,constructed,71,0,169,186,NaN,insufficient_clean_prebaseline,NaN,0,NaN,NaN,NaN,NaN
overlapping_detection_in_fit,NaN,NaN,109,173,NaN,NaN,NaN,NaN,NaN,NaN,NaN,NaN,NaN,NaN,onset_unresolved,M400-01-baseline-awake,growing_clean,24,source,71,0,169,186,NaN,insufficient_clean_prebaseline,NaN,NaN,NaN,NaN,NaN,NaN
overlapping_detection_in_fit,NaN,NaN,137,201,NaN,NaN,NaN,NaN,NaN,NaN,NaN,NaN,NaN,NaN,onset_unresolved,M400-01-baseline-awake,growing_clean,25,constructed,74,0,197,206,NaN,insufficient_clean_prebaseline,NaN,0,NaN,NaN,NaN,NaN
overlapping_detection_in_fit,NaN,NaN,137,201,NaN,NaN,NaN,NaN,NaN,NaN,NaN,NaN,NaN,NaN,onset_unresolved,M400-01-baseline-awake,growing_clean,25,source,74,0,197,206,NaN,insufficient_clean_prebaseline,NaN,NaN,NaN,NaN,NaN,NaN
overlapping_detection_in_fit,NaN,NaN,264,328,NaN,NaN,NaN,NaN,NaN,NaN,NaN,NaN,NaN,NaN,onset_unresolved,M400-01-baseline-awake,growing_clean,26,constructed,77,0,324,334,0.0374478557662154,valid,NaN,0,NaN,NaN,NaN,NaN
overlapping_detection_in_fit,NaN,NaN,264,328,NaN,NaN,NaN,NaN,NaN,NaN,NaN,NaN,NaN,NaN,onset_unresolved,M400-01-baseline-awake,growing_clean,26,source,77,0,324,334,0.0374478557662154,valid,NaN,NaN,NaN,NaN,NaN,NaN
overlapping_detection_in_fit,NaN,NaN,474,538,NaN,NaN,NaN,NaN,NaN,NaN,NaN,NaN,NaN,NaN,onset_unresolved,M400-01-baseline-awake,growing_clean,27,constructed,80,0,534,543,NaN,insufficient_clean_prebaseline,NaN,0,NaN,NaN,NaN,NaN
overlapping_detection_in_fit,NaN,NaN,474,538,NaN,NaN,NaN,NaN,NaN,NaN,NaN,NaN,NaN,NaN,onset_unresolved,M400-01-baseline-awake,growing_clean,27,source,80,0,534,543,NaN,insufficient_clean_prebaseline,NaN,NaN,NaN,NaN,NaN,NaN
insufficient_improvement,NaN,162,114,178,-4.10847637812855,139,167,28,-0.000517572524365244,0.00662692131639966,NaN,NaN,NaN,NaN,onset_unresolved,M400-01-baseline-awake,growing_clean,28,constructed,83,0,174,185,0.126692888480028,valid,NaN,0,NaN,NaN,NaN,NaN
insufficient_improvement,NaN,162,114,178,-4.10847637812855,139,167,28,-0.000517572524365244,0.00662692131639966,NaN,NaN,NaN,NaN,onset_unresolved,M400-01-baseline-awake,growing_clean,28,source,83,0,174,185,0.126692888480028,valid,NaN,NaN,NaN,NaN,NaN,NaN
resolved,407,407,386,450,14.1711240239661,406,409,3,-0.0108398943421351,0.00394705162565697,387,406,40.831985940246,0.124544836313239,provisional_valid,M400-01-baseline-awake,growing_clean,29,constructed,86,0,446,456,0.101184235620636,valid,NaN,0,0,0,0.124544836313239,0
resolved,407,407,386,450,14.1711240239661,406,409,3,-0.0108398943421351,0.00394705162565697,387,406,40.831985940246,0.124544836313239,provisional_valid,M400-01-baseline-awake,growing_clean,29,source,86,0,446,456,0.101184235620636,valid,NaN,NaN,NaN,NaN,NaN,NaN
insufficient_improvement,NaN,181,136,200,-6.02036248112533,156,196,40,0.000508711276575706,-0.00083388543963774,NaN,NaN,NaN,NaN,onset_unresolved,M400-01-baseline-awake,growing_clean,30,constructed,89,0,196,206,0.0573180901261261,valid,NaN,0,NaN,NaN,NaN,NaN
insufficient_improvement,NaN,181,136,200,-6.02036248112533,156,196,40,0.000508711276575706,-0.00083388543963774,NaN,NaN,NaN,NaN,onset_unresolved,M400-01-baseline-awake,growing_clean,30,source,89,0,196,206,0.0573180901261261,valid,NaN,NaN,NaN,NaN,NaN,NaN
overlapping_detection_in_fit,NaN,NaN,149,213,NaN,NaN,NaN,NaN,NaN,NaN,NaN,NaN,NaN,NaN,onset_unresolved,M400-01-baseline-awake,growing_clean,31,constructed,92,0,209,219,0.0576482929073408,valid,NaN,0,NaN,NaN,NaN,NaN
overlapping_detection_in_fit,NaN,NaN,149,213,NaN,NaN,NaN,NaN,NaN,NaN,NaN,NaN,NaN,NaN,onset_unresolved,M400-01-baseline-awake,growing_clean,31,source,92,0,209,219,0.0576482929073408,valid,NaN,NaN,NaN,NaN,NaN,NaN
insufficient_improvement,NaN,223,181,245,6.31785797093337,221,225,4,-0.00065918689768223,0.00139039440599882,NaN,NaN,NaN,NaN,onset_unresolved,M400-01-baseline-awake,growing_clean,32,constructed,95,0,241,251,0.0367361835874108,valid,NaN,0,NaN,NaN,NaN,NaN
insufficient_improvement,NaN,223,181,245,6.31785797093337,221,225,4,-0.00065918689768223,0.00139039440599882,NaN,NaN,NaN,NaN,onset_unresolved,M400-01-baseline-awake,growing_clean,32,source,95,0,241,251,0.0367361835874108,valid,NaN,NaN,NaN,NaN,NaN,NaN
overlapping_detection_in_fit,NaN,NaN,181,245,NaN,NaN,NaN,NaN,NaN,NaN,NaN,NaN,NaN,NaN,onset_unresolved,M400-01-baseline-awake,growing_clean,33,constructed,98,0,241,254,0.0562483219474357,valid,NaN,0,NaN,NaN,NaN,NaN
overlapping_detection_in_fit,NaN,NaN,181,245,NaN,NaN,NaN,NaN,NaN,NaN,NaN,NaN,NaN,NaN,onset_unresolved,M400-01-baseline-awake,growing_clean,33,source,98,0,241,254,0.0562483219474357,valid,NaN,NaN,NaN,NaN,NaN,NaN
overlapping_detection_in_fit,NaN,NaN,181,245,NaN,NaN,NaN,NaN,NaN,NaN,NaN,NaN,NaN,NaN,onset_unresolved,M400-01-baseline-awake,growing_clean,34,constructed,101,0,241,252,0.0475146609354352,valid,NaN,0,NaN,NaN,NaN,NaN
overlapping_detection_in_fit,NaN,NaN,181,245,NaN,NaN,NaN,NaN,NaN,NaN,NaN,NaN,NaN,NaN,onset_unresolved,M400-01-baseline-awake,growing_clean,34,source,101,0,241,252,0.0475146609354352,valid,NaN,NaN,NaN,NaN,NaN,NaN
overlapping_detection_in_fit,NaN,NaN,182,246,NaN,NaN,NaN,NaN,NaN,NaN,NaN,NaN,NaN,NaN,onset_unresolved,M400-01-baseline-awake,growing_clean,35,constructed,104,0,242,253,0.0275436791337505,valid,NaN,0,NaN,NaN,NaN,NaN
overlapping_detection_in_fit,NaN,NaN,182,246,NaN,NaN,NaN,NaN,NaN,NaN,NaN,NaN,NaN,NaN,onset_unresolved,M400-01-baseline-awake,growing_clean,35,source,104,0,242,253,0.0275436791337505,valid,NaN,NaN,NaN,NaN,NaN,NaN
insufficient_improvement,NaN,239,183,247,0.0480320919212431,236,242,6,-0.00130136025335296,0.0136434093072803,NaN,NaN,NaN,NaN,onset_unresolved,M400-01-baseline-awake,growing_clean,36,constructed,107,0,243,253,0.0951633172090635,valid,NaN,0,NaN,NaN,NaN,NaN
insufficient_improvement,NaN,239,183,247,0.0480320919212431,236,242,6,-0.00130136025335296,0.0136434093072803,NaN,NaN,NaN,NaN,onset_unresolved,M400-01-baseline-awake,growing_clean,36,source,107,0,243,253,0.0951633172090635,valid,NaN,NaN,NaN,NaN,NaN,NaN
overlapping_detection_in_fit,NaN,NaN,271,335,NaN,NaN,NaN,NaN,NaN,NaN,NaN,NaN,NaN,NaN,onset_unresolved,M400-01-baseline-awake,growing_clean,37,constructed,110,0,331,347,0.0583029306188727,valid,NaN,0,NaN,NaN,NaN,NaN
overlapping_detection_in_fit,NaN,NaN,271,335,NaN,NaN,NaN,NaN,NaN,NaN,NaN,NaN,NaN,NaN,onset_unresolved,M400-01-baseline-awake,growing_clean,37,source,110,0,331,347,0.0583029306188727,valid,NaN,NaN,NaN,NaN,NaN,NaN
overlapping_detection_in_fit,NaN,NaN,185,249,NaN,NaN,NaN,NaN,NaN,NaN,NaN,NaN,NaN,NaN,onset_unresolved,M400-01-baseline-awake,growing_clean,38,constructed,113,0,245,254,NaN,insufficient_clean_prebaseline,NaN,0,NaN,NaN,NaN,NaN
overlapping_detection_in_fit,NaN,NaN,185,249,NaN,NaN,NaN,NaN,NaN,NaN,NaN,NaN,NaN,NaN,onset_unresolved,M400-01-baseline-awake,growing_clean,38,source,113,0,245,254,NaN,insufficient_clean_prebaseline,NaN,NaN,NaN,NaN,NaN,NaN
overlapping_detection_in_fit,NaN,NaN,224,288,NaN,NaN,NaN,NaN,NaN,NaN,NaN,NaN,NaN,NaN,onset_unresolved,M400-01-baseline-awake,growing_clean,39,constructed,116,0,284,294,NaN,insufficient_clean_prebaseline,NaN,0,NaN,NaN,NaN,NaN
overlapping_detection_in_fit,NaN,NaN,224,288,NaN,NaN,NaN,NaN,NaN,NaN,NaN,NaN,NaN,NaN,onset_unresolved,M400-01-baseline-awake,growing_clean,39,source,116,0,284,294,NaN,insufficient_clean_prebaseline,NaN,NaN,NaN,NaN,NaN,NaN
overlapping_detection_in_fit,NaN,NaN,241,305,NaN,NaN,NaN,NaN,NaN,NaN,NaN,NaN,NaN,NaN,onset_unresolved,M400-01-baseline-awake,growing_clean,40,constructed,119,0,301,310,0.0306176623114266,valid,NaN,0,NaN,NaN,NaN,NaN
overlapping_detection_in_fit,NaN,NaN,241,305,NaN,NaN,NaN,NaN,NaN,NaN,NaN,NaN,NaN,NaN,onset_unresolved,M400-01-baseline-awake,growing_clean,40,source,119,0,301,310,0.0306176623114266,valid,NaN,NaN,NaN,NaN,NaN,NaN
insufficient_improvement,NaN,302,260,324,5.08484514513512,299,316,17,-0.000627704175258137,0.00077249246635164,NaN,NaN,NaN,NaN,onset_unresolved,M400-01-baseline-awake,growing_clean,41,constructed,122,0,320,332,0.0380916087601034,valid,NaN,0,NaN,NaN,NaN,NaN
insufficient_improvement,NaN,302,260,324,5.08484514513512,299,316,17,-0.000627704175258137,0.00077249246635164,NaN,NaN,NaN,NaN,onset_unresolved,M400-01-baseline-awake,growing_clean,41,source,122,0,320,332,0.0380916087601034,valid,NaN,NaN,NaN,NaN,NaN,NaN
insufficient_improvement,NaN,320,265,329,0.410785322577897,316,323,7,-0.000515633011180677,0.00183507582289543,NaN,NaN,NaN,NaN,onset_unresolved,M400-01-baseline-awake,growing_clean,42,constructed,125,0,325,338,0.0410209548783405,valid,NaN,0,NaN,NaN,NaN,NaN
insufficient_improvement,NaN,320,265,329,0.410785322577897,316,323,7,-0.000515633011180677,0.00183507582289543,NaN,NaN,NaN,NaN,onset_unresolved,M400-01-baseline-awake,growing_clean,42,source,125,0,325,338,0.0410209548783405,valid,NaN,NaN,NaN,NaN,NaN,NaN
overlapping_detection_in_fit,NaN,NaN,322,386,NaN,NaN,NaN,NaN,NaN,NaN,NaN,NaN,NaN,NaN,onset_unresolved,M400-01-baseline-awake,growing_clean,43,constructed,128,0,382,393,NaN,insufficient_clean_prebaseline,NaN,0,NaN,NaN,NaN,NaN
overlapping_detection_in_fit,NaN,NaN,322,386,NaN,NaN,NaN,NaN,NaN,NaN,NaN,NaN,NaN,NaN,onset_unresolved,M400-01-baseline-awake,growing_clean,43,source,128,0,382,393,NaN,insufficient_clean_prebaseline,NaN,NaN,NaN,NaN,NaN,NaN
resolved,357,357,330,394,72.588227989986,356,358,2,-0.00521670658970985,0.00292861295338698,337,356,91.5259660883281,0.0468663867560983,provisional_valid,M400-01-baseline-awake,growing_clean,44,constructed,131,0,390,400,0.0222813650780695,valid,NaN,0,0,0,0.0468663867560983,0
resolved,357,357,330,394,72.588227989986,356,358,2,-0.00521670658970985,0.00292861295338698,337,356,91.5259660883281,0.0468663867560983,provisional_valid,M400-01-baseline-awake,growing_clean,44,source,131,0,390,400,0.0222813650780695,valid,NaN,NaN,NaN,NaN,NaN,NaN
not_a_rising_change,NaN,381,355,419,29.3965691018596,377,392,15,0.00246078975306056,-0.0012354265814547,NaN,NaN,NaN,NaN,onset_unresolved,M400-01-baseline-awake,growing_clean,45,constructed,134,0,415,430,0.036229828642122,valid,NaN,0,NaN,NaN,NaN,NaN
not_a_rising_change,NaN,381,355,419,29.3965691018596,377,392,15,0.00246078975306056,-0.0012354265814547,NaN,NaN,NaN,NaN,onset_unresolved,M400-01-baseline-awake,growing_clean,45,source,134,0,415,430,0.036229828642122,valid,NaN,NaN,NaN,NaN,NaN,NaN
overlapping_detection_in_fit,NaN,NaN,372,436,NaN,NaN,NaN,NaN,NaN,NaN,NaN,NaN,NaN,NaN,onset_unresolved,M400-01-baseline-awake,growing_clean,46,constructed,137,0,432,459,NaN,insufficient_clean_prebaseline,NaN,0,NaN,NaN,NaN,NaN
overlapping_detection_in_fit,NaN,NaN,372,436,NaN,NaN,NaN,NaN,NaN,NaN,NaN,NaN,NaN,NaN,onset_unresolved,M400-01-baseline-awake,growing_clean,46,source,137,0,432,459,NaN,insufficient_clean_prebaseline,NaN,NaN,NaN,NaN,NaN,NaN
not_a_rising_change,NaN,443,408,472,29.9642310083377,437,450,13,0.00302596189932439,-0.00277964920788266,NaN,NaN,NaN,NaN,onset_unresolved,M400-01-baseline-awake,growing_clean,47,constructed,140,0,468,478,0.0222654771641813,valid,NaN,0,NaN,NaN,NaN,NaN
not_a_rising_change,NaN,443,408,472,29.9642310083377,437,450,13,0.00302596189932439,-0.00277964920788266,NaN,NaN,NaN,NaN,onset_unresolved,M400-01-baseline-awake,growing_clean,47,source,140,0,468,478,0.0222654771641813,valid,NaN,NaN,NaN,NaN,NaN,NaN
insufficient_improvement,NaN,515,475,539,7.94126891704212,512,518,6,-0.00055249903244831,0.00311785943481498,NaN,NaN,NaN,NaN,onset_unresolved,M400-01-baseline-awake,growing_clean,48,constructed,143,0,535,544,0.0391370703842336,valid,NaN,0,NaN,NaN,NaN,NaN
insufficient_improvement,NaN,515,475,539,7.94126891704212,512,518,6,-0.00055249903244831,0.00311785943481498,NaN,NaN,NaN,NaN,onset_unresolved,M400-01-baseline-awake,growing_clean,48,source,143,0,535,544,0.0391370703842336,valid,NaN,NaN,NaN,NaN,NaN,NaN
insufficient_improvement,NaN,521,499,563,5.75720532187049,519,525,6,-0.000940813858332653,0.000517337775565038,NaN,NaN,NaN,NaN,onset_unresolved,M400-01-baseline-awake,growing_clean,49,constructed,146,0,559,569,0.0371144515355681,valid,NaN,0,NaN,NaN,NaN,NaN
insufficient_improvement,NaN,521,499,563,5.75720532187049,519,525,6,-0.000940813858332653,0.000517337775565038,NaN,NaN,NaN,NaN,onset_unresolved,M400-01-baseline-awake,growing_clean,49,source,146,0,559,569,0.0371144515355681,valid,NaN,NaN,NaN,NaN,NaN,NaN
overlapping_detection_in_fit,NaN,NaN,520,584,NaN,NaN,NaN,NaN,NaN,NaN,NaN,NaN,NaN,NaN,onset_unresolved,M400-01-baseline-awake,growing_clean,50,constructed,149,0,580,600,NaN,insufficient_clean_prebaseline,NaN,0,NaN,NaN,NaN,NaN
overlapping_detection_in_fit,NaN,NaN,520,584,NaN,NaN,NaN,NaN,NaN,NaN,NaN,NaN,NaN,NaN,onset_unresolved,M400-01-baseline-awake,growing_clean,50,source,149,0,580,600,NaN,insufficient_clean_prebaseline,NaN,NaN,NaN,NaN,NaN,NaN
insufficient_improvement,NaN,582,530,594,-7.14061146175098,550,590,40,-0.000441161418261279,0.000306479065130471,NaN,NaN,NaN,NaN,onset_unresolved,M400-01-baseline-awake,growing_clean,51,constructed,152,0,590,600,0.00598707686235423,valid,NaN,0,NaN,NaN,NaN,NaN
insufficient_improvement,NaN,582,530,594,-7.14061146175098,550,590,40,-0.000441161418261279,0.000306479065130471,NaN,NaN,NaN,NaN,onset_unresolved,M400-01-baseline-awake,growing_clean,51,source,152,0,590,600,0.00598707686235423,valid,NaN,NaN,NaN,NaN,NaN,NaN
recording_boundary_unresolved,NaN,NaN,-57,7,NaN,NaN,NaN,NaN,NaN,NaN,NaN,NaN,NaN,NaN,onset_unresolved,M400-01-baseline-awake,shrinking_clean,1,constructed,2,0,3,14,NaN,insufficient_clean_prebaseline,NaN,NaN,NaN,NaN,NaN,NaN
recording_boundary_unresolved,NaN,NaN,-57,7,NaN,NaN,NaN,NaN,NaN,NaN,NaN,NaN,NaN,NaN,onset_unresolved,M400-01-baseline-awake,shrinking_clean,1,source,2,0,3,14,NaN,insufficient_clean_prebaseline,NaN,NaN,NaN,NaN,NaN,NaN
recording_boundary_unresolved,NaN,NaN,-53,11,NaN,NaN,NaN,NaN,NaN,NaN,NaN,NaN,NaN,NaN,onset_unresolved,M400-01-baseline-awake,shrinking_clean,2,constructed,5,0,7,18,NaN,insufficient_clean_prebaseline,NaN,NaN,NaN,NaN,NaN,NaN
recording_boundary_unresolved,NaN,NaN,-53,11,NaN,NaN,NaN,NaN,NaN,NaN,NaN,NaN,NaN,NaN,onset_unresolved,M400-01-baseline-awake,shrinking_clean,2,source,5,0,7,18,NaN,insufficient_clean_prebaseline,NaN,NaN,NaN,NaN,NaN,NaN
recording_boundary_unresolved,NaN,NaN,-33,31,NaN,NaN,NaN,NaN,NaN,NaN,NaN,NaN,NaN,NaN,onset_unresolved,M400-01-baseline-awake,shrinking_clean,3,constructed,8,0,27,36,0.00875059567754157,valid,NaN,0,NaN,NaN,NaN,NaN
recording_boundary_unresolved,NaN,NaN,-33,31,NaN,NaN,NaN,NaN,NaN,NaN,NaN,NaN,NaN,NaN,onset_unresolved,M400-01-baseline-awake,shrinking_clean,3,source,8,0,27,36,0.00875059567754157,valid,NaN,NaN,NaN,NaN,NaN,NaN
recording_boundary_unresolved,NaN,NaN,-4,60,NaN,NaN,NaN,NaN,NaN,NaN,NaN,NaN,NaN,NaN,onset_unresolved,M400-01-baseline-awake,shrinking_clean,4,constructed,11,0,56,71,NaN,insufficient_clean_prebaseline,NaN,0,NaN,NaN,NaN,NaN
recording_boundary_unresolved,NaN,NaN,-4,60,NaN,NaN,NaN,NaN,NaN,NaN,NaN,NaN,NaN,NaN,onset_unresolved,M400-01-baseline-awake,shrinking_clean,4,source,11,0,56,71,NaN,insufficient_clean_prebaseline,NaN,NaN,NaN,NaN,NaN,NaN
recording_boundary_unresolved,NaN,NaN,-2,62,NaN,NaN,NaN,NaN,NaN,NaN,NaN,NaN,NaN,NaN,onset_unresolved,M400-01-baseline-awake,shrinking_clean,5,constructed,14,0,58,67,NaN,insufficient_clean_prebaseline,NaN,0,NaN,NaN,NaN,NaN
recording_boundary_unresolved,NaN,NaN,-2,62,NaN,NaN,NaN,NaN,NaN,NaN,NaN,NaN,NaN,NaN,onset_unresolved,M400-01-baseline-awake,shrinking_clean,5,source,14,0,58,67,NaN,insufficient_clean_prebaseline,NaN,NaN,NaN,NaN,NaN,NaN
recording_boundary_unresolved,NaN,NaN,-1,63,NaN,NaN,NaN,NaN,NaN,NaN,NaN,NaN,NaN,NaN,onset_unresolved,M400-01-baseline-awake,shrinking_clean,6,constructed,17,0,59,74,0.0614329015943327,valid,NaN,0,NaN,NaN,NaN,NaN
recording_boundary_unresolved,NaN,NaN,-1,63,NaN,NaN,NaN,NaN,NaN,NaN,NaN,NaN,NaN,NaN,onset_unresolved,M400-01-baseline-awake,shrinking_clean,6,source,17,0,59,74,0.0614329015943327,valid,NaN,NaN,NaN,NaN,NaN,NaN
overlapping_detection_in_fit,NaN,NaN,5,69,NaN,NaN,NaN,NaN,NaN,NaN,NaN,NaN,NaN,NaN,onset_unresolved,M400-01-baseline-awake,shrinking_clean,7,constructed,20,0,65,83,NaN,insufficient_clean_prebaseline,NaN,0,NaN,NaN,NaN,NaN
overlapping_detection_in_fit,NaN,NaN,5,69,NaN,NaN,NaN,NaN,NaN,NaN,NaN,NaN,NaN,NaN,onset_unresolved,M400-01-baseline-awake,shrinking_clean,7,source,20,0,65,83,NaN,insufficient_clean_prebaseline,NaN,NaN,NaN,NaN,NaN,NaN
overlapping_detection_in_fit,NaN,NaN,150,214,NaN,NaN,NaN,NaN,NaN,NaN,NaN,NaN,NaN,NaN,onset_unresolved,M400-01-baseline-awake,shrinking_clean,8,constructed,23,0,210,219,NaN,insufficient_clean_prebaseline,NaN,0,NaN,NaN,NaN,NaN
overlapping_detection_in_fit,NaN,NaN,150,214,NaN,NaN,NaN,NaN,NaN,NaN,NaN,NaN,NaN,NaN,onset_unresolved,M400-01-baseline-awake,shrinking_clean,8,source,23,0,210,219,NaN,insufficient_clean_prebaseline,NaN,NaN,NaN,NaN,NaN,NaN
overlapping_detection_in_fit,NaN,NaN,6,70,NaN,NaN,NaN,NaN,NaN,NaN,NaN,NaN,NaN,NaN,onset_unresolved,M400-01-baseline-awake,shrinking_clean,9,constructed,26,0,66,76,0.0290638255060904,valid,NaN,0,NaN,NaN,NaN,NaN
overlapping_detection_in_fit,NaN,NaN,6,70,NaN,NaN,NaN,NaN,NaN,NaN,NaN,NaN,NaN,NaN,onset_unresolved,M400-01-baseline-awake,shrinking_clean,9,source,26,0,66,76,0.0290638255060904,valid,NaN,NaN,NaN,NaN,NaN,NaN
overlapping_detection_in_fit,NaN,NaN,17,81,NaN,NaN,NaN,NaN,NaN,NaN,NaN,NaN,NaN,NaN,onset_unresolved,M400-01-baseline-awake,shrinking_clean,10,constructed,29,0,77,87,NaN,insufficient_clean_prebaseline,NaN,0,NaN,NaN,NaN,NaN
overlapping_detection_in_fit,NaN,NaN,17,81,NaN,NaN,NaN,NaN,NaN,NaN,NaN,NaN,NaN,NaN,onset_unresolved,M400-01-baseline-awake,shrinking_clean,10,source,29,0,77,87,NaN,insufficient_clean_prebaseline,NaN,NaN,NaN,NaN,NaN,NaN
overlapping_detection_in_fit,NaN,NaN,46,110,NaN,NaN,NaN,NaN,NaN,NaN,NaN,NaN,NaN,NaN,onset_unresolved,M400-01-baseline-awake,shrinking_clean,11,constructed,32,0,106,115,0.022763613105794,valid,NaN,0,NaN,NaN,NaN,NaN
overlapping_detection_in_fit,NaN,NaN,46,110,NaN,NaN,NaN,NaN,NaN,NaN,NaN,NaN,NaN,NaN,onset_unresolved,M400-01-baseline-awake,shrinking_clean,11,source,32,0,106,115,0.022763613105794,valid,NaN,NaN,NaN,NaN,NaN,NaN
overlapping_detection_in_fit,NaN,NaN,46,110,NaN,NaN,NaN,NaN,NaN,NaN,NaN,NaN,NaN,NaN,onset_unresolved,M400-01-baseline-awake,shrinking_clean,12,constructed,35,0,106,116,NaN,insufficient_clean_prebaseline,NaN,0,NaN,NaN,NaN,NaN
overlapping_detection_in_fit,NaN,NaN,46,110,NaN,NaN,NaN,NaN,NaN,NaN,NaN,NaN,NaN,NaN,onset_unresolved,M400-01-baseline-awake,shrinking_clean,12,source,35,0,106,116,NaN,insufficient_clean_prebaseline,NaN,NaN,NaN,NaN,NaN,NaN
overlapping_detection_in_fit,NaN,NaN,67,131,NaN,NaN,NaN,NaN,NaN,NaN,NaN,NaN,NaN,NaN,onset_unresolved,M400-01-baseline-awake,shrinking_clean,13,constructed,38,0,127,145,NaN,insufficient_clean_prebaseline,NaN,0,NaN,NaN,NaN,NaN
overlapping_detection_in_fit,NaN,NaN,67,131,NaN,NaN,NaN,NaN,NaN,NaN,NaN,NaN,NaN,NaN,onset_unresolved,M400-01-baseline-awake,shrinking_clean,13,source,38,0,127,145,NaN,insufficient_clean_prebaseline,NaN,NaN,NaN,NaN,NaN,NaN
overlapping_detection_in_fit,NaN,NaN,67,131,NaN,NaN,NaN,NaN,NaN,NaN,NaN,NaN,NaN,NaN,onset_unresolved,M400-01-baseline-awake,shrinking_clean,14,constructed,41,1,127,155,NaN,insufficient_clean_prebaseline,NaN,0.0250011515243374,NaN,NaN,NaN,NaN
overlapping_detection_in_fit,NaN,NaN,67,131,NaN,NaN,NaN,NaN,NaN,NaN,NaN,NaN,NaN,NaN,onset_unresolved,M400-01-baseline-awake,shrinking_clean,14,source,41,1,127,155,NaN,insufficient_clean_prebaseline,NaN,NaN,NaN,NaN,NaN,NaN
overlapping_detection_in_fit,NaN,NaN,73,137,NaN,NaN,NaN,NaN,NaN,NaN,NaN,NaN,NaN,NaN,onset_unresolved,M400-01-baseline-awake,shrinking_clean,15,constructed,44,0,133,145,NaN,insufficient_clean_prebaseline,NaN,0,NaN,NaN,NaN,NaN
overlapping_detection_in_fit,NaN,NaN,73,137,NaN,NaN,NaN,NaN,NaN,NaN,NaN,NaN,NaN,NaN,onset_unresolved,M400-01-baseline-awake,shrinking_clean,15,source,44,0,133,145,NaN,insufficient_clean_prebaseline,NaN,NaN,NaN,NaN,NaN,NaN
overlapping_detection_in_fit,NaN,NaN,80,144,NaN,NaN,NaN,NaN,NaN,NaN,NaN,NaN,NaN,NaN,onset_unresolved,M400-01-baseline-awake,shrinking_clean,16,constructed,47,0,140,156,0.017315425135462,valid,NaN,0,NaN,NaN,NaN,NaN
overlapping_detection_in_fit,NaN,NaN,80,144,NaN,NaN,NaN,NaN,NaN,NaN,NaN,NaN,NaN,NaN,onset_unresolved,M400-01-baseline-awake,shrinking_clean,16,source,47,0,140,156,0.017315425135462,valid,NaN,NaN,NaN,NaN,NaN,NaN
insufficient_improvement,NaN,112,84,148,3.79609480324534,108,115,7,-0.00092754466232731,0.000188444444503343,NaN,NaN,NaN,NaN,onset_unresolved,M400-01-baseline-awake,shrinking_clean,17,constructed,50,0,144,155,0.0220981001347541,valid,NaN,0,NaN,NaN,NaN,NaN
insufficient_improvement,NaN,112,84,148,3.79609480324534,108,115,7,-0.00092754466232731,0.000188444444503343,NaN,NaN,NaN,NaN,onset_unresolved,M400-01-baseline-awake,shrinking_clean,17,source,50,0,144,155,0.0220981001347541,valid,NaN,NaN,NaN,NaN,NaN,NaN
overlapping_detection_in_fit,NaN,NaN,96,160,NaN,NaN,NaN,NaN,NaN,NaN,NaN,NaN,NaN,NaN,onset_unresolved,M400-01-baseline-awake,shrinking_clean,18,constructed,53,0,156,169,NaN,insufficient_clean_prebaseline,NaN,0,NaN,NaN,NaN,NaN
overlapping_detection_in_fit,NaN,NaN,96,160,NaN,NaN,NaN,NaN,NaN,NaN,NaN,NaN,NaN,NaN,onset_unresolved,M400-01-baseline-awake,shrinking_clean,18,source,53,0,156,169,NaN,insufficient_clean_prebaseline,NaN,NaN,NaN,NaN,NaN,NaN
overlapping_detection_in_fit,NaN,NaN,303,367,NaN,NaN,NaN,NaN,NaN,NaN,NaN,NaN,NaN,NaN,onset_unresolved,M400-01-baseline-awake,shrinking_clean,19,constructed,56,0,363,388,0.0460671599514005,valid,NaN,0,NaN,NaN,NaN,NaN
overlapping_detection_in_fit,NaN,NaN,303,367,NaN,NaN,NaN,NaN,NaN,NaN,NaN,NaN,NaN,NaN,onset_unresolved,M400-01-baseline-awake,shrinking_clean,19,source,56,0,363,388,0.0460671599514005,valid,NaN,NaN,NaN,NaN,NaN,NaN
overlapping_detection_in_fit,NaN,NaN,97,161,NaN,NaN,NaN,NaN,NaN,NaN,NaN,NaN,NaN,NaN,onset_unresolved,M400-01-baseline-awake,shrinking_clean,20,constructed,59,0,157,187,NaN,insufficient_clean_prebaseline,NaN,-0.0321873311329731,NaN,NaN,NaN,NaN
overlapping_detection_in_fit,NaN,NaN,97,161,NaN,NaN,NaN,NaN,NaN,NaN,NaN,NaN,NaN,NaN,onset_unresolved,M400-01-baseline-awake,shrinking_clean,20,source,59,0,157,187,NaN,insufficient_clean_prebaseline,NaN,NaN,NaN,NaN,NaN,NaN
overlapping_detection_in_fit,NaN,NaN,129,193,NaN,NaN,NaN,NaN,NaN,NaN,NaN,NaN,NaN,NaN,onset_unresolved,M400-01-baseline-awake,shrinking_clean,21,constructed,62,0,189,210,NaN,insufficient_clean_prebaseline,NaN,0,NaN,NaN,NaN,NaN
overlapping_detection_in_fit,NaN,NaN,129,193,NaN,NaN,NaN,NaN,NaN,NaN,NaN,NaN,NaN,NaN,onset_unresolved,M400-01-baseline-awake,shrinking_clean,21,source,62,0,189,210,NaN,insufficient_clean_prebaseline,NaN,NaN,NaN,NaN,NaN,NaN
overlapping_detection_in_fit,NaN,NaN,167,231,NaN,NaN,NaN,NaN,NaN,NaN,NaN,NaN,NaN,NaN,onset_unresolved,M400-01-baseline-awake,shrinking_clean,22,constructed,65,0,227,240,NaN,insufficient_clean_prebaseline,NaN,0,NaN,NaN,NaN,NaN
overlapping_detection_in_fit,NaN,NaN,167,231,NaN,NaN,NaN,NaN,NaN,NaN,NaN,NaN,NaN,NaN,onset_unresolved,M400-01-baseline-awake,shrinking_clean,22,source,65,0,227,240,NaN,insufficient_clean_prebaseline,NaN,NaN,NaN,NaN,NaN,NaN
overlapping_detection_in_fit,NaN,NaN,101,165,NaN,NaN,NaN,NaN,NaN,NaN,NaN,NaN,NaN,NaN,onset_unresolved,M400-01-baseline-awake,shrinking_clean,23,constructed,68,0,161,179,NaN,insufficient_clean_prebaseline,NaN,0,NaN,NaN,NaN,NaN
overlapping_detection_in_fit,NaN,NaN,101,165,NaN,NaN,NaN,NaN,NaN,NaN,NaN,NaN,NaN,NaN,onset_unresolved,M400-01-baseline-awake,shrinking_clean,23,source,68,0,161,179,NaN,insufficient_clean_prebaseline,NaN,NaN,NaN,NaN,NaN,NaN
overlapping_detection_in_fit,NaN,NaN,109,173,NaN,NaN,NaN,NaN,NaN,NaN,NaN,NaN,NaN,NaN,onset_unresolved,M400-01-baseline-awake,shrinking_clean,24,constructed,71,0,169,186,0.0160236519671085,valid,NaN,0,NaN,NaN,NaN,NaN
overlapping_detection_in_fit,NaN,NaN,109,173,NaN,NaN,NaN,NaN,NaN,NaN,NaN,NaN,NaN,NaN,onset_unresolved,M400-01-baseline-awake,shrinking_clean,24,source,71,0,169,186,0.0160236519671085,valid,NaN,NaN,NaN,NaN,NaN,NaN
overlapping_detection_in_fit,NaN,NaN,137,201,NaN,NaN,NaN,NaN,NaN,NaN,NaN,NaN,NaN,NaN,onset_unresolved,M400-01-baseline-awake,shrinking_clean,25,constructed,74,0,197,206,NaN,insufficient_clean_prebaseline,NaN,0,NaN,NaN,NaN,NaN
overlapping_detection_in_fit,NaN,NaN,137,201,NaN,NaN,NaN,NaN,NaN,NaN,NaN,NaN,NaN,NaN,onset_unresolved,M400-01-baseline-awake,shrinking_clean,25,source,74,0,197,206,NaN,insufficient_clean_prebaseline,NaN,NaN,NaN,NaN,NaN,NaN
overlapping_detection_in_fit,NaN,NaN,264,328,NaN,NaN,NaN,NaN,NaN,NaN,NaN,NaN,NaN,NaN,onset_unresolved,M400-01-baseline-awake,shrinking_clean,26,constructed,77,0,324,334,0.0374478557662154,valid,NaN,0,NaN,NaN,NaN,NaN
overlapping_detection_in_fit,NaN,NaN,264,328,NaN,NaN,NaN,NaN,NaN,NaN,NaN,NaN,NaN,NaN,onset_unresolved,M400-01-baseline-awake,shrinking_clean,26,source,77,0,324,334,0.0374478557662154,valid,NaN,NaN,NaN,NaN,NaN,NaN
overlapping_detection_in_fit,NaN,NaN,474,538,NaN,NaN,NaN,NaN,NaN,NaN,NaN,NaN,NaN,NaN,onset_unresolved,M400-01-baseline-awake,shrinking_clean,27,constructed,80,0,534,543,NaN,insufficient_clean_prebaseline,NaN,0,NaN,NaN,NaN,NaN
overlapping_detection_in_fit,NaN,NaN,474,538,NaN,NaN,NaN,NaN,NaN,NaN,NaN,NaN,NaN,NaN,onset_unresolved,M400-01-baseline-awake,shrinking_clean,27,source,80,0,534,543,NaN,insufficient_clean_prebaseline,NaN,NaN,NaN,NaN,NaN,NaN
insufficient_improvement,NaN,162,114,178,-4.1183040991837,139,167,28,-0.000518918196702525,0.00660481475451928,NaN,NaN,NaN,NaN,onset_unresolved,M400-01-baseline-awake,shrinking_clean,28,constructed,83,0,174,185,0.126449728475519,valid,NaN,0,NaN,NaN,NaN,NaN
insufficient_improvement,NaN,162,114,178,-4.1183040991837,139,167,28,-0.000518918196702525,0.00660481475451928,NaN,NaN,NaN,NaN,onset_unresolved,M400-01-baseline-awake,shrinking_clean,28,source,83,0,174,185,0.126449728475519,valid,NaN,NaN,NaN,NaN,NaN,NaN
resolved,407,407,386,450,14.1711240239661,406,409,3,-0.0108398943421351,0.00394705162565697,387,406,40.831985940246,0.124544836313239,provisional_valid,M400-01-baseline-awake,shrinking_clean,29,constructed,86,0,446,456,0.101184235620636,valid,NaN,0,0,0,0.124544836313239,0
resolved,407,407,386,450,14.1711240239661,406,409,3,-0.0108398943421351,0.00394705162565697,387,406,40.831985940246,0.124544836313239,provisional_valid,M400-01-baseline-awake,shrinking_clean,29,source,86,0,446,456,0.101184235620636,valid,NaN,NaN,NaN,NaN,NaN,NaN
insufficient_improvement,NaN,181,136,200,-6.01238800322187,156,196,40,0.000508883794882059,-0.000834428314534522,NaN,NaN,NaN,NaN,onset_unresolved,M400-01-baseline-awake,shrinking_clean,30,constructed,89,0,196,206,0.0570103381952237,valid,NaN,0,NaN,NaN,NaN,NaN
insufficient_improvement,NaN,181,136,200,-6.01238800322187,156,196,40,0.000508883794882059,-0.000834428314534522,NaN,NaN,NaN,NaN,onset_unresolved,M400-01-baseline-awake,shrinking_clean,30,source,89,0,196,206,0.0570103381952237,valid,NaN,NaN,NaN,NaN,NaN,NaN
overlapping_detection_in_fit,NaN,NaN,149,213,NaN,NaN,NaN,NaN,NaN,NaN,NaN,NaN,NaN,NaN,onset_unresolved,M400-01-baseline-awake,shrinking_clean,31,constructed,92,0,209,219,0.0575541665611298,valid,NaN,0,NaN,NaN,NaN,NaN
overlapping_detection_in_fit,NaN,NaN,149,213,NaN,NaN,NaN,NaN,NaN,NaN,NaN,NaN,NaN,NaN,onset_unresolved,M400-01-baseline-awake,shrinking_clean,31,source,92,0,209,219,0.0575541665611298,valid,NaN,NaN,NaN,NaN,NaN,NaN
insufficient_improvement,NaN,223,181,245,6.28092931992292,221,225,4,-0.000658541999684344,0.0013893387411089,NaN,NaN,NaN,NaN,onset_unresolved,M400-01-baseline-awake,shrinking_clean,32,constructed,95,0,241,251,0.036716528730916,valid,NaN,0,NaN,NaN,NaN,NaN
insufficient_improvement,NaN,223,181,245,6.28092931992292,221,225,4,-0.000658541999684344,0.0013893387411089,NaN,NaN,NaN,NaN,onset_unresolved,M400-01-baseline-awake,shrinking_clean,32,source,95,0,241,251,0.036716528730916,valid,NaN,NaN,NaN,NaN,NaN,NaN
overlapping_detection_in_fit,NaN,NaN,181,245,NaN,NaN,NaN,NaN,NaN,NaN,NaN,NaN,NaN,NaN,onset_unresolved,M400-01-baseline-awake,shrinking_clean,33,constructed,98,0,241,254,0.0560746921174317,valid,NaN,0,NaN,NaN,NaN,NaN
overlapping_detection_in_fit,NaN,NaN,181,245,NaN,NaN,NaN,NaN,NaN,NaN,NaN,NaN,NaN,NaN,onset_unresolved,M400-01-baseline-awake,shrinking_clean,33,source,98,0,241,254,0.0560746921174317,valid,NaN,NaN,NaN,NaN,NaN,NaN
overlapping_detection_in_fit,NaN,NaN,181,245,NaN,NaN,NaN,NaN,NaN,NaN,NaN,NaN,NaN,NaN,onset_unresolved,M400-01-baseline-awake,shrinking_clean,34,constructed,101,0,241,252,0.0475538201209248,valid,NaN,0,NaN,NaN,NaN,NaN
overlapping_detection_in_fit,NaN,NaN,181,245,NaN,NaN,NaN,NaN,NaN,NaN,NaN,NaN,NaN,NaN,onset_unresolved,M400-01-baseline-awake,shrinking_clean,34,source,101,0,241,252,0.0475538201209248,valid,NaN,NaN,NaN,NaN,NaN,NaN
overlapping_detection_in_fit,NaN,NaN,182,246,NaN,NaN,NaN,NaN,NaN,NaN,NaN,NaN,NaN,NaN,onset_unresolved,M400-01-baseline-awake,shrinking_clean,35,constructed,104,0,242,253,0.027409497175483,valid,NaN,0,NaN,NaN,NaN,NaN
overlapping_detection_in_fit,NaN,NaN,182,246,NaN,NaN,NaN,NaN,NaN,NaN,NaN,NaN,NaN,NaN,onset_unresolved,M400-01-baseline-awake,shrinking_clean,35,source,104,0,242,253,0.027409497175483,valid,NaN,NaN,NaN,NaN,NaN,NaN
insufficient_improvement,NaN,239,183,247,0.0480320919212431,236,242,6,-0.00130136025335296,0.0136434093072803,NaN,NaN,NaN,NaN,onset_unresolved,M400-01-baseline-awake,shrinking_clean,36,constructed,107,0,243,253,0.0951633172090635,valid,NaN,0,NaN,NaN,NaN,NaN
insufficient_improvement,NaN,239,183,247,0.0480320919212431,236,242,6,-0.00130136025335296,0.0136434093072803,NaN,NaN,NaN,NaN,onset_unresolved,M400-01-baseline-awake,shrinking_clean,36,source,107,0,243,253,0.0951633172090635,valid,NaN,NaN,NaN,NaN,NaN,NaN
overlapping_detection_in_fit,NaN,NaN,271,335,NaN,NaN,NaN,NaN,NaN,NaN,NaN,NaN,NaN,NaN,onset_unresolved,M400-01-baseline-awake,shrinking_clean,37,constructed,110,0,331,347,0.0583029306188727,valid,NaN,0,NaN,NaN,NaN,NaN
overlapping_detection_in_fit,NaN,NaN,271,335,NaN,NaN,NaN,NaN,NaN,NaN,NaN,NaN,NaN,NaN,onset_unresolved,M400-01-baseline-awake,shrinking_clean,37,source,110,0,331,347,0.0583029306188727,valid,NaN,NaN,NaN,NaN,NaN,NaN
overlapping_detection_in_fit,NaN,NaN,185,249,NaN,NaN,NaN,NaN,NaN,NaN,NaN,NaN,NaN,NaN,onset_unresolved,M400-01-baseline-awake,shrinking_clean,38,constructed,113,0,245,254,NaN,insufficient_clean_prebaseline,NaN,0,NaN,NaN,NaN,NaN
overlapping_detection_in_fit,NaN,NaN,185,249,NaN,NaN,NaN,NaN,NaN,NaN,NaN,NaN,NaN,NaN,onset_unresolved,M400-01-baseline-awake,shrinking_clean,38,source,113,0,245,254,NaN,insufficient_clean_prebaseline,NaN,NaN,NaN,NaN,NaN,NaN
overlapping_detection_in_fit,NaN,NaN,224,288,NaN,NaN,NaN,NaN,NaN,NaN,NaN,NaN,NaN,NaN,onset_unresolved,M400-01-baseline-awake,shrinking_clean,39,constructed,116,0,284,294,NaN,insufficient_clean_prebaseline,NaN,0,NaN,NaN,NaN,NaN
overlapping_detection_in_fit,NaN,NaN,224,288,NaN,NaN,NaN,NaN,NaN,NaN,NaN,NaN,NaN,NaN,onset_unresolved,M400-01-baseline-awake,shrinking_clean,39,source,116,0,284,294,NaN,insufficient_clean_prebaseline,NaN,NaN,NaN,NaN,NaN,NaN
overlapping_detection_in_fit,NaN,NaN,241,305,NaN,NaN,NaN,NaN,NaN,NaN,NaN,NaN,NaN,NaN,onset_unresolved,M400-01-baseline-awake,shrinking_clean,40,constructed,119,0,301,310,0.0306176623114266,valid,NaN,0,NaN,NaN,NaN,NaN
overlapping_detection_in_fit,NaN,NaN,241,305,NaN,NaN,NaN,NaN,NaN,NaN,NaN,NaN,NaN,NaN,onset_unresolved,M400-01-baseline-awake,shrinking_clean,40,source,119,0,301,310,0.0306176623114266,valid,NaN,NaN,NaN,NaN,NaN,NaN
insufficient_improvement,NaN,302,260,324,5.08484514513512,299,316,17,-0.000627704175258137,0.00077249246635164,NaN,NaN,NaN,NaN,onset_unresolved,M400-01-baseline-awake,shrinking_clean,41,constructed,122,0,320,332,0.0380916087601034,valid,NaN,0,NaN,NaN,NaN,NaN
insufficient_improvement,NaN,302,260,324,5.08484514513512,299,316,17,-0.000627704175258137,0.00077249246635164,NaN,NaN,NaN,NaN,onset_unresolved,M400-01-baseline-awake,shrinking_clean,41,source,122,0,320,332,0.0380916087601034,valid,NaN,NaN,NaN,NaN,NaN,NaN
insufficient_improvement,NaN,320,265,329,0.410785322577897,316,323,7,-0.000515633011180677,0.00183507582289543,NaN,NaN,NaN,NaN,onset_unresolved,M400-01-baseline-awake,shrinking_clean,42,constructed,125,0,325,338,0.0410209548783405,valid,NaN,0,NaN,NaN,NaN,NaN
insufficient_improvement,NaN,320,265,329,0.410785322577897,316,323,7,-0.000515633011180677,0.00183507582289543,NaN,NaN,NaN,NaN,onset_unresolved,M400-01-baseline-awake,shrinking_clean,42,source,125,0,325,338,0.0410209548783405,valid,NaN,NaN,NaN,NaN,NaN,NaN
overlapping_detection_in_fit,NaN,NaN,322,386,NaN,NaN,NaN,NaN,NaN,NaN,NaN,NaN,NaN,NaN,onset_unresolved,M400-01-baseline-awake,shrinking_clean,43,constructed,128,0,382,393,NaN,insufficient_clean_prebaseline,NaN,0,NaN,NaN,NaN,NaN
overlapping_detection_in_fit,NaN,NaN,322,386,NaN,NaN,NaN,NaN,NaN,NaN,NaN,NaN,NaN,NaN,onset_unresolved,M400-01-baseline-awake,shrinking_clean,43,source,128,0,382,393,NaN,insufficient_clean_prebaseline,NaN,NaN,NaN,NaN,NaN,NaN
resolved,357,357,330,394,72.5833342745638,356,358,2,-0.00521478770727227,0.00292922881318526,337,356,91.5253648915188,0.0468897079866626,provisional_valid,M400-01-baseline-awake,shrinking_clean,44,constructed,131,0,390,400,0.0222437420208226,valid,NaN,0,0,0,0.0468897079866626,0
resolved,357,357,330,394,72.5833342745638,356,358,2,-0.00521478770727227,0.00292922881318526,337,356,91.5253648915188,0.0468897079866626,provisional_valid,M400-01-baseline-awake,shrinking_clean,44,source,131,0,390,400,0.0222437420208226,valid,NaN,NaN,NaN,NaN,NaN,NaN
not_a_rising_change,NaN,381,355,419,29.3965691018596,377,392,15,0.00246078975306056,-0.0012354265814547,NaN,NaN,NaN,NaN,onset_unresolved,M400-01-baseline-awake,shrinking_clean,45,constructed,134,0,415,430,0.036229828642122,valid,NaN,0,NaN,NaN,NaN,NaN
not_a_rising_change,NaN,381,355,419,29.3965691018596,377,392,15,0.00246078975306056,-0.0012354265814547,NaN,NaN,NaN,NaN,onset_unresolved,M400-01-baseline-awake,shrinking_clean,45,source,134,0,415,430,0.036229828642122,valid,NaN,NaN,NaN,NaN,NaN,NaN
overlapping_detection_in_fit,NaN,NaN,372,436,NaN,NaN,NaN,NaN,NaN,NaN,NaN,NaN,NaN,NaN,onset_unresolved,M400-01-baseline-awake,shrinking_clean,46,constructed,137,0,432,459,NaN,insufficient_clean_prebaseline,NaN,0,NaN,NaN,NaN,NaN
overlapping_detection_in_fit,NaN,NaN,372,436,NaN,NaN,NaN,NaN,NaN,NaN,NaN,NaN,NaN,NaN,onset_unresolved,M400-01-baseline-awake,shrinking_clean,46,source,137,0,432,459,NaN,insufficient_clean_prebaseline,NaN,NaN,NaN,NaN,NaN,NaN
not_a_rising_change,NaN,443,408,472,29.9642310083377,437,450,13,0.00302596189932439,-0.00277964920788266,NaN,NaN,NaN,NaN,onset_unresolved,M400-01-baseline-awake,shrinking_clean,47,constructed,140,0,468,478,0.0222654771641813,valid,NaN,0,NaN,NaN,NaN,NaN
not_a_rising_change,NaN,443,408,472,29.9642310083377,437,450,13,0.00302596189932439,-0.00277964920788266,NaN,NaN,NaN,NaN,onset_unresolved,M400-01-baseline-awake,shrinking_clean,47,source,140,0,468,478,0.0222654771641813,valid,NaN,NaN,NaN,NaN,NaN,NaN
insufficient_improvement,NaN,515,475,539,7.94126891704212,512,518,6,-0.00055249903244831,0.00311785943481498,NaN,NaN,NaN,NaN,onset_unresolved,M400-01-baseline-awake,shrinking_clean,48,constructed,143,0,535,544,0.0391370703842336,valid,NaN,0,NaN,NaN,NaN,NaN
insufficient_improvement,NaN,515,475,539,7.94126891704212,512,518,6,-0.00055249903244831,0.00311785943481498,NaN,NaN,NaN,NaN,onset_unresolved,M400-01-baseline-awake,shrinking_clean,48,source,143,0,535,544,0.0391370703842336,valid,NaN,NaN,NaN,NaN,NaN,NaN
insufficient_improvement,NaN,521,499,563,5.75720532187049,519,525,6,-0.000940813858332653,0.000517337775565038,NaN,NaN,NaN,NaN,onset_unresolved,M400-01-baseline-awake,shrinking_clean,49,constructed,146,0,559,569,0.0371144515355681,valid,NaN,0,NaN,NaN,NaN,NaN
insufficient_improvement,NaN,521,499,563,5.75720532187049,519,525,6,-0.000940813858332653,0.000517337775565038,NaN,NaN,NaN,NaN,onset_unresolved,M400-01-baseline-awake,shrinking_clean,49,source,146,0,559,569,0.0371144515355681,valid,NaN,NaN,NaN,NaN,NaN,NaN
overlapping_detection_in_fit,NaN,NaN,520,584,NaN,NaN,NaN,NaN,NaN,NaN,NaN,NaN,NaN,NaN,onset_unresolved,M400-01-baseline-awake,shrinking_clean,50,constructed,149,0,580,600,NaN,insufficient_clean_prebaseline,NaN,0,NaN,NaN,NaN,NaN
overlapping_detection_in_fit,NaN,NaN,520,584,NaN,NaN,NaN,NaN,NaN,NaN,NaN,NaN,NaN,NaN,onset_unresolved,M400-01-baseline-awake,shrinking_clean,50,source,149,0,580,600,NaN,insufficient_clean_prebaseline,NaN,NaN,NaN,NaN,NaN,NaN
insufficient_improvement,NaN,582,530,594,-7.14061146175098,550,590,40,-0.000441161418261279,0.000306479065130471,NaN,NaN,NaN,NaN,onset_unresolved,M400-01-baseline-awake,shrinking_clean,51,constructed,152,0,590,600,0.00598707686235423,valid,NaN,0,NaN,NaN,NaN,NaN
insufficient_improvement,NaN,582,530,594,-7.14061146175098,550,590,40,-0.000441161418261279,0.000306479065130471,NaN,NaN,NaN,NaN,onset_unresolved,M400-01-baseline-awake,shrinking_clean,51,source,152,0,590,600,0.00598707686235423,valid,NaN,NaN,NaN,NaN,NaN,NaN
recording_boundary_unresolved,NaN,NaN,-3,61,NaN,NaN,NaN,NaN,NaN,NaN,NaN,NaN,NaN,NaN,onset_unresolved,M401-01-baseline-awake,growing_clean,1,constructed,2,0,57,86,0.0795748165105398,valid,NaN,0,NaN,NaN,NaN,NaN
recording_boundary_unresolved,NaN,NaN,-3,61,NaN,NaN,NaN,NaN,NaN,NaN,NaN,NaN,NaN,NaN,onset_unresolved,M401-01-baseline-awake,growing_clean,1,source,2,0,57,86,0.0795748165105398,valid,NaN,NaN,NaN,NaN,NaN,NaN
overlapping_detection_in_fit,NaN,NaN,125,189,NaN,NaN,NaN,NaN,NaN,NaN,NaN,NaN,NaN,NaN,onset_unresolved,M401-01-baseline-awake,growing_clean,2,constructed,5,0,185,224,NaN,insufficient_clean_prebaseline,NaN,0,NaN,NaN,NaN,NaN
overlapping_detection_in_fit,NaN,NaN,125,189,NaN,NaN,NaN,NaN,NaN,NaN,NaN,NaN,NaN,NaN,onset_unresolved,M401-01-baseline-awake,growing_clean,2,source,5,0,185,224,NaN,insufficient_clean_prebaseline,NaN,NaN,NaN,NaN,NaN,NaN
overlapping_detection_in_fit,NaN,NaN,29,93,NaN,NaN,NaN,NaN,NaN,NaN,NaN,NaN,NaN,NaN,onset_unresolved,M401-01-baseline-awake,growing_clean,3,constructed,8,0,89,104,NaN,insufficient_clean_prebaseline,NaN,0,NaN,NaN,NaN,NaN
overlapping_detection_in_fit,NaN,NaN,29,93,NaN,NaN,NaN,NaN,NaN,NaN,NaN,NaN,NaN,NaN,onset_unresolved,M401-01-baseline-awake,growing_clean,3,source,8,0,89,104,NaN,insufficient_clean_prebaseline,NaN,NaN,NaN,NaN,NaN,NaN
overlapping_detection_in_fit,NaN,NaN,99,163,NaN,NaN,NaN,NaN,NaN,NaN,NaN,NaN,NaN,NaN,onset_unresolved,M401-01-baseline-awake,growing_clean,4,constructed,11,0,159,181,NaN,insufficient_clean_prebaseline,NaN,-0.039879944711136,NaN,NaN,NaN,NaN
overlapping_detection_in_fit,NaN,NaN,99,163,NaN,NaN,NaN,NaN,NaN,NaN,NaN,NaN,NaN,NaN,onset_unresolved,M401-01-baseline-awake,growing_clean,4,source,11,0,159,181,NaN,insufficient_clean_prebaseline,NaN,NaN,NaN,NaN,NaN,NaN
overlapping_detection_in_fit,NaN,NaN,53,117,NaN,NaN,NaN,NaN,NaN,NaN,NaN,NaN,NaN,NaN,onset_unresolved,M401-01-baseline-awake,growing_clean,5,constructed,14,0,113,128,0.0541720027568961,valid,NaN,0,NaN,NaN,NaN,NaN
overlapping_detection_in_fit,NaN,NaN,53,117,NaN,NaN,NaN,NaN,NaN,NaN,NaN,NaN,NaN,NaN,onset_unresolved,M401-01-baseline-awake,growing_clean,5,source,14,0,113,128,0.0541720027568961,valid,NaN,NaN,NaN,NaN,NaN,NaN
insufficient_improvement,NaN,113,53,117,-6.14098182827329,73,113,40,0.00126461405862411,0.00515687854313309,NaN,NaN,NaN,NaN,onset_unresolved,M401-01-baseline-awake,growing_clean,6,constructed,17,1,113,150,0.111853057148679,valid,NaN,0.00185124374913315,NaN,NaN,NaN,NaN
insufficient_improvement,NaN,84,53,117,-3.28159456042657,73,89,16,0.00175940738133163,0.000750551414687051,NaN,NaN,NaN,NaN,onset_unresolved,M401-01-baseline-awake,growing_clean,6,source,17,1,113,150,0.111853057148679,valid,NaN,NaN,NaN,NaN,NaN,NaN
not_a_rising_change,NaN,180,120,184,14.3657264649426,180,180,0,0.000784995193430748,-0.0107284726787753,NaN,NaN,NaN,NaN,onset_unresolved,M401-01-baseline-awake,growing_clean,7,constructed,20,0,180,210,0.0337976200545082,valid,NaN,0,NaN,NaN,NaN,NaN
not_a_rising_change,NaN,180,120,184,14.3657264649426,180,180,0,0.000784995193430748,-0.0107284726787753,NaN,NaN,NaN,NaN,onset_unresolved,M401-01-baseline-awake,growing_clean,7,source,20,0,180,210,0.0337976200545082,valid,NaN,NaN,NaN,NaN,NaN,NaN
overlapping_detection_in_fit,NaN,NaN,211,275,NaN,NaN,NaN,NaN,NaN,NaN,NaN,NaN,NaN,NaN,onset_unresolved,M401-01-baseline-awake,growing_clean,8,constructed,23,0,271,282,0.0360656382169878,valid,NaN,0,NaN,NaN,NaN,NaN
overlapping_detection_in_fit,NaN,NaN,211,275,NaN,NaN,NaN,NaN,NaN,NaN,NaN,NaN,NaN,NaN,onset_unresolved,M401-01-baseline-awake,growing_clean,8,source,23,0,271,282,0.0360656382169878,valid,NaN,NaN,NaN,NaN,NaN,NaN
insufficient_improvement,NaN,290,270,334,-6.28632586305666,290,330,40,-0.000214154327818033,0.000473779937403913,NaN,NaN,NaN,NaN,onset_unresolved,M401-01-baseline-awake,growing_clean,9,constructed,26,0,330,339,0.0352089241510665,valid,NaN,0,NaN,NaN,NaN,NaN
insufficient_improvement,NaN,290,270,334,-6.28632586305666,290,330,40,-0.000214154327818033,0.000473779937403913,NaN,NaN,NaN,NaN,onset_unresolved,M401-01-baseline-awake,growing_clean,9,source,26,0,330,339,0.0352089241510665,valid,NaN,NaN,NaN,NaN,NaN,NaN
insufficient_improvement,NaN,384,361,425,-1.95620195088141,381,389,8,-0.000650485527736479,0.000911881990810345,NaN,NaN,NaN,NaN,onset_unresolved,M401-01-baseline-awake,growing_clean,10,constructed,29,0,421,431,0.043977322296754,valid,NaN,0,NaN,NaN,NaN,NaN
insufficient_improvement,NaN,384,361,425,-1.95620195088141,381,389,8,-0.000650485527736479,0.000911881990810345,NaN,NaN,NaN,NaN,onset_unresolved,M401-01-baseline-awake,growing_clean,10,source,29,0,421,431,0.043977322296754,valid,NaN,NaN,NaN,NaN,NaN,NaN
insufficient_improvement,NaN,498,476,540,-5.19973971437509,496,536,40,-0.000552079912960891,0.00047387898687875,NaN,NaN,NaN,NaN,onset_unresolved,M401-01-baseline-awake,growing_clean,11,constructed,32,0,536,545,0.0366439608473439,valid,NaN,0,NaN,NaN,NaN,NaN
insufficient_improvement,NaN,498,476,540,-5.19973971437509,496,536,40,-0.000552079912960891,0.00047387898687875,NaN,NaN,NaN,NaN,onset_unresolved,M401-01-baseline-awake,growing_clean,11,source,32,0,536,545,0.0366439608473439,valid,NaN,NaN,NaN,NaN,NaN,NaN
overlapping_detection_in_fit,NaN,NaN,509,573,NaN,NaN,NaN,NaN,NaN,NaN,NaN,NaN,NaN,NaN,onset_unresolved,M401-01-baseline-awake,growing_clean,12,constructed,35,0,569,582,NaN,insufficient_clean_prebaseline,NaN,0,NaN,NaN,NaN,NaN
overlapping_detection_in_fit,NaN,NaN,509,573,NaN,NaN,NaN,NaN,NaN,NaN,NaN,NaN,NaN,NaN,onset_unresolved,M401-01-baseline-awake,growing_clean,12,source,35,0,569,582,NaN,insufficient_clean_prebaseline,NaN,NaN,NaN,NaN,NaN,NaN
recording_boundary_unresolved,NaN,NaN,-3,61,NaN,NaN,NaN,NaN,NaN,NaN,NaN,NaN,NaN,NaN,onset_unresolved,M401-01-baseline-awake,shrinking_clean,1,constructed,2,0,57,86,0.0792992138126181,valid,NaN,0,NaN,NaN,NaN,NaN
recording_boundary_unresolved,NaN,NaN,-3,61,NaN,NaN,NaN,NaN,NaN,NaN,NaN,NaN,NaN,NaN,onset_unresolved,M401-01-baseline-awake,shrinking_clean,1,source,2,0,57,86,0.0792992138126181,valid,NaN,NaN,NaN,NaN,NaN,NaN
overlapping_detection_in_fit,NaN,NaN,125,189,NaN,NaN,NaN,NaN,NaN,NaN,NaN,NaN,NaN,NaN,onset_unresolved,M401-01-baseline-awake,shrinking_clean,2,constructed,5,0,185,224,NaN,insufficient_clean_prebaseline,NaN,0,NaN,NaN,NaN,NaN
overlapping_detection_in_fit,NaN,NaN,125,189,NaN,NaN,NaN,NaN,NaN,NaN,NaN,NaN,NaN,NaN,onset_unresolved,M401-01-baseline-awake,shrinking_clean,2,source,5,0,185,224,NaN,insufficient_clean_prebaseline,NaN,NaN,NaN,NaN,NaN,NaN
overlapping_detection_in_fit,NaN,NaN,29,93,NaN,NaN,NaN,NaN,NaN,NaN,NaN,NaN,NaN,NaN,onset_unresolved,M401-01-baseline-awake,shrinking_clean,3,constructed,8,0,89,104,NaN,insufficient_clean_prebaseline,NaN,0,NaN,NaN,NaN,NaN
overlapping_detection_in_fit,NaN,NaN,29,93,NaN,NaN,NaN,NaN,NaN,NaN,NaN,NaN,NaN,NaN,onset_unresolved,M401-01-baseline-awake,shrinking_clean,3,source,8,0,89,104,NaN,insufficient_clean_prebaseline,NaN,NaN,NaN,NaN,NaN,NaN
overlapping_detection_in_fit,NaN,NaN,99,163,NaN,NaN,NaN,NaN,NaN,NaN,NaN,NaN,NaN,NaN,onset_unresolved,M401-01-baseline-awake,shrinking_clean,4,constructed,11,0,159,181,NaN,insufficient_clean_prebaseline,NaN,-0.0212629584172241,NaN,NaN,NaN,NaN
overlapping_detection_in_fit,NaN,NaN,99,163,NaN,NaN,NaN,NaN,NaN,NaN,NaN,NaN,NaN,NaN,onset_unresolved,M401-01-baseline-awake,shrinking_clean,4,source,11,0,159,181,NaN,insufficient_clean_prebaseline,NaN,NaN,NaN,NaN,NaN,NaN
insufficient_improvement,NaN,106,50,114,-6.41095577821474,70,110,40,0.00143719610466173,0.00327527314450801,NaN,NaN,NaN,NaN,onset_unresolved,M401-01-baseline-awake,shrinking_clean,5,constructed,14,1,110,148,0.0987447875640289,valid,NaN,0.00314473715049535,NaN,NaN,NaN,NaN
insufficient_improvement,NaN,85,50,114,-2.27173928490957,79,89,10,0.00181455263726282,0.000665453238382479,NaN,NaN,NaN,NaN,onset_unresolved,M401-01-baseline-awake,shrinking_clean,5,source,14,1,110,148,0.0987447875640289,valid,NaN,NaN,NaN,NaN,NaN,NaN
overlapping_detection_in_fit,NaN,NaN,53,117,NaN,NaN,NaN,NaN,NaN,NaN,NaN,NaN,NaN,NaN,onset_unresolved,M401-01-baseline-awake,shrinking_clean,6,constructed,17,0,113,128,0.0540698103482871,valid,NaN,0,NaN,NaN,NaN,NaN
overlapping_detection_in_fit,NaN,NaN,53,117,NaN,NaN,NaN,NaN,NaN,NaN,NaN,NaN,NaN,NaN,onset_unresolved,M401-01-baseline-awake,shrinking_clean,6,source,17,0,113,128,0.0540698103482871,valid,NaN,NaN,NaN,NaN,NaN,NaN
not_a_rising_change,NaN,180,120,184,14.3657264649426,180,180,0,0.000784995193430748,-0.0107284726787753,NaN,NaN,NaN,NaN,onset_unresolved,M401-01-baseline-awake,shrinking_clean,7,constructed,20,0,180,210,0.0337976200545082,valid,NaN,0,NaN,NaN,NaN,NaN
not_a_rising_change,NaN,180,120,184,14.3657264649426,180,180,0,0.000784995193430748,-0.0107284726787753,NaN,NaN,NaN,NaN,onset_unresolved,M401-01-baseline-awake,shrinking_clean,7,source,20,0,180,210,0.0337976200545082,valid,NaN,NaN,NaN,NaN,NaN,NaN
overlapping_detection_in_fit,NaN,NaN,211,275,NaN,NaN,NaN,NaN,NaN,NaN,NaN,NaN,NaN,NaN,onset_unresolved,M401-01-baseline-awake,shrinking_clean,8,constructed,23,0,271,282,0.0360656382169878,valid,NaN,0,NaN,NaN,NaN,NaN
overlapping_detection_in_fit,NaN,NaN,211,275,NaN,NaN,NaN,NaN,NaN,NaN,NaN,NaN,NaN,NaN,onset_unresolved,M401-01-baseline-awake,shrinking_clean,8,source,23,0,271,282,0.0360656382169878,valid,NaN,NaN,NaN,NaN,NaN,NaN
insufficient_improvement,NaN,290,270,334,-6.28632586305666,290,330,40,-0.000214154327818033,0.000473779937403913,NaN,NaN,NaN,NaN,onset_unresolved,M401-01-baseline-awake,shrinking_clean,9,constructed,26,0,330,339,0.0352089241510665,valid,NaN,0,NaN,NaN,NaN,NaN
insufficient_improvement,NaN,290,270,334,-6.28632586305666,290,330,40,-0.000214154327818033,0.000473779937403913,NaN,NaN,NaN,NaN,onset_unresolved,M401-01-baseline-awake,shrinking_clean,9,source,26,0,330,339,0.0352089241510665,valid,NaN,NaN,NaN,NaN,NaN,NaN
insufficient_improvement,NaN,384,361,425,-1.95620195088141,381,389,8,-0.000650485527736479,0.000911881990810345,NaN,NaN,NaN,NaN,onset_unresolved,M401-01-baseline-awake,shrinking_clean,10,constructed,29,0,421,431,0.043977322296754,valid,NaN,0,NaN,NaN,NaN,NaN
insufficient_improvement,NaN,384,361,425,-1.95620195088141,381,389,8,-0.000650485527736479,0.000911881990810345,NaN,NaN,NaN,NaN,onset_unresolved,M401-01-baseline-awake,shrinking_clean,10,source,29,0,421,431,0.043977322296754,valid,NaN,NaN,NaN,NaN,NaN,NaN
insufficient_improvement,NaN,498,476,540,-5.21139017472589,496,536,40,-0.000551528343658493,0.000473710921078308,NaN,NaN,NaN,NaN,onset_unresolved,M401-01-baseline-awake,shrinking_clean,11,constructed,32,0,536,545,0.0367893179908737,valid,NaN,0,NaN,NaN,NaN,NaN
insufficient_improvement,NaN,498,476,540,-5.21139017472589,496,536,40,-0.000551528343658493,0.000473710921078308,NaN,NaN,NaN,NaN,onset_unresolved,M401-01-baseline-awake,shrinking_clean,11,source,32,0,536,545,0.0367893179908737,valid,NaN,NaN,NaN,NaN,NaN,NaN
overlapping_detection_in_fit,NaN,NaN,509,573,NaN,NaN,NaN,NaN,NaN,NaN,NaN,NaN,NaN,NaN,onset_unresolved,M401-01-baseline-awake,shrinking_clean,12,constructed,35,0,569,582,NaN,insufficient_clean_prebaseline,NaN,0,NaN,NaN,NaN,NaN
overlapping_detection_in_fit,NaN,NaN,509,573,NaN,NaN,NaN,NaN,NaN,NaN,NaN,NaN,NaN,NaN,onset_unresolved,M401-01-baseline-awake,shrinking_clean,12,source,35,0,569,582,NaN,insufficient_clean_prebaseline,NaN,NaN,NaN,NaN,NaN,NaN
recording_boundary_unresolved,NaN,NaN,-59,5,NaN,NaN,NaN,NaN,NaN,NaN,NaN,NaN,NaN,NaN,onset_unresolved,FB2312-baseline-awake,growing_clean,1,constructed,2,0,1,18,NaN,insufficient_clean_prebaseline,NaN,NaN,NaN,NaN,NaN,NaN
recording_boundary_unresolved,NaN,NaN,-59,5,NaN,NaN,NaN,NaN,NaN,NaN,NaN,NaN,NaN,NaN,onset_unresolved,FB2312-baseline-awake,growing_clean,1,source,2,0,1,18,NaN,insufficient_clean_prebaseline,NaN,NaN,NaN,NaN,NaN,NaN
insufficient_improvement,NaN,166,144,208,7.15141782039554,164,179,15,-0.000489530127264054,0.000521893339787564,NaN,NaN,NaN,NaN,onset_unresolved,FB2312-baseline-awake,growing_clean,2,constructed,5,0,204,213,0.0031989412618622,valid,NaN,0,NaN,NaN,NaN,NaN
insufficient_improvement,NaN,166,144,208,7.15141782039554,164,179,15,-0.000489530127264054,0.000521893339787564,NaN,NaN,NaN,NaN,onset_unresolved,FB2312-baseline-awake,growing_clean,2,source,5,0,204,213,0.0031989412618622,valid,NaN,NaN,NaN,NaN,NaN,NaN
not_a_rising_change,NaN,363,342,406,13.6833304247352,362,366,4,0.0014998812409222,-0.000297044920049002,NaN,NaN,NaN,NaN,onset_unresolved,FB2312-baseline-awake,growing_clean,3,constructed,8,0,402,413,-0.00236838296680915,valid,NaN,0,NaN,NaN,NaN,NaN
not_a_rising_change,NaN,363,342,406,13.6833304247352,362,366,4,0.0014998812409222,-0.000297044920049002,NaN,NaN,NaN,NaN,onset_unresolved,FB2312-baseline-awake,growing_clean,3,source,8,0,402,413,-0.00236838296680915,valid,NaN,NaN,NaN,NaN,NaN,NaN
overlapping_detection_in_fit,NaN,NaN,411,475,NaN,NaN,NaN,NaN,NaN,NaN,NaN,NaN,NaN,NaN,onset_unresolved,FB2312-baseline-awake,growing_clean,4,constructed,11,0,471,490,0.00107368267019557,valid,NaN,0,NaN,NaN,NaN,NaN
overlapping_detection_in_fit,NaN,NaN,411,475,NaN,NaN,NaN,NaN,NaN,NaN,NaN,NaN,NaN,NaN,onset_unresolved,FB2312-baseline-awake,growing_clean,4,source,11,0,471,490,0.00107368267019557,valid,NaN,NaN,NaN,NaN,NaN,NaN
overlapping_detection_in_fit,NaN,NaN,434,498,NaN,NaN,NaN,NaN,NaN,NaN,NaN,NaN,NaN,NaN,onset_unresolved,FB2312-baseline-awake,growing_clean,5,constructed,14,0,494,503,NaN,insufficient_clean_prebaseline,NaN,0,NaN,NaN,NaN,NaN
overlapping_detection_in_fit,NaN,NaN,434,498,NaN,NaN,NaN,NaN,NaN,NaN,NaN,NaN,NaN,NaN,onset_unresolved,FB2312-baseline-awake,growing_clean,5,source,14,0,494,503,NaN,insufficient_clean_prebaseline,NaN,NaN,NaN,NaN,NaN,NaN
overlapping_detection_in_fit,NaN,NaN,471,535,NaN,NaN,NaN,NaN,NaN,NaN,NaN,NaN,NaN,NaN,onset_unresolved,FB2312-baseline-awake,growing_clean,6,constructed,17,0,531,552,0.00729640396595004,valid,NaN,0,NaN,NaN,NaN,NaN
overlapping_detection_in_fit,NaN,NaN,471,535,NaN,NaN,NaN,NaN,NaN,NaN,NaN,NaN,NaN,NaN,onset_unresolved,FB2312-baseline-awake,growing_clean,6,source,17,0,531,552,0.00729640396595004,valid,NaN,NaN,NaN,NaN,NaN,NaN
insufficient_improvement,NaN,640,581,645,-1.64304281645574,638,641,3,0.000273974894778529,-0.0036198584875405,NaN,NaN,NaN,NaN,onset_unresolved,FB2312-baseline-awake,growing_clean,7,constructed,20,0,641,650,-0.00647368733109602,valid,NaN,0,NaN,NaN,NaN,NaN
insufficient_improvement,NaN,640,581,645,-1.64304281645574,638,641,3,0.000273974894778529,-0.0036198584875405,NaN,NaN,NaN,NaN,onset_unresolved,FB2312-baseline-awake,growing_clean,7,source,20,0,641,650,-0.00647368733109602,valid,NaN,NaN,NaN,NaN,NaN,NaN
recording_boundary_unresolved,NaN,NaN,-59,5,NaN,NaN,NaN,NaN,NaN,NaN,NaN,NaN,NaN,NaN,onset_unresolved,FB2312-baseline-awake,growing_clean,8,constructed,23,0,1,23,NaN,insufficient_clean_prebaseline,NaN,NaN,NaN,NaN,NaN,NaN
recording_boundary_unresolved,NaN,NaN,-59,5,NaN,NaN,NaN,NaN,NaN,NaN,NaN,NaN,NaN,NaN,onset_unresolved,FB2312-baseline-awake,growing_clean,8,source,23,0,1,23,NaN,insufficient_clean_prebaseline,NaN,NaN,NaN,NaN,NaN,NaN
resolved,175,175,144,208,24.0255982526414,172,178,6,-0.000478918521140709,0.000808864226316258,155,174,535.862320295559,0.0192120551765287,provisional_valid,FB2312-baseline-awake,growing_clean,9,constructed,26,0,204,214,0.0059162660898483,valid,NaN,0,0,0,0.0192120551765287,0
resolved,175,175,144,208,24.0255982526414,172,178,6,-0.000478918521140709,0.000808864226316258,155,174,535.862320295559,0.0192120551765287,provisional_valid,FB2312-baseline-awake,growing_clean,9,source,26,0,204,214,0.0059162660898483,valid,NaN,NaN,NaN,NaN,NaN,NaN
insufficient_improvement,NaN,324,264,328,-1.32254666704685,322,324,2,-3.96886375266593e-05,-0.00330327314490856,NaN,NaN,NaN,NaN,onset_unresolved,FB2312-baseline-awake,growing_clean,10,constructed,29,0,324,333,0.00605726095144298,valid,NaN,0,NaN,NaN,NaN,NaN
insufficient_improvement,NaN,324,264,328,-1.32254666704685,322,324,2,-3.96886375266593e-05,-0.00330327314490856,NaN,NaN,NaN,NaN,onset_unresolved,FB2312-baseline-awake,growing_clean,10,source,29,0,324,333,0.00605726095144298,valid,NaN,NaN,NaN,NaN,NaN,NaN
not_a_rising_change,NaN,365,342,406,30.2731608136903,362,367,5,0.00173471417905821,-0.000493665865925708,NaN,NaN,NaN,NaN,onset_unresolved,FB2312-baseline-awake,growing_clean,11,constructed,32,0,402,412,-0.00594581199191849,valid,NaN,0,NaN,NaN,NaN,NaN
not_a_rising_change,NaN,365,342,406,30.2731608136903,362,367,5,0.00173471417905821,-0.000493665865925708,NaN,NaN,NaN,NaN,onset_unresolved,FB2312-baseline-awake,growing_clean,11,source,32,0,402,412,-0.00594581199191849,valid,NaN,NaN,NaN,NaN,NaN,NaN
overlapping_detection_in_fit,NaN,NaN,411,475,NaN,NaN,NaN,NaN,NaN,NaN,NaN,NaN,NaN,NaN,onset_unresolved,FB2312-baseline-awake,growing_clean,12,constructed,35,0,471,490,-0.0132283432999291,valid,NaN,0,NaN,NaN,NaN,NaN
overlapping_detection_in_fit,NaN,NaN,411,475,NaN,NaN,NaN,NaN,NaN,NaN,NaN,NaN,NaN,NaN,onset_unresolved,FB2312-baseline-awake,growing_clean,12,source,35,0,471,490,-0.0132283432999291,valid,NaN,NaN,NaN,NaN,NaN,NaN
overlapping_detection_in_fit,NaN,NaN,434,498,NaN,NaN,NaN,NaN,NaN,NaN,NaN,NaN,NaN,NaN,onset_unresolved,FB2312-baseline-awake,growing_clean,13,constructed,38,0,494,503,NaN,insufficient_clean_prebaseline,NaN,0,NaN,NaN,NaN,NaN
overlapping_detection_in_fit,NaN,NaN,434,498,NaN,NaN,NaN,NaN,NaN,NaN,NaN,NaN,NaN,NaN,onset_unresolved,FB2312-baseline-awake,growing_clean,13,source,38,0,494,503,NaN,insufficient_clean_prebaseline,NaN,NaN,NaN,NaN,NaN,NaN
overlapping_detection_in_fit,NaN,NaN,471,535,NaN,NaN,NaN,NaN,NaN,NaN,NaN,NaN,NaN,NaN,onset_unresolved,FB2312-baseline-awake,growing_clean,14,constructed,41,0,531,552,0.00305081846300793,valid,NaN,0,NaN,NaN,NaN,NaN
overlapping_detection_in_fit,NaN,NaN,471,535,NaN,NaN,NaN,NaN,NaN,NaN,NaN,NaN,NaN,NaN,onset_unresolved,FB2312-baseline-awake,growing_clean,14,source,41,0,531,552,0.00305081846300793,valid,NaN,NaN,NaN,NaN,NaN,NaN
insufficient_improvement,NaN,639,581,645,8.89386973044437,638,641,3,0.000475058404515055,-0.00525238697060056,NaN,NaN,NaN,NaN,onset_unresolved,FB2312-baseline-awake,growing_clean,15,constructed,44,0,641,650,-0.0121562181995277,valid,NaN,0,NaN,NaN,NaN,NaN
insufficient_improvement,NaN,639,581,645,8.89386973044437,638,641,3,0.000475058404515055,-0.00525238697060056,NaN,NaN,NaN,NaN,onset_unresolved,FB2312-baseline-awake,growing_clean,15,source,44,0,641,650,-0.0121562181995277,valid,NaN,NaN,NaN,NaN,NaN,NaN
overlapping_detection_in_fit,NaN,NaN,624,688,NaN,NaN,NaN,NaN,NaN,NaN,NaN,NaN,NaN,NaN,onset_unresolved,FB2312-baseline-awake,growing_clean,16,constructed,47,0,684,695,0.00069281359476847,valid,NaN,0,NaN,NaN,NaN,NaN
overlapping_detection_in_fit,NaN,NaN,624,688,NaN,NaN,NaN,NaN,NaN,NaN,NaN,NaN,NaN,NaN,onset_unresolved,FB2312-baseline-awake,growing_clean,16,source,47,0,684,695,0.00069281359476847,valid,NaN,NaN,NaN,NaN,NaN,NaN
recording_boundary_unresolved,NaN,NaN,-36,28,NaN,NaN,NaN,NaN,NaN,NaN,NaN,NaN,NaN,NaN,onset_unresolved,FB2312-baseline-awake,growing_clean,17,constructed,50,0,24,53,0.176995200598061,valid,NaN,0,NaN,NaN,NaN,NaN
recording_boundary_unresolved,NaN,NaN,-36,28,NaN,NaN,NaN,NaN,NaN,NaN,NaN,NaN,NaN,NaN,onset_unresolved,FB2312-baseline-awake,growing_clean,17,source,50,0,24,53,0.176995200598061,valid,NaN,NaN,NaN,NaN,NaN,NaN
recording_boundary_unresolved,NaN,NaN,-23,41,NaN,NaN,NaN,NaN,NaN,NaN,NaN,NaN,NaN,NaN,onset_unresolved,FB2312-baseline-awake,growing_clean,18,constructed,53,0,37,46,NaN,insufficient_clean_prebaseline,NaN,0,NaN,NaN,NaN,NaN
recording_boundary_unresolved,NaN,NaN,-23,41,NaN,NaN,NaN,NaN,NaN,NaN,NaN,NaN,NaN,NaN,onset_unresolved,FB2312-baseline-awake,growing_clean,18,source,53,0,37,46,NaN,insufficient_clean_prebaseline,NaN,NaN,NaN,NaN,NaN,NaN
recording_boundary_unresolved,NaN,NaN,-9,55,NaN,NaN,NaN,NaN,NaN,NaN,NaN,NaN,NaN,NaN,onset_unresolved,FB2312-baseline-awake,growing_clean,19,constructed,56,0,51,63,NaN,insufficient_clean_prebaseline,NaN,0,NaN,NaN,NaN,NaN
recording_boundary_unresolved,NaN,NaN,-9,55,NaN,NaN,NaN,NaN,NaN,NaN,NaN,NaN,NaN,NaN,onset_unresolved,FB2312-baseline-awake,growing_clean,19,source,56,0,51,63,NaN,insufficient_clean_prebaseline,NaN,NaN,NaN,NaN,NaN,NaN
overlapping_detection_in_fit,NaN,NaN,73,137,NaN,NaN,NaN,NaN,NaN,NaN,NaN,NaN,NaN,NaN,onset_unresolved,FB2312-baseline-awake,growing_clean,20,constructed,59,1,133,143,0.103870235505943,valid,NaN,0.0352017833552121,NaN,NaN,NaN,NaN
overlapping_detection_in_fit,NaN,NaN,73,137,NaN,NaN,NaN,NaN,NaN,NaN,NaN,NaN,NaN,NaN,onset_unresolved,FB2312-baseline-awake,growing_clean,20,source,59,1,133,143,0.103870235505943,valid,NaN,NaN,NaN,NaN,NaN,NaN
overlapping_detection_in_fit,NaN,NaN,191,255,NaN,NaN,NaN,NaN,NaN,NaN,NaN,NaN,NaN,NaN,onset_unresolved,FB2312-baseline-awake,growing_clean,21,constructed,62,0,251,265,0.156550334681372,valid,NaN,0,NaN,NaN,NaN,NaN
overlapping_detection_in_fit,NaN,NaN,191,255,NaN,NaN,NaN,NaN,NaN,NaN,NaN,NaN,NaN,NaN,onset_unresolved,FB2312-baseline-awake,growing_clean,21,source,62,0,251,265,0.156550334681372,valid,NaN,NaN,NaN,NaN,NaN,NaN
overlapping_detection_in_fit,NaN,NaN,295,359,NaN,NaN,NaN,NaN,NaN,NaN,NaN,NaN,NaN,NaN,onset_unresolved,FB2312-baseline-awake,growing_clean,22,constructed,65,0,355,370,0.144216057171552,valid,NaN,0,NaN,NaN,NaN,NaN
overlapping_detection_in_fit,NaN,NaN,295,359,NaN,NaN,NaN,NaN,NaN,NaN,NaN,NaN,NaN,NaN,onset_unresolved,FB2312-baseline-awake,growing_clean,22,source,65,0,355,370,0.144216057171552,valid,NaN,NaN,NaN,NaN,NaN,NaN
overlapping_detection_in_fit,NaN,NaN,312,376,NaN,NaN,NaN,NaN,NaN,NaN,NaN,NaN,NaN,NaN,onset_unresolved,FB2312-baseline-awake,growing_clean,23,constructed,68,0,372,389,NaN,insufficient_clean_prebaseline,NaN,0,NaN,NaN,NaN,NaN
overlapping_detection_in_fit,NaN,NaN,312,376,NaN,NaN,NaN,NaN,NaN,NaN,NaN,NaN,NaN,NaN,onset_unresolved,FB2312-baseline-awake,growing_clean,23,source,68,0,372,389,NaN,insufficient_clean_prebaseline,NaN,NaN,NaN,NaN,NaN,NaN
overlapping_detection_in_fit,NaN,NaN,298,362,NaN,NaN,NaN,NaN,NaN,NaN,NaN,NaN,NaN,NaN,onset_unresolved,FB2312-baseline-awake,growing_clean,24,constructed,71,0,358,369,NaN,insufficient_clean_prebaseline,NaN,0,NaN,NaN,NaN,NaN
overlapping_detection_in_fit,NaN,NaN,298,362,NaN,NaN,NaN,NaN,NaN,NaN,NaN,NaN,NaN,NaN,onset_unresolved,FB2312-baseline-awake,growing_clean,24,source,71,0,358,369,NaN,insufficient_clean_prebaseline,NaN,NaN,NaN,NaN,NaN,NaN
overlapping_detection_in_fit,NaN,NaN,306,370,NaN,NaN,NaN,NaN,NaN,NaN,NaN,NaN,NaN,NaN,onset_unresolved,FB2312-baseline-awake,growing_clean,25,constructed,74,0,366,378,0.0668845998971459,valid,NaN,0,NaN,NaN,NaN,NaN
overlapping_detection_in_fit,NaN,NaN,306,370,NaN,NaN,NaN,NaN,NaN,NaN,NaN,NaN,NaN,NaN,onset_unresolved,FB2312-baseline-awake,growing_clean,25,source,74,0,366,378,0.0668845998971459,valid,NaN,NaN,NaN,NaN,NaN,NaN
overlapping_detection_in_fit,NaN,NaN,320,384,NaN,NaN,NaN,NaN,NaN,NaN,NaN,NaN,NaN,NaN,onset_unresolved,FB2312-baseline-awake,growing_clean,26,constructed,77,0,380,398,NaN,insufficient_clean_prebaseline,NaN,0,NaN,NaN,NaN,NaN
overlapping_detection_in_fit,NaN,NaN,320,384,NaN,NaN,NaN,NaN,NaN,NaN,NaN,NaN,NaN,NaN,onset_unresolved,FB2312-baseline-awake,growing_clean,26,source,77,0,380,398,NaN,insufficient_clean_prebaseline,NaN,NaN,NaN,NaN,NaN,NaN
overlapping_detection_in_fit,NaN,NaN,318,382,NaN,NaN,NaN,NaN,NaN,NaN,NaN,NaN,NaN,NaN,onset_unresolved,FB2312-baseline-awake,growing_clean,27,constructed,80,0,378,398,0.0183055719006787,valid,NaN,0,NaN,NaN,NaN,NaN
overlapping_detection_in_fit,NaN,NaN,318,382,NaN,NaN,NaN,NaN,NaN,NaN,NaN,NaN,NaN,NaN,onset_unresolved,FB2312-baseline-awake,growing_clean,27,source,80,0,378,398,0.0183055719006787,valid,NaN,NaN,NaN,NaN,NaN,NaN
overlapping_detection_in_fit,NaN,NaN,452,516,NaN,NaN,NaN,NaN,NaN,NaN,NaN,NaN,NaN,NaN,onset_unresolved,FB2312-baseline-awake,growing_clean,28,constructed,83,0,512,523,0.0876156992716286,valid,NaN,0,NaN,NaN,NaN,NaN
overlapping_detection_in_fit,NaN,NaN,452,516,NaN,NaN,NaN,NaN,NaN,NaN,NaN,NaN,NaN,NaN,onset_unresolved,FB2312-baseline-awake,growing_clean,28,source,83,0,512,523,0.0876156992716286,valid,NaN,NaN,NaN,NaN,NaN,NaN
overlapping_detection_in_fit,NaN,NaN,378,442,NaN,NaN,NaN,NaN,NaN,NaN,NaN,NaN,NaN,NaN,onset_unresolved,FB2312-baseline-awake,growing_clean,29,constructed,86,0,438,452,NaN,insufficient_clean_prebaseline,NaN,0,NaN,NaN,NaN,NaN
overlapping_detection_in_fit,NaN,NaN,378,442,NaN,NaN,NaN,NaN,NaN,NaN,NaN,NaN,NaN,NaN,onset_unresolved,FB2312-baseline-awake,growing_clean,29,source,86,0,438,452,NaN,insufficient_clean_prebaseline,NaN,NaN,NaN,NaN,NaN,NaN
overlapping_detection_in_fit,NaN,NaN,456,520,NaN,NaN,NaN,NaN,NaN,NaN,NaN,NaN,NaN,NaN,onset_unresolved,FB2312-baseline-awake,growing_clean,30,constructed,89,0,516,527,0.133008336244079,valid,NaN,0,NaN,NaN,NaN,NaN
overlapping_detection_in_fit,NaN,NaN,456,520,NaN,NaN,NaN,NaN,NaN,NaN,NaN,NaN,NaN,NaN,onset_unresolved,FB2312-baseline-awake,growing_clean,30,source,89,0,516,527,0.133008336244079,valid,NaN,NaN,NaN,NaN,NaN,NaN
overlapping_detection_in_fit,NaN,NaN,389,453,NaN,NaN,NaN,NaN,NaN,NaN,NaN,NaN,NaN,NaN,onset_unresolved,FB2312-baseline-awake,growing_clean,31,constructed,92,0,449,458,NaN,insufficient_clean_prebaseline,NaN,0,NaN,NaN,NaN,NaN
overlapping_detection_in_fit,NaN,NaN,389,453,NaN,NaN,NaN,NaN,NaN,NaN,NaN,NaN,NaN,NaN,onset_unresolved,FB2312-baseline-awake,growing_clean,31,source,92,0,449,458,NaN,insufficient_clean_prebaseline,NaN,NaN,NaN,NaN,NaN,NaN
overlapping_detection_in_fit,NaN,NaN,556,620,NaN,NaN,NaN,NaN,NaN,NaN,NaN,NaN,NaN,NaN,onset_unresolved,FB2312-baseline-awake,growing_clean,32,constructed,95,0,616,630,0.0957234083959616,valid,NaN,0,NaN,NaN,NaN,NaN
overlapping_detection_in_fit,NaN,NaN,556,620,NaN,NaN,NaN,NaN,NaN,NaN,NaN,NaN,NaN,NaN,onset_unresolved,FB2312-baseline-awake,growing_clean,32,source,95,0,616,630,0.0957234083959616,valid,NaN,NaN,NaN,NaN,NaN,NaN
insufficient_improvement,NaN,814,764,828,6.06129791907967,811,816,5,-0.000373106047180735,0.00578972859026406,NaN,NaN,NaN,NaN,onset_unresolved,FB2312-baseline-awake,growing_clean,33,constructed,98,0,824,834,0.100250693667393,valid,NaN,0,NaN,NaN,NaN,NaN
insufficient_improvement,NaN,814,764,828,6.06129791907967,811,816,5,-0.000373106047180735,0.00578972859026406,NaN,NaN,NaN,NaN,onset_unresolved,FB2312-baseline-awake,growing_clean,33,source,98,0,824,834,0.100250693667393,valid,NaN,NaN,NaN,NaN,NaN,NaN
overlapping_detection_in_fit,NaN,NaN,561,625,NaN,NaN,NaN,NaN,NaN,NaN,NaN,NaN,NaN,NaN,onset_unresolved,FB2312-baseline-awake,growing_clean,34,constructed,101,0,621,631,0.0510424291159873,valid,NaN,0,NaN,NaN,NaN,NaN
overlapping_detection_in_fit,NaN,NaN,561,625,NaN,NaN,NaN,NaN,NaN,NaN,NaN,NaN,NaN,NaN,onset_unresolved,FB2312-baseline-awake,growing_clean,34,source,101,0,621,631,0.0510424291159873,valid,NaN,NaN,NaN,NaN,NaN,NaN
insufficient_improvement,NaN,779,759,823,-2.06259148135834,779,816,37,-0.00333216107913257,-0.000184141201378644,NaN,NaN,NaN,NaN,onset_unresolved,FB2312-baseline-awake,growing_clean,35,constructed,104,0,819,835,0.089886876461806,valid,NaN,0,NaN,NaN,NaN,NaN
insufficient_improvement,NaN,779,759,823,-2.06259148135834,779,816,37,-0.00333216107913257,-0.000184141201378644,NaN,NaN,NaN,NaN,onset_unresolved,FB2312-baseline-awake,growing_clean,35,source,104,0,819,835,0.089886876461806,valid,NaN,NaN,NaN,NaN,NaN,NaN
overlapping_detection_in_fit,NaN,NaN,601,665,NaN,NaN,NaN,NaN,NaN,NaN,NaN,NaN,NaN,NaN,onset_unresolved,FB2312-baseline-awake,growing_clean,36,constructed,107,0,661,676,NaN,insufficient_clean_prebaseline,NaN,0,NaN,NaN,NaN,NaN
overlapping_detection_in_fit,NaN,NaN,601,665,NaN,NaN,NaN,NaN,NaN,NaN,NaN,NaN,NaN,NaN,onset_unresolved,FB2312-baseline-awake,growing_clean,36,source,107,0,661,676,NaN,insufficient_clean_prebaseline,NaN,NaN,NaN,NaN,NaN,NaN
overlapping_detection_in_fit,NaN,NaN,670,734,NaN,NaN,NaN,NaN,NaN,NaN,NaN,NaN,NaN,NaN,onset_unresolved,FB2312-baseline-awake,growing_clean,37,constructed,110,0,730,739,0.0780427976339793,valid,NaN,0,NaN,NaN,NaN,NaN
overlapping_detection_in_fit,NaN,NaN,670,734,NaN,NaN,NaN,NaN,NaN,NaN,NaN,NaN,NaN,NaN,onset_unresolved,FB2312-baseline-awake,growing_clean,37,source,110,0,730,739,0.0780427976339793,valid,NaN,NaN,NaN,NaN,NaN,NaN
resolved,814,814,764,828,19.7707299418403,812,816,4,-0.000995619154929471,0.00607461741742302,794,813,2627.44659803512,0.104349308481458,provisional_valid,FB2312-baseline-awake,growing_clean,38,constructed,113,0,824,833,0.0977781895716792,valid,NaN,0,0,0,0.104349308481458,0
resolved,814,814,764,828,19.7707299418403,812,816,4,-0.000995619154929471,0.00607461741742302,794,813,2627.44659803512,0.104349308481458,provisional_valid,FB2312-baseline-awake,growing_clean,38,source,113,0,824,833,0.0977781895716792,valid,NaN,NaN,NaN,NaN,NaN,NaN
overlapping_detection_in_fit,NaN,NaN,794,858,NaN,NaN,NaN,NaN,NaN,NaN,NaN,NaN,NaN,NaN,onset_unresolved,FB2312-baseline-awake,growing_clean,39,constructed,116,0,854,867,NaN,insufficient_clean_prebaseline,NaN,0,NaN,NaN,NaN,NaN
overlapping_detection_in_fit,NaN,NaN,794,858,NaN,NaN,NaN,NaN,NaN,NaN,NaN,NaN,NaN,NaN,onset_unresolved,FB2312-baseline-awake,growing_clean,39,source,116,0,854,867,NaN,insufficient_clean_prebaseline,NaN,NaN,NaN,NaN,NaN,NaN
insufficient_improvement,NaN,917,878,942,-0.137408559836627,906,927,21,0.000901856490601267,-0.00162184297475457,NaN,NaN,NaN,NaN,onset_unresolved,FB2312-baseline-awake,growing_clean,40,constructed,119,0,938,947,0.0350171637169827,valid,NaN,0,NaN,NaN,NaN,NaN
insufficient_improvement,NaN,917,878,942,-0.137408559836627,906,927,21,0.000901856490601267,-0.00162184297475457,NaN,NaN,NaN,NaN,onset_unresolved,FB2312-baseline-awake,growing_clean,40,source,119,0,938,947,0.0350171637169827,valid,NaN,NaN,NaN,NaN,NaN,NaN
recording_boundary_unresolved,NaN,NaN,-59,5,NaN,NaN,NaN,NaN,NaN,NaN,NaN,NaN,NaN,NaN,onset_unresolved,FB2312-baseline-awake,shrinking_clean,1,constructed,2,0,1,18,NaN,insufficient_clean_prebaseline,NaN,NaN,NaN,NaN,NaN,NaN
recording_boundary_unresolved,NaN,NaN,-59,5,NaN,NaN,NaN,NaN,NaN,NaN,NaN,NaN,NaN,NaN,onset_unresolved,FB2312-baseline-awake,shrinking_clean,1,source,2,0,1,18,NaN,insufficient_clean_prebaseline,NaN,NaN,NaN,NaN,NaN,NaN
insufficient_improvement,NaN,166,144,208,7.1508361636357,164,179,15,-0.000489510923908966,0.000521956978197364,NaN,NaN,NaN,NaN,onset_unresolved,FB2312-baseline-awake,shrinking_clean,2,constructed,5,0,204,213,0.00319621440326907,valid,NaN,0,NaN,NaN,NaN,NaN
insufficient_improvement,NaN,166,144,208,7.1508361636357,164,179,15,-0.000489510923908966,0.000521956978197364,NaN,NaN,NaN,NaN,onset_unresolved,FB2312-baseline-awake,shrinking_clean,2,source,5,0,204,213,0.00319621440326907,valid,NaN,NaN,NaN,NaN,NaN,NaN
not_a_rising_change,NaN,363,342,406,13.6648586981189,362,366,4,0.00149923887140742,-0.000296964508988955,NaN,NaN,NaN,NaN,onset_unresolved,FB2312-baseline-awake,shrinking_clean,3,constructed,8,0,402,413,-0.00234622664464919,valid,NaN,0,NaN,NaN,NaN,NaN
not_a_rising_change,NaN,363,342,406,13.6648586981189,362,366,4,0.00149923887140742,-0.000296964508988955,NaN,NaN,NaN,NaN,onset_unresolved,FB2312-baseline-awake,shrinking_clean,3,source,8,0,402,413,-0.00234622664464919,valid,NaN,NaN,NaN,NaN,NaN,NaN
overlapping_detection_in_fit,NaN,NaN,411,475,NaN,NaN,NaN,NaN,NaN,NaN,NaN,NaN,NaN,NaN,onset_unresolved,FB2312-baseline-awake,shrinking_clean,4,constructed,11,0,471,490,0.00107369934556127,valid,NaN,0,NaN,NaN,NaN,NaN
overlapping_detection_in_fit,NaN,NaN,411,475,NaN,NaN,NaN,NaN,NaN,NaN,NaN,NaN,NaN,NaN,onset_unresolved,FB2312-baseline-awake,shrinking_clean,4,source,11,0,471,490,0.00107369934556127,valid,NaN,NaN,NaN,NaN,NaN,NaN
overlapping_detection_in_fit,NaN,NaN,434,498,NaN,NaN,NaN,NaN,NaN,NaN,NaN,NaN,NaN,NaN,onset_unresolved,FB2312-baseline-awake,shrinking_clean,5,constructed,14,0,494,503,NaN,insufficient_clean_prebaseline,NaN,0,NaN,NaN,NaN,NaN
overlapping_detection_in_fit,NaN,NaN,434,498,NaN,NaN,NaN,NaN,NaN,NaN,NaN,NaN,NaN,NaN,onset_unresolved,FB2312-baseline-awake,shrinking_clean,5,source,14,0,494,503,NaN,insufficient_clean_prebaseline,NaN,NaN,NaN,NaN,NaN,NaN
overlapping_detection_in_fit,NaN,NaN,471,535,NaN,NaN,NaN,NaN,NaN,NaN,NaN,NaN,NaN,NaN,onset_unresolved,FB2312-baseline-awake,shrinking_clean,6,constructed,17,0,531,552,0.00729212311103859,valid,NaN,0,NaN,NaN,NaN,NaN
overlapping_detection_in_fit,NaN,NaN,471,535,NaN,NaN,NaN,NaN,NaN,NaN,NaN,NaN,NaN,NaN,onset_unresolved,FB2312-baseline-awake,shrinking_clean,6,source,17,0,531,552,0.00729212311103859,valid,NaN,NaN,NaN,NaN,NaN,NaN
insufficient_improvement,NaN,640,581,645,-1.64304281645574,638,641,3,0.000273974894778529,-0.0036198584875405,NaN,NaN,NaN,NaN,onset_unresolved,FB2312-baseline-awake,shrinking_clean,7,constructed,20,0,641,650,-0.00647368733109602,valid,NaN,0,NaN,NaN,NaN,NaN
insufficient_improvement,NaN,640,581,645,-1.64304281645574,638,641,3,0.000273974894778529,-0.0036198584875405,NaN,NaN,NaN,NaN,onset_unresolved,FB2312-baseline-awake,shrinking_clean,7,source,20,0,641,650,-0.00647368733109602,valid,NaN,NaN,NaN,NaN,NaN,NaN
recording_boundary_unresolved,NaN,NaN,-59,5,NaN,NaN,NaN,NaN,NaN,NaN,NaN,NaN,NaN,NaN,onset_unresolved,FB2312-baseline-awake,shrinking_clean,8,constructed,23,0,1,23,NaN,insufficient_clean_prebaseline,NaN,NaN,NaN,NaN,NaN,NaN
recording_boundary_unresolved,NaN,NaN,-59,5,NaN,NaN,NaN,NaN,NaN,NaN,NaN,NaN,NaN,NaN,onset_unresolved,FB2312-baseline-awake,shrinking_clean,8,source,23,0,1,23,NaN,insufficient_clean_prebaseline,NaN,NaN,NaN,NaN,NaN,NaN
resolved,175,175,144,208,24.0210943008141,172,178,6,-0.000478523961736432,0.00080874162865746,155,174,535.853923379648,0.0192019469306366,provisional_valid,FB2312-baseline-awake,shrinking_clean,9,constructed,26,0,204,214,0.00590742328557808,valid,NaN,0,0,0,0.0192019469306366,0
resolved,175,175,144,208,24.0210943008141,172,178,6,-0.000478523961736432,0.00080874162865746,155,174,535.853923379648,0.0192019469306366,provisional_valid,FB2312-baseline-awake,shrinking_clean,9,source,26,0,204,214,0.00590742328557808,valid,NaN,NaN,NaN,NaN,NaN,NaN
insufficient_improvement,NaN,324,264,328,-1.32958468664264,322,324,2,-3.96554650904863e-05,-0.00330207819513908,NaN,NaN,NaN,NaN,onset_unresolved,FB2312-baseline-awake,shrinking_clean,10,constructed,29,0,324,333,0.00607445922815567,valid,NaN,0,NaN,NaN,NaN,NaN
insufficient_improvement,NaN,324,264,328,-1.32958468664264,322,324,2,-3.96554650904863e-05,-0.00330207819513908,NaN,NaN,NaN,NaN,onset_unresolved,FB2312-baseline-awake,shrinking_clean,10,source,29,0,324,333,0.00607445922815567,valid,NaN,NaN,NaN,NaN,NaN,NaN
not_a_rising_change,NaN,365,342,406,30.2731608136903,362,367,5,0.00173471417905821,-0.000493665865925708,NaN,NaN,NaN,NaN,onset_unresolved,FB2312-baseline-awake,shrinking_clean,11,constructed,32,0,402,412,-0.00594581199191849,valid,NaN,0,NaN,NaN,NaN,NaN
not_a_rising_change,NaN,365,342,406,30.2731608136903,362,367,5,0.00173471417905821,-0.000493665865925708,NaN,NaN,NaN,NaN,onset_unresolved,FB2312-baseline-awake,shrinking_clean,11,source,32,0,402,412,-0.00594581199191849,valid,NaN,NaN,NaN,NaN,NaN,NaN
overlapping_detection_in_fit,NaN,NaN,411,475,NaN,NaN,NaN,NaN,NaN,NaN,NaN,NaN,NaN,NaN,onset_unresolved,FB2312-baseline-awake,shrinking_clean,12,constructed,35,0,471,490,-0.0132073831535142,valid,NaN,0,NaN,NaN,NaN,NaN
overlapping_detection_in_fit,NaN,NaN,411,475,NaN,NaN,NaN,NaN,NaN,NaN,NaN,NaN,NaN,NaN,onset_unresolved,FB2312-baseline-awake,shrinking_clean,12,source,35,0,471,490,-0.0132073831535142,valid,NaN,NaN,NaN,NaN,NaN,NaN
overlapping_detection_in_fit,NaN,NaN,434,498,NaN,NaN,NaN,NaN,NaN,NaN,NaN,NaN,NaN,NaN,onset_unresolved,FB2312-baseline-awake,shrinking_clean,13,constructed,38,0,494,503,NaN,insufficient_clean_prebaseline,NaN,0,NaN,NaN,NaN,NaN
overlapping_detection_in_fit,NaN,NaN,434,498,NaN,NaN,NaN,NaN,NaN,NaN,NaN,NaN,NaN,NaN,onset_unresolved,FB2312-baseline-awake,shrinking_clean,13,source,38,0,494,503,NaN,insufficient_clean_prebaseline,NaN,NaN,NaN,NaN,NaN,NaN
overlapping_detection_in_fit,NaN,NaN,471,535,NaN,NaN,NaN,NaN,NaN,NaN,NaN,NaN,NaN,NaN,onset_unresolved,FB2312-baseline-awake,shrinking_clean,14,constructed,41,0,531,552,0.00305081846300793,valid,NaN,0,NaN,NaN,NaN,NaN
overlapping_detection_in_fit,NaN,NaN,471,535,NaN,NaN,NaN,NaN,NaN,NaN,NaN,NaN,NaN,NaN,onset_unresolved,FB2312-baseline-awake,shrinking_clean,14,source,41,0,531,552,0.00305081846300793,valid,NaN,NaN,NaN,NaN,NaN,NaN
insufficient_improvement,NaN,639,581,645,8.89231958328205,638,641,3,0.00047510570795025,-0.00525154971258657,NaN,NaN,NaN,NaN,onset_unresolved,FB2312-baseline-awake,shrinking_clean,15,constructed,44,0,641,650,-0.0121499733767806,valid,NaN,0,NaN,NaN,NaN,NaN
insufficient_improvement,NaN,639,581,645,8.89231958328205,638,641,3,0.00047510570795025,-0.00525154971258657,NaN,NaN,NaN,NaN,onset_unresolved,FB2312-baseline-awake,shrinking_clean,15,source,44,0,641,650,-0.0121499733767806,valid,NaN,NaN,NaN,NaN,NaN,NaN
overlapping_detection_in_fit,NaN,NaN,624,688,NaN,NaN,NaN,NaN,NaN,NaN,NaN,NaN,NaN,NaN,onset_unresolved,FB2312-baseline-awake,shrinking_clean,16,constructed,47,0,684,695,0.0006981748802571,valid,NaN,0,NaN,NaN,NaN,NaN
overlapping_detection_in_fit,NaN,NaN,624,688,NaN,NaN,NaN,NaN,NaN,NaN,NaN,NaN,NaN,NaN,onset_unresolved,FB2312-baseline-awake,shrinking_clean,16,source,47,0,684,695,0.0006981748802571,valid,NaN,NaN,NaN,NaN,NaN,NaN
recording_boundary_unresolved,NaN,NaN,-36,28,NaN,NaN,NaN,NaN,NaN,NaN,NaN,NaN,NaN,NaN,onset_unresolved,FB2312-baseline-awake,shrinking_clean,17,constructed,50,0,24,53,0.176013448626567,valid,NaN,0,NaN,NaN,NaN,NaN
recording_boundary_unresolved,NaN,NaN,-36,28,NaN,NaN,NaN,NaN,NaN,NaN,NaN,NaN,NaN,NaN,onset_unresolved,FB2312-baseline-awake,shrinking_clean,17,source,50,0,24,53,0.176013448626567,valid,NaN,NaN,NaN,NaN,NaN,NaN
recording_boundary_unresolved,NaN,NaN,-23,41,NaN,NaN,NaN,NaN,NaN,NaN,NaN,NaN,NaN,NaN,onset_unresolved,FB2312-baseline-awake,shrinking_clean,18,constructed,53,0,37,46,NaN,insufficient_clean_prebaseline,NaN,0,NaN,NaN,NaN,NaN
recording_boundary_unresolved,NaN,NaN,-23,41,NaN,NaN,NaN,NaN,NaN,NaN,NaN,NaN,NaN,NaN,onset_unresolved,FB2312-baseline-awake,shrinking_clean,18,source,53,0,37,46,NaN,insufficient_clean_prebaseline,NaN,NaN,NaN,NaN,NaN,NaN
recording_boundary_unresolved,NaN,NaN,-9,55,NaN,NaN,NaN,NaN,NaN,NaN,NaN,NaN,NaN,NaN,onset_unresolved,FB2312-baseline-awake,shrinking_clean,19,constructed,56,0,51,63,NaN,insufficient_clean_prebaseline,NaN,0,NaN,NaN,NaN,NaN
recording_boundary_unresolved,NaN,NaN,-9,55,NaN,NaN,NaN,NaN,NaN,NaN,NaN,NaN,NaN,NaN,onset_unresolved,FB2312-baseline-awake,shrinking_clean,19,source,56,0,51,63,NaN,insufficient_clean_prebaseline,NaN,NaN,NaN,NaN,NaN,NaN
overlapping_detection_in_fit,NaN,NaN,191,255,NaN,NaN,NaN,NaN,NaN,NaN,NaN,NaN,NaN,NaN,onset_unresolved,FB2312-baseline-awake,shrinking_clean,20,constructed,59,0,251,265,0.156549493532634,valid,NaN,0,NaN,NaN,NaN,NaN
overlapping_detection_in_fit,NaN,NaN,191,255,NaN,NaN,NaN,NaN,NaN,NaN,NaN,NaN,NaN,NaN,onset_unresolved,FB2312-baseline-awake,shrinking_clean,20,source,59,0,251,265,0.156549493532634,valid,NaN,NaN,NaN,NaN,NaN,NaN
overlapping_detection_in_fit,NaN,NaN,295,359,NaN,NaN,NaN,NaN,NaN,NaN,NaN,NaN,NaN,NaN,onset_unresolved,FB2312-baseline-awake,shrinking_clean,21,constructed,62,0,355,370,NaN,insufficient_clean_prebaseline,NaN,0,NaN,NaN,NaN,NaN
overlapping_detection_in_fit,NaN,NaN,295,359,NaN,NaN,NaN,NaN,NaN,NaN,NaN,NaN,NaN,NaN,onset_unresolved,FB2312-baseline-awake,shrinking_clean,21,source,62,0,355,370,NaN,insufficient_clean_prebaseline,NaN,NaN,NaN,NaN,NaN,NaN
overlapping_detection_in_fit,NaN,NaN,312,376,NaN,NaN,NaN,NaN,NaN,NaN,NaN,NaN,NaN,NaN,onset_unresolved,FB2312-baseline-awake,shrinking_clean,22,constructed,65,0,372,389,NaN,insufficient_clean_prebaseline,NaN,0,NaN,NaN,NaN,NaN
overlapping_detection_in_fit,NaN,NaN,312,376,NaN,NaN,NaN,NaN,NaN,NaN,NaN,NaN,NaN,NaN,onset_unresolved,FB2312-baseline-awake,shrinking_clean,22,source,65,0,372,389,NaN,insufficient_clean_prebaseline,NaN,NaN,NaN,NaN,NaN,NaN
overlapping_detection_in_fit,NaN,NaN,298,362,NaN,NaN,NaN,NaN,NaN,NaN,NaN,NaN,NaN,NaN,onset_unresolved,FB2312-baseline-awake,shrinking_clean,23,constructed,68,0,358,369,NaN,insufficient_clean_prebaseline,NaN,0,NaN,NaN,NaN,NaN
overlapping_detection_in_fit,NaN,NaN,298,362,NaN,NaN,NaN,NaN,NaN,NaN,NaN,NaN,NaN,NaN,onset_unresolved,FB2312-baseline-awake,shrinking_clean,23,source,68,0,358,369,NaN,insufficient_clean_prebaseline,NaN,NaN,NaN,NaN,NaN,NaN
overlapping_detection_in_fit,NaN,NaN,306,370,NaN,NaN,NaN,NaN,NaN,NaN,NaN,NaN,NaN,NaN,onset_unresolved,FB2312-baseline-awake,shrinking_clean,24,constructed,71,0,366,378,0.066833064926626,valid,NaN,0,NaN,NaN,NaN,NaN
overlapping_detection_in_fit,NaN,NaN,306,370,NaN,NaN,NaN,NaN,NaN,NaN,NaN,NaN,NaN,NaN,onset_unresolved,FB2312-baseline-awake,shrinking_clean,24,source,71,0,366,378,0.066833064926626,valid,NaN,NaN,NaN,NaN,NaN,NaN
overlapping_detection_in_fit,NaN,NaN,320,384,NaN,NaN,NaN,NaN,NaN,NaN,NaN,NaN,NaN,NaN,onset_unresolved,FB2312-baseline-awake,shrinking_clean,25,constructed,74,0,380,398,NaN,insufficient_clean_prebaseline,NaN,0,NaN,NaN,NaN,NaN
overlapping_detection_in_fit,NaN,NaN,320,384,NaN,NaN,NaN,NaN,NaN,NaN,NaN,NaN,NaN,NaN,onset_unresolved,FB2312-baseline-awake,shrinking_clean,25,source,74,0,380,398,NaN,insufficient_clean_prebaseline,NaN,NaN,NaN,NaN,NaN,NaN
overlapping_detection_in_fit,NaN,NaN,318,382,NaN,NaN,NaN,NaN,NaN,NaN,NaN,NaN,NaN,NaN,onset_unresolved,FB2312-baseline-awake,shrinking_clean,26,constructed,77,0,378,398,0.0183443419545889,valid,NaN,0,NaN,NaN,NaN,NaN
overlapping_detection_in_fit,NaN,NaN,318,382,NaN,NaN,NaN,NaN,NaN,NaN,NaN,NaN,NaN,NaN,onset_unresolved,FB2312-baseline-awake,shrinking_clean,26,source,77,0,378,398,0.0183443419545889,valid,NaN,NaN,NaN,NaN,NaN,NaN
overlapping_detection_in_fit,NaN,NaN,452,516,NaN,NaN,NaN,NaN,NaN,NaN,NaN,NaN,NaN,NaN,onset_unresolved,FB2312-baseline-awake,shrinking_clean,27,constructed,80,0,512,523,0.0876123207886475,valid,NaN,0,NaN,NaN,NaN,NaN
overlapping_detection_in_fit,NaN,NaN,452,516,NaN,NaN,NaN,NaN,NaN,NaN,NaN,NaN,NaN,NaN,onset_unresolved,FB2312-baseline-awake,shrinking_clean,27,source,80,0,512,523,0.0876123207886475,valid,NaN,NaN,NaN,NaN,NaN,NaN
overlapping_detection_in_fit,NaN,NaN,378,442,NaN,NaN,NaN,NaN,NaN,NaN,NaN,NaN,NaN,NaN,onset_unresolved,FB2312-baseline-awake,shrinking_clean,28,constructed,83,0,438,452,NaN,insufficient_clean_prebaseline,NaN,0,NaN,NaN,NaN,NaN
overlapping_detection_in_fit,NaN,NaN,378,442,NaN,NaN,NaN,NaN,NaN,NaN,NaN,NaN,NaN,NaN,onset_unresolved,FB2312-baseline-awake,shrinking_clean,28,source,83,0,438,452,NaN,insufficient_clean_prebaseline,NaN,NaN,NaN,NaN,NaN,NaN
overlapping_detection_in_fit,NaN,NaN,456,520,NaN,NaN,NaN,NaN,NaN,NaN,NaN,NaN,NaN,NaN,onset_unresolved,FB2312-baseline-awake,shrinking_clean,29,constructed,86,0,516,527,0.133051568751397,valid,NaN,0,NaN,NaN,NaN,NaN
overlapping_detection_in_fit,NaN,NaN,456,520,NaN,NaN,NaN,NaN,NaN,NaN,NaN,NaN,NaN,NaN,onset_unresolved,FB2312-baseline-awake,shrinking_clean,29,source,86,0,516,527,0.133051568751397,valid,NaN,NaN,NaN,NaN,NaN,NaN
overlapping_detection_in_fit,NaN,NaN,389,453,NaN,NaN,NaN,NaN,NaN,NaN,NaN,NaN,NaN,NaN,onset_unresolved,FB2312-baseline-awake,shrinking_clean,30,constructed,89,0,449,458,NaN,insufficient_clean_prebaseline,NaN,0,NaN,NaN,NaN,NaN
overlapping_detection_in_fit,NaN,NaN,389,453,NaN,NaN,NaN,NaN,NaN,NaN,NaN,NaN,NaN,NaN,onset_unresolved,FB2312-baseline-awake,shrinking_clean,30,source,89,0,449,458,NaN,insufficient_clean_prebaseline,NaN,NaN,NaN,NaN,NaN,NaN
overlapping_detection_in_fit,NaN,NaN,556,620,NaN,NaN,NaN,NaN,NaN,NaN,NaN,NaN,NaN,NaN,onset_unresolved,FB2312-baseline-awake,shrinking_clean,31,constructed,92,0,616,630,0.0957282120322751,valid,NaN,0,NaN,NaN,NaN,NaN
overlapping_detection_in_fit,NaN,NaN,556,620,NaN,NaN,NaN,NaN,NaN,NaN,NaN,NaN,NaN,NaN,onset_unresolved,FB2312-baseline-awake,shrinking_clean,31,source,92,0,616,630,0.0957282120322751,valid,NaN,NaN,NaN,NaN,NaN,NaN
insufficient_improvement,NaN,814,764,828,6.05862701009784,811,816,5,-0.000372977296358236,0.00578922929898879,NaN,NaN,NaN,NaN,onset_unresolved,FB2312-baseline-awake,shrinking_clean,32,constructed,95,0,824,834,0.100228936843864,valid,NaN,0,NaN,NaN,NaN,NaN
insufficient_improvement,NaN,814,764,828,6.05862701009784,811,816,5,-0.000372977296358236,0.00578922929898879,NaN,NaN,NaN,NaN,onset_unresolved,FB2312-baseline-awake,shrinking_clean,32,source,95,0,824,834,0.100228936843864,valid,NaN,NaN,NaN,NaN,NaN,NaN
overlapping_detection_in_fit,NaN,NaN,561,625,NaN,NaN,NaN,NaN,NaN,NaN,NaN,NaN,NaN,NaN,onset_unresolved,FB2312-baseline-awake,shrinking_clean,33,constructed,98,0,621,631,0.0510424291159873,valid,NaN,0,NaN,NaN,NaN,NaN
overlapping_detection_in_fit,NaN,NaN,561,625,NaN,NaN,NaN,NaN,NaN,NaN,NaN,NaN,NaN,NaN,onset_unresolved,FB2312-baseline-awake,shrinking_clean,33,source,98,0,621,631,0.0510424291159873,valid,NaN,NaN,NaN,NaN,NaN,NaN
insufficient_improvement,NaN,779,759,823,-2.074999348451,779,816,37,-0.00332871663142142,-0.000184512874175432,NaN,NaN,NaN,NaN,onset_unresolved,FB2312-baseline-awake,shrinking_clean,34,constructed,101,0,819,835,0.0898716739032826,valid,NaN,0,NaN,NaN,NaN,NaN
insufficient_improvement,NaN,779,759,823,-2.074999348451,779,816,37,-0.00332871663142142,-0.000184512874175432,NaN,NaN,NaN,NaN,onset_unresolved,FB2312-baseline-awake,shrinking_clean,34,source,101,0,819,835,0.0898716739032826,valid,NaN,NaN,NaN,NaN,NaN,NaN
overlapping_detection_in_fit,NaN,NaN,601,665,NaN,NaN,NaN,NaN,NaN,NaN,NaN,NaN,NaN,NaN,onset_unresolved,FB2312-baseline-awake,shrinking_clean,35,constructed,104,0,661,676,NaN,insufficient_clean_prebaseline,NaN,0,NaN,NaN,NaN,NaN
overlapping_detection_in_fit,NaN,NaN,601,665,NaN,NaN,NaN,NaN,NaN,NaN,NaN,NaN,NaN,NaN,onset_unresolved,FB2312-baseline-awake,shrinking_clean,35,source,104,0,661,676,NaN,insufficient_clean_prebaseline,NaN,NaN,NaN,NaN,NaN,NaN
overlapping_detection_in_fit,NaN,NaN,670,734,NaN,NaN,NaN,NaN,NaN,NaN,NaN,NaN,NaN,NaN,onset_unresolved,FB2312-baseline-awake,shrinking_clean,36,constructed,107,0,730,739,0.078034220086881,valid,NaN,0,NaN,NaN,NaN,NaN
overlapping_detection_in_fit,NaN,NaN,670,734,NaN,NaN,NaN,NaN,NaN,NaN,NaN,NaN,NaN,NaN,onset_unresolved,FB2312-baseline-awake,shrinking_clean,36,source,107,0,730,739,0.078034220086881,valid,NaN,NaN,NaN,NaN,NaN,NaN
resolved,814,814,764,828,19.7736393907722,812,816,4,-0.000995691389675184,0.00607519059794862,794,813,2627.59988502143,0.104353608476002,provisional_valid,FB2312-baseline-awake,shrinking_clean,37,constructed,110,0,824,833,0.097781971309804,valid,NaN,0,0,0,0.104353608476002,0
resolved,814,814,764,828,19.7736393907722,812,816,4,-0.000995691389675184,0.00607519059794862,794,813,2627.59988502143,0.104353608476002,provisional_valid,FB2312-baseline-awake,shrinking_clean,37,source,110,0,824,833,0.097781971309804,valid,NaN,NaN,NaN,NaN,NaN,NaN
overlapping_detection_in_fit,NaN,NaN,794,858,NaN,NaN,NaN,NaN,NaN,NaN,NaN,NaN,NaN,NaN,onset_unresolved,FB2312-baseline-awake,shrinking_clean,38,constructed,113,0,854,867,NaN,insufficient_clean_prebaseline,NaN,0,NaN,NaN,NaN,NaN
overlapping_detection_in_fit,NaN,NaN,794,858,NaN,NaN,NaN,NaN,NaN,NaN,NaN,NaN,NaN,NaN,onset_unresolved,FB2312-baseline-awake,shrinking_clean,38,source,113,0,854,867,NaN,insufficient_clean_prebaseline,NaN,NaN,NaN,NaN,NaN,NaN
insufficient_improvement,NaN,917,878,942,-0.129553674902462,906,927,21,0.000902584861725058,-0.00162275041841305,NaN,NaN,NaN,NaN,onset_unresolved,FB2312-baseline-awake,shrinking_clean,39,constructed,116,0,938,947,0.034990848859484,valid,NaN,0,NaN,NaN,NaN,NaN
insufficient_improvement,NaN,917,878,942,-0.129553674902462,906,927,21,0.000902584861725058,-0.00162275041841305,NaN,NaN,NaN,NaN,onset_unresolved,FB2312-baseline-awake,shrinking_clean,39,source,116,0,938,947,0.034990848859484,valid,NaN,NaN,NaN,NaN,NaN,NaN
recording_boundary_unresolved,NaN,NaN,-56,8,NaN,NaN,NaN,NaN,NaN,NaN,NaN,NaN,NaN,NaN,onset_unresolved,FB2411,growing_clean,1,constructed,2,0,4,24,NaN,insufficient_clean_prebaseline,NaN,NaN,NaN,NaN,NaN,NaN
recording_boundary_unresolved,NaN,NaN,-56,8,NaN,NaN,NaN,NaN,NaN,NaN,NaN,NaN,NaN,NaN,onset_unresolved,FB2411,growing_clean,1,source,2,0,4,24,NaN,insufficient_clean_prebaseline,NaN,NaN,NaN,NaN,NaN,NaN
recording_boundary_unresolved,NaN,NaN,-24,40,NaN,NaN,NaN,NaN,NaN,NaN,NaN,NaN,NaN,NaN,onset_unresolved,FB2411,growing_clean,2,constructed,5,0,36,84,NaN,insufficient_clean_prebaseline,NaN,0,NaN,NaN,NaN,NaN
recording_boundary_unresolved,NaN,NaN,-24,40,NaN,NaN,NaN,NaN,NaN,NaN,NaN,NaN,NaN,NaN,onset_unresolved,FB2411,growing_clean,2,source,5,0,36,84,NaN,insufficient_clean_prebaseline,NaN,NaN,NaN,NaN,NaN,NaN
overlapping_detection_in_fit,NaN,NaN,30,94,NaN,NaN,NaN,NaN,NaN,NaN,NaN,NaN,NaN,NaN,onset_unresolved,FB2411,growing_clean,3,constructed,8,0,90,101,NaN,insufficient_clean_prebaseline,NaN,0,NaN,NaN,NaN,NaN
overlapping_detection_in_fit,NaN,NaN,30,94,NaN,NaN,NaN,NaN,NaN,NaN,NaN,NaN,NaN,NaN,onset_unresolved,FB2411,growing_clean,3,source,8,0,90,101,NaN,insufficient_clean_prebaseline,NaN,NaN,NaN,NaN,NaN,NaN
overlapping_detection_in_fit,NaN,NaN,30,94,NaN,NaN,NaN,NaN,NaN,NaN,NaN,NaN,NaN,NaN,onset_unresolved,FB2411,growing_clean,4,constructed,11,0,90,100,NaN,insufficient_clean_prebaseline,NaN,0,NaN,NaN,NaN,NaN
overlapping_detection_in_fit,NaN,NaN,30,94,NaN,NaN,NaN,NaN,NaN,NaN,NaN,NaN,NaN,NaN,onset_unresolved,FB2411,growing_clean,4,source,11,0,90,100,NaN,insufficient_clean_prebaseline,NaN,NaN,NaN,NaN,NaN,NaN
overlapping_detection_in_fit,NaN,NaN,44,108,NaN,NaN,NaN,NaN,NaN,NaN,NaN,NaN,NaN,NaN,onset_unresolved,FB2411,growing_clean,5,constructed,14,0,104,115,NaN,insufficient_clean_prebaseline,NaN,-2.76150548188525e-05,NaN,NaN,NaN,NaN
overlapping_detection_in_fit,NaN,NaN,44,108,NaN,NaN,NaN,NaN,NaN,NaN,NaN,NaN,NaN,NaN,onset_unresolved,FB2411,growing_clean,5,source,14,0,104,115,NaN,insufficient_clean_prebaseline,NaN,NaN,NaN,NaN,NaN,NaN
overlapping_detection_in_fit,NaN,NaN,85,149,NaN,NaN,NaN,NaN,NaN,NaN,NaN,NaN,NaN,NaN,onset_unresolved,FB2411,growing_clean,6,constructed,17,0,145,165,0.000311046175648886,valid,NaN,0,NaN,NaN,NaN,NaN
overlapping_detection_in_fit,NaN,NaN,85,149,NaN,NaN,NaN,NaN,NaN,NaN,NaN,NaN,NaN,NaN,onset_unresolved,FB2411,growing_clean,6,source,17,0,145,165,0.000311046175648886,valid,NaN,NaN,NaN,NaN,NaN,NaN
overlapping_detection_in_fit,NaN,NaN,167,231,NaN,NaN,NaN,NaN,NaN,NaN,NaN,NaN,NaN,NaN,onset_unresolved,FB2411,growing_clean,7,constructed,20,0,227,239,0.00163980742186183,valid,NaN,0,NaN,NaN,NaN,NaN
overlapping_detection_in_fit,NaN,NaN,167,231,NaN,NaN,NaN,NaN,NaN,NaN,NaN,NaN,NaN,NaN,onset_unresolved,FB2411,growing_clean,7,source,20,0,227,239,0.00163980742186183,valid,NaN,NaN,NaN,NaN,NaN,NaN
insufficient_improvement,NaN,138,92,156,9.91622500436957,128,141,13,1.47188483147345e-05,-0.000126136924631033,NaN,NaN,NaN,NaN,onset_unresolved,FB2411,growing_clean,8,constructed,23,0,152,165,-0.000190655761158627,valid,NaN,0,NaN,NaN,NaN,NaN
insufficient_improvement,NaN,138,92,156,9.91622500436957,128,141,13,1.47188483147345e-05,-0.000126136924631033,NaN,NaN,NaN,NaN,onset_unresolved,FB2411,growing_clean,8,source,23,0,152,165,-0.000190655761158627,valid,NaN,NaN,NaN,NaN,NaN,NaN
overlapping_detection_in_fit,NaN,NaN,104,168,NaN,NaN,NaN,NaN,NaN,NaN,NaN,NaN,NaN,NaN,onset_unresolved,FB2411,growing_clean,9,constructed,26,0,164,232,NaN,insufficient_clean_prebaseline,NaN,-0.0036997545952846,NaN,NaN,NaN,NaN
overlapping_detection_in_fit,NaN,NaN,104,168,NaN,NaN,NaN,NaN,NaN,NaN,NaN,NaN,NaN,NaN,onset_unresolved,FB2411,growing_clean,9,source,26,0,164,232,NaN,insufficient_clean_prebaseline,NaN,NaN,NaN,NaN,NaN,NaN
overlapping_detection_in_fit,NaN,NaN,231,295,NaN,NaN,NaN,NaN,NaN,NaN,NaN,NaN,NaN,NaN,onset_unresolved,FB2411,growing_clean,10,constructed,29,0,291,301,NaN,insufficient_clean_prebaseline,NaN,0,NaN,NaN,NaN,NaN
overlapping_detection_in_fit,NaN,NaN,231,295,NaN,NaN,NaN,NaN,NaN,NaN,NaN,NaN,NaN,NaN,onset_unresolved,FB2411,growing_clean,10,source,29,0,291,301,NaN,insufficient_clean_prebaseline,NaN,NaN,NaN,NaN,NaN,NaN
insufficient_improvement,NaN,284,232,296,5.401483738876,281,287,6,-6.70701677863735e-06,-0.000157654118086328,NaN,NaN,NaN,NaN,onset_unresolved,FB2411,growing_clean,11,constructed,32,0,292,301,0.000667893048662421,valid,NaN,0,NaN,NaN,NaN,NaN
insufficient_improvement,NaN,284,232,296,5.401483738876,281,287,6,-6.70701677863735e-06,-0.000157654118086328,NaN,NaN,NaN,NaN,onset_unresolved,FB2411,growing_clean,11,source,32,0,292,301,0.000667893048662421,valid,NaN,NaN,NaN,NaN,NaN,NaN
insufficient_improvement,NaN,283,232,296,-4.83557611234913,266,287,21,-2.20232203856867e-05,-8.38347589021195e-05,NaN,NaN,NaN,NaN,onset_unresolved,FB2411,growing_clean,12,constructed,35,0,292,301,0.000439726339787963,valid,NaN,0,NaN,NaN,NaN,NaN
insufficient_improvement,NaN,283,232,296,-4.83557611234913,266,287,21,-2.20232203856867e-05,-8.38347589021195e-05,NaN,NaN,NaN,NaN,onset_unresolved,FB2411,growing_clean,12,source,35,0,292,301,0.000439726339787963,valid,NaN,NaN,NaN,NaN,NaN,NaN
recording_boundary_unresolved,NaN,NaN,-56,8,NaN,NaN,NaN,NaN,NaN,NaN,NaN,NaN,NaN,NaN,onset_unresolved,FB2411,shrinking_clean,1,constructed,2,0,4,24,NaN,insufficient_clean_prebaseline,NaN,NaN,NaN,NaN,NaN,NaN
recording_boundary_unresolved,NaN,NaN,-56,8,NaN,NaN,NaN,NaN,NaN,NaN,NaN,NaN,NaN,NaN,onset_unresolved,FB2411,shrinking_clean,1,source,2,0,4,24,NaN,insufficient_clean_prebaseline,NaN,NaN,NaN,NaN,NaN,NaN
recording_boundary_unresolved,NaN,NaN,-25,39,NaN,NaN,NaN,NaN,NaN,NaN,NaN,NaN,NaN,NaN,onset_unresolved,FB2411,shrinking_clean,2,constructed,5,0,35,84,NaN,insufficient_clean_prebaseline,NaN,0,NaN,NaN,NaN,NaN
recording_boundary_unresolved,NaN,NaN,-25,39,NaN,NaN,NaN,NaN,NaN,NaN,NaN,NaN,NaN,NaN,onset_unresolved,FB2411,shrinking_clean,2,source,5,0,35,84,NaN,insufficient_clean_prebaseline,NaN,NaN,NaN,NaN,NaN,NaN
overlapping_detection_in_fit,NaN,NaN,28,92,NaN,NaN,NaN,NaN,NaN,NaN,NaN,NaN,NaN,NaN,onset_unresolved,FB2411,shrinking_clean,3,constructed,8,0,88,101,NaN,insufficient_clean_prebaseline,NaN,0,NaN,NaN,NaN,NaN
overlapping_detection_in_fit,NaN,NaN,28,92,NaN,NaN,NaN,NaN,NaN,NaN,NaN,NaN,NaN,NaN,onset_unresolved,FB2411,shrinking_clean,3,source,8,0,88,101,NaN,insufficient_clean_prebaseline,NaN,NaN,NaN,NaN,NaN,NaN
overlapping_detection_in_fit,NaN,NaN,30,94,NaN,NaN,NaN,NaN,NaN,NaN,NaN,NaN,NaN,NaN,onset_unresolved,FB2411,shrinking_clean,4,constructed,11,0,90,100,NaN,insufficient_clean_prebaseline,NaN,0,NaN,NaN,NaN,NaN
overlapping_detection_in_fit,NaN,NaN,30,94,NaN,NaN,NaN,NaN,NaN,NaN,NaN,NaN,NaN,NaN,onset_unresolved,FB2411,shrinking_clean,4,source,11,0,90,100,NaN,insufficient_clean_prebaseline,NaN,NaN,NaN,NaN,NaN,NaN
overlapping_detection_in_fit,NaN,NaN,85,149,NaN,NaN,NaN,NaN,NaN,NaN,NaN,NaN,NaN,NaN,onset_unresolved,FB2411,shrinking_clean,5,constructed,14,0,145,165,0.000353729246635627,valid,NaN,0,NaN,NaN,NaN,NaN
overlapping_detection_in_fit,NaN,NaN,85,149,NaN,NaN,NaN,NaN,NaN,NaN,NaN,NaN,NaN,NaN,onset_unresolved,FB2411,shrinking_clean,5,source,14,0,145,165,0.000353729246635627,valid,NaN,NaN,NaN,NaN,NaN,NaN
overlapping_detection_in_fit,NaN,NaN,90,154,NaN,NaN,NaN,NaN,NaN,NaN,NaN,NaN,NaN,NaN,onset_unresolved,FB2411,shrinking_clean,6,constructed,17,0,150,163,NaN,insufficient_clean_prebaseline,NaN,-0.0192770242494572,NaN,NaN,NaN,NaN
overlapping_detection_in_fit,NaN,NaN,90,154,NaN,NaN,NaN,NaN,NaN,NaN,NaN,NaN,NaN,NaN,onset_unresolved,FB2411,shrinking_clean,6,source,17,0,150,163,NaN,insufficient_clean_prebaseline,NaN,NaN,NaN,NaN,NaN,NaN
not_a_rising_change,NaN,138,92,156,10.0405159064964,128,141,13,1.45768120472565e-05,-0.000126271155779277,NaN,NaN,NaN,NaN,onset_unresolved,FB2411,shrinking_clean,7,constructed,20,0,152,165,-0.000177959740634442,valid,NaN,0,NaN,NaN,NaN,NaN
not_a_rising_change,NaN,138,92,156,10.0405159064964,128,141,13,1.45768120472565e-05,-0.000126271155779277,NaN,NaN,NaN,NaN,onset_unresolved,FB2411,shrinking_clean,7,source,20,0,152,165,-0.000177959740634442,valid,NaN,NaN,NaN,NaN,NaN,NaN
overlapping_detection_in_fit,NaN,NaN,104,168,NaN,NaN,NaN,NaN,NaN,NaN,NaN,NaN,NaN,NaN,onset_unresolved,FB2411,shrinking_clean,8,constructed,23,0,164,217,NaN,insufficient_clean_prebaseline,NaN,-0.00169260330995036,NaN,NaN,NaN,NaN
overlapping_detection_in_fit,NaN,NaN,104,168,NaN,NaN,NaN,NaN,NaN,NaN,NaN,NaN,NaN,NaN,onset_unresolved,FB2411,shrinking_clean,8,source,23,0,164,217,NaN,insufficient_clean_prebaseline,NaN,NaN,NaN,NaN,NaN,NaN
overlapping_detection_in_fit,NaN,NaN,167,231,NaN,NaN,NaN,NaN,NaN,NaN,NaN,NaN,NaN,NaN,onset_unresolved,FB2411,shrinking_clean,9,constructed,26,0,227,239,NaN,insufficient_clean_prebaseline,NaN,0,NaN,NaN,NaN,NaN
overlapping_detection_in_fit,NaN,NaN,167,231,NaN,NaN,NaN,NaN,NaN,NaN,NaN,NaN,NaN,NaN,onset_unresolved,FB2411,shrinking_clean,9,source,26,0,227,239,NaN,insufficient_clean_prebaseline,NaN,NaN,NaN,NaN,NaN,NaN
overlapping_detection_in_fit,NaN,NaN,230,294,NaN,NaN,NaN,NaN,NaN,NaN,NaN,NaN,NaN,NaN,onset_unresolved,FB2411,shrinking_clean,10,constructed,29,0,290,301,NaN,insufficient_clean_prebaseline,NaN,0,NaN,NaN,NaN,NaN
overlapping_detection_in_fit,NaN,NaN,230,294,NaN,NaN,NaN,NaN,NaN,NaN,NaN,NaN,NaN,NaN,onset_unresolved,FB2411,shrinking_clean,10,source,29,0,290,301,NaN,insufficient_clean_prebaseline,NaN,NaN,NaN,NaN,NaN,NaN
insufficient_improvement,NaN,284,232,296,4.63159647286592,281,287,6,-6.32835083702621e-06,-0.00015749003276129,NaN,NaN,NaN,NaN,onset_unresolved,FB2411,shrinking_clean,11,constructed,32,0,292,301,0.000676147588161405,valid,NaN,0,NaN,NaN,NaN,NaN
insufficient_improvement,NaN,284,232,296,4.63159647286592,281,287,6,-6.32835083702621e-06,-0.00015749003276129,NaN,NaN,NaN,NaN,onset_unresolved,FB2411,shrinking_clean,11,source,32,0,292,301,0.000676147588161405,valid,NaN,NaN,NaN,NaN,NaN,NaN
