Session,EventRow,AmplitudeFraction,RiseFrames,Shape,DelayFrames,Constructible,PreviousStatus,PulseStatus,PreviousErrorSec,PulseErrorSec,PreviousWithinFiveSec,PulseWithinFiveSec
M400-01-baseline-awake,1,0.02,5,linear,10,0,construction_unavailable,construction_unavailable,NaN,NaN,0,0
M400-01-baseline-awake,1,0.02,5,linear,25,0,construction_unavailable,construction_unavailable,NaN,NaN,0,0
M400-01-baseline-awake,1,0.02,5,sine_squared,10,0,construction_unavailable,construction_unavailable,NaN,NaN,0,0
M400-01-baseline-awake,1,0.02,5,sine_squared,25,0,construction_unavailable,construction_unavailable,NaN,NaN,0,0
M400-01-baseline-awake,1,0.02,15,linear,10,0,construction_unavailable,construction_unavailable,NaN,NaN,0,0
M400-01-baseline-awake,1,0.02,15,linear,25,0,construction_unavailable,construction_unavailable,NaN,NaN,0,0
M400-01-baseline-awake,1,0.02,15,sine_squared,10,0,construction_unavailable,construction_unavailable,NaN,NaN,0,0
M400-01-baseline-awake,1,0.02,15,sine_squared,25,0,construction_unavailable,construction_unavailable,NaN,NaN,0,0
M400-01-baseline-awake,1,0.02,30,linear,10,0,construction_unavailable,construction_unavailable,NaN,NaN,0,0
M400-01-baseline-awake,1,0.02,30,linear,25,0,construction_unavailable,construction_unavailable,NaN,NaN,0,0
M400-01-baseline-awake,1,0.02,30,sine_squared,10,0,construction_unavailable,construction_unavailable,NaN,NaN,0,0
M400-01-baseline-awake,1,0.02,30,sine_squared,25,0,construction_unavailable,construction_unavailable,NaN,NaN,0,0
M400-01-baseline-awake,1,0.05,5,linear,10,0,construction_unavailable,construction_unavailable,NaN,NaN,0,0
M400-01-baseline-awake,1,0.05,5,linear,25,0,construction_unavailable,construction_unavailable,NaN,NaN,0,0
M400-01-baseline-awake,1,0.05,5,sine_squared,10,0,construction_unavailable,construction_unavailable,NaN,NaN,0,0
M400-01-baseline-awake,1,0.05,5,sine_squared,25,0,construction_unavailable,construction_unavailable,NaN,NaN,0,0
M400-01-baseline-awake,1,0.05,15,linear,10,0,construction_unavailable,construction_unavailable,NaN,NaN,0,0
M400-01-baseline-awake,1,0.05,15,linear,25,0,construction_unavailable,construction_unavailable,NaN,NaN,0,0
M400-01-baseline-awake,1,0.05,15,sine_squared,10,0,construction_unavailable,construction_unavailable,NaN,NaN,0,0
M400-01-baseline-awake,1,0.05,15,sine_squared,25,0,construction_unavailable,construction_unavailable,NaN,NaN,0,0
M400-01-baseline-awake,1,0.05,30,linear,10,0,construction_unavailable,construction_unavailable,NaN,NaN,0,0
M400-01-baseline-awake,1,0.05,30,linear,25,0,construction_unavailable,construction_unavailable,NaN,NaN,0,0
M400-01-baseline-awake,1,0.05,30,sine_squared,10,0,construction_unavailable,construction_unavailable,NaN,NaN,0,0
M400-01-baseline-awake,1,0.05,30,sine_squared,25,0,construction_unavailable,construction_unavailable,NaN,NaN,0,0
M400-01-baseline-awake,1,0.1,5,linear,10,0,construction_unavailable,construction_unavailable,NaN,NaN,0,0
M400-01-baseline-awake,1,0.1,5,linear,25,0,construction_unavailable,construction_unavailable,NaN,NaN,0,0
M400-01-baseline-awake,1,0.1,5,sine_squared,10,0,construction_unavailable,construction_unavailable,NaN,NaN,0,0
M400-01-baseline-awake,1,0.1,5,sine_squared,25,0,construction_unavailable,construction_unavailable,NaN,NaN,0,0
M400-01-baseline-awake,1,0.1,15,linear,10,0,construction_unavailable,construction_unavailable,NaN,NaN,0,0
M400-01-baseline-awake,1,0.1,15,linear,25,0,construction_unavailable,construction_unavailable,NaN,NaN,0,0
M400-01-baseline-awake,1,0.1,15,sine_squared,10,0,construction_unavailable,construction_unavailable,NaN,NaN,0,0
M400-01-baseline-awake,1,0.1,15,sine_squared,25,0,construction_unavailable,construction_unavailable,NaN,NaN,0,0
M400-01-baseline-awake,1,0.1,30,linear,10,0,construction_unavailable,construction_unavailable,NaN,NaN,0,0
M400-01-baseline-awake,1,0.1,30,linear,25,0,construction_unavailable,construction_unavailable,NaN,NaN,0,0
M400-01-baseline-awake,1,0.1,30,sine_squared,10,0,construction_unavailable,construction_unavailable,NaN,NaN,0,0
M400-01-baseline-awake,1,0.1,30,sine_squared,25,0,construction_unavailable,construction_unavailable,NaN,NaN,0,0
M400-01-baseline-awake,1,0.2,5,linear,10,0,construction_unavailable,construction_unavailable,NaN,NaN,0,0
M400-01-baseline-awake,1,0.2,5,linear,25,0,construction_unavailable,construction_unavailable,NaN,NaN,0,0
M400-01-baseline-awake,1,0.2,5,sine_squared,10,0,construction_unavailable,construction_unavailable,NaN,NaN,0,0
M400-01-baseline-awake,1,0.2,5,sine_squared,25,0,construction_unavailable,construction_unavailable,NaN,NaN,0,0
M400-01-baseline-awake,1,0.2,15,linear,10,0,construction_unavailable,construction_unavailable,NaN,NaN,0,0
M400-01-baseline-awake,1,0.2,15,linear,25,0,construction_unavailable,construction_unavailable,NaN,NaN,0,0
M400-01-baseline-awake,1,0.2,15,sine_squared,10,0,construction_unavailable,construction_unavailable,NaN,NaN,0,0
M400-01-baseline-awake,1,0.2,15,sine_squared,25,0,construction_unavailable,construction_unavailable,NaN,NaN,0,0
M400-01-baseline-awake,1,0.2,30,linear,10,0,construction_unavailable,construction_unavailable,NaN,NaN,0,0
M400-01-baseline-awake,1,0.2,30,linear,25,0,construction_unavailable,construction_unavailable,NaN,NaN,0,0
M400-01-baseline-awake,1,0.2,30,sine_squared,10,0,construction_unavailable,construction_unavailable,NaN,NaN,0,0
M400-01-baseline-awake,1,0.2,30,sine_squared,25,0,construction_unavailable,construction_unavailable,NaN,NaN,0,0
M400-01-baseline-awake,2,0.02,5,linear,10,0,construction_unavailable,construction_unavailable,NaN,NaN,0,0
M400-01-baseline-awake,2,0.02,5,linear,25,0,construction_unavailable,construction_unavailable,NaN,NaN,0,0
M400-01-baseline-awake,2,0.02,5,sine_squared,10,0,construction_unavailable,construction_unavailable,NaN,NaN,0,0
M400-01-baseline-awake,2,0.02,5,sine_squared,25,0,construction_unavailable,construction_unavailable,NaN,NaN,0,0
M400-01-baseline-awake,2,0.02,15,linear,10,0,construction_unavailable,construction_unavailable,NaN,NaN,0,0
M400-01-baseline-awake,2,0.02,15,linear,25,0,construction_unavailable,construction_unavailable,NaN,NaN,0,0
M400-01-baseline-awake,2,0.02,15,sine_squared,10,0,construction_unavailable,construction_unavailable,NaN,NaN,0,0
M400-01-baseline-awake,2,0.02,15,sine_squared,25,0,construction_unavailable,construction_unavailable,NaN,NaN,0,0
M400-01-baseline-awake,2,0.02,30,linear,10,0,construction_unavailable,construction_unavailable,NaN,NaN,0,0
M400-01-baseline-awake,2,0.02,30,linear,25,0,construction_unavailable,construction_unavailable,NaN,NaN,0,0
M400-01-baseline-awake,2,0.02,30,sine_squared,10,0,construction_unavailable,construction_unavailable,NaN,NaN,0,0
M400-01-baseline-awake,2,0.02,30,sine_squared,25,0,construction_unavailable,construction_unavailable,NaN,NaN,0,0
M400-01-baseline-awake,2,0.05,5,linear,10,0,construction_unavailable,construction_unavailable,NaN,NaN,0,0
M400-01-baseline-awake,2,0.05,5,linear,25,0,construction_unavailable,construction_unavailable,NaN,NaN,0,0
M400-01-baseline-awake,2,0.05,5,sine_squared,10,0,construction_unavailable,construction_unavailable,NaN,NaN,0,0
M400-01-baseline-awake,2,0.05,5,sine_squared,25,0,construction_unavailable,construction_unavailable,NaN,NaN,0,0
M400-01-baseline-awake,2,0.05,15,linear,10,0,construction_unavailable,construction_unavailable,NaN,NaN,0,0
M400-01-baseline-awake,2,0.05,15,linear,25,0,construction_unavailable,construction_unavailable,NaN,NaN,0,0
M400-01-baseline-awake,2,0.05,15,sine_squared,10,0,construction_unavailable,construction_unavailable,NaN,NaN,0,0
M400-01-baseline-awake,2,0.05,15,sine_squared,25,0,construction_unavailable,construction_unavailable,NaN,NaN,0,0
M400-01-baseline-awake,2,0.05,30,linear,10,0,construction_unavailable,construction_unavailable,NaN,NaN,0,0
M400-01-baseline-awake,2,0.05,30,linear,25,0,construction_unavailable,construction_unavailable,NaN,NaN,0,0
M400-01-baseline-awake,2,0.05,30,sine_squared,10,0,construction_unavailable,construction_unavailable,NaN,NaN,0,0
M400-01-baseline-awake,2,0.05,30,sine_squared,25,0,construction_unavailable,construction_unavailable,NaN,NaN,0,0
M400-01-baseline-awake,2,0.1,5,linear,10,0,construction_unavailable,construction_unavailable,NaN,NaN,0,0
M400-01-baseline-awake,2,0.1,5,linear,25,0,construction_unavailable,construction_unavailable,NaN,NaN,0,0
M400-01-baseline-awake,2,0.1,5,sine_squared,10,0,construction_unavailable,construction_unavailable,NaN,NaN,0,0
M400-01-baseline-awake,2,0.1,5,sine_squared,25,0,construction_unavailable,construction_unavailable,NaN,NaN,0,0
M400-01-baseline-awake,2,0.1,15,linear,10,0,construction_unavailable,construction_unavailable,NaN,NaN,0,0
M400-01-baseline-awake,2,0.1,15,linear,25,0,construction_unavailable,construction_unavailable,NaN,NaN,0,0
M400-01-baseline-awake,2,0.1,15,sine_squared,10,0,construction_unavailable,construction_unavailable,NaN,NaN,0,0
M400-01-baseline-awake,2,0.1,15,sine_squared,25,0,construction_unavailable,construction_unavailable,NaN,NaN,0,0
M400-01-baseline-awake,2,0.1,30,linear,10,0,construction_unavailable,construction_unavailable,NaN,NaN,0,0
M400-01-baseline-awake,2,0.1,30,linear,25,0,construction_unavailable,construction_unavailable,NaN,NaN,0,0
M400-01-baseline-awake,2,0.1,30,sine_squared,10,0,construction_unavailable,construction_unavailable,NaN,NaN,0,0
M400-01-baseline-awake,2,0.1,30,sine_squared,25,0,construction_unavailable,construction_unavailable,NaN,NaN,0,0
M400-01-baseline-awake,2,0.2,5,linear,10,0,construction_unavailable,construction_unavailable,NaN,NaN,0,0
M400-01-baseline-awake,2,0.2,5,linear,25,0,construction_unavailable,construction_unavailable,NaN,NaN,0,0
M400-01-baseline-awake,2,0.2,5,sine_squared,10,0,construction_unavailable,construction_unavailable,NaN,NaN,0,0
M400-01-baseline-awake,2,0.2,5,sine_squared,25,0,construction_unavailable,construction_unavailable,NaN,NaN,0,0
M400-01-baseline-awake,2,0.2,15,linear,10,0,construction_unavailable,construction_unavailable,NaN,NaN,0,0
M400-01-baseline-awake,2,0.2,15,linear,25,0,construction_unavailable,construction_unavailable,NaN,NaN,0,0
M400-01-baseline-awake,2,0.2,15,sine_squared,10,0,construction_unavailable,construction_unavailable,NaN,NaN,0,0
M400-01-baseline-awake,2,0.2,15,sine_squared,25,0,construction_unavailable,construction_unavailable,NaN,NaN,0,0
M400-01-baseline-awake,2,0.2,30,linear,10,0,construction_unavailable,construction_unavailable,NaN,NaN,0,0
M400-01-baseline-awake,2,0.2,30,linear,25,0,construction_unavailable,construction_unavailable,NaN,NaN,0,0
M400-01-baseline-awake,2,0.2,30,sine_squared,10,0,construction_unavailable,construction_unavailable,NaN,NaN,0,0
M400-01-baseline-awake,2,0.2,30,sine_squared,25,0,construction_unavailable,construction_unavailable,NaN,NaN,0,0
M400-01-baseline-awake,3,0.02,5,linear,10,0,construction_unavailable,construction_unavailable,NaN,NaN,0,0
M400-01-baseline-awake,3,0.02,5,linear,25,0,construction_unavailable,construction_unavailable,NaN,NaN,0,0
M400-01-baseline-awake,3,0.02,5,sine_squared,10,0,construction_unavailable,construction_unavailable,NaN,NaN,0,0
M400-01-baseline-awake,3,0.02,5,sine_squared,25,0,construction_unavailable,construction_unavailable,NaN,NaN,0,0
M400-01-baseline-awake,3,0.02,15,linear,10,0,construction_unavailable,construction_unavailable,NaN,NaN,0,0
M400-01-baseline-awake,3,0.02,15,linear,25,0,construction_unavailable,construction_unavailable,NaN,NaN,0,0
M400-01-baseline-awake,3,0.02,15,sine_squared,10,0,construction_unavailable,construction_unavailable,NaN,NaN,0,0
M400-01-baseline-awake,3,0.02,15,sine_squared,25,0,construction_unavailable,construction_unavailable,NaN,NaN,0,0
M400-01-baseline-awake,3,0.02,30,linear,10,0,construction_unavailable,construction_unavailable,NaN,NaN,0,0
M400-01-baseline-awake,3,0.02,30,linear,25,0,construction_unavailable,construction_unavailable,NaN,NaN,0,0
M400-01-baseline-awake,3,0.02,30,sine_squared,10,0,construction_unavailable,construction_unavailable,NaN,NaN,0,0
M400-01-baseline-awake,3,0.02,30,sine_squared,25,0,construction_unavailable,construction_unavailable,NaN,NaN,0,0
M400-01-baseline-awake,3,0.05,5,linear,10,0,construction_unavailable,construction_unavailable,NaN,NaN,0,0
M400-01-baseline-awake,3,0.05,5,linear,25,0,construction_unavailable,construction_unavailable,NaN,NaN,0,0
M400-01-baseline-awake,3,0.05,5,sine_squared,10,0,construction_unavailable,construction_unavailable,NaN,NaN,0,0
M400-01-baseline-awake,3,0.05,5,sine_squared,25,0,construction_unavailable,construction_unavailable,NaN,NaN,0,0
M400-01-baseline-awake,3,0.05,15,linear,10,0,construction_unavailable,construction_unavailable,NaN,NaN,0,0
M400-01-baseline-awake,3,0.05,15,linear,25,0,construction_unavailable,construction_unavailable,NaN,NaN,0,0
M400-01-baseline-awake,3,0.05,15,sine_squared,10,0,construction_unavailable,construction_unavailable,NaN,NaN,0,0
M400-01-baseline-awake,3,0.05,15,sine_squared,25,0,construction_unavailable,construction_unavailable,NaN,NaN,0,0
M400-01-baseline-awake,3,0.05,30,linear,10,0,construction_unavailable,construction_unavailable,NaN,NaN,0,0
M400-01-baseline-awake,3,0.05,30,linear,25,0,construction_unavailable,construction_unavailable,NaN,NaN,0,0
M400-01-baseline-awake,3,0.05,30,sine_squared,10,0,construction_unavailable,construction_unavailable,NaN,NaN,0,0
M400-01-baseline-awake,3,0.05,30,sine_squared,25,0,construction_unavailable,construction_unavailable,NaN,NaN,0,0
M400-01-baseline-awake,3,0.1,5,linear,10,0,construction_unavailable,construction_unavailable,NaN,NaN,0,0
M400-01-baseline-awake,3,0.1,5,linear,25,0,construction_unavailable,construction_unavailable,NaN,NaN,0,0
M400-01-baseline-awake,3,0.1,5,sine_squared,10,0,construction_unavailable,construction_unavailable,NaN,NaN,0,0
M400-01-baseline-awake,3,0.1,5,sine_squared,25,0,construction_unavailable,construction_unavailable,NaN,NaN,0,0
M400-01-baseline-awake,3,0.1,15,linear,10,0,construction_unavailable,construction_unavailable,NaN,NaN,0,0
M400-01-baseline-awake,3,0.1,15,linear,25,0,construction_unavailable,construction_unavailable,NaN,NaN,0,0
M400-01-baseline-awake,3,0.1,15,sine_squared,10,0,construction_unavailable,construction_unavailable,NaN,NaN,0,0
M400-01-baseline-awake,3,0.1,15,sine_squared,25,0,construction_unavailable,construction_unavailable,NaN,NaN,0,0
M400-01-baseline-awake,3,0.1,30,linear,10,0,construction_unavailable,construction_unavailable,NaN,NaN,0,0
M400-01-baseline-awake,3,0.1,30,linear,25,0,construction_unavailable,construction_unavailable,NaN,NaN,0,0
M400-01-baseline-awake,3,0.1,30,sine_squared,10,0,construction_unavailable,construction_unavailable,NaN,NaN,0,0
M400-01-baseline-awake,3,0.1,30,sine_squared,25,0,construction_unavailable,construction_unavailable,NaN,NaN,0,0
M400-01-baseline-awake,3,0.2,5,linear,10,0,construction_unavailable,construction_unavailable,NaN,NaN,0,0
M400-01-baseline-awake,3,0.2,5,linear,25,0,construction_unavailable,construction_unavailable,NaN,NaN,0,0
M400-01-baseline-awake,3,0.2,5,sine_squared,10,0,construction_unavailable,construction_unavailable,NaN,NaN,0,0
M400-01-baseline-awake,3,0.2,5,sine_squared,25,0,construction_unavailable,construction_unavailable,NaN,NaN,0,0
M400-01-baseline-awake,3,0.2,15,linear,10,0,construction_unavailable,construction_unavailable,NaN,NaN,0,0
M400-01-baseline-awake,3,0.2,15,linear,25,0,construction_unavailable,construction_unavailable,NaN,NaN,0,0
M400-01-baseline-awake,3,0.2,15,sine_squared,10,0,construction_unavailable,construction_unavailable,NaN,NaN,0,0
M400-01-baseline-awake,3,0.2,15,sine_squared,25,0,construction_unavailable,construction_unavailable,NaN,NaN,0,0
M400-01-baseline-awake,3,0.2,30,linear,10,0,construction_unavailable,construction_unavailable,NaN,NaN,0,0
M400-01-baseline-awake,3,0.2,30,linear,25,0,construction_unavailable,construction_unavailable,NaN,NaN,0,0
M400-01-baseline-awake,3,0.2,30,sine_squared,10,0,construction_unavailable,construction_unavailable,NaN,NaN,0,0
M400-01-baseline-awake,3,0.2,30,sine_squared,25,0,construction_unavailable,construction_unavailable,NaN,NaN,0,0
M400-01-baseline-awake,4,0.02,5,linear,10,1,insufficient_clean_context,insufficient_clean_context,NaN,NaN,0,0
M400-01-baseline-awake,4,0.02,5,linear,25,1,insufficient_clean_context,insufficient_clean_context,NaN,NaN,0,0
M400-01-baseline-awake,4,0.02,5,sine_squared,10,1,insufficient_clean_context,insufficient_clean_context,NaN,NaN,0,0
M400-01-baseline-awake,4,0.02,5,sine_squared,25,1,insufficient_clean_context,insufficient_clean_context,NaN,NaN,0,0
M400-01-baseline-awake,4,0.02,15,linear,10,1,insufficient_clean_context,insufficient_clean_context,NaN,NaN,0,0
M400-01-baseline-awake,4,0.02,15,linear,25,1,insufficient_clean_context,insufficient_clean_context,NaN,NaN,0,0
M400-01-baseline-awake,4,0.02,15,sine_squared,10,1,insufficient_clean_context,insufficient_clean_context,NaN,NaN,0,0
M400-01-baseline-awake,4,0.02,15,sine_squared,25,1,insufficient_clean_context,insufficient_clean_context,NaN,NaN,0,0
M400-01-baseline-awake,4,0.02,30,linear,10,1,insufficient_clean_context,insufficient_clean_context,NaN,NaN,0,0
M400-01-baseline-awake,4,0.02,30,linear,25,1,insufficient_clean_context,insufficient_clean_context,NaN,NaN,0,0
M400-01-baseline-awake,4,0.02,30,sine_squared,10,1,insufficient_clean_context,insufficient_clean_context,NaN,NaN,0,0
M400-01-baseline-awake,4,0.02,30,sine_squared,25,1,insufficient_clean_context,insufficient_clean_context,NaN,NaN,0,0
M400-01-baseline-awake,4,0.05,5,linear,10,1,insufficient_clean_context,insufficient_clean_context,NaN,NaN,0,0
M400-01-baseline-awake,4,0.05,5,linear,25,1,insufficient_clean_context,insufficient_clean_context,NaN,NaN,0,0
M400-01-baseline-awake,4,0.05,5,sine_squared,10,1,insufficient_clean_context,insufficient_clean_context,NaN,NaN,0,0
M400-01-baseline-awake,4,0.05,5,sine_squared,25,1,insufficient_clean_context,insufficient_clean_context,NaN,NaN,0,0
M400-01-baseline-awake,4,0.05,15,linear,10,1,insufficient_clean_context,insufficient_clean_context,NaN,NaN,0,0
M400-01-baseline-awake,4,0.05,15,linear,25,1,insufficient_clean_context,insufficient_clean_context,NaN,NaN,0,0
M400-01-baseline-awake,4,0.05,15,sine_squared,10,1,insufficient_clean_context,insufficient_clean_context,NaN,NaN,0,0
M400-01-baseline-awake,4,0.05,15,sine_squared,25,1,insufficient_clean_context,insufficient_clean_context,NaN,NaN,0,0
M400-01-baseline-awake,4,0.05,30,linear,10,1,insufficient_clean_context,insufficient_clean_context,NaN,NaN,0,0
M400-01-baseline-awake,4,0.05,30,linear,25,1,insufficient_clean_context,insufficient_clean_context,NaN,NaN,0,0
M400-01-baseline-awake,4,0.05,30,sine_squared,10,1,insufficient_clean_context,insufficient_clean_context,NaN,NaN,0,0
M400-01-baseline-awake,4,0.05,30,sine_squared,25,1,insufficient_clean_context,insufficient_clean_context,NaN,NaN,0,0
M400-01-baseline-awake,4,0.1,5,linear,10,1,insufficient_clean_context,insufficient_clean_context,NaN,NaN,0,0
M400-01-baseline-awake,4,0.1,5,linear,25,1,insufficient_clean_context,insufficient_clean_context,NaN,NaN,0,0
M400-01-baseline-awake,4,0.1,5,sine_squared,10,1,insufficient_clean_context,insufficient_clean_context,NaN,NaN,0,0
M400-01-baseline-awake,4,0.1,5,sine_squared,25,1,insufficient_clean_context,insufficient_clean_context,NaN,NaN,0,0
M400-01-baseline-awake,4,0.1,15,linear,10,1,insufficient_clean_context,insufficient_clean_context,NaN,NaN,0,0
M400-01-baseline-awake,4,0.1,15,linear,25,1,insufficient_clean_context,insufficient_clean_context,NaN,NaN,0,0
M400-01-baseline-awake,4,0.1,15,sine_squared,10,1,insufficient_clean_context,insufficient_clean_context,NaN,NaN,0,0
M400-01-baseline-awake,4,0.1,15,sine_squared,25,1,insufficient_clean_context,insufficient_clean_context,NaN,NaN,0,0
M400-01-baseline-awake,4,0.1,30,linear,10,1,insufficient_clean_context,insufficient_clean_context,NaN,NaN,0,0
M400-01-baseline-awake,4,0.1,30,linear,25,1,insufficient_clean_context,insufficient_clean_context,NaN,NaN,0,0
M400-01-baseline-awake,4,0.1,30,sine_squared,10,1,insufficient_clean_context,insufficient_clean_context,NaN,NaN,0,0
M400-01-baseline-awake,4,0.1,30,sine_squared,25,1,insufficient_clean_context,insufficient_clean_context,NaN,NaN,0,0
M400-01-baseline-awake,4,0.2,5,linear,10,1,insufficient_clean_context,insufficient_clean_context,NaN,NaN,0,0
M400-01-baseline-awake,4,0.2,5,linear,25,1,insufficient_clean_context,insufficient_clean_context,NaN,NaN,0,0
M400-01-baseline-awake,4,0.2,5,sine_squared,10,1,insufficient_clean_context,insufficient_clean_context,NaN,NaN,0,0
M400-01-baseline-awake,4,0.2,5,sine_squared,25,1,insufficient_clean_context,insufficient_clean_context,NaN,NaN,0,0
M400-01-baseline-awake,4,0.2,15,linear,10,1,insufficient_clean_context,insufficient_clean_context,NaN,NaN,0,0
M400-01-baseline-awake,4,0.2,15,linear,25,1,insufficient_clean_context,insufficient_clean_context,NaN,NaN,0,0
M400-01-baseline-awake,4,0.2,15,sine_squared,10,1,insufficient_clean_context,insufficient_clean_context,NaN,NaN,0,0
M400-01-baseline-awake,4,0.2,15,sine_squared,25,1,insufficient_clean_context,insufficient_clean_context,NaN,NaN,0,0
M400-01-baseline-awake,4,0.2,30,linear,10,1,insufficient_clean_context,insufficient_clean_context,NaN,NaN,0,0
M400-01-baseline-awake,4,0.2,30,linear,25,1,insufficient_clean_context,insufficient_clean_context,NaN,NaN,0,0
M400-01-baseline-awake,4,0.2,30,sine_squared,10,1,insufficient_clean_context,insufficient_clean_context,NaN,NaN,0,0
M400-01-baseline-awake,4,0.2,30,sine_squared,25,1,insufficient_clean_context,insufficient_clean_context,NaN,NaN,0,0
M400-01-baseline-awake,5,0.02,5,linear,10,1,insufficient_clean_context,insufficient_clean_context,NaN,NaN,0,0
M400-01-baseline-awake,5,0.02,5,linear,25,1,insufficient_clean_context,insufficient_clean_context,NaN,NaN,0,0
M400-01-baseline-awake,5,0.02,5,sine_squared,10,1,insufficient_clean_context,insufficient_clean_context,NaN,NaN,0,0
M400-01-baseline-awake,5,0.02,5,sine_squared,25,1,insufficient_clean_context,insufficient_clean_context,NaN,NaN,0,0
M400-01-baseline-awake,5,0.02,15,linear,10,1,insufficient_clean_context,insufficient_clean_context,NaN,NaN,0,0
M400-01-baseline-awake,5,0.02,15,linear,25,1,insufficient_clean_context,insufficient_clean_context,NaN,NaN,0,0
M400-01-baseline-awake,5,0.02,15,sine_squared,10,1,insufficient_clean_context,insufficient_clean_context,NaN,NaN,0,0
M400-01-baseline-awake,5,0.02,15,sine_squared,25,1,insufficient_clean_context,insufficient_clean_context,NaN,NaN,0,0
M400-01-baseline-awake,5,0.02,30,linear,10,1,insufficient_clean_context,insufficient_clean_context,NaN,NaN,0,0
M400-01-baseline-awake,5,0.02,30,linear,25,1,insufficient_clean_context,insufficient_clean_context,NaN,NaN,0,0
M400-01-baseline-awake,5,0.02,30,sine_squared,10,1,insufficient_clean_context,insufficient_clean_context,NaN,NaN,0,0
M400-01-baseline-awake,5,0.02,30,sine_squared,25,1,insufficient_clean_context,insufficient_clean_context,NaN,NaN,0,0
M400-01-baseline-awake,5,0.05,5,linear,10,1,insufficient_clean_context,insufficient_clean_context,NaN,NaN,0,0
M400-01-baseline-awake,5,0.05,5,linear,25,1,insufficient_clean_context,insufficient_clean_context,NaN,NaN,0,0
M400-01-baseline-awake,5,0.05,5,sine_squared,10,1,insufficient_clean_context,insufficient_clean_context,NaN,NaN,0,0
M400-01-baseline-awake,5,0.05,5,sine_squared,25,1,insufficient_clean_context,insufficient_clean_context,NaN,NaN,0,0
M400-01-baseline-awake,5,0.05,15,linear,10,1,insufficient_clean_context,insufficient_clean_context,NaN,NaN,0,0
M400-01-baseline-awake,5,0.05,15,linear,25,1,insufficient_clean_context,insufficient_clean_context,NaN,NaN,0,0
M400-01-baseline-awake,5,0.05,15,sine_squared,10,1,insufficient_clean_context,insufficient_clean_context,NaN,NaN,0,0
M400-01-baseline-awake,5,0.05,15,sine_squared,25,1,insufficient_clean_context,insufficient_clean_context,NaN,NaN,0,0
M400-01-baseline-awake,5,0.05,30,linear,10,1,insufficient_clean_context,insufficient_clean_context,NaN,NaN,0,0
M400-01-baseline-awake,5,0.05,30,linear,25,1,insufficient_clean_context,insufficient_clean_context,NaN,NaN,0,0
M400-01-baseline-awake,5,0.05,30,sine_squared,10,1,insufficient_clean_context,insufficient_clean_context,NaN,NaN,0,0
M400-01-baseline-awake,5,0.05,30,sine_squared,25,1,insufficient_clean_context,insufficient_clean_context,NaN,NaN,0,0
M400-01-baseline-awake,5,0.1,5,linear,10,1,insufficient_clean_context,insufficient_clean_context,NaN,NaN,0,0
M400-01-baseline-awake,5,0.1,5,linear,25,1,insufficient_clean_context,insufficient_clean_context,NaN,NaN,0,0
M400-01-baseline-awake,5,0.1,5,sine_squared,10,1,insufficient_clean_context,insufficient_clean_context,NaN,NaN,0,0
M400-01-baseline-awake,5,0.1,5,sine_squared,25,1,insufficient_clean_context,insufficient_clean_context,NaN,NaN,0,0
M400-01-baseline-awake,5,0.1,15,linear,10,1,insufficient_clean_context,insufficient_clean_context,NaN,NaN,0,0
M400-01-baseline-awake,5,0.1,15,linear,25,1,insufficient_clean_context,insufficient_clean_context,NaN,NaN,0,0
M400-01-baseline-awake,5,0.1,15,sine_squared,10,1,insufficient_clean_context,insufficient_clean_context,NaN,NaN,0,0
M400-01-baseline-awake,5,0.1,15,sine_squared,25,1,insufficient_clean_context,insufficient_clean_context,NaN,NaN,0,0
M400-01-baseline-awake,5,0.1,30,linear,10,1,insufficient_clean_context,insufficient_clean_context,NaN,NaN,0,0
M400-01-baseline-awake,5,0.1,30,linear,25,1,insufficient_clean_context,insufficient_clean_context,NaN,NaN,0,0
M400-01-baseline-awake,5,0.1,30,sine_squared,10,1,insufficient_clean_context,insufficient_clean_context,NaN,NaN,0,0
M400-01-baseline-awake,5,0.1,30,sine_squared,25,1,insufficient_clean_context,insufficient_clean_context,NaN,NaN,0,0
M400-01-baseline-awake,5,0.2,5,linear,10,1,insufficient_clean_context,insufficient_clean_context,NaN,NaN,0,0
M400-01-baseline-awake,5,0.2,5,linear,25,1,insufficient_clean_context,insufficient_clean_context,NaN,NaN,0,0
M400-01-baseline-awake,5,0.2,5,sine_squared,10,1,insufficient_clean_context,insufficient_clean_context,NaN,NaN,0,0
M400-01-baseline-awake,5,0.2,5,sine_squared,25,1,insufficient_clean_context,insufficient_clean_context,NaN,NaN,0,0
M400-01-baseline-awake,5,0.2,15,linear,10,1,insufficient_clean_context,insufficient_clean_context,NaN,NaN,0,0
M400-01-baseline-awake,5,0.2,15,linear,25,1,insufficient_clean_context,insufficient_clean_context,NaN,NaN,0,0
M400-01-baseline-awake,5,0.2,15,sine_squared,10,1,insufficient_clean_context,insufficient_clean_context,NaN,NaN,0,0
M400-01-baseline-awake,5,0.2,15,sine_squared,25,1,insufficient_clean_context,insufficient_clean_context,NaN,NaN,0,0
M400-01-baseline-awake,5,0.2,30,linear,10,1,insufficient_clean_context,insufficient_clean_context,NaN,NaN,0,0
M400-01-baseline-awake,5,0.2,30,linear,25,1,insufficient_clean_context,insufficient_clean_context,NaN,NaN,0,0
M400-01-baseline-awake,5,0.2,30,sine_squared,10,1,insufficient_clean_context,insufficient_clean_context,NaN,NaN,0,0
M400-01-baseline-awake,5,0.2,30,sine_squared,25,1,insufficient_clean_context,insufficient_clean_context,NaN,NaN,0,0
M400-01-baseline-awake,6,0.02,5,linear,10,1,resolved,resolved,-11,-8,0,0
M400-01-baseline-awake,6,0.02,5,linear,25,1,resolved,resolved,-1,9,1,0
M400-01-baseline-awake,6,0.02,5,sine_squared,10,1,resolved,resolved,-11,-8,0,0
M400-01-baseline-awake,6,0.02,5,sine_squared,25,1,resolved,resolved,-1,9,1,0
M400-01-baseline-awake,6,0.02,15,linear,10,1,resolved,resolved,-11,-4,0,1
M400-01-baseline-awake,6,0.02,15,linear,25,1,resolved,resolved,2,9,1,0
M400-01-baseline-awake,6,0.02,15,sine_squared,10,1,resolved,resolved,-11,-4,0,1
M400-01-baseline-awake,6,0.02,15,sine_squared,25,1,resolved,resolved,2,9,1,0
M400-01-baseline-awake,6,0.02,30,linear,10,1,resolved,resolved,-12,-4,0,1
M400-01-baseline-awake,6,0.02,30,linear,25,1,resolved,resolved,3,11,1,0
M400-01-baseline-awake,6,0.02,30,sine_squared,10,1,resolved,resolved,-12,-4,0,1
M400-01-baseline-awake,6,0.02,30,sine_squared,25,1,resolved,resolved,3,11,1,0
M400-01-baseline-awake,6,0.05,5,linear,10,1,resolved,resolved,-11,-10,0,0
M400-01-baseline-awake,6,0.05,5,linear,25,1,resolved,resolved,-6,5,0,1
M400-01-baseline-awake,6,0.05,5,sine_squared,10,1,resolved,resolved,-11,-10,0,0
M400-01-baseline-awake,6,0.05,5,sine_squared,25,1,resolved,resolved,-6,5,0,1
M400-01-baseline-awake,6,0.05,15,linear,10,1,resolved,resolved,-11,-8,0,0
M400-01-baseline-awake,6,0.05,15,linear,25,1,resolved,resolved,1,6,1,0
M400-01-baseline-awake,6,0.05,15,sine_squared,10,1,resolved,resolved,-11,-8,0,0
M400-01-baseline-awake,6,0.05,15,sine_squared,25,1,resolved,resolved,1,6,1,0
M400-01-baseline-awake,6,0.05,30,linear,10,1,resolved,resolved,-11,-4,0,1
M400-01-baseline-awake,6,0.05,30,linear,25,1,resolved,resolved,3,7,1,0
M400-01-baseline-awake,6,0.05,30,sine_squared,10,1,resolved,resolved,-11,-4,0,1
M400-01-baseline-awake,6,0.05,30,sine_squared,25,1,resolved,resolved,3,7,1,0
M400-01-baseline-awake,6,0.1,5,linear,10,1,resolved,resolved,-11,-11,0,0
M400-01-baseline-awake,6,0.1,5,linear,25,1,resolved,resolved,-8,-1,0,1
M400-01-baseline-awake,6,0.1,5,sine_squared,10,1,resolved,resolved,-11,-11,0,0
M400-01-baseline-awake,6,0.1,5,sine_squared,25,1,resolved,resolved,-8,1,0,1
M400-01-baseline-awake,6,0.1,15,linear,10,1,resolved,resolved,-11,-11,0,0
M400-01-baseline-awake,6,0.1,15,linear,25,1,resolved,resolved,-1,6,1,0
M400-01-baseline-awake,6,0.1,15,sine_squared,10,1,resolved,resolved,-10,-10,0,0
M400-01-baseline-awake,6,0.1,15,sine_squared,25,1,resolved,resolved,-1,5,1,1
M400-01-baseline-awake,6,0.1,30,linear,10,1,resolved,resolved,-11,-8,0,0
M400-01-baseline-awake,6,0.1,30,linear,25,1,resolved,resolved,2,7,1,0
M400-01-baseline-awake,6,0.1,30,sine_squared,10,1,resolved,resolved,-11,-8,0,0
M400-01-baseline-awake,6,0.1,30,sine_squared,25,1,resolved,resolved,3,7,1,0
M400-01-baseline-awake,6,0.2,5,linear,10,1,resolved,resolved,-10,-7,0,0
M400-01-baseline-awake,6,0.2,5,linear,25,1,resolved,resolved,-9,0,0,1
M400-01-baseline-awake,6,0.2,5,sine_squared,10,1,resolved,resolved,-10,-7,0,0
M400-01-baseline-awake,6,0.2,5,sine_squared,25,1,resolved,resolved,-9,0,0,1
M400-01-baseline-awake,6,0.2,15,linear,10,1,resolved,resolved,-9,-8,0,0
M400-01-baseline-awake,6,0.2,15,linear,25,1,resolved,resolved,-2,5,1,1
M400-01-baseline-awake,6,0.2,15,sine_squared,10,1,resolved,resolved,-8,-7,0,0
M400-01-baseline-awake,6,0.2,15,sine_squared,25,1,resolved,resolved,-2,5,1,1
M400-01-baseline-awake,6,0.2,30,linear,10,1,resolved,resolved,-11,-11,0,0
M400-01-baseline-awake,6,0.2,30,linear,25,1,resolved,resolved,2,2,1,1
M400-01-baseline-awake,6,0.2,30,sine_squared,10,1,resolved,resolved,-11,-10,0,0
M400-01-baseline-awake,6,0.2,30,sine_squared,25,1,resolved,resolved,3,3,1,1
M400-01-baseline-awake,7,0.02,5,linear,10,1,insufficient_clean_context,insufficient_clean_context,NaN,NaN,0,0
M400-01-baseline-awake,7,0.02,5,linear,25,1,insufficient_clean_context,insufficient_clean_context,NaN,NaN,0,0
M400-01-baseline-awake,7,0.02,5,sine_squared,10,1,insufficient_clean_context,insufficient_clean_context,NaN,NaN,0,0
M400-01-baseline-awake,7,0.02,5,sine_squared,25,1,insufficient_clean_context,insufficient_clean_context,NaN,NaN,0,0
M400-01-baseline-awake,7,0.02,15,linear,10,1,insufficient_clean_context,insufficient_clean_context,NaN,NaN,0,0
M400-01-baseline-awake,7,0.02,15,linear,25,1,insufficient_clean_context,insufficient_clean_context,NaN,NaN,0,0
M400-01-baseline-awake,7,0.02,15,sine_squared,10,1,insufficient_clean_context,insufficient_clean_context,NaN,NaN,0,0
M400-01-baseline-awake,7,0.02,15,sine_squared,25,1,insufficient_clean_context,insufficient_clean_context,NaN,NaN,0,0
M400-01-baseline-awake,7,0.02,30,linear,10,1,insufficient_clean_context,insufficient_clean_context,NaN,NaN,0,0
M400-01-baseline-awake,7,0.02,30,linear,25,1,insufficient_clean_context,insufficient_clean_context,NaN,NaN,0,0
M400-01-baseline-awake,7,0.02,30,sine_squared,10,1,insufficient_clean_context,insufficient_clean_context,NaN,NaN,0,0
M400-01-baseline-awake,7,0.02,30,sine_squared,25,1,insufficient_clean_context,insufficient_clean_context,NaN,NaN,0,0
M400-01-baseline-awake,7,0.05,5,linear,10,1,insufficient_clean_context,insufficient_clean_context,NaN,NaN,0,0
M400-01-baseline-awake,7,0.05,5,linear,25,1,insufficient_clean_context,insufficient_clean_context,NaN,NaN,0,0
M400-01-baseline-awake,7,0.05,5,sine_squared,10,1,insufficient_clean_context,insufficient_clean_context,NaN,NaN,0,0
M400-01-baseline-awake,7,0.05,5,sine_squared,25,1,insufficient_clean_context,insufficient_clean_context,NaN,NaN,0,0
M400-01-baseline-awake,7,0.05,15,linear,10,1,insufficient_clean_context,insufficient_clean_context,NaN,NaN,0,0
M400-01-baseline-awake,7,0.05,15,linear,25,1,insufficient_clean_context,insufficient_clean_context,NaN,NaN,0,0
M400-01-baseline-awake,7,0.05,15,sine_squared,10,1,insufficient_clean_context,insufficient_clean_context,NaN,NaN,0,0
M400-01-baseline-awake,7,0.05,15,sine_squared,25,1,insufficient_clean_context,insufficient_clean_context,NaN,NaN,0,0
M400-01-baseline-awake,7,0.05,30,linear,10,1,insufficient_clean_context,insufficient_clean_context,NaN,NaN,0,0
M400-01-baseline-awake,7,0.05,30,linear,25,1,insufficient_clean_context,insufficient_clean_context,NaN,NaN,0,0
M400-01-baseline-awake,7,0.05,30,sine_squared,10,1,insufficient_clean_context,insufficient_clean_context,NaN,NaN,0,0
M400-01-baseline-awake,7,0.05,30,sine_squared,25,1,insufficient_clean_context,insufficient_clean_context,NaN,NaN,0,0
M400-01-baseline-awake,7,0.1,5,linear,10,1,insufficient_clean_context,insufficient_clean_context,NaN,NaN,0,0
M400-01-baseline-awake,7,0.1,5,linear,25,1,insufficient_clean_context,insufficient_clean_context,NaN,NaN,0,0
M400-01-baseline-awake,7,0.1,5,sine_squared,10,1,insufficient_clean_context,insufficient_clean_context,NaN,NaN,0,0
M400-01-baseline-awake,7,0.1,5,sine_squared,25,1,insufficient_clean_context,insufficient_clean_context,NaN,NaN,0,0
M400-01-baseline-awake,7,0.1,15,linear,10,1,insufficient_clean_context,insufficient_clean_context,NaN,NaN,0,0
M400-01-baseline-awake,7,0.1,15,linear,25,1,insufficient_clean_context,insufficient_clean_context,NaN,NaN,0,0
M400-01-baseline-awake,7,0.1,15,sine_squared,10,1,insufficient_clean_context,insufficient_clean_context,NaN,NaN,0,0
M400-01-baseline-awake,7,0.1,15,sine_squared,25,1,insufficient_clean_context,insufficient_clean_context,NaN,NaN,0,0
M400-01-baseline-awake,7,0.1,30,linear,10,1,insufficient_clean_context,insufficient_clean_context,NaN,NaN,0,0
M400-01-baseline-awake,7,0.1,30,linear,25,1,insufficient_clean_context,insufficient_clean_context,NaN,NaN,0,0
M400-01-baseline-awake,7,0.1,30,sine_squared,10,1,insufficient_clean_context,insufficient_clean_context,NaN,NaN,0,0
M400-01-baseline-awake,7,0.1,30,sine_squared,25,1,insufficient_clean_context,insufficient_clean_context,NaN,NaN,0,0
M400-01-baseline-awake,7,0.2,5,linear,10,1,insufficient_clean_context,insufficient_clean_context,NaN,NaN,0,0
M400-01-baseline-awake,7,0.2,5,linear,25,1,insufficient_clean_context,insufficient_clean_context,NaN,NaN,0,0
M400-01-baseline-awake,7,0.2,5,sine_squared,10,1,insufficient_clean_context,insufficient_clean_context,NaN,NaN,0,0
M400-01-baseline-awake,7,0.2,5,sine_squared,25,1,insufficient_clean_context,insufficient_clean_context,NaN,NaN,0,0
M400-01-baseline-awake,7,0.2,15,linear,10,1,insufficient_clean_context,insufficient_clean_context,NaN,NaN,0,0
M400-01-baseline-awake,7,0.2,15,linear,25,1,insufficient_clean_context,insufficient_clean_context,NaN,NaN,0,0
M400-01-baseline-awake,7,0.2,15,sine_squared,10,1,insufficient_clean_context,insufficient_clean_context,NaN,NaN,0,0
M400-01-baseline-awake,7,0.2,15,sine_squared,25,1,insufficient_clean_context,insufficient_clean_context,NaN,NaN,0,0
M400-01-baseline-awake,7,0.2,30,linear,10,1,insufficient_clean_context,insufficient_clean_context,NaN,NaN,0,0
M400-01-baseline-awake,7,0.2,30,linear,25,1,insufficient_clean_context,insufficient_clean_context,NaN,NaN,0,0
M400-01-baseline-awake,7,0.2,30,sine_squared,10,1,insufficient_clean_context,insufficient_clean_context,NaN,NaN,0,0
M400-01-baseline-awake,7,0.2,30,sine_squared,25,1,insufficient_clean_context,insufficient_clean_context,NaN,NaN,0,0
M400-01-baseline-awake,8,0.02,5,linear,10,1,insufficient_clean_context,insufficient_clean_context,NaN,NaN,0,0
M400-01-baseline-awake,8,0.02,5,linear,25,1,insufficient_clean_context,insufficient_clean_context,NaN,NaN,0,0
M400-01-baseline-awake,8,0.02,5,sine_squared,10,1,insufficient_clean_context,insufficient_clean_context,NaN,NaN,0,0
M400-01-baseline-awake,8,0.02,5,sine_squared,25,1,insufficient_clean_context,insufficient_clean_context,NaN,NaN,0,0
M400-01-baseline-awake,8,0.02,15,linear,10,1,insufficient_clean_context,insufficient_clean_context,NaN,NaN,0,0
M400-01-baseline-awake,8,0.02,15,linear,25,1,insufficient_clean_context,insufficient_clean_context,NaN,NaN,0,0
M400-01-baseline-awake,8,0.02,15,sine_squared,10,1,insufficient_clean_context,insufficient_clean_context,NaN,NaN,0,0
M400-01-baseline-awake,8,0.02,15,sine_squared,25,1,insufficient_clean_context,insufficient_clean_context,NaN,NaN,0,0
M400-01-baseline-awake,8,0.02,30,linear,10,1,insufficient_clean_context,insufficient_clean_context,NaN,NaN,0,0
M400-01-baseline-awake,8,0.02,30,linear,25,1,insufficient_clean_context,insufficient_clean_context,NaN,NaN,0,0
M400-01-baseline-awake,8,0.02,30,sine_squared,10,1,insufficient_clean_context,insufficient_clean_context,NaN,NaN,0,0
M400-01-baseline-awake,8,0.02,30,sine_squared,25,1,insufficient_clean_context,insufficient_clean_context,NaN,NaN,0,0
M400-01-baseline-awake,8,0.05,5,linear,10,1,insufficient_clean_context,insufficient_clean_context,NaN,NaN,0,0
M400-01-baseline-awake,8,0.05,5,linear,25,1,insufficient_clean_context,insufficient_clean_context,NaN,NaN,0,0
M400-01-baseline-awake,8,0.05,5,sine_squared,10,1,insufficient_clean_context,insufficient_clean_context,NaN,NaN,0,0
M400-01-baseline-awake,8,0.05,5,sine_squared,25,1,insufficient_clean_context,insufficient_clean_context,NaN,NaN,0,0
M400-01-baseline-awake,8,0.05,15,linear,10,1,insufficient_clean_context,insufficient_clean_context,NaN,NaN,0,0
M400-01-baseline-awake,8,0.05,15,linear,25,1,insufficient_clean_context,insufficient_clean_context,NaN,NaN,0,0
M400-01-baseline-awake,8,0.05,15,sine_squared,10,1,insufficient_clean_context,insufficient_clean_context,NaN,NaN,0,0
M400-01-baseline-awake,8,0.05,15,sine_squared,25,1,insufficient_clean_context,insufficient_clean_context,NaN,NaN,0,0
M400-01-baseline-awake,8,0.05,30,linear,10,1,insufficient_clean_context,insufficient_clean_context,NaN,NaN,0,0
M400-01-baseline-awake,8,0.05,30,linear,25,1,insufficient_clean_context,insufficient_clean_context,NaN,NaN,0,0
M400-01-baseline-awake,8,0.05,30,sine_squared,10,1,insufficient_clean_context,insufficient_clean_context,NaN,NaN,0,0
M400-01-baseline-awake,8,0.05,30,sine_squared,25,1,insufficient_clean_context,insufficient_clean_context,NaN,NaN,0,0
M400-01-baseline-awake,8,0.1,5,linear,10,1,insufficient_clean_context,insufficient_clean_context,NaN,NaN,0,0
M400-01-baseline-awake,8,0.1,5,linear,25,1,insufficient_clean_context,insufficient_clean_context,NaN,NaN,0,0
M400-01-baseline-awake,8,0.1,5,sine_squared,10,1,insufficient_clean_context,insufficient_clean_context,NaN,NaN,0,0
M400-01-baseline-awake,8,0.1,5,sine_squared,25,1,insufficient_clean_context,insufficient_clean_context,NaN,NaN,0,0
M400-01-baseline-awake,8,0.1,15,linear,10,1,insufficient_clean_context,insufficient_clean_context,NaN,NaN,0,0
M400-01-baseline-awake,8,0.1,15,linear,25,1,insufficient_clean_context,insufficient_clean_context,NaN,NaN,0,0
M400-01-baseline-awake,8,0.1,15,sine_squared,10,1,insufficient_clean_context,insufficient_clean_context,NaN,NaN,0,0
M400-01-baseline-awake,8,0.1,15,sine_squared,25,1,insufficient_clean_context,insufficient_clean_context,NaN,NaN,0,0
M400-01-baseline-awake,8,0.1,30,linear,10,1,insufficient_clean_context,insufficient_clean_context,NaN,NaN,0,0
M400-01-baseline-awake,8,0.1,30,linear,25,1,insufficient_clean_context,insufficient_clean_context,NaN,NaN,0,0
M400-01-baseline-awake,8,0.1,30,sine_squared,10,1,insufficient_clean_context,insufficient_clean_context,NaN,NaN,0,0
M400-01-baseline-awake,8,0.1,30,sine_squared,25,1,insufficient_clean_context,insufficient_clean_context,NaN,NaN,0,0
M400-01-baseline-awake,8,0.2,5,linear,10,1,insufficient_clean_context,insufficient_clean_context,NaN,NaN,0,0
M400-01-baseline-awake,8,0.2,5,linear,25,1,insufficient_clean_context,insufficient_clean_context,NaN,NaN,0,0
M400-01-baseline-awake,8,0.2,5,sine_squared,10,1,insufficient_clean_context,insufficient_clean_context,NaN,NaN,0,0
M400-01-baseline-awake,8,0.2,5,sine_squared,25,1,insufficient_clean_context,insufficient_clean_context,NaN,NaN,0,0
M400-01-baseline-awake,8,0.2,15,linear,10,1,insufficient_clean_context,insufficient_clean_context,NaN,NaN,0,0
M400-01-baseline-awake,8,0.2,15,linear,25,1,insufficient_clean_context,insufficient_clean_context,NaN,NaN,0,0
M400-01-baseline-awake,8,0.2,15,sine_squared,10,1,insufficient_clean_context,insufficient_clean_context,NaN,NaN,0,0
M400-01-baseline-awake,8,0.2,15,sine_squared,25,1,insufficient_clean_context,insufficient_clean_context,NaN,NaN,0,0
M400-01-baseline-awake,8,0.2,30,linear,10,1,insufficient_clean_context,insufficient_clean_context,NaN,NaN,0,0
M400-01-baseline-awake,8,0.2,30,linear,25,1,insufficient_clean_context,insufficient_clean_context,NaN,NaN,0,0
M400-01-baseline-awake,8,0.2,30,sine_squared,10,1,insufficient_clean_context,insufficient_clean_context,NaN,NaN,0,0
M400-01-baseline-awake,8,0.2,30,sine_squared,25,1,insufficient_clean_context,insufficient_clean_context,NaN,NaN,0,0
M400-01-baseline-awake,9,0.02,5,linear,10,1,resolved,resolved,-17,-2,0,1
M400-01-baseline-awake,9,0.02,5,linear,25,1,resolved,resolved,-10,-2,0,1
M400-01-baseline-awake,9,0.02,5,sine_squared,10,1,resolved,resolved,-17,1,0,1
M400-01-baseline-awake,9,0.02,5,sine_squared,25,1,resolved,resolved,-10,-2,0,1
M400-01-baseline-awake,9,0.02,15,linear,10,1,resolved,broad_profile_unresolved,-17,NaN,0,0
M400-01-baseline-awake,9,0.02,15,linear,25,1,resolved,resolved,-3,-4,1,1
M400-01-baseline-awake,9,0.02,15,sine_squared,10,1,resolved,resolved,-17,2,0,1
M400-01-baseline-awake,9,0.02,15,sine_squared,25,1,resolved,resolved,-3,-4,1,1
M400-01-baseline-awake,9,0.02,30,linear,10,1,resolved,broad_profile_unresolved,-17,NaN,0,0
M400-01-baseline-awake,9,0.02,30,linear,25,1,resolved,resolved,-3,-3,1,1
M400-01-baseline-awake,9,0.02,30,sine_squared,10,1,resolved,broad_profile_unresolved,-18,NaN,0,0
M400-01-baseline-awake,9,0.02,30,sine_squared,25,1,resolved,broad_profile_unresolved,-2,NaN,1,0
M400-01-baseline-awake,9,0.05,5,linear,10,1,resolved,resolved,-3,-2,1,1
M400-01-baseline-awake,9,0.05,5,linear,25,1,search_boundary_unresolved,resolved,NaN,0,0,1
M400-01-baseline-awake,9,0.05,5,sine_squared,10,1,resolved,resolved,-3,-2,1,1
M400-01-baseline-awake,9,0.05,5,sine_squared,25,1,search_boundary_unresolved,resolved,NaN,0,0,1
M400-01-baseline-awake,9,0.05,15,linear,10,1,resolved,resolved,-1,0,1,1
M400-01-baseline-awake,9,0.05,15,linear,25,1,resolved,resolved,-4,-4,1,1
M400-01-baseline-awake,9,0.05,15,sine_squared,10,1,resolved,resolved,-1,0,1,1
M400-01-baseline-awake,9,0.05,15,sine_squared,25,1,resolved,resolved,-3,-4,1,1
M400-01-baseline-awake,9,0.05,30,linear,10,1,resolved,broad_profile_unresolved,-17,NaN,0,0
M400-01-baseline-awake,9,0.05,30,linear,25,1,resolved,resolved,-2,-2,1,1
M400-01-baseline-awake,9,0.05,30,sine_squared,10,1,broad_profile_unresolved,broad_profile_unresolved,NaN,NaN,0,0
M400-01-baseline-awake,9,0.05,30,sine_squared,25,1,resolved,broad_profile_unresolved,-2,NaN,1,0
M400-01-baseline-awake,9,0.1,5,linear,10,1,resolved,resolved,-3,-2,1,1
M400-01-baseline-awake,9,0.1,5,linear,25,1,insufficient_improvement,resolved,NaN,0,0,1
M400-01-baseline-awake,9,0.1,5,sine_squared,10,1,resolved,resolved,-3,-2,1,1
M400-01-baseline-awake,9,0.1,5,sine_squared,25,1,insufficient_improvement,resolved,NaN,0,0,1
M400-01-baseline-awake,9,0.1,15,linear,10,1,resolved,resolved,-1,-2,1,1
M400-01-baseline-awake,9,0.1,15,linear,25,1,resolved,resolved,-4,-1,1,1
M400-01-baseline-awake,9,0.1,15,sine_squared,10,1,resolved,resolved,0,-1,1,1
M400-01-baseline-awake,9,0.1,15,sine_squared,25,1,resolved,resolved,-4,-1,1,1
M400-01-baseline-awake,9,0.1,30,linear,10,1,resolved,resolved,-1,0,1,1
M400-01-baseline-awake,9,0.1,30,linear,25,1,resolved,resolved,-2,-2,1,1
M400-01-baseline-awake,9,0.1,30,sine_squared,10,1,resolved,resolved,-1,-3,1,1
M400-01-baseline-awake,9,0.1,30,sine_squared,25,1,resolved,resolved,-1,-6,1,0
M400-01-baseline-awake,9,0.2,5,linear,10,1,resolved,resolved,-4,0,1,1
M400-01-baseline-awake,9,0.2,5,linear,25,1,not_a_rising_change,resolved,NaN,0,0,1
M400-01-baseline-awake,9,0.2,5,sine_squared,10,1,resolved,resolved,-4,0,1,1
M400-01-baseline-awake,9,0.2,5,sine_squared,25,1,not_a_rising_change,resolved,NaN,0,0,1
M400-01-baseline-awake,9,0.2,15,linear,10,1,resolved,resolved,-1,-1,1,1
M400-01-baseline-awake,9,0.2,15,linear,25,1,resolved,resolved,-5,-2,1,1
M400-01-baseline-awake,9,0.2,15,sine_squared,10,1,resolved,resolved,1,-1,1,1
M400-01-baseline-awake,9,0.2,15,sine_squared,25,1,resolved,resolved,-4,-2,1,1
M400-01-baseline-awake,9,0.2,30,linear,10,1,resolved,resolved,-1,-2,1,1
M400-01-baseline-awake,9,0.2,30,linear,25,1,resolved,resolved,-1,-1,1,1
M400-01-baseline-awake,9,0.2,30,sine_squared,10,1,resolved,resolved,1,1,1,1
M400-01-baseline-awake,9,0.2,30,sine_squared,25,1,resolved,resolved,1,-5,1,1
M400-01-baseline-awake,10,0.02,5,linear,10,1,insufficient_clean_context,insufficient_clean_context,NaN,NaN,0,0
M400-01-baseline-awake,10,0.02,5,linear,25,1,insufficient_clean_context,insufficient_clean_context,NaN,NaN,0,0
M400-01-baseline-awake,10,0.02,5,sine_squared,10,1,insufficient_clean_context,insufficient_clean_context,NaN,NaN,0,0
M400-01-baseline-awake,10,0.02,5,sine_squared,25,1,insufficient_clean_context,insufficient_clean_context,NaN,NaN,0,0
M400-01-baseline-awake,10,0.02,15,linear,10,1,insufficient_clean_context,insufficient_clean_context,NaN,NaN,0,0
M400-01-baseline-awake,10,0.02,15,linear,25,1,insufficient_clean_context,insufficient_clean_context,NaN,NaN,0,0
M400-01-baseline-awake,10,0.02,15,sine_squared,10,1,insufficient_clean_context,insufficient_clean_context,NaN,NaN,0,0
M400-01-baseline-awake,10,0.02,15,sine_squared,25,1,insufficient_clean_context,insufficient_clean_context,NaN,NaN,0,0
M400-01-baseline-awake,10,0.02,30,linear,10,1,insufficient_clean_context,insufficient_clean_context,NaN,NaN,0,0
M400-01-baseline-awake,10,0.02,30,linear,25,1,insufficient_clean_context,insufficient_clean_context,NaN,NaN,0,0
M400-01-baseline-awake,10,0.02,30,sine_squared,10,1,insufficient_clean_context,insufficient_clean_context,NaN,NaN,0,0
M400-01-baseline-awake,10,0.02,30,sine_squared,25,1,insufficient_clean_context,insufficient_clean_context,NaN,NaN,0,0
M400-01-baseline-awake,10,0.05,5,linear,10,1,insufficient_clean_context,insufficient_clean_context,NaN,NaN,0,0
M400-01-baseline-awake,10,0.05,5,linear,25,1,insufficient_clean_context,insufficient_clean_context,NaN,NaN,0,0
M400-01-baseline-awake,10,0.05,5,sine_squared,10,1,insufficient_clean_context,insufficient_clean_context,NaN,NaN,0,0
M400-01-baseline-awake,10,0.05,5,sine_squared,25,1,insufficient_clean_context,insufficient_clean_context,NaN,NaN,0,0
M400-01-baseline-awake,10,0.05,15,linear,10,1,insufficient_clean_context,insufficient_clean_context,NaN,NaN,0,0
M400-01-baseline-awake,10,0.05,15,linear,25,1,insufficient_clean_context,insufficient_clean_context,NaN,NaN,0,0
M400-01-baseline-awake,10,0.05,15,sine_squared,10,1,insufficient_clean_context,insufficient_clean_context,NaN,NaN,0,0
M400-01-baseline-awake,10,0.05,15,sine_squared,25,1,insufficient_clean_context,insufficient_clean_context,NaN,NaN,0,0
M400-01-baseline-awake,10,0.05,30,linear,10,1,insufficient_clean_context,insufficient_clean_context,NaN,NaN,0,0
M400-01-baseline-awake,10,0.05,30,linear,25,1,insufficient_clean_context,insufficient_clean_context,NaN,NaN,0,0
M400-01-baseline-awake,10,0.05,30,sine_squared,10,1,insufficient_clean_context,insufficient_clean_context,NaN,NaN,0,0
M400-01-baseline-awake,10,0.05,30,sine_squared,25,1,insufficient_clean_context,insufficient_clean_context,NaN,NaN,0,0
M400-01-baseline-awake,10,0.1,5,linear,10,1,insufficient_clean_context,insufficient_clean_context,NaN,NaN,0,0
M400-01-baseline-awake,10,0.1,5,linear,25,1,insufficient_clean_context,insufficient_clean_context,NaN,NaN,0,0
M400-01-baseline-awake,10,0.1,5,sine_squared,10,1,insufficient_clean_context,insufficient_clean_context,NaN,NaN,0,0
M400-01-baseline-awake,10,0.1,5,sine_squared,25,1,insufficient_clean_context,insufficient_clean_context,NaN,NaN,0,0
M400-01-baseline-awake,10,0.1,15,linear,10,1,insufficient_clean_context,insufficient_clean_context,NaN,NaN,0,0
M400-01-baseline-awake,10,0.1,15,linear,25,1,insufficient_clean_context,insufficient_clean_context,NaN,NaN,0,0
M400-01-baseline-awake,10,0.1,15,sine_squared,10,1,insufficient_clean_context,insufficient_clean_context,NaN,NaN,0,0
M400-01-baseline-awake,10,0.1,15,sine_squared,25,1,insufficient_clean_context,insufficient_clean_context,NaN,NaN,0,0
M400-01-baseline-awake,10,0.1,30,linear,10,1,insufficient_clean_context,insufficient_clean_context,NaN,NaN,0,0
M400-01-baseline-awake,10,0.1,30,linear,25,1,insufficient_clean_context,insufficient_clean_context,NaN,NaN,0,0
M400-01-baseline-awake,10,0.1,30,sine_squared,10,1,insufficient_clean_context,insufficient_clean_context,NaN,NaN,0,0
M400-01-baseline-awake,10,0.1,30,sine_squared,25,1,insufficient_clean_context,insufficient_clean_context,NaN,NaN,0,0
M400-01-baseline-awake,10,0.2,5,linear,10,1,insufficient_clean_context,insufficient_clean_context,NaN,NaN,0,0
M400-01-baseline-awake,10,0.2,5,linear,25,1,insufficient_clean_context,insufficient_clean_context,NaN,NaN,0,0
M400-01-baseline-awake,10,0.2,5,sine_squared,10,1,insufficient_clean_context,insufficient_clean_context,NaN,NaN,0,0
M400-01-baseline-awake,10,0.2,5,sine_squared,25,1,insufficient_clean_context,insufficient_clean_context,NaN,NaN,0,0
M400-01-baseline-awake,10,0.2,15,linear,10,1,insufficient_clean_context,insufficient_clean_context,NaN,NaN,0,0
M400-01-baseline-awake,10,0.2,15,linear,25,1,insufficient_clean_context,insufficient_clean_context,NaN,NaN,0,0
M400-01-baseline-awake,10,0.2,15,sine_squared,10,1,insufficient_clean_context,insufficient_clean_context,NaN,NaN,0,0
M400-01-baseline-awake,10,0.2,15,sine_squared,25,1,insufficient_clean_context,insufficient_clean_context,NaN,NaN,0,0
M400-01-baseline-awake,10,0.2,30,linear,10,1,insufficient_clean_context,insufficient_clean_context,NaN,NaN,0,0
M400-01-baseline-awake,10,0.2,30,linear,25,1,insufficient_clean_context,insufficient_clean_context,NaN,NaN,0,0
M400-01-baseline-awake,10,0.2,30,sine_squared,10,1,insufficient_clean_context,insufficient_clean_context,NaN,NaN,0,0
M400-01-baseline-awake,10,0.2,30,sine_squared,25,1,insufficient_clean_context,insufficient_clean_context,NaN,NaN,0,0
M400-01-baseline-awake,11,0.02,5,linear,10,1,insufficient_improvement,insufficient_improvement,NaN,NaN,0,0
M400-01-baseline-awake,11,0.02,5,linear,25,1,not_a_rising_change,insufficient_improvement,NaN,NaN,0,0
M400-01-baseline-awake,11,0.02,5,sine_squared,10,1,insufficient_improvement,insufficient_improvement,NaN,NaN,0,0
M400-01-baseline-awake,11,0.02,5,sine_squared,25,1,not_a_rising_change,insufficient_improvement,NaN,NaN,0,0
M400-01-baseline-awake,11,0.02,15,linear,10,1,insufficient_improvement,insufficient_improvement,NaN,NaN,0,0
M400-01-baseline-awake,11,0.02,15,linear,25,1,insufficient_improvement,insufficient_improvement,NaN,NaN,0,0
M400-01-baseline-awake,11,0.02,15,sine_squared,10,1,insufficient_improvement,insufficient_improvement,NaN,NaN,0,0
M400-01-baseline-awake,11,0.02,15,sine_squared,25,1,insufficient_improvement,insufficient_improvement,NaN,NaN,0,0
M400-01-baseline-awake,11,0.02,30,linear,10,1,insufficient_improvement,insufficient_improvement,NaN,NaN,0,0
M400-01-baseline-awake,11,0.02,30,linear,25,1,insufficient_improvement,insufficient_improvement,NaN,NaN,0,0
M400-01-baseline-awake,11,0.02,30,sine_squared,10,1,insufficient_improvement,insufficient_improvement,NaN,NaN,0,0
M400-01-baseline-awake,11,0.02,30,sine_squared,25,1,insufficient_improvement,insufficient_improvement,NaN,NaN,0,0
M400-01-baseline-awake,11,0.05,5,linear,10,1,insufficient_improvement,insufficient_improvement,NaN,NaN,0,0
M400-01-baseline-awake,11,0.05,5,linear,25,1,not_a_rising_change,insufficient_improvement,NaN,NaN,0,0
M400-01-baseline-awake,11,0.05,5,sine_squared,10,1,insufficient_improvement,insufficient_improvement,NaN,NaN,0,0
M400-01-baseline-awake,11,0.05,5,sine_squared,25,1,not_a_rising_change,insufficient_improvement,NaN,NaN,0,0
M400-01-baseline-awake,11,0.05,15,linear,10,1,insufficient_improvement,insufficient_improvement,NaN,NaN,0,0
M400-01-baseline-awake,11,0.05,15,linear,25,1,insufficient_improvement,insufficient_improvement,NaN,NaN,0,0
M400-01-baseline-awake,11,0.05,15,sine_squared,10,1,resolved,insufficient_improvement,7,NaN,0,0
M400-01-baseline-awake,11,0.05,15,sine_squared,25,1,not_a_rising_change,insufficient_improvement,NaN,NaN,0,0
M400-01-baseline-awake,11,0.05,30,linear,10,1,insufficient_improvement,insufficient_improvement,NaN,NaN,0,0
M400-01-baseline-awake,11,0.05,30,linear,25,1,insufficient_improvement,insufficient_improvement,NaN,NaN,0,0
M400-01-baseline-awake,11,0.05,30,sine_squared,10,1,insufficient_improvement,insufficient_improvement,NaN,NaN,0,0
M400-01-baseline-awake,11,0.05,30,sine_squared,25,1,insufficient_improvement,insufficient_improvement,NaN,NaN,0,0
M400-01-baseline-awake,11,0.1,5,linear,10,1,resolved,resolved,-1,1,1,1
M400-01-baseline-awake,11,0.1,5,linear,25,1,not_a_rising_change,insufficient_improvement,NaN,NaN,0,0
M400-01-baseline-awake,11,0.1,5,sine_squared,10,1,resolved,resolved,-1,1,1,1
M400-01-baseline-awake,11,0.1,5,sine_squared,25,1,not_a_rising_change,insufficient_improvement,NaN,NaN,0,0
M400-01-baseline-awake,11,0.1,15,linear,10,1,resolved,resolved,5,5,1,1
M400-01-baseline-awake,11,0.1,15,linear,25,1,not_a_rising_change,search_boundary_unresolved,NaN,NaN,0,0
M400-01-baseline-awake,11,0.1,15,sine_squared,10,1,resolved,resolved,5,5,1,1
M400-01-baseline-awake,11,0.1,15,sine_squared,25,1,not_a_rising_change,search_boundary_unresolved,NaN,NaN,0,0
M400-01-baseline-awake,11,0.1,30,linear,10,1,insufficient_improvement,insufficient_improvement,NaN,NaN,0,0
M400-01-baseline-awake,11,0.1,30,linear,25,1,insufficient_improvement,insufficient_improvement,NaN,NaN,0,0
M400-01-baseline-awake,11,0.1,30,sine_squared,10,1,resolved,insufficient_improvement,9,NaN,0,0
M400-01-baseline-awake,11,0.1,30,sine_squared,25,1,insufficient_improvement,insufficient_improvement,NaN,NaN,0,0
M400-01-baseline-awake,11,0.2,5,linear,10,1,resolved,resolved,-3,1,1,1
M400-01-baseline-awake,11,0.2,5,linear,25,1,not_a_rising_change,insufficient_improvement,NaN,NaN,0,0
M400-01-baseline-awake,11,0.2,5,sine_squared,10,1,resolved,resolved,-3,0,1,1
M400-01-baseline-awake,11,0.2,5,sine_squared,25,1,not_a_rising_change,insufficient_improvement,NaN,NaN,0,0
M400-01-baseline-awake,11,0.2,15,linear,10,1,resolved,resolved,4,4,1,1
M400-01-baseline-awake,11,0.2,15,linear,25,1,not_a_rising_change,search_boundary_unresolved,NaN,NaN,0,0
M400-01-baseline-awake,11,0.2,15,sine_squared,10,1,resolved,resolved,4,4,1,1
M400-01-baseline-awake,11,0.2,15,sine_squared,25,1,not_a_rising_change,search_boundary_unresolved,NaN,NaN,0,0
M400-01-baseline-awake,11,0.2,30,linear,10,1,resolved,resolved,5,5,1,1
M400-01-baseline-awake,11,0.2,30,linear,25,1,insufficient_improvement,insufficient_improvement,NaN,NaN,0,0
M400-01-baseline-awake,11,0.2,30,sine_squared,10,1,resolved,resolved,8,5,0,1
M400-01-baseline-awake,11,0.2,30,sine_squared,25,1,search_boundary_unresolved,search_boundary_unresolved,NaN,NaN,0,0
M400-01-baseline-awake,12,0.02,5,linear,10,1,insufficient_clean_context,insufficient_clean_context,NaN,NaN,0,0
M400-01-baseline-awake,12,0.02,5,linear,25,1,insufficient_clean_context,insufficient_clean_context,NaN,NaN,0,0
M400-01-baseline-awake,12,0.02,5,sine_squared,10,1,insufficient_clean_context,insufficient_clean_context,NaN,NaN,0,0
M400-01-baseline-awake,12,0.02,5,sine_squared,25,1,insufficient_clean_context,insufficient_clean_context,NaN,NaN,0,0
M400-01-baseline-awake,12,0.02,15,linear,10,1,insufficient_clean_context,insufficient_clean_context,NaN,NaN,0,0
M400-01-baseline-awake,12,0.02,15,linear,25,1,insufficient_clean_context,insufficient_clean_context,NaN,NaN,0,0
M400-01-baseline-awake,12,0.02,15,sine_squared,10,1,insufficient_clean_context,insufficient_clean_context,NaN,NaN,0,0
M400-01-baseline-awake,12,0.02,15,sine_squared,25,1,insufficient_clean_context,insufficient_clean_context,NaN,NaN,0,0
M400-01-baseline-awake,12,0.02,30,linear,10,1,insufficient_clean_context,insufficient_clean_context,NaN,NaN,0,0
M400-01-baseline-awake,12,0.02,30,linear,25,1,insufficient_clean_context,insufficient_clean_context,NaN,NaN,0,0
M400-01-baseline-awake,12,0.02,30,sine_squared,10,1,insufficient_clean_context,insufficient_clean_context,NaN,NaN,0,0
M400-01-baseline-awake,12,0.02,30,sine_squared,25,1,insufficient_clean_context,insufficient_clean_context,NaN,NaN,0,0
M400-01-baseline-awake,12,0.05,5,linear,10,1,insufficient_clean_context,insufficient_clean_context,NaN,NaN,0,0
M400-01-baseline-awake,12,0.05,5,linear,25,1,insufficient_clean_context,insufficient_clean_context,NaN,NaN,0,0
M400-01-baseline-awake,12,0.05,5,sine_squared,10,1,insufficient_clean_context,insufficient_clean_context,NaN,NaN,0,0
M400-01-baseline-awake,12,0.05,5,sine_squared,25,1,insufficient_clean_context,insufficient_clean_context,NaN,NaN,0,0
M400-01-baseline-awake,12,0.05,15,linear,10,1,insufficient_clean_context,insufficient_clean_context,NaN,NaN,0,0
M400-01-baseline-awake,12,0.05,15,linear,25,1,insufficient_clean_context,insufficient_clean_context,NaN,NaN,0,0
M400-01-baseline-awake,12,0.05,15,sine_squared,10,1,insufficient_clean_context,insufficient_clean_context,NaN,NaN,0,0
M400-01-baseline-awake,12,0.05,15,sine_squared,25,1,insufficient_clean_context,insufficient_clean_context,NaN,NaN,0,0
M400-01-baseline-awake,12,0.05,30,linear,10,1,insufficient_clean_context,insufficient_clean_context,NaN,NaN,0,0
M400-01-baseline-awake,12,0.05,30,linear,25,1,insufficient_clean_context,insufficient_clean_context,NaN,NaN,0,0
M400-01-baseline-awake,12,0.05,30,sine_squared,10,1,insufficient_clean_context,insufficient_clean_context,NaN,NaN,0,0
M400-01-baseline-awake,12,0.05,30,sine_squared,25,1,insufficient_clean_context,insufficient_clean_context,NaN,NaN,0,0
M400-01-baseline-awake,12,0.1,5,linear,10,1,insufficient_clean_context,insufficient_clean_context,NaN,NaN,0,0
M400-01-baseline-awake,12,0.1,5,linear,25,1,insufficient_clean_context,insufficient_clean_context,NaN,NaN,0,0
M400-01-baseline-awake,12,0.1,5,sine_squared,10,1,insufficient_clean_context,insufficient_clean_context,NaN,NaN,0,0
M400-01-baseline-awake,12,0.1,5,sine_squared,25,1,insufficient_clean_context,insufficient_clean_context,NaN,NaN,0,0
M400-01-baseline-awake,12,0.1,15,linear,10,1,insufficient_clean_context,insufficient_clean_context,NaN,NaN,0,0
M400-01-baseline-awake,12,0.1,15,linear,25,1,insufficient_clean_context,insufficient_clean_context,NaN,NaN,0,0
M400-01-baseline-awake,12,0.1,15,sine_squared,10,1,insufficient_clean_context,insufficient_clean_context,NaN,NaN,0,0
M400-01-baseline-awake,12,0.1,15,sine_squared,25,1,insufficient_clean_context,insufficient_clean_context,NaN,NaN,0,0
M400-01-baseline-awake,12,0.1,30,linear,10,1,insufficient_clean_context,insufficient_clean_context,NaN,NaN,0,0
M400-01-baseline-awake,12,0.1,30,linear,25,1,insufficient_clean_context,insufficient_clean_context,NaN,NaN,0,0
M400-01-baseline-awake,12,0.1,30,sine_squared,10,1,insufficient_clean_context,insufficient_clean_context,NaN,NaN,0,0
M400-01-baseline-awake,12,0.1,30,sine_squared,25,1,insufficient_clean_context,insufficient_clean_context,NaN,NaN,0,0
M400-01-baseline-awake,12,0.2,5,linear,10,1,insufficient_clean_context,insufficient_clean_context,NaN,NaN,0,0
M400-01-baseline-awake,12,0.2,5,linear,25,1,insufficient_clean_context,insufficient_clean_context,NaN,NaN,0,0
M400-01-baseline-awake,12,0.2,5,sine_squared,10,1,insufficient_clean_context,insufficient_clean_context,NaN,NaN,0,0
M400-01-baseline-awake,12,0.2,5,sine_squared,25,1,insufficient_clean_context,insufficient_clean_context,NaN,NaN,0,0
M400-01-baseline-awake,12,0.2,15,linear,10,1,insufficient_clean_context,insufficient_clean_context,NaN,NaN,0,0
M400-01-baseline-awake,12,0.2,15,linear,25,1,insufficient_clean_context,insufficient_clean_context,NaN,NaN,0,0
M400-01-baseline-awake,12,0.2,15,sine_squared,10,1,insufficient_clean_context,insufficient_clean_context,NaN,NaN,0,0
M400-01-baseline-awake,12,0.2,15,sine_squared,25,1,insufficient_clean_context,insufficient_clean_context,NaN,NaN,0,0
M400-01-baseline-awake,12,0.2,30,linear,10,1,insufficient_clean_context,insufficient_clean_context,NaN,NaN,0,0
M400-01-baseline-awake,12,0.2,30,linear,25,1,insufficient_clean_context,insufficient_clean_context,NaN,NaN,0,0
M400-01-baseline-awake,12,0.2,30,sine_squared,10,1,insufficient_clean_context,insufficient_clean_context,NaN,NaN,0,0
M400-01-baseline-awake,12,0.2,30,sine_squared,25,1,insufficient_clean_context,insufficient_clean_context,NaN,NaN,0,0
M400-01-baseline-awake,13,0.02,5,linear,10,1,insufficient_clean_context,insufficient_clean_context,NaN,NaN,0,0
M400-01-baseline-awake,13,0.02,5,linear,25,1,insufficient_clean_context,insufficient_clean_context,NaN,NaN,0,0
M400-01-baseline-awake,13,0.02,5,sine_squared,10,1,insufficient_clean_context,insufficient_clean_context,NaN,NaN,0,0
M400-01-baseline-awake,13,0.02,5,sine_squared,25,1,insufficient_clean_context,insufficient_clean_context,NaN,NaN,0,0
M400-01-baseline-awake,13,0.02,15,linear,10,1,insufficient_clean_context,insufficient_clean_context,NaN,NaN,0,0
M400-01-baseline-awake,13,0.02,15,linear,25,1,insufficient_clean_context,insufficient_clean_context,NaN,NaN,0,0
M400-01-baseline-awake,13,0.02,15,sine_squared,10,1,insufficient_clean_context,insufficient_clean_context,NaN,NaN,0,0
M400-01-baseline-awake,13,0.02,15,sine_squared,25,1,insufficient_clean_context,insufficient_clean_context,NaN,NaN,0,0
M400-01-baseline-awake,13,0.02,30,linear,10,1,insufficient_clean_context,insufficient_clean_context,NaN,NaN,0,0
M400-01-baseline-awake,13,0.02,30,linear,25,1,insufficient_clean_context,insufficient_clean_context,NaN,NaN,0,0
M400-01-baseline-awake,13,0.02,30,sine_squared,10,1,insufficient_clean_context,insufficient_clean_context,NaN,NaN,0,0
M400-01-baseline-awake,13,0.02,30,sine_squared,25,1,insufficient_clean_context,insufficient_clean_context,NaN,NaN,0,0
M400-01-baseline-awake,13,0.05,5,linear,10,1,insufficient_clean_context,insufficient_clean_context,NaN,NaN,0,0
M400-01-baseline-awake,13,0.05,5,linear,25,1,insufficient_clean_context,insufficient_clean_context,NaN,NaN,0,0
M400-01-baseline-awake,13,0.05,5,sine_squared,10,1,insufficient_clean_context,insufficient_clean_context,NaN,NaN,0,0
M400-01-baseline-awake,13,0.05,5,sine_squared,25,1,insufficient_clean_context,insufficient_clean_context,NaN,NaN,0,0
M400-01-baseline-awake,13,0.05,15,linear,10,1,insufficient_clean_context,insufficient_clean_context,NaN,NaN,0,0
M400-01-baseline-awake,13,0.05,15,linear,25,1,insufficient_clean_context,insufficient_clean_context,NaN,NaN,0,0
M400-01-baseline-awake,13,0.05,15,sine_squared,10,1,insufficient_clean_context,insufficient_clean_context,NaN,NaN,0,0
M400-01-baseline-awake,13,0.05,15,sine_squared,25,1,insufficient_clean_context,insufficient_clean_context,NaN,NaN,0,0
M400-01-baseline-awake,13,0.05,30,linear,10,1,insufficient_clean_context,insufficient_clean_context,NaN,NaN,0,0
M400-01-baseline-awake,13,0.05,30,linear,25,1,insufficient_clean_context,insufficient_clean_context,NaN,NaN,0,0
M400-01-baseline-awake,13,0.05,30,sine_squared,10,1,insufficient_clean_context,insufficient_clean_context,NaN,NaN,0,0
M400-01-baseline-awake,13,0.05,30,sine_squared,25,1,insufficient_clean_context,insufficient_clean_context,NaN,NaN,0,0
M400-01-baseline-awake,13,0.1,5,linear,10,1,insufficient_clean_context,insufficient_clean_context,NaN,NaN,0,0
M400-01-baseline-awake,13,0.1,5,linear,25,1,insufficient_clean_context,insufficient_clean_context,NaN,NaN,0,0
M400-01-baseline-awake,13,0.1,5,sine_squared,10,1,insufficient_clean_context,insufficient_clean_context,NaN,NaN,0,0
M400-01-baseline-awake,13,0.1,5,sine_squared,25,1,insufficient_clean_context,insufficient_clean_context,NaN,NaN,0,0
M400-01-baseline-awake,13,0.1,15,linear,10,1,insufficient_clean_context,insufficient_clean_context,NaN,NaN,0,0
M400-01-baseline-awake,13,0.1,15,linear,25,1,insufficient_clean_context,insufficient_clean_context,NaN,NaN,0,0
M400-01-baseline-awake,13,0.1,15,sine_squared,10,1,insufficient_clean_context,insufficient_clean_context,NaN,NaN,0,0
M400-01-baseline-awake,13,0.1,15,sine_squared,25,1,insufficient_clean_context,insufficient_clean_context,NaN,NaN,0,0
M400-01-baseline-awake,13,0.1,30,linear,10,1,insufficient_clean_context,insufficient_clean_context,NaN,NaN,0,0
M400-01-baseline-awake,13,0.1,30,linear,25,1,insufficient_clean_context,insufficient_clean_context,NaN,NaN,0,0
M400-01-baseline-awake,13,0.1,30,sine_squared,10,1,insufficient_clean_context,insufficient_clean_context,NaN,NaN,0,0
M400-01-baseline-awake,13,0.1,30,sine_squared,25,1,insufficient_clean_context,insufficient_clean_context,NaN,NaN,0,0
M400-01-baseline-awake,13,0.2,5,linear,10,1,insufficient_clean_context,insufficient_clean_context,NaN,NaN,0,0
M400-01-baseline-awake,13,0.2,5,linear,25,1,insufficient_clean_context,insufficient_clean_context,NaN,NaN,0,0
M400-01-baseline-awake,13,0.2,5,sine_squared,10,1,insufficient_clean_context,insufficient_clean_context,NaN,NaN,0,0
M400-01-baseline-awake,13,0.2,5,sine_squared,25,1,insufficient_clean_context,insufficient_clean_context,NaN,NaN,0,0
M400-01-baseline-awake,13,0.2,15,linear,10,1,insufficient_clean_context,insufficient_clean_context,NaN,NaN,0,0
M400-01-baseline-awake,13,0.2,15,linear,25,1,insufficient_clean_context,insufficient_clean_context,NaN,NaN,0,0
M400-01-baseline-awake,13,0.2,15,sine_squared,10,1,insufficient_clean_context,insufficient_clean_context,NaN,NaN,0,0
M400-01-baseline-awake,13,0.2,15,sine_squared,25,1,insufficient_clean_context,insufficient_clean_context,NaN,NaN,0,0
M400-01-baseline-awake,13,0.2,30,linear,10,1,insufficient_clean_context,insufficient_clean_context,NaN,NaN,0,0
M400-01-baseline-awake,13,0.2,30,linear,25,1,insufficient_clean_context,insufficient_clean_context,NaN,NaN,0,0
M400-01-baseline-awake,13,0.2,30,sine_squared,10,1,insufficient_clean_context,insufficient_clean_context,NaN,NaN,0,0
M400-01-baseline-awake,13,0.2,30,sine_squared,25,1,insufficient_clean_context,insufficient_clean_context,NaN,NaN,0,0
M400-01-baseline-awake,14,0.02,5,linear,10,1,insufficient_clean_context,insufficient_clean_context,NaN,NaN,0,0
M400-01-baseline-awake,14,0.02,5,linear,25,1,insufficient_clean_context,insufficient_clean_context,NaN,NaN,0,0
M400-01-baseline-awake,14,0.02,5,sine_squared,10,1,insufficient_clean_context,insufficient_clean_context,NaN,NaN,0,0
M400-01-baseline-awake,14,0.02,5,sine_squared,25,1,insufficient_clean_context,insufficient_clean_context,NaN,NaN,0,0
M400-01-baseline-awake,14,0.02,15,linear,10,1,insufficient_clean_context,insufficient_clean_context,NaN,NaN,0,0
M400-01-baseline-awake,14,0.02,15,linear,25,1,insufficient_clean_context,insufficient_clean_context,NaN,NaN,0,0
M400-01-baseline-awake,14,0.02,15,sine_squared,10,1,insufficient_clean_context,insufficient_clean_context,NaN,NaN,0,0
M400-01-baseline-awake,14,0.02,15,sine_squared,25,1,insufficient_clean_context,insufficient_clean_context,NaN,NaN,0,0
M400-01-baseline-awake,14,0.02,30,linear,10,1,insufficient_clean_context,insufficient_clean_context,NaN,NaN,0,0
M400-01-baseline-awake,14,0.02,30,linear,25,1,insufficient_clean_context,insufficient_clean_context,NaN,NaN,0,0
M400-01-baseline-awake,14,0.02,30,sine_squared,10,1,insufficient_clean_context,insufficient_clean_context,NaN,NaN,0,0
M400-01-baseline-awake,14,0.02,30,sine_squared,25,1,insufficient_clean_context,insufficient_clean_context,NaN,NaN,0,0
M400-01-baseline-awake,14,0.05,5,linear,10,1,insufficient_clean_context,insufficient_clean_context,NaN,NaN,0,0
M400-01-baseline-awake,14,0.05,5,linear,25,1,insufficient_clean_context,insufficient_clean_context,NaN,NaN,0,0
M400-01-baseline-awake,14,0.05,5,sine_squared,10,1,insufficient_clean_context,insufficient_clean_context,NaN,NaN,0,0
M400-01-baseline-awake,14,0.05,5,sine_squared,25,1,insufficient_clean_context,insufficient_clean_context,NaN,NaN,0,0
M400-01-baseline-awake,14,0.05,15,linear,10,1,insufficient_clean_context,insufficient_clean_context,NaN,NaN,0,0
M400-01-baseline-awake,14,0.05,15,linear,25,1,insufficient_clean_context,insufficient_clean_context,NaN,NaN,0,0
M400-01-baseline-awake,14,0.05,15,sine_squared,10,1,insufficient_clean_context,insufficient_clean_context,NaN,NaN,0,0
M400-01-baseline-awake,14,0.05,15,sine_squared,25,1,insufficient_clean_context,insufficient_clean_context,NaN,NaN,0,0
M400-01-baseline-awake,14,0.05,30,linear,10,1,insufficient_clean_context,insufficient_clean_context,NaN,NaN,0,0
M400-01-baseline-awake,14,0.05,30,linear,25,1,insufficient_clean_context,insufficient_clean_context,NaN,NaN,0,0
M400-01-baseline-awake,14,0.05,30,sine_squared,10,1,insufficient_clean_context,insufficient_clean_context,NaN,NaN,0,0
M400-01-baseline-awake,14,0.05,30,sine_squared,25,1,insufficient_clean_context,insufficient_clean_context,NaN,NaN,0,0
M400-01-baseline-awake,14,0.1,5,linear,10,1,insufficient_clean_context,insufficient_clean_context,NaN,NaN,0,0
M400-01-baseline-awake,14,0.1,5,linear,25,1,insufficient_clean_context,insufficient_clean_context,NaN,NaN,0,0
M400-01-baseline-awake,14,0.1,5,sine_squared,10,1,insufficient_clean_context,insufficient_clean_context,NaN,NaN,0,0
M400-01-baseline-awake,14,0.1,5,sine_squared,25,1,insufficient_clean_context,insufficient_clean_context,NaN,NaN,0,0
M400-01-baseline-awake,14,0.1,15,linear,10,1,insufficient_clean_context,insufficient_clean_context,NaN,NaN,0,0
M400-01-baseline-awake,14,0.1,15,linear,25,1,insufficient_clean_context,insufficient_clean_context,NaN,NaN,0,0
M400-01-baseline-awake,14,0.1,15,sine_squared,10,1,insufficient_clean_context,insufficient_clean_context,NaN,NaN,0,0
M400-01-baseline-awake,14,0.1,15,sine_squared,25,1,insufficient_clean_context,insufficient_clean_context,NaN,NaN,0,0
M400-01-baseline-awake,14,0.1,30,linear,10,1,insufficient_clean_context,insufficient_clean_context,NaN,NaN,0,0
M400-01-baseline-awake,14,0.1,30,linear,25,1,insufficient_clean_context,insufficient_clean_context,NaN,NaN,0,0
M400-01-baseline-awake,14,0.1,30,sine_squared,10,1,insufficient_clean_context,insufficient_clean_context,NaN,NaN,0,0
M400-01-baseline-awake,14,0.1,30,sine_squared,25,1,insufficient_clean_context,insufficient_clean_context,NaN,NaN,0,0
M400-01-baseline-awake,14,0.2,5,linear,10,1,insufficient_clean_context,insufficient_clean_context,NaN,NaN,0,0
M400-01-baseline-awake,14,0.2,5,linear,25,1,insufficient_clean_context,insufficient_clean_context,NaN,NaN,0,0
M400-01-baseline-awake,14,0.2,5,sine_squared,10,1,insufficient_clean_context,insufficient_clean_context,NaN,NaN,0,0
M400-01-baseline-awake,14,0.2,5,sine_squared,25,1,insufficient_clean_context,insufficient_clean_context,NaN,NaN,0,0
M400-01-baseline-awake,14,0.2,15,linear,10,1,insufficient_clean_context,insufficient_clean_context,NaN,NaN,0,0
M400-01-baseline-awake,14,0.2,15,linear,25,1,insufficient_clean_context,insufficient_clean_context,NaN,NaN,0,0
M400-01-baseline-awake,14,0.2,15,sine_squared,10,1,insufficient_clean_context,insufficient_clean_context,NaN,NaN,0,0
M400-01-baseline-awake,14,0.2,15,sine_squared,25,1,insufficient_clean_context,insufficient_clean_context,NaN,NaN,0,0
M400-01-baseline-awake,14,0.2,30,linear,10,1,insufficient_clean_context,insufficient_clean_context,NaN,NaN,0,0
M400-01-baseline-awake,14,0.2,30,linear,25,1,insufficient_clean_context,insufficient_clean_context,NaN,NaN,0,0
M400-01-baseline-awake,14,0.2,30,sine_squared,10,1,insufficient_clean_context,insufficient_clean_context,NaN,NaN,0,0
M400-01-baseline-awake,14,0.2,30,sine_squared,25,1,insufficient_clean_context,insufficient_clean_context,NaN,NaN,0,0
M400-01-baseline-awake,15,0.02,5,linear,10,1,insufficient_clean_context,insufficient_clean_context,NaN,NaN,0,0
M400-01-baseline-awake,15,0.02,5,linear,25,1,insufficient_clean_context,insufficient_clean_context,NaN,NaN,0,0
M400-01-baseline-awake,15,0.02,5,sine_squared,10,1,insufficient_clean_context,insufficient_clean_context,NaN,NaN,0,0
M400-01-baseline-awake,15,0.02,5,sine_squared,25,1,insufficient_clean_context,insufficient_clean_context,NaN,NaN,0,0
M400-01-baseline-awake,15,0.02,15,linear,10,1,insufficient_clean_context,insufficient_clean_context,NaN,NaN,0,0
M400-01-baseline-awake,15,0.02,15,linear,25,1,insufficient_clean_context,insufficient_clean_context,NaN,NaN,0,0
M400-01-baseline-awake,15,0.02,15,sine_squared,10,1,insufficient_clean_context,insufficient_clean_context,NaN,NaN,0,0
M400-01-baseline-awake,15,0.02,15,sine_squared,25,1,insufficient_clean_context,insufficient_clean_context,NaN,NaN,0,0
M400-01-baseline-awake,15,0.02,30,linear,10,1,insufficient_clean_context,insufficient_clean_context,NaN,NaN,0,0
M400-01-baseline-awake,15,0.02,30,linear,25,1,insufficient_clean_context,insufficient_clean_context,NaN,NaN,0,0
M400-01-baseline-awake,15,0.02,30,sine_squared,10,1,insufficient_clean_context,insufficient_clean_context,NaN,NaN,0,0
M400-01-baseline-awake,15,0.02,30,sine_squared,25,1,insufficient_clean_context,insufficient_clean_context,NaN,NaN,0,0
M400-01-baseline-awake,15,0.05,5,linear,10,1,insufficient_clean_context,insufficient_clean_context,NaN,NaN,0,0
M400-01-baseline-awake,15,0.05,5,linear,25,1,insufficient_clean_context,insufficient_clean_context,NaN,NaN,0,0
M400-01-baseline-awake,15,0.05,5,sine_squared,10,1,insufficient_clean_context,insufficient_clean_context,NaN,NaN,0,0
M400-01-baseline-awake,15,0.05,5,sine_squared,25,1,insufficient_clean_context,insufficient_clean_context,NaN,NaN,0,0
M400-01-baseline-awake,15,0.05,15,linear,10,1,insufficient_clean_context,insufficient_clean_context,NaN,NaN,0,0
M400-01-baseline-awake,15,0.05,15,linear,25,1,insufficient_clean_context,insufficient_clean_context,NaN,NaN,0,0
M400-01-baseline-awake,15,0.05,15,sine_squared,10,1,insufficient_clean_context,insufficient_clean_context,NaN,NaN,0,0
M400-01-baseline-awake,15,0.05,15,sine_squared,25,1,insufficient_clean_context,insufficient_clean_context,NaN,NaN,0,0
M400-01-baseline-awake,15,0.05,30,linear,10,1,insufficient_clean_context,insufficient_clean_context,NaN,NaN,0,0
M400-01-baseline-awake,15,0.05,30,linear,25,1,insufficient_clean_context,insufficient_clean_context,NaN,NaN,0,0
M400-01-baseline-awake,15,0.05,30,sine_squared,10,1,insufficient_clean_context,insufficient_clean_context,NaN,NaN,0,0
M400-01-baseline-awake,15,0.05,30,sine_squared,25,1,insufficient_clean_context,insufficient_clean_context,NaN,NaN,0,0
M400-01-baseline-awake,15,0.1,5,linear,10,1,insufficient_clean_context,insufficient_clean_context,NaN,NaN,0,0
M400-01-baseline-awake,15,0.1,5,linear,25,1,insufficient_clean_context,insufficient_clean_context,NaN,NaN,0,0
M400-01-baseline-awake,15,0.1,5,sine_squared,10,1,insufficient_clean_context,insufficient_clean_context,NaN,NaN,0,0
M400-01-baseline-awake,15,0.1,5,sine_squared,25,1,insufficient_clean_context,insufficient_clean_context,NaN,NaN,0,0
M400-01-baseline-awake,15,0.1,15,linear,10,1,insufficient_clean_context,insufficient_clean_context,NaN,NaN,0,0
M400-01-baseline-awake,15,0.1,15,linear,25,1,insufficient_clean_context,insufficient_clean_context,NaN,NaN,0,0
M400-01-baseline-awake,15,0.1,15,sine_squared,10,1,insufficient_clean_context,insufficient_clean_context,NaN,NaN,0,0
M400-01-baseline-awake,15,0.1,15,sine_squared,25,1,insufficient_clean_context,insufficient_clean_context,NaN,NaN,0,0
M400-01-baseline-awake,15,0.1,30,linear,10,1,insufficient_clean_context,insufficient_clean_context,NaN,NaN,0,0
M400-01-baseline-awake,15,0.1,30,linear,25,1,insufficient_clean_context,insufficient_clean_context,NaN,NaN,0,0
M400-01-baseline-awake,15,0.1,30,sine_squared,10,1,insufficient_clean_context,insufficient_clean_context,NaN,NaN,0,0
M400-01-baseline-awake,15,0.1,30,sine_squared,25,1,insufficient_clean_context,insufficient_clean_context,NaN,NaN,0,0
M400-01-baseline-awake,15,0.2,5,linear,10,1,insufficient_clean_context,insufficient_clean_context,NaN,NaN,0,0
M400-01-baseline-awake,15,0.2,5,linear,25,1,insufficient_clean_context,insufficient_clean_context,NaN,NaN,0,0
M400-01-baseline-awake,15,0.2,5,sine_squared,10,1,insufficient_clean_context,insufficient_clean_context,NaN,NaN,0,0
M400-01-baseline-awake,15,0.2,5,sine_squared,25,1,insufficient_clean_context,insufficient_clean_context,NaN,NaN,0,0
M400-01-baseline-awake,15,0.2,15,linear,10,1,insufficient_clean_context,insufficient_clean_context,NaN,NaN,0,0
M400-01-baseline-awake,15,0.2,15,linear,25,1,insufficient_clean_context,insufficient_clean_context,NaN,NaN,0,0
M400-01-baseline-awake,15,0.2,15,sine_squared,10,1,insufficient_clean_context,insufficient_clean_context,NaN,NaN,0,0
M400-01-baseline-awake,15,0.2,15,sine_squared,25,1,insufficient_clean_context,insufficient_clean_context,NaN,NaN,0,0
M400-01-baseline-awake,15,0.2,30,linear,10,1,insufficient_clean_context,insufficient_clean_context,NaN,NaN,0,0
M400-01-baseline-awake,15,0.2,30,linear,25,1,insufficient_clean_context,insufficient_clean_context,NaN,NaN,0,0
M400-01-baseline-awake,15,0.2,30,sine_squared,10,1,insufficient_clean_context,insufficient_clean_context,NaN,NaN,0,0
M400-01-baseline-awake,15,0.2,30,sine_squared,25,1,insufficient_clean_context,insufficient_clean_context,NaN,NaN,0,0
M400-01-baseline-awake,16,0.02,5,linear,10,1,resolved,insufficient_improvement,-17,NaN,0,0
M400-01-baseline-awake,16,0.02,5,linear,25,1,insufficient_improvement,resolved,NaN,-1,0,1
M400-01-baseline-awake,16,0.02,5,sine_squared,10,1,resolved,insufficient_improvement,-17,NaN,0,0
M400-01-baseline-awake,16,0.02,5,sine_squared,25,1,insufficient_improvement,resolved,NaN,-1,0,1
M400-01-baseline-awake,16,0.02,15,linear,10,1,insufficient_improvement,insufficient_improvement,NaN,NaN,0,0
M400-01-baseline-awake,16,0.02,15,linear,25,1,insufficient_improvement,insufficient_improvement,NaN,NaN,0,0
M400-01-baseline-awake,16,0.02,15,sine_squared,10,1,insufficient_improvement,insufficient_improvement,NaN,NaN,0,0
M400-01-baseline-awake,16,0.02,15,sine_squared,25,1,insufficient_improvement,insufficient_improvement,NaN,NaN,0,0
M400-01-baseline-awake,16,0.02,30,linear,10,1,insufficient_improvement,insufficient_improvement,NaN,NaN,0,0
M400-01-baseline-awake,16,0.02,30,linear,25,1,insufficient_improvement,insufficient_improvement,NaN,NaN,0,0
M400-01-baseline-awake,16,0.02,30,sine_squared,10,1,insufficient_improvement,insufficient_improvement,NaN,NaN,0,0
M400-01-baseline-awake,16,0.02,30,sine_squared,25,1,resolved,insufficient_improvement,-3,NaN,1,0
M400-01-baseline-awake,16,0.05,5,linear,10,1,resolved,broad_profile_unresolved,-9,NaN,0,0
M400-01-baseline-awake,16,0.05,5,linear,25,1,insufficient_improvement,resolved,NaN,0,0,1
M400-01-baseline-awake,16,0.05,5,sine_squared,10,1,resolved,broad_profile_unresolved,-9,NaN,0,0
M400-01-baseline-awake,16,0.05,5,sine_squared,25,1,insufficient_improvement,resolved,NaN,0,0,1
M400-01-baseline-awake,16,0.05,15,linear,10,1,resolved,broad_profile_unresolved,4,NaN,1,0
M400-01-baseline-awake,16,0.05,15,linear,25,1,resolved,resolved,-5,-1,1,1
M400-01-baseline-awake,16,0.05,15,sine_squared,10,1,resolved,resolved,4,5,1,1
M400-01-baseline-awake,16,0.05,15,sine_squared,25,1,resolved,resolved,-5,-1,1,1
M400-01-baseline-awake,16,0.05,30,linear,10,1,resolved,insufficient_improvement,-17,NaN,0,0
M400-01-baseline-awake,16,0.05,30,linear,25,1,resolved,resolved,-3,-3,1,1
M400-01-baseline-awake,16,0.05,30,sine_squared,10,1,insufficient_improvement,insufficient_improvement,NaN,NaN,0,0
M400-01-baseline-awake,16,0.05,30,sine_squared,25,1,resolved,resolved,-2,-2,1,1
M400-01-baseline-awake,16,0.1,5,linear,10,1,resolved,resolved,-8,-5,0,1
M400-01-baseline-awake,16,0.1,5,linear,25,1,not_a_rising_change,resolved,NaN,0,0,1
M400-01-baseline-awake,16,0.1,5,sine_squared,10,1,resolved,resolved,-7,-5,0,1
M400-01-baseline-awake,16,0.1,5,sine_squared,25,1,not_a_rising_change,resolved,NaN,0,0,1
M400-01-baseline-awake,16,0.1,15,linear,10,1,resolved,resolved,3,-8,1,0
M400-01-baseline-awake,16,0.1,15,linear,25,1,resolved,resolved,-5,-1,1,1
M400-01-baseline-awake,16,0.1,15,sine_squared,10,1,resolved,resolved,4,5,1,1
M400-01-baseline-awake,16,0.1,15,sine_squared,25,1,resolved,resolved,-5,2,1,1
M400-01-baseline-awake,16,0.1,30,linear,10,1,resolved,broad_profile_unresolved,4,NaN,1,0
M400-01-baseline-awake,16,0.1,30,linear,25,1,resolved,resolved,-2,-2,1,1
M400-01-baseline-awake,16,0.1,30,sine_squared,10,1,resolved,resolved,5,5,1,1
M400-01-baseline-awake,16,0.1,30,sine_squared,25,1,resolved,resolved,-1,-1,1,1
M400-01-baseline-awake,16,0.2,5,linear,10,1,resolved,resolved,-5,-2,1,1
M400-01-baseline-awake,16,0.2,5,linear,25,1,not_a_rising_change,resolved,NaN,0,0,1
M400-01-baseline-awake,16,0.2,5,sine_squared,10,1,resolved,resolved,-5,-2,1,1
M400-01-baseline-awake,16,0.2,5,sine_squared,25,1,not_a_rising_change,resolved,NaN,0,0,1
M400-01-baseline-awake,16,0.2,15,linear,10,1,resolved,resolved,1,-6,1,0
M400-01-baseline-awake,16,0.2,15,linear,25,1,resolved,resolved,-5,-1,1,1
M400-01-baseline-awake,16,0.2,15,sine_squared,10,1,resolved,resolved,3,3,1,1
M400-01-baseline-awake,16,0.2,15,sine_squared,25,1,resolved,resolved,-5,0,1,1
M400-01-baseline-awake,16,0.2,30,linear,10,1,resolved,resolved,3,-8,1,0
M400-01-baseline-awake,16,0.2,30,linear,25,1,resolved,resolved,-2,-2,1,1
M400-01-baseline-awake,16,0.2,30,sine_squared,10,1,resolved,resolved,5,5,1,1
M400-01-baseline-awake,16,0.2,30,sine_squared,25,1,resolved,resolved,1,-6,1,0
M400-01-baseline-awake,17,0.02,5,linear,10,1,insufficient_clean_context,insufficient_clean_context,NaN,NaN,0,0
M400-01-baseline-awake,17,0.02,5,linear,25,1,insufficient_clean_context,insufficient_clean_context,NaN,NaN,0,0
M400-01-baseline-awake,17,0.02,5,sine_squared,10,1,insufficient_clean_context,insufficient_clean_context,NaN,NaN,0,0
M400-01-baseline-awake,17,0.02,5,sine_squared,25,1,insufficient_clean_context,insufficient_clean_context,NaN,NaN,0,0
M400-01-baseline-awake,17,0.02,15,linear,10,1,insufficient_clean_context,insufficient_clean_context,NaN,NaN,0,0
M400-01-baseline-awake,17,0.02,15,linear,25,1,insufficient_clean_context,insufficient_clean_context,NaN,NaN,0,0
M400-01-baseline-awake,17,0.02,15,sine_squared,10,1,insufficient_clean_context,insufficient_clean_context,NaN,NaN,0,0
M400-01-baseline-awake,17,0.02,15,sine_squared,25,1,insufficient_clean_context,insufficient_clean_context,NaN,NaN,0,0
M400-01-baseline-awake,17,0.02,30,linear,10,1,insufficient_clean_context,insufficient_clean_context,NaN,NaN,0,0
M400-01-baseline-awake,17,0.02,30,linear,25,1,insufficient_clean_context,insufficient_clean_context,NaN,NaN,0,0
M400-01-baseline-awake,17,0.02,30,sine_squared,10,1,insufficient_clean_context,insufficient_clean_context,NaN,NaN,0,0
M400-01-baseline-awake,17,0.02,30,sine_squared,25,1,insufficient_clean_context,insufficient_clean_context,NaN,NaN,0,0
M400-01-baseline-awake,17,0.05,5,linear,10,1,insufficient_clean_context,insufficient_clean_context,NaN,NaN,0,0
M400-01-baseline-awake,17,0.05,5,linear,25,1,insufficient_clean_context,insufficient_clean_context,NaN,NaN,0,0
M400-01-baseline-awake,17,0.05,5,sine_squared,10,1,insufficient_clean_context,insufficient_clean_context,NaN,NaN,0,0
M400-01-baseline-awake,17,0.05,5,sine_squared,25,1,insufficient_clean_context,insufficient_clean_context,NaN,NaN,0,0
M400-01-baseline-awake,17,0.05,15,linear,10,1,insufficient_clean_context,insufficient_clean_context,NaN,NaN,0,0
M400-01-baseline-awake,17,0.05,15,linear,25,1,insufficient_clean_context,insufficient_clean_context,NaN,NaN,0,0
M400-01-baseline-awake,17,0.05,15,sine_squared,10,1,insufficient_clean_context,insufficient_clean_context,NaN,NaN,0,0
M400-01-baseline-awake,17,0.05,15,sine_squared,25,1,insufficient_clean_context,insufficient_clean_context,NaN,NaN,0,0
M400-01-baseline-awake,17,0.05,30,linear,10,1,insufficient_clean_context,insufficient_clean_context,NaN,NaN,0,0
M400-01-baseline-awake,17,0.05,30,linear,25,1,insufficient_clean_context,insufficient_clean_context,NaN,NaN,0,0
M400-01-baseline-awake,17,0.05,30,sine_squared,10,1,insufficient_clean_context,insufficient_clean_context,NaN,NaN,0,0
M400-01-baseline-awake,17,0.05,30,sine_squared,25,1,insufficient_clean_context,insufficient_clean_context,NaN,NaN,0,0
M400-01-baseline-awake,17,0.1,5,linear,10,1,insufficient_clean_context,insufficient_clean_context,NaN,NaN,0,0
M400-01-baseline-awake,17,0.1,5,linear,25,1,insufficient_clean_context,insufficient_clean_context,NaN,NaN,0,0
M400-01-baseline-awake,17,0.1,5,sine_squared,10,1,insufficient_clean_context,insufficient_clean_context,NaN,NaN,0,0
M400-01-baseline-awake,17,0.1,5,sine_squared,25,1,insufficient_clean_context,insufficient_clean_context,NaN,NaN,0,0
M400-01-baseline-awake,17,0.1,15,linear,10,1,insufficient_clean_context,insufficient_clean_context,NaN,NaN,0,0
M400-01-baseline-awake,17,0.1,15,linear,25,1,insufficient_clean_context,insufficient_clean_context,NaN,NaN,0,0
M400-01-baseline-awake,17,0.1,15,sine_squared,10,1,insufficient_clean_context,insufficient_clean_context,NaN,NaN,0,0
M400-01-baseline-awake,17,0.1,15,sine_squared,25,1,insufficient_clean_context,insufficient_clean_context,NaN,NaN,0,0
M400-01-baseline-awake,17,0.1,30,linear,10,1,insufficient_clean_context,insufficient_clean_context,NaN,NaN,0,0
M400-01-baseline-awake,17,0.1,30,linear,25,1,insufficient_clean_context,insufficient_clean_context,NaN,NaN,0,0
M400-01-baseline-awake,17,0.1,30,sine_squared,10,1,insufficient_clean_context,insufficient_clean_context,NaN,NaN,0,0
M400-01-baseline-awake,17,0.1,30,sine_squared,25,1,insufficient_clean_context,insufficient_clean_context,NaN,NaN,0,0
M400-01-baseline-awake,17,0.2,5,linear,10,1,insufficient_clean_context,insufficient_clean_context,NaN,NaN,0,0
M400-01-baseline-awake,17,0.2,5,linear,25,1,insufficient_clean_context,insufficient_clean_context,NaN,NaN,0,0
M400-01-baseline-awake,17,0.2,5,sine_squared,10,1,insufficient_clean_context,insufficient_clean_context,NaN,NaN,0,0
M400-01-baseline-awake,17,0.2,5,sine_squared,25,1,insufficient_clean_context,insufficient_clean_context,NaN,NaN,0,0
M400-01-baseline-awake,17,0.2,15,linear,10,1,insufficient_clean_context,insufficient_clean_context,NaN,NaN,0,0
M400-01-baseline-awake,17,0.2,15,linear,25,1,insufficient_clean_context,insufficient_clean_context,NaN,NaN,0,0
M400-01-baseline-awake,17,0.2,15,sine_squared,10,1,insufficient_clean_context,insufficient_clean_context,NaN,NaN,0,0
M400-01-baseline-awake,17,0.2,15,sine_squared,25,1,insufficient_clean_context,insufficient_clean_context,NaN,NaN,0,0
M400-01-baseline-awake,17,0.2,30,linear,10,1,insufficient_clean_context,insufficient_clean_context,NaN,NaN,0,0
M400-01-baseline-awake,17,0.2,30,linear,25,1,insufficient_clean_context,insufficient_clean_context,NaN,NaN,0,0
M400-01-baseline-awake,17,0.2,30,sine_squared,10,1,insufficient_clean_context,insufficient_clean_context,NaN,NaN,0,0
M400-01-baseline-awake,17,0.2,30,sine_squared,25,1,insufficient_clean_context,insufficient_clean_context,NaN,NaN,0,0
M400-01-baseline-awake,18,0.02,5,linear,10,1,insufficient_clean_context,insufficient_clean_context,NaN,NaN,0,0
M400-01-baseline-awake,18,0.02,5,linear,25,1,insufficient_clean_context,insufficient_clean_context,NaN,NaN,0,0
M400-01-baseline-awake,18,0.02,5,sine_squared,10,1,insufficient_clean_context,insufficient_clean_context,NaN,NaN,0,0
M400-01-baseline-awake,18,0.02,5,sine_squared,25,1,insufficient_clean_context,insufficient_clean_context,NaN,NaN,0,0
M400-01-baseline-awake,18,0.02,15,linear,10,1,insufficient_clean_context,insufficient_clean_context,NaN,NaN,0,0
M400-01-baseline-awake,18,0.02,15,linear,25,1,insufficient_clean_context,insufficient_clean_context,NaN,NaN,0,0
M400-01-baseline-awake,18,0.02,15,sine_squared,10,1,insufficient_clean_context,insufficient_clean_context,NaN,NaN,0,0
M400-01-baseline-awake,18,0.02,15,sine_squared,25,1,insufficient_clean_context,insufficient_clean_context,NaN,NaN,0,0
M400-01-baseline-awake,18,0.02,30,linear,10,1,insufficient_clean_context,insufficient_clean_context,NaN,NaN,0,0
M400-01-baseline-awake,18,0.02,30,linear,25,1,insufficient_clean_context,insufficient_clean_context,NaN,NaN,0,0
M400-01-baseline-awake,18,0.02,30,sine_squared,10,1,insufficient_clean_context,insufficient_clean_context,NaN,NaN,0,0
M400-01-baseline-awake,18,0.02,30,sine_squared,25,1,insufficient_clean_context,insufficient_clean_context,NaN,NaN,0,0
M400-01-baseline-awake,18,0.05,5,linear,10,1,insufficient_clean_context,insufficient_clean_context,NaN,NaN,0,0
M400-01-baseline-awake,18,0.05,5,linear,25,1,insufficient_clean_context,insufficient_clean_context,NaN,NaN,0,0
M400-01-baseline-awake,18,0.05,5,sine_squared,10,1,insufficient_clean_context,insufficient_clean_context,NaN,NaN,0,0
M400-01-baseline-awake,18,0.05,5,sine_squared,25,1,insufficient_clean_context,insufficient_clean_context,NaN,NaN,0,0
M400-01-baseline-awake,18,0.05,15,linear,10,1,insufficient_clean_context,insufficient_clean_context,NaN,NaN,0,0
M400-01-baseline-awake,18,0.05,15,linear,25,1,insufficient_clean_context,insufficient_clean_context,NaN,NaN,0,0
M400-01-baseline-awake,18,0.05,15,sine_squared,10,1,insufficient_clean_context,insufficient_clean_context,NaN,NaN,0,0
M400-01-baseline-awake,18,0.05,15,sine_squared,25,1,insufficient_clean_context,insufficient_clean_context,NaN,NaN,0,0
M400-01-baseline-awake,18,0.05,30,linear,10,1,insufficient_clean_context,insufficient_clean_context,NaN,NaN,0,0
M400-01-baseline-awake,18,0.05,30,linear,25,1,insufficient_clean_context,insufficient_clean_context,NaN,NaN,0,0
M400-01-baseline-awake,18,0.05,30,sine_squared,10,1,insufficient_clean_context,insufficient_clean_context,NaN,NaN,0,0
M400-01-baseline-awake,18,0.05,30,sine_squared,25,1,insufficient_clean_context,insufficient_clean_context,NaN,NaN,0,0
M400-01-baseline-awake,18,0.1,5,linear,10,1,insufficient_clean_context,insufficient_clean_context,NaN,NaN,0,0
M400-01-baseline-awake,18,0.1,5,linear,25,1,insufficient_clean_context,insufficient_clean_context,NaN,NaN,0,0
M400-01-baseline-awake,18,0.1,5,sine_squared,10,1,insufficient_clean_context,insufficient_clean_context,NaN,NaN,0,0
M400-01-baseline-awake,18,0.1,5,sine_squared,25,1,insufficient_clean_context,insufficient_clean_context,NaN,NaN,0,0
M400-01-baseline-awake,18,0.1,15,linear,10,1,insufficient_clean_context,insufficient_clean_context,NaN,NaN,0,0
M400-01-baseline-awake,18,0.1,15,linear,25,1,insufficient_clean_context,insufficient_clean_context,NaN,NaN,0,0
M400-01-baseline-awake,18,0.1,15,sine_squared,10,1,insufficient_clean_context,insufficient_clean_context,NaN,NaN,0,0
M400-01-baseline-awake,18,0.1,15,sine_squared,25,1,insufficient_clean_context,insufficient_clean_context,NaN,NaN,0,0
M400-01-baseline-awake,18,0.1,30,linear,10,1,insufficient_clean_context,insufficient_clean_context,NaN,NaN,0,0
M400-01-baseline-awake,18,0.1,30,linear,25,1,insufficient_clean_context,insufficient_clean_context,NaN,NaN,0,0
M400-01-baseline-awake,18,0.1,30,sine_squared,10,1,insufficient_clean_context,insufficient_clean_context,NaN,NaN,0,0
M400-01-baseline-awake,18,0.1,30,sine_squared,25,1,insufficient_clean_context,insufficient_clean_context,NaN,NaN,0,0
M400-01-baseline-awake,18,0.2,5,linear,10,1,insufficient_clean_context,insufficient_clean_context,NaN,NaN,0,0
M400-01-baseline-awake,18,0.2,5,linear,25,1,insufficient_clean_context,insufficient_clean_context,NaN,NaN,0,0
M400-01-baseline-awake,18,0.2,5,sine_squared,10,1,insufficient_clean_context,insufficient_clean_context,NaN,NaN,0,0
M400-01-baseline-awake,18,0.2,5,sine_squared,25,1,insufficient_clean_context,insufficient_clean_context,NaN,NaN,0,0
M400-01-baseline-awake,18,0.2,15,linear,10,1,insufficient_clean_context,insufficient_clean_context,NaN,NaN,0,0
M400-01-baseline-awake,18,0.2,15,linear,25,1,insufficient_clean_context,insufficient_clean_context,NaN,NaN,0,0
M400-01-baseline-awake,18,0.2,15,sine_squared,10,1,insufficient_clean_context,insufficient_clean_context,NaN,NaN,0,0
M400-01-baseline-awake,18,0.2,15,sine_squared,25,1,insufficient_clean_context,insufficient_clean_context,NaN,NaN,0,0
M400-01-baseline-awake,18,0.2,30,linear,10,1,insufficient_clean_context,insufficient_clean_context,NaN,NaN,0,0
M400-01-baseline-awake,18,0.2,30,linear,25,1,insufficient_clean_context,insufficient_clean_context,NaN,NaN,0,0
M400-01-baseline-awake,18,0.2,30,sine_squared,10,1,insufficient_clean_context,insufficient_clean_context,NaN,NaN,0,0
M400-01-baseline-awake,18,0.2,30,sine_squared,25,1,insufficient_clean_context,insufficient_clean_context,NaN,NaN,0,0
M400-01-baseline-awake,19,0.02,5,linear,10,1,insufficient_improvement,insufficient_improvement,NaN,NaN,0,0
M400-01-baseline-awake,19,0.02,5,linear,25,1,insufficient_improvement,insufficient_improvement,NaN,NaN,0,0
M400-01-baseline-awake,19,0.02,5,sine_squared,10,1,insufficient_improvement,insufficient_improvement,NaN,NaN,0,0
M400-01-baseline-awake,19,0.02,5,sine_squared,25,1,insufficient_improvement,insufficient_improvement,NaN,NaN,0,0
M400-01-baseline-awake,19,0.02,15,linear,10,1,insufficient_improvement,insufficient_improvement,NaN,NaN,0,0
M400-01-baseline-awake,19,0.02,15,linear,25,1,insufficient_improvement,insufficient_improvement,NaN,NaN,0,0
M400-01-baseline-awake,19,0.02,15,sine_squared,10,1,insufficient_improvement,insufficient_improvement,NaN,NaN,0,0
M400-01-baseline-awake,19,0.02,15,sine_squared,25,1,insufficient_improvement,insufficient_improvement,NaN,NaN,0,0
M400-01-baseline-awake,19,0.02,30,linear,10,1,insufficient_improvement,insufficient_improvement,NaN,NaN,0,0
M400-01-baseline-awake,19,0.02,30,linear,25,1,insufficient_improvement,insufficient_improvement,NaN,NaN,0,0
M400-01-baseline-awake,19,0.02,30,sine_squared,10,1,insufficient_improvement,insufficient_improvement,NaN,NaN,0,0
M400-01-baseline-awake,19,0.02,30,sine_squared,25,1,insufficient_improvement,insufficient_improvement,NaN,NaN,0,0
M400-01-baseline-awake,19,0.05,5,linear,10,1,insufficient_improvement,insufficient_improvement,NaN,NaN,0,0
M400-01-baseline-awake,19,0.05,5,linear,25,1,insufficient_improvement,insufficient_improvement,NaN,NaN,0,0
M400-01-baseline-awake,19,0.05,5,sine_squared,10,1,insufficient_improvement,insufficient_improvement,NaN,NaN,0,0
M400-01-baseline-awake,19,0.05,5,sine_squared,25,1,insufficient_improvement,insufficient_improvement,NaN,NaN,0,0
M400-01-baseline-awake,19,0.05,15,linear,10,1,insufficient_improvement,insufficient_improvement,NaN,NaN,0,0
M400-01-baseline-awake,19,0.05,15,linear,25,1,insufficient_improvement,insufficient_improvement,NaN,NaN,0,0
M400-01-baseline-awake,19,0.05,15,sine_squared,10,1,search_boundary_unresolved,insufficient_improvement,NaN,NaN,0,0
M400-01-baseline-awake,19,0.05,15,sine_squared,25,1,insufficient_improvement,insufficient_improvement,NaN,NaN,0,0
M400-01-baseline-awake,19,0.05,30,linear,10,1,insufficient_improvement,insufficient_improvement,NaN,NaN,0,0
M400-01-baseline-awake,19,0.05,30,linear,25,1,insufficient_improvement,insufficient_improvement,NaN,NaN,0,0
M400-01-baseline-awake,19,0.05,30,sine_squared,10,1,insufficient_improvement,insufficient_improvement,NaN,NaN,0,0
M400-01-baseline-awake,19,0.05,30,sine_squared,25,1,insufficient_improvement,insufficient_improvement,NaN,NaN,0,0
M400-01-baseline-awake,19,0.1,5,linear,10,1,insufficient_improvement,insufficient_improvement,NaN,NaN,0,0
M400-01-baseline-awake,19,0.1,5,linear,25,1,insufficient_improvement,insufficient_improvement,NaN,NaN,0,0
M400-01-baseline-awake,19,0.1,5,sine_squared,10,1,insufficient_improvement,insufficient_improvement,NaN,NaN,0,0
M400-01-baseline-awake,19,0.1,5,sine_squared,25,1,insufficient_improvement,insufficient_improvement,NaN,NaN,0,0
M400-01-baseline-awake,19,0.1,15,linear,10,1,search_boundary_unresolved,insufficient_improvement,NaN,NaN,0,0
M400-01-baseline-awake,19,0.1,15,linear,25,1,insufficient_improvement,insufficient_improvement,NaN,NaN,0,0
M400-01-baseline-awake,19,0.1,15,sine_squared,10,1,search_boundary_unresolved,search_boundary_unresolved,NaN,NaN,0,0
M400-01-baseline-awake,19,0.1,15,sine_squared,25,1,insufficient_improvement,insufficient_improvement,NaN,NaN,0,0
M400-01-baseline-awake,19,0.1,30,linear,10,1,insufficient_improvement,insufficient_improvement,NaN,NaN,0,0
M400-01-baseline-awake,19,0.1,30,linear,25,1,insufficient_improvement,insufficient_improvement,NaN,NaN,0,0
M400-01-baseline-awake,19,0.1,30,sine_squared,10,1,search_boundary_unresolved,insufficient_improvement,NaN,NaN,0,0
M400-01-baseline-awake,19,0.1,30,sine_squared,25,1,insufficient_improvement,insufficient_improvement,NaN,NaN,0,0
M400-01-baseline-awake,19,0.2,5,linear,10,1,insufficient_improvement,insufficient_improvement,NaN,NaN,0,0
M400-01-baseline-awake,19,0.2,5,linear,25,1,not_a_rising_change,insufficient_improvement,NaN,NaN,0,0
M400-01-baseline-awake,19,0.2,5,sine_squared,10,1,insufficient_improvement,insufficient_improvement,NaN,NaN,0,0
M400-01-baseline-awake,19,0.2,5,sine_squared,25,1,not_a_rising_change,insufficient_improvement,NaN,NaN,0,0
M400-01-baseline-awake,19,0.2,15,linear,10,1,search_boundary_unresolved,search_boundary_unresolved,NaN,NaN,0,0
M400-01-baseline-awake,19,0.2,15,linear,25,1,insufficient_improvement,insufficient_improvement,NaN,NaN,0,0
M400-01-baseline-awake,19,0.2,15,sine_squared,10,1,search_boundary_unresolved,search_boundary_unresolved,NaN,NaN,0,0
M400-01-baseline-awake,19,0.2,15,sine_squared,25,1,insufficient_improvement,insufficient_improvement,NaN,NaN,0,0
M400-01-baseline-awake,19,0.2,30,linear,10,1,search_boundary_unresolved,insufficient_improvement,NaN,NaN,0,0
M400-01-baseline-awake,19,0.2,30,linear,25,1,insufficient_improvement,insufficient_improvement,NaN,NaN,0,0
M400-01-baseline-awake,19,0.2,30,sine_squared,10,1,search_boundary_unresolved,search_boundary_unresolved,NaN,NaN,0,0
M400-01-baseline-awake,19,0.2,30,sine_squared,25,1,insufficient_improvement,insufficient_improvement,NaN,NaN,0,0
M400-01-baseline-awake,20,0.02,5,linear,10,1,insufficient_clean_context,insufficient_clean_context,NaN,NaN,0,0
M400-01-baseline-awake,20,0.02,5,linear,25,1,insufficient_clean_context,insufficient_clean_context,NaN,NaN,0,0
M400-01-baseline-awake,20,0.02,5,sine_squared,10,1,insufficient_clean_context,insufficient_clean_context,NaN,NaN,0,0
M400-01-baseline-awake,20,0.02,5,sine_squared,25,1,insufficient_clean_context,insufficient_clean_context,NaN,NaN,0,0
M400-01-baseline-awake,20,0.02,15,linear,10,1,insufficient_clean_context,insufficient_clean_context,NaN,NaN,0,0
M400-01-baseline-awake,20,0.02,15,linear,25,1,insufficient_clean_context,insufficient_clean_context,NaN,NaN,0,0
M400-01-baseline-awake,20,0.02,15,sine_squared,10,1,insufficient_clean_context,insufficient_clean_context,NaN,NaN,0,0
M400-01-baseline-awake,20,0.02,15,sine_squared,25,1,insufficient_clean_context,insufficient_clean_context,NaN,NaN,0,0
M400-01-baseline-awake,20,0.02,30,linear,10,1,insufficient_clean_context,insufficient_clean_context,NaN,NaN,0,0
M400-01-baseline-awake,20,0.02,30,linear,25,1,insufficient_clean_context,insufficient_clean_context,NaN,NaN,0,0
M400-01-baseline-awake,20,0.02,30,sine_squared,10,1,insufficient_clean_context,insufficient_clean_context,NaN,NaN,0,0
M400-01-baseline-awake,20,0.02,30,sine_squared,25,1,insufficient_clean_context,insufficient_clean_context,NaN,NaN,0,0
M400-01-baseline-awake,20,0.05,5,linear,10,1,insufficient_clean_context,insufficient_clean_context,NaN,NaN,0,0
M400-01-baseline-awake,20,0.05,5,linear,25,1,insufficient_clean_context,insufficient_clean_context,NaN,NaN,0,0
M400-01-baseline-awake,20,0.05,5,sine_squared,10,1,insufficient_clean_context,insufficient_clean_context,NaN,NaN,0,0
M400-01-baseline-awake,20,0.05,5,sine_squared,25,1,insufficient_clean_context,insufficient_clean_context,NaN,NaN,0,0
M400-01-baseline-awake,20,0.05,15,linear,10,1,insufficient_clean_context,insufficient_clean_context,NaN,NaN,0,0
M400-01-baseline-awake,20,0.05,15,linear,25,1,insufficient_clean_context,insufficient_clean_context,NaN,NaN,0,0
M400-01-baseline-awake,20,0.05,15,sine_squared,10,1,insufficient_clean_context,insufficient_clean_context,NaN,NaN,0,0
M400-01-baseline-awake,20,0.05,15,sine_squared,25,1,insufficient_clean_context,insufficient_clean_context,NaN,NaN,0,0
M400-01-baseline-awake,20,0.05,30,linear,10,1,insufficient_clean_context,insufficient_clean_context,NaN,NaN,0,0
M400-01-baseline-awake,20,0.05,30,linear,25,1,insufficient_clean_context,insufficient_clean_context,NaN,NaN,0,0
M400-01-baseline-awake,20,0.05,30,sine_squared,10,1,insufficient_clean_context,insufficient_clean_context,NaN,NaN,0,0
M400-01-baseline-awake,20,0.05,30,sine_squared,25,1,insufficient_clean_context,insufficient_clean_context,NaN,NaN,0,0
M400-01-baseline-awake,20,0.1,5,linear,10,1,insufficient_clean_context,insufficient_clean_context,NaN,NaN,0,0
M400-01-baseline-awake,20,0.1,5,linear,25,1,insufficient_clean_context,insufficient_clean_context,NaN,NaN,0,0
M400-01-baseline-awake,20,0.1,5,sine_squared,10,1,insufficient_clean_context,insufficient_clean_context,NaN,NaN,0,0
M400-01-baseline-awake,20,0.1,5,sine_squared,25,1,insufficient_clean_context,insufficient_clean_context,NaN,NaN,0,0
M400-01-baseline-awake,20,0.1,15,linear,10,1,insufficient_clean_context,insufficient_clean_context,NaN,NaN,0,0
M400-01-baseline-awake,20,0.1,15,linear,25,1,insufficient_clean_context,insufficient_clean_context,NaN,NaN,0,0
M400-01-baseline-awake,20,0.1,15,sine_squared,10,1,insufficient_clean_context,insufficient_clean_context,NaN,NaN,0,0
M400-01-baseline-awake,20,0.1,15,sine_squared,25,1,insufficient_clean_context,insufficient_clean_context,NaN,NaN,0,0
M400-01-baseline-awake,20,0.1,30,linear,10,1,insufficient_clean_context,insufficient_clean_context,NaN,NaN,0,0
M400-01-baseline-awake,20,0.1,30,linear,25,1,insufficient_clean_context,insufficient_clean_context,NaN,NaN,0,0
M400-01-baseline-awake,20,0.1,30,sine_squared,10,1,insufficient_clean_context,insufficient_clean_context,NaN,NaN,0,0
M400-01-baseline-awake,20,0.1,30,sine_squared,25,1,insufficient_clean_context,insufficient_clean_context,NaN,NaN,0,0
M400-01-baseline-awake,20,0.2,5,linear,10,1,insufficient_clean_context,insufficient_clean_context,NaN,NaN,0,0
M400-01-baseline-awake,20,0.2,5,linear,25,1,insufficient_clean_context,insufficient_clean_context,NaN,NaN,0,0
M400-01-baseline-awake,20,0.2,5,sine_squared,10,1,insufficient_clean_context,insufficient_clean_context,NaN,NaN,0,0
M400-01-baseline-awake,20,0.2,5,sine_squared,25,1,insufficient_clean_context,insufficient_clean_context,NaN,NaN,0,0
M400-01-baseline-awake,20,0.2,15,linear,10,1,insufficient_clean_context,insufficient_clean_context,NaN,NaN,0,0
M400-01-baseline-awake,20,0.2,15,linear,25,1,insufficient_clean_context,insufficient_clean_context,NaN,NaN,0,0
M400-01-baseline-awake,20,0.2,15,sine_squared,10,1,insufficient_clean_context,insufficient_clean_context,NaN,NaN,0,0
M400-01-baseline-awake,20,0.2,15,sine_squared,25,1,insufficient_clean_context,insufficient_clean_context,NaN,NaN,0,0
M400-01-baseline-awake,20,0.2,30,linear,10,1,insufficient_clean_context,insufficient_clean_context,NaN,NaN,0,0
M400-01-baseline-awake,20,0.2,30,linear,25,1,insufficient_clean_context,insufficient_clean_context,NaN,NaN,0,0
M400-01-baseline-awake,20,0.2,30,sine_squared,10,1,insufficient_clean_context,insufficient_clean_context,NaN,NaN,0,0
M400-01-baseline-awake,20,0.2,30,sine_squared,25,1,insufficient_clean_context,insufficient_clean_context,NaN,NaN,0,0
M400-01-baseline-awake,21,0.02,5,linear,10,1,insufficient_clean_context,insufficient_clean_context,NaN,NaN,0,0
M400-01-baseline-awake,21,0.02,5,linear,25,1,insufficient_clean_context,insufficient_clean_context,NaN,NaN,0,0
M400-01-baseline-awake,21,0.02,5,sine_squared,10,1,insufficient_clean_context,insufficient_clean_context,NaN,NaN,0,0
M400-01-baseline-awake,21,0.02,5,sine_squared,25,1,insufficient_clean_context,insufficient_clean_context,NaN,NaN,0,0
M400-01-baseline-awake,21,0.02,15,linear,10,1,insufficient_clean_context,insufficient_clean_context,NaN,NaN,0,0
M400-01-baseline-awake,21,0.02,15,linear,25,1,insufficient_clean_context,insufficient_clean_context,NaN,NaN,0,0
M400-01-baseline-awake,21,0.02,15,sine_squared,10,1,insufficient_clean_context,insufficient_clean_context,NaN,NaN,0,0
M400-01-baseline-awake,21,0.02,15,sine_squared,25,1,insufficient_clean_context,insufficient_clean_context,NaN,NaN,0,0
M400-01-baseline-awake,21,0.02,30,linear,10,1,insufficient_clean_context,insufficient_clean_context,NaN,NaN,0,0
M400-01-baseline-awake,21,0.02,30,linear,25,1,insufficient_clean_context,insufficient_clean_context,NaN,NaN,0,0
M400-01-baseline-awake,21,0.02,30,sine_squared,10,1,insufficient_clean_context,insufficient_clean_context,NaN,NaN,0,0
M400-01-baseline-awake,21,0.02,30,sine_squared,25,1,insufficient_clean_context,insufficient_clean_context,NaN,NaN,0,0
M400-01-baseline-awake,21,0.05,5,linear,10,1,insufficient_clean_context,insufficient_clean_context,NaN,NaN,0,0
M400-01-baseline-awake,21,0.05,5,linear,25,1,insufficient_clean_context,insufficient_clean_context,NaN,NaN,0,0
M400-01-baseline-awake,21,0.05,5,sine_squared,10,1,insufficient_clean_context,insufficient_clean_context,NaN,NaN,0,0
M400-01-baseline-awake,21,0.05,5,sine_squared,25,1,insufficient_clean_context,insufficient_clean_context,NaN,NaN,0,0
M400-01-baseline-awake,21,0.05,15,linear,10,1,insufficient_clean_context,insufficient_clean_context,NaN,NaN,0,0
M400-01-baseline-awake,21,0.05,15,linear,25,1,insufficient_clean_context,insufficient_clean_context,NaN,NaN,0,0
M400-01-baseline-awake,21,0.05,15,sine_squared,10,1,insufficient_clean_context,insufficient_clean_context,NaN,NaN,0,0
M400-01-baseline-awake,21,0.05,15,sine_squared,25,1,insufficient_clean_context,insufficient_clean_context,NaN,NaN,0,0
M400-01-baseline-awake,21,0.05,30,linear,10,1,insufficient_clean_context,insufficient_clean_context,NaN,NaN,0,0
M400-01-baseline-awake,21,0.05,30,linear,25,1,insufficient_clean_context,insufficient_clean_context,NaN,NaN,0,0
M400-01-baseline-awake,21,0.05,30,sine_squared,10,1,insufficient_clean_context,insufficient_clean_context,NaN,NaN,0,0
M400-01-baseline-awake,21,0.05,30,sine_squared,25,1,insufficient_clean_context,insufficient_clean_context,NaN,NaN,0,0
M400-01-baseline-awake,21,0.1,5,linear,10,1,insufficient_clean_context,insufficient_clean_context,NaN,NaN,0,0
M400-01-baseline-awake,21,0.1,5,linear,25,1,insufficient_clean_context,insufficient_clean_context,NaN,NaN,0,0
M400-01-baseline-awake,21,0.1,5,sine_squared,10,1,insufficient_clean_context,insufficient_clean_context,NaN,NaN,0,0
M400-01-baseline-awake,21,0.1,5,sine_squared,25,1,insufficient_clean_context,insufficient_clean_context,NaN,NaN,0,0
M400-01-baseline-awake,21,0.1,15,linear,10,1,insufficient_clean_context,insufficient_clean_context,NaN,NaN,0,0
M400-01-baseline-awake,21,0.1,15,linear,25,1,insufficient_clean_context,insufficient_clean_context,NaN,NaN,0,0
M400-01-baseline-awake,21,0.1,15,sine_squared,10,1,insufficient_clean_context,insufficient_clean_context,NaN,NaN,0,0
M400-01-baseline-awake,21,0.1,15,sine_squared,25,1,insufficient_clean_context,insufficient_clean_context,NaN,NaN,0,0
M400-01-baseline-awake,21,0.1,30,linear,10,1,insufficient_clean_context,insufficient_clean_context,NaN,NaN,0,0
M400-01-baseline-awake,21,0.1,30,linear,25,1,insufficient_clean_context,insufficient_clean_context,NaN,NaN,0,0
M400-01-baseline-awake,21,0.1,30,sine_squared,10,1,insufficient_clean_context,insufficient_clean_context,NaN,NaN,0,0
M400-01-baseline-awake,21,0.1,30,sine_squared,25,1,insufficient_clean_context,insufficient_clean_context,NaN,NaN,0,0
M400-01-baseline-awake,21,0.2,5,linear,10,1,insufficient_clean_context,insufficient_clean_context,NaN,NaN,0,0
M400-01-baseline-awake,21,0.2,5,linear,25,1,insufficient_clean_context,insufficient_clean_context,NaN,NaN,0,0
M400-01-baseline-awake,21,0.2,5,sine_squared,10,1,insufficient_clean_context,insufficient_clean_context,NaN,NaN,0,0
M400-01-baseline-awake,21,0.2,5,sine_squared,25,1,insufficient_clean_context,insufficient_clean_context,NaN,NaN,0,0
M400-01-baseline-awake,21,0.2,15,linear,10,1,insufficient_clean_context,insufficient_clean_context,NaN,NaN,0,0
M400-01-baseline-awake,21,0.2,15,linear,25,1,insufficient_clean_context,insufficient_clean_context,NaN,NaN,0,0
M400-01-baseline-awake,21,0.2,15,sine_squared,10,1,insufficient_clean_context,insufficient_clean_context,NaN,NaN,0,0
M400-01-baseline-awake,21,0.2,15,sine_squared,25,1,insufficient_clean_context,insufficient_clean_context,NaN,NaN,0,0
M400-01-baseline-awake,21,0.2,30,linear,10,1,insufficient_clean_context,insufficient_clean_context,NaN,NaN,0,0
M400-01-baseline-awake,21,0.2,30,linear,25,1,insufficient_clean_context,insufficient_clean_context,NaN,NaN,0,0
M400-01-baseline-awake,21,0.2,30,sine_squared,10,1,insufficient_clean_context,insufficient_clean_context,NaN,NaN,0,0
M400-01-baseline-awake,21,0.2,30,sine_squared,25,1,insufficient_clean_context,insufficient_clean_context,NaN,NaN,0,0
M400-01-baseline-awake,22,0.02,5,linear,10,1,insufficient_clean_context,insufficient_clean_context,NaN,NaN,0,0
M400-01-baseline-awake,22,0.02,5,linear,25,1,insufficient_clean_context,insufficient_clean_context,NaN,NaN,0,0
M400-01-baseline-awake,22,0.02,5,sine_squared,10,1,insufficient_clean_context,insufficient_clean_context,NaN,NaN,0,0
M400-01-baseline-awake,22,0.02,5,sine_squared,25,1,insufficient_clean_context,insufficient_clean_context,NaN,NaN,0,0
M400-01-baseline-awake,22,0.02,15,linear,10,1,insufficient_clean_context,insufficient_clean_context,NaN,NaN,0,0
M400-01-baseline-awake,22,0.02,15,linear,25,1,insufficient_clean_context,insufficient_clean_context,NaN,NaN,0,0
M400-01-baseline-awake,22,0.02,15,sine_squared,10,1,insufficient_clean_context,insufficient_clean_context,NaN,NaN,0,0
M400-01-baseline-awake,22,0.02,15,sine_squared,25,1,insufficient_clean_context,insufficient_clean_context,NaN,NaN,0,0
M400-01-baseline-awake,22,0.02,30,linear,10,1,insufficient_clean_context,insufficient_clean_context,NaN,NaN,0,0
M400-01-baseline-awake,22,0.02,30,linear,25,1,insufficient_clean_context,insufficient_clean_context,NaN,NaN,0,0
M400-01-baseline-awake,22,0.02,30,sine_squared,10,1,insufficient_clean_context,insufficient_clean_context,NaN,NaN,0,0
M400-01-baseline-awake,22,0.02,30,sine_squared,25,1,insufficient_clean_context,insufficient_clean_context,NaN,NaN,0,0
M400-01-baseline-awake,22,0.05,5,linear,10,1,insufficient_clean_context,insufficient_clean_context,NaN,NaN,0,0
M400-01-baseline-awake,22,0.05,5,linear,25,1,insufficient_clean_context,insufficient_clean_context,NaN,NaN,0,0
M400-01-baseline-awake,22,0.05,5,sine_squared,10,1,insufficient_clean_context,insufficient_clean_context,NaN,NaN,0,0
M400-01-baseline-awake,22,0.05,5,sine_squared,25,1,insufficient_clean_context,insufficient_clean_context,NaN,NaN,0,0
M400-01-baseline-awake,22,0.05,15,linear,10,1,insufficient_clean_context,insufficient_clean_context,NaN,NaN,0,0
M400-01-baseline-awake,22,0.05,15,linear,25,1,insufficient_clean_context,insufficient_clean_context,NaN,NaN,0,0
M400-01-baseline-awake,22,0.05,15,sine_squared,10,1,insufficient_clean_context,insufficient_clean_context,NaN,NaN,0,0
M400-01-baseline-awake,22,0.05,15,sine_squared,25,1,insufficient_clean_context,insufficient_clean_context,NaN,NaN,0,0
M400-01-baseline-awake,22,0.05,30,linear,10,1,insufficient_clean_context,insufficient_clean_context,NaN,NaN,0,0
M400-01-baseline-awake,22,0.05,30,linear,25,1,insufficient_clean_context,insufficient_clean_context,NaN,NaN,0,0
M400-01-baseline-awake,22,0.05,30,sine_squared,10,1,insufficient_clean_context,insufficient_clean_context,NaN,NaN,0,0
M400-01-baseline-awake,22,0.05,30,sine_squared,25,1,insufficient_clean_context,insufficient_clean_context,NaN,NaN,0,0
M400-01-baseline-awake,22,0.1,5,linear,10,1,insufficient_clean_context,insufficient_clean_context,NaN,NaN,0,0
M400-01-baseline-awake,22,0.1,5,linear,25,1,insufficient_clean_context,insufficient_clean_context,NaN,NaN,0,0
M400-01-baseline-awake,22,0.1,5,sine_squared,10,1,insufficient_clean_context,insufficient_clean_context,NaN,NaN,0,0
M400-01-baseline-awake,22,0.1,5,sine_squared,25,1,insufficient_clean_context,insufficient_clean_context,NaN,NaN,0,0
M400-01-baseline-awake,22,0.1,15,linear,10,1,insufficient_clean_context,insufficient_clean_context,NaN,NaN,0,0
M400-01-baseline-awake,22,0.1,15,linear,25,1,insufficient_clean_context,insufficient_clean_context,NaN,NaN,0,0
M400-01-baseline-awake,22,0.1,15,sine_squared,10,1,insufficient_clean_context,insufficient_clean_context,NaN,NaN,0,0
M400-01-baseline-awake,22,0.1,15,sine_squared,25,1,insufficient_clean_context,insufficient_clean_context,NaN,NaN,0,0
M400-01-baseline-awake,22,0.1,30,linear,10,1,insufficient_clean_context,insufficient_clean_context,NaN,NaN,0,0
M400-01-baseline-awake,22,0.1,30,linear,25,1,insufficient_clean_context,insufficient_clean_context,NaN,NaN,0,0
M400-01-baseline-awake,22,0.1,30,sine_squared,10,1,insufficient_clean_context,insufficient_clean_context,NaN,NaN,0,0
M400-01-baseline-awake,22,0.1,30,sine_squared,25,1,insufficient_clean_context,insufficient_clean_context,NaN,NaN,0,0
M400-01-baseline-awake,22,0.2,5,linear,10,1,insufficient_clean_context,insufficient_clean_context,NaN,NaN,0,0
M400-01-baseline-awake,22,0.2,5,linear,25,1,insufficient_clean_context,insufficient_clean_context,NaN,NaN,0,0
M400-01-baseline-awake,22,0.2,5,sine_squared,10,1,insufficient_clean_context,insufficient_clean_context,NaN,NaN,0,0
M400-01-baseline-awake,22,0.2,5,sine_squared,25,1,insufficient_clean_context,insufficient_clean_context,NaN,NaN,0,0
M400-01-baseline-awake,22,0.2,15,linear,10,1,insufficient_clean_context,insufficient_clean_context,NaN,NaN,0,0
M400-01-baseline-awake,22,0.2,15,linear,25,1,insufficient_clean_context,insufficient_clean_context,NaN,NaN,0,0
M400-01-baseline-awake,22,0.2,15,sine_squared,10,1,insufficient_clean_context,insufficient_clean_context,NaN,NaN,0,0
M400-01-baseline-awake,22,0.2,15,sine_squared,25,1,insufficient_clean_context,insufficient_clean_context,NaN,NaN,0,0
M400-01-baseline-awake,22,0.2,30,linear,10,1,insufficient_clean_context,insufficient_clean_context,NaN,NaN,0,0
M400-01-baseline-awake,22,0.2,30,linear,25,1,insufficient_clean_context,insufficient_clean_context,NaN,NaN,0,0
M400-01-baseline-awake,22,0.2,30,sine_squared,10,1,insufficient_clean_context,insufficient_clean_context,NaN,NaN,0,0
M400-01-baseline-awake,22,0.2,30,sine_squared,25,1,insufficient_clean_context,insufficient_clean_context,NaN,NaN,0,0
M400-01-baseline-awake,23,0.02,5,linear,10,1,insufficient_clean_context,insufficient_clean_context,NaN,NaN,0,0
M400-01-baseline-awake,23,0.02,5,linear,25,1,insufficient_clean_context,insufficient_clean_context,NaN,NaN,0,0
M400-01-baseline-awake,23,0.02,5,sine_squared,10,1,insufficient_clean_context,insufficient_clean_context,NaN,NaN,0,0
M400-01-baseline-awake,23,0.02,5,sine_squared,25,1,insufficient_clean_context,insufficient_clean_context,NaN,NaN,0,0
M400-01-baseline-awake,23,0.02,15,linear,10,1,insufficient_clean_context,insufficient_clean_context,NaN,NaN,0,0
M400-01-baseline-awake,23,0.02,15,linear,25,1,insufficient_clean_context,insufficient_clean_context,NaN,NaN,0,0
M400-01-baseline-awake,23,0.02,15,sine_squared,10,1,insufficient_clean_context,insufficient_clean_context,NaN,NaN,0,0
M400-01-baseline-awake,23,0.02,15,sine_squared,25,1,insufficient_clean_context,insufficient_clean_context,NaN,NaN,0,0
M400-01-baseline-awake,23,0.02,30,linear,10,1,insufficient_clean_context,insufficient_clean_context,NaN,NaN,0,0
M400-01-baseline-awake,23,0.02,30,linear,25,1,insufficient_clean_context,insufficient_clean_context,NaN,NaN,0,0
M400-01-baseline-awake,23,0.02,30,sine_squared,10,1,insufficient_clean_context,insufficient_clean_context,NaN,NaN,0,0
M400-01-baseline-awake,23,0.02,30,sine_squared,25,1,insufficient_clean_context,insufficient_clean_context,NaN,NaN,0,0
M400-01-baseline-awake,23,0.05,5,linear,10,1,insufficient_clean_context,insufficient_clean_context,NaN,NaN,0,0
M400-01-baseline-awake,23,0.05,5,linear,25,1,insufficient_clean_context,insufficient_clean_context,NaN,NaN,0,0
M400-01-baseline-awake,23,0.05,5,sine_squared,10,1,insufficient_clean_context,insufficient_clean_context,NaN,NaN,0,0
M400-01-baseline-awake,23,0.05,5,sine_squared,25,1,insufficient_clean_context,insufficient_clean_context,NaN,NaN,0,0
M400-01-baseline-awake,23,0.05,15,linear,10,1,insufficient_clean_context,insufficient_clean_context,NaN,NaN,0,0
M400-01-baseline-awake,23,0.05,15,linear,25,1,insufficient_clean_context,insufficient_clean_context,NaN,NaN,0,0
M400-01-baseline-awake,23,0.05,15,sine_squared,10,1,insufficient_clean_context,insufficient_clean_context,NaN,NaN,0,0
M400-01-baseline-awake,23,0.05,15,sine_squared,25,1,insufficient_clean_context,insufficient_clean_context,NaN,NaN,0,0
M400-01-baseline-awake,23,0.05,30,linear,10,1,insufficient_clean_context,insufficient_clean_context,NaN,NaN,0,0
M400-01-baseline-awake,23,0.05,30,linear,25,1,insufficient_clean_context,insufficient_clean_context,NaN,NaN,0,0
M400-01-baseline-awake,23,0.05,30,sine_squared,10,1,insufficient_clean_context,insufficient_clean_context,NaN,NaN,0,0
M400-01-baseline-awake,23,0.05,30,sine_squared,25,1,insufficient_clean_context,insufficient_clean_context,NaN,NaN,0,0
M400-01-baseline-awake,23,0.1,5,linear,10,1,insufficient_clean_context,insufficient_clean_context,NaN,NaN,0,0
M400-01-baseline-awake,23,0.1,5,linear,25,1,insufficient_clean_context,insufficient_clean_context,NaN,NaN,0,0
M400-01-baseline-awake,23,0.1,5,sine_squared,10,1,insufficient_clean_context,insufficient_clean_context,NaN,NaN,0,0
M400-01-baseline-awake,23,0.1,5,sine_squared,25,1,insufficient_clean_context,insufficient_clean_context,NaN,NaN,0,0
M400-01-baseline-awake,23,0.1,15,linear,10,1,insufficient_clean_context,insufficient_clean_context,NaN,NaN,0,0
M400-01-baseline-awake,23,0.1,15,linear,25,1,insufficient_clean_context,insufficient_clean_context,NaN,NaN,0,0
M400-01-baseline-awake,23,0.1,15,sine_squared,10,1,insufficient_clean_context,insufficient_clean_context,NaN,NaN,0,0
M400-01-baseline-awake,23,0.1,15,sine_squared,25,1,insufficient_clean_context,insufficient_clean_context,NaN,NaN,0,0
M400-01-baseline-awake,23,0.1,30,linear,10,1,insufficient_clean_context,insufficient_clean_context,NaN,NaN,0,0
M400-01-baseline-awake,23,0.1,30,linear,25,1,insufficient_clean_context,insufficient_clean_context,NaN,NaN,0,0
M400-01-baseline-awake,23,0.1,30,sine_squared,10,1,insufficient_clean_context,insufficient_clean_context,NaN,NaN,0,0
M400-01-baseline-awake,23,0.1,30,sine_squared,25,1,insufficient_clean_context,insufficient_clean_context,NaN,NaN,0,0
M400-01-baseline-awake,23,0.2,5,linear,10,1,insufficient_clean_context,insufficient_clean_context,NaN,NaN,0,0
M400-01-baseline-awake,23,0.2,5,linear,25,1,insufficient_clean_context,insufficient_clean_context,NaN,NaN,0,0
M400-01-baseline-awake,23,0.2,5,sine_squared,10,1,insufficient_clean_context,insufficient_clean_context,NaN,NaN,0,0
M400-01-baseline-awake,23,0.2,5,sine_squared,25,1,insufficient_clean_context,insufficient_clean_context,NaN,NaN,0,0
M400-01-baseline-awake,23,0.2,15,linear,10,1,insufficient_clean_context,insufficient_clean_context,NaN,NaN,0,0
M400-01-baseline-awake,23,0.2,15,linear,25,1,insufficient_clean_context,insufficient_clean_context,NaN,NaN,0,0
M400-01-baseline-awake,23,0.2,15,sine_squared,10,1,insufficient_clean_context,insufficient_clean_context,NaN,NaN,0,0
M400-01-baseline-awake,23,0.2,15,sine_squared,25,1,insufficient_clean_context,insufficient_clean_context,NaN,NaN,0,0
M400-01-baseline-awake,23,0.2,30,linear,10,1,insufficient_clean_context,insufficient_clean_context,NaN,NaN,0,0
M400-01-baseline-awake,23,0.2,30,linear,25,1,insufficient_clean_context,insufficient_clean_context,NaN,NaN,0,0
M400-01-baseline-awake,23,0.2,30,sine_squared,10,1,insufficient_clean_context,insufficient_clean_context,NaN,NaN,0,0
M400-01-baseline-awake,23,0.2,30,sine_squared,25,1,insufficient_clean_context,insufficient_clean_context,NaN,NaN,0,0
M400-01-baseline-awake,24,0.02,5,linear,10,1,insufficient_clean_context,insufficient_clean_context,NaN,NaN,0,0
M400-01-baseline-awake,24,0.02,5,linear,25,1,insufficient_clean_context,insufficient_clean_context,NaN,NaN,0,0
M400-01-baseline-awake,24,0.02,5,sine_squared,10,1,insufficient_clean_context,insufficient_clean_context,NaN,NaN,0,0
M400-01-baseline-awake,24,0.02,5,sine_squared,25,1,insufficient_clean_context,insufficient_clean_context,NaN,NaN,0,0
M400-01-baseline-awake,24,0.02,15,linear,10,1,insufficient_clean_context,insufficient_clean_context,NaN,NaN,0,0
M400-01-baseline-awake,24,0.02,15,linear,25,1,insufficient_clean_context,insufficient_clean_context,NaN,NaN,0,0
M400-01-baseline-awake,24,0.02,15,sine_squared,10,1,insufficient_clean_context,insufficient_clean_context,NaN,NaN,0,0
M400-01-baseline-awake,24,0.02,15,sine_squared,25,1,insufficient_clean_context,insufficient_clean_context,NaN,NaN,0,0
M400-01-baseline-awake,24,0.02,30,linear,10,1,insufficient_clean_context,insufficient_clean_context,NaN,NaN,0,0
M400-01-baseline-awake,24,0.02,30,linear,25,1,insufficient_clean_context,insufficient_clean_context,NaN,NaN,0,0
M400-01-baseline-awake,24,0.02,30,sine_squared,10,1,insufficient_clean_context,insufficient_clean_context,NaN,NaN,0,0
M400-01-baseline-awake,24,0.02,30,sine_squared,25,1,insufficient_clean_context,insufficient_clean_context,NaN,NaN,0,0
M400-01-baseline-awake,24,0.05,5,linear,10,1,insufficient_clean_context,insufficient_clean_context,NaN,NaN,0,0
M400-01-baseline-awake,24,0.05,5,linear,25,1,insufficient_clean_context,insufficient_clean_context,NaN,NaN,0,0
M400-01-baseline-awake,24,0.05,5,sine_squared,10,1,insufficient_clean_context,insufficient_clean_context,NaN,NaN,0,0
M400-01-baseline-awake,24,0.05,5,sine_squared,25,1,insufficient_clean_context,insufficient_clean_context,NaN,NaN,0,0
M400-01-baseline-awake,24,0.05,15,linear,10,1,insufficient_clean_context,insufficient_clean_context,NaN,NaN,0,0
M400-01-baseline-awake,24,0.05,15,linear,25,1,insufficient_clean_context,insufficient_clean_context,NaN,NaN,0,0
M400-01-baseline-awake,24,0.05,15,sine_squared,10,1,insufficient_clean_context,insufficient_clean_context,NaN,NaN,0,0
M400-01-baseline-awake,24,0.05,15,sine_squared,25,1,insufficient_clean_context,insufficient_clean_context,NaN,NaN,0,0
M400-01-baseline-awake,24,0.05,30,linear,10,1,insufficient_clean_context,insufficient_clean_context,NaN,NaN,0,0
M400-01-baseline-awake,24,0.05,30,linear,25,1,insufficient_clean_context,insufficient_clean_context,NaN,NaN,0,0
M400-01-baseline-awake,24,0.05,30,sine_squared,10,1,insufficient_clean_context,insufficient_clean_context,NaN,NaN,0,0
M400-01-baseline-awake,24,0.05,30,sine_squared,25,1,insufficient_clean_context,insufficient_clean_context,NaN,NaN,0,0
M400-01-baseline-awake,24,0.1,5,linear,10,1,insufficient_clean_context,insufficient_clean_context,NaN,NaN,0,0
M400-01-baseline-awake,24,0.1,5,linear,25,1,insufficient_clean_context,insufficient_clean_context,NaN,NaN,0,0
M400-01-baseline-awake,24,0.1,5,sine_squared,10,1,insufficient_clean_context,insufficient_clean_context,NaN,NaN,0,0
M400-01-baseline-awake,24,0.1,5,sine_squared,25,1,insufficient_clean_context,insufficient_clean_context,NaN,NaN,0,0
M400-01-baseline-awake,24,0.1,15,linear,10,1,insufficient_clean_context,insufficient_clean_context,NaN,NaN,0,0
M400-01-baseline-awake,24,0.1,15,linear,25,1,insufficient_clean_context,insufficient_clean_context,NaN,NaN,0,0
M400-01-baseline-awake,24,0.1,15,sine_squared,10,1,insufficient_clean_context,insufficient_clean_context,NaN,NaN,0,0
M400-01-baseline-awake,24,0.1,15,sine_squared,25,1,insufficient_clean_context,insufficient_clean_context,NaN,NaN,0,0
M400-01-baseline-awake,24,0.1,30,linear,10,1,insufficient_clean_context,insufficient_clean_context,NaN,NaN,0,0
M400-01-baseline-awake,24,0.1,30,linear,25,1,insufficient_clean_context,insufficient_clean_context,NaN,NaN,0,0
M400-01-baseline-awake,24,0.1,30,sine_squared,10,1,insufficient_clean_context,insufficient_clean_context,NaN,NaN,0,0
M400-01-baseline-awake,24,0.1,30,sine_squared,25,1,insufficient_clean_context,insufficient_clean_context,NaN,NaN,0,0
M400-01-baseline-awake,24,0.2,5,linear,10,1,insufficient_clean_context,insufficient_clean_context,NaN,NaN,0,0
M400-01-baseline-awake,24,0.2,5,linear,25,1,insufficient_clean_context,insufficient_clean_context,NaN,NaN,0,0
M400-01-baseline-awake,24,0.2,5,sine_squared,10,1,insufficient_clean_context,insufficient_clean_context,NaN,NaN,0,0
M400-01-baseline-awake,24,0.2,5,sine_squared,25,1,insufficient_clean_context,insufficient_clean_context,NaN,NaN,0,0
M400-01-baseline-awake,24,0.2,15,linear,10,1,insufficient_clean_context,insufficient_clean_context,NaN,NaN,0,0
M400-01-baseline-awake,24,0.2,15,linear,25,1,insufficient_clean_context,insufficient_clean_context,NaN,NaN,0,0
M400-01-baseline-awake,24,0.2,15,sine_squared,10,1,insufficient_clean_context,insufficient_clean_context,NaN,NaN,0,0
M400-01-baseline-awake,24,0.2,15,sine_squared,25,1,insufficient_clean_context,insufficient_clean_context,NaN,NaN,0,0
M400-01-baseline-awake,24,0.2,30,linear,10,1,insufficient_clean_context,insufficient_clean_context,NaN,NaN,0,0
M400-01-baseline-awake,24,0.2,30,linear,25,1,insufficient_clean_context,insufficient_clean_context,NaN,NaN,0,0
M400-01-baseline-awake,24,0.2,30,sine_squared,10,1,insufficient_clean_context,insufficient_clean_context,NaN,NaN,0,0
M400-01-baseline-awake,24,0.2,30,sine_squared,25,1,insufficient_clean_context,insufficient_clean_context,NaN,NaN,0,0
M400-01-baseline-awake,25,0.02,5,linear,10,1,insufficient_clean_context,insufficient_clean_context,NaN,NaN,0,0
M400-01-baseline-awake,25,0.02,5,linear,25,1,insufficient_clean_context,insufficient_clean_context,NaN,NaN,0,0
M400-01-baseline-awake,25,0.02,5,sine_squared,10,1,insufficient_clean_context,insufficient_clean_context,NaN,NaN,0,0
M400-01-baseline-awake,25,0.02,5,sine_squared,25,1,insufficient_clean_context,insufficient_clean_context,NaN,NaN,0,0
M400-01-baseline-awake,25,0.02,15,linear,10,1,insufficient_clean_context,insufficient_clean_context,NaN,NaN,0,0
M400-01-baseline-awake,25,0.02,15,linear,25,1,insufficient_clean_context,insufficient_clean_context,NaN,NaN,0,0
M400-01-baseline-awake,25,0.02,15,sine_squared,10,1,insufficient_clean_context,insufficient_clean_context,NaN,NaN,0,0
M400-01-baseline-awake,25,0.02,15,sine_squared,25,1,insufficient_clean_context,insufficient_clean_context,NaN,NaN,0,0
M400-01-baseline-awake,25,0.02,30,linear,10,1,insufficient_clean_context,insufficient_clean_context,NaN,NaN,0,0
M400-01-baseline-awake,25,0.02,30,linear,25,1,insufficient_clean_context,insufficient_clean_context,NaN,NaN,0,0
M400-01-baseline-awake,25,0.02,30,sine_squared,10,1,insufficient_clean_context,insufficient_clean_context,NaN,NaN,0,0
M400-01-baseline-awake,25,0.02,30,sine_squared,25,1,insufficient_clean_context,insufficient_clean_context,NaN,NaN,0,0
M400-01-baseline-awake,25,0.05,5,linear,10,1,insufficient_clean_context,insufficient_clean_context,NaN,NaN,0,0
M400-01-baseline-awake,25,0.05,5,linear,25,1,insufficient_clean_context,insufficient_clean_context,NaN,NaN,0,0
M400-01-baseline-awake,25,0.05,5,sine_squared,10,1,insufficient_clean_context,insufficient_clean_context,NaN,NaN,0,0
M400-01-baseline-awake,25,0.05,5,sine_squared,25,1,insufficient_clean_context,insufficient_clean_context,NaN,NaN,0,0
M400-01-baseline-awake,25,0.05,15,linear,10,1,insufficient_clean_context,insufficient_clean_context,NaN,NaN,0,0
M400-01-baseline-awake,25,0.05,15,linear,25,1,insufficient_clean_context,insufficient_clean_context,NaN,NaN,0,0
M400-01-baseline-awake,25,0.05,15,sine_squared,10,1,insufficient_clean_context,insufficient_clean_context,NaN,NaN,0,0
M400-01-baseline-awake,25,0.05,15,sine_squared,25,1,insufficient_clean_context,insufficient_clean_context,NaN,NaN,0,0
M400-01-baseline-awake,25,0.05,30,linear,10,1,insufficient_clean_context,insufficient_clean_context,NaN,NaN,0,0
M400-01-baseline-awake,25,0.05,30,linear,25,1,insufficient_clean_context,insufficient_clean_context,NaN,NaN,0,0
M400-01-baseline-awake,25,0.05,30,sine_squared,10,1,insufficient_clean_context,insufficient_clean_context,NaN,NaN,0,0
M400-01-baseline-awake,25,0.05,30,sine_squared,25,1,insufficient_clean_context,insufficient_clean_context,NaN,NaN,0,0
M400-01-baseline-awake,25,0.1,5,linear,10,1,insufficient_clean_context,insufficient_clean_context,NaN,NaN,0,0
M400-01-baseline-awake,25,0.1,5,linear,25,1,insufficient_clean_context,insufficient_clean_context,NaN,NaN,0,0
M400-01-baseline-awake,25,0.1,5,sine_squared,10,1,insufficient_clean_context,insufficient_clean_context,NaN,NaN,0,0
M400-01-baseline-awake,25,0.1,5,sine_squared,25,1,insufficient_clean_context,insufficient_clean_context,NaN,NaN,0,0
M400-01-baseline-awake,25,0.1,15,linear,10,1,insufficient_clean_context,insufficient_clean_context,NaN,NaN,0,0
M400-01-baseline-awake,25,0.1,15,linear,25,1,insufficient_clean_context,insufficient_clean_context,NaN,NaN,0,0
M400-01-baseline-awake,25,0.1,15,sine_squared,10,1,insufficient_clean_context,insufficient_clean_context,NaN,NaN,0,0
M400-01-baseline-awake,25,0.1,15,sine_squared,25,1,insufficient_clean_context,insufficient_clean_context,NaN,NaN,0,0
M400-01-baseline-awake,25,0.1,30,linear,10,1,insufficient_clean_context,insufficient_clean_context,NaN,NaN,0,0
M400-01-baseline-awake,25,0.1,30,linear,25,1,insufficient_clean_context,insufficient_clean_context,NaN,NaN,0,0
M400-01-baseline-awake,25,0.1,30,sine_squared,10,1,insufficient_clean_context,insufficient_clean_context,NaN,NaN,0,0
M400-01-baseline-awake,25,0.1,30,sine_squared,25,1,insufficient_clean_context,insufficient_clean_context,NaN,NaN,0,0
M400-01-baseline-awake,25,0.2,5,linear,10,1,insufficient_clean_context,insufficient_clean_context,NaN,NaN,0,0
M400-01-baseline-awake,25,0.2,5,linear,25,1,insufficient_clean_context,insufficient_clean_context,NaN,NaN,0,0
M400-01-baseline-awake,25,0.2,5,sine_squared,10,1,insufficient_clean_context,insufficient_clean_context,NaN,NaN,0,0
M400-01-baseline-awake,25,0.2,5,sine_squared,25,1,insufficient_clean_context,insufficient_clean_context,NaN,NaN,0,0
M400-01-baseline-awake,25,0.2,15,linear,10,1,insufficient_clean_context,insufficient_clean_context,NaN,NaN,0,0
M400-01-baseline-awake,25,0.2,15,linear,25,1,insufficient_clean_context,insufficient_clean_context,NaN,NaN,0,0
M400-01-baseline-awake,25,0.2,15,sine_squared,10,1,insufficient_clean_context,insufficient_clean_context,NaN,NaN,0,0
M400-01-baseline-awake,25,0.2,15,sine_squared,25,1,insufficient_clean_context,insufficient_clean_context,NaN,NaN,0,0
M400-01-baseline-awake,25,0.2,30,linear,10,1,insufficient_clean_context,insufficient_clean_context,NaN,NaN,0,0
M400-01-baseline-awake,25,0.2,30,linear,25,1,insufficient_clean_context,insufficient_clean_context,NaN,NaN,0,0
M400-01-baseline-awake,25,0.2,30,sine_squared,10,1,insufficient_clean_context,insufficient_clean_context,NaN,NaN,0,0
M400-01-baseline-awake,25,0.2,30,sine_squared,25,1,insufficient_clean_context,insufficient_clean_context,NaN,NaN,0,0
M400-01-baseline-awake,26,0.02,5,linear,10,1,insufficient_improvement,insufficient_improvement,NaN,NaN,0,0
M400-01-baseline-awake,26,0.02,5,linear,25,1,insufficient_improvement,insufficient_improvement,NaN,NaN,0,0
M400-01-baseline-awake,26,0.02,5,sine_squared,10,1,insufficient_improvement,insufficient_improvement,NaN,NaN,0,0
M400-01-baseline-awake,26,0.02,5,sine_squared,25,1,insufficient_improvement,insufficient_improvement,NaN,NaN,0,0
M400-01-baseline-awake,26,0.02,15,linear,10,1,insufficient_improvement,insufficient_improvement,NaN,NaN,0,0
M400-01-baseline-awake,26,0.02,15,linear,25,1,insufficient_improvement,insufficient_improvement,NaN,NaN,0,0
M400-01-baseline-awake,26,0.02,15,sine_squared,10,1,search_boundary_unresolved,insufficient_improvement,NaN,NaN,0,0
M400-01-baseline-awake,26,0.02,15,sine_squared,25,1,insufficient_improvement,insufficient_improvement,NaN,NaN,0,0
M400-01-baseline-awake,26,0.02,30,linear,10,1,insufficient_improvement,insufficient_improvement,NaN,NaN,0,0
M400-01-baseline-awake,26,0.02,30,linear,25,1,insufficient_improvement,insufficient_improvement,NaN,NaN,0,0
M400-01-baseline-awake,26,0.02,30,sine_squared,10,1,insufficient_improvement,insufficient_improvement,NaN,NaN,0,0
M400-01-baseline-awake,26,0.02,30,sine_squared,25,1,insufficient_improvement,insufficient_improvement,NaN,NaN,0,0
M400-01-baseline-awake,26,0.05,5,linear,10,1,insufficient_improvement,insufficient_improvement,NaN,NaN,0,0
M400-01-baseline-awake,26,0.05,5,linear,25,1,insufficient_improvement,insufficient_improvement,NaN,NaN,0,0
M400-01-baseline-awake,26,0.05,5,sine_squared,10,1,insufficient_improvement,insufficient_improvement,NaN,NaN,0,0
M400-01-baseline-awake,26,0.05,5,sine_squared,25,1,insufficient_improvement,insufficient_improvement,NaN,NaN,0,0
M400-01-baseline-awake,26,0.05,15,linear,10,1,search_boundary_unresolved,insufficient_improvement,NaN,NaN,0,0
M400-01-baseline-awake,26,0.05,15,linear,25,1,insufficient_improvement,insufficient_improvement,NaN,NaN,0,0
M400-01-baseline-awake,26,0.05,15,sine_squared,10,1,search_boundary_unresolved,search_boundary_unresolved,NaN,NaN,0,0
M400-01-baseline-awake,26,0.05,15,sine_squared,25,1,insufficient_improvement,insufficient_improvement,NaN,NaN,0,0
M400-01-baseline-awake,26,0.05,30,linear,10,1,search_boundary_unresolved,insufficient_improvement,NaN,NaN,0,0
M400-01-baseline-awake,26,0.05,30,linear,25,1,insufficient_improvement,insufficient_improvement,NaN,NaN,0,0
M400-01-baseline-awake,26,0.05,30,sine_squared,10,1,search_boundary_unresolved,insufficient_improvement,NaN,NaN,0,0
M400-01-baseline-awake,26,0.05,30,sine_squared,25,1,insufficient_improvement,insufficient_improvement,NaN,NaN,0,0
M400-01-baseline-awake,26,0.1,5,linear,10,1,insufficient_improvement,insufficient_improvement,NaN,NaN,0,0
M400-01-baseline-awake,26,0.1,5,linear,25,1,insufficient_improvement,insufficient_improvement,NaN,NaN,0,0
M400-01-baseline-awake,26,0.1,5,sine_squared,10,1,insufficient_improvement,insufficient_improvement,NaN,NaN,0,0
M400-01-baseline-awake,26,0.1,5,sine_squared,25,1,insufficient_improvement,insufficient_improvement,NaN,NaN,0,0
M400-01-baseline-awake,26,0.1,15,linear,10,1,search_boundary_unresolved,search_boundary_unresolved,NaN,NaN,0,0
M400-01-baseline-awake,26,0.1,15,linear,25,1,insufficient_improvement,insufficient_improvement,NaN,NaN,0,0
M400-01-baseline-awake,26,0.1,15,sine_squared,10,1,search_boundary_unresolved,search_boundary_unresolved,NaN,NaN,0,0
M400-01-baseline-awake,26,0.1,15,sine_squared,25,1,insufficient_improvement,insufficient_improvement,NaN,NaN,0,0
M400-01-baseline-awake,26,0.1,30,linear,10,1,search_boundary_unresolved,insufficient_improvement,NaN,NaN,0,0
M400-01-baseline-awake,26,0.1,30,linear,25,1,insufficient_improvement,insufficient_improvement,NaN,NaN,0,0
M400-01-baseline-awake,26,0.1,30,sine_squared,10,1,search_boundary_unresolved,search_boundary_unresolved,NaN,NaN,0,0
M400-01-baseline-awake,26,0.1,30,sine_squared,25,1,insufficient_improvement,insufficient_improvement,NaN,NaN,0,0
M400-01-baseline-awake,26,0.2,5,linear,10,1,insufficient_improvement,search_boundary_unresolved,NaN,NaN,0,0
M400-01-baseline-awake,26,0.2,5,linear,25,1,not_a_rising_change,insufficient_improvement,NaN,NaN,0,0
M400-01-baseline-awake,26,0.2,5,sine_squared,10,1,insufficient_improvement,search_boundary_unresolved,NaN,NaN,0,0
M400-01-baseline-awake,26,0.2,5,sine_squared,25,1,not_a_rising_change,insufficient_improvement,NaN,NaN,0,0
M400-01-baseline-awake,26,0.2,15,linear,10,1,search_boundary_unresolved,search_boundary_unresolved,NaN,NaN,0,0
M400-01-baseline-awake,26,0.2,15,linear,25,1,not_a_rising_change,insufficient_improvement,NaN,NaN,0,0
M400-01-baseline-awake,26,0.2,15,sine_squared,10,1,search_boundary_unresolved,search_boundary_unresolved,NaN,NaN,0,0
M400-01-baseline-awake,26,0.2,15,sine_squared,25,1,not_a_rising_change,insufficient_improvement,NaN,NaN,0,0
M400-01-baseline-awake,26,0.2,30,linear,10,1,search_boundary_unresolved,search_boundary_unresolved,NaN,NaN,0,0
M400-01-baseline-awake,26,0.2,30,linear,25,1,insufficient_improvement,insufficient_improvement,NaN,NaN,0,0
M400-01-baseline-awake,26,0.2,30,sine_squared,10,1,search_boundary_unresolved,search_boundary_unresolved,NaN,NaN,0,0
M400-01-baseline-awake,26,0.2,30,sine_squared,25,1,insufficient_improvement,insufficient_improvement,NaN,NaN,0,0
M400-01-baseline-awake,27,0.02,5,linear,10,1,insufficient_clean_context,insufficient_clean_context,NaN,NaN,0,0
M400-01-baseline-awake,27,0.02,5,linear,25,1,insufficient_clean_context,insufficient_clean_context,NaN,NaN,0,0
M400-01-baseline-awake,27,0.02,5,sine_squared,10,1,insufficient_clean_context,insufficient_clean_context,NaN,NaN,0,0
M400-01-baseline-awake,27,0.02,5,sine_squared,25,1,insufficient_clean_context,insufficient_clean_context,NaN,NaN,0,0
M400-01-baseline-awake,27,0.02,15,linear,10,1,insufficient_clean_context,insufficient_clean_context,NaN,NaN,0,0
M400-01-baseline-awake,27,0.02,15,linear,25,1,insufficient_clean_context,insufficient_clean_context,NaN,NaN,0,0
M400-01-baseline-awake,27,0.02,15,sine_squared,10,1,insufficient_clean_context,insufficient_clean_context,NaN,NaN,0,0
M400-01-baseline-awake,27,0.02,15,sine_squared,25,1,insufficient_clean_context,insufficient_clean_context,NaN,NaN,0,0
M400-01-baseline-awake,27,0.02,30,linear,10,1,insufficient_clean_context,insufficient_clean_context,NaN,NaN,0,0
M400-01-baseline-awake,27,0.02,30,linear,25,1,insufficient_clean_context,insufficient_clean_context,NaN,NaN,0,0
M400-01-baseline-awake,27,0.02,30,sine_squared,10,1,insufficient_clean_context,insufficient_clean_context,NaN,NaN,0,0
M400-01-baseline-awake,27,0.02,30,sine_squared,25,1,insufficient_clean_context,insufficient_clean_context,NaN,NaN,0,0
M400-01-baseline-awake,27,0.05,5,linear,10,1,insufficient_clean_context,insufficient_clean_context,NaN,NaN,0,0
M400-01-baseline-awake,27,0.05,5,linear,25,1,insufficient_clean_context,insufficient_clean_context,NaN,NaN,0,0
M400-01-baseline-awake,27,0.05,5,sine_squared,10,1,insufficient_clean_context,insufficient_clean_context,NaN,NaN,0,0
M400-01-baseline-awake,27,0.05,5,sine_squared,25,1,insufficient_clean_context,insufficient_clean_context,NaN,NaN,0,0
M400-01-baseline-awake,27,0.05,15,linear,10,1,insufficient_clean_context,insufficient_clean_context,NaN,NaN,0,0
M400-01-baseline-awake,27,0.05,15,linear,25,1,insufficient_clean_context,insufficient_clean_context,NaN,NaN,0,0
M400-01-baseline-awake,27,0.05,15,sine_squared,10,1,insufficient_clean_context,insufficient_clean_context,NaN,NaN,0,0
M400-01-baseline-awake,27,0.05,15,sine_squared,25,1,insufficient_clean_context,insufficient_clean_context,NaN,NaN,0,0
M400-01-baseline-awake,27,0.05,30,linear,10,1,insufficient_clean_context,insufficient_clean_context,NaN,NaN,0,0
M400-01-baseline-awake,27,0.05,30,linear,25,1,insufficient_clean_context,insufficient_clean_context,NaN,NaN,0,0
M400-01-baseline-awake,27,0.05,30,sine_squared,10,1,insufficient_clean_context,insufficient_clean_context,NaN,NaN,0,0
M400-01-baseline-awake,27,0.05,30,sine_squared,25,1,insufficient_clean_context,insufficient_clean_context,NaN,NaN,0,0
M400-01-baseline-awake,27,0.1,5,linear,10,1,insufficient_clean_context,insufficient_clean_context,NaN,NaN,0,0
M400-01-baseline-awake,27,0.1,5,linear,25,1,insufficient_clean_context,insufficient_clean_context,NaN,NaN,0,0
M400-01-baseline-awake,27,0.1,5,sine_squared,10,1,insufficient_clean_context,insufficient_clean_context,NaN,NaN,0,0
M400-01-baseline-awake,27,0.1,5,sine_squared,25,1,insufficient_clean_context,insufficient_clean_context,NaN,NaN,0,0
M400-01-baseline-awake,27,0.1,15,linear,10,1,insufficient_clean_context,insufficient_clean_context,NaN,NaN,0,0
M400-01-baseline-awake,27,0.1,15,linear,25,1,insufficient_clean_context,insufficient_clean_context,NaN,NaN,0,0
M400-01-baseline-awake,27,0.1,15,sine_squared,10,1,insufficient_clean_context,insufficient_clean_context,NaN,NaN,0,0
M400-01-baseline-awake,27,0.1,15,sine_squared,25,1,insufficient_clean_context,insufficient_clean_context,NaN,NaN,0,0
M400-01-baseline-awake,27,0.1,30,linear,10,1,insufficient_clean_context,insufficient_clean_context,NaN,NaN,0,0
M400-01-baseline-awake,27,0.1,30,linear,25,1,insufficient_clean_context,insufficient_clean_context,NaN,NaN,0,0
M400-01-baseline-awake,27,0.1,30,sine_squared,10,1,insufficient_clean_context,insufficient_clean_context,NaN,NaN,0,0
M400-01-baseline-awake,27,0.1,30,sine_squared,25,1,insufficient_clean_context,insufficient_clean_context,NaN,NaN,0,0
M400-01-baseline-awake,27,0.2,5,linear,10,1,insufficient_clean_context,insufficient_clean_context,NaN,NaN,0,0
M400-01-baseline-awake,27,0.2,5,linear,25,1,insufficient_clean_context,insufficient_clean_context,NaN,NaN,0,0
M400-01-baseline-awake,27,0.2,5,sine_squared,10,1,insufficient_clean_context,insufficient_clean_context,NaN,NaN,0,0
M400-01-baseline-awake,27,0.2,5,sine_squared,25,1,insufficient_clean_context,insufficient_clean_context,NaN,NaN,0,0
M400-01-baseline-awake,27,0.2,15,linear,10,1,insufficient_clean_context,insufficient_clean_context,NaN,NaN,0,0
M400-01-baseline-awake,27,0.2,15,linear,25,1,insufficient_clean_context,insufficient_clean_context,NaN,NaN,0,0
M400-01-baseline-awake,27,0.2,15,sine_squared,10,1,insufficient_clean_context,insufficient_clean_context,NaN,NaN,0,0
M400-01-baseline-awake,27,0.2,15,sine_squared,25,1,insufficient_clean_context,insufficient_clean_context,NaN,NaN,0,0
M400-01-baseline-awake,27,0.2,30,linear,10,1,insufficient_clean_context,insufficient_clean_context,NaN,NaN,0,0
M400-01-baseline-awake,27,0.2,30,linear,25,1,insufficient_clean_context,insufficient_clean_context,NaN,NaN,0,0
M400-01-baseline-awake,27,0.2,30,sine_squared,10,1,insufficient_clean_context,insufficient_clean_context,NaN,NaN,0,0
M400-01-baseline-awake,27,0.2,30,sine_squared,25,1,insufficient_clean_context,insufficient_clean_context,NaN,NaN,0,0
M400-01-baseline-awake,28,0.02,5,linear,10,1,insufficient_improvement,insufficient_improvement,NaN,NaN,0,0
M400-01-baseline-awake,28,0.02,5,linear,25,1,insufficient_improvement,insufficient_improvement,NaN,NaN,0,0
M400-01-baseline-awake,28,0.02,5,sine_squared,10,1,insufficient_improvement,insufficient_improvement,NaN,NaN,0,0
M400-01-baseline-awake,28,0.02,5,sine_squared,25,1,insufficient_improvement,insufficient_improvement,NaN,NaN,0,0
M400-01-baseline-awake,28,0.02,15,linear,10,1,insufficient_improvement,insufficient_improvement,NaN,NaN,0,0
M400-01-baseline-awake,28,0.02,15,linear,25,1,insufficient_improvement,insufficient_improvement,NaN,NaN,0,0
M400-01-baseline-awake,28,0.02,15,sine_squared,10,1,insufficient_improvement,insufficient_improvement,NaN,NaN,0,0
M400-01-baseline-awake,28,0.02,15,sine_squared,25,1,insufficient_improvement,insufficient_improvement,NaN,NaN,0,0
M400-01-baseline-awake,28,0.02,30,linear,10,1,insufficient_improvement,insufficient_improvement,NaN,NaN,0,0
M400-01-baseline-awake,28,0.02,30,linear,25,1,insufficient_improvement,insufficient_improvement,NaN,NaN,0,0
M400-01-baseline-awake,28,0.02,30,sine_squared,10,1,insufficient_improvement,insufficient_improvement,NaN,NaN,0,0
M400-01-baseline-awake,28,0.02,30,sine_squared,25,1,insufficient_improvement,insufficient_improvement,NaN,NaN,0,0
M400-01-baseline-awake,28,0.05,5,linear,10,1,insufficient_improvement,insufficient_improvement,NaN,NaN,0,0
M400-01-baseline-awake,28,0.05,5,linear,25,1,insufficient_improvement,insufficient_improvement,NaN,NaN,0,0
M400-01-baseline-awake,28,0.05,5,sine_squared,10,1,insufficient_improvement,insufficient_improvement,NaN,NaN,0,0
M400-01-baseline-awake,28,0.05,5,sine_squared,25,1,insufficient_improvement,insufficient_improvement,NaN,NaN,0,0
M400-01-baseline-awake,28,0.05,15,linear,10,1,insufficient_improvement,insufficient_improvement,NaN,NaN,0,0
M400-01-baseline-awake,28,0.05,15,linear,25,1,insufficient_improvement,insufficient_improvement,NaN,NaN,0,0
M400-01-baseline-awake,28,0.05,15,sine_squared,10,1,insufficient_improvement,insufficient_improvement,NaN,NaN,0,0
M400-01-baseline-awake,28,0.05,15,sine_squared,25,1,insufficient_improvement,insufficient_improvement,NaN,NaN,0,0
M400-01-baseline-awake,28,0.05,30,linear,10,1,insufficient_improvement,insufficient_improvement,NaN,NaN,0,0
M400-01-baseline-awake,28,0.05,30,linear,25,1,insufficient_improvement,insufficient_improvement,NaN,NaN,0,0
M400-01-baseline-awake,28,0.05,30,sine_squared,10,1,insufficient_improvement,insufficient_improvement,NaN,NaN,0,0
M400-01-baseline-awake,28,0.05,30,sine_squared,25,1,insufficient_improvement,insufficient_improvement,NaN,NaN,0,0
M400-01-baseline-awake,28,0.1,5,linear,10,1,insufficient_improvement,insufficient_improvement,NaN,NaN,0,0
M400-01-baseline-awake,28,0.1,5,linear,25,1,insufficient_improvement,insufficient_improvement,NaN,NaN,0,0
M400-01-baseline-awake,28,0.1,5,sine_squared,10,1,insufficient_improvement,insufficient_improvement,NaN,NaN,0,0
M400-01-baseline-awake,28,0.1,5,sine_squared,25,1,insufficient_improvement,insufficient_improvement,NaN,NaN,0,0
M400-01-baseline-awake,28,0.1,15,linear,10,1,insufficient_improvement,insufficient_improvement,NaN,NaN,0,0
M400-01-baseline-awake,28,0.1,15,linear,25,1,insufficient_improvement,insufficient_improvement,NaN,NaN,0,0
M400-01-baseline-awake,28,0.1,15,sine_squared,10,1,insufficient_improvement,insufficient_improvement,NaN,NaN,0,0
M400-01-baseline-awake,28,0.1,15,sine_squared,25,1,insufficient_improvement,insufficient_improvement,NaN,NaN,0,0
M400-01-baseline-awake,28,0.1,30,linear,10,1,insufficient_improvement,insufficient_improvement,NaN,NaN,0,0
M400-01-baseline-awake,28,0.1,30,linear,25,1,insufficient_improvement,insufficient_improvement,NaN,NaN,0,0
M400-01-baseline-awake,28,0.1,30,sine_squared,10,1,insufficient_improvement,insufficient_improvement,NaN,NaN,0,0
M400-01-baseline-awake,28,0.1,30,sine_squared,25,1,insufficient_improvement,insufficient_improvement,NaN,NaN,0,0
M400-01-baseline-awake,28,0.2,5,linear,10,1,resolved,resolved,-5,0,1,1
M400-01-baseline-awake,28,0.2,5,linear,25,1,insufficient_improvement,insufficient_improvement,NaN,NaN,0,0
M400-01-baseline-awake,28,0.2,5,sine_squared,10,1,resolved,resolved,-5,0,1,1
M400-01-baseline-awake,28,0.2,5,sine_squared,25,1,insufficient_improvement,insufficient_improvement,NaN,NaN,0,0
M400-01-baseline-awake,28,0.2,15,linear,10,1,resolved,insufficient_improvement,-2,NaN,1,0
M400-01-baseline-awake,28,0.2,15,linear,25,1,insufficient_improvement,insufficient_improvement,NaN,NaN,0,0
M400-01-baseline-awake,28,0.2,15,sine_squared,10,1,resolved,insufficient_improvement,-1,NaN,1,0
M400-01-baseline-awake,28,0.2,15,sine_squared,25,1,resolved,insufficient_improvement,-7,NaN,0,0
M400-01-baseline-awake,28,0.2,30,linear,10,1,insufficient_improvement,insufficient_improvement,NaN,NaN,0,0
M400-01-baseline-awake,28,0.2,30,linear,25,1,resolved,insufficient_improvement,10,NaN,0,0
M400-01-baseline-awake,28,0.2,30,sine_squared,10,1,insufficient_improvement,insufficient_improvement,NaN,NaN,0,0
M400-01-baseline-awake,28,0.2,30,sine_squared,25,1,resolved,insufficient_improvement,9,NaN,0,0
M400-01-baseline-awake,29,0.02,5,linear,10,1,resolved,insufficient_improvement,-29,NaN,0,0
M400-01-baseline-awake,29,0.02,5,linear,25,1,resolved,insufficient_improvement,-14,NaN,0,0
M400-01-baseline-awake,29,0.02,5,sine_squared,10,1,resolved,insufficient_improvement,-29,NaN,0,0
M400-01-baseline-awake,29,0.02,5,sine_squared,25,1,resolved,insufficient_improvement,-14,NaN,0,0
M400-01-baseline-awake,29,0.02,15,linear,10,1,resolved,insufficient_improvement,-29,NaN,0,0
M400-01-baseline-awake,29,0.02,15,linear,25,1,resolved,insufficient_improvement,-14,NaN,0,0
M400-01-baseline-awake,29,0.02,15,sine_squared,10,1,resolved,insufficient_improvement,-29,NaN,0,0
M400-01-baseline-awake,29,0.02,15,sine_squared,25,1,resolved,insufficient_improvement,-14,NaN,0,0
M400-01-baseline-awake,29,0.02,30,linear,10,1,resolved,insufficient_improvement,-29,NaN,0,0
M400-01-baseline-awake,29,0.02,30,linear,25,1,resolved,insufficient_improvement,-14,NaN,0,0
M400-01-baseline-awake,29,0.02,30,sine_squared,10,1,resolved,insufficient_improvement,-29,NaN,0,0
M400-01-baseline-awake,29,0.02,30,sine_squared,25,1,resolved,insufficient_improvement,-14,NaN,0,0
M400-01-baseline-awake,29,0.05,5,linear,10,1,resolved,insufficient_improvement,-28,NaN,0,0
M400-01-baseline-awake,29,0.05,5,linear,25,1,resolved,insufficient_improvement,-14,NaN,0,0
M400-01-baseline-awake,29,0.05,5,sine_squared,10,1,resolved,insufficient_improvement,-28,NaN,0,0
M400-01-baseline-awake,29,0.05,5,sine_squared,25,1,resolved,insufficient_improvement,-14,NaN,0,0
M400-01-baseline-awake,29,0.05,15,linear,10,1,resolved,insufficient_improvement,-29,NaN,0,0
M400-01-baseline-awake,29,0.05,15,linear,25,1,resolved,insufficient_improvement,-14,NaN,0,0
M400-01-baseline-awake,29,0.05,15,sine_squared,10,1,resolved,insufficient_improvement,-29,NaN,0,0
M400-01-baseline-awake,29,0.05,15,sine_squared,25,1,resolved,insufficient_improvement,-14,NaN,0,0
M400-01-baseline-awake,29,0.05,30,linear,10,1,resolved,insufficient_improvement,-29,NaN,0,0
M400-01-baseline-awake,29,0.05,30,linear,25,1,resolved,insufficient_improvement,-14,NaN,0,0
M400-01-baseline-awake,29,0.05,30,sine_squared,10,1,resolved,insufficient_improvement,-29,NaN,0,0
M400-01-baseline-awake,29,0.05,30,sine_squared,25,1,resolved,insufficient_improvement,-14,NaN,0,0
M400-01-baseline-awake,29,0.1,5,linear,10,1,resolved,resolved,-28,-28,0,0
M400-01-baseline-awake,29,0.1,5,linear,25,1,resolved,resolved,-14,-13,0,0
M400-01-baseline-awake,29,0.1,5,sine_squared,10,1,resolved,resolved,-28,-28,0,0
M400-01-baseline-awake,29,0.1,5,sine_squared,25,1,resolved,resolved,-14,-13,0,0
M400-01-baseline-awake,29,0.1,15,linear,10,1,resolved,insufficient_improvement,-28,NaN,0,0
M400-01-baseline-awake,29,0.1,15,linear,25,1,resolved,resolved,-13,-13,0,0
M400-01-baseline-awake,29,0.1,15,sine_squared,10,1,resolved,insufficient_improvement,-28,NaN,0,0
M400-01-baseline-awake,29,0.1,15,sine_squared,25,1,resolved,resolved,-13,-13,0,0
M400-01-baseline-awake,29,0.1,30,linear,10,1,resolved,insufficient_improvement,-29,NaN,0,0
M400-01-baseline-awake,29,0.1,30,linear,25,1,resolved,resolved,-13,-13,0,0
M400-01-baseline-awake,29,0.1,30,sine_squared,10,1,resolved,insufficient_improvement,-29,NaN,0,0
M400-01-baseline-awake,29,0.1,30,sine_squared,25,1,resolved,resolved,-13,-13,0,0
M400-01-baseline-awake,29,0.2,5,linear,10,1,resolved,resolved,-28,-28,0,0
M400-01-baseline-awake,29,0.2,5,linear,25,1,resolved,resolved,-14,-13,0,0
M400-01-baseline-awake,29,0.2,5,sine_squared,10,1,resolved,resolved,-28,-28,0,0
M400-01-baseline-awake,29,0.2,5,sine_squared,25,1,resolved,resolved,-14,-13,0,0
M400-01-baseline-awake,29,0.2,15,linear,10,1,resolved,resolved,-28,-28,0,0
M400-01-baseline-awake,29,0.2,15,linear,25,1,resolved,resolved,-13,-13,0,0
M400-01-baseline-awake,29,0.2,15,sine_squared,10,1,resolved,resolved,-28,-28,0,0
M400-01-baseline-awake,29,0.2,15,sine_squared,25,1,resolved,resolved,-13,-13,0,0
M400-01-baseline-awake,29,0.2,30,linear,10,1,resolved,insufficient_improvement,-28,NaN,0,0
M400-01-baseline-awake,29,0.2,30,linear,25,1,resolved,resolved,-13,-13,0,0
M400-01-baseline-awake,29,0.2,30,sine_squared,10,1,resolved,insufficient_improvement,-28,NaN,0,0
M400-01-baseline-awake,29,0.2,30,sine_squared,25,1,resolved,resolved,-13,-13,0,0
M400-01-baseline-awake,30,0.02,5,linear,10,1,insufficient_improvement,insufficient_improvement,NaN,NaN,0,0
M400-01-baseline-awake,30,0.02,5,linear,25,1,insufficient_improvement,insufficient_improvement,NaN,NaN,0,0
M400-01-baseline-awake,30,0.02,5,sine_squared,10,1,insufficient_improvement,insufficient_improvement,NaN,NaN,0,0
M400-01-baseline-awake,30,0.02,5,sine_squared,25,1,insufficient_improvement,insufficient_improvement,NaN,NaN,0,0
M400-01-baseline-awake,30,0.02,15,linear,10,1,insufficient_improvement,insufficient_improvement,NaN,NaN,0,0
M400-01-baseline-awake,30,0.02,15,linear,25,1,insufficient_improvement,insufficient_improvement,NaN,NaN,0,0
M400-01-baseline-awake,30,0.02,15,sine_squared,10,1,insufficient_improvement,insufficient_improvement,NaN,NaN,0,0
M400-01-baseline-awake,30,0.02,15,sine_squared,25,1,insufficient_improvement,insufficient_improvement,NaN,NaN,0,0
M400-01-baseline-awake,30,0.02,30,linear,10,1,insufficient_improvement,insufficient_improvement,NaN,NaN,0,0
M400-01-baseline-awake,30,0.02,30,linear,25,1,insufficient_improvement,insufficient_improvement,NaN,NaN,0,0
M400-01-baseline-awake,30,0.02,30,sine_squared,10,1,insufficient_improvement,insufficient_improvement,NaN,NaN,0,0
M400-01-baseline-awake,30,0.02,30,sine_squared,25,1,insufficient_improvement,insufficient_improvement,NaN,NaN,0,0
M400-01-baseline-awake,30,0.05,5,linear,10,1,insufficient_improvement,insufficient_improvement,NaN,NaN,0,0
M400-01-baseline-awake,30,0.05,5,linear,25,1,insufficient_improvement,insufficient_improvement,NaN,NaN,0,0
M400-01-baseline-awake,30,0.05,5,sine_squared,10,1,insufficient_improvement,insufficient_improvement,NaN,NaN,0,0
M400-01-baseline-awake,30,0.05,5,sine_squared,25,1,insufficient_improvement,insufficient_improvement,NaN,NaN,0,0
M400-01-baseline-awake,30,0.05,15,linear,10,1,insufficient_improvement,insufficient_improvement,NaN,NaN,0,0
M400-01-baseline-awake,30,0.05,15,linear,25,1,insufficient_improvement,insufficient_improvement,NaN,NaN,0,0
M400-01-baseline-awake,30,0.05,15,sine_squared,10,1,insufficient_improvement,insufficient_improvement,NaN,NaN,0,0
M400-01-baseline-awake,30,0.05,15,sine_squared,25,1,insufficient_improvement,insufficient_improvement,NaN,NaN,0,0
M400-01-baseline-awake,30,0.05,30,linear,10,1,insufficient_improvement,insufficient_improvement,NaN,NaN,0,0
M400-01-baseline-awake,30,0.05,30,linear,25,1,insufficient_improvement,insufficient_improvement,NaN,NaN,0,0
M400-01-baseline-awake,30,0.05,30,sine_squared,10,1,insufficient_improvement,insufficient_improvement,NaN,NaN,0,0
M400-01-baseline-awake,30,0.05,30,sine_squared,25,1,insufficient_improvement,insufficient_improvement,NaN,NaN,0,0
M400-01-baseline-awake,30,0.1,5,linear,10,1,resolved,resolved,2,6,1,0
M400-01-baseline-awake,30,0.1,5,linear,25,1,insufficient_improvement,resolved,NaN,-1,0,1
M400-01-baseline-awake,30,0.1,5,sine_squared,10,1,resolved,resolved,1,6,1,0
M400-01-baseline-awake,30,0.1,5,sine_squared,25,1,insufficient_improvement,resolved,NaN,-1,0,1
M400-01-baseline-awake,30,0.1,15,linear,10,1,resolved,resolved,6,6,0,0
M400-01-baseline-awake,30,0.1,15,linear,25,1,insufficient_improvement,insufficient_improvement,NaN,NaN,0,0
M400-01-baseline-awake,30,0.1,15,sine_squared,10,1,resolved,resolved,6,6,0,0
M400-01-baseline-awake,30,0.1,15,sine_squared,25,1,insufficient_improvement,insufficient_improvement,NaN,NaN,0,0
M400-01-baseline-awake,30,0.1,30,linear,10,1,insufficient_improvement,insufficient_improvement,NaN,NaN,0,0
M400-01-baseline-awake,30,0.1,30,linear,25,1,insufficient_improvement,insufficient_improvement,NaN,NaN,0,0
M400-01-baseline-awake,30,0.1,30,sine_squared,10,1,insufficient_improvement,insufficient_improvement,NaN,NaN,0,0
M400-01-baseline-awake,30,0.1,30,sine_squared,25,1,broad_profile_unresolved,insufficient_improvement,NaN,NaN,0,0
M400-01-baseline-awake,30,0.2,5,linear,10,1,resolved,resolved,-3,-1,1,1
M400-01-baseline-awake,30,0.2,5,linear,25,1,not_a_rising_change,resolved,NaN,-1,0,1
M400-01-baseline-awake,30,0.2,5,sine_squared,10,1,resolved,resolved,-2,-1,1,1
M400-01-baseline-awake,30,0.2,5,sine_squared,25,1,not_a_rising_change,resolved,NaN,-1,0,1
M400-01-baseline-awake,30,0.2,15,linear,10,1,resolved,resolved,5,5,1,1
M400-01-baseline-awake,30,0.2,15,linear,25,1,resolved,resolved,-7,-2,0,1
M400-01-baseline-awake,30,0.2,15,sine_squared,10,1,resolved,resolved,5,6,1,0
M400-01-baseline-awake,30,0.2,15,sine_squared,25,1,resolved,resolved,-7,1,0,1
M400-01-baseline-awake,30,0.2,30,linear,10,1,resolved,resolved,6,6,0,0
M400-01-baseline-awake,30,0.2,30,linear,25,1,resolved,resolved,-6,-6,0,0
M400-01-baseline-awake,30,0.2,30,sine_squared,10,1,resolved,resolved,6,6,0,0
M400-01-baseline-awake,30,0.2,30,sine_squared,25,1,resolved,resolved,-1,-9,1,0
M400-01-baseline-awake,31,0.02,5,linear,10,1,resolved,insufficient_improvement,8,NaN,0,0
M400-01-baseline-awake,31,0.02,5,linear,25,1,insufficient_improvement,insufficient_improvement,NaN,NaN,0,0
M400-01-baseline-awake,31,0.02,5,sine_squared,10,1,resolved,insufficient_improvement,8,NaN,0,0
M400-01-baseline-awake,31,0.02,5,sine_squared,25,1,insufficient_improvement,insufficient_improvement,NaN,NaN,0,0
M400-01-baseline-awake,31,0.02,15,linear,10,1,resolved,resolved,8,9,0,0
M400-01-baseline-awake,31,0.02,15,linear,25,1,insufficient_improvement,insufficient_improvement,NaN,NaN,0,0
M400-01-baseline-awake,31,0.02,15,sine_squared,10,1,resolved,resolved,8,9,0,0
M400-01-baseline-awake,31,0.02,15,sine_squared,25,1,insufficient_improvement,insufficient_improvement,NaN,NaN,0,0
M400-01-baseline-awake,31,0.02,30,linear,10,1,resolved,insufficient_improvement,8,NaN,0,0
M400-01-baseline-awake,31,0.02,30,linear,25,1,resolved,insufficient_improvement,23,NaN,0,0
M400-01-baseline-awake,31,0.02,30,sine_squared,10,1,resolved,resolved,8,9,0,0
M400-01-baseline-awake,31,0.02,30,sine_squared,25,1,resolved,insufficient_improvement,23,NaN,0,0
M400-01-baseline-awake,31,0.05,5,linear,10,1,insufficient_improvement,insufficient_improvement,NaN,NaN,0,0
M400-01-baseline-awake,31,0.05,5,linear,25,1,insufficient_improvement,insufficient_improvement,NaN,NaN,0,0
M400-01-baseline-awake,31,0.05,5,sine_squared,10,1,insufficient_improvement,insufficient_improvement,NaN,NaN,0,0
M400-01-baseline-awake,31,0.05,5,sine_squared,25,1,insufficient_improvement,insufficient_improvement,NaN,NaN,0,0
M400-01-baseline-awake,31,0.05,15,linear,10,1,resolved,resolved,8,9,0,0
M400-01-baseline-awake,31,0.05,15,linear,25,1,insufficient_improvement,insufficient_improvement,NaN,NaN,0,0
M400-01-baseline-awake,31,0.05,15,sine_squared,10,1,search_boundary_unresolved,resolved,NaN,9,0,0
M400-01-baseline-awake,31,0.05,15,sine_squared,25,1,insufficient_improvement,insufficient_improvement,NaN,NaN,0,0
M400-01-baseline-awake,31,0.05,30,linear,10,1,resolved,resolved,8,9,0,0
M400-01-baseline-awake,31,0.05,30,linear,25,1,resolved,insufficient_improvement,23,NaN,0,0
M400-01-baseline-awake,31,0.05,30,sine_squared,10,1,resolved,resolved,8,9,0,0
M400-01-baseline-awake,31,0.05,30,sine_squared,25,1,resolved,insufficient_improvement,23,NaN,0,0
M400-01-baseline-awake,31,0.1,5,linear,10,1,insufficient_improvement,insufficient_improvement,NaN,NaN,0,0
M400-01-baseline-awake,31,0.1,5,linear,25,1,insufficient_improvement,insufficient_improvement,NaN,NaN,0,0
M400-01-baseline-awake,31,0.1,5,sine_squared,10,1,insufficient_improvement,insufficient_improvement,NaN,NaN,0,0
M400-01-baseline-awake,31,0.1,5,sine_squared,25,1,insufficient_improvement,insufficient_improvement,NaN,NaN,0,0
M400-01-baseline-awake,31,0.1,15,linear,10,1,search_boundary_unresolved,search_boundary_unresolved,NaN,NaN,0,0
M400-01-baseline-awake,31,0.1,15,linear,25,1,insufficient_improvement,insufficient_improvement,NaN,NaN,0,0
M400-01-baseline-awake,31,0.1,15,sine_squared,10,1,search_boundary_unresolved,resolved,NaN,7,0,0
M400-01-baseline-awake,31,0.1,15,sine_squared,25,1,insufficient_improvement,insufficient_improvement,NaN,NaN,0,0
M400-01-baseline-awake,31,0.1,30,linear,10,1,resolved,resolved,8,9,0,0
M400-01-baseline-awake,31,0.1,30,linear,25,1,resolved,insufficient_improvement,23,NaN,0,0
M400-01-baseline-awake,31,0.1,30,sine_squared,10,1,resolved,resolved,8,9,0,0
M400-01-baseline-awake,31,0.1,30,sine_squared,25,1,insufficient_improvement,insufficient_improvement,NaN,NaN,0,0
M400-01-baseline-awake,31,0.2,5,linear,10,1,insufficient_improvement,insufficient_improvement,NaN,NaN,0,0
M400-01-baseline-awake,31,0.2,5,linear,25,1,not_a_rising_change,insufficient_improvement,NaN,NaN,0,0
M400-01-baseline-awake,31,0.2,5,sine_squared,10,1,insufficient_improvement,insufficient_improvement,NaN,NaN,0,0
M400-01-baseline-awake,31,0.2,5,sine_squared,25,1,not_a_rising_change,insufficient_improvement,NaN,NaN,0,0
M400-01-baseline-awake,31,0.2,15,linear,10,1,search_boundary_unresolved,search_boundary_unresolved,NaN,NaN,0,0
M400-01-baseline-awake,31,0.2,15,linear,25,1,insufficient_improvement,insufficient_improvement,NaN,NaN,0,0
M400-01-baseline-awake,31,0.2,15,sine_squared,10,1,search_boundary_unresolved,search_boundary_unresolved,NaN,NaN,0,0
M400-01-baseline-awake,31,0.2,15,sine_squared,25,1,insufficient_improvement,insufficient_improvement,NaN,NaN,0,0
M400-01-baseline-awake,31,0.2,30,linear,10,1,search_boundary_unresolved,search_boundary_unresolved,NaN,NaN,0,0
M400-01-baseline-awake,31,0.2,30,linear,25,1,resolved,insufficient_improvement,23,NaN,0,0
M400-01-baseline-awake,31,0.2,30,sine_squared,10,1,resolved,search_boundary_unresolved,7,NaN,0,0
M400-01-baseline-awake,31,0.2,30,sine_squared,25,1,insufficient_improvement,insufficient_improvement,NaN,NaN,0,0
M400-01-baseline-awake,32,0.02,5,linear,10,1,resolved,resolved,-8,-8,0,0
M400-01-baseline-awake,32,0.02,5,linear,25,1,insufficient_improvement,resolved,NaN,8,0,0
M400-01-baseline-awake,32,0.02,5,sine_squared,10,1,resolved,resolved,-8,-8,0,0
M400-01-baseline-awake,32,0.02,5,sine_squared,25,1,insufficient_improvement,resolved,NaN,8,0,0
M400-01-baseline-awake,32,0.02,15,linear,10,1,resolved,insufficient_improvement,-8,NaN,0,0
M400-01-baseline-awake,32,0.02,15,linear,25,1,resolved,resolved,6,8,0,0
M400-01-baseline-awake,32,0.02,15,sine_squared,10,1,resolved,insufficient_improvement,-8,NaN,0,0
M400-01-baseline-awake,32,0.02,15,sine_squared,25,1,resolved,resolved,6,8,0,0
M400-01-baseline-awake,32,0.02,30,linear,10,1,resolved,insufficient_improvement,-8,NaN,0,0
M400-01-baseline-awake,32,0.02,30,linear,25,1,resolved,resolved,7,8,0,0
M400-01-baseline-awake,32,0.02,30,sine_squared,10,1,resolved,insufficient_improvement,-8,NaN,0,0
M400-01-baseline-awake,32,0.02,30,sine_squared,25,1,resolved,resolved,7,8,0,0
M400-01-baseline-awake,32,0.05,5,linear,10,1,resolved,resolved,-8,-8,0,0
M400-01-baseline-awake,32,0.05,5,linear,25,1,insufficient_improvement,resolved,NaN,7,0,0
M400-01-baseline-awake,32,0.05,5,sine_squared,10,1,resolved,resolved,-8,-8,0,0
M400-01-baseline-awake,32,0.05,5,sine_squared,25,1,insufficient_improvement,resolved,NaN,7,0,0
M400-01-baseline-awake,32,0.05,15,linear,10,1,resolved,resolved,-8,-8,0,0
M400-01-baseline-awake,32,0.05,15,linear,25,1,resolved,resolved,4,8,1,0
M400-01-baseline-awake,32,0.05,15,sine_squared,10,1,resolved,resolved,-7,-7,0,0
M400-01-baseline-awake,32,0.05,15,sine_squared,25,1,resolved,resolved,4,7,1,0
M400-01-baseline-awake,32,0.05,30,linear,10,1,resolved,insufficient_improvement,-8,NaN,0,0
M400-01-baseline-awake,32,0.05,30,linear,25,1,resolved,resolved,6,8,0,0
M400-01-baseline-awake,32,0.05,30,sine_squared,10,1,resolved,insufficient_improvement,-8,NaN,0,0
M400-01-baseline-awake,32,0.05,30,sine_squared,25,1,resolved,resolved,6,8,0,0
M400-01-baseline-awake,32,0.1,5,linear,10,1,resolved,resolved,-7,-8,0,0
M400-01-baseline-awake,32,0.1,5,linear,25,1,insufficient_improvement,resolved,NaN,-4,0,1
M400-01-baseline-awake,32,0.1,5,sine_squared,10,1,resolved,resolved,-7,-8,0,0
M400-01-baseline-awake,32,0.1,5,sine_squared,25,1,insufficient_improvement,resolved,NaN,-4,0,1
M400-01-baseline-awake,32,0.1,15,linear,10,1,resolved,resolved,-7,-10,0,0
M400-01-baseline-awake,32,0.1,15,linear,25,1,resolved,resolved,0,7,1,0
M400-01-baseline-awake,32,0.1,15,sine_squared,10,1,resolved,resolved,-6,-9,0,0
M400-01-baseline-awake,32,0.1,15,sine_squared,25,1,resolved,resolved,1,7,1,0
M400-01-baseline-awake,32,0.1,30,linear,10,1,resolved,resolved,-8,-8,0,0
M400-01-baseline-awake,32,0.1,30,linear,25,1,resolved,resolved,6,6,0,0
M400-01-baseline-awake,32,0.1,30,sine_squared,10,1,resolved,resolved,-8,-8,0,0
M400-01-baseline-awake,32,0.1,30,sine_squared,25,1,resolved,resolved,6,6,0,0
M400-01-baseline-awake,32,0.2,5,linear,10,1,resolved,resolved,-6,-3,0,1
M400-01-baseline-awake,32,0.2,5,linear,25,1,not_a_rising_change,resolved,NaN,-6,0,0
M400-01-baseline-awake,32,0.2,5,sine_squared,10,1,resolved,resolved,-6,-3,0,1
M400-01-baseline-awake,32,0.2,5,sine_squared,25,1,not_a_rising_change,resolved,NaN,-6,0,0
M400-01-baseline-awake,32,0.2,15,linear,10,1,resolved,resolved,-3,-9,1,0
M400-01-baseline-awake,32,0.2,15,linear,25,1,resolved,resolved,-2,5,1,1
M400-01-baseline-awake,32,0.2,15,sine_squared,10,1,resolved,resolved,2,-7,1,0
M400-01-baseline-awake,32,0.2,15,sine_squared,25,1,resolved,resolved,-2,4,1,1
M400-01-baseline-awake,32,0.2,30,linear,10,1,resolved,resolved,-7,-10,0,0
M400-01-baseline-awake,32,0.2,30,linear,25,1,resolved,resolved,5,5,1,1
M400-01-baseline-awake,32,0.2,30,sine_squared,10,1,resolved,resolved,5,-8,1,0
M400-01-baseline-awake,32,0.2,30,sine_squared,25,1,resolved,resolved,5,6,1,0
M400-01-baseline-awake,33,0.02,5,linear,10,1,insufficient_improvement,insufficient_improvement,NaN,NaN,0,0
M400-01-baseline-awake,33,0.02,5,linear,25,1,insufficient_improvement,insufficient_improvement,NaN,NaN,0,0
M400-01-baseline-awake,33,0.02,5,sine_squared,10,1,insufficient_improvement,insufficient_improvement,NaN,NaN,0,0
M400-01-baseline-awake,33,0.02,5,sine_squared,25,1,insufficient_improvement,insufficient_improvement,NaN,NaN,0,0
M400-01-baseline-awake,33,0.02,15,linear,10,1,insufficient_improvement,insufficient_improvement,NaN,NaN,0,0
M400-01-baseline-awake,33,0.02,15,linear,25,1,insufficient_improvement,insufficient_improvement,NaN,NaN,0,0
M400-01-baseline-awake,33,0.02,15,sine_squared,10,1,insufficient_improvement,insufficient_improvement,NaN,NaN,0,0
M400-01-baseline-awake,33,0.02,15,sine_squared,25,1,insufficient_improvement,insufficient_improvement,NaN,NaN,0,0
M400-01-baseline-awake,33,0.02,30,linear,10,1,insufficient_improvement,insufficient_improvement,NaN,NaN,0,0
M400-01-baseline-awake,33,0.02,30,linear,25,1,insufficient_improvement,insufficient_improvement,NaN,NaN,0,0
M400-01-baseline-awake,33,0.02,30,sine_squared,10,1,insufficient_improvement,insufficient_improvement,NaN,NaN,0,0
M400-01-baseline-awake,33,0.02,30,sine_squared,25,1,insufficient_improvement,insufficient_improvement,NaN,NaN,0,0
M400-01-baseline-awake,33,0.05,5,linear,10,1,insufficient_improvement,insufficient_improvement,NaN,NaN,0,0
M400-01-baseline-awake,33,0.05,5,linear,25,1,insufficient_improvement,insufficient_improvement,NaN,NaN,0,0
M400-01-baseline-awake,33,0.05,5,sine_squared,10,1,insufficient_improvement,insufficient_improvement,NaN,NaN,0,0
M400-01-baseline-awake,33,0.05,5,sine_squared,25,1,insufficient_improvement,insufficient_improvement,NaN,NaN,0,0
M400-01-baseline-awake,33,0.05,15,linear,10,1,insufficient_improvement,insufficient_improvement,NaN,NaN,0,0
M400-01-baseline-awake,33,0.05,15,linear,25,1,insufficient_improvement,insufficient_improvement,NaN,NaN,0,0
M400-01-baseline-awake,33,0.05,15,sine_squared,10,1,insufficient_improvement,insufficient_improvement,NaN,NaN,0,0
M400-01-baseline-awake,33,0.05,15,sine_squared,25,1,insufficient_improvement,insufficient_improvement,NaN,NaN,0,0
M400-01-baseline-awake,33,0.05,30,linear,10,1,insufficient_improvement,insufficient_improvement,NaN,NaN,0,0
M400-01-baseline-awake,33,0.05,30,linear,25,1,insufficient_improvement,insufficient_improvement,NaN,NaN,0,0
M400-01-baseline-awake,33,0.05,30,sine_squared,10,1,insufficient_improvement,insufficient_improvement,NaN,NaN,0,0
M400-01-baseline-awake,33,0.05,30,sine_squared,25,1,insufficient_improvement,insufficient_improvement,NaN,NaN,0,0
M400-01-baseline-awake,33,0.1,5,linear,10,1,insufficient_improvement,insufficient_improvement,NaN,NaN,0,0
M400-01-baseline-awake,33,0.1,5,linear,25,1,insufficient_improvement,insufficient_improvement,NaN,NaN,0,0
M400-01-baseline-awake,33,0.1,5,sine_squared,10,1,insufficient_improvement,insufficient_improvement,NaN,NaN,0,0
M400-01-baseline-awake,33,0.1,5,sine_squared,25,1,insufficient_improvement,insufficient_improvement,NaN,NaN,0,0
M400-01-baseline-awake,33,0.1,15,linear,10,1,resolved,insufficient_improvement,9,NaN,0,0
M400-01-baseline-awake,33,0.1,15,linear,25,1,insufficient_improvement,insufficient_improvement,NaN,NaN,0,0
M400-01-baseline-awake,33,0.1,15,sine_squared,10,1,search_boundary_unresolved,insufficient_improvement,NaN,NaN,0,0
M400-01-baseline-awake,33,0.1,15,sine_squared,25,1,insufficient_improvement,insufficient_improvement,NaN,NaN,0,0
M400-01-baseline-awake,33,0.1,30,linear,10,1,insufficient_improvement,insufficient_improvement,NaN,NaN,0,0
M400-01-baseline-awake,33,0.1,30,linear,25,1,insufficient_improvement,insufficient_improvement,NaN,NaN,0,0
M400-01-baseline-awake,33,0.1,30,sine_squared,10,1,insufficient_improvement,insufficient_improvement,NaN,NaN,0,0
M400-01-baseline-awake,33,0.1,30,sine_squared,25,1,insufficient_improvement,insufficient_improvement,NaN,NaN,0,0
M400-01-baseline-awake,33,0.2,5,linear,10,1,insufficient_improvement,insufficient_improvement,NaN,NaN,0,0
M400-01-baseline-awake,33,0.2,5,linear,25,1,not_a_rising_change,insufficient_improvement,NaN,NaN,0,0
M400-01-baseline-awake,33,0.2,5,sine_squared,10,1,insufficient_improvement,insufficient_improvement,NaN,NaN,0,0
M400-01-baseline-awake,33,0.2,5,sine_squared,25,1,not_a_rising_change,insufficient_improvement,NaN,NaN,0,0
M400-01-baseline-awake,33,0.2,15,linear,10,1,search_boundary_unresolved,search_boundary_unresolved,NaN,NaN,0,0
M400-01-baseline-awake,33,0.2,15,linear,25,1,insufficient_improvement,insufficient_improvement,NaN,NaN,0,0
M400-01-baseline-awake,33,0.2,15,sine_squared,10,1,search_boundary_unresolved,search_boundary_unresolved,NaN,NaN,0,0
M400-01-baseline-awake,33,0.2,15,sine_squared,25,1,insufficient_improvement,insufficient_improvement,NaN,NaN,0,0
M400-01-baseline-awake,33,0.2,30,linear,10,1,resolved,insufficient_improvement,9,NaN,0,0
M400-01-baseline-awake,33,0.2,30,linear,25,1,insufficient_improvement,insufficient_improvement,NaN,NaN,0,0
M400-01-baseline-awake,33,0.2,30,sine_squared,10,1,resolved,insufficient_improvement,9,NaN,0,0
M400-01-baseline-awake,33,0.2,30,sine_squared,25,1,insufficient_improvement,insufficient_improvement,NaN,NaN,0,0
M400-01-baseline-awake,34,0.02,5,linear,10,1,insufficient_clean_context,insufficient_clean_context,NaN,NaN,0,0
M400-01-baseline-awake,34,0.02,5,linear,25,1,insufficient_clean_context,insufficient_clean_context,NaN,NaN,0,0
M400-01-baseline-awake,34,0.02,5,sine_squared,10,1,insufficient_clean_context,insufficient_clean_context,NaN,NaN,0,0
M400-01-baseline-awake,34,0.02,5,sine_squared,25,1,insufficient_clean_context,insufficient_clean_context,NaN,NaN,0,0
M400-01-baseline-awake,34,0.02,15,linear,10,1,insufficient_clean_context,insufficient_clean_context,NaN,NaN,0,0
M400-01-baseline-awake,34,0.02,15,linear,25,1,insufficient_clean_context,insufficient_clean_context,NaN,NaN,0,0
M400-01-baseline-awake,34,0.02,15,sine_squared,10,1,insufficient_clean_context,insufficient_clean_context,NaN,NaN,0,0
M400-01-baseline-awake,34,0.02,15,sine_squared,25,1,insufficient_clean_context,insufficient_clean_context,NaN,NaN,0,0
M400-01-baseline-awake,34,0.02,30,linear,10,1,insufficient_clean_context,insufficient_clean_context,NaN,NaN,0,0
M400-01-baseline-awake,34,0.02,30,linear,25,1,insufficient_clean_context,insufficient_clean_context,NaN,NaN,0,0
M400-01-baseline-awake,34,0.02,30,sine_squared,10,1,insufficient_clean_context,insufficient_clean_context,NaN,NaN,0,0
M400-01-baseline-awake,34,0.02,30,sine_squared,25,1,insufficient_clean_context,insufficient_clean_context,NaN,NaN,0,0
M400-01-baseline-awake,34,0.05,5,linear,10,1,insufficient_clean_context,insufficient_clean_context,NaN,NaN,0,0
M400-01-baseline-awake,34,0.05,5,linear,25,1,insufficient_clean_context,insufficient_clean_context,NaN,NaN,0,0
M400-01-baseline-awake,34,0.05,5,sine_squared,10,1,insufficient_clean_context,insufficient_clean_context,NaN,NaN,0,0
M400-01-baseline-awake,34,0.05,5,sine_squared,25,1,insufficient_clean_context,insufficient_clean_context,NaN,NaN,0,0
M400-01-baseline-awake,34,0.05,15,linear,10,1,insufficient_clean_context,insufficient_clean_context,NaN,NaN,0,0
M400-01-baseline-awake,34,0.05,15,linear,25,1,insufficient_clean_context,insufficient_clean_context,NaN,NaN,0,0
M400-01-baseline-awake,34,0.05,15,sine_squared,10,1,insufficient_clean_context,insufficient_clean_context,NaN,NaN,0,0
M400-01-baseline-awake,34,0.05,15,sine_squared,25,1,insufficient_clean_context,insufficient_clean_context,NaN,NaN,0,0
M400-01-baseline-awake,34,0.05,30,linear,10,1,insufficient_clean_context,insufficient_clean_context,NaN,NaN,0,0
M400-01-baseline-awake,34,0.05,30,linear,25,1,insufficient_clean_context,insufficient_clean_context,NaN,NaN,0,0
M400-01-baseline-awake,34,0.05,30,sine_squared,10,1,insufficient_clean_context,insufficient_clean_context,NaN,NaN,0,0
M400-01-baseline-awake,34,0.05,30,sine_squared,25,1,insufficient_clean_context,insufficient_clean_context,NaN,NaN,0,0
M400-01-baseline-awake,34,0.1,5,linear,10,1,insufficient_clean_context,insufficient_clean_context,NaN,NaN,0,0
M400-01-baseline-awake,34,0.1,5,linear,25,1,insufficient_clean_context,insufficient_clean_context,NaN,NaN,0,0
M400-01-baseline-awake,34,0.1,5,sine_squared,10,1,insufficient_clean_context,insufficient_clean_context,NaN,NaN,0,0
M400-01-baseline-awake,34,0.1,5,sine_squared,25,1,insufficient_clean_context,insufficient_clean_context,NaN,NaN,0,0
M400-01-baseline-awake,34,0.1,15,linear,10,1,insufficient_clean_context,insufficient_clean_context,NaN,NaN,0,0
M400-01-baseline-awake,34,0.1,15,linear,25,1,insufficient_clean_context,insufficient_clean_context,NaN,NaN,0,0
M400-01-baseline-awake,34,0.1,15,sine_squared,10,1,insufficient_clean_context,insufficient_clean_context,NaN,NaN,0,0
M400-01-baseline-awake,34,0.1,15,sine_squared,25,1,insufficient_clean_context,insufficient_clean_context,NaN,NaN,0,0
M400-01-baseline-awake,34,0.1,30,linear,10,1,insufficient_clean_context,insufficient_clean_context,NaN,NaN,0,0
M400-01-baseline-awake,34,0.1,30,linear,25,1,insufficient_clean_context,insufficient_clean_context,NaN,NaN,0,0
M400-01-baseline-awake,34,0.1,30,sine_squared,10,1,insufficient_clean_context,insufficient_clean_context,NaN,NaN,0,0
M400-01-baseline-awake,34,0.1,30,sine_squared,25,1,insufficient_clean_context,insufficient_clean_context,NaN,NaN,0,0
M400-01-baseline-awake,34,0.2,5,linear,10,1,insufficient_clean_context,insufficient_clean_context,NaN,NaN,0,0
M400-01-baseline-awake,34,0.2,5,linear,25,1,insufficient_clean_context,insufficient_clean_context,NaN,NaN,0,0
M400-01-baseline-awake,34,0.2,5,sine_squared,10,1,insufficient_clean_context,insufficient_clean_context,NaN,NaN,0,0
M400-01-baseline-awake,34,0.2,5,sine_squared,25,1,insufficient_clean_context,insufficient_clean_context,NaN,NaN,0,0
M400-01-baseline-awake,34,0.2,15,linear,10,1,insufficient_clean_context,insufficient_clean_context,NaN,NaN,0,0
M400-01-baseline-awake,34,0.2,15,linear,25,1,insufficient_clean_context,insufficient_clean_context,NaN,NaN,0,0
M400-01-baseline-awake,34,0.2,15,sine_squared,10,1,insufficient_clean_context,insufficient_clean_context,NaN,NaN,0,0
M400-01-baseline-awake,34,0.2,15,sine_squared,25,1,insufficient_clean_context,insufficient_clean_context,NaN,NaN,0,0
M400-01-baseline-awake,34,0.2,30,linear,10,1,insufficient_clean_context,insufficient_clean_context,NaN,NaN,0,0
M400-01-baseline-awake,34,0.2,30,linear,25,1,insufficient_clean_context,insufficient_clean_context,NaN,NaN,0,0
M400-01-baseline-awake,34,0.2,30,sine_squared,10,1,insufficient_clean_context,insufficient_clean_context,NaN,NaN,0,0
M400-01-baseline-awake,34,0.2,30,sine_squared,25,1,insufficient_clean_context,insufficient_clean_context,NaN,NaN,0,0
M400-01-baseline-awake,35,0.02,5,linear,10,1,not_a_rising_change,insufficient_improvement,NaN,NaN,0,0
M400-01-baseline-awake,35,0.02,5,linear,25,1,not_a_rising_change,insufficient_improvement,NaN,NaN,0,0
M400-01-baseline-awake,35,0.02,5,sine_squared,10,1,not_a_rising_change,insufficient_improvement,NaN,NaN,0,0
M400-01-baseline-awake,35,0.02,5,sine_squared,25,1,not_a_rising_change,insufficient_improvement,NaN,NaN,0,0
M400-01-baseline-awake,35,0.02,15,linear,10,1,insufficient_improvement,insufficient_improvement,NaN,NaN,0,0
M400-01-baseline-awake,35,0.02,15,linear,25,1,not_a_rising_change,insufficient_improvement,NaN,NaN,0,0
M400-01-baseline-awake,35,0.02,15,sine_squared,10,1,insufficient_improvement,insufficient_improvement,NaN,NaN,0,0
M400-01-baseline-awake,35,0.02,15,sine_squared,25,1,not_a_rising_change,insufficient_improvement,NaN,NaN,0,0
M400-01-baseline-awake,35,0.02,30,linear,10,1,not_a_rising_change,insufficient_improvement,NaN,NaN,0,0
M400-01-baseline-awake,35,0.02,30,linear,25,1,not_a_rising_change,insufficient_improvement,NaN,NaN,0,0
M400-01-baseline-awake,35,0.02,30,sine_squared,10,1,not_a_rising_change,insufficient_improvement,NaN,NaN,0,0
M400-01-baseline-awake,35,0.02,30,sine_squared,25,1,not_a_rising_change,insufficient_improvement,NaN,NaN,0,0
M400-01-baseline-awake,35,0.05,5,linear,10,1,not_a_rising_change,insufficient_improvement,NaN,NaN,0,0
M400-01-baseline-awake,35,0.05,5,linear,25,1,not_a_rising_change,insufficient_improvement,NaN,NaN,0,0
M400-01-baseline-awake,35,0.05,5,sine_squared,10,1,not_a_rising_change,insufficient_improvement,NaN,NaN,0,0
M400-01-baseline-awake,35,0.05,5,sine_squared,25,1,not_a_rising_change,insufficient_improvement,NaN,NaN,0,0
M400-01-baseline-awake,35,0.05,15,linear,10,1,insufficient_improvement,insufficient_improvement,NaN,NaN,0,0
M400-01-baseline-awake,35,0.05,15,linear,25,1,not_a_rising_change,insufficient_improvement,NaN,NaN,0,0
M400-01-baseline-awake,35,0.05,15,sine_squared,10,1,insufficient_improvement,insufficient_improvement,NaN,NaN,0,0
M400-01-baseline-awake,35,0.05,15,sine_squared,25,1,not_a_rising_change,insufficient_improvement,NaN,NaN,0,0
M400-01-baseline-awake,35,0.05,30,linear,10,1,insufficient_improvement,insufficient_improvement,NaN,NaN,0,0
M400-01-baseline-awake,35,0.05,30,linear,25,1,not_a_rising_change,insufficient_improvement,NaN,NaN,0,0
M400-01-baseline-awake,35,0.05,30,sine_squared,10,1,insufficient_improvement,insufficient_improvement,NaN,NaN,0,0
M400-01-baseline-awake,35,0.05,30,sine_squared,25,1,not_a_rising_change,insufficient_improvement,NaN,NaN,0,0
M400-01-baseline-awake,35,0.1,5,linear,10,1,insufficient_improvement,insufficient_improvement,NaN,NaN,0,0
M400-01-baseline-awake,35,0.1,5,linear,25,1,not_a_rising_change,insufficient_improvement,NaN,NaN,0,0
M400-01-baseline-awake,35,0.1,5,sine_squared,10,1,insufficient_improvement,insufficient_improvement,NaN,NaN,0,0
M400-01-baseline-awake,35,0.1,5,sine_squared,25,1,not_a_rising_change,insufficient_improvement,NaN,NaN,0,0
M400-01-baseline-awake,35,0.1,15,linear,10,1,insufficient_improvement,insufficient_improvement,NaN,NaN,0,0
M400-01-baseline-awake,35,0.1,15,linear,25,1,not_a_rising_change,insufficient_improvement,NaN,NaN,0,0
M400-01-baseline-awake,35,0.1,15,sine_squared,10,1,insufficient_improvement,insufficient_improvement,NaN,NaN,0,0
M400-01-baseline-awake,35,0.1,15,sine_squared,25,1,not_a_rising_change,insufficient_improvement,NaN,NaN,0,0
M400-01-baseline-awake,35,0.1,30,linear,10,1,insufficient_improvement,insufficient_improvement,NaN,NaN,0,0
M400-01-baseline-awake,35,0.1,30,linear,25,1,not_a_rising_change,insufficient_improvement,NaN,NaN,0,0
M400-01-baseline-awake,35,0.1,30,sine_squared,10,1,insufficient_improvement,insufficient_improvement,NaN,NaN,0,0
M400-01-baseline-awake,35,0.1,30,sine_squared,25,1,not_a_rising_change,insufficient_improvement,NaN,NaN,0,0
M400-01-baseline-awake,35,0.2,5,linear,10,1,insufficient_improvement,insufficient_improvement,NaN,NaN,0,0
M400-01-baseline-awake,35,0.2,5,linear,25,1,not_a_rising_change,insufficient_improvement,NaN,NaN,0,0
M400-01-baseline-awake,35,0.2,5,sine_squared,10,1,insufficient_improvement,insufficient_improvement,NaN,NaN,0,0
M400-01-baseline-awake,35,0.2,5,sine_squared,25,1,not_a_rising_change,insufficient_improvement,NaN,NaN,0,0
M400-01-baseline-awake,35,0.2,15,linear,10,1,insufficient_improvement,insufficient_improvement,NaN,NaN,0,0
M400-01-baseline-awake,35,0.2,15,linear,25,1,not_a_rising_change,insufficient_improvement,NaN,NaN,0,0
M400-01-baseline-awake,35,0.2,15,sine_squared,10,1,insufficient_improvement,insufficient_improvement,NaN,NaN,0,0
M400-01-baseline-awake,35,0.2,15,sine_squared,25,1,not_a_rising_change,insufficient_improvement,NaN,NaN,0,0
M400-01-baseline-awake,35,0.2,30,linear,10,1,insufficient_improvement,insufficient_improvement,NaN,NaN,0,0
M400-01-baseline-awake,35,0.2,30,linear,25,1,not_a_rising_change,insufficient_improvement,NaN,NaN,0,0
M400-01-baseline-awake,35,0.2,30,sine_squared,10,1,insufficient_improvement,insufficient_improvement,NaN,NaN,0,0
M400-01-baseline-awake,35,0.2,30,sine_squared,25,1,not_a_rising_change,insufficient_improvement,NaN,NaN,0,0
M400-01-baseline-awake,36,0.02,5,linear,10,1,insufficient_improvement,insufficient_improvement,NaN,NaN,0,0
M400-01-baseline-awake,36,0.02,5,linear,25,1,insufficient_improvement,insufficient_improvement,NaN,NaN,0,0
M400-01-baseline-awake,36,0.02,5,sine_squared,10,1,insufficient_improvement,insufficient_improvement,NaN,NaN,0,0
M400-01-baseline-awake,36,0.02,5,sine_squared,25,1,insufficient_improvement,insufficient_improvement,NaN,NaN,0,0
M400-01-baseline-awake,36,0.02,15,linear,10,1,insufficient_improvement,insufficient_improvement,NaN,NaN,0,0
M400-01-baseline-awake,36,0.02,15,linear,25,1,insufficient_improvement,insufficient_improvement,NaN,NaN,0,0
M400-01-baseline-awake,36,0.02,15,sine_squared,10,1,insufficient_improvement,insufficient_improvement,NaN,NaN,0,0
M400-01-baseline-awake,36,0.02,15,sine_squared,25,1,insufficient_improvement,insufficient_improvement,NaN,NaN,0,0
M400-01-baseline-awake,36,0.02,30,linear,10,1,insufficient_improvement,insufficient_improvement,NaN,NaN,0,0
M400-01-baseline-awake,36,0.02,30,linear,25,1,insufficient_improvement,insufficient_improvement,NaN,NaN,0,0
M400-01-baseline-awake,36,0.02,30,sine_squared,10,1,insufficient_improvement,insufficient_improvement,NaN,NaN,0,0
M400-01-baseline-awake,36,0.02,30,sine_squared,25,1,insufficient_improvement,insufficient_improvement,NaN,NaN,0,0
M400-01-baseline-awake,36,0.05,5,linear,10,1,insufficient_improvement,insufficient_improvement,NaN,NaN,0,0
M400-01-baseline-awake,36,0.05,5,linear,25,1,insufficient_improvement,insufficient_improvement,NaN,NaN,0,0
M400-01-baseline-awake,36,0.05,5,sine_squared,10,1,insufficient_improvement,insufficient_improvement,NaN,NaN,0,0
M400-01-baseline-awake,36,0.05,5,sine_squared,25,1,insufficient_improvement,insufficient_improvement,NaN,NaN,0,0
M400-01-baseline-awake,36,0.05,15,linear,10,1,insufficient_improvement,insufficient_improvement,NaN,NaN,0,0
M400-01-baseline-awake,36,0.05,15,linear,25,1,insufficient_improvement,insufficient_improvement,NaN,NaN,0,0
M400-01-baseline-awake,36,0.05,15,sine_squared,10,1,insufficient_improvement,insufficient_improvement,NaN,NaN,0,0
M400-01-baseline-awake,36,0.05,15,sine_squared,25,1,insufficient_improvement,insufficient_improvement,NaN,NaN,0,0
M400-01-baseline-awake,36,0.05,30,linear,10,1,insufficient_improvement,insufficient_improvement,NaN,NaN,0,0
M400-01-baseline-awake,36,0.05,30,linear,25,1,insufficient_improvement,insufficient_improvement,NaN,NaN,0,0
M400-01-baseline-awake,36,0.05,30,sine_squared,10,1,insufficient_improvement,insufficient_improvement,NaN,NaN,0,0
M400-01-baseline-awake,36,0.05,30,sine_squared,25,1,insufficient_improvement,insufficient_improvement,NaN,NaN,0,0
M400-01-baseline-awake,36,0.1,5,linear,10,1,resolved,insufficient_improvement,4,NaN,1,0
M400-01-baseline-awake,36,0.1,5,linear,25,1,insufficient_improvement,insufficient_improvement,NaN,NaN,0,0
M400-01-baseline-awake,36,0.1,5,sine_squared,10,1,resolved,insufficient_improvement,3,NaN,1,0
M400-01-baseline-awake,36,0.1,5,sine_squared,25,1,insufficient_improvement,insufficient_improvement,NaN,NaN,0,0
M400-01-baseline-awake,36,0.1,15,linear,10,1,resolved,insufficient_improvement,5,NaN,1,0
M400-01-baseline-awake,36,0.1,15,linear,25,1,insufficient_improvement,insufficient_improvement,NaN,NaN,0,0
M400-01-baseline-awake,36,0.1,15,sine_squared,10,1,resolved,insufficient_improvement,5,NaN,1,0
M400-01-baseline-awake,36,0.1,15,sine_squared,25,1,insufficient_improvement,insufficient_improvement,NaN,NaN,0,0
M400-01-baseline-awake,36,0.1,30,linear,10,1,insufficient_improvement,insufficient_improvement,NaN,NaN,0,0
M400-01-baseline-awake,36,0.1,30,linear,25,1,insufficient_improvement,insufficient_improvement,NaN,NaN,0,0
M400-01-baseline-awake,36,0.1,30,sine_squared,10,1,insufficient_improvement,insufficient_improvement,NaN,NaN,0,0
M400-01-baseline-awake,36,0.1,30,sine_squared,25,1,insufficient_improvement,insufficient_improvement,NaN,NaN,0,0
M400-01-baseline-awake,36,0.2,5,linear,10,1,resolved,broad_profile_unresolved,1,NaN,1,0
M400-01-baseline-awake,36,0.2,5,linear,25,1,insufficient_improvement,resolved,NaN,1,0,1
M400-01-baseline-awake,36,0.2,5,sine_squared,10,1,resolved,broad_profile_unresolved,1,NaN,1,0
M400-01-baseline-awake,36,0.2,5,sine_squared,25,1,insufficient_improvement,resolved,NaN,1,0,1
M400-01-baseline-awake,36,0.2,15,linear,10,1,resolved,resolved,4,4,1,1
M400-01-baseline-awake,36,0.2,15,linear,25,1,resolved,insufficient_improvement,-1,NaN,1,0
M400-01-baseline-awake,36,0.2,15,sine_squared,10,1,resolved,resolved,4,4,1,1
M400-01-baseline-awake,36,0.2,15,sine_squared,25,1,resolved,insufficient_improvement,-1,NaN,1,0
M400-01-baseline-awake,36,0.2,30,linear,10,1,resolved,insufficient_improvement,5,NaN,1,0
M400-01-baseline-awake,36,0.2,30,linear,25,1,resolved,insufficient_improvement,1,NaN,1,0
M400-01-baseline-awake,36,0.2,30,sine_squared,10,1,resolved,insufficient_improvement,6,NaN,0,0
M400-01-baseline-awake,36,0.2,30,sine_squared,25,1,resolved,broad_profile_unresolved,1,NaN,1,0
M400-01-baseline-awake,37,0.02,5,linear,10,1,insufficient_clean_context,insufficient_clean_context,NaN,NaN,0,0
M400-01-baseline-awake,37,0.02,5,linear,25,1,insufficient_clean_context,insufficient_clean_context,NaN,NaN,0,0
M400-01-baseline-awake,37,0.02,5,sine_squared,10,1,insufficient_clean_context,insufficient_clean_context,NaN,NaN,0,0
M400-01-baseline-awake,37,0.02,5,sine_squared,25,1,insufficient_clean_context,insufficient_clean_context,NaN,NaN,0,0
M400-01-baseline-awake,37,0.02,15,linear,10,1,insufficient_clean_context,insufficient_clean_context,NaN,NaN,0,0
M400-01-baseline-awake,37,0.02,15,linear,25,1,insufficient_clean_context,insufficient_clean_context,NaN,NaN,0,0
M400-01-baseline-awake,37,0.02,15,sine_squared,10,1,insufficient_clean_context,insufficient_clean_context,NaN,NaN,0,0
M400-01-baseline-awake,37,0.02,15,sine_squared,25,1,insufficient_clean_context,insufficient_clean_context,NaN,NaN,0,0
M400-01-baseline-awake,37,0.02,30,linear,10,1,insufficient_clean_context,insufficient_clean_context,NaN,NaN,0,0
M400-01-baseline-awake,37,0.02,30,linear,25,1,insufficient_clean_context,insufficient_clean_context,NaN,NaN,0,0
M400-01-baseline-awake,37,0.02,30,sine_squared,10,1,insufficient_clean_context,insufficient_clean_context,NaN,NaN,0,0
M400-01-baseline-awake,37,0.02,30,sine_squared,25,1,insufficient_clean_context,insufficient_clean_context,NaN,NaN,0,0
M400-01-baseline-awake,37,0.05,5,linear,10,1,insufficient_clean_context,insufficient_clean_context,NaN,NaN,0,0
M400-01-baseline-awake,37,0.05,5,linear,25,1,insufficient_clean_context,insufficient_clean_context,NaN,NaN,0,0
M400-01-baseline-awake,37,0.05,5,sine_squared,10,1,insufficient_clean_context,insufficient_clean_context,NaN,NaN,0,0
M400-01-baseline-awake,37,0.05,5,sine_squared,25,1,insufficient_clean_context,insufficient_clean_context,NaN,NaN,0,0
M400-01-baseline-awake,37,0.05,15,linear,10,1,insufficient_clean_context,insufficient_clean_context,NaN,NaN,0,0
M400-01-baseline-awake,37,0.05,15,linear,25,1,insufficient_clean_context,insufficient_clean_context,NaN,NaN,0,0
M400-01-baseline-awake,37,0.05,15,sine_squared,10,1,insufficient_clean_context,insufficient_clean_context,NaN,NaN,0,0
M400-01-baseline-awake,37,0.05,15,sine_squared,25,1,insufficient_clean_context,insufficient_clean_context,NaN,NaN,0,0
M400-01-baseline-awake,37,0.05,30,linear,10,1,insufficient_clean_context,insufficient_clean_context,NaN,NaN,0,0
M400-01-baseline-awake,37,0.05,30,linear,25,1,insufficient_clean_context,insufficient_clean_context,NaN,NaN,0,0
M400-01-baseline-awake,37,0.05,30,sine_squared,10,1,insufficient_clean_context,insufficient_clean_context,NaN,NaN,0,0
M400-01-baseline-awake,37,0.05,30,sine_squared,25,1,insufficient_clean_context,insufficient_clean_context,NaN,NaN,0,0
M400-01-baseline-awake,37,0.1,5,linear,10,1,insufficient_clean_context,insufficient_clean_context,NaN,NaN,0,0
M400-01-baseline-awake,37,0.1,5,linear,25,1,insufficient_clean_context,insufficient_clean_context,NaN,NaN,0,0
M400-01-baseline-awake,37,0.1,5,sine_squared,10,1,insufficient_clean_context,insufficient_clean_context,NaN,NaN,0,0
M400-01-baseline-awake,37,0.1,5,sine_squared,25,1,insufficient_clean_context,insufficient_clean_context,NaN,NaN,0,0
M400-01-baseline-awake,37,0.1,15,linear,10,1,insufficient_clean_context,insufficient_clean_context,NaN,NaN,0,0
M400-01-baseline-awake,37,0.1,15,linear,25,1,insufficient_clean_context,insufficient_clean_context,NaN,NaN,0,0
M400-01-baseline-awake,37,0.1,15,sine_squared,10,1,insufficient_clean_context,insufficient_clean_context,NaN,NaN,0,0
M400-01-baseline-awake,37,0.1,15,sine_squared,25,1,insufficient_clean_context,insufficient_clean_context,NaN,NaN,0,0
M400-01-baseline-awake,37,0.1,30,linear,10,1,insufficient_clean_context,insufficient_clean_context,NaN,NaN,0,0
M400-01-baseline-awake,37,0.1,30,linear,25,1,insufficient_clean_context,insufficient_clean_context,NaN,NaN,0,0
M400-01-baseline-awake,37,0.1,30,sine_squared,10,1,insufficient_clean_context,insufficient_clean_context,NaN,NaN,0,0
M400-01-baseline-awake,37,0.1,30,sine_squared,25,1,insufficient_clean_context,insufficient_clean_context,NaN,NaN,0,0
M400-01-baseline-awake,37,0.2,5,linear,10,1,insufficient_clean_context,insufficient_clean_context,NaN,NaN,0,0
M400-01-baseline-awake,37,0.2,5,linear,25,1,insufficient_clean_context,insufficient_clean_context,NaN,NaN,0,0
M400-01-baseline-awake,37,0.2,5,sine_squared,10,1,insufficient_clean_context,insufficient_clean_context,NaN,NaN,0,0
M400-01-baseline-awake,37,0.2,5,sine_squared,25,1,insufficient_clean_context,insufficient_clean_context,NaN,NaN,0,0
M400-01-baseline-awake,37,0.2,15,linear,10,1,insufficient_clean_context,insufficient_clean_context,NaN,NaN,0,0
M400-01-baseline-awake,37,0.2,15,linear,25,1,insufficient_clean_context,insufficient_clean_context,NaN,NaN,0,0
M400-01-baseline-awake,37,0.2,15,sine_squared,10,1,insufficient_clean_context,insufficient_clean_context,NaN,NaN,0,0
M400-01-baseline-awake,37,0.2,15,sine_squared,25,1,insufficient_clean_context,insufficient_clean_context,NaN,NaN,0,0
M400-01-baseline-awake,37,0.2,30,linear,10,1,insufficient_clean_context,insufficient_clean_context,NaN,NaN,0,0
M400-01-baseline-awake,37,0.2,30,linear,25,1,insufficient_clean_context,insufficient_clean_context,NaN,NaN,0,0
M400-01-baseline-awake,37,0.2,30,sine_squared,10,1,insufficient_clean_context,insufficient_clean_context,NaN,NaN,0,0
M400-01-baseline-awake,37,0.2,30,sine_squared,25,1,insufficient_clean_context,insufficient_clean_context,NaN,NaN,0,0
M400-01-baseline-awake,38,0.02,5,linear,10,1,insufficient_clean_context,insufficient_clean_context,NaN,NaN,0,0
M400-01-baseline-awake,38,0.02,5,linear,25,1,insufficient_clean_context,insufficient_clean_context,NaN,NaN,0,0
M400-01-baseline-awake,38,0.02,5,sine_squared,10,1,insufficient_clean_context,insufficient_clean_context,NaN,NaN,0,0
M400-01-baseline-awake,38,0.02,5,sine_squared,25,1,insufficient_clean_context,insufficient_clean_context,NaN,NaN,0,0
M400-01-baseline-awake,38,0.02,15,linear,10,1,insufficient_clean_context,insufficient_clean_context,NaN,NaN,0,0
M400-01-baseline-awake,38,0.02,15,linear,25,1,insufficient_clean_context,insufficient_clean_context,NaN,NaN,0,0
M400-01-baseline-awake,38,0.02,15,sine_squared,10,1,insufficient_clean_context,insufficient_clean_context,NaN,NaN,0,0
M400-01-baseline-awake,38,0.02,15,sine_squared,25,1,insufficient_clean_context,insufficient_clean_context,NaN,NaN,0,0
M400-01-baseline-awake,38,0.02,30,linear,10,1,insufficient_clean_context,insufficient_clean_context,NaN,NaN,0,0
M400-01-baseline-awake,38,0.02,30,linear,25,1,insufficient_clean_context,insufficient_clean_context,NaN,NaN,0,0
M400-01-baseline-awake,38,0.02,30,sine_squared,10,1,insufficient_clean_context,insufficient_clean_context,NaN,NaN,0,0
M400-01-baseline-awake,38,0.02,30,sine_squared,25,1,insufficient_clean_context,insufficient_clean_context,NaN,NaN,0,0
M400-01-baseline-awake,38,0.05,5,linear,10,1,insufficient_clean_context,insufficient_clean_context,NaN,NaN,0,0
M400-01-baseline-awake,38,0.05,5,linear,25,1,insufficient_clean_context,insufficient_clean_context,NaN,NaN,0,0
M400-01-baseline-awake,38,0.05,5,sine_squared,10,1,insufficient_clean_context,insufficient_clean_context,NaN,NaN,0,0
M400-01-baseline-awake,38,0.05,5,sine_squared,25,1,insufficient_clean_context,insufficient_clean_context,NaN,NaN,0,0
M400-01-baseline-awake,38,0.05,15,linear,10,1,insufficient_clean_context,insufficient_clean_context,NaN,NaN,0,0
M400-01-baseline-awake,38,0.05,15,linear,25,1,insufficient_clean_context,insufficient_clean_context,NaN,NaN,0,0
M400-01-baseline-awake,38,0.05,15,sine_squared,10,1,insufficient_clean_context,insufficient_clean_context,NaN,NaN,0,0
M400-01-baseline-awake,38,0.05,15,sine_squared,25,1,insufficient_clean_context,insufficient_clean_context,NaN,NaN,0,0
M400-01-baseline-awake,38,0.05,30,linear,10,1,insufficient_clean_context,insufficient_clean_context,NaN,NaN,0,0
M400-01-baseline-awake,38,0.05,30,linear,25,1,insufficient_clean_context,insufficient_clean_context,NaN,NaN,0,0
M400-01-baseline-awake,38,0.05,30,sine_squared,10,1,insufficient_clean_context,insufficient_clean_context,NaN,NaN,0,0
M400-01-baseline-awake,38,0.05,30,sine_squared,25,1,insufficient_clean_context,insufficient_clean_context,NaN,NaN,0,0
M400-01-baseline-awake,38,0.1,5,linear,10,1,insufficient_clean_context,insufficient_clean_context,NaN,NaN,0,0
M400-01-baseline-awake,38,0.1,5,linear,25,1,insufficient_clean_context,insufficient_clean_context,NaN,NaN,0,0
M400-01-baseline-awake,38,0.1,5,sine_squared,10,1,insufficient_clean_context,insufficient_clean_context,NaN,NaN,0,0
M400-01-baseline-awake,38,0.1,5,sine_squared,25,1,insufficient_clean_context,insufficient_clean_context,NaN,NaN,0,0
M400-01-baseline-awake,38,0.1,15,linear,10,1,insufficient_clean_context,insufficient_clean_context,NaN,NaN,0,0
M400-01-baseline-awake,38,0.1,15,linear,25,1,insufficient_clean_context,insufficient_clean_context,NaN,NaN,0,0
M400-01-baseline-awake,38,0.1,15,sine_squared,10,1,insufficient_clean_context,insufficient_clean_context,NaN,NaN,0,0
M400-01-baseline-awake,38,0.1,15,sine_squared,25,1,insufficient_clean_context,insufficient_clean_context,NaN,NaN,0,0
M400-01-baseline-awake,38,0.1,30,linear,10,1,insufficient_clean_context,insufficient_clean_context,NaN,NaN,0,0
M400-01-baseline-awake,38,0.1,30,linear,25,1,insufficient_clean_context,insufficient_clean_context,NaN,NaN,0,0
M400-01-baseline-awake,38,0.1,30,sine_squared,10,1,insufficient_clean_context,insufficient_clean_context,NaN,NaN,0,0
M400-01-baseline-awake,38,0.1,30,sine_squared,25,1,insufficient_clean_context,insufficient_clean_context,NaN,NaN,0,0
M400-01-baseline-awake,38,0.2,5,linear,10,1,insufficient_clean_context,insufficient_clean_context,NaN,NaN,0,0
M400-01-baseline-awake,38,0.2,5,linear,25,1,insufficient_clean_context,insufficient_clean_context,NaN,NaN,0,0
M400-01-baseline-awake,38,0.2,5,sine_squared,10,1,insufficient_clean_context,insufficient_clean_context,NaN,NaN,0,0
M400-01-baseline-awake,38,0.2,5,sine_squared,25,1,insufficient_clean_context,insufficient_clean_context,NaN,NaN,0,0
M400-01-baseline-awake,38,0.2,15,linear,10,1,insufficient_clean_context,insufficient_clean_context,NaN,NaN,0,0
M400-01-baseline-awake,38,0.2,15,linear,25,1,insufficient_clean_context,insufficient_clean_context,NaN,NaN,0,0
M400-01-baseline-awake,38,0.2,15,sine_squared,10,1,insufficient_clean_context,insufficient_clean_context,NaN,NaN,0,0
M400-01-baseline-awake,38,0.2,15,sine_squared,25,1,insufficient_clean_context,insufficient_clean_context,NaN,NaN,0,0
M400-01-baseline-awake,38,0.2,30,linear,10,1,insufficient_clean_context,insufficient_clean_context,NaN,NaN,0,0
M400-01-baseline-awake,38,0.2,30,linear,25,1,insufficient_clean_context,insufficient_clean_context,NaN,NaN,0,0
M400-01-baseline-awake,38,0.2,30,sine_squared,10,1,insufficient_clean_context,insufficient_clean_context,NaN,NaN,0,0
M400-01-baseline-awake,38,0.2,30,sine_squared,25,1,insufficient_clean_context,insufficient_clean_context,NaN,NaN,0,0
M400-01-baseline-awake,39,0.02,5,linear,10,1,insufficient_clean_context,insufficient_clean_context,NaN,NaN,0,0
M400-01-baseline-awake,39,0.02,5,linear,25,1,insufficient_clean_context,insufficient_clean_context,NaN,NaN,0,0
M400-01-baseline-awake,39,0.02,5,sine_squared,10,1,insufficient_clean_context,insufficient_clean_context,NaN,NaN,0,0
M400-01-baseline-awake,39,0.02,5,sine_squared,25,1,insufficient_clean_context,insufficient_clean_context,NaN,NaN,0,0
M400-01-baseline-awake,39,0.02,15,linear,10,1,insufficient_clean_context,insufficient_clean_context,NaN,NaN,0,0
M400-01-baseline-awake,39,0.02,15,linear,25,1,insufficient_clean_context,insufficient_clean_context,NaN,NaN,0,0
M400-01-baseline-awake,39,0.02,15,sine_squared,10,1,insufficient_clean_context,insufficient_clean_context,NaN,NaN,0,0
M400-01-baseline-awake,39,0.02,15,sine_squared,25,1,insufficient_clean_context,insufficient_clean_context,NaN,NaN,0,0
M400-01-baseline-awake,39,0.02,30,linear,10,1,insufficient_clean_context,insufficient_clean_context,NaN,NaN,0,0
M400-01-baseline-awake,39,0.02,30,linear,25,1,insufficient_clean_context,insufficient_clean_context,NaN,NaN,0,0
M400-01-baseline-awake,39,0.02,30,sine_squared,10,1,insufficient_clean_context,insufficient_clean_context,NaN,NaN,0,0
M400-01-baseline-awake,39,0.02,30,sine_squared,25,1,insufficient_clean_context,insufficient_clean_context,NaN,NaN,0,0
M400-01-baseline-awake,39,0.05,5,linear,10,1,insufficient_clean_context,insufficient_clean_context,NaN,NaN,0,0
M400-01-baseline-awake,39,0.05,5,linear,25,1,insufficient_clean_context,insufficient_clean_context,NaN,NaN,0,0
M400-01-baseline-awake,39,0.05,5,sine_squared,10,1,insufficient_clean_context,insufficient_clean_context,NaN,NaN,0,0
M400-01-baseline-awake,39,0.05,5,sine_squared,25,1,insufficient_clean_context,insufficient_clean_context,NaN,NaN,0,0
M400-01-baseline-awake,39,0.05,15,linear,10,1,insufficient_clean_context,insufficient_clean_context,NaN,NaN,0,0
M400-01-baseline-awake,39,0.05,15,linear,25,1,insufficient_clean_context,insufficient_clean_context,NaN,NaN,0,0
M400-01-baseline-awake,39,0.05,15,sine_squared,10,1,insufficient_clean_context,insufficient_clean_context,NaN,NaN,0,0
M400-01-baseline-awake,39,0.05,15,sine_squared,25,1,insufficient_clean_context,insufficient_clean_context,NaN,NaN,0,0
M400-01-baseline-awake,39,0.05,30,linear,10,1,insufficient_clean_context,insufficient_clean_context,NaN,NaN,0,0
M400-01-baseline-awake,39,0.05,30,linear,25,1,insufficient_clean_context,insufficient_clean_context,NaN,NaN,0,0
M400-01-baseline-awake,39,0.05,30,sine_squared,10,1,insufficient_clean_context,insufficient_clean_context,NaN,NaN,0,0
M400-01-baseline-awake,39,0.05,30,sine_squared,25,1,insufficient_clean_context,insufficient_clean_context,NaN,NaN,0,0
M400-01-baseline-awake,39,0.1,5,linear,10,1,insufficient_clean_context,insufficient_clean_context,NaN,NaN,0,0
M400-01-baseline-awake,39,0.1,5,linear,25,1,insufficient_clean_context,insufficient_clean_context,NaN,NaN,0,0
M400-01-baseline-awake,39,0.1,5,sine_squared,10,1,insufficient_clean_context,insufficient_clean_context,NaN,NaN,0,0
M400-01-baseline-awake,39,0.1,5,sine_squared,25,1,insufficient_clean_context,insufficient_clean_context,NaN,NaN,0,0
M400-01-baseline-awake,39,0.1,15,linear,10,1,insufficient_clean_context,insufficient_clean_context,NaN,NaN,0,0
M400-01-baseline-awake,39,0.1,15,linear,25,1,insufficient_clean_context,insufficient_clean_context,NaN,NaN,0,0
M400-01-baseline-awake,39,0.1,15,sine_squared,10,1,insufficient_clean_context,insufficient_clean_context,NaN,NaN,0,0
M400-01-baseline-awake,39,0.1,15,sine_squared,25,1,insufficient_clean_context,insufficient_clean_context,NaN,NaN,0,0
M400-01-baseline-awake,39,0.1,30,linear,10,1,insufficient_clean_context,insufficient_clean_context,NaN,NaN,0,0
M400-01-baseline-awake,39,0.1,30,linear,25,1,insufficient_clean_context,insufficient_clean_context,NaN,NaN,0,0
M400-01-baseline-awake,39,0.1,30,sine_squared,10,1,insufficient_clean_context,insufficient_clean_context,NaN,NaN,0,0
M400-01-baseline-awake,39,0.1,30,sine_squared,25,1,insufficient_clean_context,insufficient_clean_context,NaN,NaN,0,0
M400-01-baseline-awake,39,0.2,5,linear,10,1,insufficient_clean_context,insufficient_clean_context,NaN,NaN,0,0
M400-01-baseline-awake,39,0.2,5,linear,25,1,insufficient_clean_context,insufficient_clean_context,NaN,NaN,0,0
M400-01-baseline-awake,39,0.2,5,sine_squared,10,1,insufficient_clean_context,insufficient_clean_context,NaN,NaN,0,0
M400-01-baseline-awake,39,0.2,5,sine_squared,25,1,insufficient_clean_context,insufficient_clean_context,NaN,NaN,0,0
M400-01-baseline-awake,39,0.2,15,linear,10,1,insufficient_clean_context,insufficient_clean_context,NaN,NaN,0,0
M400-01-baseline-awake,39,0.2,15,linear,25,1,insufficient_clean_context,insufficient_clean_context,NaN,NaN,0,0
M400-01-baseline-awake,39,0.2,15,sine_squared,10,1,insufficient_clean_context,insufficient_clean_context,NaN,NaN,0,0
M400-01-baseline-awake,39,0.2,15,sine_squared,25,1,insufficient_clean_context,insufficient_clean_context,NaN,NaN,0,0
M400-01-baseline-awake,39,0.2,30,linear,10,1,insufficient_clean_context,insufficient_clean_context,NaN,NaN,0,0
M400-01-baseline-awake,39,0.2,30,linear,25,1,insufficient_clean_context,insufficient_clean_context,NaN,NaN,0,0
M400-01-baseline-awake,39,0.2,30,sine_squared,10,1,insufficient_clean_context,insufficient_clean_context,NaN,NaN,0,0
M400-01-baseline-awake,39,0.2,30,sine_squared,25,1,insufficient_clean_context,insufficient_clean_context,NaN,NaN,0,0
M400-01-baseline-awake,40,0.02,5,linear,10,1,insufficient_improvement,insufficient_improvement,NaN,NaN,0,0
M400-01-baseline-awake,40,0.02,5,linear,25,1,insufficient_improvement,insufficient_improvement,NaN,NaN,0,0
M400-01-baseline-awake,40,0.02,5,sine_squared,10,1,insufficient_improvement,insufficient_improvement,NaN,NaN,0,0
M400-01-baseline-awake,40,0.02,5,sine_squared,25,1,insufficient_improvement,insufficient_improvement,NaN,NaN,0,0
M400-01-baseline-awake,40,0.02,15,linear,10,1,insufficient_improvement,insufficient_improvement,NaN,NaN,0,0
M400-01-baseline-awake,40,0.02,15,linear,25,1,insufficient_improvement,insufficient_improvement,NaN,NaN,0,0
M400-01-baseline-awake,40,0.02,15,sine_squared,10,1,insufficient_improvement,insufficient_improvement,NaN,NaN,0,0
M400-01-baseline-awake,40,0.02,15,sine_squared,25,1,insufficient_improvement,insufficient_improvement,NaN,NaN,0,0
M400-01-baseline-awake,40,0.02,30,linear,10,1,insufficient_improvement,insufficient_improvement,NaN,NaN,0,0
M400-01-baseline-awake,40,0.02,30,linear,25,1,insufficient_improvement,insufficient_improvement,NaN,NaN,0,0
M400-01-baseline-awake,40,0.02,30,sine_squared,10,1,insufficient_improvement,insufficient_improvement,NaN,NaN,0,0
M400-01-baseline-awake,40,0.02,30,sine_squared,25,1,insufficient_improvement,insufficient_improvement,NaN,NaN,0,0
M400-01-baseline-awake,40,0.05,5,linear,10,1,insufficient_improvement,insufficient_improvement,NaN,NaN,0,0
M400-01-baseline-awake,40,0.05,5,linear,25,1,not_a_rising_change,insufficient_improvement,NaN,NaN,0,0
M400-01-baseline-awake,40,0.05,5,sine_squared,10,1,insufficient_improvement,insufficient_improvement,NaN,NaN,0,0
M400-01-baseline-awake,40,0.05,5,sine_squared,25,1,not_a_rising_change,insufficient_improvement,NaN,NaN,0,0
M400-01-baseline-awake,40,0.05,15,linear,10,1,insufficient_improvement,insufficient_improvement,NaN,NaN,0,0
M400-01-baseline-awake,40,0.05,15,linear,25,1,insufficient_improvement,insufficient_improvement,NaN,NaN,0,0
M400-01-baseline-awake,40,0.05,15,sine_squared,10,1,insufficient_improvement,insufficient_improvement,NaN,NaN,0,0
M400-01-baseline-awake,40,0.05,15,sine_squared,25,1,insufficient_improvement,insufficient_improvement,NaN,NaN,0,0
M400-01-baseline-awake,40,0.05,30,linear,10,1,insufficient_improvement,insufficient_improvement,NaN,NaN,0,0
M400-01-baseline-awake,40,0.05,30,linear,25,1,insufficient_improvement,insufficient_improvement,NaN,NaN,0,0
M400-01-baseline-awake,40,0.05,30,sine_squared,10,1,insufficient_improvement,insufficient_improvement,NaN,NaN,0,0
M400-01-baseline-awake,40,0.05,30,sine_squared,25,1,insufficient_improvement,insufficient_improvement,NaN,NaN,0,0
M400-01-baseline-awake,40,0.1,5,linear,10,1,insufficient_improvement,insufficient_improvement,NaN,NaN,0,0
M400-01-baseline-awake,40,0.1,5,linear,25,1,not_a_rising_change,resolved,NaN,-1,0,1
M400-01-baseline-awake,40,0.1,5,sine_squared,10,1,insufficient_improvement,insufficient_improvement,NaN,NaN,0,0
M400-01-baseline-awake,40,0.1,5,sine_squared,25,1,not_a_rising_change,resolved,NaN,-1,0,1
M400-01-baseline-awake,40,0.1,15,linear,10,1,insufficient_improvement,insufficient_improvement,NaN,NaN,0,0
M400-01-baseline-awake,40,0.1,15,linear,25,1,insufficient_improvement,insufficient_improvement,NaN,NaN,0,0
M400-01-baseline-awake,40,0.1,15,sine_squared,10,1,insufficient_improvement,insufficient_improvement,NaN,NaN,0,0
M400-01-baseline-awake,40,0.1,15,sine_squared,25,1,insufficient_improvement,insufficient_improvement,NaN,NaN,0,0
M400-01-baseline-awake,40,0.1,30,linear,10,1,insufficient_improvement,insufficient_improvement,NaN,NaN,0,0
M400-01-baseline-awake,40,0.1,30,linear,25,1,insufficient_improvement,insufficient_improvement,NaN,NaN,0,0
M400-01-baseline-awake,40,0.1,30,sine_squared,10,1,insufficient_improvement,insufficient_improvement,NaN,NaN,0,0
M400-01-baseline-awake,40,0.1,30,sine_squared,25,1,insufficient_improvement,insufficient_improvement,NaN,NaN,0,0
M400-01-baseline-awake,40,0.2,5,linear,10,1,resolved,resolved,0,4,1,1
M400-01-baseline-awake,40,0.2,5,linear,25,1,not_a_rising_change,resolved,NaN,0,0,1
M400-01-baseline-awake,40,0.2,5,sine_squared,10,1,resolved,resolved,0,4,1,1
M400-01-baseline-awake,40,0.2,5,sine_squared,25,1,not_a_rising_change,resolved,NaN,0,0,1
M400-01-baseline-awake,40,0.2,15,linear,10,1,resolved,resolved,4,4,1,1
M400-01-baseline-awake,40,0.2,15,linear,25,1,insufficient_improvement,insufficient_improvement,NaN,NaN,0,0
M400-01-baseline-awake,40,0.2,15,sine_squared,10,1,resolved,resolved,4,4,1,1
M400-01-baseline-awake,40,0.2,15,sine_squared,25,1,insufficient_improvement,insufficient_improvement,NaN,NaN,0,0
M400-01-baseline-awake,40,0.2,30,linear,10,1,insufficient_improvement,insufficient_improvement,NaN,NaN,0,0
M400-01-baseline-awake,40,0.2,30,linear,25,1,insufficient_improvement,insufficient_improvement,NaN,NaN,0,0
M400-01-baseline-awake,40,0.2,30,sine_squared,10,1,insufficient_improvement,insufficient_improvement,NaN,NaN,0,0
M400-01-baseline-awake,40,0.2,30,sine_squared,25,1,insufficient_improvement,insufficient_improvement,NaN,NaN,0,0
M400-01-baseline-awake,41,0.02,5,linear,10,1,resolved,broad_profile_unresolved,-7,NaN,0,0
M400-01-baseline-awake,41,0.02,5,linear,25,1,insufficient_improvement,insufficient_improvement,NaN,NaN,0,0
M400-01-baseline-awake,41,0.02,5,sine_squared,10,1,resolved,broad_profile_unresolved,-7,NaN,0,0
M400-01-baseline-awake,41,0.02,5,sine_squared,25,1,insufficient_improvement,insufficient_improvement,NaN,NaN,0,0
M400-01-baseline-awake,41,0.02,15,linear,10,1,broad_profile_unresolved,insufficient_improvement,NaN,NaN,0,0
M400-01-baseline-awake,41,0.02,15,linear,25,1,resolved,insufficient_improvement,5,NaN,1,0
M400-01-baseline-awake,41,0.02,15,sine_squared,10,1,broad_profile_unresolved,broad_profile_unresolved,NaN,NaN,0,0
M400-01-baseline-awake,41,0.02,15,sine_squared,25,1,resolved,insufficient_improvement,5,NaN,1,0
M400-01-baseline-awake,41,0.02,30,linear,10,1,broad_profile_unresolved,insufficient_improvement,NaN,NaN,0,0
M400-01-baseline-awake,41,0.02,30,linear,25,1,resolved,insufficient_improvement,6,NaN,0,0
M400-01-baseline-awake,41,0.02,30,sine_squared,10,1,broad_profile_unresolved,insufficient_improvement,NaN,NaN,0,0
M400-01-baseline-awake,41,0.02,30,sine_squared,25,1,resolved,insufficient_improvement,7,NaN,0,0
M400-01-baseline-awake,41,0.05,5,linear,10,1,resolved,resolved,-6,-7,0,0
M400-01-baseline-awake,41,0.05,5,linear,25,1,insufficient_improvement,resolved,NaN,-2,0,1
M400-01-baseline-awake,41,0.05,5,sine_squared,10,1,resolved,resolved,-5,-7,1,0
M400-01-baseline-awake,41,0.05,5,sine_squared,25,1,insufficient_improvement,resolved,NaN,-2,0,1
M400-01-baseline-awake,41,0.05,15,linear,10,1,resolved,resolved,-1,-8,1,0
M400-01-baseline-awake,41,0.05,15,linear,25,1,resolved,resolved,1,6,1,0
M400-01-baseline-awake,41,0.05,15,sine_squared,10,1,resolved,resolved,2,-6,1,0
M400-01-baseline-awake,41,0.05,15,sine_squared,25,1,resolved,resolved,1,5,1,1
M400-01-baseline-awake,41,0.05,30,linear,10,1,broad_profile_unresolved,resolved,NaN,-9,0,0
M400-01-baseline-awake,41,0.05,30,linear,25,1,resolved,resolved,6,6,0,0
M400-01-baseline-awake,41,0.05,30,sine_squared,10,1,resolved,broad_profile_unresolved,5,NaN,1,0
M400-01-baseline-awake,41,0.05,30,sine_squared,25,1,resolved,resolved,6,6,0,0
M400-01-baseline-awake,41,0.1,5,linear,10,1,resolved,resolved,-5,-2,1,1
M400-01-baseline-awake,41,0.1,5,linear,25,1,not_a_rising_change,resolved,NaN,1,0,1
M400-01-baseline-awake,41,0.1,5,sine_squared,10,1,resolved,resolved,-5,-2,1,1
M400-01-baseline-awake,41,0.1,5,sine_squared,25,1,not_a_rising_change,resolved,NaN,1,0,1
M400-01-baseline-awake,41,0.1,15,linear,10,1,resolved,resolved,-1,-7,1,0
M400-01-baseline-awake,41,0.1,15,linear,25,1,resolved,resolved,-1,2,1,1
M400-01-baseline-awake,41,0.1,15,sine_squared,10,1,resolved,resolved,2,-3,1,1
M400-01-baseline-awake,41,0.1,15,sine_squared,25,1,resolved,resolved,0,4,1,1
M400-01-baseline-awake,41,0.1,30,linear,10,1,resolved,resolved,-1,-8,1,0
M400-01-baseline-awake,41,0.1,30,linear,25,1,resolved,resolved,5,5,1,1
M400-01-baseline-awake,41,0.1,30,sine_squared,10,1,resolved,broad_profile_unresolved,5,NaN,1,0
M400-01-baseline-awake,41,0.1,30,sine_squared,25,1,resolved,resolved,6,6,0,0
M400-01-baseline-awake,41,0.2,5,linear,10,1,resolved,resolved,-4,-2,1,1
M400-01-baseline-awake,41,0.2,5,linear,25,1,not_a_rising_change,resolved,NaN,0,0,1
M400-01-baseline-awake,41,0.2,5,sine_squared,10,1,resolved,resolved,-4,0,1,1
M400-01-baseline-awake,41,0.2,5,sine_squared,25,1,not_a_rising_change,resolved,NaN,0,0,1
M400-01-baseline-awake,41,0.2,15,linear,10,1,resolved,resolved,0,-6,1,0
M400-01-baseline-awake,41,0.2,15,linear,25,1,resolved,resolved,-2,1,1,1
M400-01-baseline-awake,41,0.2,15,sine_squared,10,1,resolved,resolved,2,-1,1,1
M400-01-baseline-awake,41,0.2,15,sine_squared,25,1,resolved,resolved,-2,1,1,1
M400-01-baseline-awake,41,0.2,30,linear,10,1,resolved,resolved,-1,-7,1,0
M400-01-baseline-awake,41,0.2,30,linear,25,1,resolved,resolved,3,3,1,1
M400-01-baseline-awake,41,0.2,30,sine_squared,10,1,resolved,resolved,5,-1,1,1
M400-01-baseline-awake,41,0.2,30,sine_squared,25,1,resolved,resolved,5,5,1,1
M400-01-baseline-awake,42,0.02,5,linear,10,1,resolved,insufficient_improvement,0,NaN,1,0
M400-01-baseline-awake,42,0.02,5,linear,25,1,insufficient_improvement,insufficient_improvement,NaN,NaN,0,0
M400-01-baseline-awake,42,0.02,5,sine_squared,10,1,resolved,insufficient_improvement,0,NaN,1,0
M400-01-baseline-awake,42,0.02,5,sine_squared,25,1,insufficient_improvement,insufficient_improvement,NaN,NaN,0,0
M400-01-baseline-awake,42,0.02,15,linear,10,1,resolved,insufficient_improvement,5,NaN,1,0
M400-01-baseline-awake,42,0.02,15,linear,25,1,insufficient_improvement,insufficient_improvement,NaN,NaN,0,0
M400-01-baseline-awake,42,0.02,15,sine_squared,10,1,resolved,insufficient_improvement,5,NaN,1,0
M400-01-baseline-awake,42,0.02,15,sine_squared,25,1,insufficient_improvement,insufficient_improvement,NaN,NaN,0,0
M400-01-baseline-awake,42,0.02,30,linear,10,1,insufficient_improvement,insufficient_improvement,NaN,NaN,0,0
M400-01-baseline-awake,42,0.02,30,linear,25,1,insufficient_improvement,insufficient_improvement,NaN,NaN,0,0
M400-01-baseline-awake,42,0.02,30,sine_squared,10,1,insufficient_improvement,insufficient_improvement,NaN,NaN,0,0
M400-01-baseline-awake,42,0.02,30,sine_squared,25,1,broad_profile_unresolved,insufficient_improvement,NaN,NaN,0,0
M400-01-baseline-awake,42,0.05,5,linear,10,1,resolved,resolved,-5,0,1,1
M400-01-baseline-awake,42,0.05,5,linear,25,1,insufficient_improvement,resolved,NaN,2,0,1
M400-01-baseline-awake,42,0.05,5,sine_squared,10,1,resolved,resolved,-5,0,1,1
M400-01-baseline-awake,42,0.05,5,sine_squared,25,1,insufficient_improvement,resolved,NaN,2,0,1
M400-01-baseline-awake,42,0.05,15,linear,10,1,resolved,broad_profile_unresolved,1,NaN,1,0
M400-01-baseline-awake,42,0.05,15,linear,25,1,resolved,resolved,0,9,1,0
M400-01-baseline-awake,42,0.05,15,sine_squared,10,1,resolved,resolved,4,5,1,1
M400-01-baseline-awake,42,0.05,15,sine_squared,25,1,resolved,resolved,1,9,1,0
M400-01-baseline-awake,42,0.05,30,linear,10,1,resolved,insufficient_improvement,5,NaN,1,0
M400-01-baseline-awake,42,0.05,30,linear,25,1,resolved,broad_profile_unresolved,7,NaN,0,0
M400-01-baseline-awake,42,0.05,30,sine_squared,10,1,resolved,insufficient_improvement,5,NaN,1,0
M400-01-baseline-awake,42,0.05,30,sine_squared,25,1,resolved,broad_profile_unresolved,7,NaN,0,0
M400-01-baseline-awake,42,0.1,5,linear,10,1,resolved,resolved,-4,-2,1,1
M400-01-baseline-awake,42,0.1,5,linear,25,1,not_a_rising_change,resolved,NaN,0,0,1
M400-01-baseline-awake,42,0.1,5,sine_squared,10,1,resolved,resolved,-4,-2,1,1
M400-01-baseline-awake,42,0.1,5,sine_squared,25,1,not_a_rising_change,resolved,NaN,0,0,1
M400-01-baseline-awake,42,0.1,15,linear,10,1,resolved,resolved,1,-1,1,1
M400-01-baseline-awake,42,0.1,15,linear,25,1,resolved,resolved,-2,-1,1,1
M400-01-baseline-awake,42,0.1,15,sine_squared,10,1,resolved,resolved,3,3,1,1
M400-01-baseline-awake,42,0.1,15,sine_squared,25,1,resolved,resolved,-2,3,1,1
M400-01-baseline-awake,42,0.1,30,linear,10,1,resolved,broad_profile_unresolved,1,NaN,1,0
M400-01-baseline-awake,42,0.1,30,linear,25,1,resolved,broad_profile_unresolved,3,NaN,1,0
M400-01-baseline-awake,42,0.1,30,sine_squared,10,1,resolved,resolved,5,5,1,1
M400-01-baseline-awake,42,0.1,30,sine_squared,25,1,resolved,resolved,6,7,0,0
M400-01-baseline-awake,42,0.2,5,linear,10,1,resolved,resolved,-4,-2,1,1
M400-01-baseline-awake,42,0.2,5,linear,25,1,not_a_rising_change,resolved,NaN,0,0,1
M400-01-baseline-awake,42,0.2,5,sine_squared,10,1,resolved,resolved,-4,0,1,1
M400-01-baseline-awake,42,0.2,5,sine_squared,25,1,not_a_rising_change,resolved,NaN,0,0,1
M400-01-baseline-awake,42,0.2,15,linear,10,1,resolved,resolved,1,-2,1,1
M400-01-baseline-awake,42,0.2,15,linear,25,1,resolved,resolved,-3,-2,1,1
M400-01-baseline-awake,42,0.2,15,sine_squared,10,1,resolved,resolved,2,0,1,1
M400-01-baseline-awake,42,0.2,15,sine_squared,25,1,resolved,resolved,-3,3,1,1
M400-01-baseline-awake,42,0.2,30,linear,10,1,resolved,resolved,1,-1,1,1
M400-01-baseline-awake,42,0.2,30,linear,25,1,resolved,resolved,2,2,1,1
M400-01-baseline-awake,42,0.2,30,sine_squared,10,1,resolved,resolved,5,5,1,1
M400-01-baseline-awake,42,0.2,30,sine_squared,25,1,resolved,resolved,5,6,1,0
M400-01-baseline-awake,43,0.02,5,linear,10,1,insufficient_clean_context,insufficient_clean_context,NaN,NaN,0,0
M400-01-baseline-awake,43,0.02,5,linear,25,1,insufficient_clean_context,insufficient_clean_context,NaN,NaN,0,0
M400-01-baseline-awake,43,0.02,5,sine_squared,10,1,insufficient_clean_context,insufficient_clean_context,NaN,NaN,0,0
M400-01-baseline-awake,43,0.02,5,sine_squared,25,1,insufficient_clean_context,insufficient_clean_context,NaN,NaN,0,0
M400-01-baseline-awake,43,0.02,15,linear,10,1,insufficient_clean_context,insufficient_clean_context,NaN,NaN,0,0
M400-01-baseline-awake,43,0.02,15,linear,25,1,insufficient_clean_context,insufficient_clean_context,NaN,NaN,0,0
M400-01-baseline-awake,43,0.02,15,sine_squared,10,1,insufficient_clean_context,insufficient_clean_context,NaN,NaN,0,0
M400-01-baseline-awake,43,0.02,15,sine_squared,25,1,insufficient_clean_context,insufficient_clean_context,NaN,NaN,0,0
M400-01-baseline-awake,43,0.02,30,linear,10,1,insufficient_clean_context,insufficient_clean_context,NaN,NaN,0,0
M400-01-baseline-awake,43,0.02,30,linear,25,1,insufficient_clean_context,insufficient_clean_context,NaN,NaN,0,0
M400-01-baseline-awake,43,0.02,30,sine_squared,10,1,insufficient_clean_context,insufficient_clean_context,NaN,NaN,0,0
M400-01-baseline-awake,43,0.02,30,sine_squared,25,1,insufficient_clean_context,insufficient_clean_context,NaN,NaN,0,0
M400-01-baseline-awake,43,0.05,5,linear,10,1,insufficient_clean_context,insufficient_clean_context,NaN,NaN,0,0
M400-01-baseline-awake,43,0.05,5,linear,25,1,insufficient_clean_context,insufficient_clean_context,NaN,NaN,0,0
M400-01-baseline-awake,43,0.05,5,sine_squared,10,1,insufficient_clean_context,insufficient_clean_context,NaN,NaN,0,0
M400-01-baseline-awake,43,0.05,5,sine_squared,25,1,insufficient_clean_context,insufficient_clean_context,NaN,NaN,0,0
M400-01-baseline-awake,43,0.05,15,linear,10,1,insufficient_clean_context,insufficient_clean_context,NaN,NaN,0,0
M400-01-baseline-awake,43,0.05,15,linear,25,1,insufficient_clean_context,insufficient_clean_context,NaN,NaN,0,0
M400-01-baseline-awake,43,0.05,15,sine_squared,10,1,insufficient_clean_context,insufficient_clean_context,NaN,NaN,0,0
M400-01-baseline-awake,43,0.05,15,sine_squared,25,1,insufficient_clean_context,insufficient_clean_context,NaN,NaN,0,0
M400-01-baseline-awake,43,0.05,30,linear,10,1,insufficient_clean_context,insufficient_clean_context,NaN,NaN,0,0
M400-01-baseline-awake,43,0.05,30,linear,25,1,insufficient_clean_context,insufficient_clean_context,NaN,NaN,0,0
M400-01-baseline-awake,43,0.05,30,sine_squared,10,1,insufficient_clean_context,insufficient_clean_context,NaN,NaN,0,0
M400-01-baseline-awake,43,0.05,30,sine_squared,25,1,insufficient_clean_context,insufficient_clean_context,NaN,NaN,0,0
M400-01-baseline-awake,43,0.1,5,linear,10,1,insufficient_clean_context,insufficient_clean_context,NaN,NaN,0,0
M400-01-baseline-awake,43,0.1,5,linear,25,1,insufficient_clean_context,insufficient_clean_context,NaN,NaN,0,0
M400-01-baseline-awake,43,0.1,5,sine_squared,10,1,insufficient_clean_context,insufficient_clean_context,NaN,NaN,0,0
M400-01-baseline-awake,43,0.1,5,sine_squared,25,1,insufficient_clean_context,insufficient_clean_context,NaN,NaN,0,0
M400-01-baseline-awake,43,0.1,15,linear,10,1,insufficient_clean_context,insufficient_clean_context,NaN,NaN,0,0
M400-01-baseline-awake,43,0.1,15,linear,25,1,insufficient_clean_context,insufficient_clean_context,NaN,NaN,0,0
M400-01-baseline-awake,43,0.1,15,sine_squared,10,1,insufficient_clean_context,insufficient_clean_context,NaN,NaN,0,0
M400-01-baseline-awake,43,0.1,15,sine_squared,25,1,insufficient_clean_context,insufficient_clean_context,NaN,NaN,0,0
M400-01-baseline-awake,43,0.1,30,linear,10,1,insufficient_clean_context,insufficient_clean_context,NaN,NaN,0,0
M400-01-baseline-awake,43,0.1,30,linear,25,1,insufficient_clean_context,insufficient_clean_context,NaN,NaN,0,0
M400-01-baseline-awake,43,0.1,30,sine_squared,10,1,insufficient_clean_context,insufficient_clean_context,NaN,NaN,0,0
M400-01-baseline-awake,43,0.1,30,sine_squared,25,1,insufficient_clean_context,insufficient_clean_context,NaN,NaN,0,0
M400-01-baseline-awake,43,0.2,5,linear,10,1,insufficient_clean_context,insufficient_clean_context,NaN,NaN,0,0
M400-01-baseline-awake,43,0.2,5,linear,25,1,insufficient_clean_context,insufficient_clean_context,NaN,NaN,0,0
M400-01-baseline-awake,43,0.2,5,sine_squared,10,1,insufficient_clean_context,insufficient_clean_context,NaN,NaN,0,0
M400-01-baseline-awake,43,0.2,5,sine_squared,25,1,insufficient_clean_context,insufficient_clean_context,NaN,NaN,0,0
M400-01-baseline-awake,43,0.2,15,linear,10,1,insufficient_clean_context,insufficient_clean_context,NaN,NaN,0,0
M400-01-baseline-awake,43,0.2,15,linear,25,1,insufficient_clean_context,insufficient_clean_context,NaN,NaN,0,0
M400-01-baseline-awake,43,0.2,15,sine_squared,10,1,insufficient_clean_context,insufficient_clean_context,NaN,NaN,0,0
M400-01-baseline-awake,43,0.2,15,sine_squared,25,1,insufficient_clean_context,insufficient_clean_context,NaN,NaN,0,0
M400-01-baseline-awake,43,0.2,30,linear,10,1,insufficient_clean_context,insufficient_clean_context,NaN,NaN,0,0
M400-01-baseline-awake,43,0.2,30,linear,25,1,insufficient_clean_context,insufficient_clean_context,NaN,NaN,0,0
M400-01-baseline-awake,43,0.2,30,sine_squared,10,1,insufficient_clean_context,insufficient_clean_context,NaN,NaN,0,0
M400-01-baseline-awake,43,0.2,30,sine_squared,25,1,insufficient_clean_context,insufficient_clean_context,NaN,NaN,0,0
M400-01-baseline-awake,44,0.02,5,linear,10,1,resolved,resolved,-23,-23,0,0
M400-01-baseline-awake,44,0.02,5,linear,25,1,resolved,resolved,-8,-8,0,0
M400-01-baseline-awake,44,0.02,5,sine_squared,10,1,resolved,resolved,-23,-23,0,0
M400-01-baseline-awake,44,0.02,5,sine_squared,25,1,resolved,resolved,-8,-8,0,0
M400-01-baseline-awake,44,0.02,15,linear,10,1,resolved,resolved,-23,-23,0,0
M400-01-baseline-awake,44,0.02,15,linear,25,1,resolved,resolved,-8,-7,0,0
M400-01-baseline-awake,44,0.02,15,sine_squared,10,1,resolved,resolved,-23,-23,0,0
M400-01-baseline-awake,44,0.02,15,sine_squared,25,1,resolved,resolved,-8,-7,0,0
M400-01-baseline-awake,44,0.02,30,linear,10,1,resolved,resolved,-23,-23,0,0
M400-01-baseline-awake,44,0.02,30,linear,25,1,resolved,resolved,-8,-7,0,0
M400-01-baseline-awake,44,0.02,30,sine_squared,10,1,resolved,resolved,-23,-23,0,0
M400-01-baseline-awake,44,0.02,30,sine_squared,25,1,resolved,resolved,-8,-7,0,0
M400-01-baseline-awake,44,0.05,5,linear,10,1,resolved,resolved,-22,-22,0,0
M400-01-baseline-awake,44,0.05,5,linear,25,1,resolved,resolved,-9,-10,0,0
M400-01-baseline-awake,44,0.05,5,sine_squared,10,1,resolved,resolved,-22,-22,0,0
M400-01-baseline-awake,44,0.05,5,sine_squared,25,1,resolved,resolved,-9,-10,0,0
M400-01-baseline-awake,44,0.05,15,linear,10,1,resolved,resolved,-23,-23,0,0
M400-01-baseline-awake,44,0.05,15,linear,25,1,resolved,resolved,-8,-7,0,0
M400-01-baseline-awake,44,0.05,15,sine_squared,10,1,resolved,resolved,-23,-23,0,0
M400-01-baseline-awake,44,0.05,15,sine_squared,25,1,resolved,resolved,-8,-8,0,0
M400-01-baseline-awake,44,0.05,30,linear,10,1,resolved,resolved,-23,-23,0,0
M400-01-baseline-awake,44,0.05,30,linear,25,1,resolved,resolved,-8,-8,0,0
M400-01-baseline-awake,44,0.05,30,sine_squared,10,1,resolved,resolved,-23,-23,0,0
M400-01-baseline-awake,44,0.05,30,sine_squared,25,1,resolved,resolved,-8,-8,0,0
M400-01-baseline-awake,44,0.1,5,linear,10,1,resolved,resolved,-21,-25,0,0
M400-01-baseline-awake,44,0.1,5,linear,25,1,resolved,resolved,-9,-11,0,0
M400-01-baseline-awake,44,0.1,5,sine_squared,10,1,resolved,resolved,-21,-25,0,0
M400-01-baseline-awake,44,0.1,5,sine_squared,25,1,resolved,resolved,-9,-11,0,0
M400-01-baseline-awake,44,0.1,15,linear,10,1,resolved,resolved,-22,-22,0,0
M400-01-baseline-awake,44,0.1,15,linear,25,1,resolved,resolved,-8,-8,0,0
M400-01-baseline-awake,44,0.1,15,sine_squared,10,1,resolved,resolved,-21,-21,0,0
M400-01-baseline-awake,44,0.1,15,sine_squared,25,1,resolved,resolved,-8,-8,0,0
M400-01-baseline-awake,44,0.1,30,linear,10,1,resolved,resolved,-23,-23,0,0
M400-01-baseline-awake,44,0.1,30,linear,25,1,resolved,resolved,-7,-7,0,0
M400-01-baseline-awake,44,0.1,30,sine_squared,10,1,resolved,resolved,-23,-23,0,0
M400-01-baseline-awake,44,0.1,30,sine_squared,25,1,resolved,resolved,-7,-7,0,0
M400-01-baseline-awake,44,0.2,5,linear,10,1,resolved,resolved,-16,-22,0,0
M400-01-baseline-awake,44,0.2,5,linear,25,1,resolved,resolved,-10,-6,0,0
M400-01-baseline-awake,44,0.2,5,sine_squared,10,1,resolved,resolved,-16,-22,0,0
M400-01-baseline-awake,44,0.2,5,sine_squared,25,1,resolved,resolved,-10,-6,0,0
M400-01-baseline-awake,44,0.2,15,linear,10,1,resolved,resolved,-19,-25,0,0
M400-01-baseline-awake,44,0.2,15,linear,25,1,resolved,resolved,-7,-8,0,0
M400-01-baseline-awake,44,0.2,15,sine_squared,10,1,resolved,resolved,-18,-24,0,0
M400-01-baseline-awake,44,0.2,15,sine_squared,25,1,resolved,resolved,-7,-8,0,0
M400-01-baseline-awake,44,0.2,30,linear,10,1,resolved,resolved,-22,-22,0,0
M400-01-baseline-awake,44,0.2,30,linear,25,1,resolved,resolved,-6,-6,0,0
M400-01-baseline-awake,44,0.2,30,sine_squared,10,1,resolved,resolved,-22,-22,0,0
M400-01-baseline-awake,44,0.2,30,sine_squared,25,1,resolved,resolved,-5,-10,1,0
M400-01-baseline-awake,45,0.02,5,linear,10,1,not_a_rising_change,insufficient_improvement,NaN,NaN,0,0
M400-01-baseline-awake,45,0.02,5,linear,25,1,not_a_rising_change,search_boundary_unresolved,NaN,NaN,0,0
M400-01-baseline-awake,45,0.02,5,sine_squared,10,1,not_a_rising_change,insufficient_improvement,NaN,NaN,0,0
M400-01-baseline-awake,45,0.02,5,sine_squared,25,1,not_a_rising_change,search_boundary_unresolved,NaN,NaN,0,0
M400-01-baseline-awake,45,0.02,15,linear,10,1,not_a_rising_change,insufficient_improvement,NaN,NaN,0,0
M400-01-baseline-awake,45,0.02,15,linear,25,1,not_a_rising_change,insufficient_improvement,NaN,NaN,0,0
M400-01-baseline-awake,45,0.02,15,sine_squared,10,1,not_a_rising_change,insufficient_improvement,NaN,NaN,0,0
M400-01-baseline-awake,45,0.02,15,sine_squared,25,1,not_a_rising_change,insufficient_improvement,NaN,NaN,0,0
M400-01-baseline-awake,45,0.02,30,linear,10,1,not_a_rising_change,insufficient_improvement,NaN,NaN,0,0
M400-01-baseline-awake,45,0.02,30,linear,25,1,not_a_rising_change,insufficient_improvement,NaN,NaN,0,0
M400-01-baseline-awake,45,0.02,30,sine_squared,10,1,not_a_rising_change,insufficient_improvement,NaN,NaN,0,0
M400-01-baseline-awake,45,0.02,30,sine_squared,25,1,not_a_rising_change,insufficient_improvement,NaN,NaN,0,0
M400-01-baseline-awake,45,0.05,5,linear,10,1,insufficient_improvement,insufficient_improvement,NaN,NaN,0,0
M400-01-baseline-awake,45,0.05,5,linear,25,1,not_a_rising_change,resolved,NaN,-3,0,1
M400-01-baseline-awake,45,0.05,5,sine_squared,10,1,insufficient_improvement,insufficient_improvement,NaN,NaN,0,0
M400-01-baseline-awake,45,0.05,5,sine_squared,25,1,not_a_rising_change,resolved,NaN,-3,0,1
M400-01-baseline-awake,45,0.05,15,linear,10,1,insufficient_improvement,insufficient_improvement,NaN,NaN,0,0
M400-01-baseline-awake,45,0.05,15,linear,25,1,insufficient_improvement,insufficient_improvement,NaN,NaN,0,0
M400-01-baseline-awake,45,0.05,15,sine_squared,10,1,insufficient_improvement,insufficient_improvement,NaN,NaN,0,0
M400-01-baseline-awake,45,0.05,15,sine_squared,25,1,insufficient_improvement,insufficient_improvement,NaN,NaN,0,0
M400-01-baseline-awake,45,0.05,30,linear,10,1,not_a_rising_change,insufficient_improvement,NaN,NaN,0,0
M400-01-baseline-awake,45,0.05,30,linear,25,1,insufficient_improvement,insufficient_improvement,NaN,NaN,0,0
M400-01-baseline-awake,45,0.05,30,sine_squared,10,1,not_a_rising_change,insufficient_improvement,NaN,NaN,0,0
M400-01-baseline-awake,45,0.05,30,sine_squared,25,1,insufficient_improvement,insufficient_improvement,NaN,NaN,0,0
M400-01-baseline-awake,45,0.1,5,linear,10,1,resolved,resolved,3,3,1,1
M400-01-baseline-awake,45,0.1,5,linear,25,1,not_a_rising_change,resolved,NaN,-3,0,1
M400-01-baseline-awake,45,0.1,5,sine_squared,10,1,resolved,resolved,2,3,1,1
M400-01-baseline-awake,45,0.1,5,sine_squared,25,1,not_a_rising_change,resolved,NaN,0,0,1
M400-01-baseline-awake,45,0.1,15,linear,10,1,resolved,resolved,8,8,0,0
M400-01-baseline-awake,45,0.1,15,linear,25,1,insufficient_improvement,insufficient_improvement,NaN,NaN,0,0
M400-01-baseline-awake,45,0.1,15,sine_squared,10,1,resolved,resolved,7,8,0,0
M400-01-baseline-awake,45,0.1,15,sine_squared,25,1,insufficient_improvement,resolved,NaN,6,0,0
M400-01-baseline-awake,45,0.1,30,linear,10,1,insufficient_improvement,insufficient_improvement,NaN,NaN,0,0
M400-01-baseline-awake,45,0.1,30,linear,25,1,insufficient_improvement,insufficient_improvement,NaN,NaN,0,0
M400-01-baseline-awake,45,0.1,30,sine_squared,10,1,insufficient_improvement,insufficient_improvement,NaN,NaN,0,0
M400-01-baseline-awake,45,0.1,30,sine_squared,25,1,insufficient_improvement,insufficient_improvement,NaN,NaN,0,0
M400-01-baseline-awake,45,0.2,5,linear,10,1,resolved,resolved,0,1,1,1
M400-01-baseline-awake,45,0.2,5,linear,25,1,not_a_rising_change,resolved,NaN,0,0,1
M400-01-baseline-awake,45,0.2,5,sine_squared,10,1,resolved,resolved,0,1,1,1
M400-01-baseline-awake,45,0.2,5,sine_squared,25,1,not_a_rising_change,resolved,NaN,0,0,1
M400-01-baseline-awake,45,0.2,15,linear,10,1,resolved,resolved,6,5,0,1
M400-01-baseline-awake,45,0.2,15,linear,25,1,insufficient_improvement,resolved,NaN,1,0,1
M400-01-baseline-awake,45,0.2,15,sine_squared,10,1,resolved,resolved,6,7,0,0
M400-01-baseline-awake,45,0.2,15,sine_squared,25,1,insufficient_improvement,resolved,NaN,5,0,1
M400-01-baseline-awake,45,0.2,30,linear,10,1,resolved,resolved,8,8,0,0
M400-01-baseline-awake,45,0.2,30,linear,25,1,resolved,resolved,22,23,0,0
M400-01-baseline-awake,45,0.2,30,sine_squared,10,1,resolved,insufficient_improvement,9,NaN,0,0
M400-01-baseline-awake,45,0.2,30,sine_squared,25,1,resolved,broad_profile_unresolved,4,NaN,1,0
M400-01-baseline-awake,46,0.02,5,linear,10,1,insufficient_clean_context,insufficient_clean_context,NaN,NaN,0,0
M400-01-baseline-awake,46,0.02,5,linear,25,1,insufficient_clean_context,insufficient_clean_context,NaN,NaN,0,0
M400-01-baseline-awake,46,0.02,5,sine_squared,10,1,insufficient_clean_context,insufficient_clean_context,NaN,NaN,0,0
M400-01-baseline-awake,46,0.02,5,sine_squared,25,1,insufficient_clean_context,insufficient_clean_context,NaN,NaN,0,0
M400-01-baseline-awake,46,0.02,15,linear,10,1,insufficient_clean_context,insufficient_clean_context,NaN,NaN,0,0
M400-01-baseline-awake,46,0.02,15,linear,25,1,insufficient_clean_context,insufficient_clean_context,NaN,NaN,0,0
M400-01-baseline-awake,46,0.02,15,sine_squared,10,1,insufficient_clean_context,insufficient_clean_context,NaN,NaN,0,0
M400-01-baseline-awake,46,0.02,15,sine_squared,25,1,insufficient_clean_context,insufficient_clean_context,NaN,NaN,0,0
M400-01-baseline-awake,46,0.02,30,linear,10,1,insufficient_clean_context,insufficient_clean_context,NaN,NaN,0,0
M400-01-baseline-awake,46,0.02,30,linear,25,1,insufficient_clean_context,insufficient_clean_context,NaN,NaN,0,0
M400-01-baseline-awake,46,0.02,30,sine_squared,10,1,insufficient_clean_context,insufficient_clean_context,NaN,NaN,0,0
M400-01-baseline-awake,46,0.02,30,sine_squared,25,1,insufficient_clean_context,insufficient_clean_context,NaN,NaN,0,0
M400-01-baseline-awake,46,0.05,5,linear,10,1,insufficient_clean_context,insufficient_clean_context,NaN,NaN,0,0
M400-01-baseline-awake,46,0.05,5,linear,25,1,insufficient_clean_context,insufficient_clean_context,NaN,NaN,0,0
M400-01-baseline-awake,46,0.05,5,sine_squared,10,1,insufficient_clean_context,insufficient_clean_context,NaN,NaN,0,0
M400-01-baseline-awake,46,0.05,5,sine_squared,25,1,insufficient_clean_context,insufficient_clean_context,NaN,NaN,0,0
M400-01-baseline-awake,46,0.05,15,linear,10,1,insufficient_clean_context,insufficient_clean_context,NaN,NaN,0,0
M400-01-baseline-awake,46,0.05,15,linear,25,1,insufficient_clean_context,insufficient_clean_context,NaN,NaN,0,0
M400-01-baseline-awake,46,0.05,15,sine_squared,10,1,insufficient_clean_context,insufficient_clean_context,NaN,NaN,0,0
M400-01-baseline-awake,46,0.05,15,sine_squared,25,1,insufficient_clean_context,insufficient_clean_context,NaN,NaN,0,0
M400-01-baseline-awake,46,0.05,30,linear,10,1,insufficient_clean_context,insufficient_clean_context,NaN,NaN,0,0
M400-01-baseline-awake,46,0.05,30,linear,25,1,insufficient_clean_context,insufficient_clean_context,NaN,NaN,0,0
M400-01-baseline-awake,46,0.05,30,sine_squared,10,1,insufficient_clean_context,insufficient_clean_context,NaN,NaN,0,0
M400-01-baseline-awake,46,0.05,30,sine_squared,25,1,insufficient_clean_context,insufficient_clean_context,NaN,NaN,0,0
M400-01-baseline-awake,46,0.1,5,linear,10,1,insufficient_clean_context,insufficient_clean_context,NaN,NaN,0,0
M400-01-baseline-awake,46,0.1,5,linear,25,1,insufficient_clean_context,insufficient_clean_context,NaN,NaN,0,0
M400-01-baseline-awake,46,0.1,5,sine_squared,10,1,insufficient_clean_context,insufficient_clean_context,NaN,NaN,0,0
M400-01-baseline-awake,46,0.1,5,sine_squared,25,1,insufficient_clean_context,insufficient_clean_context,NaN,NaN,0,0
M400-01-baseline-awake,46,0.1,15,linear,10,1,insufficient_clean_context,insufficient_clean_context,NaN,NaN,0,0
M400-01-baseline-awake,46,0.1,15,linear,25,1,insufficient_clean_context,insufficient_clean_context,NaN,NaN,0,0
M400-01-baseline-awake,46,0.1,15,sine_squared,10,1,insufficient_clean_context,insufficient_clean_context,NaN,NaN,0,0
M400-01-baseline-awake,46,0.1,15,sine_squared,25,1,insufficient_clean_context,insufficient_clean_context,NaN,NaN,0,0
M400-01-baseline-awake,46,0.1,30,linear,10,1,insufficient_clean_context,insufficient_clean_context,NaN,NaN,0,0
M400-01-baseline-awake,46,0.1,30,linear,25,1,insufficient_clean_context,insufficient_clean_context,NaN,NaN,0,0
M400-01-baseline-awake,46,0.1,30,sine_squared,10,1,insufficient_clean_context,insufficient_clean_context,NaN,NaN,0,0
M400-01-baseline-awake,46,0.1,30,sine_squared,25,1,insufficient_clean_context,insufficient_clean_context,NaN,NaN,0,0
M400-01-baseline-awake,46,0.2,5,linear,10,1,insufficient_clean_context,insufficient_clean_context,NaN,NaN,0,0
M400-01-baseline-awake,46,0.2,5,linear,25,1,insufficient_clean_context,insufficient_clean_context,NaN,NaN,0,0
M400-01-baseline-awake,46,0.2,5,sine_squared,10,1,insufficient_clean_context,insufficient_clean_context,NaN,NaN,0,0
M400-01-baseline-awake,46,0.2,5,sine_squared,25,1,insufficient_clean_context,insufficient_clean_context,NaN,NaN,0,0
M400-01-baseline-awake,46,0.2,15,linear,10,1,insufficient_clean_context,insufficient_clean_context,NaN,NaN,0,0
M400-01-baseline-awake,46,0.2,15,linear,25,1,insufficient_clean_context,insufficient_clean_context,NaN,NaN,0,0
M400-01-baseline-awake,46,0.2,15,sine_squared,10,1,insufficient_clean_context,insufficient_clean_context,NaN,NaN,0,0
M400-01-baseline-awake,46,0.2,15,sine_squared,25,1,insufficient_clean_context,insufficient_clean_context,NaN,NaN,0,0
M400-01-baseline-awake,46,0.2,30,linear,10,1,insufficient_clean_context,insufficient_clean_context,NaN,NaN,0,0
M400-01-baseline-awake,46,0.2,30,linear,25,1,insufficient_clean_context,insufficient_clean_context,NaN,NaN,0,0
M400-01-baseline-awake,46,0.2,30,sine_squared,10,1,insufficient_clean_context,insufficient_clean_context,NaN,NaN,0,0
M400-01-baseline-awake,46,0.2,30,sine_squared,25,1,insufficient_clean_context,insufficient_clean_context,NaN,NaN,0,0
M400-01-baseline-awake,47,0.02,5,linear,10,1,not_a_rising_change,search_boundary_unresolved,NaN,NaN,0,0
M400-01-baseline-awake,47,0.02,5,linear,25,1,not_a_rising_change,search_boundary_unresolved,NaN,NaN,0,0
M400-01-baseline-awake,47,0.02,5,sine_squared,10,1,not_a_rising_change,search_boundary_unresolved,NaN,NaN,0,0
M400-01-baseline-awake,47,0.02,5,sine_squared,25,1,not_a_rising_change,search_boundary_unresolved,NaN,NaN,0,0
M400-01-baseline-awake,47,0.02,15,linear,10,1,not_a_rising_change,search_boundary_unresolved,NaN,NaN,0,0
M400-01-baseline-awake,47,0.02,15,linear,25,1,not_a_rising_change,search_boundary_unresolved,NaN,NaN,0,0
M400-01-baseline-awake,47,0.02,15,sine_squared,10,1,not_a_rising_change,search_boundary_unresolved,NaN,NaN,0,0
M400-01-baseline-awake,47,0.02,15,sine_squared,25,1,not_a_rising_change,search_boundary_unresolved,NaN,NaN,0,0
M400-01-baseline-awake,47,0.02,30,linear,10,1,not_a_rising_change,search_boundary_unresolved,NaN,NaN,0,0
M400-01-baseline-awake,47,0.02,30,linear,25,1,not_a_rising_change,search_boundary_unresolved,NaN,NaN,0,0
M400-01-baseline-awake,47,0.02,30,sine_squared,10,1,not_a_rising_change,search_boundary_unresolved,NaN,NaN,0,0
M400-01-baseline-awake,47,0.02,30,sine_squared,25,1,not_a_rising_change,search_boundary_unresolved,NaN,NaN,0,0
M400-01-baseline-awake,47,0.05,5,linear,10,1,not_a_rising_change,insufficient_improvement,NaN,NaN,0,0
M400-01-baseline-awake,47,0.05,5,linear,25,1,not_a_rising_change,search_boundary_unresolved,NaN,NaN,0,0
M400-01-baseline-awake,47,0.05,5,sine_squared,10,1,not_a_rising_change,insufficient_improvement,NaN,NaN,0,0
M400-01-baseline-awake,47,0.05,5,sine_squared,25,1,not_a_rising_change,search_boundary_unresolved,NaN,NaN,0,0
M400-01-baseline-awake,47,0.05,15,linear,10,1,not_a_rising_change,insufficient_improvement,NaN,NaN,0,0
M400-01-baseline-awake,47,0.05,15,linear,25,1,not_a_rising_change,insufficient_improvement,NaN,NaN,0,0
M400-01-baseline-awake,47,0.05,15,sine_squared,10,1,not_a_rising_change,insufficient_improvement,NaN,NaN,0,0
M400-01-baseline-awake,47,0.05,15,sine_squared,25,1,not_a_rising_change,insufficient_improvement,NaN,NaN,0,0
M400-01-baseline-awake,47,0.05,30,linear,10,1,not_a_rising_change,search_boundary_unresolved,NaN,NaN,0,0
M400-01-baseline-awake,47,0.05,30,linear,25,1,not_a_rising_change,insufficient_improvement,NaN,NaN,0,0
M400-01-baseline-awake,47,0.05,30,sine_squared,10,1,not_a_rising_change,search_boundary_unresolved,NaN,NaN,0,0
M400-01-baseline-awake,47,0.05,30,sine_squared,25,1,not_a_rising_change,insufficient_improvement,NaN,NaN,0,0
M400-01-baseline-awake,47,0.1,5,linear,10,1,insufficient_improvement,insufficient_improvement,NaN,NaN,0,0
M400-01-baseline-awake,47,0.1,5,linear,25,1,not_a_rising_change,search_boundary_unresolved,NaN,NaN,0,0
M400-01-baseline-awake,47,0.1,5,sine_squared,10,1,insufficient_improvement,insufficient_improvement,NaN,NaN,0,0
M400-01-baseline-awake,47,0.1,5,sine_squared,25,1,not_a_rising_change,search_boundary_unresolved,NaN,NaN,0,0
M400-01-baseline-awake,47,0.1,15,linear,10,1,insufficient_improvement,insufficient_improvement,NaN,NaN,0,0
M400-01-baseline-awake,47,0.1,15,linear,25,1,not_a_rising_change,insufficient_improvement,NaN,NaN,0,0
M400-01-baseline-awake,47,0.1,15,sine_squared,10,1,insufficient_improvement,insufficient_improvement,NaN,NaN,0,0
M400-01-baseline-awake,47,0.1,15,sine_squared,25,1,not_a_rising_change,insufficient_improvement,NaN,NaN,0,0
M400-01-baseline-awake,47,0.1,30,linear,10,1,not_a_rising_change,insufficient_improvement,NaN,NaN,0,0
M400-01-baseline-awake,47,0.1,30,linear,25,1,insufficient_improvement,insufficient_improvement,NaN,NaN,0,0
M400-01-baseline-awake,47,0.1,30,sine_squared,10,1,not_a_rising_change,insufficient_improvement,NaN,NaN,0,0
M400-01-baseline-awake,47,0.1,30,sine_squared,25,1,insufficient_improvement,insufficient_improvement,NaN,NaN,0,0
M400-01-baseline-awake,47,0.2,5,linear,10,1,resolved,insufficient_improvement,-2,NaN,1,0
M400-01-baseline-awake,47,0.2,5,linear,25,1,not_a_rising_change,resolved,NaN,0,0,1
M400-01-baseline-awake,47,0.2,5,sine_squared,10,1,resolved,insufficient_improvement,-2,NaN,1,0
M400-01-baseline-awake,47,0.2,5,sine_squared,25,1,not_a_rising_change,resolved,NaN,0,0,1
M400-01-baseline-awake,47,0.2,15,linear,10,1,resolved,insufficient_improvement,7,NaN,0,0
M400-01-baseline-awake,47,0.2,15,linear,25,1,insufficient_improvement,resolved,NaN,2,0,1
M400-01-baseline-awake,47,0.2,15,sine_squared,10,1,resolved,resolved,6,7,0,0
M400-01-baseline-awake,47,0.2,15,sine_squared,25,1,insufficient_improvement,resolved,NaN,2,0,1
M400-01-baseline-awake,47,0.2,30,linear,10,1,insufficient_improvement,insufficient_improvement,NaN,NaN,0,0
M400-01-baseline-awake,47,0.2,30,linear,25,1,insufficient_improvement,insufficient_improvement,NaN,NaN,0,0
M400-01-baseline-awake,47,0.2,30,sine_squared,10,1,insufficient_improvement,insufficient_improvement,NaN,NaN,0,0
M400-01-baseline-awake,47,0.2,30,sine_squared,25,1,insufficient_improvement,insufficient_improvement,NaN,NaN,0,0
M400-01-baseline-awake,48,0.02,5,linear,10,1,resolved,insufficient_improvement,-10,NaN,0,0
M400-01-baseline-awake,48,0.02,5,linear,25,1,insufficient_improvement,insufficient_improvement,NaN,NaN,0,0
M400-01-baseline-awake,48,0.02,5,sine_squared,10,1,resolved,insufficient_improvement,-10,NaN,0,0
M400-01-baseline-awake,48,0.02,5,sine_squared,25,1,insufficient_improvement,insufficient_improvement,NaN,NaN,0,0
M400-01-baseline-awake,48,0.02,15,linear,10,1,resolved,insufficient_improvement,-10,NaN,0,0
M400-01-baseline-awake,48,0.02,15,linear,25,1,resolved,insufficient_improvement,4,NaN,1,0
M400-01-baseline-awake,48,0.02,15,sine_squared,10,1,resolved,insufficient_improvement,-10,NaN,0,0
M400-01-baseline-awake,48,0.02,15,sine_squared,25,1,resolved,insufficient_improvement,4,NaN,1,0
M400-01-baseline-awake,48,0.02,30,linear,10,1,resolved,insufficient_improvement,-10,NaN,0,0
M400-01-baseline-awake,48,0.02,30,linear,25,1,resolved,insufficient_improvement,5,NaN,1,0
M400-01-baseline-awake,48,0.02,30,sine_squared,10,1,resolved,insufficient_improvement,-10,NaN,0,0
M400-01-baseline-awake,48,0.02,30,sine_squared,25,1,resolved,insufficient_improvement,5,NaN,1,0
M400-01-baseline-awake,48,0.05,5,linear,10,1,resolved,resolved,-10,-10,0,0
M400-01-baseline-awake,48,0.05,5,linear,25,1,insufficient_improvement,insufficient_improvement,NaN,NaN,0,0
M400-01-baseline-awake,48,0.05,5,sine_squared,10,1,resolved,resolved,-10,-10,0,0
M400-01-baseline-awake,48,0.05,5,sine_squared,25,1,insufficient_improvement,insufficient_improvement,NaN,NaN,0,0
M400-01-baseline-awake,48,0.05,15,linear,10,1,resolved,resolved,-10,-10,0,0
M400-01-baseline-awake,48,0.05,15,linear,25,1,resolved,resolved,4,4,1,1
M400-01-baseline-awake,48,0.05,15,sine_squared,10,1,resolved,resolved,-10,-10,0,0
M400-01-baseline-awake,48,0.05,15,sine_squared,25,1,resolved,resolved,4,5,1,1
M400-01-baseline-awake,48,0.05,30,linear,10,1,resolved,insufficient_improvement,-10,NaN,0,0
M400-01-baseline-awake,48,0.05,30,linear,25,1,resolved,resolved,4,5,1,1
M400-01-baseline-awake,48,0.05,30,sine_squared,10,1,resolved,insufficient_improvement,-10,NaN,0,0
M400-01-baseline-awake,48,0.05,30,sine_squared,25,1,resolved,resolved,5,5,1,1
M400-01-baseline-awake,48,0.1,5,linear,10,1,resolved,resolved,-8,-9,0,0
M400-01-baseline-awake,48,0.1,5,linear,25,1,insufficient_improvement,resolved,NaN,-3,0,1
M400-01-baseline-awake,48,0.1,5,sine_squared,10,1,resolved,resolved,-8,-6,0,0
M400-01-baseline-awake,48,0.1,5,sine_squared,25,1,insufficient_improvement,resolved,NaN,-3,0,1
M400-01-baseline-awake,48,0.1,15,linear,10,1,resolved,broad_profile_unresolved,-7,NaN,0,0
M400-01-baseline-awake,48,0.1,15,linear,25,1,resolved,resolved,1,5,1,1
M400-01-baseline-awake,48,0.1,15,sine_squared,10,1,resolved,resolved,-6,-12,0,0
M400-01-baseline-awake,48,0.1,15,sine_squared,25,1,resolved,resolved,1,5,1,1
M400-01-baseline-awake,48,0.1,30,linear,10,1,resolved,resolved,-10,-10,0,0
M400-01-baseline-awake,48,0.1,30,linear,25,1,resolved,resolved,4,5,1,1
M400-01-baseline-awake,48,0.1,30,sine_squared,10,1,resolved,insufficient_improvement,-10,NaN,0,0
M400-01-baseline-awake,48,0.1,30,sine_squared,25,1,resolved,resolved,5,5,1,1
M400-01-baseline-awake,48,0.2,5,linear,10,1,resolved,resolved,-7,-3,0,1
M400-01-baseline-awake,48,0.2,5,linear,25,1,not_a_rising_change,resolved,NaN,-2,0,1
M400-01-baseline-awake,48,0.2,5,sine_squared,10,1,resolved,resolved,-7,-3,0,1
M400-01-baseline-awake,48,0.2,5,sine_squared,25,1,not_a_rising_change,resolved,NaN,-2,0,1
M400-01-baseline-awake,48,0.2,15,linear,10,1,resolved,resolved,-4,-11,1,0
M400-01-baseline-awake,48,0.2,15,linear,25,1,resolved,resolved,-2,5,1,1
M400-01-baseline-awake,48,0.2,15,sine_squared,10,1,resolved,resolved,-2,-10,1,0
M400-01-baseline-awake,48,0.2,15,sine_squared,25,1,resolved,resolved,-1,4,1,1
M400-01-baseline-awake,48,0.2,30,linear,10,1,resolved,broad_profile_unresolved,-7,NaN,0,0
M400-01-baseline-awake,48,0.2,30,linear,25,1,resolved,resolved,4,4,1,1
M400-01-baseline-awake,48,0.2,30,sine_squared,10,1,resolved,broad_profile_unresolved,-7,NaN,0,0
M400-01-baseline-awake,48,0.2,30,sine_squared,25,1,resolved,resolved,4,5,1,1
M400-01-baseline-awake,49,0.02,5,linear,10,1,broad_profile_unresolved,insufficient_improvement,NaN,NaN,0,0
M400-01-baseline-awake,49,0.02,5,linear,25,1,insufficient_improvement,resolved,NaN,0,0,1
M400-01-baseline-awake,49,0.02,5,sine_squared,10,1,broad_profile_unresolved,insufficient_improvement,NaN,NaN,0,0
M400-01-baseline-awake,49,0.02,5,sine_squared,25,1,insufficient_improvement,resolved,NaN,0,0,1
M400-01-baseline-awake,49,0.02,15,linear,10,1,broad_profile_unresolved,insufficient_improvement,NaN,NaN,0,0
M400-01-baseline-awake,49,0.02,15,linear,25,1,resolved,broad_profile_unresolved,-11,NaN,0,0
M400-01-baseline-awake,49,0.02,15,sine_squared,10,1,broad_profile_unresolved,insufficient_improvement,NaN,NaN,0,0
M400-01-baseline-awake,49,0.02,15,sine_squared,25,1,resolved,broad_profile_unresolved,-11,NaN,0,0
M400-01-baseline-awake,49,0.02,30,linear,10,1,resolved,insufficient_improvement,-27,NaN,0,0
M400-01-baseline-awake,49,0.02,30,linear,25,1,resolved,insufficient_improvement,-11,NaN,0,0
M400-01-baseline-awake,49,0.02,30,sine_squared,10,1,resolved,insufficient_improvement,-27,NaN,0,0
M400-01-baseline-awake,49,0.02,30,sine_squared,25,1,resolved,insufficient_improvement,-11,NaN,0,0
M400-01-baseline-awake,49,0.05,5,linear,10,1,broad_profile_unresolved,resolved,NaN,0,0,1
M400-01-baseline-awake,49,0.05,5,linear,25,1,insufficient_improvement,resolved,NaN,0,0,1
M400-01-baseline-awake,49,0.05,5,sine_squared,10,1,broad_profile_unresolved,resolved,NaN,0,0,1
M400-01-baseline-awake,49,0.05,5,sine_squared,25,1,insufficient_improvement,resolved,NaN,0,0,1
M400-01-baseline-awake,49,0.05,15,linear,10,1,broad_profile_unresolved,broad_profile_unresolved,NaN,NaN,0,0
M400-01-baseline-awake,49,0.05,15,linear,25,1,resolved,resolved,-11,-3,0,1
M400-01-baseline-awake,49,0.05,15,sine_squared,10,1,resolved,broad_profile_unresolved,-1,NaN,1,0
M400-01-baseline-awake,49,0.05,15,sine_squared,25,1,resolved,resolved,-11,-8,0,0
M400-01-baseline-awake,49,0.05,30,linear,10,1,broad_profile_unresolved,insufficient_improvement,NaN,NaN,0,0
M400-01-baseline-awake,49,0.05,30,linear,25,1,resolved,broad_profile_unresolved,-4,NaN,1,0
M400-01-baseline-awake,49,0.05,30,sine_squared,10,1,broad_profile_unresolved,insufficient_improvement,NaN,NaN,0,0
M400-01-baseline-awake,49,0.05,30,sine_squared,25,1,resolved,broad_profile_unresolved,-3,NaN,1,0
M400-01-baseline-awake,49,0.1,5,linear,10,1,resolved,resolved,-7,0,0,1
M400-01-baseline-awake,49,0.1,5,linear,25,1,not_a_rising_change,resolved,NaN,0,0,1
M400-01-baseline-awake,49,0.1,5,sine_squared,10,1,resolved,resolved,-7,0,0,1
M400-01-baseline-awake,49,0.1,5,sine_squared,25,1,not_a_rising_change,resolved,NaN,0,0,1
M400-01-baseline-awake,49,0.1,15,linear,10,1,resolved,broad_profile_unresolved,-1,NaN,1,0
M400-01-baseline-awake,49,0.1,15,linear,25,1,resolved,resolved,-7,-3,0,1
M400-01-baseline-awake,49,0.1,15,sine_squared,10,1,resolved,resolved,0,1,1,1
M400-01-baseline-awake,49,0.1,15,sine_squared,25,1,resolved,resolved,-5,-3,1,1
M400-01-baseline-awake,49,0.1,30,linear,10,1,broad_profile_unresolved,broad_profile_unresolved,NaN,NaN,0,0
M400-01-baseline-awake,49,0.1,30,linear,25,1,resolved,resolved,-3,-3,1,1
M400-01-baseline-awake,49,0.1,30,sine_squared,10,1,broad_profile_unresolved,broad_profile_unresolved,NaN,NaN,0,0
M400-01-baseline-awake,49,0.1,30,sine_squared,25,1,resolved,resolved,-2,-8,1,0
M400-01-baseline-awake,49,0.2,5,linear,10,1,resolved,resolved,-5,0,1,1
M400-01-baseline-awake,49,0.2,5,linear,25,1,not_a_rising_change,resolved,NaN,0,0,1
M400-01-baseline-awake,49,0.2,5,sine_squared,10,1,resolved,resolved,-5,0,1,1
M400-01-baseline-awake,49,0.2,5,sine_squared,25,1,not_a_rising_change,resolved,NaN,0,0,1
M400-01-baseline-awake,49,0.2,15,linear,10,1,resolved,resolved,-1,-1,1,1
M400-01-baseline-awake,49,0.2,15,linear,25,1,resolved,resolved,-5,0,1,1
M400-01-baseline-awake,49,0.2,15,sine_squared,10,1,resolved,resolved,1,2,1,1
M400-01-baseline-awake,49,0.2,15,sine_squared,25,1,resolved,resolved,-5,-3,1,1
M400-01-baseline-awake,49,0.2,30,linear,10,1,resolved,broad_profile_unresolved,-1,NaN,1,0
M400-01-baseline-awake,49,0.2,30,linear,25,1,resolved,resolved,-2,-2,1,1
M400-01-baseline-awake,49,0.2,30,sine_squared,10,1,resolved,resolved,1,-4,1,1
M400-01-baseline-awake,49,0.2,30,sine_squared,25,1,resolved,resolved,1,-1,1,1
M400-01-baseline-awake,50,0.02,5,linear,10,1,insufficient_clean_context,insufficient_clean_context,NaN,NaN,0,0
M400-01-baseline-awake,50,0.02,5,linear,25,1,insufficient_clean_context,insufficient_clean_context,NaN,NaN,0,0
M400-01-baseline-awake,50,0.02,5,sine_squared,10,1,insufficient_clean_context,insufficient_clean_context,NaN,NaN,0,0
M400-01-baseline-awake,50,0.02,5,sine_squared,25,1,insufficient_clean_context,insufficient_clean_context,NaN,NaN,0,0
M400-01-baseline-awake,50,0.02,15,linear,10,1,insufficient_clean_context,insufficient_clean_context,NaN,NaN,0,0
M400-01-baseline-awake,50,0.02,15,linear,25,1,insufficient_clean_context,insufficient_clean_context,NaN,NaN,0,0
M400-01-baseline-awake,50,0.02,15,sine_squared,10,1,insufficient_clean_context,insufficient_clean_context,NaN,NaN,0,0
M400-01-baseline-awake,50,0.02,15,sine_squared,25,1,insufficient_clean_context,insufficient_clean_context,NaN,NaN,0,0
M400-01-baseline-awake,50,0.02,30,linear,10,1,insufficient_clean_context,insufficient_clean_context,NaN,NaN,0,0
M400-01-baseline-awake,50,0.02,30,linear,25,1,insufficient_clean_context,insufficient_clean_context,NaN,NaN,0,0
M400-01-baseline-awake,50,0.02,30,sine_squared,10,1,insufficient_clean_context,insufficient_clean_context,NaN,NaN,0,0
M400-01-baseline-awake,50,0.02,30,sine_squared,25,1,insufficient_clean_context,insufficient_clean_context,NaN,NaN,0,0
M400-01-baseline-awake,50,0.05,5,linear,10,1,insufficient_clean_context,insufficient_clean_context,NaN,NaN,0,0
M400-01-baseline-awake,50,0.05,5,linear,25,1,insufficient_clean_context,insufficient_clean_context,NaN,NaN,0,0
M400-01-baseline-awake,50,0.05,5,sine_squared,10,1,insufficient_clean_context,insufficient_clean_context,NaN,NaN,0,0
M400-01-baseline-awake,50,0.05,5,sine_squared,25,1,insufficient_clean_context,insufficient_clean_context,NaN,NaN,0,0
M400-01-baseline-awake,50,0.05,15,linear,10,1,insufficient_clean_context,insufficient_clean_context,NaN,NaN,0,0
M400-01-baseline-awake,50,0.05,15,linear,25,1,insufficient_clean_context,insufficient_clean_context,NaN,NaN,0,0
M400-01-baseline-awake,50,0.05,15,sine_squared,10,1,insufficient_clean_context,insufficient_clean_context,NaN,NaN,0,0
M400-01-baseline-awake,50,0.05,15,sine_squared,25,1,insufficient_clean_context,insufficient_clean_context,NaN,NaN,0,0
M400-01-baseline-awake,50,0.05,30,linear,10,1,insufficient_clean_context,insufficient_clean_context,NaN,NaN,0,0
M400-01-baseline-awake,50,0.05,30,linear,25,1,insufficient_clean_context,insufficient_clean_context,NaN,NaN,0,0
M400-01-baseline-awake,50,0.05,30,sine_squared,10,1,insufficient_clean_context,insufficient_clean_context,NaN,NaN,0,0
M400-01-baseline-awake,50,0.05,30,sine_squared,25,1,insufficient_clean_context,insufficient_clean_context,NaN,NaN,0,0
M400-01-baseline-awake,50,0.1,5,linear,10,1,insufficient_clean_context,insufficient_clean_context,NaN,NaN,0,0
M400-01-baseline-awake,50,0.1,5,linear,25,1,insufficient_clean_context,insufficient_clean_context,NaN,NaN,0,0
M400-01-baseline-awake,50,0.1,5,sine_squared,10,1,insufficient_clean_context,insufficient_clean_context,NaN,NaN,0,0
M400-01-baseline-awake,50,0.1,5,sine_squared,25,1,insufficient_clean_context,insufficient_clean_context,NaN,NaN,0,0
M400-01-baseline-awake,50,0.1,15,linear,10,1,insufficient_clean_context,insufficient_clean_context,NaN,NaN,0,0
M400-01-baseline-awake,50,0.1,15,linear,25,1,insufficient_clean_context,insufficient_clean_context,NaN,NaN,0,0
M400-01-baseline-awake,50,0.1,15,sine_squared,10,1,insufficient_clean_context,insufficient_clean_context,NaN,NaN,0,0
M400-01-baseline-awake,50,0.1,15,sine_squared,25,1,insufficient_clean_context,insufficient_clean_context,NaN,NaN,0,0
M400-01-baseline-awake,50,0.1,30,linear,10,1,insufficient_clean_context,insufficient_clean_context,NaN,NaN,0,0
M400-01-baseline-awake,50,0.1,30,linear,25,1,insufficient_clean_context,insufficient_clean_context,NaN,NaN,0,0
M400-01-baseline-awake,50,0.1,30,sine_squared,10,1,insufficient_clean_context,insufficient_clean_context,NaN,NaN,0,0
M400-01-baseline-awake,50,0.1,30,sine_squared,25,1,insufficient_clean_context,insufficient_clean_context,NaN,NaN,0,0
M400-01-baseline-awake,50,0.2,5,linear,10,1,insufficient_clean_context,insufficient_clean_context,NaN,NaN,0,0
M400-01-baseline-awake,50,0.2,5,linear,25,1,insufficient_clean_context,insufficient_clean_context,NaN,NaN,0,0
M400-01-baseline-awake,50,0.2,5,sine_squared,10,1,insufficient_clean_context,insufficient_clean_context,NaN,NaN,0,0
M400-01-baseline-awake,50,0.2,5,sine_squared,25,1,insufficient_clean_context,insufficient_clean_context,NaN,NaN,0,0
M400-01-baseline-awake,50,0.2,15,linear,10,1,insufficient_clean_context,insufficient_clean_context,NaN,NaN,0,0
M400-01-baseline-awake,50,0.2,15,linear,25,1,insufficient_clean_context,insufficient_clean_context,NaN,NaN,0,0
M400-01-baseline-awake,50,0.2,15,sine_squared,10,1,insufficient_clean_context,insufficient_clean_context,NaN,NaN,0,0
M400-01-baseline-awake,50,0.2,15,sine_squared,25,1,insufficient_clean_context,insufficient_clean_context,NaN,NaN,0,0
M400-01-baseline-awake,50,0.2,30,linear,10,1,insufficient_clean_context,insufficient_clean_context,NaN,NaN,0,0
M400-01-baseline-awake,50,0.2,30,linear,25,1,insufficient_clean_context,insufficient_clean_context,NaN,NaN,0,0
M400-01-baseline-awake,50,0.2,30,sine_squared,10,1,insufficient_clean_context,insufficient_clean_context,NaN,NaN,0,0
M400-01-baseline-awake,50,0.2,30,sine_squared,25,1,insufficient_clean_context,insufficient_clean_context,NaN,NaN,0,0
M400-01-baseline-awake,51,0.02,5,linear,10,1,insufficient_improvement,insufficient_improvement,NaN,NaN,0,0
M400-01-baseline-awake,51,0.02,5,linear,25,1,insufficient_improvement,insufficient_improvement,NaN,NaN,0,0
M400-01-baseline-awake,51,0.02,5,sine_squared,10,1,insufficient_improvement,insufficient_improvement,NaN,NaN,0,0
M400-01-baseline-awake,51,0.02,5,sine_squared,25,1,insufficient_improvement,insufficient_improvement,NaN,NaN,0,0
M400-01-baseline-awake,51,0.02,15,linear,10,1,insufficient_improvement,insufficient_improvement,NaN,NaN,0,0
M400-01-baseline-awake,51,0.02,15,linear,25,1,insufficient_improvement,insufficient_improvement,NaN,NaN,0,0
M400-01-baseline-awake,51,0.02,15,sine_squared,10,1,insufficient_improvement,insufficient_improvement,NaN,NaN,0,0
M400-01-baseline-awake,51,0.02,15,sine_squared,25,1,insufficient_improvement,insufficient_improvement,NaN,NaN,0,0
M400-01-baseline-awake,51,0.02,30,linear,10,1,insufficient_improvement,insufficient_improvement,NaN,NaN,0,0
M400-01-baseline-awake,51,0.02,30,linear,25,1,insufficient_improvement,insufficient_improvement,NaN,NaN,0,0
M400-01-baseline-awake,51,0.02,30,sine_squared,10,1,insufficient_improvement,insufficient_improvement,NaN,NaN,0,0
M400-01-baseline-awake,51,0.02,30,sine_squared,25,1,insufficient_improvement,insufficient_improvement,NaN,NaN,0,0
M400-01-baseline-awake,51,0.05,5,linear,10,1,resolved,resolved,-5,3,1,1
M400-01-baseline-awake,51,0.05,5,linear,25,1,insufficient_improvement,resolved,NaN,0,0,1
M400-01-baseline-awake,51,0.05,5,sine_squared,10,1,resolved,resolved,-5,3,1,1
M400-01-baseline-awake,51,0.05,5,sine_squared,25,1,insufficient_improvement,resolved,NaN,1,0,1
M400-01-baseline-awake,51,0.05,15,linear,10,1,resolved,resolved,2,2,1,1
M400-01-baseline-awake,51,0.05,15,linear,25,1,resolved,insufficient_improvement,-2,NaN,1,0
M400-01-baseline-awake,51,0.05,15,sine_squared,10,1,resolved,resolved,2,2,1,1
M400-01-baseline-awake,51,0.05,15,sine_squared,25,1,resolved,resolved,-2,3,1,1
M400-01-baseline-awake,51,0.05,30,linear,10,1,insufficient_improvement,insufficient_improvement,NaN,NaN,0,0
M400-01-baseline-awake,51,0.05,30,linear,25,1,resolved,insufficient_improvement,1,NaN,1,0
M400-01-baseline-awake,51,0.05,30,sine_squared,10,1,insufficient_improvement,insufficient_improvement,NaN,NaN,0,0
M400-01-baseline-awake,51,0.05,30,sine_squared,25,1,resolved,insufficient_improvement,4,NaN,1,0
M400-01-baseline-awake,51,0.1,5,linear,10,1,resolved,resolved,-4,1,1,1
M400-01-baseline-awake,51,0.1,5,linear,25,1,not_a_rising_change,resolved,NaN,0,0,1
M400-01-baseline-awake,51,0.1,5,sine_squared,10,1,resolved,resolved,-4,2,1,1
M400-01-baseline-awake,51,0.1,5,sine_squared,25,1,not_a_rising_change,resolved,NaN,0,0,1
M400-01-baseline-awake,51,0.1,15,linear,10,1,resolved,resolved,2,2,1,1
M400-01-baseline-awake,51,0.1,15,linear,25,1,resolved,resolved,-2,0,1,1
M400-01-baseline-awake,51,0.1,15,sine_squared,10,1,resolved,resolved,2,2,1,1
M400-01-baseline-awake,51,0.1,15,sine_squared,25,1,resolved,resolved,-2,3,1,1
M400-01-baseline-awake,51,0.1,30,linear,10,1,resolved,resolved,2,2,1,1
M400-01-baseline-awake,51,0.1,30,linear,25,1,resolved,resolved,1,1,1,1
M400-01-baseline-awake,51,0.1,30,sine_squared,10,1,resolved,insufficient_improvement,2,NaN,1,0
M400-01-baseline-awake,51,0.1,30,sine_squared,25,1,resolved,resolved,4,0,1,1
M400-01-baseline-awake,51,0.2,5,linear,10,1,resolved,resolved,-4,0,1,1
M400-01-baseline-awake,51,0.2,5,linear,25,1,not_a_rising_change,resolved,NaN,0,0,1
M400-01-baseline-awake,51,0.2,5,sine_squared,10,1,resolved,resolved,-4,0,1,1
M400-01-baseline-awake,51,0.2,5,sine_squared,25,1,not_a_rising_change,resolved,NaN,0,0,1
M400-01-baseline-awake,51,0.2,15,linear,10,1,resolved,resolved,1,1,1,1
M400-01-baseline-awake,51,0.2,15,linear,25,1,resolved,resolved,-4,0,1,1
M400-01-baseline-awake,51,0.2,15,sine_squared,10,1,resolved,resolved,2,2,1,1
M400-01-baseline-awake,51,0.2,15,sine_squared,25,1,resolved,resolved,-3,0,1,1
M400-01-baseline-awake,51,0.2,30,linear,10,1,resolved,resolved,2,2,1,1
M400-01-baseline-awake,51,0.2,30,linear,25,1,resolved,resolved,0,0,1,1
M400-01-baseline-awake,51,0.2,30,sine_squared,10,1,resolved,resolved,3,3,1,1
M400-01-baseline-awake,51,0.2,30,sine_squared,25,1,resolved,resolved,3,0,1,1
M401-01-baseline-awake,1,0.02,5,linear,10,1,resolved,insufficient_improvement,-5,NaN,1,0
M401-01-baseline-awake,1,0.02,5,linear,25,1,insufficient_improvement,insufficient_improvement,NaN,NaN,0,0
M401-01-baseline-awake,1,0.02,5,sine_squared,10,1,resolved,insufficient_improvement,-5,NaN,1,0
M401-01-baseline-awake,1,0.02,5,sine_squared,25,1,insufficient_improvement,insufficient_improvement,NaN,NaN,0,0
M401-01-baseline-awake,1,0.02,15,linear,10,1,broad_profile_unresolved,insufficient_improvement,NaN,NaN,0,0
M401-01-baseline-awake,1,0.02,15,linear,25,1,insufficient_improvement,insufficient_improvement,NaN,NaN,0,0
M401-01-baseline-awake,1,0.02,15,sine_squared,10,1,resolved,insufficient_improvement,2,NaN,1,0
M401-01-baseline-awake,1,0.02,15,sine_squared,25,1,insufficient_improvement,insufficient_improvement,NaN,NaN,0,0
M401-01-baseline-awake,1,0.02,30,linear,10,1,insufficient_improvement,insufficient_improvement,NaN,NaN,0,0
M401-01-baseline-awake,1,0.02,30,linear,25,1,insufficient_improvement,insufficient_improvement,NaN,NaN,0,0
M401-01-baseline-awake,1,0.02,30,sine_squared,10,1,insufficient_improvement,insufficient_improvement,NaN,NaN,0,0
M401-01-baseline-awake,1,0.02,30,sine_squared,25,1,resolved,insufficient_improvement,9,NaN,0,0
M401-01-baseline-awake,1,0.05,5,linear,10,1,resolved,resolved,-5,2,1,1
M401-01-baseline-awake,1,0.05,5,linear,25,1,insufficient_improvement,resolved,NaN,-6,0,0
M401-01-baseline-awake,1,0.05,5,sine_squared,10,1,resolved,resolved,-5,2,1,1
M401-01-baseline-awake,1,0.05,5,sine_squared,25,1,insufficient_improvement,resolved,NaN,-3,0,1
M401-01-baseline-awake,1,0.05,15,linear,10,1,resolved,broad_profile_unresolved,2,NaN,1,0
M401-01-baseline-awake,1,0.05,15,linear,25,1,resolved,resolved,-1,10,1,0
M401-01-baseline-awake,1,0.05,15,sine_squared,10,1,resolved,resolved,2,2,1,1
M401-01-baseline-awake,1,0.05,15,sine_squared,25,1,resolved,resolved,-1,10,1,0
M401-01-baseline-awake,1,0.05,30,linear,10,1,resolved,insufficient_improvement,2,NaN,1,0
M401-01-baseline-awake,1,0.05,30,linear,25,1,resolved,broad_profile_unresolved,6,NaN,0,0
M401-01-baseline-awake,1,0.05,30,sine_squared,10,1,resolved,insufficient_improvement,2,NaN,1,0
M401-01-baseline-awake,1,0.05,30,sine_squared,25,1,resolved,resolved,6,6,0,0
M401-01-baseline-awake,1,0.1,5,linear,10,1,resolved,resolved,-5,0,1,1
M401-01-baseline-awake,1,0.1,5,linear,25,1,not_a_rising_change,resolved,NaN,0,0,1
M401-01-baseline-awake,1,0.1,5,sine_squared,10,1,resolved,resolved,-5,2,1,1
M401-01-baseline-awake,1,0.1,5,sine_squared,25,1,not_a_rising_change,resolved,NaN,0,0,1
M401-01-baseline-awake,1,0.1,15,linear,10,1,resolved,resolved,1,-6,1,0
M401-01-baseline-awake,1,0.1,15,linear,25,1,resolved,resolved,-3,4,1,1
M401-01-baseline-awake,1,0.1,15,sine_squared,10,1,resolved,resolved,2,2,1,1
M401-01-baseline-awake,1,0.1,15,sine_squared,25,1,resolved,resolved,-3,4,1,1
M401-01-baseline-awake,1,0.1,30,linear,10,1,resolved,broad_profile_unresolved,2,NaN,1,0
M401-01-baseline-awake,1,0.1,30,linear,25,1,resolved,broad_profile_unresolved,4,NaN,1,0
M401-01-baseline-awake,1,0.1,30,sine_squared,10,1,resolved,resolved,3,0,1,1
M401-01-baseline-awake,1,0.1,30,sine_squared,25,1,resolved,resolved,5,5,1,1
M401-01-baseline-awake,1,0.2,5,linear,10,1,resolved,resolved,-5,0,1,1
M401-01-baseline-awake,1,0.2,5,linear,25,1,not_a_rising_change,resolved,NaN,0,0,1
M401-01-baseline-awake,1,0.2,5,sine_squared,10,1,resolved,resolved,-5,0,1,1
M401-01-baseline-awake,1,0.2,5,sine_squared,25,1,not_a_rising_change,resolved,NaN,0,0,1
M401-01-baseline-awake,1,0.2,15,linear,10,1,resolved,resolved,1,-4,1,1
M401-01-baseline-awake,1,0.2,15,linear,25,1,resolved,resolved,-4,0,1,1
M401-01-baseline-awake,1,0.2,15,sine_squared,10,1,resolved,resolved,2,0,1,1
M401-01-baseline-awake,1,0.2,15,sine_squared,25,1,resolved,resolved,-3,3,1,1
M401-01-baseline-awake,1,0.2,30,linear,10,1,resolved,resolved,1,-6,1,0
M401-01-baseline-awake,1,0.2,30,linear,25,1,resolved,broad_profile_unresolved,1,NaN,1,0
M401-01-baseline-awake,1,0.2,30,sine_squared,10,1,resolved,resolved,4,0,1,1
M401-01-baseline-awake,1,0.2,30,sine_squared,25,1,resolved,resolved,5,1,1,1
M401-01-baseline-awake,2,0.02,5,linear,10,1,insufficient_clean_context,insufficient_clean_context,NaN,NaN,0,0
M401-01-baseline-awake,2,0.02,5,linear,25,1,insufficient_clean_context,insufficient_clean_context,NaN,NaN,0,0
M401-01-baseline-awake,2,0.02,5,sine_squared,10,1,insufficient_clean_context,insufficient_clean_context,NaN,NaN,0,0
M401-01-baseline-awake,2,0.02,5,sine_squared,25,1,insufficient_clean_context,insufficient_clean_context,NaN,NaN,0,0
M401-01-baseline-awake,2,0.02,15,linear,10,1,insufficient_clean_context,insufficient_clean_context,NaN,NaN,0,0
M401-01-baseline-awake,2,0.02,15,linear,25,1,insufficient_clean_context,insufficient_clean_context,NaN,NaN,0,0
M401-01-baseline-awake,2,0.02,15,sine_squared,10,1,insufficient_clean_context,insufficient_clean_context,NaN,NaN,0,0
M401-01-baseline-awake,2,0.02,15,sine_squared,25,1,insufficient_clean_context,insufficient_clean_context,NaN,NaN,0,0
M401-01-baseline-awake,2,0.02,30,linear,10,1,insufficient_clean_context,insufficient_clean_context,NaN,NaN,0,0
M401-01-baseline-awake,2,0.02,30,linear,25,1,insufficient_clean_context,insufficient_clean_context,NaN,NaN,0,0
M401-01-baseline-awake,2,0.02,30,sine_squared,10,1,insufficient_clean_context,insufficient_clean_context,NaN,NaN,0,0
M401-01-baseline-awake,2,0.02,30,sine_squared,25,1,insufficient_clean_context,insufficient_clean_context,NaN,NaN,0,0
M401-01-baseline-awake,2,0.05,5,linear,10,1,insufficient_clean_context,insufficient_clean_context,NaN,NaN,0,0
M401-01-baseline-awake,2,0.05,5,linear,25,1,insufficient_clean_context,insufficient_clean_context,NaN,NaN,0,0
M401-01-baseline-awake,2,0.05,5,sine_squared,10,1,insufficient_clean_context,insufficient_clean_context,NaN,NaN,0,0
M401-01-baseline-awake,2,0.05,5,sine_squared,25,1,insufficient_clean_context,insufficient_clean_context,NaN,NaN,0,0
M401-01-baseline-awake,2,0.05,15,linear,10,1,insufficient_clean_context,insufficient_clean_context,NaN,NaN,0,0
M401-01-baseline-awake,2,0.05,15,linear,25,1,insufficient_clean_context,insufficient_clean_context,NaN,NaN,0,0
M401-01-baseline-awake,2,0.05,15,sine_squared,10,1,insufficient_clean_context,insufficient_clean_context,NaN,NaN,0,0
M401-01-baseline-awake,2,0.05,15,sine_squared,25,1,insufficient_clean_context,insufficient_clean_context,NaN,NaN,0,0
M401-01-baseline-awake,2,0.05,30,linear,10,1,insufficient_clean_context,insufficient_clean_context,NaN,NaN,0,0
M401-01-baseline-awake,2,0.05,30,linear,25,1,insufficient_clean_context,insufficient_clean_context,NaN,NaN,0,0
M401-01-baseline-awake,2,0.05,30,sine_squared,10,1,insufficient_clean_context,insufficient_clean_context,NaN,NaN,0,0
M401-01-baseline-awake,2,0.05,30,sine_squared,25,1,insufficient_clean_context,insufficient_clean_context,NaN,NaN,0,0
M401-01-baseline-awake,2,0.1,5,linear,10,1,insufficient_clean_context,insufficient_clean_context,NaN,NaN,0,0
M401-01-baseline-awake,2,0.1,5,linear,25,1,insufficient_clean_context,insufficient_clean_context,NaN,NaN,0,0
M401-01-baseline-awake,2,0.1,5,sine_squared,10,1,insufficient_clean_context,insufficient_clean_context,NaN,NaN,0,0
M401-01-baseline-awake,2,0.1,5,sine_squared,25,1,insufficient_clean_context,insufficient_clean_context,NaN,NaN,0,0
M401-01-baseline-awake,2,0.1,15,linear,10,1,insufficient_clean_context,insufficient_clean_context,NaN,NaN,0,0
M401-01-baseline-awake,2,0.1,15,linear,25,1,insufficient_clean_context,insufficient_clean_context,NaN,NaN,0,0
M401-01-baseline-awake,2,0.1,15,sine_squared,10,1,insufficient_clean_context,insufficient_clean_context,NaN,NaN,0,0
M401-01-baseline-awake,2,0.1,15,sine_squared,25,1,insufficient_clean_context,insufficient_clean_context,NaN,NaN,0,0
M401-01-baseline-awake,2,0.1,30,linear,10,1,insufficient_clean_context,insufficient_clean_context,NaN,NaN,0,0
M401-01-baseline-awake,2,0.1,30,linear,25,1,insufficient_clean_context,insufficient_clean_context,NaN,NaN,0,0
M401-01-baseline-awake,2,0.1,30,sine_squared,10,1,insufficient_clean_context,insufficient_clean_context,NaN,NaN,0,0
M401-01-baseline-awake,2,0.1,30,sine_squared,25,1,insufficient_clean_context,insufficient_clean_context,NaN,NaN,0,0
M401-01-baseline-awake,2,0.2,5,linear,10,1,insufficient_clean_context,insufficient_clean_context,NaN,NaN,0,0
M401-01-baseline-awake,2,0.2,5,linear,25,1,insufficient_clean_context,insufficient_clean_context,NaN,NaN,0,0
M401-01-baseline-awake,2,0.2,5,sine_squared,10,1,insufficient_clean_context,insufficient_clean_context,NaN,NaN,0,0
M401-01-baseline-awake,2,0.2,5,sine_squared,25,1,insufficient_clean_context,insufficient_clean_context,NaN,NaN,0,0
M401-01-baseline-awake,2,0.2,15,linear,10,1,insufficient_clean_context,insufficient_clean_context,NaN,NaN,0,0
M401-01-baseline-awake,2,0.2,15,linear,25,1,insufficient_clean_context,insufficient_clean_context,NaN,NaN,0,0
M401-01-baseline-awake,2,0.2,15,sine_squared,10,1,insufficient_clean_context,insufficient_clean_context,NaN,NaN,0,0
M401-01-baseline-awake,2,0.2,15,sine_squared,25,1,insufficient_clean_context,insufficient_clean_context,NaN,NaN,0,0
M401-01-baseline-awake,2,0.2,30,linear,10,1,insufficient_clean_context,insufficient_clean_context,NaN,NaN,0,0
M401-01-baseline-awake,2,0.2,30,linear,25,1,insufficient_clean_context,insufficient_clean_context,NaN,NaN,0,0
M401-01-baseline-awake,2,0.2,30,sine_squared,10,1,insufficient_clean_context,insufficient_clean_context,NaN,NaN,0,0
M401-01-baseline-awake,2,0.2,30,sine_squared,25,1,insufficient_clean_context,insufficient_clean_context,NaN,NaN,0,0
M401-01-baseline-awake,3,0.02,5,linear,10,1,insufficient_clean_context,insufficient_clean_context,NaN,NaN,0,0
M401-01-baseline-awake,3,0.02,5,linear,25,1,insufficient_clean_context,insufficient_clean_context,NaN,NaN,0,0
M401-01-baseline-awake,3,0.02,5,sine_squared,10,1,insufficient_clean_context,insufficient_clean_context,NaN,NaN,0,0
M401-01-baseline-awake,3,0.02,5,sine_squared,25,1,insufficient_clean_context,insufficient_clean_context,NaN,NaN,0,0
M401-01-baseline-awake,3,0.02,15,linear,10,1,insufficient_clean_context,insufficient_clean_context,NaN,NaN,0,0
M401-01-baseline-awake,3,0.02,15,linear,25,1,insufficient_clean_context,insufficient_clean_context,NaN,NaN,0,0
M401-01-baseline-awake,3,0.02,15,sine_squared,10,1,insufficient_clean_context,insufficient_clean_context,NaN,NaN,0,0
M401-01-baseline-awake,3,0.02,15,sine_squared,25,1,insufficient_clean_context,insufficient_clean_context,NaN,NaN,0,0
M401-01-baseline-awake,3,0.02,30,linear,10,1,insufficient_clean_context,insufficient_clean_context,NaN,NaN,0,0
M401-01-baseline-awake,3,0.02,30,linear,25,1,insufficient_clean_context,insufficient_clean_context,NaN,NaN,0,0
M401-01-baseline-awake,3,0.02,30,sine_squared,10,1,insufficient_clean_context,insufficient_clean_context,NaN,NaN,0,0
M401-01-baseline-awake,3,0.02,30,sine_squared,25,1,insufficient_clean_context,insufficient_clean_context,NaN,NaN,0,0
M401-01-baseline-awake,3,0.05,5,linear,10,1,insufficient_clean_context,insufficient_clean_context,NaN,NaN,0,0
M401-01-baseline-awake,3,0.05,5,linear,25,1,insufficient_clean_context,insufficient_clean_context,NaN,NaN,0,0
M401-01-baseline-awake,3,0.05,5,sine_squared,10,1,insufficient_clean_context,insufficient_clean_context,NaN,NaN,0,0
M401-01-baseline-awake,3,0.05,5,sine_squared,25,1,insufficient_clean_context,insufficient_clean_context,NaN,NaN,0,0
M401-01-baseline-awake,3,0.05,15,linear,10,1,insufficient_clean_context,insufficient_clean_context,NaN,NaN,0,0
M401-01-baseline-awake,3,0.05,15,linear,25,1,insufficient_clean_context,insufficient_clean_context,NaN,NaN,0,0
M401-01-baseline-awake,3,0.05,15,sine_squared,10,1,insufficient_clean_context,insufficient_clean_context,NaN,NaN,0,0
M401-01-baseline-awake,3,0.05,15,sine_squared,25,1,insufficient_clean_context,insufficient_clean_context,NaN,NaN,0,0
M401-01-baseline-awake,3,0.05,30,linear,10,1,insufficient_clean_context,insufficient_clean_context,NaN,NaN,0,0
M401-01-baseline-awake,3,0.05,30,linear,25,1,insufficient_clean_context,insufficient_clean_context,NaN,NaN,0,0
M401-01-baseline-awake,3,0.05,30,sine_squared,10,1,insufficient_clean_context,insufficient_clean_context,NaN,NaN,0,0
M401-01-baseline-awake,3,0.05,30,sine_squared,25,1,insufficient_clean_context,insufficient_clean_context,NaN,NaN,0,0
M401-01-baseline-awake,3,0.1,5,linear,10,1,insufficient_clean_context,insufficient_clean_context,NaN,NaN,0,0
M401-01-baseline-awake,3,0.1,5,linear,25,1,insufficient_clean_context,insufficient_clean_context,NaN,NaN,0,0
M401-01-baseline-awake,3,0.1,5,sine_squared,10,1,insufficient_clean_context,insufficient_clean_context,NaN,NaN,0,0
M401-01-baseline-awake,3,0.1,5,sine_squared,25,1,insufficient_clean_context,insufficient_clean_context,NaN,NaN,0,0
M401-01-baseline-awake,3,0.1,15,linear,10,1,insufficient_clean_context,insufficient_clean_context,NaN,NaN,0,0
M401-01-baseline-awake,3,0.1,15,linear,25,1,insufficient_clean_context,insufficient_clean_context,NaN,NaN,0,0
M401-01-baseline-awake,3,0.1,15,sine_squared,10,1,insufficient_clean_context,insufficient_clean_context,NaN,NaN,0,0
M401-01-baseline-awake,3,0.1,15,sine_squared,25,1,insufficient_clean_context,insufficient_clean_context,NaN,NaN,0,0
M401-01-baseline-awake,3,0.1,30,linear,10,1,insufficient_clean_context,insufficient_clean_context,NaN,NaN,0,0
M401-01-baseline-awake,3,0.1,30,linear,25,1,insufficient_clean_context,insufficient_clean_context,NaN,NaN,0,0
M401-01-baseline-awake,3,0.1,30,sine_squared,10,1,insufficient_clean_context,insufficient_clean_context,NaN,NaN,0,0
M401-01-baseline-awake,3,0.1,30,sine_squared,25,1,insufficient_clean_context,insufficient_clean_context,NaN,NaN,0,0
M401-01-baseline-awake,3,0.2,5,linear,10,1,insufficient_clean_context,insufficient_clean_context,NaN,NaN,0,0
M401-01-baseline-awake,3,0.2,5,linear,25,1,insufficient_clean_context,insufficient_clean_context,NaN,NaN,0,0
M401-01-baseline-awake,3,0.2,5,sine_squared,10,1,insufficient_clean_context,insufficient_clean_context,NaN,NaN,0,0
M401-01-baseline-awake,3,0.2,5,sine_squared,25,1,insufficient_clean_context,insufficient_clean_context,NaN,NaN,0,0
M401-01-baseline-awake,3,0.2,15,linear,10,1,insufficient_clean_context,insufficient_clean_context,NaN,NaN,0,0
M401-01-baseline-awake,3,0.2,15,linear,25,1,insufficient_clean_context,insufficient_clean_context,NaN,NaN,0,0
M401-01-baseline-awake,3,0.2,15,sine_squared,10,1,insufficient_clean_context,insufficient_clean_context,NaN,NaN,0,0
M401-01-baseline-awake,3,0.2,15,sine_squared,25,1,insufficient_clean_context,insufficient_clean_context,NaN,NaN,0,0
M401-01-baseline-awake,3,0.2,30,linear,10,1,insufficient_clean_context,insufficient_clean_context,NaN,NaN,0,0
M401-01-baseline-awake,3,0.2,30,linear,25,1,insufficient_clean_context,insufficient_clean_context,NaN,NaN,0,0
M401-01-baseline-awake,3,0.2,30,sine_squared,10,1,insufficient_clean_context,insufficient_clean_context,NaN,NaN,0,0
M401-01-baseline-awake,3,0.2,30,sine_squared,25,1,insufficient_clean_context,insufficient_clean_context,NaN,NaN,0,0
M401-01-baseline-awake,4,0.02,5,linear,10,1,insufficient_clean_context,insufficient_clean_context,NaN,NaN,0,0
M401-01-baseline-awake,4,0.02,5,linear,25,1,insufficient_clean_context,insufficient_clean_context,NaN,NaN,0,0
M401-01-baseline-awake,4,0.02,5,sine_squared,10,1,insufficient_clean_context,insufficient_clean_context,NaN,NaN,0,0
M401-01-baseline-awake,4,0.02,5,sine_squared,25,1,insufficient_clean_context,insufficient_clean_context,NaN,NaN,0,0
M401-01-baseline-awake,4,0.02,15,linear,10,1,insufficient_clean_context,insufficient_clean_context,NaN,NaN,0,0
M401-01-baseline-awake,4,0.02,15,linear,25,1,insufficient_clean_context,insufficient_clean_context,NaN,NaN,0,0
M401-01-baseline-awake,4,0.02,15,sine_squared,10,1,insufficient_clean_context,insufficient_clean_context,NaN,NaN,0,0
M401-01-baseline-awake,4,0.02,15,sine_squared,25,1,insufficient_clean_context,insufficient_clean_context,NaN,NaN,0,0
M401-01-baseline-awake,4,0.02,30,linear,10,1,insufficient_clean_context,insufficient_clean_context,NaN,NaN,0,0
M401-01-baseline-awake,4,0.02,30,linear,25,1,insufficient_clean_context,insufficient_clean_context,NaN,NaN,0,0
M401-01-baseline-awake,4,0.02,30,sine_squared,10,1,insufficient_clean_context,insufficient_clean_context,NaN,NaN,0,0
M401-01-baseline-awake,4,0.02,30,sine_squared,25,1,insufficient_clean_context,insufficient_clean_context,NaN,NaN,0,0
M401-01-baseline-awake,4,0.05,5,linear,10,1,insufficient_clean_context,insufficient_clean_context,NaN,NaN,0,0
M401-01-baseline-awake,4,0.05,5,linear,25,1,insufficient_clean_context,insufficient_clean_context,NaN,NaN,0,0
M401-01-baseline-awake,4,0.05,5,sine_squared,10,1,insufficient_clean_context,insufficient_clean_context,NaN,NaN,0,0
M401-01-baseline-awake,4,0.05,5,sine_squared,25,1,insufficient_clean_context,insufficient_clean_context,NaN,NaN,0,0
M401-01-baseline-awake,4,0.05,15,linear,10,1,insufficient_clean_context,insufficient_clean_context,NaN,NaN,0,0
M401-01-baseline-awake,4,0.05,15,linear,25,1,insufficient_clean_context,insufficient_clean_context,NaN,NaN,0,0
M401-01-baseline-awake,4,0.05,15,sine_squared,10,1,insufficient_clean_context,insufficient_clean_context,NaN,NaN,0,0
M401-01-baseline-awake,4,0.05,15,sine_squared,25,1,insufficient_clean_context,insufficient_clean_context,NaN,NaN,0,0
M401-01-baseline-awake,4,0.05,30,linear,10,1,insufficient_clean_context,insufficient_clean_context,NaN,NaN,0,0
M401-01-baseline-awake,4,0.05,30,linear,25,1,insufficient_clean_context,insufficient_clean_context,NaN,NaN,0,0
M401-01-baseline-awake,4,0.05,30,sine_squared,10,1,insufficient_clean_context,insufficient_clean_context,NaN,NaN,0,0
M401-01-baseline-awake,4,0.05,30,sine_squared,25,1,insufficient_clean_context,insufficient_clean_context,NaN,NaN,0,0
M401-01-baseline-awake,4,0.1,5,linear,10,1,insufficient_clean_context,insufficient_clean_context,NaN,NaN,0,0
M401-01-baseline-awake,4,0.1,5,linear,25,1,insufficient_clean_context,insufficient_clean_context,NaN,NaN,0,0
M401-01-baseline-awake,4,0.1,5,sine_squared,10,1,insufficient_clean_context,insufficient_clean_context,NaN,NaN,0,0
M401-01-baseline-awake,4,0.1,5,sine_squared,25,1,insufficient_clean_context,insufficient_clean_context,NaN,NaN,0,0
M401-01-baseline-awake,4,0.1,15,linear,10,1,insufficient_clean_context,insufficient_clean_context,NaN,NaN,0,0
M401-01-baseline-awake,4,0.1,15,linear,25,1,insufficient_clean_context,insufficient_clean_context,NaN,NaN,0,0
M401-01-baseline-awake,4,0.1,15,sine_squared,10,1,insufficient_clean_context,insufficient_clean_context,NaN,NaN,0,0
M401-01-baseline-awake,4,0.1,15,sine_squared,25,1,insufficient_clean_context,insufficient_clean_context,NaN,NaN,0,0
M401-01-baseline-awake,4,0.1,30,linear,10,1,insufficient_clean_context,insufficient_clean_context,NaN,NaN,0,0
M401-01-baseline-awake,4,0.1,30,linear,25,1,insufficient_clean_context,insufficient_clean_context,NaN,NaN,0,0
M401-01-baseline-awake,4,0.1,30,sine_squared,10,1,insufficient_clean_context,insufficient_clean_context,NaN,NaN,0,0
M401-01-baseline-awake,4,0.1,30,sine_squared,25,1,insufficient_clean_context,insufficient_clean_context,NaN,NaN,0,0
M401-01-baseline-awake,4,0.2,5,linear,10,1,insufficient_clean_context,insufficient_clean_context,NaN,NaN,0,0
M401-01-baseline-awake,4,0.2,5,linear,25,1,insufficient_clean_context,insufficient_clean_context,NaN,NaN,0,0
M401-01-baseline-awake,4,0.2,5,sine_squared,10,1,insufficient_clean_context,insufficient_clean_context,NaN,NaN,0,0
M401-01-baseline-awake,4,0.2,5,sine_squared,25,1,insufficient_clean_context,insufficient_clean_context,NaN,NaN,0,0
M401-01-baseline-awake,4,0.2,15,linear,10,1,insufficient_clean_context,insufficient_clean_context,NaN,NaN,0,0
M401-01-baseline-awake,4,0.2,15,linear,25,1,insufficient_clean_context,insufficient_clean_context,NaN,NaN,0,0
M401-01-baseline-awake,4,0.2,15,sine_squared,10,1,insufficient_clean_context,insufficient_clean_context,NaN,NaN,0,0
M401-01-baseline-awake,4,0.2,15,sine_squared,25,1,insufficient_clean_context,insufficient_clean_context,NaN,NaN,0,0
M401-01-baseline-awake,4,0.2,30,linear,10,1,insufficient_clean_context,insufficient_clean_context,NaN,NaN,0,0
M401-01-baseline-awake,4,0.2,30,linear,25,1,insufficient_clean_context,insufficient_clean_context,NaN,NaN,0,0
M401-01-baseline-awake,4,0.2,30,sine_squared,10,1,insufficient_clean_context,insufficient_clean_context,NaN,NaN,0,0
M401-01-baseline-awake,4,0.2,30,sine_squared,25,1,insufficient_clean_context,insufficient_clean_context,NaN,NaN,0,0
M401-01-baseline-awake,5,0.02,5,linear,10,1,insufficient_improvement,insufficient_improvement,NaN,NaN,0,0
M401-01-baseline-awake,5,0.02,5,linear,25,1,insufficient_improvement,insufficient_improvement,NaN,NaN,0,0
M401-01-baseline-awake,5,0.02,5,sine_squared,10,1,insufficient_improvement,insufficient_improvement,NaN,NaN,0,0
M401-01-baseline-awake,5,0.02,5,sine_squared,25,1,insufficient_improvement,insufficient_improvement,NaN,NaN,0,0
M401-01-baseline-awake,5,0.02,15,linear,10,1,insufficient_improvement,insufficient_improvement,NaN,NaN,0,0
M401-01-baseline-awake,5,0.02,15,linear,25,1,insufficient_improvement,insufficient_improvement,NaN,NaN,0,0
M401-01-baseline-awake,5,0.02,15,sine_squared,10,1,insufficient_improvement,insufficient_improvement,NaN,NaN,0,0
M401-01-baseline-awake,5,0.02,15,sine_squared,25,1,insufficient_improvement,insufficient_improvement,NaN,NaN,0,0
M401-01-baseline-awake,5,0.02,30,linear,10,1,insufficient_improvement,insufficient_improvement,NaN,NaN,0,0
M401-01-baseline-awake,5,0.02,30,linear,25,1,insufficient_improvement,insufficient_improvement,NaN,NaN,0,0
M401-01-baseline-awake,5,0.02,30,sine_squared,10,1,insufficient_improvement,insufficient_improvement,NaN,NaN,0,0
M401-01-baseline-awake,5,0.02,30,sine_squared,25,1,insufficient_improvement,insufficient_improvement,NaN,NaN,0,0
M401-01-baseline-awake,5,0.05,5,linear,10,1,insufficient_improvement,insufficient_improvement,NaN,NaN,0,0
M401-01-baseline-awake,5,0.05,5,linear,25,1,not_a_rising_change,insufficient_improvement,NaN,NaN,0,0
M401-01-baseline-awake,5,0.05,5,sine_squared,10,1,insufficient_improvement,insufficient_improvement,NaN,NaN,0,0
M401-01-baseline-awake,5,0.05,5,sine_squared,25,1,insufficient_improvement,insufficient_improvement,NaN,NaN,0,0
M401-01-baseline-awake,5,0.05,15,linear,10,1,insufficient_improvement,insufficient_improvement,NaN,NaN,0,0
M401-01-baseline-awake,5,0.05,15,linear,25,1,insufficient_improvement,insufficient_improvement,NaN,NaN,0,0
M401-01-baseline-awake,5,0.05,15,sine_squared,10,1,insufficient_improvement,insufficient_improvement,NaN,NaN,0,0
M401-01-baseline-awake,5,0.05,15,sine_squared,25,1,insufficient_improvement,insufficient_improvement,NaN,NaN,0,0
M401-01-baseline-awake,5,0.05,30,linear,10,1,insufficient_improvement,insufficient_improvement,NaN,NaN,0,0
M401-01-baseline-awake,5,0.05,30,linear,25,1,insufficient_improvement,insufficient_improvement,NaN,NaN,0,0
M401-01-baseline-awake,5,0.05,30,sine_squared,10,1,insufficient_improvement,insufficient_improvement,NaN,NaN,0,0
M401-01-baseline-awake,5,0.05,30,sine_squared,25,1,insufficient_improvement,insufficient_improvement,NaN,NaN,0,0
M401-01-baseline-awake,5,0.1,5,linear,10,1,insufficient_improvement,insufficient_improvement,NaN,NaN,0,0
M401-01-baseline-awake,5,0.1,5,linear,25,1,not_a_rising_change,insufficient_improvement,NaN,NaN,0,0
M401-01-baseline-awake,5,0.1,5,sine_squared,10,1,insufficient_improvement,insufficient_improvement,NaN,NaN,0,0
M401-01-baseline-awake,5,0.1,5,sine_squared,25,1,not_a_rising_change,insufficient_improvement,NaN,NaN,0,0
M401-01-baseline-awake,5,0.1,15,linear,10,1,insufficient_improvement,insufficient_improvement,NaN,NaN,0,0
M401-01-baseline-awake,5,0.1,15,linear,25,1,insufficient_improvement,insufficient_improvement,NaN,NaN,0,0
M401-01-baseline-awake,5,0.1,15,sine_squared,10,1,insufficient_improvement,insufficient_improvement,NaN,NaN,0,0
M401-01-baseline-awake,5,0.1,15,sine_squared,25,1,insufficient_improvement,insufficient_improvement,NaN,NaN,0,0
M401-01-baseline-awake,5,0.1,30,linear,10,1,insufficient_improvement,insufficient_improvement,NaN,NaN,0,0
M401-01-baseline-awake,5,0.1,30,linear,25,1,insufficient_improvement,insufficient_improvement,NaN,NaN,0,0
M401-01-baseline-awake,5,0.1,30,sine_squared,10,1,insufficient_improvement,insufficient_improvement,NaN,NaN,0,0
M401-01-baseline-awake,5,0.1,30,sine_squared,25,1,insufficient_improvement,insufficient_improvement,NaN,NaN,0,0
M401-01-baseline-awake,5,0.2,5,linear,10,1,insufficient_improvement,insufficient_improvement,NaN,NaN,0,0
M401-01-baseline-awake,5,0.2,5,linear,25,1,not_a_rising_change,insufficient_improvement,NaN,NaN,0,0
M401-01-baseline-awake,5,0.2,5,sine_squared,10,1,insufficient_improvement,insufficient_improvement,NaN,NaN,0,0
M401-01-baseline-awake,5,0.2,5,sine_squared,25,1,not_a_rising_change,insufficient_improvement,NaN,NaN,0,0
M401-01-baseline-awake,5,0.2,15,linear,10,1,search_boundary_unresolved,search_boundary_unresolved,NaN,NaN,0,0
M401-01-baseline-awake,5,0.2,15,linear,25,1,not_a_rising_change,insufficient_improvement,NaN,NaN,0,0
M401-01-baseline-awake,5,0.2,15,sine_squared,10,1,search_boundary_unresolved,search_boundary_unresolved,NaN,NaN,0,0
M401-01-baseline-awake,5,0.2,15,sine_squared,25,1,not_a_rising_change,insufficient_improvement,NaN,NaN,0,0
M401-01-baseline-awake,5,0.2,30,linear,10,1,insufficient_improvement,insufficient_improvement,NaN,NaN,0,0
M401-01-baseline-awake,5,0.2,30,linear,25,1,insufficient_improvement,insufficient_improvement,NaN,NaN,0,0
M401-01-baseline-awake,5,0.2,30,sine_squared,10,1,resolved,insufficient_improvement,9,NaN,0,0
M401-01-baseline-awake,5,0.2,30,sine_squared,25,1,insufficient_improvement,insufficient_improvement,NaN,NaN,0,0
M401-01-baseline-awake,6,0.02,5,linear,10,1,insufficient_improvement,insufficient_improvement,NaN,NaN,0,0
M401-01-baseline-awake,6,0.02,5,linear,25,1,insufficient_improvement,insufficient_improvement,NaN,NaN,0,0
M401-01-baseline-awake,6,0.02,5,sine_squared,10,1,insufficient_improvement,insufficient_improvement,NaN,NaN,0,0
M401-01-baseline-awake,6,0.02,5,sine_squared,25,1,insufficient_improvement,insufficient_improvement,NaN,NaN,0,0
M401-01-baseline-awake,6,0.02,15,linear,10,1,insufficient_improvement,insufficient_improvement,NaN,NaN,0,0
M401-01-baseline-awake,6,0.02,15,linear,25,1,insufficient_improvement,insufficient_improvement,NaN,NaN,0,0
M401-01-baseline-awake,6,0.02,15,sine_squared,10,1,insufficient_improvement,insufficient_improvement,NaN,NaN,0,0
M401-01-baseline-awake,6,0.02,15,sine_squared,25,1,insufficient_improvement,insufficient_improvement,NaN,NaN,0,0
M401-01-baseline-awake,6,0.02,30,linear,10,1,insufficient_improvement,insufficient_improvement,NaN,NaN,0,0
M401-01-baseline-awake,6,0.02,30,linear,25,1,insufficient_improvement,insufficient_improvement,NaN,NaN,0,0
M401-01-baseline-awake,6,0.02,30,sine_squared,10,1,insufficient_improvement,insufficient_improvement,NaN,NaN,0,0
M401-01-baseline-awake,6,0.02,30,sine_squared,25,1,insufficient_improvement,insufficient_improvement,NaN,NaN,0,0
M401-01-baseline-awake,6,0.05,5,linear,10,1,insufficient_improvement,insufficient_improvement,NaN,NaN,0,0
M401-01-baseline-awake,6,0.05,5,linear,25,1,not_a_rising_change,insufficient_improvement,NaN,NaN,0,0
M401-01-baseline-awake,6,0.05,5,sine_squared,10,1,insufficient_improvement,insufficient_improvement,NaN,NaN,0,0
M401-01-baseline-awake,6,0.05,5,sine_squared,25,1,not_a_rising_change,insufficient_improvement,NaN,NaN,0,0
M401-01-baseline-awake,6,0.05,15,linear,10,1,insufficient_improvement,insufficient_improvement,NaN,NaN,0,0
M401-01-baseline-awake,6,0.05,15,linear,25,1,insufficient_improvement,insufficient_improvement,NaN,NaN,0,0
M401-01-baseline-awake,6,0.05,15,sine_squared,10,1,insufficient_improvement,insufficient_improvement,NaN,NaN,0,0
M401-01-baseline-awake,6,0.05,15,sine_squared,25,1,insufficient_improvement,insufficient_improvement,NaN,NaN,0,0
M401-01-baseline-awake,6,0.05,30,linear,10,1,insufficient_improvement,insufficient_improvement,NaN,NaN,0,0
M401-01-baseline-awake,6,0.05,30,linear,25,1,insufficient_improvement,insufficient_improvement,NaN,NaN,0,0
M401-01-baseline-awake,6,0.05,30,sine_squared,10,1,insufficient_improvement,insufficient_improvement,NaN,NaN,0,0
M401-01-baseline-awake,6,0.05,30,sine_squared,25,1,insufficient_improvement,insufficient_improvement,NaN,NaN,0,0
M401-01-baseline-awake,6,0.1,5,linear,10,1,resolved,resolved,-4,3,1,1
M401-01-baseline-awake,6,0.1,5,linear,25,1,not_a_rising_change,resolved,NaN,2,0,1
M401-01-baseline-awake,6,0.1,5,sine_squared,10,1,resolved,resolved,-4,1,1,1
M401-01-baseline-awake,6,0.1,5,sine_squared,25,1,not_a_rising_change,resolved,NaN,2,0,1
M401-01-baseline-awake,6,0.1,15,linear,10,1,resolved,resolved,2,2,1,1
M401-01-baseline-awake,6,0.1,15,linear,25,1,broad_profile_unresolved,resolved,NaN,4,0,1
M401-01-baseline-awake,6,0.1,15,sine_squared,10,1,resolved,resolved,3,3,1,1
M401-01-baseline-awake,6,0.1,15,sine_squared,25,1,broad_profile_unresolved,resolved,NaN,4,0,1
M401-01-baseline-awake,6,0.1,30,linear,10,1,insufficient_improvement,insufficient_improvement,NaN,NaN,0,0
M401-01-baseline-awake,6,0.1,30,linear,25,1,resolved,insufficient_improvement,4,NaN,1,0
M401-01-baseline-awake,6,0.1,30,sine_squared,10,1,insufficient_improvement,insufficient_improvement,NaN,NaN,0,0
M401-01-baseline-awake,6,0.1,30,sine_squared,25,1,resolved,resolved,6,7,0,0
M401-01-baseline-awake,6,0.2,5,linear,10,1,resolved,resolved,-4,0,1,1
M401-01-baseline-awake,6,0.2,5,linear,25,1,not_a_rising_change,resolved,NaN,0,0,1
M401-01-baseline-awake,6,0.2,5,sine_squared,10,1,resolved,resolved,-4,2,1,1
M401-01-baseline-awake,6,0.2,5,sine_squared,25,1,not_a_rising_change,resolved,NaN,0,0,1
M401-01-baseline-awake,6,0.2,15,linear,10,1,resolved,resolved,2,2,1,1
M401-01-baseline-awake,6,0.2,15,linear,25,1,resolved,resolved,-6,3,0,1
M401-01-baseline-awake,6,0.2,15,sine_squared,10,1,resolved,resolved,2,3,1,1
M401-01-baseline-awake,6,0.2,15,sine_squared,25,1,resolved,resolved,-6,3,0,1
M401-01-baseline-awake,6,0.2,30,linear,10,1,resolved,resolved,2,2,1,1
M401-01-baseline-awake,6,0.2,30,linear,25,1,resolved,resolved,2,2,1,1
M401-01-baseline-awake,6,0.2,30,sine_squared,10,1,resolved,resolved,9,2,0,1
M401-01-baseline-awake,6,0.2,30,sine_squared,25,1,resolved,resolved,5,1,1,1
M401-01-baseline-awake,7,0.02,5,linear,10,1,insufficient_improvement,insufficient_improvement,NaN,NaN,0,0
M401-01-baseline-awake,7,0.02,5,linear,25,1,not_a_rising_change,resolved,NaN,-10,0,0
M401-01-baseline-awake,7,0.02,5,sine_squared,10,1,insufficient_improvement,insufficient_improvement,NaN,NaN,0,0
M401-01-baseline-awake,7,0.02,5,sine_squared,25,1,not_a_rising_change,resolved,NaN,-10,0,0
M401-01-baseline-awake,7,0.02,15,linear,10,1,insufficient_improvement,insufficient_improvement,NaN,NaN,0,0
M401-01-baseline-awake,7,0.02,15,linear,25,1,not_a_rising_change,insufficient_improvement,NaN,NaN,0,0
M401-01-baseline-awake,7,0.02,15,sine_squared,10,1,insufficient_improvement,insufficient_improvement,NaN,NaN,0,0
M401-01-baseline-awake,7,0.02,15,sine_squared,25,1,not_a_rising_change,insufficient_improvement,NaN,NaN,0,0
M401-01-baseline-awake,7,0.02,30,linear,10,1,insufficient_improvement,insufficient_improvement,NaN,NaN,0,0
M401-01-baseline-awake,7,0.02,30,linear,25,1,insufficient_improvement,insufficient_improvement,NaN,NaN,0,0
M401-01-baseline-awake,7,0.02,30,sine_squared,10,1,insufficient_improvement,insufficient_improvement,NaN,NaN,0,0
M401-01-baseline-awake,7,0.02,30,sine_squared,25,1,insufficient_improvement,insufficient_improvement,NaN,NaN,0,0
M401-01-baseline-awake,7,0.05,5,linear,10,1,insufficient_improvement,resolved,NaN,3,0,1
M401-01-baseline-awake,7,0.05,5,linear,25,1,not_a_rising_change,resolved,NaN,-5,0,1
M401-01-baseline-awake,7,0.05,5,sine_squared,10,1,insufficient_improvement,resolved,NaN,3,0,1
M401-01-baseline-awake,7,0.05,5,sine_squared,25,1,not_a_rising_change,resolved,NaN,-9,0,0
M401-01-baseline-awake,7,0.05,15,linear,10,1,insufficient_improvement,insufficient_improvement,NaN,NaN,0,0
M401-01-baseline-awake,7,0.05,15,linear,25,1,not_a_rising_change,resolved,NaN,-5,0,1
M401-01-baseline-awake,7,0.05,15,sine_squared,10,1,insufficient_improvement,insufficient_improvement,NaN,NaN,0,0
M401-01-baseline-awake,7,0.05,15,sine_squared,25,1,not_a_rising_change,resolved,NaN,-5,0,1
M401-01-baseline-awake,7,0.05,30,linear,10,1,insufficient_improvement,insufficient_improvement,NaN,NaN,0,0
M401-01-baseline-awake,7,0.05,30,linear,25,1,insufficient_improvement,insufficient_improvement,NaN,NaN,0,0
M401-01-baseline-awake,7,0.05,30,sine_squared,10,1,insufficient_improvement,insufficient_improvement,NaN,NaN,0,0
M401-01-baseline-awake,7,0.05,30,sine_squared,25,1,insufficient_improvement,resolved,NaN,15,0,0
M401-01-baseline-awake,7,0.1,5,linear,10,1,resolved,resolved,-4,0,1,1
M401-01-baseline-awake,7,0.1,5,linear,25,1,not_a_rising_change,resolved,NaN,-4,0,1
M401-01-baseline-awake,7,0.1,5,sine_squared,10,1,resolved,resolved,-4,0,1,1
M401-01-baseline-awake,7,0.1,5,sine_squared,25,1,not_a_rising_change,resolved,NaN,-4,0,1
M401-01-baseline-awake,7,0.1,15,linear,10,1,resolved,resolved,-2,0,1,1
M401-01-baseline-awake,7,0.1,15,linear,25,1,resolved,resolved,-9,-6,0,0
M401-01-baseline-awake,7,0.1,15,sine_squared,10,1,resolved,resolved,-1,4,1,1
M401-01-baseline-awake,7,0.1,15,sine_squared,25,1,resolved,resolved,-8,-1,0,1
M401-01-baseline-awake,7,0.1,30,linear,10,1,insufficient_improvement,insufficient_improvement,NaN,NaN,0,0
M401-01-baseline-awake,7,0.1,30,linear,25,1,resolved,resolved,-7,11,0,0
M401-01-baseline-awake,7,0.1,30,sine_squared,10,1,insufficient_improvement,insufficient_improvement,NaN,NaN,0,0
M401-01-baseline-awake,7,0.1,30,sine_squared,25,1,resolved,resolved,6,9,0,0
M401-01-baseline-awake,7,0.2,5,linear,10,1,resolved,resolved,-4,0,1,1
M401-01-baseline-awake,7,0.2,5,linear,25,1,not_a_rising_change,resolved,NaN,-1,0,1
M401-01-baseline-awake,7,0.2,5,sine_squared,10,1,resolved,resolved,-4,0,1,1
M401-01-baseline-awake,7,0.2,5,sine_squared,25,1,not_a_rising_change,resolved,NaN,-1,0,1
M401-01-baseline-awake,7,0.2,15,linear,10,1,resolved,resolved,-1,0,1,1
M401-01-baseline-awake,7,0.2,15,linear,25,1,resolved,resolved,-8,-1,0,1
M401-01-baseline-awake,7,0.2,15,sine_squared,10,1,resolved,resolved,1,1,1,1
M401-01-baseline-awake,7,0.2,15,sine_squared,25,1,resolved,resolved,-7,0,0,1
M401-01-baseline-awake,7,0.2,30,linear,10,1,resolved,resolved,-2,0,1,1
M401-01-baseline-awake,7,0.2,30,linear,25,1,resolved,resolved,-2,5,1,1
M401-01-baseline-awake,7,0.2,30,sine_squared,10,1,resolved,resolved,1,4,1,1
M401-01-baseline-awake,7,0.2,30,sine_squared,25,1,resolved,resolved,6,9,0,0
M401-01-baseline-awake,8,0.02,5,linear,10,1,insufficient_improvement,insufficient_improvement,NaN,NaN,0,0
M401-01-baseline-awake,8,0.02,5,linear,25,1,insufficient_improvement,insufficient_improvement,NaN,NaN,0,0
M401-01-baseline-awake,8,0.02,5,sine_squared,10,1,insufficient_improvement,insufficient_improvement,NaN,NaN,0,0
M401-01-baseline-awake,8,0.02,5,sine_squared,25,1,insufficient_improvement,insufficient_improvement,NaN,NaN,0,0
M401-01-baseline-awake,8,0.02,15,linear,10,1,insufficient_improvement,insufficient_improvement,NaN,NaN,0,0
M401-01-baseline-awake,8,0.02,15,linear,25,1,insufficient_improvement,insufficient_improvement,NaN,NaN,0,0
M401-01-baseline-awake,8,0.02,15,sine_squared,10,1,insufficient_improvement,insufficient_improvement,NaN,NaN,0,0
M401-01-baseline-awake,8,0.02,15,sine_squared,25,1,insufficient_improvement,insufficient_improvement,NaN,NaN,0,0
M401-01-baseline-awake,8,0.02,30,linear,10,1,insufficient_improvement,insufficient_improvement,NaN,NaN,0,0
M401-01-baseline-awake,8,0.02,30,linear,25,1,insufficient_improvement,insufficient_improvement,NaN,NaN,0,0
M401-01-baseline-awake,8,0.02,30,sine_squared,10,1,insufficient_improvement,insufficient_improvement,NaN,NaN,0,0
M401-01-baseline-awake,8,0.02,30,sine_squared,25,1,insufficient_improvement,insufficient_improvement,NaN,NaN,0,0
M401-01-baseline-awake,8,0.05,5,linear,10,1,resolved,resolved,-3,2,1,1
M401-01-baseline-awake,8,0.05,5,linear,25,1,not_a_rising_change,resolved,NaN,2,0,1
M401-01-baseline-awake,8,0.05,5,sine_squared,10,1,insufficient_improvement,resolved,NaN,2,0,1
M401-01-baseline-awake,8,0.05,5,sine_squared,25,1,not_a_rising_change,resolved,NaN,2,0,1
M401-01-baseline-awake,8,0.05,15,linear,10,1,resolved,insufficient_improvement,2,NaN,1,0
M401-01-baseline-awake,8,0.05,15,linear,25,1,insufficient_improvement,insufficient_improvement,NaN,NaN,0,0
M401-01-baseline-awake,8,0.05,15,sine_squared,10,1,resolved,insufficient_improvement,2,NaN,1,0
M401-01-baseline-awake,8,0.05,15,sine_squared,25,1,insufficient_improvement,insufficient_improvement,NaN,NaN,0,0
M401-01-baseline-awake,8,0.05,30,linear,10,1,insufficient_improvement,insufficient_improvement,NaN,NaN,0,0
M401-01-baseline-awake,8,0.05,30,linear,25,1,insufficient_improvement,insufficient_improvement,NaN,NaN,0,0
M401-01-baseline-awake,8,0.05,30,sine_squared,10,1,insufficient_improvement,insufficient_improvement,NaN,NaN,0,0
M401-01-baseline-awake,8,0.05,30,sine_squared,25,1,insufficient_improvement,insufficient_improvement,NaN,NaN,0,0
M401-01-baseline-awake,8,0.1,5,linear,10,1,resolved,resolved,-3,2,1,1
M401-01-baseline-awake,8,0.1,5,linear,25,1,not_a_rising_change,resolved,NaN,2,0,1
M401-01-baseline-awake,8,0.1,5,sine_squared,10,1,resolved,resolved,-3,2,1,1
M401-01-baseline-awake,8,0.1,5,sine_squared,25,1,not_a_rising_change,resolved,NaN,2,0,1
M401-01-baseline-awake,8,0.1,15,linear,10,1,resolved,resolved,1,1,1,1
M401-01-baseline-awake,8,0.1,15,linear,25,1,insufficient_improvement,resolved,NaN,2,0,1
M401-01-baseline-awake,8,0.1,15,sine_squared,10,1,resolved,resolved,2,3,1,1
M401-01-baseline-awake,8,0.1,15,sine_squared,25,1,insufficient_improvement,resolved,NaN,2,0,1
M401-01-baseline-awake,8,0.1,30,linear,10,1,resolved,insufficient_improvement,2,NaN,1,0
M401-01-baseline-awake,8,0.1,30,linear,25,1,resolved,insufficient_improvement,2,NaN,1,0
M401-01-baseline-awake,8,0.1,30,sine_squared,10,1,search_boundary_unresolved,insufficient_improvement,NaN,NaN,0,0
M401-01-baseline-awake,8,0.1,30,sine_squared,25,1,resolved,resolved,3,3,1,1
M401-01-baseline-awake,8,0.2,5,linear,10,1,resolved,resolved,-4,0,1,1
M401-01-baseline-awake,8,0.2,5,linear,25,1,not_a_rising_change,resolved,NaN,2,0,1
M401-01-baseline-awake,8,0.2,5,sine_squared,10,1,resolved,resolved,-4,0,1,1
M401-01-baseline-awake,8,0.2,5,sine_squared,25,1,not_a_rising_change,resolved,NaN,2,0,1
M401-01-baseline-awake,8,0.2,15,linear,10,1,resolved,resolved,1,1,1,1
M401-01-baseline-awake,8,0.2,15,linear,25,1,insufficient_improvement,resolved,NaN,2,0,1
M401-01-baseline-awake,8,0.2,15,sine_squared,10,1,resolved,resolved,2,3,1,1
M401-01-baseline-awake,8,0.2,15,sine_squared,25,1,insufficient_improvement,resolved,NaN,2,0,1
M401-01-baseline-awake,8,0.2,30,linear,10,1,resolved,resolved,1,1,1,1
M401-01-baseline-awake,8,0.2,30,linear,25,1,search_boundary_unresolved,search_boundary_unresolved,NaN,NaN,0,0
M401-01-baseline-awake,8,0.2,30,sine_squared,10,1,resolved,resolved,6,1,0,1
M401-01-baseline-awake,8,0.2,30,sine_squared,25,1,resolved,search_boundary_unresolved,3,NaN,1,0
M401-01-baseline-awake,9,0.02,5,linear,10,1,insufficient_improvement,insufficient_improvement,NaN,NaN,0,0
M401-01-baseline-awake,9,0.02,5,linear,25,1,insufficient_improvement,insufficient_improvement,NaN,NaN,0,0
M401-01-baseline-awake,9,0.02,5,sine_squared,10,1,insufficient_improvement,insufficient_improvement,NaN,NaN,0,0
M401-01-baseline-awake,9,0.02,5,sine_squared,25,1,insufficient_improvement,insufficient_improvement,NaN,NaN,0,0
M401-01-baseline-awake,9,0.02,15,linear,10,1,insufficient_improvement,insufficient_improvement,NaN,NaN,0,0
M401-01-baseline-awake,9,0.02,15,linear,25,1,insufficient_improvement,insufficient_improvement,NaN,NaN,0,0
M401-01-baseline-awake,9,0.02,15,sine_squared,10,1,insufficient_improvement,insufficient_improvement,NaN,NaN,0,0
M401-01-baseline-awake,9,0.02,15,sine_squared,25,1,insufficient_improvement,insufficient_improvement,NaN,NaN,0,0
M401-01-baseline-awake,9,0.02,30,linear,10,1,insufficient_improvement,insufficient_improvement,NaN,NaN,0,0
M401-01-baseline-awake,9,0.02,30,linear,25,1,insufficient_improvement,insufficient_improvement,NaN,NaN,0,0
M401-01-baseline-awake,9,0.02,30,sine_squared,10,1,insufficient_improvement,insufficient_improvement,NaN,NaN,0,0
M401-01-baseline-awake,9,0.02,30,sine_squared,25,1,insufficient_improvement,insufficient_improvement,NaN,NaN,0,0
M401-01-baseline-awake,9,0.05,5,linear,10,1,resolved,resolved,-6,-4,0,1
M401-01-baseline-awake,9,0.05,5,linear,25,1,insufficient_improvement,resolved,NaN,2,0,1
M401-01-baseline-awake,9,0.05,5,sine_squared,10,1,resolved,resolved,-6,-4,0,1
M401-01-baseline-awake,9,0.05,5,sine_squared,25,1,insufficient_improvement,resolved,NaN,2,0,1
M401-01-baseline-awake,9,0.05,15,linear,10,1,broad_profile_unresolved,insufficient_improvement,NaN,NaN,0,0
M401-01-baseline-awake,9,0.05,15,linear,25,1,resolved,broad_profile_unresolved,-9,NaN,0,0
M401-01-baseline-awake,9,0.05,15,sine_squared,10,1,resolved,insufficient_improvement,4,NaN,1,0
M401-01-baseline-awake,9,0.05,15,sine_squared,25,1,resolved,resolved,-9,0,0,1
M401-01-baseline-awake,9,0.05,30,linear,10,1,insufficient_improvement,insufficient_improvement,NaN,NaN,0,0
M401-01-baseline-awake,9,0.05,30,linear,25,1,resolved,insufficient_improvement,-9,NaN,0,0
M401-01-baseline-awake,9,0.05,30,sine_squared,10,1,insufficient_improvement,insufficient_improvement,NaN,NaN,0,0
M401-01-baseline-awake,9,0.05,30,sine_squared,25,1,broad_profile_unresolved,insufficient_improvement,NaN,NaN,0,0
M401-01-baseline-awake,9,0.1,5,linear,10,1,resolved,resolved,-5,-3,1,1
M401-01-baseline-awake,9,0.1,5,linear,25,1,not_a_rising_change,resolved,NaN,2,0,1
M401-01-baseline-awake,9,0.1,5,sine_squared,10,1,resolved,resolved,-5,-3,1,1
M401-01-baseline-awake,9,0.1,5,sine_squared,25,1,not_a_rising_change,resolved,NaN,2,0,1
M401-01-baseline-awake,9,0.1,15,linear,10,1,resolved,resolved,-2,-6,1,0
M401-01-baseline-awake,9,0.1,15,linear,25,1,resolved,resolved,-9,0,0,1
M401-01-baseline-awake,9,0.1,15,sine_squared,10,1,resolved,resolved,3,-4,1,1
M401-01-baseline-awake,9,0.1,15,sine_squared,25,1,resolved,resolved,-9,0,0,1
M401-01-baseline-awake,9,0.1,30,linear,10,1,broad_profile_unresolved,insufficient_improvement,NaN,NaN,0,0
M401-01-baseline-awake,9,0.1,30,linear,25,1,resolved,broad_profile_unresolved,-3,NaN,1,0
M401-01-baseline-awake,9,0.1,30,sine_squared,10,1,search_boundary_unresolved,insufficient_improvement,NaN,NaN,0,0
M401-01-baseline-awake,9,0.1,30,sine_squared,25,1,resolved,broad_profile_unresolved,1,NaN,1,0
M401-01-baseline-awake,9,0.2,5,linear,10,1,resolved,resolved,-5,-3,1,1
M401-01-baseline-awake,9,0.2,5,linear,25,1,not_a_rising_change,resolved,NaN,0,0,1
M401-01-baseline-awake,9,0.2,5,sine_squared,10,1,resolved,resolved,-5,0,1,1
M401-01-baseline-awake,9,0.2,5,sine_squared,25,1,not_a_rising_change,resolved,NaN,0,0,1
M401-01-baseline-awake,9,0.2,15,linear,10,1,resolved,resolved,0,-6,1,0
M401-01-baseline-awake,9,0.2,15,linear,25,1,resolved,resolved,-7,0,0,1
M401-01-baseline-awake,9,0.2,15,sine_squared,10,1,resolved,resolved,2,-3,1,1
M401-01-baseline-awake,9,0.2,15,sine_squared,25,1,resolved,resolved,-6,0,0,1
M401-01-baseline-awake,9,0.2,30,linear,10,1,resolved,resolved,-2,-6,1,0
M401-01-baseline-awake,9,0.2,30,linear,25,1,resolved,resolved,0,0,1,1
M401-01-baseline-awake,9,0.2,30,sine_squared,10,1,resolved,resolved,5,3,1,1
M401-01-baseline-awake,9,0.2,30,sine_squared,25,1,resolved,resolved,2,2,1,1
M401-01-baseline-awake,10,0.02,5,linear,10,1,insufficient_improvement,insufficient_improvement,NaN,NaN,0,0
M401-01-baseline-awake,10,0.02,5,linear,25,1,insufficient_improvement,insufficient_improvement,NaN,NaN,0,0
M401-01-baseline-awake,10,0.02,5,sine_squared,10,1,insufficient_improvement,insufficient_improvement,NaN,NaN,0,0
M401-01-baseline-awake,10,0.02,5,sine_squared,25,1,insufficient_improvement,insufficient_improvement,NaN,NaN,0,0
M401-01-baseline-awake,10,0.02,15,linear,10,1,insufficient_improvement,insufficient_improvement,NaN,NaN,0,0
M401-01-baseline-awake,10,0.02,15,linear,25,1,insufficient_improvement,insufficient_improvement,NaN,NaN,0,0
M401-01-baseline-awake,10,0.02,15,sine_squared,10,1,insufficient_improvement,insufficient_improvement,NaN,NaN,0,0
M401-01-baseline-awake,10,0.02,15,sine_squared,25,1,insufficient_improvement,insufficient_improvement,NaN,NaN,0,0
M401-01-baseline-awake,10,0.02,30,linear,10,1,insufficient_improvement,insufficient_improvement,NaN,NaN,0,0
M401-01-baseline-awake,10,0.02,30,linear,25,1,insufficient_improvement,insufficient_improvement,NaN,NaN,0,0
M401-01-baseline-awake,10,0.02,30,sine_squared,10,1,insufficient_improvement,insufficient_improvement,NaN,NaN,0,0
M401-01-baseline-awake,10,0.02,30,sine_squared,25,1,insufficient_improvement,insufficient_improvement,NaN,NaN,0,0
M401-01-baseline-awake,10,0.05,5,linear,10,1,resolved,insufficient_improvement,-24,NaN,0,0
M401-01-baseline-awake,10,0.05,5,linear,25,1,insufficient_improvement,resolved,NaN,-4,0,1
M401-01-baseline-awake,10,0.05,5,sine_squared,10,1,resolved,insufficient_improvement,-24,NaN,0,0
M401-01-baseline-awake,10,0.05,5,sine_squared,25,1,insufficient_improvement,resolved,NaN,-4,0,1
M401-01-baseline-awake,10,0.05,15,linear,10,1,resolved,insufficient_improvement,-24,NaN,0,0
M401-01-baseline-awake,10,0.05,15,linear,25,1,resolved,resolved,-11,-10,0,0
M401-01-baseline-awake,10,0.05,15,sine_squared,10,1,resolved,insufficient_improvement,-24,NaN,0,0
M401-01-baseline-awake,10,0.05,15,sine_squared,25,1,resolved,resolved,-10,-10,0,0
M401-01-baseline-awake,10,0.05,30,linear,10,1,insufficient_improvement,insufficient_improvement,NaN,NaN,0,0
M401-01-baseline-awake,10,0.05,30,linear,25,1,resolved,insufficient_improvement,-10,NaN,0,0
M401-01-baseline-awake,10,0.05,30,sine_squared,10,1,insufficient_improvement,insufficient_improvement,NaN,NaN,0,0
M401-01-baseline-awake,10,0.05,30,sine_squared,25,1,resolved,insufficient_improvement,-9,NaN,0,0
M401-01-baseline-awake,10,0.1,5,linear,10,1,resolved,resolved,-4,-1,1,1
M401-01-baseline-awake,10,0.1,5,linear,25,1,not_a_rising_change,resolved,NaN,-4,0,1
M401-01-baseline-awake,10,0.1,5,sine_squared,10,1,resolved,resolved,-4,-1,1,1
M401-01-baseline-awake,10,0.1,5,sine_squared,25,1,not_a_rising_change,resolved,NaN,0,0,1
M401-01-baseline-awake,10,0.1,15,linear,10,1,resolved,resolved,-2,-2,1,1
M401-01-baseline-awake,10,0.1,15,linear,25,1,resolved,resolved,-9,-4,0,1
M401-01-baseline-awake,10,0.1,15,sine_squared,10,1,resolved,broad_profile_unresolved,-1,NaN,1,0
M401-01-baseline-awake,10,0.1,15,sine_squared,25,1,resolved,resolved,-9,-4,0,1
M401-01-baseline-awake,10,0.1,30,linear,10,1,resolved,insufficient_improvement,-24,NaN,0,0
M401-01-baseline-awake,10,0.1,30,linear,25,1,resolved,resolved,-8,-8,0,0
M401-01-baseline-awake,10,0.1,30,sine_squared,10,1,insufficient_improvement,insufficient_improvement,NaN,NaN,0,0
M401-01-baseline-awake,10,0.1,30,sine_squared,25,1,resolved,broad_profile_unresolved,-8,NaN,0,0
M401-01-baseline-awake,10,0.2,5,linear,10,1,resolved,resolved,-4,-3,1,1
M401-01-baseline-awake,10,0.2,5,linear,25,1,not_a_rising_change,resolved,NaN,0,0,1
M401-01-baseline-awake,10,0.2,5,sine_squared,10,1,resolved,resolved,-4,0,1,1
M401-01-baseline-awake,10,0.2,5,sine_squared,25,1,not_a_rising_change,resolved,NaN,0,0,1
M401-01-baseline-awake,10,0.2,15,linear,10,1,resolved,resolved,-1,-1,1,1
M401-01-baseline-awake,10,0.2,15,linear,25,1,resolved,resolved,-8,-3,0,1
M401-01-baseline-awake,10,0.2,15,sine_squared,10,1,resolved,resolved,0,-2,1,1
M401-01-baseline-awake,10,0.2,15,sine_squared,25,1,resolved,resolved,-8,-3,0,1
M401-01-baseline-awake,10,0.2,30,linear,10,1,resolved,resolved,-2,-2,1,1
M401-01-baseline-awake,10,0.2,30,linear,25,1,resolved,search_boundary_unresolved,-7,NaN,0,0
M401-01-baseline-awake,10,0.2,30,sine_squared,10,1,resolved,broad_profile_unresolved,-1,NaN,1,0
M401-01-baseline-awake,10,0.2,30,sine_squared,25,1,resolved,resolved,-1,-8,1,0
M401-01-baseline-awake,11,0.02,5,linear,10,1,insufficient_improvement,insufficient_improvement,NaN,NaN,0,0
M401-01-baseline-awake,11,0.02,5,linear,25,1,insufficient_improvement,insufficient_improvement,NaN,NaN,0,0
M401-01-baseline-awake,11,0.02,5,sine_squared,10,1,insufficient_improvement,insufficient_improvement,NaN,NaN,0,0
M401-01-baseline-awake,11,0.02,5,sine_squared,25,1,insufficient_improvement,insufficient_improvement,NaN,NaN,0,0
M401-01-baseline-awake,11,0.02,15,linear,10,1,insufficient_improvement,insufficient_improvement,NaN,NaN,0,0
M401-01-baseline-awake,11,0.02,15,linear,25,1,insufficient_improvement,insufficient_improvement,NaN,NaN,0,0
M401-01-baseline-awake,11,0.02,15,sine_squared,10,1,insufficient_improvement,insufficient_improvement,NaN,NaN,0,0
M401-01-baseline-awake,11,0.02,15,sine_squared,25,1,insufficient_improvement,insufficient_improvement,NaN,NaN,0,0
M401-01-baseline-awake,11,0.02,30,linear,10,1,insufficient_improvement,insufficient_improvement,NaN,NaN,0,0
M401-01-baseline-awake,11,0.02,30,linear,25,1,insufficient_improvement,insufficient_improvement,NaN,NaN,0,0
M401-01-baseline-awake,11,0.02,30,sine_squared,10,1,insufficient_improvement,insufficient_improvement,NaN,NaN,0,0
M401-01-baseline-awake,11,0.02,30,sine_squared,25,1,insufficient_improvement,insufficient_improvement,NaN,NaN,0,0
M401-01-baseline-awake,11,0.05,5,linear,10,1,broad_profile_unresolved,insufficient_improvement,NaN,NaN,0,0
M401-01-baseline-awake,11,0.05,5,linear,25,1,insufficient_improvement,resolved,NaN,-5,0,1
M401-01-baseline-awake,11,0.05,5,sine_squared,10,1,broad_profile_unresolved,insufficient_improvement,NaN,NaN,0,0
M401-01-baseline-awake,11,0.05,5,sine_squared,25,1,insufficient_improvement,resolved,NaN,-4,0,1
M401-01-baseline-awake,11,0.05,15,linear,10,1,resolved,insufficient_improvement,5,NaN,1,0
M401-01-baseline-awake,11,0.05,15,linear,25,1,resolved,resolved,-13,-3,0,1
M401-01-baseline-awake,11,0.05,15,sine_squared,10,1,resolved,insufficient_improvement,5,NaN,1,0
M401-01-baseline-awake,11,0.05,15,sine_squared,25,1,resolved,resolved,-13,-5,0,1
M401-01-baseline-awake,11,0.05,30,linear,10,1,insufficient_improvement,insufficient_improvement,NaN,NaN,0,0
M401-01-baseline-awake,11,0.05,30,linear,25,1,resolved,insufficient_improvement,-12,NaN,0,0
M401-01-baseline-awake,11,0.05,30,sine_squared,10,1,insufficient_improvement,insufficient_improvement,NaN,NaN,0,0
M401-01-baseline-awake,11,0.05,30,sine_squared,25,1,resolved,insufficient_improvement,-11,NaN,0,0
M401-01-baseline-awake,11,0.1,5,linear,10,1,resolved,resolved,-1,1,1,1
M401-01-baseline-awake,11,0.1,5,linear,25,1,insufficient_improvement,resolved,NaN,-4,0,1
M401-01-baseline-awake,11,0.1,5,sine_squared,10,1,resolved,resolved,-1,1,1,1
M401-01-baseline-awake,11,0.1,5,sine_squared,25,1,insufficient_improvement,resolved,NaN,-1,0,1
M401-01-baseline-awake,11,0.1,15,linear,10,1,resolved,resolved,4,4,1,1
M401-01-baseline-awake,11,0.1,15,linear,25,1,resolved,resolved,-11,-6,0,0
M401-01-baseline-awake,11,0.1,15,sine_squared,10,1,resolved,resolved,4,4,1,1
M401-01-baseline-awake,11,0.1,15,sine_squared,25,1,resolved,resolved,-10,-3,0,1
M401-01-baseline-awake,11,0.1,30,linear,10,1,resolved,insufficient_improvement,5,NaN,1,0
M401-01-baseline-awake,11,0.1,30,linear,25,1,resolved,resolved,-10,-10,0,0
M401-01-baseline-awake,11,0.1,30,sine_squared,10,1,resolved,insufficient_improvement,6,NaN,0,0
M401-01-baseline-awake,11,0.1,30,sine_squared,25,1,resolved,broad_profile_unresolved,-6,NaN,0,0
M401-01-baseline-awake,11,0.2,5,linear,10,1,resolved,resolved,-2,1,1,1
M401-01-baseline-awake,11,0.2,5,linear,25,1,not_a_rising_change,resolved,NaN,0,0,1
M401-01-baseline-awake,11,0.2,5,sine_squared,10,1,resolved,resolved,-2,0,1,1
M401-01-baseline-awake,11,0.2,5,sine_squared,25,1,not_a_rising_change,resolved,NaN,0,0,1
M401-01-baseline-awake,11,0.2,15,linear,10,1,resolved,resolved,2,2,1,1
M401-01-baseline-awake,11,0.2,15,linear,25,1,resolved,resolved,-8,-4,0,1
M401-01-baseline-awake,11,0.2,15,sine_squared,10,1,resolved,resolved,3,3,1,1
M401-01-baseline-awake,11,0.2,15,sine_squared,25,1,resolved,resolved,-8,1,0,1
M401-01-baseline-awake,11,0.2,30,linear,10,1,resolved,resolved,4,4,1,1
M401-01-baseline-awake,11,0.2,30,linear,25,1,resolved,resolved,-5,-5,1,1
M401-01-baseline-awake,11,0.2,30,sine_squared,10,1,resolved,resolved,6,6,0,0
M401-01-baseline-awake,11,0.2,30,sine_squared,25,1,resolved,resolved,-2,-10,1,0
M401-01-baseline-awake,12,0.02,5,linear,10,1,insufficient_clean_context,insufficient_clean_context,NaN,NaN,0,0
M401-01-baseline-awake,12,0.02,5,linear,25,1,insufficient_clean_context,insufficient_clean_context,NaN,NaN,0,0
M401-01-baseline-awake,12,0.02,5,sine_squared,10,1,insufficient_clean_context,insufficient_clean_context,NaN,NaN,0,0
M401-01-baseline-awake,12,0.02,5,sine_squared,25,1,insufficient_clean_context,insufficient_clean_context,NaN,NaN,0,0
M401-01-baseline-awake,12,0.02,15,linear,10,1,insufficient_clean_context,insufficient_clean_context,NaN,NaN,0,0
M401-01-baseline-awake,12,0.02,15,linear,25,1,insufficient_clean_context,insufficient_clean_context,NaN,NaN,0,0
M401-01-baseline-awake,12,0.02,15,sine_squared,10,1,insufficient_clean_context,insufficient_clean_context,NaN,NaN,0,0
M401-01-baseline-awake,12,0.02,15,sine_squared,25,1,insufficient_clean_context,insufficient_clean_context,NaN,NaN,0,0
M401-01-baseline-awake,12,0.02,30,linear,10,1,insufficient_clean_context,insufficient_clean_context,NaN,NaN,0,0
M401-01-baseline-awake,12,0.02,30,linear,25,1,insufficient_clean_context,insufficient_clean_context,NaN,NaN,0,0
M401-01-baseline-awake,12,0.02,30,sine_squared,10,1,insufficient_clean_context,insufficient_clean_context,NaN,NaN,0,0
M401-01-baseline-awake,12,0.02,30,sine_squared,25,1,insufficient_clean_context,insufficient_clean_context,NaN,NaN,0,0
M401-01-baseline-awake,12,0.05,5,linear,10,1,insufficient_clean_context,insufficient_clean_context,NaN,NaN,0,0
M401-01-baseline-awake,12,0.05,5,linear,25,1,insufficient_clean_context,insufficient_clean_context,NaN,NaN,0,0
M401-01-baseline-awake,12,0.05,5,sine_squared,10,1,insufficient_clean_context,insufficient_clean_context,NaN,NaN,0,0
M401-01-baseline-awake,12,0.05,5,sine_squared,25,1,insufficient_clean_context,insufficient_clean_context,NaN,NaN,0,0
M401-01-baseline-awake,12,0.05,15,linear,10,1,insufficient_clean_context,insufficient_clean_context,NaN,NaN,0,0
M401-01-baseline-awake,12,0.05,15,linear,25,1,insufficient_clean_context,insufficient_clean_context,NaN,NaN,0,0
M401-01-baseline-awake,12,0.05,15,sine_squared,10,1,insufficient_clean_context,insufficient_clean_context,NaN,NaN,0,0
M401-01-baseline-awake,12,0.05,15,sine_squared,25,1,insufficient_clean_context,insufficient_clean_context,NaN,NaN,0,0
M401-01-baseline-awake,12,0.05,30,linear,10,1,insufficient_clean_context,insufficient_clean_context,NaN,NaN,0,0
M401-01-baseline-awake,12,0.05,30,linear,25,1,insufficient_clean_context,insufficient_clean_context,NaN,NaN,0,0
M401-01-baseline-awake,12,0.05,30,sine_squared,10,1,insufficient_clean_context,insufficient_clean_context,NaN,NaN,0,0
M401-01-baseline-awake,12,0.05,30,sine_squared,25,1,insufficient_clean_context,insufficient_clean_context,NaN,NaN,0,0
M401-01-baseline-awake,12,0.1,5,linear,10,1,insufficient_clean_context,insufficient_clean_context,NaN,NaN,0,0
M401-01-baseline-awake,12,0.1,5,linear,25,1,insufficient_clean_context,insufficient_clean_context,NaN,NaN,0,0
M401-01-baseline-awake,12,0.1,5,sine_squared,10,1,insufficient_clean_context,insufficient_clean_context,NaN,NaN,0,0
M401-01-baseline-awake,12,0.1,5,sine_squared,25,1,insufficient_clean_context,insufficient_clean_context,NaN,NaN,0,0
M401-01-baseline-awake,12,0.1,15,linear,10,1,insufficient_clean_context,insufficient_clean_context,NaN,NaN,0,0
M401-01-baseline-awake,12,0.1,15,linear,25,1,insufficient_clean_context,insufficient_clean_context,NaN,NaN,0,0
M401-01-baseline-awake,12,0.1,15,sine_squared,10,1,insufficient_clean_context,insufficient_clean_context,NaN,NaN,0,0
M401-01-baseline-awake,12,0.1,15,sine_squared,25,1,insufficient_clean_context,insufficient_clean_context,NaN,NaN,0,0
M401-01-baseline-awake,12,0.1,30,linear,10,1,insufficient_clean_context,insufficient_clean_context,NaN,NaN,0,0
M401-01-baseline-awake,12,0.1,30,linear,25,1,insufficient_clean_context,insufficient_clean_context,NaN,NaN,0,0
M401-01-baseline-awake,12,0.1,30,sine_squared,10,1,insufficient_clean_context,insufficient_clean_context,NaN,NaN,0,0
M401-01-baseline-awake,12,0.1,30,sine_squared,25,1,insufficient_clean_context,insufficient_clean_context,NaN,NaN,0,0
M401-01-baseline-awake,12,0.2,5,linear,10,1,insufficient_clean_context,insufficient_clean_context,NaN,NaN,0,0
M401-01-baseline-awake,12,0.2,5,linear,25,1,insufficient_clean_context,insufficient_clean_context,NaN,NaN,0,0
M401-01-baseline-awake,12,0.2,5,sine_squared,10,1,insufficient_clean_context,insufficient_clean_context,NaN,NaN,0,0
M401-01-baseline-awake,12,0.2,5,sine_squared,25,1,insufficient_clean_context,insufficient_clean_context,NaN,NaN,0,0
M401-01-baseline-awake,12,0.2,15,linear,10,1,insufficient_clean_context,insufficient_clean_context,NaN,NaN,0,0
M401-01-baseline-awake,12,0.2,15,linear,25,1,insufficient_clean_context,insufficient_clean_context,NaN,NaN,0,0
M401-01-baseline-awake,12,0.2,15,sine_squared,10,1,insufficient_clean_context,insufficient_clean_context,NaN,NaN,0,0
M401-01-baseline-awake,12,0.2,15,sine_squared,25,1,insufficient_clean_context,insufficient_clean_context,NaN,NaN,0,0
M401-01-baseline-awake,12,0.2,30,linear,10,1,insufficient_clean_context,insufficient_clean_context,NaN,NaN,0,0
M401-01-baseline-awake,12,0.2,30,linear,25,1,insufficient_clean_context,insufficient_clean_context,NaN,NaN,0,0
M401-01-baseline-awake,12,0.2,30,sine_squared,10,1,insufficient_clean_context,insufficient_clean_context,NaN,NaN,0,0
M401-01-baseline-awake,12,0.2,30,sine_squared,25,1,insufficient_clean_context,insufficient_clean_context,NaN,NaN,0,0
FB2312-baseline-awake,1,0.02,5,linear,10,0,construction_unavailable,construction_unavailable,NaN,NaN,0,0
FB2312-baseline-awake,1,0.02,5,linear,25,0,construction_unavailable,construction_unavailable,NaN,NaN,0,0
FB2312-baseline-awake,1,0.02,5,sine_squared,10,0,construction_unavailable,construction_unavailable,NaN,NaN,0,0
FB2312-baseline-awake,1,0.02,5,sine_squared,25,0,construction_unavailable,construction_unavailable,NaN,NaN,0,0
FB2312-baseline-awake,1,0.02,15,linear,10,0,construction_unavailable,construction_unavailable,NaN,NaN,0,0
FB2312-baseline-awake,1,0.02,15,linear,25,0,construction_unavailable,construction_unavailable,NaN,NaN,0,0
FB2312-baseline-awake,1,0.02,15,sine_squared,10,0,construction_unavailable,construction_unavailable,NaN,NaN,0,0
FB2312-baseline-awake,1,0.02,15,sine_squared,25,0,construction_unavailable,construction_unavailable,NaN,NaN,0,0
FB2312-baseline-awake,1,0.02,30,linear,10,0,construction_unavailable,construction_unavailable,NaN,NaN,0,0
FB2312-baseline-awake,1,0.02,30,linear,25,0,construction_unavailable,construction_unavailable,NaN,NaN,0,0
FB2312-baseline-awake,1,0.02,30,sine_squared,10,0,construction_unavailable,construction_unavailable,NaN,NaN,0,0
FB2312-baseline-awake,1,0.02,30,sine_squared,25,0,construction_unavailable,construction_unavailable,NaN,NaN,0,0
FB2312-baseline-awake,1,0.05,5,linear,10,0,construction_unavailable,construction_unavailable,NaN,NaN,0,0
FB2312-baseline-awake,1,0.05,5,linear,25,0,construction_unavailable,construction_unavailable,NaN,NaN,0,0
FB2312-baseline-awake,1,0.05,5,sine_squared,10,0,construction_unavailable,construction_unavailable,NaN,NaN,0,0
FB2312-baseline-awake,1,0.05,5,sine_squared,25,0,construction_unavailable,construction_unavailable,NaN,NaN,0,0
FB2312-baseline-awake,1,0.05,15,linear,10,0,construction_unavailable,construction_unavailable,NaN,NaN,0,0
FB2312-baseline-awake,1,0.05,15,linear,25,0,construction_unavailable,construction_unavailable,NaN,NaN,0,0
FB2312-baseline-awake,1,0.05,15,sine_squared,10,0,construction_unavailable,construction_unavailable,NaN,NaN,0,0
FB2312-baseline-awake,1,0.05,15,sine_squared,25,0,construction_unavailable,construction_unavailable,NaN,NaN,0,0
FB2312-baseline-awake,1,0.05,30,linear,10,0,construction_unavailable,construction_unavailable,NaN,NaN,0,0
FB2312-baseline-awake,1,0.05,30,linear,25,0,construction_unavailable,construction_unavailable,NaN,NaN,0,0
FB2312-baseline-awake,1,0.05,30,sine_squared,10,0,construction_unavailable,construction_unavailable,NaN,NaN,0,0
FB2312-baseline-awake,1,0.05,30,sine_squared,25,0,construction_unavailable,construction_unavailable,NaN,NaN,0,0
FB2312-baseline-awake,1,0.1,5,linear,10,0,construction_unavailable,construction_unavailable,NaN,NaN,0,0
FB2312-baseline-awake,1,0.1,5,linear,25,0,construction_unavailable,construction_unavailable,NaN,NaN,0,0
FB2312-baseline-awake,1,0.1,5,sine_squared,10,0,construction_unavailable,construction_unavailable,NaN,NaN,0,0
FB2312-baseline-awake,1,0.1,5,sine_squared,25,0,construction_unavailable,construction_unavailable,NaN,NaN,0,0
FB2312-baseline-awake,1,0.1,15,linear,10,0,construction_unavailable,construction_unavailable,NaN,NaN,0,0
FB2312-baseline-awake,1,0.1,15,linear,25,0,construction_unavailable,construction_unavailable,NaN,NaN,0,0
FB2312-baseline-awake,1,0.1,15,sine_squared,10,0,construction_unavailable,construction_unavailable,NaN,NaN,0,0
FB2312-baseline-awake,1,0.1,15,sine_squared,25,0,construction_unavailable,construction_unavailable,NaN,NaN,0,0
FB2312-baseline-awake,1,0.1,30,linear,10,0,construction_unavailable,construction_unavailable,NaN,NaN,0,0
FB2312-baseline-awake,1,0.1,30,linear,25,0,construction_unavailable,construction_unavailable,NaN,NaN,0,0
FB2312-baseline-awake,1,0.1,30,sine_squared,10,0,construction_unavailable,construction_unavailable,NaN,NaN,0,0
FB2312-baseline-awake,1,0.1,30,sine_squared,25,0,construction_unavailable,construction_unavailable,NaN,NaN,0,0
FB2312-baseline-awake,1,0.2,5,linear,10,0,construction_unavailable,construction_unavailable,NaN,NaN,0,0
FB2312-baseline-awake,1,0.2,5,linear,25,0,construction_unavailable,construction_unavailable,NaN,NaN,0,0
FB2312-baseline-awake,1,0.2,5,sine_squared,10,0,construction_unavailable,construction_unavailable,NaN,NaN,0,0
FB2312-baseline-awake,1,0.2,5,sine_squared,25,0,construction_unavailable,construction_unavailable,NaN,NaN,0,0
FB2312-baseline-awake,1,0.2,15,linear,10,0,construction_unavailable,construction_unavailable,NaN,NaN,0,0
FB2312-baseline-awake,1,0.2,15,linear,25,0,construction_unavailable,construction_unavailable,NaN,NaN,0,0
FB2312-baseline-awake,1,0.2,15,sine_squared,10,0,construction_unavailable,construction_unavailable,NaN,NaN,0,0
FB2312-baseline-awake,1,0.2,15,sine_squared,25,0,construction_unavailable,construction_unavailable,NaN,NaN,0,0
FB2312-baseline-awake,1,0.2,30,linear,10,0,construction_unavailable,construction_unavailable,NaN,NaN,0,0
FB2312-baseline-awake,1,0.2,30,linear,25,0,construction_unavailable,construction_unavailable,NaN,NaN,0,0
FB2312-baseline-awake,1,0.2,30,sine_squared,10,0,construction_unavailable,construction_unavailable,NaN,NaN,0,0
FB2312-baseline-awake,1,0.2,30,sine_squared,25,0,construction_unavailable,construction_unavailable,NaN,NaN,0,0
FB2312-baseline-awake,2,0.02,5,linear,10,1,broad_profile_unresolved,resolved,NaN,-1,0,1
FB2312-baseline-awake,2,0.02,5,linear,25,1,insufficient_improvement,resolved,NaN,-6,0,0
FB2312-baseline-awake,2,0.02,5,sine_squared,10,1,broad_profile_unresolved,resolved,NaN,-1,0,1
FB2312-baseline-awake,2,0.02,5,sine_squared,25,1,insufficient_improvement,resolved,NaN,-6,0,0
FB2312-baseline-awake,2,0.02,15,linear,10,1,broad_profile_unresolved,resolved,NaN,-4,0,1
FB2312-baseline-awake,2,0.02,15,linear,25,1,resolved,resolved,-4,-1,1,1
FB2312-baseline-awake,2,0.02,15,sine_squared,10,1,resolved,resolved,-5,-4,1,1
FB2312-baseline-awake,2,0.02,15,sine_squared,25,1,resolved,resolved,-4,-1,1,1
FB2312-baseline-awake,2,0.02,30,linear,10,1,resolved,resolved,-18,-2,0,1
FB2312-baseline-awake,2,0.02,30,linear,25,1,resolved,resolved,-3,10,1,0
FB2312-baseline-awake,2,0.02,30,sine_squared,10,1,resolved,resolved,-18,-2,0,1
FB2312-baseline-awake,2,0.02,30,sine_squared,25,1,resolved,resolved,-2,10,1,0
FB2312-baseline-awake,2,0.05,5,linear,10,1,resolved,resolved,-5,-1,1,1
FB2312-baseline-awake,2,0.05,5,linear,25,1,not_a_rising_change,resolved,NaN,0,0,1
FB2312-baseline-awake,2,0.05,5,sine_squared,10,1,resolved,resolved,-5,-1,1,1
FB2312-baseline-awake,2,0.05,5,sine_squared,25,1,not_a_rising_change,resolved,NaN,0,0,1
FB2312-baseline-awake,2,0.05,15,linear,10,1,resolved,resolved,-4,-2,1,1
FB2312-baseline-awake,2,0.05,15,linear,25,1,resolved,resolved,-5,-1,1,1
FB2312-baseline-awake,2,0.05,15,sine_squared,10,1,resolved,resolved,-3,-1,1,1
FB2312-baseline-awake,2,0.05,15,sine_squared,25,1,resolved,resolved,-4,-1,1,1
FB2312-baseline-awake,2,0.05,30,linear,10,1,resolved,resolved,-5,-4,1,1
FB2312-baseline-awake,2,0.05,30,linear,25,1,resolved,resolved,-2,-3,1,1
FB2312-baseline-awake,2,0.05,30,sine_squared,10,1,resolved,resolved,-4,-4,1,1
FB2312-baseline-awake,2,0.05,30,sine_squared,25,1,resolved,resolved,0,10,1,0
FB2312-baseline-awake,2,0.1,5,linear,10,1,resolved,resolved,-5,0,1,1
FB2312-baseline-awake,2,0.1,5,linear,25,1,not_a_rising_change,resolved,NaN,0,0,1
FB2312-baseline-awake,2,0.1,5,sine_squared,10,1,resolved,resolved,-5,0,1,1
FB2312-baseline-awake,2,0.1,5,sine_squared,25,1,not_a_rising_change,resolved,NaN,0,0,1
FB2312-baseline-awake,2,0.1,15,linear,10,1,resolved,resolved,-3,-5,1,1
FB2312-baseline-awake,2,0.1,15,linear,25,1,resolved,resolved,-5,-1,1,1
FB2312-baseline-awake,2,0.1,15,sine_squared,10,1,resolved,resolved,-2,-4,1,1
FB2312-baseline-awake,2,0.1,15,sine_squared,25,1,resolved,resolved,-4,1,1,1
FB2312-baseline-awake,2,0.1,30,linear,10,1,resolved,resolved,-4,-2,1,1
FB2312-baseline-awake,2,0.1,30,linear,25,1,resolved,resolved,-1,-8,1,0
FB2312-baseline-awake,2,0.1,30,sine_squared,10,1,resolved,resolved,-3,-3,1,1
FB2312-baseline-awake,2,0.1,30,sine_squared,25,1,resolved,resolved,1,-1,1,1
FB2312-baseline-awake,2,0.2,5,linear,10,1,resolved,resolved,-5,0,1,1
FB2312-baseline-awake,2,0.2,5,linear,25,1,not_a_rising_change,resolved,NaN,0,0,1
FB2312-baseline-awake,2,0.2,5,sine_squared,10,1,resolved,resolved,-5,0,1,1
FB2312-baseline-awake,2,0.2,5,sine_squared,25,1,not_a_rising_change,resolved,NaN,0,0,1
FB2312-baseline-awake,2,0.2,15,linear,10,1,resolved,resolved,-2,-2,1,1
FB2312-baseline-awake,2,0.2,15,linear,25,1,resolved,resolved,-5,0,1,1
FB2312-baseline-awake,2,0.2,15,sine_squared,10,1,resolved,resolved,0,-3,1,1
FB2312-baseline-awake,2,0.2,15,sine_squared,25,1,resolved,resolved,-4,-2,1,1
FB2312-baseline-awake,2,0.2,30,linear,10,1,resolved,resolved,-3,-5,1,1
FB2312-baseline-awake,2,0.2,30,linear,25,1,resolved,resolved,-1,-7,1,0
FB2312-baseline-awake,2,0.2,30,sine_squared,10,1,resolved,resolved,-1,-6,1,0
FB2312-baseline-awake,2,0.2,30,sine_squared,25,1,resolved,resolved,2,-1,1,1
FB2312-baseline-awake,3,0.02,5,linear,10,1,insufficient_improvement,insufficient_improvement,NaN,NaN,0,0
FB2312-baseline-awake,3,0.02,5,linear,25,1,not_a_rising_change,insufficient_improvement,NaN,NaN,0,0
FB2312-baseline-awake,3,0.02,5,sine_squared,10,1,insufficient_improvement,insufficient_improvement,NaN,NaN,0,0
FB2312-baseline-awake,3,0.02,5,sine_squared,25,1,not_a_rising_change,insufficient_improvement,NaN,NaN,0,0
FB2312-baseline-awake,3,0.02,15,linear,10,1,insufficient_improvement,insufficient_improvement,NaN,NaN,0,0
FB2312-baseline-awake,3,0.02,15,linear,25,1,insufficient_improvement,insufficient_improvement,NaN,NaN,0,0
FB2312-baseline-awake,3,0.02,15,sine_squared,10,1,insufficient_improvement,insufficient_improvement,NaN,NaN,0,0
FB2312-baseline-awake,3,0.02,15,sine_squared,25,1,insufficient_improvement,insufficient_improvement,NaN,NaN,0,0
FB2312-baseline-awake,3,0.02,30,linear,10,1,insufficient_improvement,insufficient_improvement,NaN,NaN,0,0
FB2312-baseline-awake,3,0.02,30,linear,25,1,insufficient_improvement,insufficient_improvement,NaN,NaN,0,0
FB2312-baseline-awake,3,0.02,30,sine_squared,10,1,insufficient_improvement,insufficient_improvement,NaN,NaN,0,0
FB2312-baseline-awake,3,0.02,30,sine_squared,25,1,insufficient_improvement,insufficient_improvement,NaN,NaN,0,0
FB2312-baseline-awake,3,0.05,5,linear,10,1,resolved,resolved,-2,-1,1,1
FB2312-baseline-awake,3,0.05,5,linear,25,1,not_a_rising_change,resolved,NaN,-1,0,1
FB2312-baseline-awake,3,0.05,5,sine_squared,10,1,resolved,resolved,-2,-1,1,1
FB2312-baseline-awake,3,0.05,5,sine_squared,25,1,not_a_rising_change,resolved,NaN,-1,0,1
FB2312-baseline-awake,3,0.05,15,linear,10,1,insufficient_improvement,insufficient_improvement,NaN,NaN,0,0
FB2312-baseline-awake,3,0.05,15,linear,25,1,insufficient_improvement,insufficient_improvement,NaN,NaN,0,0
FB2312-baseline-awake,3,0.05,15,sine_squared,10,1,resolved,insufficient_improvement,4,NaN,1,0
FB2312-baseline-awake,3,0.05,15,sine_squared,25,1,insufficient_improvement,insufficient_improvement,NaN,NaN,0,0
FB2312-baseline-awake,3,0.05,30,linear,10,1,insufficient_improvement,insufficient_improvement,NaN,NaN,0,0
FB2312-baseline-awake,3,0.05,30,linear,25,1,insufficient_improvement,insufficient_improvement,NaN,NaN,0,0
FB2312-baseline-awake,3,0.05,30,sine_squared,10,1,insufficient_improvement,insufficient_improvement,NaN,NaN,0,0
FB2312-baseline-awake,3,0.05,30,sine_squared,25,1,insufficient_improvement,insufficient_improvement,NaN,NaN,0,0
FB2312-baseline-awake,3,0.1,5,linear,10,1,resolved,resolved,-3,-2,1,1
FB2312-baseline-awake,3,0.1,5,linear,25,1,not_a_rising_change,resolved,NaN,0,0,1
FB2312-baseline-awake,3,0.1,5,sine_squared,10,1,resolved,resolved,-3,-2,1,1
FB2312-baseline-awake,3,0.1,5,sine_squared,25,1,not_a_rising_change,resolved,NaN,0,0,1
FB2312-baseline-awake,3,0.1,15,linear,10,1,resolved,resolved,0,2,1,1
FB2312-baseline-awake,3,0.1,15,linear,25,1,resolved,resolved,-3,0,1,1
FB2312-baseline-awake,3,0.1,15,sine_squared,10,1,resolved,resolved,3,5,1,1
FB2312-baseline-awake,3,0.1,15,sine_squared,25,1,resolved,resolved,-3,0,1,1
FB2312-baseline-awake,3,0.1,30,linear,10,1,insufficient_improvement,insufficient_improvement,NaN,NaN,0,0
FB2312-baseline-awake,3,0.1,30,linear,25,1,resolved,broad_profile_unresolved,0,NaN,1,0
FB2312-baseline-awake,3,0.1,30,sine_squared,10,1,insufficient_improvement,insufficient_improvement,NaN,NaN,0,0
FB2312-baseline-awake,3,0.1,30,sine_squared,25,1,resolved,resolved,5,9,1,0
FB2312-baseline-awake,3,0.2,5,linear,10,1,resolved,resolved,-4,0,1,1
FB2312-baseline-awake,3,0.2,5,linear,25,1,not_a_rising_change,resolved,NaN,0,0,1
FB2312-baseline-awake,3,0.2,5,sine_squared,10,1,resolved,resolved,-4,0,1,1
FB2312-baseline-awake,3,0.2,5,sine_squared,25,1,not_a_rising_change,resolved,NaN,0,0,1
FB2312-baseline-awake,3,0.2,15,linear,10,1,resolved,resolved,0,-2,1,1
FB2312-baseline-awake,3,0.2,15,linear,25,1,resolved,resolved,-4,0,1,1
FB2312-baseline-awake,3,0.2,15,sine_squared,10,1,resolved,resolved,2,2,1,1
FB2312-baseline-awake,3,0.2,15,sine_squared,25,1,resolved,resolved,-4,0,1,1
FB2312-baseline-awake,3,0.2,30,linear,10,1,resolved,resolved,0,2,1,1
FB2312-baseline-awake,3,0.2,30,linear,25,1,resolved,resolved,0,0,1,1
FB2312-baseline-awake,3,0.2,30,sine_squared,10,1,resolved,resolved,5,5,1,1
FB2312-baseline-awake,3,0.2,30,sine_squared,25,1,resolved,resolved,4,5,1,1
FB2312-baseline-awake,4,0.02,5,linear,10,1,resolved,resolved,-10,-3,0,1
FB2312-baseline-awake,4,0.02,5,linear,25,1,insufficient_improvement,resolved,NaN,0,0,1
FB2312-baseline-awake,4,0.02,5,sine_squared,10,1,resolved,resolved,-10,-3,0,1
FB2312-baseline-awake,4,0.02,5,sine_squared,25,1,insufficient_improvement,resolved,NaN,0,0,1
FB2312-baseline-awake,4,0.02,15,linear,10,1,insufficient_improvement,insufficient_improvement,NaN,NaN,0,0
FB2312-baseline-awake,4,0.02,15,linear,25,1,insufficient_improvement,resolved,NaN,2,0,1
FB2312-baseline-awake,4,0.02,15,sine_squared,10,1,broad_profile_unresolved,insufficient_improvement,NaN,NaN,0,0
FB2312-baseline-awake,4,0.02,15,sine_squared,25,1,insufficient_improvement,resolved,NaN,2,0,1
FB2312-baseline-awake,4,0.02,30,linear,10,1,insufficient_improvement,insufficient_improvement,NaN,NaN,0,0
FB2312-baseline-awake,4,0.02,30,linear,25,1,insufficient_improvement,insufficient_improvement,NaN,NaN,0,0
FB2312-baseline-awake,4,0.02,30,sine_squared,10,1,insufficient_improvement,insufficient_improvement,NaN,NaN,0,0
FB2312-baseline-awake,4,0.02,30,sine_squared,25,1,resolved,resolved,2,11,1,0
FB2312-baseline-awake,4,0.05,5,linear,10,1,resolved,resolved,-7,-4,0,1
FB2312-baseline-awake,4,0.05,5,linear,25,1,not_a_rising_change,resolved,NaN,2,0,1
FB2312-baseline-awake,4,0.05,5,sine_squared,10,1,resolved,resolved,-7,-4,0,1
FB2312-baseline-awake,4,0.05,5,sine_squared,25,1,not_a_rising_change,resolved,NaN,2,0,1
FB2312-baseline-awake,4,0.05,15,linear,10,1,resolved,resolved,-4,-4,1,1
FB2312-baseline-awake,4,0.05,15,linear,25,1,resolved,resolved,-4,2,1,1
FB2312-baseline-awake,4,0.05,15,sine_squared,10,1,resolved,resolved,-4,-4,1,1
FB2312-baseline-awake,4,0.05,15,sine_squared,25,1,resolved,resolved,-4,2,1,1
FB2312-baseline-awake,4,0.05,30,linear,10,1,resolved,insufficient_improvement,-8,NaN,0,0
FB2312-baseline-awake,4,0.05,30,linear,25,1,resolved,broad_profile_unresolved,1,NaN,1,0
FB2312-baseline-awake,4,0.05,30,sine_squared,10,1,broad_profile_unresolved,insufficient_improvement,NaN,NaN,0,0
FB2312-baseline-awake,4,0.05,30,sine_squared,25,1,resolved,resolved,2,3,1,1
FB2312-baseline-awake,4,0.1,5,linear,10,1,resolved,resolved,-5,-3,1,1
FB2312-baseline-awake,4,0.1,5,linear,25,1,not_a_rising_change,resolved,NaN,0,0,1
FB2312-baseline-awake,4,0.1,5,sine_squared,10,1,resolved,resolved,-5,-3,1,1
FB2312-baseline-awake,4,0.1,5,sine_squared,25,1,not_a_rising_change,resolved,NaN,0,0,1
FB2312-baseline-awake,4,0.1,15,linear,10,1,resolved,resolved,-3,-3,1,1
FB2312-baseline-awake,4,0.1,15,linear,25,1,resolved,resolved,-4,1,1,1
FB2312-baseline-awake,4,0.1,15,sine_squared,10,1,resolved,resolved,-2,-4,1,1
FB2312-baseline-awake,4,0.1,15,sine_squared,25,1,resolved,resolved,-4,1,1,1
FB2312-baseline-awake,4,0.1,30,linear,10,1,resolved,resolved,-4,-4,1,1
FB2312-baseline-awake,4,0.1,30,linear,25,1,resolved,resolved,1,-2,1,1
FB2312-baseline-awake,4,0.1,30,sine_squared,10,1,resolved,broad_profile_unresolved,-3,NaN,1,0
FB2312-baseline-awake,4,0.1,30,sine_squared,25,1,resolved,resolved,2,4,1,1
FB2312-baseline-awake,4,0.2,5,linear,10,1,resolved,resolved,-5,-3,1,1
FB2312-baseline-awake,4,0.2,5,linear,25,1,not_a_rising_change,resolved,NaN,0,0,1
FB2312-baseline-awake,4,0.2,5,sine_squared,10,1,resolved,resolved,-5,0,1,1
FB2312-baseline-awake,4,0.2,5,sine_squared,25,1,not_a_rising_change,resolved,NaN,0,0,1
FB2312-baseline-awake,4,0.2,15,linear,10,1,resolved,resolved,-2,-2,1,1
FB2312-baseline-awake,4,0.2,15,linear,25,1,resolved,resolved,-5,1,1,1
FB2312-baseline-awake,4,0.2,15,sine_squared,10,1,resolved,resolved,0,-3,1,1
FB2312-baseline-awake,4,0.2,15,sine_squared,25,1,resolved,resolved,-4,0,1,1
FB2312-baseline-awake,4,0.2,30,linear,10,1,resolved,resolved,-3,-3,1,1
FB2312-baseline-awake,4,0.2,30,linear,25,1,resolved,resolved,0,0,1,1
FB2312-baseline-awake,4,0.2,30,sine_squared,10,1,resolved,resolved,-1,-6,1,0
FB2312-baseline-awake,4,0.2,30,sine_squared,25,1,resolved,resolved,3,-1,1,1
FB2312-baseline-awake,5,0.02,5,linear,10,1,insufficient_clean_context,insufficient_clean_context,NaN,NaN,0,0
FB2312-baseline-awake,5,0.02,5,linear,25,1,insufficient_clean_context,insufficient_clean_context,NaN,NaN,0,0
FB2312-baseline-awake,5,0.02,5,sine_squared,10,1,insufficient_clean_context,insufficient_clean_context,NaN,NaN,0,0
FB2312-baseline-awake,5,0.02,5,sine_squared,25,1,insufficient_clean_context,insufficient_clean_context,NaN,NaN,0,0
FB2312-baseline-awake,5,0.02,15,linear,10,1,insufficient_clean_context,insufficient_clean_context,NaN,NaN,0,0
FB2312-baseline-awake,5,0.02,15,linear,25,1,insufficient_clean_context,insufficient_clean_context,NaN,NaN,0,0
FB2312-baseline-awake,5,0.02,15,sine_squared,10,1,insufficient_clean_context,insufficient_clean_context,NaN,NaN,0,0
FB2312-baseline-awake,5,0.02,15,sine_squared,25,1,insufficient_clean_context,insufficient_clean_context,NaN,NaN,0,0
FB2312-baseline-awake,5,0.02,30,linear,10,1,insufficient_clean_context,insufficient_clean_context,NaN,NaN,0,0
FB2312-baseline-awake,5,0.02,30,linear,25,1,insufficient_clean_context,insufficient_clean_context,NaN,NaN,0,0
FB2312-baseline-awake,5,0.02,30,sine_squared,10,1,insufficient_clean_context,insufficient_clean_context,NaN,NaN,0,0
FB2312-baseline-awake,5,0.02,30,sine_squared,25,1,insufficient_clean_context,insufficient_clean_context,NaN,NaN,0,0
FB2312-baseline-awake,5,0.05,5,linear,10,1,insufficient_clean_context,insufficient_clean_context,NaN,NaN,0,0
FB2312-baseline-awake,5,0.05,5,linear,25,1,insufficient_clean_context,insufficient_clean_context,NaN,NaN,0,0
FB2312-baseline-awake,5,0.05,5,sine_squared,10,1,insufficient_clean_context,insufficient_clean_context,NaN,NaN,0,0
FB2312-baseline-awake,5,0.05,5,sine_squared,25,1,insufficient_clean_context,insufficient_clean_context,NaN,NaN,0,0
FB2312-baseline-awake,5,0.05,15,linear,10,1,insufficient_clean_context,insufficient_clean_context,NaN,NaN,0,0
FB2312-baseline-awake,5,0.05,15,linear,25,1,insufficient_clean_context,insufficient_clean_context,NaN,NaN,0,0
FB2312-baseline-awake,5,0.05,15,sine_squared,10,1,insufficient_clean_context,insufficient_clean_context,NaN,NaN,0,0
FB2312-baseline-awake,5,0.05,15,sine_squared,25,1,insufficient_clean_context,insufficient_clean_context,NaN,NaN,0,0
FB2312-baseline-awake,5,0.05,30,linear,10,1,insufficient_clean_context,insufficient_clean_context,NaN,NaN,0,0
FB2312-baseline-awake,5,0.05,30,linear,25,1,insufficient_clean_context,insufficient_clean_context,NaN,NaN,0,0
FB2312-baseline-awake,5,0.05,30,sine_squared,10,1,insufficient_clean_context,insufficient_clean_context,NaN,NaN,0,0
FB2312-baseline-awake,5,0.05,30,sine_squared,25,1,insufficient_clean_context,insufficient_clean_context,NaN,NaN,0,0
FB2312-baseline-awake,5,0.1,5,linear,10,1,insufficient_clean_context,insufficient_clean_context,NaN,NaN,0,0
FB2312-baseline-awake,5,0.1,5,linear,25,1,insufficient_clean_context,insufficient_clean_context,NaN,NaN,0,0
FB2312-baseline-awake,5,0.1,5,sine_squared,10,1,insufficient_clean_context,insufficient_clean_context,NaN,NaN,0,0
FB2312-baseline-awake,5,0.1,5,sine_squared,25,1,insufficient_clean_context,insufficient_clean_context,NaN,NaN,0,0
FB2312-baseline-awake,5,0.1,15,linear,10,1,insufficient_clean_context,insufficient_clean_context,NaN,NaN,0,0
FB2312-baseline-awake,5,0.1,15,linear,25,1,insufficient_clean_context,insufficient_clean_context,NaN,NaN,0,0
FB2312-baseline-awake,5,0.1,15,sine_squared,10,1,insufficient_clean_context,insufficient_clean_context,NaN,NaN,0,0
FB2312-baseline-awake,5,0.1,15,sine_squared,25,1,insufficient_clean_context,insufficient_clean_context,NaN,NaN,0,0
FB2312-baseline-awake,5,0.1,30,linear,10,1,insufficient_clean_context,insufficient_clean_context,NaN,NaN,0,0
FB2312-baseline-awake,5,0.1,30,linear,25,1,insufficient_clean_context,insufficient_clean_context,NaN,NaN,0,0
FB2312-baseline-awake,5,0.1,30,sine_squared,10,1,insufficient_clean_context,insufficient_clean_context,NaN,NaN,0,0
FB2312-baseline-awake,5,0.1,30,sine_squared,25,1,insufficient_clean_context,insufficient_clean_context,NaN,NaN,0,0
FB2312-baseline-awake,5,0.2,5,linear,10,1,insufficient_clean_context,insufficient_clean_context,NaN,NaN,0,0
FB2312-baseline-awake,5,0.2,5,linear,25,1,insufficient_clean_context,insufficient_clean_context,NaN,NaN,0,0
FB2312-baseline-awake,5,0.2,5,sine_squared,10,1,insufficient_clean_context,insufficient_clean_context,NaN,NaN,0,0
FB2312-baseline-awake,5,0.2,5,sine_squared,25,1,insufficient_clean_context,insufficient_clean_context,NaN,NaN,0,0
FB2312-baseline-awake,5,0.2,15,linear,10,1,insufficient_clean_context,insufficient_clean_context,NaN,NaN,0,0
FB2312-baseline-awake,5,0.2,15,linear,25,1,insufficient_clean_context,insufficient_clean_context,NaN,NaN,0,0
FB2312-baseline-awake,5,0.2,15,sine_squared,10,1,insufficient_clean_context,insufficient_clean_context,NaN,NaN,0,0
FB2312-baseline-awake,5,0.2,15,sine_squared,25,1,insufficient_clean_context,insufficient_clean_context,NaN,NaN,0,0
FB2312-baseline-awake,5,0.2,30,linear,10,1,insufficient_clean_context,insufficient_clean_context,NaN,NaN,0,0
FB2312-baseline-awake,5,0.2,30,linear,25,1,insufficient_clean_context,insufficient_clean_context,NaN,NaN,0,0
FB2312-baseline-awake,5,0.2,30,sine_squared,10,1,insufficient_clean_context,insufficient_clean_context,NaN,NaN,0,0
FB2312-baseline-awake,5,0.2,30,sine_squared,25,1,insufficient_clean_context,insufficient_clean_context,NaN,NaN,0,0
FB2312-baseline-awake,6,0.02,5,linear,10,1,insufficient_improvement,search_boundary_unresolved,NaN,NaN,0,0
FB2312-baseline-awake,6,0.02,5,linear,25,1,not_a_rising_change,insufficient_improvement,NaN,NaN,0,0
FB2312-baseline-awake,6,0.02,5,sine_squared,10,1,insufficient_improvement,search_boundary_unresolved,NaN,NaN,0,0
FB2312-baseline-awake,6,0.02,5,sine_squared,25,1,not_a_rising_change,insufficient_improvement,NaN,NaN,0,0
FB2312-baseline-awake,6,0.02,15,linear,10,1,insufficient_improvement,insufficient_improvement,NaN,NaN,0,0
FB2312-baseline-awake,6,0.02,15,linear,25,1,not_a_rising_change,insufficient_improvement,NaN,NaN,0,0
FB2312-baseline-awake,6,0.02,15,sine_squared,10,1,insufficient_improvement,insufficient_improvement,NaN,NaN,0,0
FB2312-baseline-awake,6,0.02,15,sine_squared,25,1,not_a_rising_change,insufficient_improvement,NaN,NaN,0,0
FB2312-baseline-awake,6,0.02,30,linear,10,1,insufficient_improvement,insufficient_improvement,NaN,NaN,0,0
FB2312-baseline-awake,6,0.02,30,linear,25,1,insufficient_improvement,insufficient_improvement,NaN,NaN,0,0
FB2312-baseline-awake,6,0.02,30,sine_squared,10,1,insufficient_improvement,insufficient_improvement,NaN,NaN,0,0
FB2312-baseline-awake,6,0.02,30,sine_squared,25,1,insufficient_improvement,insufficient_improvement,NaN,NaN,0,0
FB2312-baseline-awake,6,0.05,5,linear,10,1,insufficient_improvement,search_boundary_unresolved,NaN,NaN,0,0
FB2312-baseline-awake,6,0.05,5,linear,25,1,not_a_rising_change,insufficient_improvement,NaN,NaN,0,0
FB2312-baseline-awake,6,0.05,5,sine_squared,10,1,insufficient_improvement,search_boundary_unresolved,NaN,NaN,0,0
FB2312-baseline-awake,6,0.05,5,sine_squared,25,1,not_a_rising_change,insufficient_improvement,NaN,NaN,0,0
FB2312-baseline-awake,6,0.05,15,linear,10,1,insufficient_improvement,search_boundary_unresolved,NaN,NaN,0,0
FB2312-baseline-awake,6,0.05,15,linear,25,1,not_a_rising_change,insufficient_improvement,NaN,NaN,0,0
FB2312-baseline-awake,6,0.05,15,sine_squared,10,1,insufficient_improvement,resolved,NaN,4,0,1
FB2312-baseline-awake,6,0.05,15,sine_squared,25,1,not_a_rising_change,insufficient_improvement,NaN,NaN,0,0
FB2312-baseline-awake,6,0.05,30,linear,10,1,insufficient_improvement,insufficient_improvement,NaN,NaN,0,0
FB2312-baseline-awake,6,0.05,30,linear,25,1,insufficient_improvement,insufficient_improvement,NaN,NaN,0,0
FB2312-baseline-awake,6,0.05,30,sine_squared,10,1,insufficient_improvement,insufficient_improvement,NaN,NaN,0,0
FB2312-baseline-awake,6,0.05,30,sine_squared,25,1,not_a_rising_change,insufficient_improvement,NaN,NaN,0,0
FB2312-baseline-awake,6,0.1,5,linear,10,1,insufficient_improvement,search_boundary_unresolved,NaN,NaN,0,0
FB2312-baseline-awake,6,0.1,5,linear,25,1,not_a_rising_change,insufficient_improvement,NaN,NaN,0,0
FB2312-baseline-awake,6,0.1,5,sine_squared,10,1,insufficient_improvement,search_boundary_unresolved,NaN,NaN,0,0
FB2312-baseline-awake,6,0.1,5,sine_squared,25,1,not_a_rising_change,insufficient_improvement,NaN,NaN,0,0
FB2312-baseline-awake,6,0.1,15,linear,10,1,search_boundary_unresolved,search_boundary_unresolved,NaN,NaN,0,0
FB2312-baseline-awake,6,0.1,15,linear,25,1,not_a_rising_change,insufficient_improvement,NaN,NaN,0,0
FB2312-baseline-awake,6,0.1,15,sine_squared,10,1,search_boundary_unresolved,resolved,NaN,4,0,1
FB2312-baseline-awake,6,0.1,15,sine_squared,25,1,not_a_rising_change,insufficient_improvement,NaN,NaN,0,0
FB2312-baseline-awake,6,0.1,30,linear,10,1,insufficient_improvement,search_boundary_unresolved,NaN,NaN,0,0
FB2312-baseline-awake,6,0.1,30,linear,25,1,insufficient_improvement,insufficient_improvement,NaN,NaN,0,0
FB2312-baseline-awake,6,0.1,30,sine_squared,10,1,search_boundary_unresolved,resolved,NaN,4,0,1
FB2312-baseline-awake,6,0.1,30,sine_squared,25,1,not_a_rising_change,search_boundary_unresolved,NaN,NaN,0,0
FB2312-baseline-awake,6,0.2,5,linear,10,1,insufficient_improvement,search_boundary_unresolved,NaN,NaN,0,0
FB2312-baseline-awake,6,0.2,5,linear,25,1,not_a_rising_change,insufficient_improvement,NaN,NaN,0,0
FB2312-baseline-awake,6,0.2,5,sine_squared,10,1,insufficient_improvement,search_boundary_unresolved,NaN,NaN,0,0
FB2312-baseline-awake,6,0.2,5,sine_squared,25,1,not_a_rising_change,insufficient_improvement,NaN,NaN,0,0
FB2312-baseline-awake,6,0.2,15,linear,10,1,search_boundary_unresolved,search_boundary_unresolved,NaN,NaN,0,0
FB2312-baseline-awake,6,0.2,15,linear,25,1,not_a_rising_change,insufficient_improvement,NaN,NaN,0,0
FB2312-baseline-awake,6,0.2,15,sine_squared,10,1,search_boundary_unresolved,resolved,NaN,4,0,1
FB2312-baseline-awake,6,0.2,15,sine_squared,25,1,not_a_rising_change,insufficient_improvement,NaN,NaN,0,0
FB2312-baseline-awake,6,0.2,30,linear,10,1,search_boundary_unresolved,search_boundary_unresolved,NaN,NaN,0,0
FB2312-baseline-awake,6,0.2,30,linear,25,1,insufficient_improvement,insufficient_improvement,NaN,NaN,0,0
FB2312-baseline-awake,6,0.2,30,sine_squared,10,1,search_boundary_unresolved,search_boundary_unresolved,NaN,NaN,0,0
FB2312-baseline-awake,6,0.2,30,sine_squared,25,1,insufficient_improvement,search_boundary_unresolved,NaN,NaN,0,0
FB2312-baseline-awake,7,0.02,5,linear,10,1,insufficient_improvement,insufficient_improvement,NaN,NaN,0,0
FB2312-baseline-awake,7,0.02,5,linear,25,1,not_a_rising_change,resolved,NaN,1,0,1
FB2312-baseline-awake,7,0.02,5,sine_squared,10,1,insufficient_improvement,insufficient_improvement,NaN,NaN,0,0
FB2312-baseline-awake,7,0.02,5,sine_squared,25,1,not_a_rising_change,resolved,NaN,1,0,1
FB2312-baseline-awake,7,0.02,15,linear,10,1,insufficient_improvement,insufficient_improvement,NaN,NaN,0,0
FB2312-baseline-awake,7,0.02,15,linear,25,1,insufficient_improvement,insufficient_improvement,NaN,NaN,0,0
FB2312-baseline-awake,7,0.02,15,sine_squared,10,1,insufficient_improvement,insufficient_improvement,NaN,NaN,0,0
FB2312-baseline-awake,7,0.02,15,sine_squared,25,1,insufficient_improvement,insufficient_improvement,NaN,NaN,0,0
FB2312-baseline-awake,7,0.02,30,linear,10,1,insufficient_improvement,insufficient_improvement,NaN,NaN,0,0
FB2312-baseline-awake,7,0.02,30,linear,25,1,insufficient_improvement,insufficient_improvement,NaN,NaN,0,0
FB2312-baseline-awake,7,0.02,30,sine_squared,10,1,insufficient_improvement,insufficient_improvement,NaN,NaN,0,0
FB2312-baseline-awake,7,0.02,30,sine_squared,25,1,insufficient_improvement,insufficient_improvement,NaN,NaN,0,0
FB2312-baseline-awake,7,0.05,5,linear,10,1,resolved,resolved,-3,2,1,1
FB2312-baseline-awake,7,0.05,5,linear,25,1,not_a_rising_change,resolved,NaN,-1,0,1
FB2312-baseline-awake,7,0.05,5,sine_squared,10,1,resolved,resolved,-3,1,1,1
FB2312-baseline-awake,7,0.05,5,sine_squared,25,1,not_a_rising_change,resolved,NaN,-1,0,1
FB2312-baseline-awake,7,0.05,15,linear,10,1,resolved,resolved,1,3,1,1
FB2312-baseline-awake,7,0.05,15,linear,25,1,insufficient_improvement,resolved,NaN,-1,0,1
FB2312-baseline-awake,7,0.05,15,sine_squared,10,1,resolved,resolved,1,3,1,1
FB2312-baseline-awake,7,0.05,15,sine_squared,25,1,insufficient_improvement,resolved,NaN,-1,0,1
FB2312-baseline-awake,7,0.05,30,linear,10,1,insufficient_improvement,insufficient_improvement,NaN,NaN,0,0
FB2312-baseline-awake,7,0.05,30,linear,25,1,insufficient_improvement,insufficient_improvement,NaN,NaN,0,0
FB2312-baseline-awake,7,0.05,30,sine_squared,10,1,insufficient_improvement,insufficient_improvement,NaN,NaN,0,0
FB2312-baseline-awake,7,0.05,30,sine_squared,25,1,resolved,insufficient_improvement,-1,NaN,1,0
FB2312-baseline-awake,7,0.1,5,linear,10,1,resolved,resolved,-3,1,1,1
FB2312-baseline-awake,7,0.1,5,linear,25,1,not_a_rising_change,resolved,NaN,0,0,1
FB2312-baseline-awake,7,0.1,5,sine_squared,10,1,resolved,resolved,-3,1,1,1
FB2312-baseline-awake,7,0.1,5,sine_squared,25,1,not_a_rising_change,resolved,NaN,0,0,1
FB2312-baseline-awake,7,0.1,15,linear,10,1,resolved,resolved,0,3,1,1
FB2312-baseline-awake,7,0.1,15,linear,25,1,resolved,resolved,-4,-1,1,1
FB2312-baseline-awake,7,0.1,15,sine_squared,10,1,resolved,resolved,1,3,1,1
FB2312-baseline-awake,7,0.1,15,sine_squared,25,1,resolved,resolved,-3,-1,1,1
FB2312-baseline-awake,7,0.1,30,linear,10,1,resolved,resolved,1,3,1,1
FB2312-baseline-awake,7,0.1,30,linear,25,1,resolved,resolved,-1,-1,1,1
FB2312-baseline-awake,7,0.1,30,sine_squared,10,1,insufficient_improvement,insufficient_improvement,NaN,NaN,0,0
FB2312-baseline-awake,7,0.1,30,sine_squared,25,1,resolved,resolved,0,4,1,1
FB2312-baseline-awake,7,0.2,5,linear,10,1,resolved,resolved,-4,0,1,1
FB2312-baseline-awake,7,0.2,5,linear,25,1,not_a_rising_change,resolved,NaN,0,0,1
FB2312-baseline-awake,7,0.2,5,sine_squared,10,1,resolved,resolved,-4,0,1,1
FB2312-baseline-awake,7,0.2,5,sine_squared,25,1,not_a_rising_change,resolved,NaN,0,0,1
FB2312-baseline-awake,7,0.2,15,linear,10,1,resolved,resolved,0,-1,1,1
FB2312-baseline-awake,7,0.2,15,linear,25,1,resolved,resolved,-4,0,1,1
FB2312-baseline-awake,7,0.2,15,sine_squared,10,1,resolved,resolved,1,1,1,1
FB2312-baseline-awake,7,0.2,15,sine_squared,25,1,resolved,resolved,-4,0,1,1
FB2312-baseline-awake,7,0.2,30,linear,10,1,resolved,resolved,0,3,1,1
FB2312-baseline-awake,7,0.2,30,linear,25,1,resolved,resolved,-1,-1,1,1
FB2312-baseline-awake,7,0.2,30,sine_squared,10,1,resolved,resolved,2,2,1,1
FB2312-baseline-awake,7,0.2,30,sine_squared,25,1,resolved,resolved,1,4,1,1
FB2312-baseline-awake,8,0.02,5,linear,10,0,construction_unavailable,construction_unavailable,NaN,NaN,0,0
FB2312-baseline-awake,8,0.02,5,linear,25,0,construction_unavailable,construction_unavailable,NaN,NaN,0,0
FB2312-baseline-awake,8,0.02,5,sine_squared,10,0,construction_unavailable,construction_unavailable,NaN,NaN,0,0
FB2312-baseline-awake,8,0.02,5,sine_squared,25,0,construction_unavailable,construction_unavailable,NaN,NaN,0,0
FB2312-baseline-awake,8,0.02,15,linear,10,0,construction_unavailable,construction_unavailable,NaN,NaN,0,0
FB2312-baseline-awake,8,0.02,15,linear,25,0,construction_unavailable,construction_unavailable,NaN,NaN,0,0
FB2312-baseline-awake,8,0.02,15,sine_squared,10,0,construction_unavailable,construction_unavailable,NaN,NaN,0,0
FB2312-baseline-awake,8,0.02,15,sine_squared,25,0,construction_unavailable,construction_unavailable,NaN,NaN,0,0
FB2312-baseline-awake,8,0.02,30,linear,10,0,construction_unavailable,construction_unavailable,NaN,NaN,0,0
FB2312-baseline-awake,8,0.02,30,linear,25,0,construction_unavailable,construction_unavailable,NaN,NaN,0,0
FB2312-baseline-awake,8,0.02,30,sine_squared,10,0,construction_unavailable,construction_unavailable,NaN,NaN,0,0
FB2312-baseline-awake,8,0.02,30,sine_squared,25,0,construction_unavailable,construction_unavailable,NaN,NaN,0,0
FB2312-baseline-awake,8,0.05,5,linear,10,0,construction_unavailable,construction_unavailable,NaN,NaN,0,0
FB2312-baseline-awake,8,0.05,5,linear,25,0,construction_unavailable,construction_unavailable,NaN,NaN,0,0
FB2312-baseline-awake,8,0.05,5,sine_squared,10,0,construction_unavailable,construction_unavailable,NaN,NaN,0,0
FB2312-baseline-awake,8,0.05,5,sine_squared,25,0,construction_unavailable,construction_unavailable,NaN,NaN,0,0
FB2312-baseline-awake,8,0.05,15,linear,10,0,construction_unavailable,construction_unavailable,NaN,NaN,0,0
FB2312-baseline-awake,8,0.05,15,linear,25,0,construction_unavailable,construction_unavailable,NaN,NaN,0,0
FB2312-baseline-awake,8,0.05,15,sine_squared,10,0,construction_unavailable,construction_unavailable,NaN,NaN,0,0
FB2312-baseline-awake,8,0.05,15,sine_squared,25,0,construction_unavailable,construction_unavailable,NaN,NaN,0,0
FB2312-baseline-awake,8,0.05,30,linear,10,0,construction_unavailable,construction_unavailable,NaN,NaN,0,0
FB2312-baseline-awake,8,0.05,30,linear,25,0,construction_unavailable,construction_unavailable,NaN,NaN,0,0
FB2312-baseline-awake,8,0.05,30,sine_squared,10,0,construction_unavailable,construction_unavailable,NaN,NaN,0,0
FB2312-baseline-awake,8,0.05,30,sine_squared,25,0,construction_unavailable,construction_unavailable,NaN,NaN,0,0
FB2312-baseline-awake,8,0.1,5,linear,10,0,construction_unavailable,construction_unavailable,NaN,NaN,0,0
FB2312-baseline-awake,8,0.1,5,linear,25,0,construction_unavailable,construction_unavailable,NaN,NaN,0,0
FB2312-baseline-awake,8,0.1,5,sine_squared,10,0,construction_unavailable,construction_unavailable,NaN,NaN,0,0
FB2312-baseline-awake,8,0.1,5,sine_squared,25,0,construction_unavailable,construction_unavailable,NaN,NaN,0,0
FB2312-baseline-awake,8,0.1,15,linear,10,0,construction_unavailable,construction_unavailable,NaN,NaN,0,0
FB2312-baseline-awake,8,0.1,15,linear,25,0,construction_unavailable,construction_unavailable,NaN,NaN,0,0
FB2312-baseline-awake,8,0.1,15,sine_squared,10,0,construction_unavailable,construction_unavailable,NaN,NaN,0,0
FB2312-baseline-awake,8,0.1,15,sine_squared,25,0,construction_unavailable,construction_unavailable,NaN,NaN,0,0
FB2312-baseline-awake,8,0.1,30,linear,10,0,construction_unavailable,construction_unavailable,NaN,NaN,0,0
FB2312-baseline-awake,8,0.1,30,linear,25,0,construction_unavailable,construction_unavailable,NaN,NaN,0,0
FB2312-baseline-awake,8,0.1,30,sine_squared,10,0,construction_unavailable,construction_unavailable,NaN,NaN,0,0
FB2312-baseline-awake,8,0.1,30,sine_squared,25,0,construction_unavailable,construction_unavailable,NaN,NaN,0,0
FB2312-baseline-awake,8,0.2,5,linear,10,0,construction_unavailable,construction_unavailable,NaN,NaN,0,0
FB2312-baseline-awake,8,0.2,5,linear,25,0,construction_unavailable,construction_unavailable,NaN,NaN,0,0
FB2312-baseline-awake,8,0.2,5,sine_squared,10,0,construction_unavailable,construction_unavailable,NaN,NaN,0,0
FB2312-baseline-awake,8,0.2,5,sine_squared,25,0,construction_unavailable,construction_unavailable,NaN,NaN,0,0
FB2312-baseline-awake,8,0.2,15,linear,10,0,construction_unavailable,construction_unavailable,NaN,NaN,0,0
FB2312-baseline-awake,8,0.2,15,linear,25,0,construction_unavailable,construction_unavailable,NaN,NaN,0,0
FB2312-baseline-awake,8,0.2,15,sine_squared,10,0,construction_unavailable,construction_unavailable,NaN,NaN,0,0
FB2312-baseline-awake,8,0.2,15,sine_squared,25,0,construction_unavailable,construction_unavailable,NaN,NaN,0,0
FB2312-baseline-awake,8,0.2,30,linear,10,0,construction_unavailable,construction_unavailable,NaN,NaN,0,0
FB2312-baseline-awake,8,0.2,30,linear,25,0,construction_unavailable,construction_unavailable,NaN,NaN,0,0
FB2312-baseline-awake,8,0.2,30,sine_squared,10,0,construction_unavailable,construction_unavailable,NaN,NaN,0,0
FB2312-baseline-awake,8,0.2,30,sine_squared,25,0,construction_unavailable,construction_unavailable,NaN,NaN,0,0
FB2312-baseline-awake,9,0.02,5,linear,10,1,resolved,resolved,-14,-4,0,1
FB2312-baseline-awake,9,0.02,5,linear,25,1,resolved,resolved,-12,-1,0,1
FB2312-baseline-awake,9,0.02,5,sine_squared,10,1,resolved,resolved,-14,-4,0,1
FB2312-baseline-awake,9,0.02,5,sine_squared,25,1,resolved,resolved,-12,-1,0,1
FB2312-baseline-awake,9,0.02,15,linear,10,1,resolved,resolved,-14,-5,0,1
FB2312-baseline-awake,9,0.02,15,linear,25,1,resolved,resolved,-4,0,1,1
FB2312-baseline-awake,9,0.02,15,sine_squared,10,1,resolved,resolved,-14,-7,0,0
FB2312-baseline-awake,9,0.02,15,sine_squared,25,1,resolved,resolved,-4,0,1,1
FB2312-baseline-awake,9,0.02,30,linear,10,1,resolved,resolved,-17,-5,0,1
FB2312-baseline-awake,9,0.02,30,linear,25,1,resolved,resolved,-3,1,1,1
FB2312-baseline-awake,9,0.02,30,sine_squared,10,1,resolved,resolved,-17,-5,0,1
FB2312-baseline-awake,9,0.02,30,sine_squared,25,1,resolved,resolved,-2,6,1,0
FB2312-baseline-awake,9,0.05,5,linear,10,1,resolved,resolved,-8,-4,0,1
FB2312-baseline-awake,9,0.05,5,linear,25,1,not_a_rising_change,resolved,NaN,-5,0,1
FB2312-baseline-awake,9,0.05,5,sine_squared,10,1,resolved,resolved,-8,-1,0,1
FB2312-baseline-awake,9,0.05,5,sine_squared,25,1,not_a_rising_change,resolved,NaN,-5,0,1
FB2312-baseline-awake,9,0.05,15,linear,10,1,resolved,resolved,-6,-8,0,0
FB2312-baseline-awake,9,0.05,15,linear,25,1,resolved,resolved,-4,-1,1,1
FB2312-baseline-awake,9,0.05,15,sine_squared,10,1,resolved,resolved,-5,-7,1,0
FB2312-baseline-awake,9,0.05,15,sine_squared,25,1,resolved,resolved,-4,-1,1,1
FB2312-baseline-awake,9,0.05,30,linear,10,1,resolved,resolved,-14,-7,0,0
FB2312-baseline-awake,9,0.05,30,linear,25,1,resolved,resolved,-2,-3,1,1
FB2312-baseline-awake,9,0.05,30,sine_squared,10,1,resolved,broad_profile_unresolved,-14,NaN,0,0
FB2312-baseline-awake,9,0.05,30,sine_squared,25,1,resolved,resolved,0,4,1,1
FB2312-baseline-awake,9,0.1,5,linear,10,1,resolved,resolved,-6,-3,0,1
FB2312-baseline-awake,9,0.1,5,linear,25,1,not_a_rising_change,resolved,NaN,0,0,1
FB2312-baseline-awake,9,0.1,5,sine_squared,10,1,resolved,resolved,-6,0,0,1
FB2312-baseline-awake,9,0.1,5,sine_squared,25,1,not_a_rising_change,resolved,NaN,0,0,1
FB2312-baseline-awake,9,0.1,15,linear,10,1,resolved,resolved,-4,-4,1,1
FB2312-baseline-awake,9,0.1,15,linear,25,1,resolved,resolved,-5,-1,1,1
FB2312-baseline-awake,9,0.1,15,sine_squared,10,1,resolved,resolved,-2,-5,1,1
FB2312-baseline-awake,9,0.1,15,sine_squared,25,1,resolved,resolved,-4,1,1,1
FB2312-baseline-awake,9,0.1,30,linear,10,1,resolved,resolved,-6,-8,0,0
FB2312-baseline-awake,9,0.1,30,linear,25,1,resolved,resolved,-1,-3,1,1
FB2312-baseline-awake,9,0.1,30,sine_squared,10,1,resolved,broad_profile_unresolved,-5,NaN,1,0
FB2312-baseline-awake,9,0.1,30,sine_squared,25,1,resolved,resolved,1,-1,1,1
FB2312-baseline-awake,9,0.2,5,linear,10,1,resolved,resolved,-5,0,1,1
FB2312-baseline-awake,9,0.2,5,linear,25,1,not_a_rising_change,resolved,NaN,0,0,1
FB2312-baseline-awake,9,0.2,5,sine_squared,10,1,resolved,resolved,-5,0,1,1
FB2312-baseline-awake,9,0.2,5,sine_squared,25,1,not_a_rising_change,resolved,NaN,0,0,1
FB2312-baseline-awake,9,0.2,15,linear,10,1,resolved,resolved,-2,-2,1,1
FB2312-baseline-awake,9,0.2,15,linear,25,1,resolved,resolved,-5,1,1,1
FB2312-baseline-awake,9,0.2,15,sine_squared,10,1,resolved,resolved,-1,-3,1,1
FB2312-baseline-awake,9,0.2,15,sine_squared,25,1,resolved,resolved,-4,-2,1,1
FB2312-baseline-awake,9,0.2,30,linear,10,1,resolved,resolved,-4,-4,1,1
FB2312-baseline-awake,9,0.2,30,linear,25,1,resolved,resolved,-1,-8,1,0
FB2312-baseline-awake,9,0.2,30,sine_squared,10,1,resolved,resolved,-2,-9,1,0
FB2312-baseline-awake,9,0.2,30,sine_squared,25,1,resolved,resolved,2,-1,1,1
FB2312-baseline-awake,10,0.02,5,linear,10,1,search_boundary_unresolved,insufficient_improvement,NaN,NaN,0,0
FB2312-baseline-awake,10,0.02,5,linear,25,1,not_a_rising_change,search_boundary_unresolved,NaN,NaN,0,0
FB2312-baseline-awake,10,0.02,5,sine_squared,10,1,search_boundary_unresolved,resolved,NaN,3,0,1
FB2312-baseline-awake,10,0.02,5,sine_squared,25,1,not_a_rising_change,search_boundary_unresolved,NaN,NaN,0,0
FB2312-baseline-awake,10,0.02,15,linear,10,1,insufficient_improvement,insufficient_improvement,NaN,NaN,0,0
FB2312-baseline-awake,10,0.02,15,linear,25,1,search_boundary_unresolved,resolved,NaN,-14,0,0
FB2312-baseline-awake,10,0.02,15,sine_squared,10,1,insufficient_improvement,insufficient_improvement,NaN,NaN,0,0
FB2312-baseline-awake,10,0.02,15,sine_squared,25,1,search_boundary_unresolved,resolved,NaN,-14,0,0
FB2312-baseline-awake,10,0.02,30,linear,10,1,insufficient_improvement,insufficient_improvement,NaN,NaN,0,0
FB2312-baseline-awake,10,0.02,30,linear,25,1,search_boundary_unresolved,insufficient_improvement,NaN,NaN,0,0
FB2312-baseline-awake,10,0.02,30,sine_squared,10,1,insufficient_improvement,insufficient_improvement,NaN,NaN,0,0
FB2312-baseline-awake,10,0.02,30,sine_squared,25,1,search_boundary_unresolved,insufficient_improvement,NaN,NaN,0,0
FB2312-baseline-awake,10,0.05,5,linear,10,1,resolved,resolved,-5,1,1,1
FB2312-baseline-awake,10,0.05,5,linear,25,1,not_a_rising_change,resolved,NaN,0,0,1
FB2312-baseline-awake,10,0.05,5,sine_squared,10,1,resolved,resolved,-5,1,1,1
FB2312-baseline-awake,10,0.05,5,sine_squared,25,1,not_a_rising_change,resolved,NaN,0,0,1
FB2312-baseline-awake,10,0.05,15,linear,10,1,resolved,resolved,1,3,1,1
FB2312-baseline-awake,10,0.05,15,linear,25,1,resolved,resolved,-14,-10,0,0
FB2312-baseline-awake,10,0.05,15,sine_squared,10,1,resolved,resolved,2,4,1,1
FB2312-baseline-awake,10,0.05,15,sine_squared,25,1,resolved,resolved,-14,-1,0,1
FB2312-baseline-awake,10,0.05,30,linear,10,1,search_boundary_unresolved,insufficient_improvement,NaN,NaN,0,0
FB2312-baseline-awake,10,0.05,30,linear,25,1,resolved,resolved,-14,-14,0,0
FB2312-baseline-awake,10,0.05,30,sine_squared,10,1,insufficient_improvement,insufficient_improvement,NaN,NaN,0,0
FB2312-baseline-awake,10,0.05,30,sine_squared,25,1,resolved,resolved,-13,-13,0,0
FB2312-baseline-awake,10,0.1,5,linear,10,1,resolved,resolved,-5,1,1,1
FB2312-baseline-awake,10,0.1,5,linear,25,1,not_a_rising_change,resolved,NaN,0,0,1
FB2312-baseline-awake,10,0.1,5,sine_squared,10,1,resolved,resolved,-5,2,1,1
FB2312-baseline-awake,10,0.1,5,sine_squared,25,1,not_a_rising_change,resolved,NaN,0,0,1
FB2312-baseline-awake,10,0.1,15,linear,10,1,resolved,resolved,1,1,1,1
FB2312-baseline-awake,10,0.1,15,linear,25,1,resolved,resolved,-11,-3,0,1
FB2312-baseline-awake,10,0.1,15,sine_squared,10,1,resolved,resolved,2,2,1,1
FB2312-baseline-awake,10,0.1,15,sine_squared,25,1,resolved,resolved,-11,2,0,1
FB2312-baseline-awake,10,0.1,30,linear,10,1,resolved,resolved,1,3,1,1
FB2312-baseline-awake,10,0.1,30,linear,25,1,resolved,search_boundary_unresolved,-10,NaN,0,0
FB2312-baseline-awake,10,0.1,30,sine_squared,10,1,resolved,resolved,3,4,1,1
FB2312-baseline-awake,10,0.1,30,sine_squared,25,1,resolved,resolved,2,4,1,1
FB2312-baseline-awake,10,0.2,5,linear,10,1,resolved,resolved,-4,0,1,1
FB2312-baseline-awake,10,0.2,5,linear,25,1,not_a_rising_change,resolved,NaN,0,0,1
FB2312-baseline-awake,10,0.2,5,sine_squared,10,1,resolved,resolved,-4,0,1,1
FB2312-baseline-awake,10,0.2,5,sine_squared,25,1,not_a_rising_change,resolved,NaN,0,0,1
FB2312-baseline-awake,10,0.2,15,linear,10,1,resolved,resolved,0,-1,1,1
FB2312-baseline-awake,10,0.2,15,linear,25,1,resolved,resolved,-9,0,0,1
FB2312-baseline-awake,10,0.2,15,sine_squared,10,1,resolved,resolved,2,2,1,1
FB2312-baseline-awake,10,0.2,15,sine_squared,25,1,resolved,resolved,-8,0,0,1
FB2312-baseline-awake,10,0.2,30,linear,10,1,resolved,resolved,1,1,1,1
FB2312-baseline-awake,10,0.2,30,linear,25,1,resolved,resolved,-1,-14,1,0
FB2312-baseline-awake,10,0.2,30,sine_squared,10,1,resolved,resolved,3,3,1,1
FB2312-baseline-awake,10,0.2,30,sine_squared,25,1,resolved,resolved,2,4,1,1
FB2312-baseline-awake,11,0.02,5,linear,10,1,not_a_rising_change,insufficient_improvement,NaN,NaN,0,0
FB2312-baseline-awake,11,0.02,5,linear,25,1,not_a_rising_change,insufficient_improvement,NaN,NaN,0,0
FB2312-baseline-awake,11,0.02,5,sine_squared,10,1,not_a_rising_change,insufficient_improvement,NaN,NaN,0,0
FB2312-baseline-awake,11,0.02,5,sine_squared,25,1,not_a_rising_change,insufficient_improvement,NaN,NaN,0,0
FB2312-baseline-awake,11,0.02,15,linear,10,1,not_a_rising_change,insufficient_improvement,NaN,NaN,0,0
FB2312-baseline-awake,11,0.02,15,linear,25,1,not_a_rising_change,insufficient_improvement,NaN,NaN,0,0
FB2312-baseline-awake,11,0.02,15,sine_squared,10,1,not_a_rising_change,insufficient_improvement,NaN,NaN,0,0
FB2312-baseline-awake,11,0.02,15,sine_squared,25,1,not_a_rising_change,insufficient_improvement,NaN,NaN,0,0
FB2312-baseline-awake,11,0.02,30,linear,10,1,not_a_rising_change,insufficient_improvement,NaN,NaN,0,0
FB2312-baseline-awake,11,0.02,30,linear,25,1,not_a_rising_change,insufficient_improvement,NaN,NaN,0,0
FB2312-baseline-awake,11,0.02,30,sine_squared,10,1,not_a_rising_change,insufficient_improvement,NaN,NaN,0,0
FB2312-baseline-awake,11,0.02,30,sine_squared,25,1,not_a_rising_change,insufficient_improvement,NaN,NaN,0,0
FB2312-baseline-awake,11,0.05,5,linear,10,1,insufficient_improvement,insufficient_improvement,NaN,NaN,0,0
FB2312-baseline-awake,11,0.05,5,linear,25,1,not_a_rising_change,resolved,NaN,-2,0,1
FB2312-baseline-awake,11,0.05,5,sine_squared,10,1,insufficient_improvement,insufficient_improvement,NaN,NaN,0,0
FB2312-baseline-awake,11,0.05,5,sine_squared,25,1,not_a_rising_change,resolved,NaN,-1,0,1
FB2312-baseline-awake,11,0.05,15,linear,10,1,insufficient_improvement,insufficient_improvement,NaN,NaN,0,0
FB2312-baseline-awake,11,0.05,15,linear,25,1,not_a_rising_change,resolved,NaN,-3,0,1
FB2312-baseline-awake,11,0.05,15,sine_squared,10,1,insufficient_improvement,insufficient_improvement,NaN,NaN,0,0
FB2312-baseline-awake,11,0.05,15,sine_squared,25,1,not_a_rising_change,resolved,NaN,1,0,1
FB2312-baseline-awake,11,0.05,30,linear,10,1,not_a_rising_change,insufficient_improvement,NaN,NaN,0,0
FB2312-baseline-awake,11,0.05,30,linear,25,1,insufficient_improvement,insufficient_improvement,NaN,NaN,0,0
FB2312-baseline-awake,11,0.05,30,sine_squared,10,1,not_a_rising_change,insufficient_improvement,NaN,NaN,0,0
FB2312-baseline-awake,11,0.05,30,sine_squared,25,1,insufficient_improvement,insufficient_improvement,NaN,NaN,0,0
FB2312-baseline-awake,11,0.1,5,linear,10,1,resolved,resolved,-4,0,1,1
FB2312-baseline-awake,11,0.1,5,linear,25,1,not_a_rising_change,resolved,NaN,-1,0,1
FB2312-baseline-awake,11,0.1,5,sine_squared,10,1,resolved,resolved,-4,0,1,1
FB2312-baseline-awake,11,0.1,5,sine_squared,25,1,not_a_rising_change,resolved,NaN,-1,0,1
FB2312-baseline-awake,11,0.1,15,linear,10,1,resolved,resolved,-1,4,1,1
FB2312-baseline-awake,11,0.1,15,linear,25,1,insufficient_improvement,resolved,NaN,1,0,1
FB2312-baseline-awake,11,0.1,15,sine_squared,10,1,resolved,resolved,3,4,1,1
FB2312-baseline-awake,11,0.1,15,sine_squared,25,1,insufficient_improvement,resolved,NaN,0,0,1
FB2312-baseline-awake,11,0.1,30,linear,10,1,insufficient_improvement,insufficient_improvement,NaN,NaN,0,0
FB2312-baseline-awake,11,0.1,30,linear,25,1,resolved,insufficient_improvement,-1,NaN,1,0
FB2312-baseline-awake,11,0.1,30,sine_squared,10,1,insufficient_improvement,insufficient_improvement,NaN,NaN,0,0
FB2312-baseline-awake,11,0.1,30,sine_squared,25,1,resolved,resolved,4,13,1,0
FB2312-baseline-awake,11,0.2,5,linear,10,1,resolved,resolved,-4,0,1,1
FB2312-baseline-awake,11,0.2,5,linear,25,1,not_a_rising_change,resolved,NaN,0,0,1
FB2312-baseline-awake,11,0.2,5,sine_squared,10,1,resolved,resolved,-4,0,1,1
FB2312-baseline-awake,11,0.2,5,sine_squared,25,1,not_a_rising_change,resolved,NaN,0,0,1
FB2312-baseline-awake,11,0.2,15,linear,10,1,resolved,resolved,0,-3,1,1
FB2312-baseline-awake,11,0.2,15,linear,25,1,resolved,resolved,-5,0,1,1
FB2312-baseline-awake,11,0.2,15,sine_squared,10,1,resolved,resolved,2,2,1,1
FB2312-baseline-awake,11,0.2,15,sine_squared,25,1,resolved,resolved,-4,0,1,1
FB2312-baseline-awake,11,0.2,30,linear,10,1,resolved,resolved,-1,4,1,1
FB2312-baseline-awake,11,0.2,30,linear,25,1,resolved,resolved,-1,-3,1,1
FB2312-baseline-awake,11,0.2,30,sine_squared,10,1,resolved,resolved,5,5,1,1
FB2312-baseline-awake,11,0.2,30,sine_squared,25,1,resolved,resolved,3,4,1,1
FB2312-baseline-awake,12,0.02,5,linear,10,1,insufficient_improvement,resolved,NaN,-3,0,1
FB2312-baseline-awake,12,0.02,5,linear,25,1,not_a_rising_change,search_boundary_unresolved,NaN,NaN,0,0
FB2312-baseline-awake,12,0.02,5,sine_squared,10,1,insufficient_improvement,resolved,NaN,-3,0,1
FB2312-baseline-awake,12,0.02,5,sine_squared,25,1,not_a_rising_change,search_boundary_unresolved,NaN,NaN,0,0
FB2312-baseline-awake,12,0.02,15,linear,10,1,insufficient_improvement,broad_profile_unresolved,NaN,NaN,0,0
FB2312-baseline-awake,12,0.02,15,linear,25,1,insufficient_improvement,broad_profile_unresolved,NaN,NaN,0,0
FB2312-baseline-awake,12,0.02,15,sine_squared,10,1,insufficient_improvement,insufficient_improvement,NaN,NaN,0,0
FB2312-baseline-awake,12,0.02,15,sine_squared,25,1,insufficient_improvement,resolved,NaN,2,0,1
FB2312-baseline-awake,12,0.02,30,linear,10,1,insufficient_improvement,resolved,NaN,-27,0,0
FB2312-baseline-awake,12,0.02,30,linear,25,1,insufficient_improvement,broad_profile_unresolved,NaN,NaN,0,0
FB2312-baseline-awake,12,0.02,30,sine_squared,10,1,insufficient_improvement,resolved,NaN,-27,0,0
FB2312-baseline-awake,12,0.02,30,sine_squared,25,1,insufficient_improvement,broad_profile_unresolved,NaN,NaN,0,0
FB2312-baseline-awake,12,0.05,5,linear,10,1,broad_profile_unresolved,resolved,NaN,-2,0,1
FB2312-baseline-awake,12,0.05,5,linear,25,1,not_a_rising_change,resolved,NaN,-4,0,1
FB2312-baseline-awake,12,0.05,5,sine_squared,10,1,broad_profile_unresolved,resolved,NaN,-2,0,1
FB2312-baseline-awake,12,0.05,5,sine_squared,25,1,not_a_rising_change,resolved,NaN,0,0,1
FB2312-baseline-awake,12,0.05,15,linear,10,1,resolved,resolved,-26,-3,0,1
FB2312-baseline-awake,12,0.05,15,linear,25,1,resolved,resolved,-12,-3,0,1
FB2312-baseline-awake,12,0.05,15,sine_squared,10,1,resolved,search_boundary_unresolved,-26,NaN,0,0
FB2312-baseline-awake,12,0.05,15,sine_squared,25,1,resolved,resolved,-12,2,0,1
FB2312-baseline-awake,12,0.05,30,linear,10,1,insufficient_improvement,insufficient_improvement,NaN,NaN,0,0
FB2312-baseline-awake,12,0.05,30,linear,25,1,resolved,resolved,-12,-3,0,1
FB2312-baseline-awake,12,0.05,30,sine_squared,10,1,insufficient_improvement,insufficient_improvement,NaN,NaN,0,0
FB2312-baseline-awake,12,0.05,30,sine_squared,25,1,resolved,resolved,-11,3,0,1
FB2312-baseline-awake,12,0.1,5,linear,10,1,resolved,resolved,-8,-1,0,1
FB2312-baseline-awake,12,0.1,5,linear,25,1,not_a_rising_change,resolved,NaN,0,0,1
FB2312-baseline-awake,12,0.1,5,sine_squared,10,1,resolved,resolved,-8,-1,0,1
FB2312-baseline-awake,12,0.1,5,sine_squared,25,1,not_a_rising_change,resolved,NaN,0,0,1
FB2312-baseline-awake,12,0.1,15,linear,10,1,resolved,broad_profile_unresolved,-5,NaN,1,0
FB2312-baseline-awake,12,0.1,15,linear,25,1,resolved,resolved,-10,1,0,1
FB2312-baseline-awake,12,0.1,15,sine_squared,10,1,resolved,resolved,-3,-3,1,1
FB2312-baseline-awake,12,0.1,15,sine_squared,25,1,resolved,resolved,-10,1,0,1
FB2312-baseline-awake,12,0.1,30,linear,10,1,resolved,resolved,-26,-3,0,1
FB2312-baseline-awake,12,0.1,30,linear,25,1,resolved,resolved,-8,-6,0,0
FB2312-baseline-awake,12,0.1,30,sine_squared,10,1,resolved,insufficient_improvement,-27,NaN,0,0
FB2312-baseline-awake,12,0.1,30,sine_squared,25,1,resolved,resolved,-3,2,1,1
FB2312-baseline-awake,12,0.2,5,linear,10,1,resolved,resolved,-6,0,0,1
FB2312-baseline-awake,12,0.2,5,linear,25,1,not_a_rising_change,resolved,NaN,0,0,1
FB2312-baseline-awake,12,0.2,5,sine_squared,10,1,resolved,resolved,-6,0,0,1
FB2312-baseline-awake,12,0.2,5,sine_squared,25,1,not_a_rising_change,resolved,NaN,0,0,1
FB2312-baseline-awake,12,0.2,15,linear,10,1,resolved,resolved,-3,-3,1,1
FB2312-baseline-awake,12,0.2,15,linear,25,1,resolved,resolved,-8,0,0,1
FB2312-baseline-awake,12,0.2,15,sine_squared,10,1,resolved,resolved,-1,-3,1,1
FB2312-baseline-awake,12,0.2,15,sine_squared,25,1,resolved,resolved,-7,0,0,1
FB2312-baseline-awake,12,0.2,30,linear,10,1,resolved,broad_profile_unresolved,-5,NaN,1,0
FB2312-baseline-awake,12,0.2,30,linear,25,1,resolved,resolved,-3,-4,1,1
FB2312-baseline-awake,12,0.2,30,sine_squared,10,1,resolved,resolved,-3,-10,1,0
FB2312-baseline-awake,12,0.2,30,sine_squared,25,1,resolved,resolved,1,3,1,1
FB2312-baseline-awake,13,0.02,5,linear,10,1,insufficient_clean_context,insufficient_clean_context,NaN,NaN,0,0
FB2312-baseline-awake,13,0.02,5,linear,25,1,insufficient_clean_context,insufficient_clean_context,NaN,NaN,0,0
FB2312-baseline-awake,13,0.02,5,sine_squared,10,1,insufficient_clean_context,insufficient_clean_context,NaN,NaN,0,0
FB2312-baseline-awake,13,0.02,5,sine_squared,25,1,insufficient_clean_context,insufficient_clean_context,NaN,NaN,0,0
FB2312-baseline-awake,13,0.02,15,linear,10,1,insufficient_clean_context,insufficient_clean_context,NaN,NaN,0,0
FB2312-baseline-awake,13,0.02,15,linear,25,1,insufficient_clean_context,insufficient_clean_context,NaN,NaN,0,0
FB2312-baseline-awake,13,0.02,15,sine_squared,10,1,insufficient_clean_context,insufficient_clean_context,NaN,NaN,0,0
FB2312-baseline-awake,13,0.02,15,sine_squared,25,1,insufficient_clean_context,insufficient_clean_context,NaN,NaN,0,0
FB2312-baseline-awake,13,0.02,30,linear,10,1,insufficient_clean_context,insufficient_clean_context,NaN,NaN,0,0
FB2312-baseline-awake,13,0.02,30,linear,25,1,insufficient_clean_context,insufficient_clean_context,NaN,NaN,0,0
FB2312-baseline-awake,13,0.02,30,sine_squared,10,1,insufficient_clean_context,insufficient_clean_context,NaN,NaN,0,0
FB2312-baseline-awake,13,0.02,30,sine_squared,25,1,insufficient_clean_context,insufficient_clean_context,NaN,NaN,0,0
FB2312-baseline-awake,13,0.05,5,linear,10,1,insufficient_clean_context,insufficient_clean_context,NaN,NaN,0,0
FB2312-baseline-awake,13,0.05,5,linear,25,1,insufficient_clean_context,insufficient_clean_context,NaN,NaN,0,0
FB2312-baseline-awake,13,0.05,5,sine_squared,10,1,insufficient_clean_context,insufficient_clean_context,NaN,NaN,0,0
FB2312-baseline-awake,13,0.05,5,sine_squared,25,1,insufficient_clean_context,insufficient_clean_context,NaN,NaN,0,0
FB2312-baseline-awake,13,0.05,15,linear,10,1,insufficient_clean_context,insufficient_clean_context,NaN,NaN,0,0
FB2312-baseline-awake,13,0.05,15,linear,25,1,insufficient_clean_context,insufficient_clean_context,NaN,NaN,0,0
FB2312-baseline-awake,13,0.05,15,sine_squared,10,1,insufficient_clean_context,insufficient_clean_context,NaN,NaN,0,0
FB2312-baseline-awake,13,0.05,15,sine_squared,25,1,insufficient_clean_context,insufficient_clean_context,NaN,NaN,0,0
FB2312-baseline-awake,13,0.05,30,linear,10,1,insufficient_clean_context,insufficient_clean_context,NaN,NaN,0,0
FB2312-baseline-awake,13,0.05,30,linear,25,1,insufficient_clean_context,insufficient_clean_context,NaN,NaN,0,0
FB2312-baseline-awake,13,0.05,30,sine_squared,10,1,insufficient_clean_context,insufficient_clean_context,NaN,NaN,0,0
FB2312-baseline-awake,13,0.05,30,sine_squared,25,1,insufficient_clean_context,insufficient_clean_context,NaN,NaN,0,0
FB2312-baseline-awake,13,0.1,5,linear,10,1,insufficient_clean_context,insufficient_clean_context,NaN,NaN,0,0
FB2312-baseline-awake,13,0.1,5,linear,25,1,insufficient_clean_context,insufficient_clean_context,NaN,NaN,0,0
FB2312-baseline-awake,13,0.1,5,sine_squared,10,1,insufficient_clean_context,insufficient_clean_context,NaN,NaN,0,0
FB2312-baseline-awake,13,0.1,5,sine_squared,25,1,insufficient_clean_context,insufficient_clean_context,NaN,NaN,0,0
FB2312-baseline-awake,13,0.1,15,linear,10,1,insufficient_clean_context,insufficient_clean_context,NaN,NaN,0,0
FB2312-baseline-awake,13,0.1,15,linear,25,1,insufficient_clean_context,insufficient_clean_context,NaN,NaN,0,0
FB2312-baseline-awake,13,0.1,15,sine_squared,10,1,insufficient_clean_context,insufficient_clean_context,NaN,NaN,0,0
FB2312-baseline-awake,13,0.1,15,sine_squared,25,1,insufficient_clean_context,insufficient_clean_context,NaN,NaN,0,0
FB2312-baseline-awake,13,0.1,30,linear,10,1,insufficient_clean_context,insufficient_clean_context,NaN,NaN,0,0
FB2312-baseline-awake,13,0.1,30,linear,25,1,insufficient_clean_context,insufficient_clean_context,NaN,NaN,0,0
FB2312-baseline-awake,13,0.1,30,sine_squared,10,1,insufficient_clean_context,insufficient_clean_context,NaN,NaN,0,0
FB2312-baseline-awake,13,0.1,30,sine_squared,25,1,insufficient_clean_context,insufficient_clean_context,NaN,NaN,0,0
FB2312-baseline-awake,13,0.2,5,linear,10,1,insufficient_clean_context,insufficient_clean_context,NaN,NaN,0,0
FB2312-baseline-awake,13,0.2,5,linear,25,1,insufficient_clean_context,insufficient_clean_context,NaN,NaN,0,0
FB2312-baseline-awake,13,0.2,5,sine_squared,10,1,insufficient_clean_context,insufficient_clean_context,NaN,NaN,0,0
FB2312-baseline-awake,13,0.2,5,sine_squared,25,1,insufficient_clean_context,insufficient_clean_context,NaN,NaN,0,0
FB2312-baseline-awake,13,0.2,15,linear,10,1,insufficient_clean_context,insufficient_clean_context,NaN,NaN,0,0
FB2312-baseline-awake,13,0.2,15,linear,25,1,insufficient_clean_context,insufficient_clean_context,NaN,NaN,0,0
FB2312-baseline-awake,13,0.2,15,sine_squared,10,1,insufficient_clean_context,insufficient_clean_context,NaN,NaN,0,0
FB2312-baseline-awake,13,0.2,15,sine_squared,25,1,insufficient_clean_context,insufficient_clean_context,NaN,NaN,0,0
FB2312-baseline-awake,13,0.2,30,linear,10,1,insufficient_clean_context,insufficient_clean_context,NaN,NaN,0,0
FB2312-baseline-awake,13,0.2,30,linear,25,1,insufficient_clean_context,insufficient_clean_context,NaN,NaN,0,0
FB2312-baseline-awake,13,0.2,30,sine_squared,10,1,insufficient_clean_context,insufficient_clean_context,NaN,NaN,0,0
FB2312-baseline-awake,13,0.2,30,sine_squared,25,1,insufficient_clean_context,insufficient_clean_context,NaN,NaN,0,0
FB2312-baseline-awake,14,0.02,5,linear,10,1,not_a_rising_change,search_boundary_unresolved,NaN,NaN,0,0
FB2312-baseline-awake,14,0.02,5,linear,25,1,not_a_rising_change,insufficient_improvement,NaN,NaN,0,0
FB2312-baseline-awake,14,0.02,5,sine_squared,10,1,not_a_rising_change,search_boundary_unresolved,NaN,NaN,0,0
FB2312-baseline-awake,14,0.02,5,sine_squared,25,1,not_a_rising_change,insufficient_improvement,NaN,NaN,0,0
FB2312-baseline-awake,14,0.02,15,linear,10,1,insufficient_improvement,insufficient_improvement,NaN,NaN,0,0
FB2312-baseline-awake,14,0.02,15,linear,25,1,not_a_rising_change,insufficient_improvement,NaN,NaN,0,0
FB2312-baseline-awake,14,0.02,15,sine_squared,10,1,insufficient_improvement,insufficient_improvement,NaN,NaN,0,0
FB2312-baseline-awake,14,0.02,15,sine_squared,25,1,not_a_rising_change,insufficient_improvement,NaN,NaN,0,0
FB2312-baseline-awake,14,0.02,30,linear,10,1,not_a_rising_change,insufficient_improvement,NaN,NaN,0,0
FB2312-baseline-awake,14,0.02,30,linear,25,1,not_a_rising_change,insufficient_improvement,NaN,NaN,0,0
FB2312-baseline-awake,14,0.02,30,sine_squared,10,1,not_a_rising_change,insufficient_improvement,NaN,NaN,0,0
FB2312-baseline-awake,14,0.02,30,sine_squared,25,1,not_a_rising_change,insufficient_improvement,NaN,NaN,0,0
FB2312-baseline-awake,14,0.05,5,linear,10,1,insufficient_improvement,search_boundary_unresolved,NaN,NaN,0,0
FB2312-baseline-awake,14,0.05,5,linear,25,1,not_a_rising_change,insufficient_improvement,NaN,NaN,0,0
FB2312-baseline-awake,14,0.05,5,sine_squared,10,1,insufficient_improvement,search_boundary_unresolved,NaN,NaN,0,0
FB2312-baseline-awake,14,0.05,5,sine_squared,25,1,not_a_rising_change,insufficient_improvement,NaN,NaN,0,0
FB2312-baseline-awake,14,0.05,15,linear,10,1,insufficient_improvement,insufficient_improvement,NaN,NaN,0,0
FB2312-baseline-awake,14,0.05,15,linear,25,1,not_a_rising_change,insufficient_improvement,NaN,NaN,0,0
FB2312-baseline-awake,14,0.05,15,sine_squared,10,1,insufficient_improvement,insufficient_improvement,NaN,NaN,0,0
FB2312-baseline-awake,14,0.05,15,sine_squared,25,1,not_a_rising_change,insufficient_improvement,NaN,NaN,0,0
FB2312-baseline-awake,14,0.05,30,linear,10,1,insufficient_improvement,insufficient_improvement,NaN,NaN,0,0
FB2312-baseline-awake,14,0.05,30,linear,25,1,not_a_rising_change,insufficient_improvement,NaN,NaN,0,0
FB2312-baseline-awake,14,0.05,30,sine_squared,10,1,insufficient_improvement,insufficient_improvement,NaN,NaN,0,0
FB2312-baseline-awake,14,0.05,30,sine_squared,25,1,not_a_rising_change,insufficient_improvement,NaN,NaN,0,0
FB2312-baseline-awake,14,0.1,5,linear,10,1,insufficient_improvement,search_boundary_unresolved,NaN,NaN,0,0
FB2312-baseline-awake,14,0.1,5,linear,25,1,not_a_rising_change,insufficient_improvement,NaN,NaN,0,0
FB2312-baseline-awake,14,0.1,5,sine_squared,10,1,insufficient_improvement,search_boundary_unresolved,NaN,NaN,0,0
FB2312-baseline-awake,14,0.1,5,sine_squared,25,1,not_a_rising_change,insufficient_improvement,NaN,NaN,0,0
FB2312-baseline-awake,14,0.1,15,linear,10,1,insufficient_improvement,search_boundary_unresolved,NaN,NaN,0,0
FB2312-baseline-awake,14,0.1,15,linear,25,1,not_a_rising_change,insufficient_improvement,NaN,NaN,0,0
FB2312-baseline-awake,14,0.1,15,sine_squared,10,1,search_boundary_unresolved,search_boundary_unresolved,NaN,NaN,0,0
FB2312-baseline-awake,14,0.1,15,sine_squared,25,1,not_a_rising_change,insufficient_improvement,NaN,NaN,0,0
FB2312-baseline-awake,14,0.1,30,linear,10,1,insufficient_improvement,insufficient_improvement,NaN,NaN,0,0
FB2312-baseline-awake,14,0.1,30,linear,25,1,not_a_rising_change,insufficient_improvement,NaN,NaN,0,0
FB2312-baseline-awake,14,0.1,30,sine_squared,10,1,insufficient_improvement,insufficient_improvement,NaN,NaN,0,0
FB2312-baseline-awake,14,0.1,30,sine_squared,25,1,not_a_rising_change,insufficient_improvement,NaN,NaN,0,0
FB2312-baseline-awake,14,0.2,5,linear,10,1,insufficient_improvement,search_boundary_unresolved,NaN,NaN,0,0
FB2312-baseline-awake,14,0.2,5,linear,25,1,not_a_rising_change,insufficient_improvement,NaN,NaN,0,0
FB2312-baseline-awake,14,0.2,5,sine_squared,10,1,insufficient_improvement,search_boundary_unresolved,NaN,NaN,0,0
FB2312-baseline-awake,14,0.2,5,sine_squared,25,1,not_a_rising_change,insufficient_improvement,NaN,NaN,0,0
FB2312-baseline-awake,14,0.2,15,linear,10,1,search_boundary_unresolved,search_boundary_unresolved,NaN,NaN,0,0
FB2312-baseline-awake,14,0.2,15,linear,25,1,not_a_rising_change,insufficient_improvement,NaN,NaN,0,0
FB2312-baseline-awake,14,0.2,15,sine_squared,10,1,search_boundary_unresolved,resolved,NaN,4,0,1
FB2312-baseline-awake,14,0.2,15,sine_squared,25,1,not_a_rising_change,insufficient_improvement,NaN,NaN,0,0
FB2312-baseline-awake,14,0.2,30,linear,10,1,insufficient_improvement,search_boundary_unresolved,NaN,NaN,0,0
FB2312-baseline-awake,14,0.2,30,linear,25,1,not_a_rising_change,insufficient_improvement,NaN,NaN,0,0
FB2312-baseline-awake,14,0.2,30,sine_squared,10,1,search_boundary_unresolved,search_boundary_unresolved,NaN,NaN,0,0
FB2312-baseline-awake,14,0.2,30,sine_squared,25,1,not_a_rising_change,insufficient_improvement,NaN,NaN,0,0
FB2312-baseline-awake,15,0.02,5,linear,10,1,insufficient_improvement,insufficient_improvement,NaN,NaN,0,0
FB2312-baseline-awake,15,0.02,5,linear,25,1,not_a_rising_change,resolved,NaN,1,0,1
FB2312-baseline-awake,15,0.02,5,sine_squared,10,1,insufficient_improvement,insufficient_improvement,NaN,NaN,0,0
FB2312-baseline-awake,15,0.02,5,sine_squared,25,1,not_a_rising_change,resolved,NaN,1,0,1
FB2312-baseline-awake,15,0.02,15,linear,10,1,insufficient_improvement,insufficient_improvement,NaN,NaN,0,0
FB2312-baseline-awake,15,0.02,15,linear,25,1,insufficient_improvement,insufficient_improvement,NaN,NaN,0,0
FB2312-baseline-awake,15,0.02,15,sine_squared,10,1,insufficient_improvement,insufficient_improvement,NaN,NaN,0,0
FB2312-baseline-awake,15,0.02,15,sine_squared,25,1,insufficient_improvement,insufficient_improvement,NaN,NaN,0,0
FB2312-baseline-awake,15,0.02,30,linear,10,1,insufficient_improvement,insufficient_improvement,NaN,NaN,0,0
FB2312-baseline-awake,15,0.02,30,linear,25,1,insufficient_improvement,insufficient_improvement,NaN,NaN,0,0
FB2312-baseline-awake,15,0.02,30,sine_squared,10,1,insufficient_improvement,insufficient_improvement,NaN,NaN,0,0
FB2312-baseline-awake,15,0.02,30,sine_squared,25,1,insufficient_improvement,insufficient_improvement,NaN,NaN,0,0
FB2312-baseline-awake,15,0.05,5,linear,10,1,insufficient_improvement,resolved,NaN,1,0,1
FB2312-baseline-awake,15,0.05,5,linear,25,1,not_a_rising_change,resolved,NaN,-1,0,1
FB2312-baseline-awake,15,0.05,5,sine_squared,10,1,insufficient_improvement,resolved,NaN,1,0,1
FB2312-baseline-awake,15,0.05,5,sine_squared,25,1,not_a_rising_change,resolved,NaN,-1,0,1
FB2312-baseline-awake,15,0.05,15,linear,10,1,insufficient_improvement,insufficient_improvement,NaN,NaN,0,0
FB2312-baseline-awake,15,0.05,15,linear,25,1,insufficient_improvement,resolved,NaN,0,0,1
FB2312-baseline-awake,15,0.05,15,sine_squared,10,1,insufficient_improvement,insufficient_improvement,NaN,NaN,0,0
FB2312-baseline-awake,15,0.05,15,sine_squared,25,1,insufficient_improvement,resolved,NaN,-1,0,1
FB2312-baseline-awake,15,0.05,30,linear,10,1,insufficient_improvement,insufficient_improvement,NaN,NaN,0,0
FB2312-baseline-awake,15,0.05,30,linear,25,1,insufficient_improvement,insufficient_improvement,NaN,NaN,0,0
FB2312-baseline-awake,15,0.05,30,sine_squared,10,1,insufficient_improvement,insufficient_improvement,NaN,NaN,0,0
FB2312-baseline-awake,15,0.05,30,sine_squared,25,1,insufficient_improvement,insufficient_improvement,NaN,NaN,0,0
FB2312-baseline-awake,15,0.1,5,linear,10,1,resolved,resolved,-4,1,1,1
FB2312-baseline-awake,15,0.1,5,linear,25,1,not_a_rising_change,resolved,NaN,-1,0,1
FB2312-baseline-awake,15,0.1,5,sine_squared,10,1,resolved,resolved,-4,1,1,1
FB2312-baseline-awake,15,0.1,5,sine_squared,25,1,not_a_rising_change,resolved,NaN,-1,0,1
FB2312-baseline-awake,15,0.1,15,linear,10,1,resolved,resolved,0,3,1,1
FB2312-baseline-awake,15,0.1,15,linear,25,1,broad_profile_unresolved,resolved,NaN,-1,0,1
FB2312-baseline-awake,15,0.1,15,sine_squared,10,1,resolved,resolved,1,3,1,1
FB2312-baseline-awake,15,0.1,15,sine_squared,25,1,broad_profile_unresolved,resolved,NaN,-1,0,1
FB2312-baseline-awake,15,0.1,30,linear,10,1,insufficient_improvement,insufficient_improvement,NaN,NaN,0,0
FB2312-baseline-awake,15,0.1,30,linear,25,1,resolved,resolved,-1,1,1,1
FB2312-baseline-awake,15,0.1,30,sine_squared,10,1,insufficient_improvement,insufficient_improvement,NaN,NaN,0,0
FB2312-baseline-awake,15,0.1,30,sine_squared,25,1,resolved,resolved,0,8,1,0
FB2312-baseline-awake,15,0.2,5,linear,10,1,resolved,resolved,-4,0,1,1
FB2312-baseline-awake,15,0.2,5,linear,25,1,not_a_rising_change,resolved,NaN,0,0,1
FB2312-baseline-awake,15,0.2,5,sine_squared,10,1,resolved,resolved,-4,0,1,1
FB2312-baseline-awake,15,0.2,5,sine_squared,25,1,not_a_rising_change,resolved,NaN,0,0,1
FB2312-baseline-awake,15,0.2,15,linear,10,1,resolved,resolved,0,0,1,1
FB2312-baseline-awake,15,0.2,15,linear,25,1,resolved,resolved,-5,0,1,1
FB2312-baseline-awake,15,0.2,15,sine_squared,10,1,resolved,resolved,1,1,1,1
FB2312-baseline-awake,15,0.2,15,sine_squared,25,1,resolved,resolved,-4,0,1,1
FB2312-baseline-awake,15,0.2,30,linear,10,1,resolved,resolved,0,3,1,1
FB2312-baseline-awake,15,0.2,30,linear,25,1,resolved,resolved,-1,2,1,1
FB2312-baseline-awake,15,0.2,30,sine_squared,10,1,resolved,resolved,2,3,1,1
FB2312-baseline-awake,15,0.2,30,sine_squared,25,1,resolved,resolved,1,4,1,1
FB2312-baseline-awake,16,0.02,5,linear,10,1,insufficient_improvement,insufficient_improvement,NaN,NaN,0,0
FB2312-baseline-awake,16,0.02,5,linear,25,1,not_a_rising_change,insufficient_improvement,NaN,NaN,0,0
FB2312-baseline-awake,16,0.02,5,sine_squared,10,1,insufficient_improvement,insufficient_improvement,NaN,NaN,0,0
FB2312-baseline-awake,16,0.02,5,sine_squared,25,1,not_a_rising_change,insufficient_improvement,NaN,NaN,0,0
FB2312-baseline-awake,16,0.02,15,linear,10,1,insufficient_improvement,insufficient_improvement,NaN,NaN,0,0
FB2312-baseline-awake,16,0.02,15,linear,25,1,not_a_rising_change,insufficient_improvement,NaN,NaN,0,0
FB2312-baseline-awake,16,0.02,15,sine_squared,10,1,insufficient_improvement,insufficient_improvement,NaN,NaN,0,0
FB2312-baseline-awake,16,0.02,15,sine_squared,25,1,not_a_rising_change,insufficient_improvement,NaN,NaN,0,0
FB2312-baseline-awake,16,0.02,30,linear,10,1,insufficient_improvement,insufficient_improvement,NaN,NaN,0,0
FB2312-baseline-awake,16,0.02,30,linear,25,1,not_a_rising_change,insufficient_improvement,NaN,NaN,0,0
FB2312-baseline-awake,16,0.02,30,sine_squared,10,1,insufficient_improvement,insufficient_improvement,NaN,NaN,0,0
FB2312-baseline-awake,16,0.02,30,sine_squared,25,1,not_a_rising_change,insufficient_improvement,NaN,NaN,0,0
FB2312-baseline-awake,16,0.05,5,linear,10,1,insufficient_improvement,insufficient_improvement,NaN,NaN,0,0
FB2312-baseline-awake,16,0.05,5,linear,25,1,not_a_rising_change,insufficient_improvement,NaN,NaN,0,0
FB2312-baseline-awake,16,0.05,5,sine_squared,10,1,insufficient_improvement,insufficient_improvement,NaN,NaN,0,0
FB2312-baseline-awake,16,0.05,5,sine_squared,25,1,not_a_rising_change,insufficient_improvement,NaN,NaN,0,0
FB2312-baseline-awake,16,0.05,15,linear,10,1,insufficient_improvement,insufficient_improvement,NaN,NaN,0,0
FB2312-baseline-awake,16,0.05,15,linear,25,1,not_a_rising_change,insufficient_improvement,NaN,NaN,0,0
FB2312-baseline-awake,16,0.05,15,sine_squared,10,1,insufficient_improvement,insufficient_improvement,NaN,NaN,0,0
FB2312-baseline-awake,16,0.05,15,sine_squared,25,1,not_a_rising_change,insufficient_improvement,NaN,NaN,0,0
FB2312-baseline-awake,16,0.05,30,linear,10,1,insufficient_improvement,insufficient_improvement,NaN,NaN,0,0
FB2312-baseline-awake,16,0.05,30,linear,25,1,insufficient_improvement,insufficient_improvement,NaN,NaN,0,0
FB2312-baseline-awake,16,0.05,30,sine_squared,10,1,insufficient_improvement,insufficient_improvement,NaN,NaN,0,0
FB2312-baseline-awake,16,0.05,30,sine_squared,25,1,insufficient_improvement,insufficient_improvement,NaN,NaN,0,0
FB2312-baseline-awake,16,0.1,5,linear,10,1,insufficient_improvement,resolved,NaN,0,0,1
FB2312-baseline-awake,16,0.1,5,linear,25,1,not_a_rising_change,insufficient_improvement,NaN,NaN,0,0
FB2312-baseline-awake,16,0.1,5,sine_squared,10,1,insufficient_improvement,resolved,NaN,1,0,1
FB2312-baseline-awake,16,0.1,5,sine_squared,25,1,not_a_rising_change,insufficient_improvement,NaN,NaN,0,0
FB2312-baseline-awake,16,0.1,15,linear,10,1,resolved,search_boundary_unresolved,1,NaN,1,0
FB2312-baseline-awake,16,0.1,15,linear,25,1,not_a_rising_change,insufficient_improvement,NaN,NaN,0,0
FB2312-baseline-awake,16,0.1,15,sine_squared,10,1,resolved,resolved,4,5,1,1
FB2312-baseline-awake,16,0.1,15,sine_squared,25,1,not_a_rising_change,insufficient_improvement,NaN,NaN,0,0
FB2312-baseline-awake,16,0.1,30,linear,10,1,insufficient_improvement,insufficient_improvement,NaN,NaN,0,0
FB2312-baseline-awake,16,0.1,30,linear,25,1,insufficient_improvement,insufficient_improvement,NaN,NaN,0,0
FB2312-baseline-awake,16,0.1,30,sine_squared,10,1,insufficient_improvement,insufficient_improvement,NaN,NaN,0,0
FB2312-baseline-awake,16,0.1,30,sine_squared,25,1,insufficient_improvement,insufficient_improvement,NaN,NaN,0,0
FB2312-baseline-awake,16,0.2,5,linear,10,1,search_boundary_unresolved,resolved,NaN,0,0,1
FB2312-baseline-awake,16,0.2,5,linear,25,1,not_a_rising_change,insufficient_improvement,NaN,NaN,0,0
FB2312-baseline-awake,16,0.2,5,sine_squared,10,1,search_boundary_unresolved,resolved,NaN,0,0,1
FB2312-baseline-awake,16,0.2,5,sine_squared,25,1,not_a_rising_change,insufficient_improvement,NaN,NaN,0,0
FB2312-baseline-awake,16,0.2,15,linear,10,1,resolved,resolved,0,0,1,1
FB2312-baseline-awake,16,0.2,15,linear,25,1,not_a_rising_change,insufficient_improvement,NaN,NaN,0,0
FB2312-baseline-awake,16,0.2,15,sine_squared,10,1,resolved,resolved,2,0,1,1
FB2312-baseline-awake,16,0.2,15,sine_squared,25,1,not_a_rising_change,insufficient_improvement,NaN,NaN,0,0
FB2312-baseline-awake,16,0.2,30,linear,10,1,resolved,search_boundary_unresolved,1,NaN,1,0
FB2312-baseline-awake,16,0.2,30,linear,25,1,insufficient_improvement,insufficient_improvement,NaN,NaN,0,0
FB2312-baseline-awake,16,0.2,30,sine_squared,10,1,resolved,resolved,6,6,0,0
FB2312-baseline-awake,16,0.2,30,sine_squared,25,1,insufficient_improvement,insufficient_improvement,NaN,NaN,0,0
FB2312-baseline-awake,17,0.02,5,linear,10,0,construction_unavailable,construction_unavailable,NaN,NaN,0,0
FB2312-baseline-awake,17,0.02,5,linear,25,0,construction_unavailable,construction_unavailable,NaN,NaN,0,0
FB2312-baseline-awake,17,0.02,5,sine_squared,10,0,construction_unavailable,construction_unavailable,NaN,NaN,0,0
FB2312-baseline-awake,17,0.02,5,sine_squared,25,0,construction_unavailable,construction_unavailable,NaN,NaN,0,0
FB2312-baseline-awake,17,0.02,15,linear,10,0,construction_unavailable,construction_unavailable,NaN,NaN,0,0
FB2312-baseline-awake,17,0.02,15,linear,25,0,construction_unavailable,construction_unavailable,NaN,NaN,0,0
FB2312-baseline-awake,17,0.02,15,sine_squared,10,0,construction_unavailable,construction_unavailable,NaN,NaN,0,0
FB2312-baseline-awake,17,0.02,15,sine_squared,25,0,construction_unavailable,construction_unavailable,NaN,NaN,0,0
FB2312-baseline-awake,17,0.02,30,linear,10,0,construction_unavailable,construction_unavailable,NaN,NaN,0,0
FB2312-baseline-awake,17,0.02,30,linear,25,0,construction_unavailable,construction_unavailable,NaN,NaN,0,0
FB2312-baseline-awake,17,0.02,30,sine_squared,10,0,construction_unavailable,construction_unavailable,NaN,NaN,0,0
FB2312-baseline-awake,17,0.02,30,sine_squared,25,0,construction_unavailable,construction_unavailable,NaN,NaN,0,0
FB2312-baseline-awake,17,0.05,5,linear,10,0,construction_unavailable,construction_unavailable,NaN,NaN,0,0
FB2312-baseline-awake,17,0.05,5,linear,25,0,construction_unavailable,construction_unavailable,NaN,NaN,0,0
FB2312-baseline-awake,17,0.05,5,sine_squared,10,0,construction_unavailable,construction_unavailable,NaN,NaN,0,0
FB2312-baseline-awake,17,0.05,5,sine_squared,25,0,construction_unavailable,construction_unavailable,NaN,NaN,0,0
FB2312-baseline-awake,17,0.05,15,linear,10,0,construction_unavailable,construction_unavailable,NaN,NaN,0,0
FB2312-baseline-awake,17,0.05,15,linear,25,0,construction_unavailable,construction_unavailable,NaN,NaN,0,0
FB2312-baseline-awake,17,0.05,15,sine_squared,10,0,construction_unavailable,construction_unavailable,NaN,NaN,0,0
FB2312-baseline-awake,17,0.05,15,sine_squared,25,0,construction_unavailable,construction_unavailable,NaN,NaN,0,0
FB2312-baseline-awake,17,0.05,30,linear,10,0,construction_unavailable,construction_unavailable,NaN,NaN,0,0
FB2312-baseline-awake,17,0.05,30,linear,25,0,construction_unavailable,construction_unavailable,NaN,NaN,0,0
FB2312-baseline-awake,17,0.05,30,sine_squared,10,0,construction_unavailable,construction_unavailable,NaN,NaN,0,0
FB2312-baseline-awake,17,0.05,30,sine_squared,25,0,construction_unavailable,construction_unavailable,NaN,NaN,0,0
FB2312-baseline-awake,17,0.1,5,linear,10,0,construction_unavailable,construction_unavailable,NaN,NaN,0,0
FB2312-baseline-awake,17,0.1,5,linear,25,0,construction_unavailable,construction_unavailable,NaN,NaN,0,0
FB2312-baseline-awake,17,0.1,5,sine_squared,10,0,construction_unavailable,construction_unavailable,NaN,NaN,0,0
FB2312-baseline-awake,17,0.1,5,sine_squared,25,0,construction_unavailable,construction_unavailable,NaN,NaN,0,0
FB2312-baseline-awake,17,0.1,15,linear,10,0,construction_unavailable,construction_unavailable,NaN,NaN,0,0
FB2312-baseline-awake,17,0.1,15,linear,25,0,construction_unavailable,construction_unavailable,NaN,NaN,0,0
FB2312-baseline-awake,17,0.1,15,sine_squared,10,0,construction_unavailable,construction_unavailable,NaN,NaN,0,0
FB2312-baseline-awake,17,0.1,15,sine_squared,25,0,construction_unavailable,construction_unavailable,NaN,NaN,0,0
FB2312-baseline-awake,17,0.1,30,linear,10,0,construction_unavailable,construction_unavailable,NaN,NaN,0,0
FB2312-baseline-awake,17,0.1,30,linear,25,0,construction_unavailable,construction_unavailable,NaN,NaN,0,0
FB2312-baseline-awake,17,0.1,30,sine_squared,10,0,construction_unavailable,construction_unavailable,NaN,NaN,0,0
FB2312-baseline-awake,17,0.1,30,sine_squared,25,0,construction_unavailable,construction_unavailable,NaN,NaN,0,0
FB2312-baseline-awake,17,0.2,5,linear,10,0,construction_unavailable,construction_unavailable,NaN,NaN,0,0
FB2312-baseline-awake,17,0.2,5,linear,25,0,construction_unavailable,construction_unavailable,NaN,NaN,0,0
FB2312-baseline-awake,17,0.2,5,sine_squared,10,0,construction_unavailable,construction_unavailable,NaN,NaN,0,0
FB2312-baseline-awake,17,0.2,5,sine_squared,25,0,construction_unavailable,construction_unavailable,NaN,NaN,0,0
FB2312-baseline-awake,17,0.2,15,linear,10,0,construction_unavailable,construction_unavailable,NaN,NaN,0,0
FB2312-baseline-awake,17,0.2,15,linear,25,0,construction_unavailable,construction_unavailable,NaN,NaN,0,0
FB2312-baseline-awake,17,0.2,15,sine_squared,10,0,construction_unavailable,construction_unavailable,NaN,NaN,0,0
FB2312-baseline-awake,17,0.2,15,sine_squared,25,0,construction_unavailable,construction_unavailable,NaN,NaN,0,0
FB2312-baseline-awake,17,0.2,30,linear,10,0,construction_unavailable,construction_unavailable,NaN,NaN,0,0
FB2312-baseline-awake,17,0.2,30,linear,25,0,construction_unavailable,construction_unavailable,NaN,NaN,0,0
FB2312-baseline-awake,17,0.2,30,sine_squared,10,0,construction_unavailable,construction_unavailable,NaN,NaN,0,0
FB2312-baseline-awake,17,0.2,30,sine_squared,25,0,construction_unavailable,construction_unavailable,NaN,NaN,0,0
FB2312-baseline-awake,18,0.02,5,linear,10,1,insufficient_clean_context,insufficient_clean_context,NaN,NaN,0,0
FB2312-baseline-awake,18,0.02,5,linear,25,0,construction_unavailable,construction_unavailable,NaN,NaN,0,0
FB2312-baseline-awake,18,0.02,5,sine_squared,10,1,insufficient_clean_context,insufficient_clean_context,NaN,NaN,0,0
FB2312-baseline-awake,18,0.02,5,sine_squared,25,0,construction_unavailable,construction_unavailable,NaN,NaN,0,0
FB2312-baseline-awake,18,0.02,15,linear,10,1,insufficient_clean_context,insufficient_clean_context,NaN,NaN,0,0
FB2312-baseline-awake,18,0.02,15,linear,25,0,construction_unavailable,construction_unavailable,NaN,NaN,0,0
FB2312-baseline-awake,18,0.02,15,sine_squared,10,1,insufficient_clean_context,insufficient_clean_context,NaN,NaN,0,0
FB2312-baseline-awake,18,0.02,15,sine_squared,25,0,construction_unavailable,construction_unavailable,NaN,NaN,0,0
FB2312-baseline-awake,18,0.02,30,linear,10,1,insufficient_clean_context,insufficient_clean_context,NaN,NaN,0,0
FB2312-baseline-awake,18,0.02,30,linear,25,0,construction_unavailable,construction_unavailable,NaN,NaN,0,0
FB2312-baseline-awake,18,0.02,30,sine_squared,10,1,insufficient_clean_context,insufficient_clean_context,NaN,NaN,0,0
FB2312-baseline-awake,18,0.02,30,sine_squared,25,0,construction_unavailable,construction_unavailable,NaN,NaN,0,0
FB2312-baseline-awake,18,0.05,5,linear,10,1,insufficient_clean_context,insufficient_clean_context,NaN,NaN,0,0
FB2312-baseline-awake,18,0.05,5,linear,25,0,construction_unavailable,construction_unavailable,NaN,NaN,0,0
FB2312-baseline-awake,18,0.05,5,sine_squared,10,1,insufficient_clean_context,insufficient_clean_context,NaN,NaN,0,0
FB2312-baseline-awake,18,0.05,5,sine_squared,25,0,construction_unavailable,construction_unavailable,NaN,NaN,0,0
FB2312-baseline-awake,18,0.05,15,linear,10,1,insufficient_clean_context,insufficient_clean_context,NaN,NaN,0,0
FB2312-baseline-awake,18,0.05,15,linear,25,0,construction_unavailable,construction_unavailable,NaN,NaN,0,0
FB2312-baseline-awake,18,0.05,15,sine_squared,10,1,insufficient_clean_context,insufficient_clean_context,NaN,NaN,0,0
FB2312-baseline-awake,18,0.05,15,sine_squared,25,0,construction_unavailable,construction_unavailable,NaN,NaN,0,0
FB2312-baseline-awake,18,0.05,30,linear,10,1,insufficient_clean_context,insufficient_clean_context,NaN,NaN,0,0
FB2312-baseline-awake,18,0.05,30,linear,25,0,construction_unavailable,construction_unavailable,NaN,NaN,0,0
FB2312-baseline-awake,18,0.05,30,sine_squared,10,1,insufficient_clean_context,insufficient_clean_context,NaN,NaN,0,0
FB2312-baseline-awake,18,0.05,30,sine_squared,25,0,construction_unavailable,construction_unavailable,NaN,NaN,0,0
FB2312-baseline-awake,18,0.1,5,linear,10,1,insufficient_clean_context,insufficient_clean_context,NaN,NaN,0,0
FB2312-baseline-awake,18,0.1,5,linear,25,0,construction_unavailable,construction_unavailable,NaN,NaN,0,0
FB2312-baseline-awake,18,0.1,5,sine_squared,10,1,insufficient_clean_context,insufficient_clean_context,NaN,NaN,0,0
FB2312-baseline-awake,18,0.1,5,sine_squared,25,0,construction_unavailable,construction_unavailable,NaN,NaN,0,0
FB2312-baseline-awake,18,0.1,15,linear,10,1,insufficient_clean_context,insufficient_clean_context,NaN,NaN,0,0
FB2312-baseline-awake,18,0.1,15,linear,25,0,construction_unavailable,construction_unavailable,NaN,NaN,0,0
FB2312-baseline-awake,18,0.1,15,sine_squared,10,1,insufficient_clean_context,insufficient_clean_context,NaN,NaN,0,0
FB2312-baseline-awake,18,0.1,15,sine_squared,25,0,construction_unavailable,construction_unavailable,NaN,NaN,0,0
FB2312-baseline-awake,18,0.1,30,linear,10,1,insufficient_clean_context,insufficient_clean_context,NaN,NaN,0,0
FB2312-baseline-awake,18,0.1,30,linear,25,0,construction_unavailable,construction_unavailable,NaN,NaN,0,0
FB2312-baseline-awake,18,0.1,30,sine_squared,10,1,insufficient_clean_context,insufficient_clean_context,NaN,NaN,0,0
FB2312-baseline-awake,18,0.1,30,sine_squared,25,0,construction_unavailable,construction_unavailable,NaN,NaN,0,0
FB2312-baseline-awake,18,0.2,5,linear,10,1,insufficient_clean_context,insufficient_clean_context,NaN,NaN,0,0
FB2312-baseline-awake,18,0.2,5,linear,25,0,construction_unavailable,construction_unavailable,NaN,NaN,0,0
FB2312-baseline-awake,18,0.2,5,sine_squared,10,1,insufficient_clean_context,insufficient_clean_context,NaN,NaN,0,0
FB2312-baseline-awake,18,0.2,5,sine_squared,25,0,construction_unavailable,construction_unavailable,NaN,NaN,0,0
FB2312-baseline-awake,18,0.2,15,linear,10,1,insufficient_clean_context,insufficient_clean_context,NaN,NaN,0,0
FB2312-baseline-awake,18,0.2,15,linear,25,0,construction_unavailable,construction_unavailable,NaN,NaN,0,0
FB2312-baseline-awake,18,0.2,15,sine_squared,10,1,insufficient_clean_context,insufficient_clean_context,NaN,NaN,0,0
FB2312-baseline-awake,18,0.2,15,sine_squared,25,0,construction_unavailable,construction_unavailable,NaN,NaN,0,0
FB2312-baseline-awake,18,0.2,30,linear,10,1,insufficient_clean_context,insufficient_clean_context,NaN,NaN,0,0
FB2312-baseline-awake,18,0.2,30,linear,25,0,construction_unavailable,construction_unavailable,NaN,NaN,0,0
FB2312-baseline-awake,18,0.2,30,sine_squared,10,1,insufficient_clean_context,insufficient_clean_context,NaN,NaN,0,0
FB2312-baseline-awake,18,0.2,30,sine_squared,25,0,construction_unavailable,construction_unavailable,NaN,NaN,0,0
FB2312-baseline-awake,19,0.02,5,linear,10,1,insufficient_clean_context,insufficient_clean_context,NaN,NaN,0,0
FB2312-baseline-awake,19,0.02,5,linear,25,1,insufficient_clean_context,insufficient_clean_context,NaN,NaN,0,0
FB2312-baseline-awake,19,0.02,5,sine_squared,10,1,insufficient_clean_context,insufficient_clean_context,NaN,NaN,0,0
FB2312-baseline-awake,19,0.02,5,sine_squared,25,1,insufficient_clean_context,insufficient_clean_context,NaN,NaN,0,0
FB2312-baseline-awake,19,0.02,15,linear,10,1,insufficient_clean_context,insufficient_clean_context,NaN,NaN,0,0
FB2312-baseline-awake,19,0.02,15,linear,25,1,insufficient_clean_context,insufficient_clean_context,NaN,NaN,0,0
FB2312-baseline-awake,19,0.02,15,sine_squared,10,1,insufficient_clean_context,insufficient_clean_context,NaN,NaN,0,0
FB2312-baseline-awake,19,0.02,15,sine_squared,25,1,insufficient_clean_context,insufficient_clean_context,NaN,NaN,0,0
FB2312-baseline-awake,19,0.02,30,linear,10,1,insufficient_clean_context,insufficient_clean_context,NaN,NaN,0,0
FB2312-baseline-awake,19,0.02,30,linear,25,1,insufficient_clean_context,insufficient_clean_context,NaN,NaN,0,0
FB2312-baseline-awake,19,0.02,30,sine_squared,10,1,insufficient_clean_context,insufficient_clean_context,NaN,NaN,0,0
FB2312-baseline-awake,19,0.02,30,sine_squared,25,1,insufficient_clean_context,insufficient_clean_context,NaN,NaN,0,0
FB2312-baseline-awake,19,0.05,5,linear,10,1,insufficient_clean_context,insufficient_clean_context,NaN,NaN,0,0
FB2312-baseline-awake,19,0.05,5,linear,25,1,insufficient_clean_context,insufficient_clean_context,NaN,NaN,0,0
FB2312-baseline-awake,19,0.05,5,sine_squared,10,1,insufficient_clean_context,insufficient_clean_context,NaN,NaN,0,0
FB2312-baseline-awake,19,0.05,5,sine_squared,25,1,insufficient_clean_context,insufficient_clean_context,NaN,NaN,0,0
FB2312-baseline-awake,19,0.05,15,linear,10,1,insufficient_clean_context,insufficient_clean_context,NaN,NaN,0,0
FB2312-baseline-awake,19,0.05,15,linear,25,1,insufficient_clean_context,insufficient_clean_context,NaN,NaN,0,0
FB2312-baseline-awake,19,0.05,15,sine_squared,10,1,insufficient_clean_context,insufficient_clean_context,NaN,NaN,0,0
FB2312-baseline-awake,19,0.05,15,sine_squared,25,1,insufficient_clean_context,insufficient_clean_context,NaN,NaN,0,0
FB2312-baseline-awake,19,0.05,30,linear,10,1,insufficient_clean_context,insufficient_clean_context,NaN,NaN,0,0
FB2312-baseline-awake,19,0.05,30,linear,25,1,insufficient_clean_context,insufficient_clean_context,NaN,NaN,0,0
FB2312-baseline-awake,19,0.05,30,sine_squared,10,1,insufficient_clean_context,insufficient_clean_context,NaN,NaN,0,0
FB2312-baseline-awake,19,0.05,30,sine_squared,25,1,insufficient_clean_context,insufficient_clean_context,NaN,NaN,0,0
FB2312-baseline-awake,19,0.1,5,linear,10,1,insufficient_clean_context,insufficient_clean_context,NaN,NaN,0,0
FB2312-baseline-awake,19,0.1,5,linear,25,1,insufficient_clean_context,insufficient_clean_context,NaN,NaN,0,0
FB2312-baseline-awake,19,0.1,5,sine_squared,10,1,insufficient_clean_context,insufficient_clean_context,NaN,NaN,0,0
FB2312-baseline-awake,19,0.1,5,sine_squared,25,1,insufficient_clean_context,insufficient_clean_context,NaN,NaN,0,0
FB2312-baseline-awake,19,0.1,15,linear,10,1,insufficient_clean_context,insufficient_clean_context,NaN,NaN,0,0
FB2312-baseline-awake,19,0.1,15,linear,25,1,insufficient_clean_context,insufficient_clean_context,NaN,NaN,0,0
FB2312-baseline-awake,19,0.1,15,sine_squared,10,1,insufficient_clean_context,insufficient_clean_context,NaN,NaN,0,0
FB2312-baseline-awake,19,0.1,15,sine_squared,25,1,insufficient_clean_context,insufficient_clean_context,NaN,NaN,0,0
FB2312-baseline-awake,19,0.1,30,linear,10,1,insufficient_clean_context,insufficient_clean_context,NaN,NaN,0,0
FB2312-baseline-awake,19,0.1,30,linear,25,1,insufficient_clean_context,insufficient_clean_context,NaN,NaN,0,0
FB2312-baseline-awake,19,0.1,30,sine_squared,10,1,insufficient_clean_context,insufficient_clean_context,NaN,NaN,0,0
FB2312-baseline-awake,19,0.1,30,sine_squared,25,1,insufficient_clean_context,insufficient_clean_context,NaN,NaN,0,0
FB2312-baseline-awake,19,0.2,5,linear,10,1,insufficient_clean_context,insufficient_clean_context,NaN,NaN,0,0
FB2312-baseline-awake,19,0.2,5,linear,25,1,insufficient_clean_context,insufficient_clean_context,NaN,NaN,0,0
FB2312-baseline-awake,19,0.2,5,sine_squared,10,1,insufficient_clean_context,insufficient_clean_context,NaN,NaN,0,0
FB2312-baseline-awake,19,0.2,5,sine_squared,25,1,insufficient_clean_context,insufficient_clean_context,NaN,NaN,0,0
FB2312-baseline-awake,19,0.2,15,linear,10,1,insufficient_clean_context,insufficient_clean_context,NaN,NaN,0,0
FB2312-baseline-awake,19,0.2,15,linear,25,1,insufficient_clean_context,insufficient_clean_context,NaN,NaN,0,0
FB2312-baseline-awake,19,0.2,15,sine_squared,10,1,insufficient_clean_context,insufficient_clean_context,NaN,NaN,0,0
FB2312-baseline-awake,19,0.2,15,sine_squared,25,1,insufficient_clean_context,insufficient_clean_context,NaN,NaN,0,0
FB2312-baseline-awake,19,0.2,30,linear,10,1,insufficient_clean_context,insufficient_clean_context,NaN,NaN,0,0
FB2312-baseline-awake,19,0.2,30,linear,25,1,insufficient_clean_context,insufficient_clean_context,NaN,NaN,0,0
FB2312-baseline-awake,19,0.2,30,sine_squared,10,1,insufficient_clean_context,insufficient_clean_context,NaN,NaN,0,0
FB2312-baseline-awake,19,0.2,30,sine_squared,25,1,insufficient_clean_context,insufficient_clean_context,NaN,NaN,0,0
FB2312-baseline-awake,20,0.02,5,linear,10,1,insufficient_improvement,insufficient_improvement,NaN,NaN,0,0
FB2312-baseline-awake,20,0.02,5,linear,25,1,insufficient_improvement,insufficient_improvement,NaN,NaN,0,0
FB2312-baseline-awake,20,0.02,5,sine_squared,10,1,insufficient_improvement,insufficient_improvement,NaN,NaN,0,0
FB2312-baseline-awake,20,0.02,5,sine_squared,25,1,insufficient_improvement,insufficient_improvement,NaN,NaN,0,0
FB2312-baseline-awake,20,0.02,15,linear,10,1,insufficient_improvement,insufficient_improvement,NaN,NaN,0,0
FB2312-baseline-awake,20,0.02,15,linear,25,1,insufficient_improvement,insufficient_improvement,NaN,NaN,0,0
FB2312-baseline-awake,20,0.02,15,sine_squared,10,1,insufficient_improvement,insufficient_improvement,NaN,NaN,0,0
FB2312-baseline-awake,20,0.02,15,sine_squared,25,1,insufficient_improvement,insufficient_improvement,NaN,NaN,0,0
FB2312-baseline-awake,20,0.02,30,linear,10,1,insufficient_improvement,insufficient_improvement,NaN,NaN,0,0
FB2312-baseline-awake,20,0.02,30,linear,25,1,insufficient_improvement,insufficient_improvement,NaN,NaN,0,0
FB2312-baseline-awake,20,0.02,30,sine_squared,10,1,insufficient_improvement,insufficient_improvement,NaN,NaN,0,0
FB2312-baseline-awake,20,0.02,30,sine_squared,25,1,insufficient_improvement,insufficient_improvement,NaN,NaN,0,0
FB2312-baseline-awake,20,0.05,5,linear,10,1,resolved,insufficient_improvement,1,NaN,1,0
FB2312-baseline-awake,20,0.05,5,linear,25,1,insufficient_improvement,insufficient_improvement,NaN,NaN,0,0
FB2312-baseline-awake,20,0.05,5,sine_squared,10,1,resolved,insufficient_improvement,1,NaN,1,0
FB2312-baseline-awake,20,0.05,5,sine_squared,25,1,insufficient_improvement,insufficient_improvement,NaN,NaN,0,0
FB2312-baseline-awake,20,0.05,15,linear,10,1,resolved,insufficient_improvement,2,NaN,1,0
FB2312-baseline-awake,20,0.05,15,linear,25,1,insufficient_improvement,insufficient_improvement,NaN,NaN,0,0
FB2312-baseline-awake,20,0.05,15,sine_squared,10,1,resolved,insufficient_improvement,2,NaN,1,0
FB2312-baseline-awake,20,0.05,15,sine_squared,25,1,insufficient_improvement,insufficient_improvement,NaN,NaN,0,0
FB2312-baseline-awake,20,0.05,30,linear,10,1,insufficient_improvement,insufficient_improvement,NaN,NaN,0,0
FB2312-baseline-awake,20,0.05,30,linear,25,1,insufficient_improvement,insufficient_improvement,NaN,NaN,0,0
FB2312-baseline-awake,20,0.05,30,sine_squared,10,1,insufficient_improvement,insufficient_improvement,NaN,NaN,0,0
FB2312-baseline-awake,20,0.05,30,sine_squared,25,1,resolved,insufficient_improvement,17,NaN,0,0
FB2312-baseline-awake,20,0.1,5,linear,10,1,resolved,resolved,-1,3,1,1
FB2312-baseline-awake,20,0.1,5,linear,25,1,insufficient_improvement,resolved,NaN,-5,0,1
FB2312-baseline-awake,20,0.1,5,sine_squared,10,1,resolved,resolved,-1,3,1,1
FB2312-baseline-awake,20,0.1,5,sine_squared,25,1,insufficient_improvement,resolved,NaN,-5,0,1
FB2312-baseline-awake,20,0.1,15,linear,10,1,resolved,resolved,2,2,1,1
FB2312-baseline-awake,20,0.1,15,linear,25,1,resolved,insufficient_improvement,-8,NaN,0,0
FB2312-baseline-awake,20,0.1,15,sine_squared,10,1,resolved,resolved,2,2,1,1
FB2312-baseline-awake,20,0.1,15,sine_squared,25,1,resolved,insufficient_improvement,-8,NaN,0,0
FB2312-baseline-awake,20,0.1,30,linear,10,1,resolved,insufficient_improvement,2,NaN,1,0
FB2312-baseline-awake,20,0.1,30,linear,25,1,resolved,insufficient_improvement,16,NaN,0,0
FB2312-baseline-awake,20,0.1,30,sine_squared,10,1,resolved,insufficient_improvement,3,NaN,1,0
FB2312-baseline-awake,20,0.1,30,sine_squared,25,1,resolved,resolved,15,18,0,0
FB2312-baseline-awake,20,0.2,5,linear,10,1,resolved,resolved,-2,1,1,1
FB2312-baseline-awake,20,0.2,5,linear,25,1,not_a_rising_change,resolved,NaN,-4,0,1
FB2312-baseline-awake,20,0.2,5,sine_squared,10,1,resolved,resolved,-2,1,1,1
FB2312-baseline-awake,20,0.2,5,sine_squared,25,1,not_a_rising_change,resolved,NaN,-4,0,1
FB2312-baseline-awake,20,0.2,15,linear,10,1,resolved,resolved,2,2,1,1
FB2312-baseline-awake,20,0.2,15,linear,25,1,resolved,resolved,-7,-5,0,1
FB2312-baseline-awake,20,0.2,15,sine_squared,10,1,resolved,resolved,2,2,1,1
FB2312-baseline-awake,20,0.2,15,sine_squared,25,1,resolved,resolved,-6,-5,0,1
FB2312-baseline-awake,20,0.2,30,linear,10,1,resolved,resolved,2,2,1,1
FB2312-baseline-awake,20,0.2,30,linear,25,1,resolved,broad_profile_unresolved,11,NaN,0,0
FB2312-baseline-awake,20,0.2,30,sine_squared,10,1,resolved,resolved,3,3,1,1
FB2312-baseline-awake,20,0.2,30,sine_squared,25,1,resolved,resolved,10,11,0,0
FB2312-baseline-awake,21,0.02,5,linear,10,1,insufficient_improvement,insufficient_improvement,NaN,NaN,0,0
FB2312-baseline-awake,21,0.02,5,linear,25,1,insufficient_improvement,insufficient_improvement,NaN,NaN,0,0
FB2312-baseline-awake,21,0.02,5,sine_squared,10,1,insufficient_improvement,insufficient_improvement,NaN,NaN,0,0
FB2312-baseline-awake,21,0.02,5,sine_squared,25,1,insufficient_improvement,insufficient_improvement,NaN,NaN,0,0
FB2312-baseline-awake,21,0.02,15,linear,10,1,insufficient_improvement,insufficient_improvement,NaN,NaN,0,0
FB2312-baseline-awake,21,0.02,15,linear,25,1,insufficient_improvement,insufficient_improvement,NaN,NaN,0,0
FB2312-baseline-awake,21,0.02,15,sine_squared,10,1,insufficient_improvement,insufficient_improvement,NaN,NaN,0,0
FB2312-baseline-awake,21,0.02,15,sine_squared,25,1,insufficient_improvement,insufficient_improvement,NaN,NaN,0,0
FB2312-baseline-awake,21,0.02,30,linear,10,1,insufficient_improvement,insufficient_improvement,NaN,NaN,0,0
FB2312-baseline-awake,21,0.02,30,linear,25,1,insufficient_improvement,insufficient_improvement,NaN,NaN,0,0
FB2312-baseline-awake,21,0.02,30,sine_squared,10,1,insufficient_improvement,insufficient_improvement,NaN,NaN,0,0
FB2312-baseline-awake,21,0.02,30,sine_squared,25,1,insufficient_improvement,insufficient_improvement,NaN,NaN,0,0
FB2312-baseline-awake,21,0.05,5,linear,10,1,insufficient_improvement,insufficient_improvement,NaN,NaN,0,0
FB2312-baseline-awake,21,0.05,5,linear,25,1,insufficient_improvement,insufficient_improvement,NaN,NaN,0,0
FB2312-baseline-awake,21,0.05,5,sine_squared,10,1,insufficient_improvement,insufficient_improvement,NaN,NaN,0,0
FB2312-baseline-awake,21,0.05,5,sine_squared,25,1,insufficient_improvement,insufficient_improvement,NaN,NaN,0,0
FB2312-baseline-awake,21,0.05,15,linear,10,1,resolved,insufficient_improvement,8,NaN,0,0
FB2312-baseline-awake,21,0.05,15,linear,25,1,insufficient_improvement,insufficient_improvement,NaN,NaN,0,0
FB2312-baseline-awake,21,0.05,15,sine_squared,10,1,resolved,insufficient_improvement,8,NaN,0,0
FB2312-baseline-awake,21,0.05,15,sine_squared,25,1,insufficient_improvement,insufficient_improvement,NaN,NaN,0,0
FB2312-baseline-awake,21,0.05,30,linear,10,1,insufficient_improvement,insufficient_improvement,NaN,NaN,0,0
FB2312-baseline-awake,21,0.05,30,linear,25,1,insufficient_improvement,insufficient_improvement,NaN,NaN,0,0
FB2312-baseline-awake,21,0.05,30,sine_squared,10,1,resolved,insufficient_improvement,9,NaN,0,0
FB2312-baseline-awake,21,0.05,30,sine_squared,25,1,insufficient_improvement,insufficient_improvement,NaN,NaN,0,0
FB2312-baseline-awake,21,0.1,5,linear,10,1,resolved,resolved,0,0,1,1
FB2312-baseline-awake,21,0.1,5,linear,25,1,insufficient_improvement,insufficient_improvement,NaN,NaN,0,0
FB2312-baseline-awake,21,0.1,5,sine_squared,10,1,resolved,insufficient_improvement,0,NaN,1,0
FB2312-baseline-awake,21,0.1,5,sine_squared,25,1,insufficient_improvement,insufficient_improvement,NaN,NaN,0,0
FB2312-baseline-awake,21,0.1,15,linear,10,1,resolved,resolved,8,8,0,0
FB2312-baseline-awake,21,0.1,15,linear,25,1,insufficient_improvement,insufficient_improvement,NaN,NaN,0,0
FB2312-baseline-awake,21,0.1,15,sine_squared,10,1,resolved,resolved,7,8,0,0
FB2312-baseline-awake,21,0.1,15,sine_squared,25,1,insufficient_improvement,insufficient_improvement,NaN,NaN,0,0
FB2312-baseline-awake,21,0.1,30,linear,10,1,resolved,insufficient_improvement,8,NaN,0,0
FB2312-baseline-awake,21,0.1,30,linear,25,1,resolved,insufficient_improvement,23,NaN,0,0
FB2312-baseline-awake,21,0.1,30,sine_squared,10,1,resolved,insufficient_improvement,8,NaN,0,0
FB2312-baseline-awake,21,0.1,30,sine_squared,25,1,resolved,insufficient_improvement,23,NaN,0,0
FB2312-baseline-awake,21,0.2,5,linear,10,1,resolved,resolved,-1,-1,1,1
FB2312-baseline-awake,21,0.2,5,linear,25,1,not_a_rising_change,resolved,NaN,4,0,1
FB2312-baseline-awake,21,0.2,5,sine_squared,10,1,resolved,resolved,-1,0,1,1
FB2312-baseline-awake,21,0.2,5,sine_squared,25,1,not_a_rising_change,resolved,NaN,2,0,1
FB2312-baseline-awake,21,0.2,15,linear,10,1,resolved,resolved,6,-1,0,1
FB2312-baseline-awake,21,0.2,15,linear,25,1,insufficient_improvement,insufficient_improvement,NaN,NaN,0,0
FB2312-baseline-awake,21,0.2,15,sine_squared,10,1,resolved,resolved,6,5,0,1
FB2312-baseline-awake,21,0.2,15,sine_squared,25,1,insufficient_improvement,resolved,NaN,7,0,0
FB2312-baseline-awake,21,0.2,30,linear,10,1,resolved,resolved,8,8,0,0
FB2312-baseline-awake,21,0.2,30,linear,25,1,resolved,insufficient_improvement,23,NaN,0,0
FB2312-baseline-awake,21,0.2,30,sine_squared,10,1,resolved,resolved,8,8,0,0
FB2312-baseline-awake,21,0.2,30,sine_squared,25,1,resolved,resolved,6,3,0,1
FB2312-baseline-awake,22,0.02,5,linear,10,1,insufficient_improvement,insufficient_improvement,NaN,NaN,0,0
FB2312-baseline-awake,22,0.02,5,linear,25,1,insufficient_improvement,insufficient_improvement,NaN,NaN,0,0
FB2312-baseline-awake,22,0.02,5,sine_squared,10,1,insufficient_improvement,insufficient_improvement,NaN,NaN,0,0
FB2312-baseline-awake,22,0.02,5,sine_squared,25,1,insufficient_improvement,insufficient_improvement,NaN,NaN,0,0
FB2312-baseline-awake,22,0.02,15,linear,10,1,insufficient_improvement,insufficient_improvement,NaN,NaN,0,0
FB2312-baseline-awake,22,0.02,15,linear,25,1,insufficient_improvement,insufficient_improvement,NaN,NaN,0,0
FB2312-baseline-awake,22,0.02,15,sine_squared,10,1,insufficient_improvement,insufficient_improvement,NaN,NaN,0,0
FB2312-baseline-awake,22,0.02,15,sine_squared,25,1,insufficient_improvement,insufficient_improvement,NaN,NaN,0,0
FB2312-baseline-awake,22,0.02,30,linear,10,1,insufficient_improvement,insufficient_improvement,NaN,NaN,0,0
FB2312-baseline-awake,22,0.02,30,linear,25,1,insufficient_improvement,insufficient_improvement,NaN,NaN,0,0
FB2312-baseline-awake,22,0.02,30,sine_squared,10,1,insufficient_improvement,insufficient_improvement,NaN,NaN,0,0
FB2312-baseline-awake,22,0.02,30,sine_squared,25,1,insufficient_improvement,insufficient_improvement,NaN,NaN,0,0
FB2312-baseline-awake,22,0.05,5,linear,10,1,insufficient_improvement,insufficient_improvement,NaN,NaN,0,0
FB2312-baseline-awake,22,0.05,5,linear,25,1,insufficient_improvement,insufficient_improvement,NaN,NaN,0,0
FB2312-baseline-awake,22,0.05,5,sine_squared,10,1,insufficient_improvement,insufficient_improvement,NaN,NaN,0,0
FB2312-baseline-awake,22,0.05,5,sine_squared,25,1,insufficient_improvement,insufficient_improvement,NaN,NaN,0,0
FB2312-baseline-awake,22,0.05,15,linear,10,1,search_boundary_unresolved,insufficient_improvement,NaN,NaN,0,0
FB2312-baseline-awake,22,0.05,15,linear,25,1,insufficient_improvement,insufficient_improvement,NaN,NaN,0,0
FB2312-baseline-awake,22,0.05,15,sine_squared,10,1,search_boundary_unresolved,insufficient_improvement,NaN,NaN,0,0
FB2312-baseline-awake,22,0.05,15,sine_squared,25,1,insufficient_improvement,insufficient_improvement,NaN,NaN,0,0
FB2312-baseline-awake,22,0.05,30,linear,10,1,insufficient_improvement,insufficient_improvement,NaN,NaN,0,0
FB2312-baseline-awake,22,0.05,30,linear,25,1,insufficient_improvement,insufficient_improvement,NaN,NaN,0,0
FB2312-baseline-awake,22,0.05,30,sine_squared,10,1,insufficient_improvement,insufficient_improvement,NaN,NaN,0,0
FB2312-baseline-awake,22,0.05,30,sine_squared,25,1,insufficient_improvement,insufficient_improvement,NaN,NaN,0,0
FB2312-baseline-awake,22,0.1,5,linear,10,1,resolved,insufficient_improvement,-2,NaN,1,0
FB2312-baseline-awake,22,0.1,5,linear,25,1,insufficient_improvement,insufficient_improvement,NaN,NaN,0,0
FB2312-baseline-awake,22,0.1,5,sine_squared,10,1,resolved,insufficient_improvement,-2,NaN,1,0
FB2312-baseline-awake,22,0.1,5,sine_squared,25,1,insufficient_improvement,insufficient_improvement,NaN,NaN,0,0
FB2312-baseline-awake,22,0.1,15,linear,10,1,search_boundary_unresolved,insufficient_improvement,NaN,NaN,0,0
FB2312-baseline-awake,22,0.1,15,linear,25,1,insufficient_improvement,insufficient_improvement,NaN,NaN,0,0
FB2312-baseline-awake,22,0.1,15,sine_squared,10,1,search_boundary_unresolved,insufficient_improvement,NaN,NaN,0,0
FB2312-baseline-awake,22,0.1,15,sine_squared,25,1,insufficient_improvement,insufficient_improvement,NaN,NaN,0,0
FB2312-baseline-awake,22,0.1,30,linear,10,1,search_boundary_unresolved,insufficient_improvement,NaN,NaN,0,0
FB2312-baseline-awake,22,0.1,30,linear,25,1,insufficient_improvement,insufficient_improvement,NaN,NaN,0,0
FB2312-baseline-awake,22,0.1,30,sine_squared,10,1,search_boundary_unresolved,insufficient_improvement,NaN,NaN,0,0
FB2312-baseline-awake,22,0.1,30,sine_squared,25,1,insufficient_improvement,insufficient_improvement,NaN,NaN,0,0
FB2312-baseline-awake,22,0.2,5,linear,10,1,resolved,resolved,-2,-1,1,1
FB2312-baseline-awake,22,0.2,5,linear,25,1,insufficient_improvement,insufficient_improvement,NaN,NaN,0,0
FB2312-baseline-awake,22,0.2,5,sine_squared,10,1,resolved,resolved,-2,-1,1,1
FB2312-baseline-awake,22,0.2,5,sine_squared,25,1,insufficient_improvement,insufficient_improvement,NaN,NaN,0,0
FB2312-baseline-awake,22,0.2,15,linear,10,1,resolved,search_boundary_unresolved,-1,NaN,1,0
FB2312-baseline-awake,22,0.2,15,linear,25,1,insufficient_improvement,insufficient_improvement,NaN,NaN,0,0
FB2312-baseline-awake,22,0.2,15,sine_squared,10,1,resolved,search_boundary_unresolved,-1,NaN,1,0
FB2312-baseline-awake,22,0.2,15,sine_squared,25,1,insufficient_improvement,insufficient_improvement,NaN,NaN,0,0
FB2312-baseline-awake,22,0.2,30,linear,10,1,search_boundary_unresolved,insufficient_improvement,NaN,NaN,0,0
FB2312-baseline-awake,22,0.2,30,linear,25,1,insufficient_improvement,insufficient_improvement,NaN,NaN,0,0
FB2312-baseline-awake,22,0.2,30,sine_squared,10,1,search_boundary_unresolved,insufficient_improvement,NaN,NaN,0,0
FB2312-baseline-awake,22,0.2,30,sine_squared,25,1,resolved,insufficient_improvement,13,NaN,0,0
FB2312-baseline-awake,23,0.02,5,linear,10,1,insufficient_clean_context,insufficient_clean_context,NaN,NaN,0,0
FB2312-baseline-awake,23,0.02,5,linear,25,1,insufficient_clean_context,insufficient_clean_context,NaN,NaN,0,0
FB2312-baseline-awake,23,0.02,5,sine_squared,10,1,insufficient_clean_context,insufficient_clean_context,NaN,NaN,0,0
FB2312-baseline-awake,23,0.02,5,sine_squared,25,1,insufficient_clean_context,insufficient_clean_context,NaN,NaN,0,0
FB2312-baseline-awake,23,0.02,15,linear,10,1,insufficient_clean_context,insufficient_clean_context,NaN,NaN,0,0
FB2312-baseline-awake,23,0.02,15,linear,25,1,insufficient_clean_context,insufficient_clean_context,NaN,NaN,0,0
FB2312-baseline-awake,23,0.02,15,sine_squared,10,1,insufficient_clean_context,insufficient_clean_context,NaN,NaN,0,0
FB2312-baseline-awake,23,0.02,15,sine_squared,25,1,insufficient_clean_context,insufficient_clean_context,NaN,NaN,0,0
FB2312-baseline-awake,23,0.02,30,linear,10,1,insufficient_clean_context,insufficient_clean_context,NaN,NaN,0,0
FB2312-baseline-awake,23,0.02,30,linear,25,1,insufficient_clean_context,insufficient_clean_context,NaN,NaN,0,0
FB2312-baseline-awake,23,0.02,30,sine_squared,10,1,insufficient_clean_context,insufficient_clean_context,NaN,NaN,0,0
FB2312-baseline-awake,23,0.02,30,sine_squared,25,1,insufficient_clean_context,insufficient_clean_context,NaN,NaN,0,0
FB2312-baseline-awake,23,0.05,5,linear,10,1,insufficient_clean_context,insufficient_clean_context,NaN,NaN,0,0
FB2312-baseline-awake,23,0.05,5,linear,25,1,insufficient_clean_context,insufficient_clean_context,NaN,NaN,0,0
FB2312-baseline-awake,23,0.05,5,sine_squared,10,1,insufficient_clean_context,insufficient_clean_context,NaN,NaN,0,0
FB2312-baseline-awake,23,0.05,5,sine_squared,25,1,insufficient_clean_context,insufficient_clean_context,NaN,NaN,0,0
FB2312-baseline-awake,23,0.05,15,linear,10,1,insufficient_clean_context,insufficient_clean_context,NaN,NaN,0,0
FB2312-baseline-awake,23,0.05,15,linear,25,1,insufficient_clean_context,insufficient_clean_context,NaN,NaN,0,0
FB2312-baseline-awake,23,0.05,15,sine_squared,10,1,insufficient_clean_context,insufficient_clean_context,NaN,NaN,0,0
FB2312-baseline-awake,23,0.05,15,sine_squared,25,1,insufficient_clean_context,insufficient_clean_context,NaN,NaN,0,0
FB2312-baseline-awake,23,0.05,30,linear,10,1,insufficient_clean_context,insufficient_clean_context,NaN,NaN,0,0
FB2312-baseline-awake,23,0.05,30,linear,25,1,insufficient_clean_context,insufficient_clean_context,NaN,NaN,0,0
FB2312-baseline-awake,23,0.05,30,sine_squared,10,1,insufficient_clean_context,insufficient_clean_context,NaN,NaN,0,0
FB2312-baseline-awake,23,0.05,30,sine_squared,25,1,insufficient_clean_context,insufficient_clean_context,NaN,NaN,0,0
FB2312-baseline-awake,23,0.1,5,linear,10,1,insufficient_clean_context,insufficient_clean_context,NaN,NaN,0,0
FB2312-baseline-awake,23,0.1,5,linear,25,1,insufficient_clean_context,insufficient_clean_context,NaN,NaN,0,0
FB2312-baseline-awake,23,0.1,5,sine_squared,10,1,insufficient_clean_context,insufficient_clean_context,NaN,NaN,0,0
FB2312-baseline-awake,23,0.1,5,sine_squared,25,1,insufficient_clean_context,insufficient_clean_context,NaN,NaN,0,0
FB2312-baseline-awake,23,0.1,15,linear,10,1,insufficient_clean_context,insufficient_clean_context,NaN,NaN,0,0
FB2312-baseline-awake,23,0.1,15,linear,25,1,insufficient_clean_context,insufficient_clean_context,NaN,NaN,0,0
FB2312-baseline-awake,23,0.1,15,sine_squared,10,1,insufficient_clean_context,insufficient_clean_context,NaN,NaN,0,0
FB2312-baseline-awake,23,0.1,15,sine_squared,25,1,insufficient_clean_context,insufficient_clean_context,NaN,NaN,0,0
FB2312-baseline-awake,23,0.1,30,linear,10,1,insufficient_clean_context,insufficient_clean_context,NaN,NaN,0,0
FB2312-baseline-awake,23,0.1,30,linear,25,1,insufficient_clean_context,insufficient_clean_context,NaN,NaN,0,0
FB2312-baseline-awake,23,0.1,30,sine_squared,10,1,insufficient_clean_context,insufficient_clean_context,NaN,NaN,0,0
FB2312-baseline-awake,23,0.1,30,sine_squared,25,1,insufficient_clean_context,insufficient_clean_context,NaN,NaN,0,0
FB2312-baseline-awake,23,0.2,5,linear,10,1,insufficient_clean_context,insufficient_clean_context,NaN,NaN,0,0
FB2312-baseline-awake,23,0.2,5,linear,25,1,insufficient_clean_context,insufficient_clean_context,NaN,NaN,0,0
FB2312-baseline-awake,23,0.2,5,sine_squared,10,1,insufficient_clean_context,insufficient_clean_context,NaN,NaN,0,0
FB2312-baseline-awake,23,0.2,5,sine_squared,25,1,insufficient_clean_context,insufficient_clean_context,NaN,NaN,0,0
FB2312-baseline-awake,23,0.2,15,linear,10,1,insufficient_clean_context,insufficient_clean_context,NaN,NaN,0,0
FB2312-baseline-awake,23,0.2,15,linear,25,1,insufficient_clean_context,insufficient_clean_context,NaN,NaN,0,0
FB2312-baseline-awake,23,0.2,15,sine_squared,10,1,insufficient_clean_context,insufficient_clean_context,NaN,NaN,0,0
FB2312-baseline-awake,23,0.2,15,sine_squared,25,1,insufficient_clean_context,insufficient_clean_context,NaN,NaN,0,0
FB2312-baseline-awake,23,0.2,30,linear,10,1,insufficient_clean_context,insufficient_clean_context,NaN,NaN,0,0
FB2312-baseline-awake,23,0.2,30,linear,25,1,insufficient_clean_context,insufficient_clean_context,NaN,NaN,0,0
FB2312-baseline-awake,23,0.2,30,sine_squared,10,1,insufficient_clean_context,insufficient_clean_context,NaN,NaN,0,0
FB2312-baseline-awake,23,0.2,30,sine_squared,25,1,insufficient_clean_context,insufficient_clean_context,NaN,NaN,0,0
FB2312-baseline-awake,24,0.02,5,linear,10,1,insufficient_clean_context,insufficient_clean_context,NaN,NaN,0,0
FB2312-baseline-awake,24,0.02,5,linear,25,1,insufficient_clean_context,insufficient_clean_context,NaN,NaN,0,0
FB2312-baseline-awake,24,0.02,5,sine_squared,10,1,insufficient_clean_context,insufficient_clean_context,NaN,NaN,0,0
FB2312-baseline-awake,24,0.02,5,sine_squared,25,1,insufficient_clean_context,insufficient_clean_context,NaN,NaN,0,0
FB2312-baseline-awake,24,0.02,15,linear,10,1,insufficient_clean_context,insufficient_clean_context,NaN,NaN,0,0
FB2312-baseline-awake,24,0.02,15,linear,25,1,insufficient_clean_context,insufficient_clean_context,NaN,NaN,0,0
FB2312-baseline-awake,24,0.02,15,sine_squared,10,1,insufficient_clean_context,insufficient_clean_context,NaN,NaN,0,0
FB2312-baseline-awake,24,0.02,15,sine_squared,25,1,insufficient_clean_context,insufficient_clean_context,NaN,NaN,0,0
FB2312-baseline-awake,24,0.02,30,linear,10,1,insufficient_clean_context,insufficient_clean_context,NaN,NaN,0,0
FB2312-baseline-awake,24,0.02,30,linear,25,1,insufficient_clean_context,insufficient_clean_context,NaN,NaN,0,0
FB2312-baseline-awake,24,0.02,30,sine_squared,10,1,insufficient_clean_context,insufficient_clean_context,NaN,NaN,0,0
FB2312-baseline-awake,24,0.02,30,sine_squared,25,1,insufficient_clean_context,insufficient_clean_context,NaN,NaN,0,0
FB2312-baseline-awake,24,0.05,5,linear,10,1,insufficient_clean_context,insufficient_clean_context,NaN,NaN,0,0
FB2312-baseline-awake,24,0.05,5,linear,25,1,insufficient_clean_context,insufficient_clean_context,NaN,NaN,0,0
FB2312-baseline-awake,24,0.05,5,sine_squared,10,1,insufficient_clean_context,insufficient_clean_context,NaN,NaN,0,0
FB2312-baseline-awake,24,0.05,5,sine_squared,25,1,insufficient_clean_context,insufficient_clean_context,NaN,NaN,0,0
FB2312-baseline-awake,24,0.05,15,linear,10,1,insufficient_clean_context,insufficient_clean_context,NaN,NaN,0,0
FB2312-baseline-awake,24,0.05,15,linear,25,1,insufficient_clean_context,insufficient_clean_context,NaN,NaN,0,0
FB2312-baseline-awake,24,0.05,15,sine_squared,10,1,insufficient_clean_context,insufficient_clean_context,NaN,NaN,0,0
FB2312-baseline-awake,24,0.05,15,sine_squared,25,1,insufficient_clean_context,insufficient_clean_context,NaN,NaN,0,0
FB2312-baseline-awake,24,0.05,30,linear,10,1,insufficient_clean_context,insufficient_clean_context,NaN,NaN,0,0
FB2312-baseline-awake,24,0.05,30,linear,25,1,insufficient_clean_context,insufficient_clean_context,NaN,NaN,0,0
FB2312-baseline-awake,24,0.05,30,sine_squared,10,1,insufficient_clean_context,insufficient_clean_context,NaN,NaN,0,0
FB2312-baseline-awake,24,0.05,30,sine_squared,25,1,insufficient_clean_context,insufficient_clean_context,NaN,NaN,0,0
FB2312-baseline-awake,24,0.1,5,linear,10,1,insufficient_clean_context,insufficient_clean_context,NaN,NaN,0,0
FB2312-baseline-awake,24,0.1,5,linear,25,1,insufficient_clean_context,insufficient_clean_context,NaN,NaN,0,0
FB2312-baseline-awake,24,0.1,5,sine_squared,10,1,insufficient_clean_context,insufficient_clean_context,NaN,NaN,0,0
FB2312-baseline-awake,24,0.1,5,sine_squared,25,1,insufficient_clean_context,insufficient_clean_context,NaN,NaN,0,0
FB2312-baseline-awake,24,0.1,15,linear,10,1,insufficient_clean_context,insufficient_clean_context,NaN,NaN,0,0
FB2312-baseline-awake,24,0.1,15,linear,25,1,insufficient_clean_context,insufficient_clean_context,NaN,NaN,0,0
FB2312-baseline-awake,24,0.1,15,sine_squared,10,1,insufficient_clean_context,insufficient_clean_context,NaN,NaN,0,0
FB2312-baseline-awake,24,0.1,15,sine_squared,25,1,insufficient_clean_context,insufficient_clean_context,NaN,NaN,0,0
FB2312-baseline-awake,24,0.1,30,linear,10,1,insufficient_clean_context,insufficient_clean_context,NaN,NaN,0,0
FB2312-baseline-awake,24,0.1,30,linear,25,1,insufficient_clean_context,insufficient_clean_context,NaN,NaN,0,0
FB2312-baseline-awake,24,0.1,30,sine_squared,10,1,insufficient_clean_context,insufficient_clean_context,NaN,NaN,0,0
FB2312-baseline-awake,24,0.1,30,sine_squared,25,1,insufficient_clean_context,insufficient_clean_context,NaN,NaN,0,0
FB2312-baseline-awake,24,0.2,5,linear,10,1,insufficient_clean_context,insufficient_clean_context,NaN,NaN,0,0
FB2312-baseline-awake,24,0.2,5,linear,25,1,insufficient_clean_context,insufficient_clean_context,NaN,NaN,0,0
FB2312-baseline-awake,24,0.2,5,sine_squared,10,1,insufficient_clean_context,insufficient_clean_context,NaN,NaN,0,0
FB2312-baseline-awake,24,0.2,5,sine_squared,25,1,insufficient_clean_context,insufficient_clean_context,NaN,NaN,0,0
FB2312-baseline-awake,24,0.2,15,linear,10,1,insufficient_clean_context,insufficient_clean_context,NaN,NaN,0,0
FB2312-baseline-awake,24,0.2,15,linear,25,1,insufficient_clean_context,insufficient_clean_context,NaN,NaN,0,0
FB2312-baseline-awake,24,0.2,15,sine_squared,10,1,insufficient_clean_context,insufficient_clean_context,NaN,NaN,0,0
FB2312-baseline-awake,24,0.2,15,sine_squared,25,1,insufficient_clean_context,insufficient_clean_context,NaN,NaN,0,0
FB2312-baseline-awake,24,0.2,30,linear,10,1,insufficient_clean_context,insufficient_clean_context,NaN,NaN,0,0
FB2312-baseline-awake,24,0.2,30,linear,25,1,insufficient_clean_context,insufficient_clean_context,NaN,NaN,0,0
FB2312-baseline-awake,24,0.2,30,sine_squared,10,1,insufficient_clean_context,insufficient_clean_context,NaN,NaN,0,0
FB2312-baseline-awake,24,0.2,30,sine_squared,25,1,insufficient_clean_context,insufficient_clean_context,NaN,NaN,0,0
FB2312-baseline-awake,25,0.02,5,linear,10,1,insufficient_improvement,insufficient_improvement,NaN,NaN,0,0
FB2312-baseline-awake,25,0.02,5,linear,25,1,insufficient_improvement,insufficient_improvement,NaN,NaN,0,0
FB2312-baseline-awake,25,0.02,5,sine_squared,10,1,insufficient_improvement,insufficient_improvement,NaN,NaN,0,0
FB2312-baseline-awake,25,0.02,5,sine_squared,25,1,insufficient_improvement,insufficient_improvement,NaN,NaN,0,0
FB2312-baseline-awake,25,0.02,15,linear,10,1,insufficient_improvement,insufficient_improvement,NaN,NaN,0,0
FB2312-baseline-awake,25,0.02,15,linear,25,1,insufficient_improvement,insufficient_improvement,NaN,NaN,0,0
FB2312-baseline-awake,25,0.02,15,sine_squared,10,1,insufficient_improvement,insufficient_improvement,NaN,NaN,0,0
FB2312-baseline-awake,25,0.02,15,sine_squared,25,1,insufficient_improvement,insufficient_improvement,NaN,NaN,0,0
FB2312-baseline-awake,25,0.02,30,linear,10,1,insufficient_improvement,insufficient_improvement,NaN,NaN,0,0
FB2312-baseline-awake,25,0.02,30,linear,25,1,insufficient_improvement,insufficient_improvement,NaN,NaN,0,0
FB2312-baseline-awake,25,0.02,30,sine_squared,10,1,insufficient_improvement,insufficient_improvement,NaN,NaN,0,0
FB2312-baseline-awake,25,0.02,30,sine_squared,25,1,insufficient_improvement,insufficient_improvement,NaN,NaN,0,0
FB2312-baseline-awake,25,0.05,5,linear,10,1,insufficient_improvement,insufficient_improvement,NaN,NaN,0,0
FB2312-baseline-awake,25,0.05,5,linear,25,1,insufficient_improvement,insufficient_improvement,NaN,NaN,0,0
FB2312-baseline-awake,25,0.05,5,sine_squared,10,1,insufficient_improvement,insufficient_improvement,NaN,NaN,0,0
FB2312-baseline-awake,25,0.05,5,sine_squared,25,1,insufficient_improvement,insufficient_improvement,NaN,NaN,0,0
FB2312-baseline-awake,25,0.05,15,linear,10,1,insufficient_improvement,insufficient_improvement,NaN,NaN,0,0
FB2312-baseline-awake,25,0.05,15,linear,25,1,insufficient_improvement,insufficient_improvement,NaN,NaN,0,0
FB2312-baseline-awake,25,0.05,15,sine_squared,10,1,insufficient_improvement,insufficient_improvement,NaN,NaN,0,0
FB2312-baseline-awake,25,0.05,15,sine_squared,25,1,insufficient_improvement,insufficient_improvement,NaN,NaN,0,0
FB2312-baseline-awake,25,0.05,30,linear,10,1,insufficient_improvement,insufficient_improvement,NaN,NaN,0,0
FB2312-baseline-awake,25,0.05,30,linear,25,1,insufficient_improvement,insufficient_improvement,NaN,NaN,0,0
FB2312-baseline-awake,25,0.05,30,sine_squared,10,1,insufficient_improvement,insufficient_improvement,NaN,NaN,0,0
FB2312-baseline-awake,25,0.05,30,sine_squared,25,1,insufficient_improvement,insufficient_improvement,NaN,NaN,0,0
FB2312-baseline-awake,25,0.1,5,linear,10,1,resolved,resolved,-3,1,1,1
FB2312-baseline-awake,25,0.1,5,linear,25,1,insufficient_improvement,insufficient_improvement,NaN,NaN,0,0
FB2312-baseline-awake,25,0.1,5,sine_squared,10,1,resolved,resolved,-3,1,1,1
FB2312-baseline-awake,25,0.1,5,sine_squared,25,1,not_a_rising_change,insufficient_improvement,NaN,NaN,0,0
FB2312-baseline-awake,25,0.1,15,linear,10,1,resolved,insufficient_improvement,-1,NaN,1,0
FB2312-baseline-awake,25,0.1,15,linear,25,1,insufficient_improvement,insufficient_improvement,NaN,NaN,0,0
FB2312-baseline-awake,25,0.1,15,sine_squared,10,1,resolved,insufficient_improvement,-1,NaN,1,0
FB2312-baseline-awake,25,0.1,15,sine_squared,25,1,insufficient_improvement,insufficient_improvement,NaN,NaN,0,0
FB2312-baseline-awake,25,0.1,30,linear,10,1,insufficient_improvement,insufficient_improvement,NaN,NaN,0,0
FB2312-baseline-awake,25,0.1,30,linear,25,1,insufficient_improvement,insufficient_improvement,NaN,NaN,0,0
FB2312-baseline-awake,25,0.1,30,sine_squared,10,1,insufficient_improvement,insufficient_improvement,NaN,NaN,0,0
FB2312-baseline-awake,25,0.1,30,sine_squared,25,1,insufficient_improvement,insufficient_improvement,NaN,NaN,0,0
FB2312-baseline-awake,25,0.2,5,linear,10,1,resolved,resolved,-3,0,1,1
FB2312-baseline-awake,25,0.2,5,linear,25,1,not_a_rising_change,search_boundary_unresolved,NaN,NaN,0,0
FB2312-baseline-awake,25,0.2,5,sine_squared,10,1,resolved,resolved,-3,0,1,1
FB2312-baseline-awake,25,0.2,5,sine_squared,25,1,not_a_rising_change,search_boundary_unresolved,NaN,NaN,0,0
FB2312-baseline-awake,25,0.2,15,linear,10,1,resolved,resolved,-1,0,1,1
FB2312-baseline-awake,25,0.2,15,linear,25,1,insufficient_improvement,insufficient_improvement,NaN,NaN,0,0
FB2312-baseline-awake,25,0.2,15,sine_squared,10,1,resolved,resolved,-1,0,1,1
FB2312-baseline-awake,25,0.2,15,sine_squared,25,1,insufficient_improvement,insufficient_improvement,NaN,NaN,0,0
FB2312-baseline-awake,25,0.2,30,linear,10,1,resolved,insufficient_improvement,-1,NaN,1,0
FB2312-baseline-awake,25,0.2,30,linear,25,1,search_boundary_unresolved,insufficient_improvement,NaN,NaN,0,0
FB2312-baseline-awake,25,0.2,30,sine_squared,10,1,resolved,insufficient_improvement,-1,NaN,1,0
FB2312-baseline-awake,25,0.2,30,sine_squared,25,1,search_boundary_unresolved,resolved,NaN,14,0,0
FB2312-baseline-awake,26,0.02,5,linear,10,1,insufficient_clean_context,insufficient_clean_context,NaN,NaN,0,0
FB2312-baseline-awake,26,0.02,5,linear,25,1,insufficient_clean_context,insufficient_clean_context,NaN,NaN,0,0
FB2312-baseline-awake,26,0.02,5,sine_squared,10,1,insufficient_clean_context,insufficient_clean_context,NaN,NaN,0,0
FB2312-baseline-awake,26,0.02,5,sine_squared,25,1,insufficient_clean_context,insufficient_clean_context,NaN,NaN,0,0
FB2312-baseline-awake,26,0.02,15,linear,10,1,insufficient_clean_context,insufficient_clean_context,NaN,NaN,0,0
FB2312-baseline-awake,26,0.02,15,linear,25,1,insufficient_clean_context,insufficient_clean_context,NaN,NaN,0,0
FB2312-baseline-awake,26,0.02,15,sine_squared,10,1,insufficient_clean_context,insufficient_clean_context,NaN,NaN,0,0
FB2312-baseline-awake,26,0.02,15,sine_squared,25,1,insufficient_clean_context,insufficient_clean_context,NaN,NaN,0,0
FB2312-baseline-awake,26,0.02,30,linear,10,1,insufficient_clean_context,insufficient_clean_context,NaN,NaN,0,0
FB2312-baseline-awake,26,0.02,30,linear,25,1,insufficient_clean_context,insufficient_clean_context,NaN,NaN,0,0
FB2312-baseline-awake,26,0.02,30,sine_squared,10,1,insufficient_clean_context,insufficient_clean_context,NaN,NaN,0,0
FB2312-baseline-awake,26,0.02,30,sine_squared,25,1,insufficient_clean_context,insufficient_clean_context,NaN,NaN,0,0
FB2312-baseline-awake,26,0.05,5,linear,10,1,insufficient_clean_context,insufficient_clean_context,NaN,NaN,0,0
FB2312-baseline-awake,26,0.05,5,linear,25,1,insufficient_clean_context,insufficient_clean_context,NaN,NaN,0,0
FB2312-baseline-awake,26,0.05,5,sine_squared,10,1,insufficient_clean_context,insufficient_clean_context,NaN,NaN,0,0
FB2312-baseline-awake,26,0.05,5,sine_squared,25,1,insufficient_clean_context,insufficient_clean_context,NaN,NaN,0,0
FB2312-baseline-awake,26,0.05,15,linear,10,1,insufficient_clean_context,insufficient_clean_context,NaN,NaN,0,0
FB2312-baseline-awake,26,0.05,15,linear,25,1,insufficient_clean_context,insufficient_clean_context,NaN,NaN,0,0
FB2312-baseline-awake,26,0.05,15,sine_squared,10,1,insufficient_clean_context,insufficient_clean_context,NaN,NaN,0,0
FB2312-baseline-awake,26,0.05,15,sine_squared,25,1,insufficient_clean_context,insufficient_clean_context,NaN,NaN,0,0
FB2312-baseline-awake,26,0.05,30,linear,10,1,insufficient_clean_context,insufficient_clean_context,NaN,NaN,0,0
FB2312-baseline-awake,26,0.05,30,linear,25,1,insufficient_clean_context,insufficient_clean_context,NaN,NaN,0,0
FB2312-baseline-awake,26,0.05,30,sine_squared,10,1,insufficient_clean_context,insufficient_clean_context,NaN,NaN,0,0
FB2312-baseline-awake,26,0.05,30,sine_squared,25,1,insufficient_clean_context,insufficient_clean_context,NaN,NaN,0,0
FB2312-baseline-awake,26,0.1,5,linear,10,1,insufficient_clean_context,insufficient_clean_context,NaN,NaN,0,0
FB2312-baseline-awake,26,0.1,5,linear,25,1,insufficient_clean_context,insufficient_clean_context,NaN,NaN,0,0
FB2312-baseline-awake,26,0.1,5,sine_squared,10,1,insufficient_clean_context,insufficient_clean_context,NaN,NaN,0,0
FB2312-baseline-awake,26,0.1,5,sine_squared,25,1,insufficient_clean_context,insufficient_clean_context,NaN,NaN,0,0
FB2312-baseline-awake,26,0.1,15,linear,10,1,insufficient_clean_context,insufficient_clean_context,NaN,NaN,0,0
FB2312-baseline-awake,26,0.1,15,linear,25,1,insufficient_clean_context,insufficient_clean_context,NaN,NaN,0,0
FB2312-baseline-awake,26,0.1,15,sine_squared,10,1,insufficient_clean_context,insufficient_clean_context,NaN,NaN,0,0
FB2312-baseline-awake,26,0.1,15,sine_squared,25,1,insufficient_clean_context,insufficient_clean_context,NaN,NaN,0,0
FB2312-baseline-awake,26,0.1,30,linear,10,1,insufficient_clean_context,insufficient_clean_context,NaN,NaN,0,0
FB2312-baseline-awake,26,0.1,30,linear,25,1,insufficient_clean_context,insufficient_clean_context,NaN,NaN,0,0
FB2312-baseline-awake,26,0.1,30,sine_squared,10,1,insufficient_clean_context,insufficient_clean_context,NaN,NaN,0,0
FB2312-baseline-awake,26,0.1,30,sine_squared,25,1,insufficient_clean_context,insufficient_clean_context,NaN,NaN,0,0
FB2312-baseline-awake,26,0.2,5,linear,10,1,insufficient_clean_context,insufficient_clean_context,NaN,NaN,0,0
FB2312-baseline-awake,26,0.2,5,linear,25,1,insufficient_clean_context,insufficient_clean_context,NaN,NaN,0,0
FB2312-baseline-awake,26,0.2,5,sine_squared,10,1,insufficient_clean_context,insufficient_clean_context,NaN,NaN,0,0
FB2312-baseline-awake,26,0.2,5,sine_squared,25,1,insufficient_clean_context,insufficient_clean_context,NaN,NaN,0,0
FB2312-baseline-awake,26,0.2,15,linear,10,1,insufficient_clean_context,insufficient_clean_context,NaN,NaN,0,0
FB2312-baseline-awake,26,0.2,15,linear,25,1,insufficient_clean_context,insufficient_clean_context,NaN,NaN,0,0
FB2312-baseline-awake,26,0.2,15,sine_squared,10,1,insufficient_clean_context,insufficient_clean_context,NaN,NaN,0,0
FB2312-baseline-awake,26,0.2,15,sine_squared,25,1,insufficient_clean_context,insufficient_clean_context,NaN,NaN,0,0
FB2312-baseline-awake,26,0.2,30,linear,10,1,insufficient_clean_context,insufficient_clean_context,NaN,NaN,0,0
FB2312-baseline-awake,26,0.2,30,linear,25,1,insufficient_clean_context,insufficient_clean_context,NaN,NaN,0,0
FB2312-baseline-awake,26,0.2,30,sine_squared,10,1,insufficient_clean_context,insufficient_clean_context,NaN,NaN,0,0
FB2312-baseline-awake,26,0.2,30,sine_squared,25,1,insufficient_clean_context,insufficient_clean_context,NaN,NaN,0,0
FB2312-baseline-awake,27,0.02,5,linear,10,1,insufficient_improvement,insufficient_improvement,NaN,NaN,0,0
FB2312-baseline-awake,27,0.02,5,linear,25,1,not_a_rising_change,insufficient_improvement,NaN,NaN,0,0
FB2312-baseline-awake,27,0.02,5,sine_squared,10,1,insufficient_improvement,insufficient_improvement,NaN,NaN,0,0
FB2312-baseline-awake,27,0.02,5,sine_squared,25,1,not_a_rising_change,insufficient_improvement,NaN,NaN,0,0
FB2312-baseline-awake,27,0.02,15,linear,10,1,insufficient_improvement,insufficient_improvement,NaN,NaN,0,0
FB2312-baseline-awake,27,0.02,15,linear,25,1,not_a_rising_change,insufficient_improvement,NaN,NaN,0,0
FB2312-baseline-awake,27,0.02,15,sine_squared,10,1,insufficient_improvement,insufficient_improvement,NaN,NaN,0,0
FB2312-baseline-awake,27,0.02,15,sine_squared,25,1,not_a_rising_change,insufficient_improvement,NaN,NaN,0,0
FB2312-baseline-awake,27,0.02,30,linear,10,1,insufficient_improvement,insufficient_improvement,NaN,NaN,0,0
FB2312-baseline-awake,27,0.02,30,linear,25,1,insufficient_improvement,insufficient_improvement,NaN,NaN,0,0
FB2312-baseline-awake,27,0.02,30,sine_squared,10,1,insufficient_improvement,insufficient_improvement,NaN,NaN,0,0
FB2312-baseline-awake,27,0.02,30,sine_squared,25,1,insufficient_improvement,insufficient_improvement,NaN,NaN,0,0
FB2312-baseline-awake,27,0.05,5,linear,10,1,insufficient_improvement,insufficient_improvement,NaN,NaN,0,0
FB2312-baseline-awake,27,0.05,5,linear,25,1,not_a_rising_change,resolved,NaN,2,0,1
FB2312-baseline-awake,27,0.05,5,sine_squared,10,1,insufficient_improvement,insufficient_improvement,NaN,NaN,0,0
FB2312-baseline-awake,27,0.05,5,sine_squared,25,1,not_a_rising_change,resolved,NaN,2,0,1
FB2312-baseline-awake,27,0.05,15,linear,10,1,insufficient_improvement,insufficient_improvement,NaN,NaN,0,0
FB2312-baseline-awake,27,0.05,15,linear,25,1,insufficient_improvement,insufficient_improvement,NaN,NaN,0,0
FB2312-baseline-awake,27,0.05,15,sine_squared,10,1,insufficient_improvement,insufficient_improvement,NaN,NaN,0,0
FB2312-baseline-awake,27,0.05,15,sine_squared,25,1,insufficient_improvement,insufficient_improvement,NaN,NaN,0,0
FB2312-baseline-awake,27,0.05,30,linear,10,1,insufficient_improvement,insufficient_improvement,NaN,NaN,0,0
FB2312-baseline-awake,27,0.05,30,linear,25,1,insufficient_improvement,insufficient_improvement,NaN,NaN,0,0
FB2312-baseline-awake,27,0.05,30,sine_squared,10,1,insufficient_improvement,insufficient_improvement,NaN,NaN,0,0
FB2312-baseline-awake,27,0.05,30,sine_squared,25,1,insufficient_improvement,insufficient_improvement,NaN,NaN,0,0
FB2312-baseline-awake,27,0.1,5,linear,10,1,insufficient_improvement,insufficient_improvement,NaN,NaN,0,0
FB2312-baseline-awake,27,0.1,5,linear,25,1,not_a_rising_change,resolved,NaN,2,0,1
FB2312-baseline-awake,27,0.1,5,sine_squared,10,1,insufficient_improvement,insufficient_improvement,NaN,NaN,0,0
FB2312-baseline-awake,27,0.1,5,sine_squared,25,1,not_a_rising_change,resolved,NaN,3,0,1
FB2312-baseline-awake,27,0.1,15,linear,10,1,insufficient_improvement,insufficient_improvement,NaN,NaN,0,0
FB2312-baseline-awake,27,0.1,15,linear,25,1,insufficient_improvement,insufficient_improvement,NaN,NaN,0,0
FB2312-baseline-awake,27,0.1,15,sine_squared,10,1,insufficient_improvement,insufficient_improvement,NaN,NaN,0,0
FB2312-baseline-awake,27,0.1,15,sine_squared,25,1,insufficient_improvement,insufficient_improvement,NaN,NaN,0,0
FB2312-baseline-awake,27,0.1,30,linear,10,1,insufficient_improvement,insufficient_improvement,NaN,NaN,0,0
FB2312-baseline-awake,27,0.1,30,linear,25,1,insufficient_improvement,insufficient_improvement,NaN,NaN,0,0
FB2312-baseline-awake,27,0.1,30,sine_squared,10,1,insufficient_improvement,insufficient_improvement,NaN,NaN,0,0
FB2312-baseline-awake,27,0.1,30,sine_squared,25,1,insufficient_improvement,insufficient_improvement,NaN,NaN,0,0
FB2312-baseline-awake,27,0.2,5,linear,10,1,insufficient_improvement,insufficient_improvement,NaN,NaN,0,0
FB2312-baseline-awake,27,0.2,5,linear,25,1,not_a_rising_change,resolved,NaN,1,0,1
FB2312-baseline-awake,27,0.2,5,sine_squared,10,1,insufficient_improvement,insufficient_improvement,NaN,NaN,0,0
FB2312-baseline-awake,27,0.2,5,sine_squared,25,1,not_a_rising_change,resolved,NaN,2,0,1
FB2312-baseline-awake,27,0.2,15,linear,10,1,insufficient_improvement,insufficient_improvement,NaN,NaN,0,0
FB2312-baseline-awake,27,0.2,15,linear,25,1,insufficient_improvement,resolved,NaN,3,0,1
FB2312-baseline-awake,27,0.2,15,sine_squared,10,1,insufficient_improvement,insufficient_improvement,NaN,NaN,0,0
FB2312-baseline-awake,27,0.2,15,sine_squared,25,1,insufficient_improvement,resolved,NaN,3,0,1
FB2312-baseline-awake,27,0.2,30,linear,10,1,insufficient_improvement,insufficient_improvement,NaN,NaN,0,0
FB2312-baseline-awake,27,0.2,30,linear,25,1,insufficient_improvement,insufficient_improvement,NaN,NaN,0,0
FB2312-baseline-awake,27,0.2,30,sine_squared,10,1,insufficient_improvement,insufficient_improvement,NaN,NaN,0,0
FB2312-baseline-awake,27,0.2,30,sine_squared,25,1,insufficient_improvement,insufficient_improvement,NaN,NaN,0,0
FB2312-baseline-awake,28,0.02,5,linear,10,1,insufficient_improvement,insufficient_improvement,NaN,NaN,0,0
FB2312-baseline-awake,28,0.02,5,linear,25,1,insufficient_improvement,insufficient_improvement,NaN,NaN,0,0
FB2312-baseline-awake,28,0.02,5,sine_squared,10,1,insufficient_improvement,insufficient_improvement,NaN,NaN,0,0
FB2312-baseline-awake,28,0.02,5,sine_squared,25,1,insufficient_improvement,insufficient_improvement,NaN,NaN,0,0
FB2312-baseline-awake,28,0.02,15,linear,10,1,insufficient_improvement,insufficient_improvement,NaN,NaN,0,0
FB2312-baseline-awake,28,0.02,15,linear,25,1,insufficient_improvement,insufficient_improvement,NaN,NaN,0,0
FB2312-baseline-awake,28,0.02,15,sine_squared,10,1,insufficient_improvement,insufficient_improvement,NaN,NaN,0,0
FB2312-baseline-awake,28,0.02,15,sine_squared,25,1,insufficient_improvement,insufficient_improvement,NaN,NaN,0,0
FB2312-baseline-awake,28,0.02,30,linear,10,1,insufficient_improvement,insufficient_improvement,NaN,NaN,0,0
FB2312-baseline-awake,28,0.02,30,linear,25,1,insufficient_improvement,insufficient_improvement,NaN,NaN,0,0
FB2312-baseline-awake,28,0.02,30,sine_squared,10,1,insufficient_improvement,insufficient_improvement,NaN,NaN,0,0
FB2312-baseline-awake,28,0.02,30,sine_squared,25,1,insufficient_improvement,insufficient_improvement,NaN,NaN,0,0
FB2312-baseline-awake,28,0.05,5,linear,10,1,insufficient_improvement,insufficient_improvement,NaN,NaN,0,0
FB2312-baseline-awake,28,0.05,5,linear,25,1,insufficient_improvement,insufficient_improvement,NaN,NaN,0,0
FB2312-baseline-awake,28,0.05,5,sine_squared,10,1,insufficient_improvement,insufficient_improvement,NaN,NaN,0,0
FB2312-baseline-awake,28,0.05,5,sine_squared,25,1,insufficient_improvement,insufficient_improvement,NaN,NaN,0,0
FB2312-baseline-awake,28,0.05,15,linear,10,1,insufficient_improvement,insufficient_improvement,NaN,NaN,0,0
FB2312-baseline-awake,28,0.05,15,linear,25,1,insufficient_improvement,insufficient_improvement,NaN,NaN,0,0
FB2312-baseline-awake,28,0.05,15,sine_squared,10,1,insufficient_improvement,insufficient_improvement,NaN,NaN,0,0
FB2312-baseline-awake,28,0.05,15,sine_squared,25,1,insufficient_improvement,insufficient_improvement,NaN,NaN,0,0
FB2312-baseline-awake,28,0.05,30,linear,10,1,insufficient_improvement,insufficient_improvement,NaN,NaN,0,0
FB2312-baseline-awake,28,0.05,30,linear,25,1,insufficient_improvement,insufficient_improvement,NaN,NaN,0,0
FB2312-baseline-awake,28,0.05,30,sine_squared,10,1,insufficient_improvement,insufficient_improvement,NaN,NaN,0,0
FB2312-baseline-awake,28,0.05,30,sine_squared,25,1,insufficient_improvement,insufficient_improvement,NaN,NaN,0,0
FB2312-baseline-awake,28,0.1,5,linear,10,1,insufficient_improvement,insufficient_improvement,NaN,NaN,0,0
FB2312-baseline-awake,28,0.1,5,linear,25,1,insufficient_improvement,insufficient_improvement,NaN,NaN,0,0
FB2312-baseline-awake,28,0.1,5,sine_squared,10,1,insufficient_improvement,insufficient_improvement,NaN,NaN,0,0
FB2312-baseline-awake,28,0.1,5,sine_squared,25,1,insufficient_improvement,insufficient_improvement,NaN,NaN,0,0
FB2312-baseline-awake,28,0.1,15,linear,10,1,insufficient_improvement,insufficient_improvement,NaN,NaN,0,0
FB2312-baseline-awake,28,0.1,15,linear,25,1,insufficient_improvement,insufficient_improvement,NaN,NaN,0,0
FB2312-baseline-awake,28,0.1,15,sine_squared,10,1,insufficient_improvement,insufficient_improvement,NaN,NaN,0,0
FB2312-baseline-awake,28,0.1,15,sine_squared,25,1,insufficient_improvement,insufficient_improvement,NaN,NaN,0,0
FB2312-baseline-awake,28,0.1,30,linear,10,1,insufficient_improvement,insufficient_improvement,NaN,NaN,0,0
FB2312-baseline-awake,28,0.1,30,linear,25,1,insufficient_improvement,insufficient_improvement,NaN,NaN,0,0
FB2312-baseline-awake,28,0.1,30,sine_squared,10,1,insufficient_improvement,insufficient_improvement,NaN,NaN,0,0
FB2312-baseline-awake,28,0.1,30,sine_squared,25,1,insufficient_improvement,insufficient_improvement,NaN,NaN,0,0
FB2312-baseline-awake,28,0.2,5,linear,10,1,insufficient_improvement,insufficient_improvement,NaN,NaN,0,0
FB2312-baseline-awake,28,0.2,5,linear,25,1,not_a_rising_change,insufficient_improvement,NaN,NaN,0,0
FB2312-baseline-awake,28,0.2,5,sine_squared,10,1,insufficient_improvement,insufficient_improvement,NaN,NaN,0,0
FB2312-baseline-awake,28,0.2,5,sine_squared,25,1,not_a_rising_change,insufficient_improvement,NaN,NaN,0,0
FB2312-baseline-awake,28,0.2,15,linear,10,1,insufficient_improvement,insufficient_improvement,NaN,NaN,0,0
FB2312-baseline-awake,28,0.2,15,linear,25,1,insufficient_improvement,insufficient_improvement,NaN,NaN,0,0
FB2312-baseline-awake,28,0.2,15,sine_squared,10,1,insufficient_improvement,resolved,NaN,9,0,0
FB2312-baseline-awake,28,0.2,15,sine_squared,25,1,insufficient_improvement,insufficient_improvement,NaN,NaN,0,0
FB2312-baseline-awake,28,0.2,30,linear,10,1,insufficient_improvement,insufficient_improvement,NaN,NaN,0,0
FB2312-baseline-awake,28,0.2,30,linear,25,1,insufficient_improvement,insufficient_improvement,NaN,NaN,0,0
FB2312-baseline-awake,28,0.2,30,sine_squared,10,1,insufficient_improvement,insufficient_improvement,NaN,NaN,0,0
FB2312-baseline-awake,28,0.2,30,sine_squared,25,1,insufficient_improvement,insufficient_improvement,NaN,NaN,0,0
FB2312-baseline-awake,29,0.02,5,linear,10,1,insufficient_clean_context,insufficient_clean_context,NaN,NaN,0,0
FB2312-baseline-awake,29,0.02,5,linear,25,1,insufficient_clean_context,insufficient_clean_context,NaN,NaN,0,0
FB2312-baseline-awake,29,0.02,5,sine_squared,10,1,insufficient_clean_context,insufficient_clean_context,NaN,NaN,0,0
FB2312-baseline-awake,29,0.02,5,sine_squared,25,1,insufficient_clean_context,insufficient_clean_context,NaN,NaN,0,0
FB2312-baseline-awake,29,0.02,15,linear,10,1,insufficient_clean_context,insufficient_clean_context,NaN,NaN,0,0
FB2312-baseline-awake,29,0.02,15,linear,25,1,insufficient_clean_context,insufficient_clean_context,NaN,NaN,0,0
FB2312-baseline-awake,29,0.02,15,sine_squared,10,1,insufficient_clean_context,insufficient_clean_context,NaN,NaN,0,0
FB2312-baseline-awake,29,0.02,15,sine_squared,25,1,insufficient_clean_context,insufficient_clean_context,NaN,NaN,0,0
FB2312-baseline-awake,29,0.02,30,linear,10,1,insufficient_clean_context,insufficient_clean_context,NaN,NaN,0,0
FB2312-baseline-awake,29,0.02,30,linear,25,1,insufficient_clean_context,insufficient_clean_context,NaN,NaN,0,0
FB2312-baseline-awake,29,0.02,30,sine_squared,10,1,insufficient_clean_context,insufficient_clean_context,NaN,NaN,0,0
FB2312-baseline-awake,29,0.02,30,sine_squared,25,1,insufficient_clean_context,insufficient_clean_context,NaN,NaN,0,0
FB2312-baseline-awake,29,0.05,5,linear,10,1,insufficient_clean_context,insufficient_clean_context,NaN,NaN,0,0
FB2312-baseline-awake,29,0.05,5,linear,25,1,insufficient_clean_context,insufficient_clean_context,NaN,NaN,0,0
FB2312-baseline-awake,29,0.05,5,sine_squared,10,1,insufficient_clean_context,insufficient_clean_context,NaN,NaN,0,0
FB2312-baseline-awake,29,0.05,5,sine_squared,25,1,insufficient_clean_context,insufficient_clean_context,NaN,NaN,0,0
FB2312-baseline-awake,29,0.05,15,linear,10,1,insufficient_clean_context,insufficient_clean_context,NaN,NaN,0,0
FB2312-baseline-awake,29,0.05,15,linear,25,1,insufficient_clean_context,insufficient_clean_context,NaN,NaN,0,0
FB2312-baseline-awake,29,0.05,15,sine_squared,10,1,insufficient_clean_context,insufficient_clean_context,NaN,NaN,0,0
FB2312-baseline-awake,29,0.05,15,sine_squared,25,1,insufficient_clean_context,insufficient_clean_context,NaN,NaN,0,0
FB2312-baseline-awake,29,0.05,30,linear,10,1,insufficient_clean_context,insufficient_clean_context,NaN,NaN,0,0
FB2312-baseline-awake,29,0.05,30,linear,25,1,insufficient_clean_context,insufficient_clean_context,NaN,NaN,0,0
FB2312-baseline-awake,29,0.05,30,sine_squared,10,1,insufficient_clean_context,insufficient_clean_context,NaN,NaN,0,0
FB2312-baseline-awake,29,0.05,30,sine_squared,25,1,insufficient_clean_context,insufficient_clean_context,NaN,NaN,0,0
FB2312-baseline-awake,29,0.1,5,linear,10,1,insufficient_clean_context,insufficient_clean_context,NaN,NaN,0,0
FB2312-baseline-awake,29,0.1,5,linear,25,1,insufficient_clean_context,insufficient_clean_context,NaN,NaN,0,0
FB2312-baseline-awake,29,0.1,5,sine_squared,10,1,insufficient_clean_context,insufficient_clean_context,NaN,NaN,0,0
FB2312-baseline-awake,29,0.1,5,sine_squared,25,1,insufficient_clean_context,insufficient_clean_context,NaN,NaN,0,0
FB2312-baseline-awake,29,0.1,15,linear,10,1,insufficient_clean_context,insufficient_clean_context,NaN,NaN,0,0
FB2312-baseline-awake,29,0.1,15,linear,25,1,insufficient_clean_context,insufficient_clean_context,NaN,NaN,0,0
FB2312-baseline-awake,29,0.1,15,sine_squared,10,1,insufficient_clean_context,insufficient_clean_context,NaN,NaN,0,0
FB2312-baseline-awake,29,0.1,15,sine_squared,25,1,insufficient_clean_context,insufficient_clean_context,NaN,NaN,0,0
FB2312-baseline-awake,29,0.1,30,linear,10,1,insufficient_clean_context,insufficient_clean_context,NaN,NaN,0,0
FB2312-baseline-awake,29,0.1,30,linear,25,1,insufficient_clean_context,insufficient_clean_context,NaN,NaN,0,0
FB2312-baseline-awake,29,0.1,30,sine_squared,10,1,insufficient_clean_context,insufficient_clean_context,NaN,NaN,0,0
FB2312-baseline-awake,29,0.1,30,sine_squared,25,1,insufficient_clean_context,insufficient_clean_context,NaN,NaN,0,0
FB2312-baseline-awake,29,0.2,5,linear,10,1,insufficient_clean_context,insufficient_clean_context,NaN,NaN,0,0
FB2312-baseline-awake,29,0.2,5,linear,25,1,insufficient_clean_context,insufficient_clean_context,NaN,NaN,0,0
FB2312-baseline-awake,29,0.2,5,sine_squared,10,1,insufficient_clean_context,insufficient_clean_context,NaN,NaN,0,0
FB2312-baseline-awake,29,0.2,5,sine_squared,25,1,insufficient_clean_context,insufficient_clean_context,NaN,NaN,0,0
FB2312-baseline-awake,29,0.2,15,linear,10,1,insufficient_clean_context,insufficient_clean_context,NaN,NaN,0,0
FB2312-baseline-awake,29,0.2,15,linear,25,1,insufficient_clean_context,insufficient_clean_context,NaN,NaN,0,0
FB2312-baseline-awake,29,0.2,15,sine_squared,10,1,insufficient_clean_context,insufficient_clean_context,NaN,NaN,0,0
FB2312-baseline-awake,29,0.2,15,sine_squared,25,1,insufficient_clean_context,insufficient_clean_context,NaN,NaN,0,0
FB2312-baseline-awake,29,0.2,30,linear,10,1,insufficient_clean_context,insufficient_clean_context,NaN,NaN,0,0
FB2312-baseline-awake,29,0.2,30,linear,25,1,insufficient_clean_context,insufficient_clean_context,NaN,NaN,0,0
FB2312-baseline-awake,29,0.2,30,sine_squared,10,1,insufficient_clean_context,insufficient_clean_context,NaN,NaN,0,0
FB2312-baseline-awake,29,0.2,30,sine_squared,25,1,insufficient_clean_context,insufficient_clean_context,NaN,NaN,0,0
FB2312-baseline-awake,30,0.02,5,linear,10,1,insufficient_clean_context,insufficient_clean_context,NaN,NaN,0,0
FB2312-baseline-awake,30,0.02,5,linear,25,1,insufficient_clean_context,insufficient_clean_context,NaN,NaN,0,0
FB2312-baseline-awake,30,0.02,5,sine_squared,10,1,insufficient_clean_context,insufficient_clean_context,NaN,NaN,0,0
FB2312-baseline-awake,30,0.02,5,sine_squared,25,1,insufficient_clean_context,insufficient_clean_context,NaN,NaN,0,0
FB2312-baseline-awake,30,0.02,15,linear,10,1,insufficient_clean_context,insufficient_clean_context,NaN,NaN,0,0
FB2312-baseline-awake,30,0.02,15,linear,25,1,insufficient_clean_context,insufficient_clean_context,NaN,NaN,0,0
FB2312-baseline-awake,30,0.02,15,sine_squared,10,1,insufficient_clean_context,insufficient_clean_context,NaN,NaN,0,0
FB2312-baseline-awake,30,0.02,15,sine_squared,25,1,insufficient_clean_context,insufficient_clean_context,NaN,NaN,0,0
FB2312-baseline-awake,30,0.02,30,linear,10,1,insufficient_clean_context,insufficient_clean_context,NaN,NaN,0,0
FB2312-baseline-awake,30,0.02,30,linear,25,1,insufficient_clean_context,insufficient_clean_context,NaN,NaN,0,0
FB2312-baseline-awake,30,0.02,30,sine_squared,10,1,insufficient_clean_context,insufficient_clean_context,NaN,NaN,0,0
FB2312-baseline-awake,30,0.02,30,sine_squared,25,1,insufficient_clean_context,insufficient_clean_context,NaN,NaN,0,0
FB2312-baseline-awake,30,0.05,5,linear,10,1,insufficient_clean_context,insufficient_clean_context,NaN,NaN,0,0
FB2312-baseline-awake,30,0.05,5,linear,25,1,insufficient_clean_context,insufficient_clean_context,NaN,NaN,0,0
FB2312-baseline-awake,30,0.05,5,sine_squared,10,1,insufficient_clean_context,insufficient_clean_context,NaN,NaN,0,0
FB2312-baseline-awake,30,0.05,5,sine_squared,25,1,insufficient_clean_context,insufficient_clean_context,NaN,NaN,0,0
FB2312-baseline-awake,30,0.05,15,linear,10,1,insufficient_clean_context,insufficient_clean_context,NaN,NaN,0,0
FB2312-baseline-awake,30,0.05,15,linear,25,1,insufficient_clean_context,insufficient_clean_context,NaN,NaN,0,0
FB2312-baseline-awake,30,0.05,15,sine_squared,10,1,insufficient_clean_context,insufficient_clean_context,NaN,NaN,0,0
FB2312-baseline-awake,30,0.05,15,sine_squared,25,1,insufficient_clean_context,insufficient_clean_context,NaN,NaN,0,0
FB2312-baseline-awake,30,0.05,30,linear,10,1,insufficient_clean_context,insufficient_clean_context,NaN,NaN,0,0
FB2312-baseline-awake,30,0.05,30,linear,25,1,insufficient_clean_context,insufficient_clean_context,NaN,NaN,0,0
FB2312-baseline-awake,30,0.05,30,sine_squared,10,1,insufficient_clean_context,insufficient_clean_context,NaN,NaN,0,0
FB2312-baseline-awake,30,0.05,30,sine_squared,25,1,insufficient_clean_context,insufficient_clean_context,NaN,NaN,0,0
FB2312-baseline-awake,30,0.1,5,linear,10,1,insufficient_clean_context,insufficient_clean_context,NaN,NaN,0,0
FB2312-baseline-awake,30,0.1,5,linear,25,1,insufficient_clean_context,insufficient_clean_context,NaN,NaN,0,0
FB2312-baseline-awake,30,0.1,5,sine_squared,10,1,insufficient_clean_context,insufficient_clean_context,NaN,NaN,0,0
FB2312-baseline-awake,30,0.1,5,sine_squared,25,1,insufficient_clean_context,insufficient_clean_context,NaN,NaN,0,0
FB2312-baseline-awake,30,0.1,15,linear,10,1,insufficient_clean_context,insufficient_clean_context,NaN,NaN,0,0
FB2312-baseline-awake,30,0.1,15,linear,25,1,insufficient_clean_context,insufficient_clean_context,NaN,NaN,0,0
FB2312-baseline-awake,30,0.1,15,sine_squared,10,1,insufficient_clean_context,insufficient_clean_context,NaN,NaN,0,0
FB2312-baseline-awake,30,0.1,15,sine_squared,25,1,insufficient_clean_context,insufficient_clean_context,NaN,NaN,0,0
FB2312-baseline-awake,30,0.1,30,linear,10,1,insufficient_clean_context,insufficient_clean_context,NaN,NaN,0,0
FB2312-baseline-awake,30,0.1,30,linear,25,1,insufficient_clean_context,insufficient_clean_context,NaN,NaN,0,0
FB2312-baseline-awake,30,0.1,30,sine_squared,10,1,insufficient_clean_context,insufficient_clean_context,NaN,NaN,0,0
FB2312-baseline-awake,30,0.1,30,sine_squared,25,1,insufficient_clean_context,insufficient_clean_context,NaN,NaN,0,0
FB2312-baseline-awake,30,0.2,5,linear,10,1,insufficient_clean_context,insufficient_clean_context,NaN,NaN,0,0
FB2312-baseline-awake,30,0.2,5,linear,25,1,insufficient_clean_context,insufficient_clean_context,NaN,NaN,0,0
FB2312-baseline-awake,30,0.2,5,sine_squared,10,1,insufficient_clean_context,insufficient_clean_context,NaN,NaN,0,0
FB2312-baseline-awake,30,0.2,5,sine_squared,25,1,insufficient_clean_context,insufficient_clean_context,NaN,NaN,0,0
FB2312-baseline-awake,30,0.2,15,linear,10,1,insufficient_clean_context,insufficient_clean_context,NaN,NaN,0,0
FB2312-baseline-awake,30,0.2,15,linear,25,1,insufficient_clean_context,insufficient_clean_context,NaN,NaN,0,0
FB2312-baseline-awake,30,0.2,15,sine_squared,10,1,insufficient_clean_context,insufficient_clean_context,NaN,NaN,0,0
FB2312-baseline-awake,30,0.2,15,sine_squared,25,1,insufficient_clean_context,insufficient_clean_context,NaN,NaN,0,0
FB2312-baseline-awake,30,0.2,30,linear,10,1,insufficient_clean_context,insufficient_clean_context,NaN,NaN,0,0
FB2312-baseline-awake,30,0.2,30,linear,25,1,insufficient_clean_context,insufficient_clean_context,NaN,NaN,0,0
FB2312-baseline-awake,30,0.2,30,sine_squared,10,1,insufficient_clean_context,insufficient_clean_context,NaN,NaN,0,0
FB2312-baseline-awake,30,0.2,30,sine_squared,25,1,insufficient_clean_context,insufficient_clean_context,NaN,NaN,0,0
FB2312-baseline-awake,31,0.02,5,linear,10,1,insufficient_clean_context,insufficient_clean_context,NaN,NaN,0,0
FB2312-baseline-awake,31,0.02,5,linear,25,1,insufficient_clean_context,insufficient_clean_context,NaN,NaN,0,0
FB2312-baseline-awake,31,0.02,5,sine_squared,10,1,insufficient_clean_context,insufficient_clean_context,NaN,NaN,0,0
FB2312-baseline-awake,31,0.02,5,sine_squared,25,1,insufficient_clean_context,insufficient_clean_context,NaN,NaN,0,0
FB2312-baseline-awake,31,0.02,15,linear,10,1,insufficient_clean_context,insufficient_clean_context,NaN,NaN,0,0
FB2312-baseline-awake,31,0.02,15,linear,25,1,insufficient_clean_context,insufficient_clean_context,NaN,NaN,0,0
FB2312-baseline-awake,31,0.02,15,sine_squared,10,1,insufficient_clean_context,insufficient_clean_context,NaN,NaN,0,0
FB2312-baseline-awake,31,0.02,15,sine_squared,25,1,insufficient_clean_context,insufficient_clean_context,NaN,NaN,0,0
FB2312-baseline-awake,31,0.02,30,linear,10,1,insufficient_clean_context,insufficient_clean_context,NaN,NaN,0,0
FB2312-baseline-awake,31,0.02,30,linear,25,1,insufficient_clean_context,insufficient_clean_context,NaN,NaN,0,0
FB2312-baseline-awake,31,0.02,30,sine_squared,10,1,insufficient_clean_context,insufficient_clean_context,NaN,NaN,0,0
FB2312-baseline-awake,31,0.02,30,sine_squared,25,1,insufficient_clean_context,insufficient_clean_context,NaN,NaN,0,0
FB2312-baseline-awake,31,0.05,5,linear,10,1,insufficient_clean_context,insufficient_clean_context,NaN,NaN,0,0
FB2312-baseline-awake,31,0.05,5,linear,25,1,insufficient_clean_context,insufficient_clean_context,NaN,NaN,0,0
FB2312-baseline-awake,31,0.05,5,sine_squared,10,1,insufficient_clean_context,insufficient_clean_context,NaN,NaN,0,0
FB2312-baseline-awake,31,0.05,5,sine_squared,25,1,insufficient_clean_context,insufficient_clean_context,NaN,NaN,0,0
FB2312-baseline-awake,31,0.05,15,linear,10,1,insufficient_clean_context,insufficient_clean_context,NaN,NaN,0,0
FB2312-baseline-awake,31,0.05,15,linear,25,1,insufficient_clean_context,insufficient_clean_context,NaN,NaN,0,0
FB2312-baseline-awake,31,0.05,15,sine_squared,10,1,insufficient_clean_context,insufficient_clean_context,NaN,NaN,0,0
FB2312-baseline-awake,31,0.05,15,sine_squared,25,1,insufficient_clean_context,insufficient_clean_context,NaN,NaN,0,0
FB2312-baseline-awake,31,0.05,30,linear,10,1,insufficient_clean_context,insufficient_clean_context,NaN,NaN,0,0
FB2312-baseline-awake,31,0.05,30,linear,25,1,insufficient_clean_context,insufficient_clean_context,NaN,NaN,0,0
FB2312-baseline-awake,31,0.05,30,sine_squared,10,1,insufficient_clean_context,insufficient_clean_context,NaN,NaN,0,0
FB2312-baseline-awake,31,0.05,30,sine_squared,25,1,insufficient_clean_context,insufficient_clean_context,NaN,NaN,0,0
FB2312-baseline-awake,31,0.1,5,linear,10,1,insufficient_clean_context,insufficient_clean_context,NaN,NaN,0,0
FB2312-baseline-awake,31,0.1,5,linear,25,1,insufficient_clean_context,insufficient_clean_context,NaN,NaN,0,0
FB2312-baseline-awake,31,0.1,5,sine_squared,10,1,insufficient_clean_context,insufficient_clean_context,NaN,NaN,0,0
FB2312-baseline-awake,31,0.1,5,sine_squared,25,1,insufficient_clean_context,insufficient_clean_context,NaN,NaN,0,0
FB2312-baseline-awake,31,0.1,15,linear,10,1,insufficient_clean_context,insufficient_clean_context,NaN,NaN,0,0
FB2312-baseline-awake,31,0.1,15,linear,25,1,insufficient_clean_context,insufficient_clean_context,NaN,NaN,0,0
FB2312-baseline-awake,31,0.1,15,sine_squared,10,1,insufficient_clean_context,insufficient_clean_context,NaN,NaN,0,0
FB2312-baseline-awake,31,0.1,15,sine_squared,25,1,insufficient_clean_context,insufficient_clean_context,NaN,NaN,0,0
FB2312-baseline-awake,31,0.1,30,linear,10,1,insufficient_clean_context,insufficient_clean_context,NaN,NaN,0,0
FB2312-baseline-awake,31,0.1,30,linear,25,1,insufficient_clean_context,insufficient_clean_context,NaN,NaN,0,0
FB2312-baseline-awake,31,0.1,30,sine_squared,10,1,insufficient_clean_context,insufficient_clean_context,NaN,NaN,0,0
FB2312-baseline-awake,31,0.1,30,sine_squared,25,1,insufficient_clean_context,insufficient_clean_context,NaN,NaN,0,0
FB2312-baseline-awake,31,0.2,5,linear,10,1,insufficient_clean_context,insufficient_clean_context,NaN,NaN,0,0
FB2312-baseline-awake,31,0.2,5,linear,25,1,insufficient_clean_context,insufficient_clean_context,NaN,NaN,0,0
FB2312-baseline-awake,31,0.2,5,sine_squared,10,1,insufficient_clean_context,insufficient_clean_context,NaN,NaN,0,0
FB2312-baseline-awake,31,0.2,5,sine_squared,25,1,insufficient_clean_context,insufficient_clean_context,NaN,NaN,0,0
FB2312-baseline-awake,31,0.2,15,linear,10,1,insufficient_clean_context,insufficient_clean_context,NaN,NaN,0,0
FB2312-baseline-awake,31,0.2,15,linear,25,1,insufficient_clean_context,insufficient_clean_context,NaN,NaN,0,0
FB2312-baseline-awake,31,0.2,15,sine_squared,10,1,insufficient_clean_context,insufficient_clean_context,NaN,NaN,0,0
FB2312-baseline-awake,31,0.2,15,sine_squared,25,1,insufficient_clean_context,insufficient_clean_context,NaN,NaN,0,0
FB2312-baseline-awake,31,0.2,30,linear,10,1,insufficient_clean_context,insufficient_clean_context,NaN,NaN,0,0
FB2312-baseline-awake,31,0.2,30,linear,25,1,insufficient_clean_context,insufficient_clean_context,NaN,NaN,0,0
FB2312-baseline-awake,31,0.2,30,sine_squared,10,1,insufficient_clean_context,insufficient_clean_context,NaN,NaN,0,0
FB2312-baseline-awake,31,0.2,30,sine_squared,25,1,insufficient_clean_context,insufficient_clean_context,NaN,NaN,0,0
FB2312-baseline-awake,32,0.02,5,linear,10,1,insufficient_improvement,insufficient_improvement,NaN,NaN,0,0
FB2312-baseline-awake,32,0.02,5,linear,25,1,insufficient_improvement,insufficient_improvement,NaN,NaN,0,0
FB2312-baseline-awake,32,0.02,5,sine_squared,10,1,insufficient_improvement,insufficient_improvement,NaN,NaN,0,0
FB2312-baseline-awake,32,0.02,5,sine_squared,25,1,insufficient_improvement,insufficient_improvement,NaN,NaN,0,0
FB2312-baseline-awake,32,0.02,15,linear,10,1,insufficient_improvement,insufficient_improvement,NaN,NaN,0,0
FB2312-baseline-awake,32,0.02,15,linear,25,1,insufficient_improvement,insufficient_improvement,NaN,NaN,0,0
FB2312-baseline-awake,32,0.02,15,sine_squared,10,1,insufficient_improvement,insufficient_improvement,NaN,NaN,0,0
FB2312-baseline-awake,32,0.02,15,sine_squared,25,1,insufficient_improvement,insufficient_improvement,NaN,NaN,0,0
FB2312-baseline-awake,32,0.02,30,linear,10,1,insufficient_improvement,insufficient_improvement,NaN,NaN,0,0
FB2312-baseline-awake,32,0.02,30,linear,25,1,insufficient_improvement,insufficient_improvement,NaN,NaN,0,0
FB2312-baseline-awake,32,0.02,30,sine_squared,10,1,insufficient_improvement,insufficient_improvement,NaN,NaN,0,0
FB2312-baseline-awake,32,0.02,30,sine_squared,25,1,insufficient_improvement,insufficient_improvement,NaN,NaN,0,0
FB2312-baseline-awake,32,0.05,5,linear,10,1,insufficient_improvement,insufficient_improvement,NaN,NaN,0,0
FB2312-baseline-awake,32,0.05,5,linear,25,1,insufficient_improvement,insufficient_improvement,NaN,NaN,0,0
FB2312-baseline-awake,32,0.05,5,sine_squared,10,1,insufficient_improvement,insufficient_improvement,NaN,NaN,0,0
FB2312-baseline-awake,32,0.05,5,sine_squared,25,1,insufficient_improvement,insufficient_improvement,NaN,NaN,0,0
FB2312-baseline-awake,32,0.05,15,linear,10,1,insufficient_improvement,insufficient_improvement,NaN,NaN,0,0
FB2312-baseline-awake,32,0.05,15,linear,25,1,insufficient_improvement,insufficient_improvement,NaN,NaN,0,0
FB2312-baseline-awake,32,0.05,15,sine_squared,10,1,insufficient_improvement,insufficient_improvement,NaN,NaN,0,0
FB2312-baseline-awake,32,0.05,15,sine_squared,25,1,insufficient_improvement,insufficient_improvement,NaN,NaN,0,0
FB2312-baseline-awake,32,0.05,30,linear,10,1,insufficient_improvement,insufficient_improvement,NaN,NaN,0,0
FB2312-baseline-awake,32,0.05,30,linear,25,1,insufficient_improvement,insufficient_improvement,NaN,NaN,0,0
FB2312-baseline-awake,32,0.05,30,sine_squared,10,1,insufficient_improvement,insufficient_improvement,NaN,NaN,0,0
FB2312-baseline-awake,32,0.05,30,sine_squared,25,1,insufficient_improvement,insufficient_improvement,NaN,NaN,0,0
FB2312-baseline-awake,32,0.1,5,linear,10,1,insufficient_improvement,insufficient_improvement,NaN,NaN,0,0
FB2312-baseline-awake,32,0.1,5,linear,25,1,insufficient_improvement,insufficient_improvement,NaN,NaN,0,0
FB2312-baseline-awake,32,0.1,5,sine_squared,10,1,insufficient_improvement,insufficient_improvement,NaN,NaN,0,0
FB2312-baseline-awake,32,0.1,5,sine_squared,25,1,insufficient_improvement,insufficient_improvement,NaN,NaN,0,0
FB2312-baseline-awake,32,0.1,15,linear,10,1,insufficient_improvement,insufficient_improvement,NaN,NaN,0,0
FB2312-baseline-awake,32,0.1,15,linear,25,1,insufficient_improvement,insufficient_improvement,NaN,NaN,0,0
FB2312-baseline-awake,32,0.1,15,sine_squared,10,1,insufficient_improvement,insufficient_improvement,NaN,NaN,0,0
FB2312-baseline-awake,32,0.1,15,sine_squared,25,1,insufficient_improvement,insufficient_improvement,NaN,NaN,0,0
FB2312-baseline-awake,32,0.1,30,linear,10,1,insufficient_improvement,insufficient_improvement,NaN,NaN,0,0
FB2312-baseline-awake,32,0.1,30,linear,25,1,insufficient_improvement,insufficient_improvement,NaN,NaN,0,0
FB2312-baseline-awake,32,0.1,30,sine_squared,10,1,insufficient_improvement,insufficient_improvement,NaN,NaN,0,0
FB2312-baseline-awake,32,0.1,30,sine_squared,25,1,insufficient_improvement,insufficient_improvement,NaN,NaN,0,0
FB2312-baseline-awake,32,0.2,5,linear,10,1,insufficient_improvement,insufficient_improvement,NaN,NaN,0,0
FB2312-baseline-awake,32,0.2,5,linear,25,1,not_a_rising_change,insufficient_improvement,NaN,NaN,0,0
FB2312-baseline-awake,32,0.2,5,sine_squared,10,1,insufficient_improvement,insufficient_improvement,NaN,NaN,0,0
FB2312-baseline-awake,32,0.2,5,sine_squared,25,1,not_a_rising_change,insufficient_improvement,NaN,NaN,0,0
FB2312-baseline-awake,32,0.2,15,linear,10,1,resolved,insufficient_improvement,9,NaN,0,0
FB2312-baseline-awake,32,0.2,15,linear,25,1,insufficient_improvement,insufficient_improvement,NaN,NaN,0,0
FB2312-baseline-awake,32,0.2,15,sine_squared,10,1,resolved,insufficient_improvement,9,NaN,0,0
FB2312-baseline-awake,32,0.2,15,sine_squared,25,1,insufficient_improvement,insufficient_improvement,NaN,NaN,0,0
FB2312-baseline-awake,32,0.2,30,linear,10,1,insufficient_improvement,insufficient_improvement,NaN,NaN,0,0
FB2312-baseline-awake,32,0.2,30,linear,25,1,insufficient_improvement,insufficient_improvement,NaN,NaN,0,0
FB2312-baseline-awake,32,0.2,30,sine_squared,10,1,insufficient_improvement,insufficient_improvement,NaN,NaN,0,0
FB2312-baseline-awake,32,0.2,30,sine_squared,25,1,insufficient_improvement,insufficient_improvement,NaN,NaN,0,0
FB2312-baseline-awake,33,0.02,5,linear,10,1,resolved,insufficient_improvement,-1,NaN,1,0
FB2312-baseline-awake,33,0.02,5,linear,25,1,insufficient_improvement,insufficient_improvement,NaN,NaN,0,0
FB2312-baseline-awake,33,0.02,5,sine_squared,10,1,resolved,insufficient_improvement,-1,NaN,1,0
FB2312-baseline-awake,33,0.02,5,sine_squared,25,1,insufficient_improvement,insufficient_improvement,NaN,NaN,0,0
FB2312-baseline-awake,33,0.02,15,linear,10,1,resolved,insufficient_improvement,0,NaN,1,0
FB2312-baseline-awake,33,0.02,15,linear,25,1,insufficient_improvement,insufficient_improvement,NaN,NaN,0,0
FB2312-baseline-awake,33,0.02,15,sine_squared,10,1,resolved,insufficient_improvement,0,NaN,1,0
FB2312-baseline-awake,33,0.02,15,sine_squared,25,1,insufficient_improvement,insufficient_improvement,NaN,NaN,0,0
FB2312-baseline-awake,33,0.02,30,linear,10,1,insufficient_improvement,insufficient_improvement,NaN,NaN,0,0
FB2312-baseline-awake,33,0.02,30,linear,25,1,resolved,insufficient_improvement,14,NaN,0,0
FB2312-baseline-awake,33,0.02,30,sine_squared,10,1,insufficient_improvement,insufficient_improvement,NaN,NaN,0,0
FB2312-baseline-awake,33,0.02,30,sine_squared,25,1,resolved,insufficient_improvement,14,NaN,0,0
FB2312-baseline-awake,33,0.05,5,linear,10,1,resolved,resolved,-1,0,1,1
FB2312-baseline-awake,33,0.05,5,linear,25,1,insufficient_improvement,insufficient_improvement,NaN,NaN,0,0
FB2312-baseline-awake,33,0.05,5,sine_squared,10,1,resolved,resolved,-1,2,1,1
FB2312-baseline-awake,33,0.05,5,sine_squared,25,1,insufficient_improvement,insufficient_improvement,NaN,NaN,0,0
FB2312-baseline-awake,33,0.05,15,linear,10,1,resolved,insufficient_improvement,0,NaN,1,0
FB2312-baseline-awake,33,0.05,15,linear,25,1,resolved,insufficient_improvement,13,NaN,0,0
FB2312-baseline-awake,33,0.05,15,sine_squared,10,1,resolved,resolved,0,0,1,1
FB2312-baseline-awake,33,0.05,15,sine_squared,25,1,broad_profile_unresolved,insufficient_improvement,NaN,NaN,0,0
FB2312-baseline-awake,33,0.05,30,linear,10,1,resolved,insufficient_improvement,0,NaN,1,0
FB2312-baseline-awake,33,0.05,30,linear,25,1,resolved,insufficient_improvement,14,NaN,0,0
FB2312-baseline-awake,33,0.05,30,sine_squared,10,1,resolved,insufficient_improvement,0,NaN,1,0
FB2312-baseline-awake,33,0.05,30,sine_squared,25,1,resolved,insufficient_improvement,14,NaN,0,0
FB2312-baseline-awake,33,0.1,5,linear,10,1,resolved,resolved,-2,0,1,1
FB2312-baseline-awake,33,0.1,5,linear,25,1,insufficient_improvement,insufficient_improvement,NaN,NaN,0,0
FB2312-baseline-awake,33,0.1,5,sine_squared,10,1,resolved,resolved,-2,0,1,1
FB2312-baseline-awake,33,0.1,5,sine_squared,25,1,insufficient_improvement,insufficient_improvement,NaN,NaN,0,0
FB2312-baseline-awake,33,0.1,15,linear,10,1,resolved,resolved,0,0,1,1
FB2312-baseline-awake,33,0.1,15,linear,25,1,resolved,insufficient_improvement,5,NaN,1,0
FB2312-baseline-awake,33,0.1,15,sine_squared,10,1,resolved,resolved,0,0,1,1
FB2312-baseline-awake,33,0.1,15,sine_squared,25,1,resolved,insufficient_improvement,2,NaN,1,0
FB2312-baseline-awake,33,0.1,30,linear,10,1,resolved,insufficient_improvement,0,NaN,1,0
FB2312-baseline-awake,33,0.1,30,linear,25,1,resolved,broad_profile_unresolved,14,NaN,0,0
FB2312-baseline-awake,33,0.1,30,sine_squared,10,1,resolved,insufficient_improvement,0,NaN,1,0
FB2312-baseline-awake,33,0.1,30,sine_squared,25,1,resolved,resolved,13,15,0,0
FB2312-baseline-awake,33,0.2,5,linear,10,1,resolved,resolved,-2,0,1,1
FB2312-baseline-awake,33,0.2,5,linear,25,1,insufficient_improvement,resolved,NaN,2,0,1
FB2312-baseline-awake,33,0.2,5,sine_squared,10,1,resolved,resolved,-2,0,1,1
FB2312-baseline-awake,33,0.2,5,sine_squared,25,1,insufficient_improvement,resolved,NaN,2,0,1
FB2312-baseline-awake,33,0.2,15,linear,10,1,resolved,resolved,0,0,1,1
FB2312-baseline-awake,33,0.2,15,linear,25,1,resolved,resolved,1,1,1,1
FB2312-baseline-awake,33,0.2,15,sine_squared,10,1,resolved,resolved,1,1,1,1
FB2312-baseline-awake,33,0.2,15,sine_squared,25,1,resolved,resolved,1,1,1,1
FB2312-baseline-awake,33,0.2,30,linear,10,1,resolved,resolved,0,0,1,1
FB2312-baseline-awake,33,0.2,30,linear,25,1,resolved,resolved,12,1,0,1
FB2312-baseline-awake,33,0.2,30,sine_squared,10,1,resolved,resolved,0,-3,1,1
FB2312-baseline-awake,33,0.2,30,sine_squared,25,1,resolved,broad_profile_unresolved,8,NaN,0,0
FB2312-baseline-awake,34,0.02,5,linear,10,1,insufficient_improvement,insufficient_improvement,NaN,NaN,0,0
FB2312-baseline-awake,34,0.02,5,linear,25,1,insufficient_improvement,insufficient_improvement,NaN,NaN,0,0
FB2312-baseline-awake,34,0.02,5,sine_squared,10,1,insufficient_improvement,insufficient_improvement,NaN,NaN,0,0
FB2312-baseline-awake,34,0.02,5,sine_squared,25,1,insufficient_improvement,insufficient_improvement,NaN,NaN,0,0
FB2312-baseline-awake,34,0.02,15,linear,10,1,insufficient_improvement,insufficient_improvement,NaN,NaN,0,0
FB2312-baseline-awake,34,0.02,15,linear,25,1,insufficient_improvement,insufficient_improvement,NaN,NaN,0,0
FB2312-baseline-awake,34,0.02,15,sine_squared,10,1,insufficient_improvement,insufficient_improvement,NaN,NaN,0,0
FB2312-baseline-awake,34,0.02,15,sine_squared,25,1,insufficient_improvement,insufficient_improvement,NaN,NaN,0,0
FB2312-baseline-awake,34,0.02,30,linear,10,1,insufficient_improvement,insufficient_improvement,NaN,NaN,0,0
FB2312-baseline-awake,34,0.02,30,linear,25,1,insufficient_improvement,insufficient_improvement,NaN,NaN,0,0
FB2312-baseline-awake,34,0.02,30,sine_squared,10,1,insufficient_improvement,insufficient_improvement,NaN,NaN,0,0
FB2312-baseline-awake,34,0.02,30,sine_squared,25,1,insufficient_improvement,insufficient_improvement,NaN,NaN,0,0
FB2312-baseline-awake,34,0.05,5,linear,10,1,search_boundary_unresolved,insufficient_improvement,NaN,NaN,0,0
FB2312-baseline-awake,34,0.05,5,linear,25,1,insufficient_improvement,insufficient_improvement,NaN,NaN,0,0
FB2312-baseline-awake,34,0.05,5,sine_squared,10,1,search_boundary_unresolved,insufficient_improvement,NaN,NaN,0,0
FB2312-baseline-awake,34,0.05,5,sine_squared,25,1,insufficient_improvement,insufficient_improvement,NaN,NaN,0,0
FB2312-baseline-awake,34,0.05,15,linear,10,1,insufficient_improvement,insufficient_improvement,NaN,NaN,0,0
FB2312-baseline-awake,34,0.05,15,linear,25,1,insufficient_improvement,insufficient_improvement,NaN,NaN,0,0
FB2312-baseline-awake,34,0.05,15,sine_squared,10,1,insufficient_improvement,insufficient_improvement,NaN,NaN,0,0
FB2312-baseline-awake,34,0.05,15,sine_squared,25,1,insufficient_improvement,insufficient_improvement,NaN,NaN,0,0
FB2312-baseline-awake,34,0.05,30,linear,10,1,insufficient_improvement,insufficient_improvement,NaN,NaN,0,0
FB2312-baseline-awake,34,0.05,30,linear,25,1,insufficient_improvement,insufficient_improvement,NaN,NaN,0,0
FB2312-baseline-awake,34,0.05,30,sine_squared,10,1,insufficient_improvement,insufficient_improvement,NaN,NaN,0,0
FB2312-baseline-awake,34,0.05,30,sine_squared,25,1,search_boundary_unresolved,insufficient_improvement,NaN,NaN,0,0
FB2312-baseline-awake,34,0.1,5,linear,10,1,search_boundary_unresolved,resolved,NaN,3,0,1
FB2312-baseline-awake,34,0.1,5,linear,25,1,insufficient_improvement,resolved,NaN,-4,0,1
FB2312-baseline-awake,34,0.1,5,sine_squared,10,1,search_boundary_unresolved,resolved,NaN,3,0,1
FB2312-baseline-awake,34,0.1,5,sine_squared,25,1,insufficient_improvement,resolved,NaN,-4,0,1
FB2312-baseline-awake,34,0.1,15,linear,10,1,search_boundary_unresolved,insufficient_improvement,NaN,NaN,0,0
FB2312-baseline-awake,34,0.1,15,linear,25,1,search_boundary_unresolved,insufficient_improvement,NaN,NaN,0,0
FB2312-baseline-awake,34,0.1,15,sine_squared,10,1,resolved,insufficient_improvement,3,NaN,1,0
FB2312-baseline-awake,34,0.1,15,sine_squared,25,1,search_boundary_unresolved,insufficient_improvement,NaN,NaN,0,0
FB2312-baseline-awake,34,0.1,30,linear,10,1,insufficient_improvement,insufficient_improvement,NaN,NaN,0,0
FB2312-baseline-awake,34,0.1,30,linear,25,1,search_boundary_unresolved,insufficient_improvement,NaN,NaN,0,0
FB2312-baseline-awake,34,0.1,30,sine_squared,10,1,insufficient_improvement,insufficient_improvement,NaN,NaN,0,0
FB2312-baseline-awake,34,0.1,30,sine_squared,25,1,search_boundary_unresolved,insufficient_improvement,NaN,NaN,0,0
FB2312-baseline-awake,34,0.2,5,linear,10,1,resolved,resolved,-8,3,0,1
FB2312-baseline-awake,34,0.2,5,linear,25,1,insufficient_improvement,search_boundary_unresolved,NaN,NaN,0,0
FB2312-baseline-awake,34,0.2,5,sine_squared,10,1,resolved,resolved,-8,2,0,1
FB2312-baseline-awake,34,0.2,5,sine_squared,25,1,not_a_rising_change,search_boundary_unresolved,NaN,NaN,0,0
FB2312-baseline-awake,34,0.2,15,linear,10,1,resolved,resolved,3,4,1,1
FB2312-baseline-awake,34,0.2,15,linear,25,1,search_boundary_unresolved,search_boundary_unresolved,NaN,NaN,0,0
FB2312-baseline-awake,34,0.2,15,sine_squared,10,1,resolved,resolved,3,4,1,1
FB2312-baseline-awake,34,0.2,15,sine_squared,25,1,search_boundary_unresolved,resolved,NaN,6,0,0
FB2312-baseline-awake,34,0.2,30,linear,10,1,search_boundary_unresolved,insufficient_improvement,NaN,NaN,0,0
FB2312-baseline-awake,34,0.2,30,linear,25,1,search_boundary_unresolved,search_boundary_unresolved,NaN,NaN,0,0
FB2312-baseline-awake,34,0.2,30,sine_squared,10,1,resolved,insufficient_improvement,4,NaN,1,0
FB2312-baseline-awake,34,0.2,30,sine_squared,25,1,resolved,resolved,-4,-4,1,1
FB2312-baseline-awake,35,0.02,5,linear,10,1,insufficient_improvement,insufficient_improvement,NaN,NaN,0,0
FB2312-baseline-awake,35,0.02,5,linear,25,1,insufficient_improvement,insufficient_improvement,NaN,NaN,0,0
FB2312-baseline-awake,35,0.02,5,sine_squared,10,1,insufficient_improvement,insufficient_improvement,NaN,NaN,0,0
FB2312-baseline-awake,35,0.02,5,sine_squared,25,1,insufficient_improvement,insufficient_improvement,NaN,NaN,0,0
FB2312-baseline-awake,35,0.02,15,linear,10,1,insufficient_improvement,insufficient_improvement,NaN,NaN,0,0
FB2312-baseline-awake,35,0.02,15,linear,25,1,insufficient_improvement,insufficient_improvement,NaN,NaN,0,0
FB2312-baseline-awake,35,0.02,15,sine_squared,10,1,insufficient_improvement,insufficient_improvement,NaN,NaN,0,0
FB2312-baseline-awake,35,0.02,15,sine_squared,25,1,insufficient_improvement,insufficient_improvement,NaN,NaN,0,0
FB2312-baseline-awake,35,0.02,30,linear,10,1,insufficient_improvement,insufficient_improvement,NaN,NaN,0,0
FB2312-baseline-awake,35,0.02,30,linear,25,1,insufficient_improvement,insufficient_improvement,NaN,NaN,0,0
FB2312-baseline-awake,35,0.02,30,sine_squared,10,1,insufficient_improvement,insufficient_improvement,NaN,NaN,0,0
FB2312-baseline-awake,35,0.02,30,sine_squared,25,1,insufficient_improvement,insufficient_improvement,NaN,NaN,0,0
FB2312-baseline-awake,35,0.05,5,linear,10,1,resolved,insufficient_improvement,-2,NaN,1,0
FB2312-baseline-awake,35,0.05,5,linear,25,1,insufficient_improvement,insufficient_improvement,NaN,NaN,0,0
FB2312-baseline-awake,35,0.05,5,sine_squared,10,1,resolved,insufficient_improvement,-2,NaN,1,0
FB2312-baseline-awake,35,0.05,5,sine_squared,25,1,insufficient_improvement,insufficient_improvement,NaN,NaN,0,0
FB2312-baseline-awake,35,0.05,15,linear,10,1,insufficient_improvement,insufficient_improvement,NaN,NaN,0,0
FB2312-baseline-awake,35,0.05,15,linear,25,1,insufficient_improvement,insufficient_improvement,NaN,NaN,0,0
FB2312-baseline-awake,35,0.05,15,sine_squared,10,1,resolved,insufficient_improvement,4,NaN,1,0
FB2312-baseline-awake,35,0.05,15,sine_squared,25,1,resolved,insufficient_improvement,-14,NaN,0,0
FB2312-baseline-awake,35,0.05,30,linear,10,1,insufficient_improvement,insufficient_improvement,NaN,NaN,0,0
FB2312-baseline-awake,35,0.05,30,linear,25,1,insufficient_improvement,insufficient_improvement,NaN,NaN,0,0
FB2312-baseline-awake,35,0.05,30,sine_squared,10,1,insufficient_improvement,insufficient_improvement,NaN,NaN,0,0
FB2312-baseline-awake,35,0.05,30,sine_squared,25,1,insufficient_improvement,insufficient_improvement,NaN,NaN,0,0
FB2312-baseline-awake,35,0.1,5,linear,10,1,resolved,resolved,-2,0,1,1
FB2312-baseline-awake,35,0.1,5,linear,25,1,insufficient_improvement,resolved,NaN,-6,0,0
FB2312-baseline-awake,35,0.1,5,sine_squared,10,1,resolved,resolved,-2,0,1,1
FB2312-baseline-awake,35,0.1,5,sine_squared,25,1,insufficient_improvement,resolved,NaN,-6,0,0
FB2312-baseline-awake,35,0.1,15,linear,10,1,resolved,resolved,3,5,1,1
FB2312-baseline-awake,35,0.1,15,linear,25,1,resolved,resolved,-13,-13,0,0
FB2312-baseline-awake,35,0.1,15,sine_squared,10,1,resolved,resolved,4,5,1,1
FB2312-baseline-awake,35,0.1,15,sine_squared,25,1,resolved,resolved,-13,-13,0,0
FB2312-baseline-awake,35,0.1,30,linear,10,1,insufficient_improvement,insufficient_improvement,NaN,NaN,0,0
FB2312-baseline-awake,35,0.1,30,linear,25,1,resolved,insufficient_improvement,-13,NaN,0,0
FB2312-baseline-awake,35,0.1,30,sine_squared,10,1,insufficient_improvement,insufficient_improvement,NaN,NaN,0,0
FB2312-baseline-awake,35,0.1,30,sine_squared,25,1,broad_profile_unresolved,insufficient_improvement,NaN,NaN,0,0
FB2312-baseline-awake,35,0.2,5,linear,10,1,resolved,resolved,-3,-1,1,1
FB2312-baseline-awake,35,0.2,5,linear,25,1,not_a_rising_change,resolved,NaN,-5,0,1
FB2312-baseline-awake,35,0.2,5,sine_squared,10,1,resolved,resolved,-3,-1,1,1
FB2312-baseline-awake,35,0.2,5,sine_squared,25,1,not_a_rising_change,resolved,NaN,-4,0,1
FB2312-baseline-awake,35,0.2,15,linear,10,1,resolved,resolved,2,2,1,1
FB2312-baseline-awake,35,0.2,15,linear,25,1,resolved,resolved,-9,-7,0,0
FB2312-baseline-awake,35,0.2,15,sine_squared,10,1,resolved,resolved,3,5,1,1
FB2312-baseline-awake,35,0.2,15,sine_squared,25,1,resolved,search_boundary_unresolved,-9,NaN,0,0
FB2312-baseline-awake,35,0.2,30,linear,10,1,resolved,resolved,3,5,1,1
FB2312-baseline-awake,35,0.2,30,linear,25,1,resolved,resolved,-8,-13,0,0
FB2312-baseline-awake,35,0.2,30,sine_squared,10,1,resolved,resolved,4,5,1,1
FB2312-baseline-awake,35,0.2,30,sine_squared,25,1,resolved,broad_profile_unresolved,8,NaN,0,0
FB2312-baseline-awake,36,0.02,5,linear,10,1,insufficient_clean_context,insufficient_clean_context,NaN,NaN,0,0
FB2312-baseline-awake,36,0.02,5,linear,25,1,insufficient_clean_context,insufficient_clean_context,NaN,NaN,0,0
FB2312-baseline-awake,36,0.02,5,sine_squared,10,1,insufficient_clean_context,insufficient_clean_context,NaN,NaN,0,0
FB2312-baseline-awake,36,0.02,5,sine_squared,25,1,insufficient_clean_context,insufficient_clean_context,NaN,NaN,0,0
FB2312-baseline-awake,36,0.02,15,linear,10,1,insufficient_clean_context,insufficient_clean_context,NaN,NaN,0,0
FB2312-baseline-awake,36,0.02,15,linear,25,1,insufficient_clean_context,insufficient_clean_context,NaN,NaN,0,0
FB2312-baseline-awake,36,0.02,15,sine_squared,10,1,insufficient_clean_context,insufficient_clean_context,NaN,NaN,0,0
FB2312-baseline-awake,36,0.02,15,sine_squared,25,1,insufficient_clean_context,insufficient_clean_context,NaN,NaN,0,0
FB2312-baseline-awake,36,0.02,30,linear,10,1,insufficient_clean_context,insufficient_clean_context,NaN,NaN,0,0
FB2312-baseline-awake,36,0.02,30,linear,25,1,insufficient_clean_context,insufficient_clean_context,NaN,NaN,0,0
FB2312-baseline-awake,36,0.02,30,sine_squared,10,1,insufficient_clean_context,insufficient_clean_context,NaN,NaN,0,0
FB2312-baseline-awake,36,0.02,30,sine_squared,25,1,insufficient_clean_context,insufficient_clean_context,NaN,NaN,0,0
FB2312-baseline-awake,36,0.05,5,linear,10,1,insufficient_clean_context,insufficient_clean_context,NaN,NaN,0,0
FB2312-baseline-awake,36,0.05,5,linear,25,1,insufficient_clean_context,insufficient_clean_context,NaN,NaN,0,0
FB2312-baseline-awake,36,0.05,5,sine_squared,10,1,insufficient_clean_context,insufficient_clean_context,NaN,NaN,0,0
FB2312-baseline-awake,36,0.05,5,sine_squared,25,1,insufficient_clean_context,insufficient_clean_context,NaN,NaN,0,0
FB2312-baseline-awake,36,0.05,15,linear,10,1,insufficient_clean_context,insufficient_clean_context,NaN,NaN,0,0
FB2312-baseline-awake,36,0.05,15,linear,25,1,insufficient_clean_context,insufficient_clean_context,NaN,NaN,0,0
FB2312-baseline-awake,36,0.05,15,sine_squared,10,1,insufficient_clean_context,insufficient_clean_context,NaN,NaN,0,0
FB2312-baseline-awake,36,0.05,15,sine_squared,25,1,insufficient_clean_context,insufficient_clean_context,NaN,NaN,0,0
FB2312-baseline-awake,36,0.05,30,linear,10,1,insufficient_clean_context,insufficient_clean_context,NaN,NaN,0,0
FB2312-baseline-awake,36,0.05,30,linear,25,1,insufficient_clean_context,insufficient_clean_context,NaN,NaN,0,0
FB2312-baseline-awake,36,0.05,30,sine_squared,10,1,insufficient_clean_context,insufficient_clean_context,NaN,NaN,0,0
FB2312-baseline-awake,36,0.05,30,sine_squared,25,1,insufficient_clean_context,insufficient_clean_context,NaN,NaN,0,0
FB2312-baseline-awake,36,0.1,5,linear,10,1,insufficient_clean_context,insufficient_clean_context,NaN,NaN,0,0
FB2312-baseline-awake,36,0.1,5,linear,25,1,insufficient_clean_context,insufficient_clean_context,NaN,NaN,0,0
FB2312-baseline-awake,36,0.1,5,sine_squared,10,1,insufficient_clean_context,insufficient_clean_context,NaN,NaN,0,0
FB2312-baseline-awake,36,0.1,5,sine_squared,25,1,insufficient_clean_context,insufficient_clean_context,NaN,NaN,0,0
FB2312-baseline-awake,36,0.1,15,linear,10,1,insufficient_clean_context,insufficient_clean_context,NaN,NaN,0,0
FB2312-baseline-awake,36,0.1,15,linear,25,1,insufficient_clean_context,insufficient_clean_context,NaN,NaN,0,0
FB2312-baseline-awake,36,0.1,15,sine_squared,10,1,insufficient_clean_context,insufficient_clean_context,NaN,NaN,0,0
FB2312-baseline-awake,36,0.1,15,sine_squared,25,1,insufficient_clean_context,insufficient_clean_context,NaN,NaN,0,0
FB2312-baseline-awake,36,0.1,30,linear,10,1,insufficient_clean_context,insufficient_clean_context,NaN,NaN,0,0
FB2312-baseline-awake,36,0.1,30,linear,25,1,insufficient_clean_context,insufficient_clean_context,NaN,NaN,0,0
FB2312-baseline-awake,36,0.1,30,sine_squared,10,1,insufficient_clean_context,insufficient_clean_context,NaN,NaN,0,0
FB2312-baseline-awake,36,0.1,30,sine_squared,25,1,insufficient_clean_context,insufficient_clean_context,NaN,NaN,0,0
FB2312-baseline-awake,36,0.2,5,linear,10,1,insufficient_clean_context,insufficient_clean_context,NaN,NaN,0,0
FB2312-baseline-awake,36,0.2,5,linear,25,1,insufficient_clean_context,insufficient_clean_context,NaN,NaN,0,0
FB2312-baseline-awake,36,0.2,5,sine_squared,10,1,insufficient_clean_context,insufficient_clean_context,NaN,NaN,0,0
FB2312-baseline-awake,36,0.2,5,sine_squared,25,1,insufficient_clean_context,insufficient_clean_context,NaN,NaN,0,0
FB2312-baseline-awake,36,0.2,15,linear,10,1,insufficient_clean_context,insufficient_clean_context,NaN,NaN,0,0
FB2312-baseline-awake,36,0.2,15,linear,25,1,insufficient_clean_context,insufficient_clean_context,NaN,NaN,0,0
FB2312-baseline-awake,36,0.2,15,sine_squared,10,1,insufficient_clean_context,insufficient_clean_context,NaN,NaN,0,0
FB2312-baseline-awake,36,0.2,15,sine_squared,25,1,insufficient_clean_context,insufficient_clean_context,NaN,NaN,0,0
FB2312-baseline-awake,36,0.2,30,linear,10,1,insufficient_clean_context,insufficient_clean_context,NaN,NaN,0,0
FB2312-baseline-awake,36,0.2,30,linear,25,1,insufficient_clean_context,insufficient_clean_context,NaN,NaN,0,0
FB2312-baseline-awake,36,0.2,30,sine_squared,10,1,insufficient_clean_context,insufficient_clean_context,NaN,NaN,0,0
FB2312-baseline-awake,36,0.2,30,sine_squared,25,1,insufficient_clean_context,insufficient_clean_context,NaN,NaN,0,0
FB2312-baseline-awake,37,0.02,5,linear,10,1,insufficient_improvement,insufficient_improvement,NaN,NaN,0,0
FB2312-baseline-awake,37,0.02,5,linear,25,1,insufficient_improvement,insufficient_improvement,NaN,NaN,0,0
FB2312-baseline-awake,37,0.02,5,sine_squared,10,1,insufficient_improvement,insufficient_improvement,NaN,NaN,0,0
FB2312-baseline-awake,37,0.02,5,sine_squared,25,1,insufficient_improvement,insufficient_improvement,NaN,NaN,0,0
FB2312-baseline-awake,37,0.02,15,linear,10,1,insufficient_improvement,insufficient_improvement,NaN,NaN,0,0
FB2312-baseline-awake,37,0.02,15,linear,25,1,insufficient_improvement,insufficient_improvement,NaN,NaN,0,0
FB2312-baseline-awake,37,0.02,15,sine_squared,10,1,insufficient_improvement,insufficient_improvement,NaN,NaN,0,0
FB2312-baseline-awake,37,0.02,15,sine_squared,25,1,insufficient_improvement,insufficient_improvement,NaN,NaN,0,0
FB2312-baseline-awake,37,0.02,30,linear,10,1,insufficient_improvement,insufficient_improvement,NaN,NaN,0,0
FB2312-baseline-awake,37,0.02,30,linear,25,1,insufficient_improvement,insufficient_improvement,NaN,NaN,0,0
FB2312-baseline-awake,37,0.02,30,sine_squared,10,1,insufficient_improvement,insufficient_improvement,NaN,NaN,0,0
FB2312-baseline-awake,37,0.02,30,sine_squared,25,1,insufficient_improvement,insufficient_improvement,NaN,NaN,0,0
FB2312-baseline-awake,37,0.05,5,linear,10,1,insufficient_improvement,insufficient_improvement,NaN,NaN,0,0
FB2312-baseline-awake,37,0.05,5,linear,25,1,insufficient_improvement,insufficient_improvement,NaN,NaN,0,0
FB2312-baseline-awake,37,0.05,5,sine_squared,10,1,insufficient_improvement,insufficient_improvement,NaN,NaN,0,0
FB2312-baseline-awake,37,0.05,5,sine_squared,25,1,insufficient_improvement,insufficient_improvement,NaN,NaN,0,0
FB2312-baseline-awake,37,0.05,15,linear,10,1,insufficient_improvement,insufficient_improvement,NaN,NaN,0,0
FB2312-baseline-awake,37,0.05,15,linear,25,1,insufficient_improvement,insufficient_improvement,NaN,NaN,0,0
FB2312-baseline-awake,37,0.05,15,sine_squared,10,1,insufficient_improvement,insufficient_improvement,NaN,NaN,0,0
FB2312-baseline-awake,37,0.05,15,sine_squared,25,1,insufficient_improvement,insufficient_improvement,NaN,NaN,0,0
FB2312-baseline-awake,37,0.05,30,linear,10,1,insufficient_improvement,insufficient_improvement,NaN,NaN,0,0
FB2312-baseline-awake,37,0.05,30,linear,25,1,insufficient_improvement,insufficient_improvement,NaN,NaN,0,0
FB2312-baseline-awake,37,0.05,30,sine_squared,10,1,insufficient_improvement,insufficient_improvement,NaN,NaN,0,0
FB2312-baseline-awake,37,0.05,30,sine_squared,25,1,insufficient_improvement,insufficient_improvement,NaN,NaN,0,0
FB2312-baseline-awake,37,0.1,5,linear,10,1,resolved,resolved,1,3,1,1
FB2312-baseline-awake,37,0.1,5,linear,25,1,insufficient_improvement,insufficient_improvement,NaN,NaN,0,0
FB2312-baseline-awake,37,0.1,5,sine_squared,10,1,resolved,resolved,1,3,1,1
FB2312-baseline-awake,37,0.1,5,sine_squared,25,1,insufficient_improvement,insufficient_improvement,NaN,NaN,0,0
FB2312-baseline-awake,37,0.1,15,linear,10,1,resolved,insufficient_improvement,3,NaN,1,0
FB2312-baseline-awake,37,0.1,15,linear,25,1,insufficient_improvement,insufficient_improvement,NaN,NaN,0,0
FB2312-baseline-awake,37,0.1,15,sine_squared,10,1,resolved,insufficient_improvement,3,NaN,1,0
FB2312-baseline-awake,37,0.1,15,sine_squared,25,1,insufficient_improvement,insufficient_improvement,NaN,NaN,0,0
FB2312-baseline-awake,37,0.1,30,linear,10,1,insufficient_improvement,insufficient_improvement,NaN,NaN,0,0
FB2312-baseline-awake,37,0.1,30,linear,25,1,insufficient_improvement,insufficient_improvement,NaN,NaN,0,0
FB2312-baseline-awake,37,0.1,30,sine_squared,10,1,insufficient_improvement,insufficient_improvement,NaN,NaN,0,0
FB2312-baseline-awake,37,0.1,30,sine_squared,25,1,resolved,insufficient_improvement,17,NaN,0,0
FB2312-baseline-awake,37,0.2,5,linear,10,1,resolved,resolved,0,3,1,1
FB2312-baseline-awake,37,0.2,5,linear,25,1,not_a_rising_change,resolved,NaN,0,0,1
FB2312-baseline-awake,37,0.2,5,sine_squared,10,1,resolved,resolved,0,2,1,1
FB2312-baseline-awake,37,0.2,5,sine_squared,25,1,not_a_rising_change,resolved,NaN,0,0,1
FB2312-baseline-awake,37,0.2,15,linear,10,1,resolved,resolved,2,2,1,1
FB2312-baseline-awake,37,0.2,15,linear,25,1,insufficient_improvement,insufficient_improvement,NaN,NaN,0,0
FB2312-baseline-awake,37,0.2,15,sine_squared,10,1,resolved,resolved,3,3,1,1
FB2312-baseline-awake,37,0.2,15,sine_squared,25,1,insufficient_improvement,insufficient_improvement,NaN,NaN,0,0
FB2312-baseline-awake,37,0.2,30,linear,10,1,resolved,insufficient_improvement,3,NaN,1,0
FB2312-baseline-awake,37,0.2,30,linear,25,1,resolved,resolved,17,17,0,0
FB2312-baseline-awake,37,0.2,30,sine_squared,10,1,resolved,insufficient_improvement,8,NaN,0,0
FB2312-baseline-awake,37,0.2,30,sine_squared,25,1,resolved,resolved,16,18,0,0
FB2312-baseline-awake,38,0.02,5,linear,10,1,resolved,resolved,-1,-1,1,1
FB2312-baseline-awake,38,0.02,5,linear,25,1,resolved,insufficient_improvement,14,NaN,0,0
FB2312-baseline-awake,38,0.02,5,sine_squared,10,1,resolved,resolved,-1,2,1,1
FB2312-baseline-awake,38,0.02,5,sine_squared,25,1,resolved,insufficient_improvement,14,NaN,0,0
FB2312-baseline-awake,38,0.02,15,linear,10,1,resolved,resolved,0,0,1,1
FB2312-baseline-awake,38,0.02,15,linear,25,1,resolved,resolved,14,14,0,0
FB2312-baseline-awake,38,0.02,15,sine_squared,10,1,resolved,resolved,0,0,1,1
FB2312-baseline-awake,38,0.02,15,sine_squared,25,1,resolved,insufficient_improvement,14,NaN,0,0
FB2312-baseline-awake,38,0.02,30,linear,10,1,resolved,resolved,0,0,1,1
FB2312-baseline-awake,38,0.02,30,linear,25,1,resolved,resolved,15,15,0,0
FB2312-baseline-awake,38,0.02,30,sine_squared,10,1,resolved,insufficient_improvement,0,NaN,1,0
FB2312-baseline-awake,38,0.02,30,sine_squared,25,1,resolved,resolved,14,14,0,0
FB2312-baseline-awake,38,0.05,5,linear,10,1,resolved,resolved,-1,2,1,1
FB2312-baseline-awake,38,0.05,5,linear,25,1,insufficient_improvement,insufficient_improvement,NaN,NaN,0,0
FB2312-baseline-awake,38,0.05,5,sine_squared,10,1,resolved,resolved,-1,2,1,1
FB2312-baseline-awake,38,0.05,5,sine_squared,25,1,insufficient_improvement,insufficient_improvement,NaN,NaN,0,0
FB2312-baseline-awake,38,0.05,15,linear,10,1,resolved,resolved,0,0,1,1
FB2312-baseline-awake,38,0.05,15,linear,25,1,resolved,broad_profile_unresolved,13,NaN,0,0
FB2312-baseline-awake,38,0.05,15,sine_squared,10,1,resolved,resolved,0,0,1,1
FB2312-baseline-awake,38,0.05,15,sine_squared,25,1,resolved,broad_profile_unresolved,13,NaN,0,0
FB2312-baseline-awake,38,0.05,30,linear,10,1,resolved,resolved,0,0,1,1
FB2312-baseline-awake,38,0.05,30,linear,25,1,resolved,resolved,14,14,0,0
FB2312-baseline-awake,38,0.05,30,sine_squared,10,1,resolved,resolved,0,0,1,1
FB2312-baseline-awake,38,0.05,30,sine_squared,25,1,resolved,resolved,14,14,0,0
FB2312-baseline-awake,38,0.1,5,linear,10,1,resolved,resolved,-2,0,1,1
FB2312-baseline-awake,38,0.1,5,linear,25,1,insufficient_improvement,insufficient_improvement,NaN,NaN,0,0
FB2312-baseline-awake,38,0.1,5,sine_squared,10,1,resolved,resolved,-2,2,1,1
FB2312-baseline-awake,38,0.1,5,sine_squared,25,1,insufficient_improvement,insufficient_improvement,NaN,NaN,0,0
FB2312-baseline-awake,38,0.1,15,linear,10,1,resolved,resolved,0,0,1,1
FB2312-baseline-awake,38,0.1,15,linear,25,1,resolved,broad_profile_unresolved,6,NaN,0,0
FB2312-baseline-awake,38,0.1,15,sine_squared,10,1,resolved,resolved,0,0,1,1
FB2312-baseline-awake,38,0.1,15,sine_squared,25,1,resolved,resolved,4,4,1,1
FB2312-baseline-awake,38,0.1,30,linear,10,1,resolved,resolved,0,0,1,1
FB2312-baseline-awake,38,0.1,30,linear,25,1,resolved,resolved,14,14,0,0
FB2312-baseline-awake,38,0.1,30,sine_squared,10,1,resolved,resolved,0,0,1,1
FB2312-baseline-awake,38,0.1,30,sine_squared,25,1,resolved,resolved,13,13,0,0
FB2312-baseline-awake,38,0.2,5,linear,10,1,resolved,resolved,-2,0,1,1
FB2312-baseline-awake,38,0.2,5,linear,25,1,insufficient_improvement,resolved,NaN,2,0,1
FB2312-baseline-awake,38,0.2,5,sine_squared,10,1,resolved,resolved,-2,0,1,1
FB2312-baseline-awake,38,0.2,5,sine_squared,25,1,insufficient_improvement,resolved,NaN,2,0,1
FB2312-baseline-awake,38,0.2,15,linear,10,1,resolved,resolved,0,0,1,1
FB2312-baseline-awake,38,0.2,15,linear,25,1,resolved,resolved,1,1,1,1
FB2312-baseline-awake,38,0.2,15,sine_squared,10,1,resolved,resolved,1,1,1,1
FB2312-baseline-awake,38,0.2,15,sine_squared,25,1,resolved,resolved,1,2,1,1
FB2312-baseline-awake,38,0.2,30,linear,10,1,resolved,resolved,0,0,1,1
FB2312-baseline-awake,38,0.2,30,linear,25,1,resolved,resolved,12,2,0,1
FB2312-baseline-awake,38,0.2,30,sine_squared,10,1,resolved,resolved,1,-3,1,1
FB2312-baseline-awake,38,0.2,30,sine_squared,25,1,resolved,resolved,9,5,0,1
FB2312-baseline-awake,39,0.02,5,linear,10,1,insufficient_clean_context,insufficient_clean_context,NaN,NaN,0,0
FB2312-baseline-awake,39,0.02,5,linear,25,1,insufficient_clean_context,insufficient_clean_context,NaN,NaN,0,0
FB2312-baseline-awake,39,0.02,5,sine_squared,10,1,insufficient_clean_context,insufficient_clean_context,NaN,NaN,0,0
FB2312-baseline-awake,39,0.02,5,sine_squared,25,1,insufficient_clean_context,insufficient_clean_context,NaN,NaN,0,0
FB2312-baseline-awake,39,0.02,15,linear,10,1,insufficient_clean_context,insufficient_clean_context,NaN,NaN,0,0
FB2312-baseline-awake,39,0.02,15,linear,25,1,insufficient_clean_context,insufficient_clean_context,NaN,NaN,0,0
FB2312-baseline-awake,39,0.02,15,sine_squared,10,1,insufficient_clean_context,insufficient_clean_context,NaN,NaN,0,0
FB2312-baseline-awake,39,0.02,15,sine_squared,25,1,insufficient_clean_context,insufficient_clean_context,NaN,NaN,0,0
FB2312-baseline-awake,39,0.02,30,linear,10,1,insufficient_clean_context,insufficient_clean_context,NaN,NaN,0,0
FB2312-baseline-awake,39,0.02,30,linear,25,1,insufficient_clean_context,insufficient_clean_context,NaN,NaN,0,0
FB2312-baseline-awake,39,0.02,30,sine_squared,10,1,insufficient_clean_context,insufficient_clean_context,NaN,NaN,0,0
FB2312-baseline-awake,39,0.02,30,sine_squared,25,1,insufficient_clean_context,insufficient_clean_context,NaN,NaN,0,0
FB2312-baseline-awake,39,0.05,5,linear,10,1,insufficient_clean_context,insufficient_clean_context,NaN,NaN,0,0
FB2312-baseline-awake,39,0.05,5,linear,25,1,insufficient_clean_context,insufficient_clean_context,NaN,NaN,0,0
FB2312-baseline-awake,39,0.05,5,sine_squared,10,1,insufficient_clean_context,insufficient_clean_context,NaN,NaN,0,0
FB2312-baseline-awake,39,0.05,5,sine_squared,25,1,insufficient_clean_context,insufficient_clean_context,NaN,NaN,0,0
FB2312-baseline-awake,39,0.05,15,linear,10,1,insufficient_clean_context,insufficient_clean_context,NaN,NaN,0,0
FB2312-baseline-awake,39,0.05,15,linear,25,1,insufficient_clean_context,insufficient_clean_context,NaN,NaN,0,0
FB2312-baseline-awake,39,0.05,15,sine_squared,10,1,insufficient_clean_context,insufficient_clean_context,NaN,NaN,0,0
FB2312-baseline-awake,39,0.05,15,sine_squared,25,1,insufficient_clean_context,insufficient_clean_context,NaN,NaN,0,0
FB2312-baseline-awake,39,0.05,30,linear,10,1,insufficient_clean_context,insufficient_clean_context,NaN,NaN,0,0
FB2312-baseline-awake,39,0.05,30,linear,25,1,insufficient_clean_context,insufficient_clean_context,NaN,NaN,0,0
FB2312-baseline-awake,39,0.05,30,sine_squared,10,1,insufficient_clean_context,insufficient_clean_context,NaN,NaN,0,0
FB2312-baseline-awake,39,0.05,30,sine_squared,25,1,insufficient_clean_context,insufficient_clean_context,NaN,NaN,0,0
FB2312-baseline-awake,39,0.1,5,linear,10,1,insufficient_clean_context,insufficient_clean_context,NaN,NaN,0,0
FB2312-baseline-awake,39,0.1,5,linear,25,1,insufficient_clean_context,insufficient_clean_context,NaN,NaN,0,0
FB2312-baseline-awake,39,0.1,5,sine_squared,10,1,insufficient_clean_context,insufficient_clean_context,NaN,NaN,0,0
FB2312-baseline-awake,39,0.1,5,sine_squared,25,1,insufficient_clean_context,insufficient_clean_context,NaN,NaN,0,0
FB2312-baseline-awake,39,0.1,15,linear,10,1,insufficient_clean_context,insufficient_clean_context,NaN,NaN,0,0
FB2312-baseline-awake,39,0.1,15,linear,25,1,insufficient_clean_context,insufficient_clean_context,NaN,NaN,0,0
FB2312-baseline-awake,39,0.1,15,sine_squared,10,1,insufficient_clean_context,insufficient_clean_context,NaN,NaN,0,0
FB2312-baseline-awake,39,0.1,15,sine_squared,25,1,insufficient_clean_context,insufficient_clean_context,NaN,NaN,0,0
FB2312-baseline-awake,39,0.1,30,linear,10,1,insufficient_clean_context,insufficient_clean_context,NaN,NaN,0,0
FB2312-baseline-awake,39,0.1,30,linear,25,1,insufficient_clean_context,insufficient_clean_context,NaN,NaN,0,0
FB2312-baseline-awake,39,0.1,30,sine_squared,10,1,insufficient_clean_context,insufficient_clean_context,NaN,NaN,0,0
FB2312-baseline-awake,39,0.1,30,sine_squared,25,1,insufficient_clean_context,insufficient_clean_context,NaN,NaN,0,0
FB2312-baseline-awake,39,0.2,5,linear,10,1,insufficient_clean_context,insufficient_clean_context,NaN,NaN,0,0
FB2312-baseline-awake,39,0.2,5,linear,25,1,insufficient_clean_context,insufficient_clean_context,NaN,NaN,0,0
FB2312-baseline-awake,39,0.2,5,sine_squared,10,1,insufficient_clean_context,insufficient_clean_context,NaN,NaN,0,0
FB2312-baseline-awake,39,0.2,5,sine_squared,25,1,insufficient_clean_context,insufficient_clean_context,NaN,NaN,0,0
FB2312-baseline-awake,39,0.2,15,linear,10,1,insufficient_clean_context,insufficient_clean_context,NaN,NaN,0,0
FB2312-baseline-awake,39,0.2,15,linear,25,1,insufficient_clean_context,insufficient_clean_context,NaN,NaN,0,0
FB2312-baseline-awake,39,0.2,15,sine_squared,10,1,insufficient_clean_context,insufficient_clean_context,NaN,NaN,0,0
FB2312-baseline-awake,39,0.2,15,sine_squared,25,1,insufficient_clean_context,insufficient_clean_context,NaN,NaN,0,0
FB2312-baseline-awake,39,0.2,30,linear,10,1,insufficient_clean_context,insufficient_clean_context,NaN,NaN,0,0
FB2312-baseline-awake,39,0.2,30,linear,25,1,insufficient_clean_context,insufficient_clean_context,NaN,NaN,0,0
FB2312-baseline-awake,39,0.2,30,sine_squared,10,1,insufficient_clean_context,insufficient_clean_context,NaN,NaN,0,0
FB2312-baseline-awake,39,0.2,30,sine_squared,25,1,insufficient_clean_context,insufficient_clean_context,NaN,NaN,0,0
FB2312-baseline-awake,40,0.02,5,linear,10,1,insufficient_improvement,insufficient_improvement,NaN,NaN,0,0
FB2312-baseline-awake,40,0.02,5,linear,25,1,insufficient_improvement,insufficient_improvement,NaN,NaN,0,0
FB2312-baseline-awake,40,0.02,5,sine_squared,10,1,insufficient_improvement,insufficient_improvement,NaN,NaN,0,0
FB2312-baseline-awake,40,0.02,5,sine_squared,25,1,insufficient_improvement,insufficient_improvement,NaN,NaN,0,0
FB2312-baseline-awake,40,0.02,15,linear,10,1,insufficient_improvement,insufficient_improvement,NaN,NaN,0,0
FB2312-baseline-awake,40,0.02,15,linear,25,1,insufficient_improvement,insufficient_improvement,NaN,NaN,0,0
FB2312-baseline-awake,40,0.02,15,sine_squared,10,1,insufficient_improvement,insufficient_improvement,NaN,NaN,0,0
FB2312-baseline-awake,40,0.02,15,sine_squared,25,1,insufficient_improvement,insufficient_improvement,NaN,NaN,0,0
FB2312-baseline-awake,40,0.02,30,linear,10,1,insufficient_improvement,insufficient_improvement,NaN,NaN,0,0
FB2312-baseline-awake,40,0.02,30,linear,25,1,insufficient_improvement,insufficient_improvement,NaN,NaN,0,0
FB2312-baseline-awake,40,0.02,30,sine_squared,10,1,insufficient_improvement,insufficient_improvement,NaN,NaN,0,0
FB2312-baseline-awake,40,0.02,30,sine_squared,25,1,insufficient_improvement,insufficient_improvement,NaN,NaN,0,0
FB2312-baseline-awake,40,0.05,5,linear,10,1,insufficient_improvement,insufficient_improvement,NaN,NaN,0,0
FB2312-baseline-awake,40,0.05,5,linear,25,1,not_a_rising_change,insufficient_improvement,NaN,NaN,0,0
FB2312-baseline-awake,40,0.05,5,sine_squared,10,1,insufficient_improvement,insufficient_improvement,NaN,NaN,0,0
FB2312-baseline-awake,40,0.05,5,sine_squared,25,1,not_a_rising_change,insufficient_improvement,NaN,NaN,0,0
FB2312-baseline-awake,40,0.05,15,linear,10,1,insufficient_improvement,insufficient_improvement,NaN,NaN,0,0
FB2312-baseline-awake,40,0.05,15,linear,25,1,insufficient_improvement,insufficient_improvement,NaN,NaN,0,0
FB2312-baseline-awake,40,0.05,15,sine_squared,10,1,insufficient_improvement,insufficient_improvement,NaN,NaN,0,0
FB2312-baseline-awake,40,0.05,15,sine_squared,25,1,insufficient_improvement,insufficient_improvement,NaN,NaN,0,0
FB2312-baseline-awake,40,0.05,30,linear,10,1,insufficient_improvement,insufficient_improvement,NaN,NaN,0,0
FB2312-baseline-awake,40,0.05,30,linear,25,1,insufficient_improvement,insufficient_improvement,NaN,NaN,0,0
FB2312-baseline-awake,40,0.05,30,sine_squared,10,1,insufficient_improvement,insufficient_improvement,NaN,NaN,0,0
FB2312-baseline-awake,40,0.05,30,sine_squared,25,1,insufficient_improvement,insufficient_improvement,NaN,NaN,0,0
FB2312-baseline-awake,40,0.1,5,linear,10,1,resolved,insufficient_improvement,8,NaN,0,0
FB2312-baseline-awake,40,0.1,5,linear,25,1,not_a_rising_change,resolved,NaN,1,0,1
FB2312-baseline-awake,40,0.1,5,sine_squared,10,1,resolved,insufficient_improvement,8,NaN,0,0
FB2312-baseline-awake,40,0.1,5,sine_squared,25,1,not_a_rising_change,resolved,NaN,1,0,1
FB2312-baseline-awake,40,0.1,15,linear,10,1,resolved,insufficient_improvement,8,NaN,0,0
FB2312-baseline-awake,40,0.1,15,linear,25,1,insufficient_improvement,insufficient_improvement,NaN,NaN,0,0
FB2312-baseline-awake,40,0.1,15,sine_squared,10,1,resolved,resolved,8,9,0,0
FB2312-baseline-awake,40,0.1,15,sine_squared,25,1,insufficient_improvement,insufficient_improvement,NaN,NaN,0,0
FB2312-baseline-awake,40,0.1,30,linear,10,1,insufficient_improvement,insufficient_improvement,NaN,NaN,0,0
FB2312-baseline-awake,40,0.1,30,linear,25,1,insufficient_improvement,insufficient_improvement,NaN,NaN,0,0
FB2312-baseline-awake,40,0.1,30,sine_squared,10,1,insufficient_improvement,insufficient_improvement,NaN,NaN,0,0
FB2312-baseline-awake,40,0.1,30,sine_squared,25,1,insufficient_improvement,insufficient_improvement,NaN,NaN,0,0
FB2312-baseline-awake,40,0.2,5,linear,10,1,resolved,resolved,-5,-5,1,1
FB2312-baseline-awake,40,0.2,5,linear,25,1,not_a_rising_change,resolved,NaN,0,0,1
FB2312-baseline-awake,40,0.2,5,sine_squared,10,1,resolved,resolved,-4,-4,1,1
FB2312-baseline-awake,40,0.2,5,sine_squared,25,1,not_a_rising_change,resolved,NaN,2,0,1
FB2312-baseline-awake,40,0.2,15,linear,10,1,resolved,resolved,8,8,0,0
FB2312-baseline-awake,40,0.2,15,linear,25,1,insufficient_improvement,resolved,NaN,2,0,1
FB2312-baseline-awake,40,0.2,15,sine_squared,10,1,resolved,resolved,7,7,0,0
FB2312-baseline-awake,40,0.2,15,sine_squared,25,1,insufficient_improvement,resolved,NaN,3,0,1
FB2312-baseline-awake,40,0.2,30,linear,10,1,resolved,insufficient_improvement,8,NaN,0,0
FB2312-baseline-awake,40,0.2,30,linear,25,1,resolved,insufficient_improvement,23,NaN,0,0
FB2312-baseline-awake,40,0.2,30,sine_squared,10,1,resolved,insufficient_improvement,9,NaN,0,0
FB2312-baseline-awake,40,0.2,30,sine_squared,25,1,resolved,broad_profile_unresolved,2,NaN,1,0
FB2411,1,0.02,5,linear,10,0,construction_unavailable,construction_unavailable,NaN,NaN,0,0
FB2411,1,0.02,5,linear,25,0,construction_unavailable,construction_unavailable,NaN,NaN,0,0
FB2411,1,0.02,5,sine_squared,10,0,construction_unavailable,construction_unavailable,NaN,NaN,0,0
FB2411,1,0.02,5,sine_squared,25,0,construction_unavailable,construction_unavailable,NaN,NaN,0,0
FB2411,1,0.02,15,linear,10,0,construction_unavailable,construction_unavailable,NaN,NaN,0,0
FB2411,1,0.02,15,linear,25,0,construction_unavailable,construction_unavailable,NaN,NaN,0,0
FB2411,1,0.02,15,sine_squared,10,0,construction_unavailable,construction_unavailable,NaN,NaN,0,0
FB2411,1,0.02,15,sine_squared,25,0,construction_unavailable,construction_unavailable,NaN,NaN,0,0
FB2411,1,0.02,30,linear,10,0,construction_unavailable,construction_unavailable,NaN,NaN,0,0
FB2411,1,0.02,30,linear,25,0,construction_unavailable,construction_unavailable,NaN,NaN,0,0
FB2411,1,0.02,30,sine_squared,10,0,construction_unavailable,construction_unavailable,NaN,NaN,0,0
FB2411,1,0.02,30,sine_squared,25,0,construction_unavailable,construction_unavailable,NaN,NaN,0,0
FB2411,1,0.05,5,linear,10,0,construction_unavailable,construction_unavailable,NaN,NaN,0,0
FB2411,1,0.05,5,linear,25,0,construction_unavailable,construction_unavailable,NaN,NaN,0,0
FB2411,1,0.05,5,sine_squared,10,0,construction_unavailable,construction_unavailable,NaN,NaN,0,0
FB2411,1,0.05,5,sine_squared,25,0,construction_unavailable,construction_unavailable,NaN,NaN,0,0
FB2411,1,0.05,15,linear,10,0,construction_unavailable,construction_unavailable,NaN,NaN,0,0
FB2411,1,0.05,15,linear,25,0,construction_unavailable,construction_unavailable,NaN,NaN,0,0
FB2411,1,0.05,15,sine_squared,10,0,construction_unavailable,construction_unavailable,NaN,NaN,0,0
FB2411,1,0.05,15,sine_squared,25,0,construction_unavailable,construction_unavailable,NaN,NaN,0,0
FB2411,1,0.05,30,linear,10,0,construction_unavailable,construction_unavailable,NaN,NaN,0,0
FB2411,1,0.05,30,linear,25,0,construction_unavailable,construction_unavailable,NaN,NaN,0,0
FB2411,1,0.05,30,sine_squared,10,0,construction_unavailable,construction_unavailable,NaN,NaN,0,0
FB2411,1,0.05,30,sine_squared,25,0,construction_unavailable,construction_unavailable,NaN,NaN,0,0
FB2411,1,0.1,5,linear,10,0,construction_unavailable,construction_unavailable,NaN,NaN,0,0
FB2411,1,0.1,5,linear,25,0,construction_unavailable,construction_unavailable,NaN,NaN,0,0
FB2411,1,0.1,5,sine_squared,10,0,construction_unavailable,construction_unavailable,NaN,NaN,0,0
FB2411,1,0.1,5,sine_squared,25,0,construction_unavailable,construction_unavailable,NaN,NaN,0,0
FB2411,1,0.1,15,linear,10,0,construction_unavailable,construction_unavailable,NaN,NaN,0,0
FB2411,1,0.1,15,linear,25,0,construction_unavailable,construction_unavailable,NaN,NaN,0,0
FB2411,1,0.1,15,sine_squared,10,0,construction_unavailable,construction_unavailable,NaN,NaN,0,0
FB2411,1,0.1,15,sine_squared,25,0,construction_unavailable,construction_unavailable,NaN,NaN,0,0
FB2411,1,0.1,30,linear,10,0,construction_unavailable,construction_unavailable,NaN,NaN,0,0
FB2411,1,0.1,30,linear,25,0,construction_unavailable,construction_unavailable,NaN,NaN,0,0
FB2411,1,0.1,30,sine_squared,10,0,construction_unavailable,construction_unavailable,NaN,NaN,0,0
FB2411,1,0.1,30,sine_squared,25,0,construction_unavailable,construction_unavailable,NaN,NaN,0,0
FB2411,1,0.2,5,linear,10,0,construction_unavailable,construction_unavailable,NaN,NaN,0,0
FB2411,1,0.2,5,linear,25,0,construction_unavailable,construction_unavailable,NaN,NaN,0,0
FB2411,1,0.2,5,sine_squared,10,0,construction_unavailable,construction_unavailable,NaN,NaN,0,0
FB2411,1,0.2,5,sine_squared,25,0,construction_unavailable,construction_unavailable,NaN,NaN,0,0
FB2411,1,0.2,15,linear,10,0,construction_unavailable,construction_unavailable,NaN,NaN,0,0
FB2411,1,0.2,15,linear,25,0,construction_unavailable,construction_unavailable,NaN,NaN,0,0
FB2411,1,0.2,15,sine_squared,10,0,construction_unavailable,construction_unavailable,NaN,NaN,0,0
FB2411,1,0.2,15,sine_squared,25,0,construction_unavailable,construction_unavailable,NaN,NaN,0,0
FB2411,1,0.2,30,linear,10,0,construction_unavailable,construction_unavailable,NaN,NaN,0,0
FB2411,1,0.2,30,linear,25,0,construction_unavailable,construction_unavailable,NaN,NaN,0,0
FB2411,1,0.2,30,sine_squared,10,0,construction_unavailable,construction_unavailable,NaN,NaN,0,0
FB2411,1,0.2,30,sine_squared,25,0,construction_unavailable,construction_unavailable,NaN,NaN,0,0
FB2411,2,0.02,5,linear,10,1,insufficient_clean_context,insufficient_clean_context,NaN,NaN,0,0
FB2411,2,0.02,5,linear,25,0,construction_unavailable,construction_unavailable,NaN,NaN,0,0
FB2411,2,0.02,5,sine_squared,10,1,insufficient_clean_context,insufficient_clean_context,NaN,NaN,0,0
FB2411,2,0.02,5,sine_squared,25,0,construction_unavailable,construction_unavailable,NaN,NaN,0,0
FB2411,2,0.02,15,linear,10,1,insufficient_clean_context,insufficient_clean_context,NaN,NaN,0,0
FB2411,2,0.02,15,linear,25,0,construction_unavailable,construction_unavailable,NaN,NaN,0,0
FB2411,2,0.02,15,sine_squared,10,1,insufficient_clean_context,insufficient_clean_context,NaN,NaN,0,0
FB2411,2,0.02,15,sine_squared,25,0,construction_unavailable,construction_unavailable,NaN,NaN,0,0
FB2411,2,0.02,30,linear,10,1,insufficient_clean_context,insufficient_clean_context,NaN,NaN,0,0
FB2411,2,0.02,30,linear,25,0,construction_unavailable,construction_unavailable,NaN,NaN,0,0
FB2411,2,0.02,30,sine_squared,10,1,insufficient_clean_context,insufficient_clean_context,NaN,NaN,0,0
FB2411,2,0.02,30,sine_squared,25,0,construction_unavailable,construction_unavailable,NaN,NaN,0,0
FB2411,2,0.05,5,linear,10,1,insufficient_clean_context,insufficient_clean_context,NaN,NaN,0,0
FB2411,2,0.05,5,linear,25,0,construction_unavailable,construction_unavailable,NaN,NaN,0,0
FB2411,2,0.05,5,sine_squared,10,1,insufficient_clean_context,insufficient_clean_context,NaN,NaN,0,0
FB2411,2,0.05,5,sine_squared,25,0,construction_unavailable,construction_unavailable,NaN,NaN,0,0
FB2411,2,0.05,15,linear,10,1,insufficient_clean_context,insufficient_clean_context,NaN,NaN,0,0
FB2411,2,0.05,15,linear,25,0,construction_unavailable,construction_unavailable,NaN,NaN,0,0
FB2411,2,0.05,15,sine_squared,10,1,insufficient_clean_context,insufficient_clean_context,NaN,NaN,0,0
FB2411,2,0.05,15,sine_squared,25,0,construction_unavailable,construction_unavailable,NaN,NaN,0,0
FB2411,2,0.05,30,linear,10,1,insufficient_clean_context,insufficient_clean_context,NaN,NaN,0,0
FB2411,2,0.05,30,linear,25,0,construction_unavailable,construction_unavailable,NaN,NaN,0,0
FB2411,2,0.05,30,sine_squared,10,1,insufficient_clean_context,insufficient_clean_context,NaN,NaN,0,0
FB2411,2,0.05,30,sine_squared,25,0,construction_unavailable,construction_unavailable,NaN,NaN,0,0
FB2411,2,0.1,5,linear,10,1,insufficient_clean_context,insufficient_clean_context,NaN,NaN,0,0
FB2411,2,0.1,5,linear,25,0,construction_unavailable,construction_unavailable,NaN,NaN,0,0
FB2411,2,0.1,5,sine_squared,10,1,insufficient_clean_context,insufficient_clean_context,NaN,NaN,0,0
FB2411,2,0.1,5,sine_squared,25,0,construction_unavailable,construction_unavailable,NaN,NaN,0,0
FB2411,2,0.1,15,linear,10,1,insufficient_clean_context,insufficient_clean_context,NaN,NaN,0,0
FB2411,2,0.1,15,linear,25,0,construction_unavailable,construction_unavailable,NaN,NaN,0,0
FB2411,2,0.1,15,sine_squared,10,1,insufficient_clean_context,insufficient_clean_context,NaN,NaN,0,0
FB2411,2,0.1,15,sine_squared,25,0,construction_unavailable,construction_unavailable,NaN,NaN,0,0
FB2411,2,0.1,30,linear,10,1,insufficient_clean_context,insufficient_clean_context,NaN,NaN,0,0
FB2411,2,0.1,30,linear,25,0,construction_unavailable,construction_unavailable,NaN,NaN,0,0
FB2411,2,0.1,30,sine_squared,10,1,insufficient_clean_context,insufficient_clean_context,NaN,NaN,0,0
FB2411,2,0.1,30,sine_squared,25,0,construction_unavailable,construction_unavailable,NaN,NaN,0,0
FB2411,2,0.2,5,linear,10,1,insufficient_clean_context,insufficient_clean_context,NaN,NaN,0,0
FB2411,2,0.2,5,linear,25,0,construction_unavailable,construction_unavailable,NaN,NaN,0,0
FB2411,2,0.2,5,sine_squared,10,1,insufficient_clean_context,insufficient_clean_context,NaN,NaN,0,0
FB2411,2,0.2,5,sine_squared,25,0,construction_unavailable,construction_unavailable,NaN,NaN,0,0
FB2411,2,0.2,15,linear,10,1,insufficient_clean_context,insufficient_clean_context,NaN,NaN,0,0
FB2411,2,0.2,15,linear,25,0,construction_unavailable,construction_unavailable,NaN,NaN,0,0
FB2411,2,0.2,15,sine_squared,10,1,insufficient_clean_context,insufficient_clean_context,NaN,NaN,0,0
FB2411,2,0.2,15,sine_squared,25,0,construction_unavailable,construction_unavailable,NaN,NaN,0,0
FB2411,2,0.2,30,linear,10,1,insufficient_clean_context,insufficient_clean_context,NaN,NaN,0,0
FB2411,2,0.2,30,linear,25,0,construction_unavailable,construction_unavailable,NaN,NaN,0,0
FB2411,2,0.2,30,sine_squared,10,1,insufficient_clean_context,insufficient_clean_context,NaN,NaN,0,0
FB2411,2,0.2,30,sine_squared,25,0,construction_unavailable,construction_unavailable,NaN,NaN,0,0
FB2411,3,0.02,5,linear,10,1,insufficient_clean_context,insufficient_clean_context,NaN,NaN,0,0
FB2411,3,0.02,5,linear,25,1,insufficient_clean_context,insufficient_clean_context,NaN,NaN,0,0
FB2411,3,0.02,5,sine_squared,10,1,insufficient_clean_context,insufficient_clean_context,NaN,NaN,0,0
FB2411,3,0.02,5,sine_squared,25,1,insufficient_clean_context,insufficient_clean_context,NaN,NaN,0,0
FB2411,3,0.02,15,linear,10,1,insufficient_clean_context,insufficient_clean_context,NaN,NaN,0,0
FB2411,3,0.02,15,linear,25,1,insufficient_clean_context,insufficient_clean_context,NaN,NaN,0,0
FB2411,3,0.02,15,sine_squared,10,1,insufficient_clean_context,insufficient_clean_context,NaN,NaN,0,0
FB2411,3,0.02,15,sine_squared,25,1,insufficient_clean_context,insufficient_clean_context,NaN,NaN,0,0
FB2411,3,0.02,30,linear,10,1,insufficient_clean_context,insufficient_clean_context,NaN,NaN,0,0
FB2411,3,0.02,30,linear,25,1,insufficient_clean_context,insufficient_clean_context,NaN,NaN,0,0
FB2411,3,0.02,30,sine_squared,10,1,insufficient_clean_context,insufficient_clean_context,NaN,NaN,0,0
FB2411,3,0.02,30,sine_squared,25,1,insufficient_clean_context,insufficient_clean_context,NaN,NaN,0,0
FB2411,3,0.05,5,linear,10,1,insufficient_clean_context,insufficient_clean_context,NaN,NaN,0,0
FB2411,3,0.05,5,linear,25,1,insufficient_clean_context,insufficient_clean_context,NaN,NaN,0,0
FB2411,3,0.05,5,sine_squared,10,1,insufficient_clean_context,insufficient_clean_context,NaN,NaN,0,0
FB2411,3,0.05,5,sine_squared,25,1,insufficient_clean_context,insufficient_clean_context,NaN,NaN,0,0
FB2411,3,0.05,15,linear,10,1,insufficient_clean_context,insufficient_clean_context,NaN,NaN,0,0
FB2411,3,0.05,15,linear,25,1,insufficient_clean_context,insufficient_clean_context,NaN,NaN,0,0
FB2411,3,0.05,15,sine_squared,10,1,insufficient_clean_context,insufficient_clean_context,NaN,NaN,0,0
FB2411,3,0.05,15,sine_squared,25,1,insufficient_clean_context,insufficient_clean_context,NaN,NaN,0,0
FB2411,3,0.05,30,linear,10,1,insufficient_clean_context,insufficient_clean_context,NaN,NaN,0,0
FB2411,3,0.05,30,linear,25,1,insufficient_clean_context,insufficient_clean_context,NaN,NaN,0,0
FB2411,3,0.05,30,sine_squared,10,1,insufficient_clean_context,insufficient_clean_context,NaN,NaN,0,0
FB2411,3,0.05,30,sine_squared,25,1,insufficient_clean_context,insufficient_clean_context,NaN,NaN,0,0
FB2411,3,0.1,5,linear,10,1,insufficient_clean_context,insufficient_clean_context,NaN,NaN,0,0
FB2411,3,0.1,5,linear,25,1,insufficient_clean_context,insufficient_clean_context,NaN,NaN,0,0
FB2411,3,0.1,5,sine_squared,10,1,insufficient_clean_context,insufficient_clean_context,NaN,NaN,0,0
FB2411,3,0.1,5,sine_squared,25,1,insufficient_clean_context,insufficient_clean_context,NaN,NaN,0,0
FB2411,3,0.1,15,linear,10,1,insufficient_clean_context,insufficient_clean_context,NaN,NaN,0,0
FB2411,3,0.1,15,linear,25,1,insufficient_clean_context,insufficient_clean_context,NaN,NaN,0,0
FB2411,3,0.1,15,sine_squared,10,1,insufficient_clean_context,insufficient_clean_context,NaN,NaN,0,0
FB2411,3,0.1,15,sine_squared,25,1,insufficient_clean_context,insufficient_clean_context,NaN,NaN,0,0
FB2411,3,0.1,30,linear,10,1,insufficient_clean_context,insufficient_clean_context,NaN,NaN,0,0
FB2411,3,0.1,30,linear,25,1,insufficient_clean_context,insufficient_clean_context,NaN,NaN,0,0
FB2411,3,0.1,30,sine_squared,10,1,insufficient_clean_context,insufficient_clean_context,NaN,NaN,0,0
FB2411,3,0.1,30,sine_squared,25,1,insufficient_clean_context,insufficient_clean_context,NaN,NaN,0,0
FB2411,3,0.2,5,linear,10,1,insufficient_clean_context,insufficient_clean_context,NaN,NaN,0,0
FB2411,3,0.2,5,linear,25,1,insufficient_clean_context,insufficient_clean_context,NaN,NaN,0,0
FB2411,3,0.2,5,sine_squared,10,1,insufficient_clean_context,insufficient_clean_context,NaN,NaN,0,0
FB2411,3,0.2,5,sine_squared,25,1,insufficient_clean_context,insufficient_clean_context,NaN,NaN,0,0
FB2411,3,0.2,15,linear,10,1,insufficient_clean_context,insufficient_clean_context,NaN,NaN,0,0
FB2411,3,0.2,15,linear,25,1,insufficient_clean_context,insufficient_clean_context,NaN,NaN,0,0
FB2411,3,0.2,15,sine_squared,10,1,insufficient_clean_context,insufficient_clean_context,NaN,NaN,0,0
FB2411,3,0.2,15,sine_squared,25,1,insufficient_clean_context,insufficient_clean_context,NaN,NaN,0,0
FB2411,3,0.2,30,linear,10,1,insufficient_clean_context,insufficient_clean_context,NaN,NaN,0,0
FB2411,3,0.2,30,linear,25,1,insufficient_clean_context,insufficient_clean_context,NaN,NaN,0,0
FB2411,3,0.2,30,sine_squared,10,1,insufficient_clean_context,insufficient_clean_context,NaN,NaN,0,0
FB2411,3,0.2,30,sine_squared,25,1,insufficient_clean_context,insufficient_clean_context,NaN,NaN,0,0
FB2411,4,0.02,5,linear,10,1,insufficient_clean_context,insufficient_clean_context,NaN,NaN,0,0
FB2411,4,0.02,5,linear,25,1,insufficient_clean_context,insufficient_clean_context,NaN,NaN,0,0
FB2411,4,0.02,5,sine_squared,10,1,insufficient_clean_context,insufficient_clean_context,NaN,NaN,0,0
FB2411,4,0.02,5,sine_squared,25,1,insufficient_clean_context,insufficient_clean_context,NaN,NaN,0,0
FB2411,4,0.02,15,linear,10,1,insufficient_clean_context,insufficient_clean_context,NaN,NaN,0,0
FB2411,4,0.02,15,linear,25,1,insufficient_clean_context,insufficient_clean_context,NaN,NaN,0,0
FB2411,4,0.02,15,sine_squared,10,1,insufficient_clean_context,insufficient_clean_context,NaN,NaN,0,0
FB2411,4,0.02,15,sine_squared,25,1,insufficient_clean_context,insufficient_clean_context,NaN,NaN,0,0
FB2411,4,0.02,30,linear,10,1,insufficient_clean_context,insufficient_clean_context,NaN,NaN,0,0
FB2411,4,0.02,30,linear,25,1,insufficient_clean_context,insufficient_clean_context,NaN,NaN,0,0
FB2411,4,0.02,30,sine_squared,10,1,insufficient_clean_context,insufficient_clean_context,NaN,NaN,0,0
FB2411,4,0.02,30,sine_squared,25,1,insufficient_clean_context,insufficient_clean_context,NaN,NaN,0,0
FB2411,4,0.05,5,linear,10,1,insufficient_clean_context,insufficient_clean_context,NaN,NaN,0,0
FB2411,4,0.05,5,linear,25,1,insufficient_clean_context,insufficient_clean_context,NaN,NaN,0,0
FB2411,4,0.05,5,sine_squared,10,1,insufficient_clean_context,insufficient_clean_context,NaN,NaN,0,0
FB2411,4,0.05,5,sine_squared,25,1,insufficient_clean_context,insufficient_clean_context,NaN,NaN,0,0
FB2411,4,0.05,15,linear,10,1,insufficient_clean_context,insufficient_clean_context,NaN,NaN,0,0
FB2411,4,0.05,15,linear,25,1,insufficient_clean_context,insufficient_clean_context,NaN,NaN,0,0
FB2411,4,0.05,15,sine_squared,10,1,insufficient_clean_context,insufficient_clean_context,NaN,NaN,0,0
FB2411,4,0.05,15,sine_squared,25,1,insufficient_clean_context,insufficient_clean_context,NaN,NaN,0,0
FB2411,4,0.05,30,linear,10,1,insufficient_clean_context,insufficient_clean_context,NaN,NaN,0,0
FB2411,4,0.05,30,linear,25,1,insufficient_clean_context,insufficient_clean_context,NaN,NaN,0,0
FB2411,4,0.05,30,sine_squared,10,1,insufficient_clean_context,insufficient_clean_context,NaN,NaN,0,0
FB2411,4,0.05,30,sine_squared,25,1,insufficient_clean_context,insufficient_clean_context,NaN,NaN,0,0
FB2411,4,0.1,5,linear,10,1,insufficient_clean_context,insufficient_clean_context,NaN,NaN,0,0
FB2411,4,0.1,5,linear,25,1,insufficient_clean_context,insufficient_clean_context,NaN,NaN,0,0
FB2411,4,0.1,5,sine_squared,10,1,insufficient_clean_context,insufficient_clean_context,NaN,NaN,0,0
FB2411,4,0.1,5,sine_squared,25,1,insufficient_clean_context,insufficient_clean_context,NaN,NaN,0,0
FB2411,4,0.1,15,linear,10,1,insufficient_clean_context,insufficient_clean_context,NaN,NaN,0,0
FB2411,4,0.1,15,linear,25,1,insufficient_clean_context,insufficient_clean_context,NaN,NaN,0,0
FB2411,4,0.1,15,sine_squared,10,1,insufficient_clean_context,insufficient_clean_context,NaN,NaN,0,0
FB2411,4,0.1,15,sine_squared,25,1,insufficient_clean_context,insufficient_clean_context,NaN,NaN,0,0
FB2411,4,0.1,30,linear,10,1,insufficient_clean_context,insufficient_clean_context,NaN,NaN,0,0
FB2411,4,0.1,30,linear,25,1,insufficient_clean_context,insufficient_clean_context,NaN,NaN,0,0
FB2411,4,0.1,30,sine_squared,10,1,insufficient_clean_context,insufficient_clean_context,NaN,NaN,0,0
FB2411,4,0.1,30,sine_squared,25,1,insufficient_clean_context,insufficient_clean_context,NaN,NaN,0,0
FB2411,4,0.2,5,linear,10,1,insufficient_clean_context,insufficient_clean_context,NaN,NaN,0,0
FB2411,4,0.2,5,linear,25,1,insufficient_clean_context,insufficient_clean_context,NaN,NaN,0,0
FB2411,4,0.2,5,sine_squared,10,1,insufficient_clean_context,insufficient_clean_context,NaN,NaN,0,0
FB2411,4,0.2,5,sine_squared,25,1,insufficient_clean_context,insufficient_clean_context,NaN,NaN,0,0
FB2411,4,0.2,15,linear,10,1,insufficient_clean_context,insufficient_clean_context,NaN,NaN,0,0
FB2411,4,0.2,15,linear,25,1,insufficient_clean_context,insufficient_clean_context,NaN,NaN,0,0
FB2411,4,0.2,15,sine_squared,10,1,insufficient_clean_context,insufficient_clean_context,NaN,NaN,0,0
FB2411,4,0.2,15,sine_squared,25,1,insufficient_clean_context,insufficient_clean_context,NaN,NaN,0,0
FB2411,4,0.2,30,linear,10,1,insufficient_clean_context,insufficient_clean_context,NaN,NaN,0,0
FB2411,4,0.2,30,linear,25,1,insufficient_clean_context,insufficient_clean_context,NaN,NaN,0,0
FB2411,4,0.2,30,sine_squared,10,1,insufficient_clean_context,insufficient_clean_context,NaN,NaN,0,0
FB2411,4,0.2,30,sine_squared,25,1,insufficient_clean_context,insufficient_clean_context,NaN,NaN,0,0
FB2411,5,0.02,5,linear,10,1,insufficient_clean_context,insufficient_clean_context,NaN,NaN,0,0
FB2411,5,0.02,5,linear,25,1,insufficient_clean_context,insufficient_clean_context,NaN,NaN,0,0
FB2411,5,0.02,5,sine_squared,10,1,insufficient_clean_context,insufficient_clean_context,NaN,NaN,0,0
FB2411,5,0.02,5,sine_squared,25,1,insufficient_clean_context,insufficient_clean_context,NaN,NaN,0,0
FB2411,5,0.02,15,linear,10,1,insufficient_clean_context,insufficient_clean_context,NaN,NaN,0,0
FB2411,5,0.02,15,linear,25,1,insufficient_clean_context,insufficient_clean_context,NaN,NaN,0,0
FB2411,5,0.02,15,sine_squared,10,1,insufficient_clean_context,insufficient_clean_context,NaN,NaN,0,0
FB2411,5,0.02,15,sine_squared,25,1,insufficient_clean_context,insufficient_clean_context,NaN,NaN,0,0
FB2411,5,0.02,30,linear,10,1,insufficient_clean_context,insufficient_clean_context,NaN,NaN,0,0
FB2411,5,0.02,30,linear,25,1,insufficient_clean_context,insufficient_clean_context,NaN,NaN,0,0
FB2411,5,0.02,30,sine_squared,10,1,insufficient_clean_context,insufficient_clean_context,NaN,NaN,0,0
FB2411,5,0.02,30,sine_squared,25,1,insufficient_clean_context,insufficient_clean_context,NaN,NaN,0,0
FB2411,5,0.05,5,linear,10,1,insufficient_clean_context,insufficient_clean_context,NaN,NaN,0,0
FB2411,5,0.05,5,linear,25,1,insufficient_clean_context,insufficient_clean_context,NaN,NaN,0,0
FB2411,5,0.05,5,sine_squared,10,1,insufficient_clean_context,insufficient_clean_context,NaN,NaN,0,0
FB2411,5,0.05,5,sine_squared,25,1,insufficient_clean_context,insufficient_clean_context,NaN,NaN,0,0
FB2411,5,0.05,15,linear,10,1,insufficient_clean_context,insufficient_clean_context,NaN,NaN,0,0
FB2411,5,0.05,15,linear,25,1,insufficient_clean_context,insufficient_clean_context,NaN,NaN,0,0
FB2411,5,0.05,15,sine_squared,10,1,insufficient_clean_context,insufficient_clean_context,NaN,NaN,0,0
FB2411,5,0.05,15,sine_squared,25,1,insufficient_clean_context,insufficient_clean_context,NaN,NaN,0,0
FB2411,5,0.05,30,linear,10,1,insufficient_clean_context,insufficient_clean_context,NaN,NaN,0,0
FB2411,5,0.05,30,linear,25,1,insufficient_clean_context,insufficient_clean_context,NaN,NaN,0,0
FB2411,5,0.05,30,sine_squared,10,1,insufficient_clean_context,insufficient_clean_context,NaN,NaN,0,0
FB2411,5,0.05,30,sine_squared,25,1,insufficient_clean_context,insufficient_clean_context,NaN,NaN,0,0
FB2411,5,0.1,5,linear,10,1,insufficient_clean_context,insufficient_clean_context,NaN,NaN,0,0
FB2411,5,0.1,5,linear,25,1,insufficient_clean_context,insufficient_clean_context,NaN,NaN,0,0
FB2411,5,0.1,5,sine_squared,10,1,insufficient_clean_context,insufficient_clean_context,NaN,NaN,0,0
FB2411,5,0.1,5,sine_squared,25,1,insufficient_clean_context,insufficient_clean_context,NaN,NaN,0,0
FB2411,5,0.1,15,linear,10,1,insufficient_clean_context,insufficient_clean_context,NaN,NaN,0,0
FB2411,5,0.1,15,linear,25,1,insufficient_clean_context,insufficient_clean_context,NaN,NaN,0,0
FB2411,5,0.1,15,sine_squared,10,1,insufficient_clean_context,insufficient_clean_context,NaN,NaN,0,0
FB2411,5,0.1,15,sine_squared,25,1,insufficient_clean_context,insufficient_clean_context,NaN,NaN,0,0
FB2411,5,0.1,30,linear,10,1,insufficient_clean_context,insufficient_clean_context,NaN,NaN,0,0
FB2411,5,0.1,30,linear,25,1,insufficient_clean_context,insufficient_clean_context,NaN,NaN,0,0
FB2411,5,0.1,30,sine_squared,10,1,insufficient_clean_context,insufficient_clean_context,NaN,NaN,0,0
FB2411,5,0.1,30,sine_squared,25,1,insufficient_clean_context,insufficient_clean_context,NaN,NaN,0,0
FB2411,5,0.2,5,linear,10,1,insufficient_clean_context,insufficient_clean_context,NaN,NaN,0,0
FB2411,5,0.2,5,linear,25,1,insufficient_clean_context,insufficient_clean_context,NaN,NaN,0,0
FB2411,5,0.2,5,sine_squared,10,1,insufficient_clean_context,insufficient_clean_context,NaN,NaN,0,0
FB2411,5,0.2,5,sine_squared,25,1,insufficient_clean_context,insufficient_clean_context,NaN,NaN,0,0
FB2411,5,0.2,15,linear,10,1,insufficient_clean_context,insufficient_clean_context,NaN,NaN,0,0
FB2411,5,0.2,15,linear,25,1,insufficient_clean_context,insufficient_clean_context,NaN,NaN,0,0
FB2411,5,0.2,15,sine_squared,10,1,insufficient_clean_context,insufficient_clean_context,NaN,NaN,0,0
FB2411,5,0.2,15,sine_squared,25,1,insufficient_clean_context,insufficient_clean_context,NaN,NaN,0,0
FB2411,5,0.2,30,linear,10,1,insufficient_clean_context,insufficient_clean_context,NaN,NaN,0,0
FB2411,5,0.2,30,linear,25,1,insufficient_clean_context,insufficient_clean_context,NaN,NaN,0,0
FB2411,5,0.2,30,sine_squared,10,1,insufficient_clean_context,insufficient_clean_context,NaN,NaN,0,0
FB2411,5,0.2,30,sine_squared,25,1,insufficient_clean_context,insufficient_clean_context,NaN,NaN,0,0
FB2411,6,0.02,5,linear,10,1,resolved,resolved,-4,0,1,1
FB2411,6,0.02,5,linear,25,1,not_a_rising_change,search_boundary_unresolved,NaN,NaN,0,0
FB2411,6,0.02,5,sine_squared,10,1,resolved,resolved,-4,0,1,1
FB2411,6,0.02,5,sine_squared,25,1,not_a_rising_change,search_boundary_unresolved,NaN,NaN,0,0
FB2411,6,0.02,15,linear,10,1,resolved,resolved,0,0,1,1
FB2411,6,0.02,15,linear,25,1,insufficient_improvement,search_boundary_unresolved,NaN,NaN,0,0
FB2411,6,0.02,15,sine_squared,10,1,resolved,resolved,2,3,1,1
FB2411,6,0.02,15,sine_squared,25,1,insufficient_improvement,search_boundary_unresolved,NaN,NaN,0,0
FB2411,6,0.02,30,linear,10,1,resolved,resolved,0,0,1,1
FB2411,6,0.02,30,linear,25,1,search_boundary_unresolved,search_boundary_unresolved,NaN,NaN,0,0
FB2411,6,0.02,30,sine_squared,10,1,resolved,resolved,6,2,0,1
FB2411,6,0.02,30,sine_squared,25,1,resolved,resolved,3,4,1,1
FB2411,6,0.05,5,linear,10,1,resolved,resolved,-4,0,1,1
FB2411,6,0.05,5,linear,25,1,not_a_rising_change,search_boundary_unresolved,NaN,NaN,0,0
FB2411,6,0.05,5,sine_squared,10,1,resolved,resolved,-4,0,1,1
FB2411,6,0.05,5,sine_squared,25,1,not_a_rising_change,search_boundary_unresolved,NaN,NaN,0,0
FB2411,6,0.05,15,linear,10,1,resolved,resolved,0,0,1,1
FB2411,6,0.05,15,linear,25,1,insufficient_improvement,resolved,NaN,3,0,1
FB2411,6,0.05,15,sine_squared,10,1,resolved,resolved,2,0,1,1
FB2411,6,0.05,15,sine_squared,25,1,insufficient_improvement,search_boundary_unresolved,NaN,NaN,0,0
FB2411,6,0.05,30,linear,10,1,resolved,resolved,0,0,1,1
FB2411,6,0.05,30,linear,25,1,search_boundary_unresolved,search_boundary_unresolved,NaN,NaN,0,0
FB2411,6,0.05,30,sine_squared,10,1,resolved,resolved,4,0,1,1
FB2411,6,0.05,30,sine_squared,25,1,resolved,resolved,3,5,1,1
FB2411,6,0.1,5,linear,10,1,resolved,resolved,-4,0,1,1
FB2411,6,0.1,5,linear,25,1,not_a_rising_change,search_boundary_unresolved,NaN,NaN,0,0
FB2411,6,0.1,5,sine_squared,10,1,resolved,resolved,-4,0,1,1
FB2411,6,0.1,5,sine_squared,25,1,not_a_rising_change,search_boundary_unresolved,NaN,NaN,0,0
FB2411,6,0.1,15,linear,10,1,resolved,resolved,0,0,1,1
FB2411,6,0.1,15,linear,25,1,insufficient_improvement,resolved,NaN,3,0,1
FB2411,6,0.1,15,sine_squared,10,1,resolved,resolved,2,0,1,1
FB2411,6,0.1,15,sine_squared,25,1,insufficient_improvement,search_boundary_unresolved,NaN,NaN,0,0
FB2411,6,0.1,30,linear,10,1,resolved,resolved,0,0,1,1
FB2411,6,0.1,30,linear,25,1,search_boundary_unresolved,search_boundary_unresolved,NaN,NaN,0,0
FB2411,6,0.1,30,sine_squared,10,1,resolved,resolved,4,0,1,1
FB2411,6,0.1,30,sine_squared,25,1,resolved,resolved,3,5,1,1
FB2411,6,0.2,5,linear,10,1,resolved,resolved,-4,0,1,1
FB2411,6,0.2,5,linear,25,1,not_a_rising_change,search_boundary_unresolved,NaN,NaN,0,0
FB2411,6,0.2,5,sine_squared,10,1,resolved,resolved,-4,0,1,1
FB2411,6,0.2,5,sine_squared,25,1,not_a_rising_change,search_boundary_unresolved,NaN,NaN,0,0
FB2411,6,0.2,15,linear,10,1,resolved,resolved,0,0,1,1
FB2411,6,0.2,15,linear,25,1,insufficient_improvement,resolved,NaN,3,0,1
FB2411,6,0.2,15,sine_squared,10,1,resolved,resolved,2,0,1,1
FB2411,6,0.2,15,sine_squared,25,1,insufficient_improvement,search_boundary_unresolved,NaN,NaN,0,0
FB2411,6,0.2,30,linear,10,1,resolved,resolved,0,0,1,1
FB2411,6,0.2,30,linear,25,1,search_boundary_unresolved,search_boundary_unresolved,NaN,NaN,0,0
FB2411,6,0.2,30,sine_squared,10,1,resolved,resolved,4,0,1,1
FB2411,6,0.2,30,sine_squared,25,1,resolved,resolved,3,5,1,1
FB2411,7,0.02,5,linear,10,1,resolved,resolved,-5,0,1,1
FB2411,7,0.02,5,linear,25,1,not_a_rising_change,resolved,NaN,0,0,1
FB2411,7,0.02,5,sine_squared,10,1,resolved,resolved,-5,0,1,1
FB2411,7,0.02,5,sine_squared,25,1,not_a_rising_change,resolved,NaN,0,0,1
FB2411,7,0.02,15,linear,10,1,resolved,resolved,-1,-1,1,1
FB2411,7,0.02,15,linear,25,1,resolved,resolved,-6,-2,0,1
FB2411,7,0.02,15,sine_squared,10,1,resolved,resolved,1,-2,1,1
FB2411,7,0.02,15,sine_squared,25,1,resolved,resolved,-5,3,1,1
FB2411,7,0.02,30,linear,10,1,resolved,resolved,-1,-1,1,1
FB2411,7,0.02,30,linear,25,1,resolved,resolved,1,-7,1,0
FB2411,7,0.02,30,sine_squared,10,1,resolved,resolved,3,-2,1,1
FB2411,7,0.02,30,sine_squared,25,1,resolved,resolved,4,0,1,1
FB2411,7,0.05,5,linear,10,1,resolved,resolved,-4,0,1,1
FB2411,7,0.05,5,linear,25,1,not_a_rising_change,resolved,NaN,0,0,1
FB2411,7,0.05,5,sine_squared,10,1,resolved,resolved,-4,0,1,1
FB2411,7,0.05,5,sine_squared,25,1,not_a_rising_change,resolved,NaN,0,0,1
FB2411,7,0.05,15,linear,10,1,resolved,resolved,0,0,1,1
FB2411,7,0.05,15,linear,25,1,resolved,resolved,-5,0,1,1
FB2411,7,0.05,15,sine_squared,10,1,resolved,resolved,1,0,1,1
FB2411,7,0.05,15,sine_squared,25,1,resolved,resolved,-5,0,1,1
FB2411,7,0.05,30,linear,10,1,resolved,resolved,0,0,1,1
FB2411,7,0.05,30,linear,25,1,resolved,resolved,0,0,1,1
FB2411,7,0.05,30,sine_squared,10,1,resolved,resolved,4,-1,1,1
FB2411,7,0.05,30,sine_squared,25,1,resolved,resolved,3,0,1,1
FB2411,7,0.1,5,linear,10,1,resolved,resolved,-4,0,1,1
FB2411,7,0.1,5,linear,25,1,not_a_rising_change,resolved,NaN,0,0,1
FB2411,7,0.1,5,sine_squared,10,1,resolved,resolved,-4,0,1,1
FB2411,7,0.1,5,sine_squared,25,1,not_a_rising_change,resolved,NaN,0,0,1
FB2411,7,0.1,15,linear,10,1,resolved,resolved,0,0,1,1
FB2411,7,0.1,15,linear,25,1,resolved,resolved,-5,0,1,1
FB2411,7,0.1,15,sine_squared,10,1,resolved,resolved,1,0,1,1
FB2411,7,0.1,15,sine_squared,25,1,resolved,resolved,-5,0,1,1
FB2411,7,0.1,30,linear,10,1,resolved,resolved,0,0,1,1
FB2411,7,0.1,30,linear,25,1,resolved,resolved,0,0,1,1
FB2411,7,0.1,30,sine_squared,10,1,resolved,resolved,4,-1,1,1
FB2411,7,0.1,30,sine_squared,25,1,resolved,resolved,3,0,1,1
FB2411,7,0.2,5,linear,10,1,resolved,resolved,-4,0,1,1
FB2411,7,0.2,5,linear,25,1,not_a_rising_change,resolved,NaN,0,0,1
FB2411,7,0.2,5,sine_squared,10,1,resolved,resolved,-4,0,1,1
FB2411,7,0.2,5,sine_squared,25,1,not_a_rising_change,resolved,NaN,0,0,1
FB2411,7,0.2,15,linear,10,1,resolved,resolved,0,0,1,1
FB2411,7,0.2,15,linear,25,1,resolved,resolved,-5,0,1,1
FB2411,7,0.2,15,sine_squared,10,1,resolved,resolved,2,0,1,1
FB2411,7,0.2,15,sine_squared,25,1,resolved,resolved,-5,0,1,1
FB2411,7,0.2,30,linear,10,1,resolved,resolved,0,0,1,1
FB2411,7,0.2,30,linear,25,1,resolved,resolved,0,0,1,1
FB2411,7,0.2,30,sine_squared,10,1,resolved,resolved,4,0,1,1
FB2411,7,0.2,30,sine_squared,25,1,resolved,resolved,3,0,1,1
FB2411,8,0.02,5,linear,10,1,resolved,resolved,-4,0,1,1
FB2411,8,0.02,5,linear,25,1,not_a_rising_change,resolved,NaN,0,0,1
FB2411,8,0.02,5,sine_squared,10,1,resolved,resolved,-4,0,1,1
FB2411,8,0.02,5,sine_squared,25,1,not_a_rising_change,resolved,NaN,0,0,1
FB2411,8,0.02,15,linear,10,1,resolved,resolved,2,2,1,1
FB2411,8,0.02,15,linear,25,1,resolved,resolved,-7,-1,0,1
FB2411,8,0.02,15,sine_squared,10,1,resolved,resolved,3,3,1,1
FB2411,8,0.02,15,sine_squared,25,1,resolved,resolved,-6,2,0,1
FB2411,8,0.02,30,linear,10,1,resolved,resolved,3,3,1,1
FB2411,8,0.02,30,linear,25,1,resolved,resolved,-1,-1,1,1
FB2411,8,0.02,30,sine_squared,10,1,resolved,resolved,6,4,0,1
FB2411,8,0.02,30,sine_squared,25,1,resolved,resolved,3,0,1,1
FB2411,8,0.05,5,linear,10,1,resolved,resolved,-4,0,1,1
FB2411,8,0.05,5,linear,25,1,not_a_rising_change,resolved,NaN,0,0,1
FB2411,8,0.05,5,sine_squared,10,1,resolved,resolved,-4,0,1,1
FB2411,8,0.05,5,sine_squared,25,1,not_a_rising_change,resolved,NaN,0,0,1
FB2411,8,0.05,15,linear,10,1,resolved,resolved,1,-2,1,1
FB2411,8,0.05,15,linear,25,1,resolved,resolved,-6,0,0,1
FB2411,8,0.05,15,sine_squared,10,1,resolved,resolved,2,3,1,1
FB2411,8,0.05,15,sine_squared,25,1,resolved,resolved,-5,0,1,1
FB2411,8,0.05,30,linear,10,1,resolved,resolved,1,1,1,1
FB2411,8,0.05,30,linear,25,1,resolved,resolved,-1,-1,1,1
FB2411,8,0.05,30,sine_squared,10,1,resolved,resolved,5,2,1,1
FB2411,8,0.05,30,sine_squared,25,1,resolved,resolved,3,0,1,1
FB2411,8,0.1,5,linear,10,1,resolved,resolved,-4,0,1,1
FB2411,8,0.1,5,linear,25,1,not_a_rising_change,resolved,NaN,0,0,1
FB2411,8,0.1,5,sine_squared,10,1,resolved,resolved,-4,0,1,1
FB2411,8,0.1,5,sine_squared,25,1,not_a_rising_change,resolved,NaN,0,0,1
FB2411,8,0.1,15,linear,10,1,resolved,resolved,0,0,1,1
FB2411,8,0.1,15,linear,25,1,resolved,resolved,-6,0,0,1
FB2411,8,0.1,15,sine_squared,10,1,resolved,resolved,2,0,1,1
FB2411,8,0.1,15,sine_squared,25,1,resolved,resolved,-5,0,1,1
FB2411,8,0.1,30,linear,10,1,resolved,resolved,1,-2,1,1
FB2411,8,0.1,30,linear,25,1,resolved,resolved,0,0,1,1
FB2411,8,0.1,30,sine_squared,10,1,resolved,resolved,4,2,1,1
FB2411,8,0.1,30,sine_squared,25,1,resolved,resolved,3,0,1,1
FB2411,8,0.2,5,linear,10,1,resolved,resolved,-4,0,1,1
FB2411,8,0.2,5,linear,25,1,not_a_rising_change,resolved,NaN,0,0,1
FB2411,8,0.2,5,sine_squared,10,1,resolved,resolved,-4,0,1,1
FB2411,8,0.2,5,sine_squared,25,1,not_a_rising_change,resolved,NaN,0,0,1
FB2411,8,0.2,15,linear,10,1,resolved,resolved,0,0,1,1
FB2411,8,0.2,15,linear,25,1,resolved,resolved,-5,0,1,1
FB2411,8,0.2,15,sine_squared,10,1,resolved,resolved,2,0,1,1
FB2411,8,0.2,15,sine_squared,25,1,resolved,resolved,-5,0,1,1
FB2411,8,0.2,30,linear,10,1,resolved,resolved,0,0,1,1
FB2411,8,0.2,30,linear,25,1,resolved,resolved,0,0,1,1
FB2411,8,0.2,30,sine_squared,10,1,resolved,resolved,4,0,1,1
FB2411,8,0.2,30,sine_squared,25,1,resolved,resolved,3,0,1,1
FB2411,9,0.02,5,linear,10,1,insufficient_clean_context,insufficient_clean_context,NaN,NaN,0,0
FB2411,9,0.02,5,linear,25,1,insufficient_clean_context,insufficient_clean_context,NaN,NaN,0,0
FB2411,9,0.02,5,sine_squared,10,1,insufficient_clean_context,insufficient_clean_context,NaN,NaN,0,0
FB2411,9,0.02,5,sine_squared,25,1,insufficient_clean_context,insufficient_clean_context,NaN,NaN,0,0
FB2411,9,0.02,15,linear,10,1,insufficient_clean_context,insufficient_clean_context,NaN,NaN,0,0
FB2411,9,0.02,15,linear,25,1,insufficient_clean_context,insufficient_clean_context,NaN,NaN,0,0
FB2411,9,0.02,15,sine_squared,10,1,insufficient_clean_context,insufficient_clean_context,NaN,NaN,0,0
FB2411,9,0.02,15,sine_squared,25,1,insufficient_clean_context,insufficient_clean_context,NaN,NaN,0,0
FB2411,9,0.02,30,linear,10,1,insufficient_clean_context,insufficient_clean_context,NaN,NaN,0,0
FB2411,9,0.02,30,linear,25,1,insufficient_clean_context,insufficient_clean_context,NaN,NaN,0,0
FB2411,9,0.02,30,sine_squared,10,1,insufficient_clean_context,insufficient_clean_context,NaN,NaN,0,0
FB2411,9,0.02,30,sine_squared,25,1,insufficient_clean_context,insufficient_clean_context,NaN,NaN,0,0
FB2411,9,0.05,5,linear,10,1,insufficient_clean_context,insufficient_clean_context,NaN,NaN,0,0
FB2411,9,0.05,5,linear,25,1,insufficient_clean_context,insufficient_clean_context,NaN,NaN,0,0
FB2411,9,0.05,5,sine_squared,10,1,insufficient_clean_context,insufficient_clean_context,NaN,NaN,0,0
FB2411,9,0.05,5,sine_squared,25,1,insufficient_clean_context,insufficient_clean_context,NaN,NaN,0,0
FB2411,9,0.05,15,linear,10,1,insufficient_clean_context,insufficient_clean_context,NaN,NaN,0,0
FB2411,9,0.05,15,linear,25,1,insufficient_clean_context,insufficient_clean_context,NaN,NaN,0,0
FB2411,9,0.05,15,sine_squared,10,1,insufficient_clean_context,insufficient_clean_context,NaN,NaN,0,0
FB2411,9,0.05,15,sine_squared,25,1,insufficient_clean_context,insufficient_clean_context,NaN,NaN,0,0
FB2411,9,0.05,30,linear,10,1,insufficient_clean_context,insufficient_clean_context,NaN,NaN,0,0
FB2411,9,0.05,30,linear,25,1,insufficient_clean_context,insufficient_clean_context,NaN,NaN,0,0
FB2411,9,0.05,30,sine_squared,10,1,insufficient_clean_context,insufficient_clean_context,NaN,NaN,0,0
FB2411,9,0.05,30,sine_squared,25,1,insufficient_clean_context,insufficient_clean_context,NaN,NaN,0,0
FB2411,9,0.1,5,linear,10,1,insufficient_clean_context,insufficient_clean_context,NaN,NaN,0,0
FB2411,9,0.1,5,linear,25,1,insufficient_clean_context,insufficient_clean_context,NaN,NaN,0,0
FB2411,9,0.1,5,sine_squared,10,1,insufficient_clean_context,insufficient_clean_context,NaN,NaN,0,0
FB2411,9,0.1,5,sine_squared,25,1,insufficient_clean_context,insufficient_clean_context,NaN,NaN,0,0
FB2411,9,0.1,15,linear,10,1,insufficient_clean_context,insufficient_clean_context,NaN,NaN,0,0
FB2411,9,0.1,15,linear,25,1,insufficient_clean_context,insufficient_clean_context,NaN,NaN,0,0
FB2411,9,0.1,15,sine_squared,10,1,insufficient_clean_context,insufficient_clean_context,NaN,NaN,0,0
FB2411,9,0.1,15,sine_squared,25,1,insufficient_clean_context,insufficient_clean_context,NaN,NaN,0,0
FB2411,9,0.1,30,linear,10,1,insufficient_clean_context,insufficient_clean_context,NaN,NaN,0,0
FB2411,9,0.1,30,linear,25,1,insufficient_clean_context,insufficient_clean_context,NaN,NaN,0,0
FB2411,9,0.1,30,sine_squared,10,1,insufficient_clean_context,insufficient_clean_context,NaN,NaN,0,0
FB2411,9,0.1,30,sine_squared,25,1,insufficient_clean_context,insufficient_clean_context,NaN,NaN,0,0
FB2411,9,0.2,5,linear,10,1,insufficient_clean_context,insufficient_clean_context,NaN,NaN,0,0
FB2411,9,0.2,5,linear,25,1,insufficient_clean_context,insufficient_clean_context,NaN,NaN,0,0
FB2411,9,0.2,5,sine_squared,10,1,insufficient_clean_context,insufficient_clean_context,NaN,NaN,0,0
FB2411,9,0.2,5,sine_squared,25,1,insufficient_clean_context,insufficient_clean_context,NaN,NaN,0,0
FB2411,9,0.2,15,linear,10,1,insufficient_clean_context,insufficient_clean_context,NaN,NaN,0,0
FB2411,9,0.2,15,linear,25,1,insufficient_clean_context,insufficient_clean_context,NaN,NaN,0,0
FB2411,9,0.2,15,sine_squared,10,1,insufficient_clean_context,insufficient_clean_context,NaN,NaN,0,0
FB2411,9,0.2,15,sine_squared,25,1,insufficient_clean_context,insufficient_clean_context,NaN,NaN,0,0
FB2411,9,0.2,30,linear,10,1,insufficient_clean_context,insufficient_clean_context,NaN,NaN,0,0
FB2411,9,0.2,30,linear,25,1,insufficient_clean_context,insufficient_clean_context,NaN,NaN,0,0
FB2411,9,0.2,30,sine_squared,10,1,insufficient_clean_context,insufficient_clean_context,NaN,NaN,0,0
FB2411,9,0.2,30,sine_squared,25,1,insufficient_clean_context,insufficient_clean_context,NaN,NaN,0,0
FB2411,10,0.02,5,linear,10,1,insufficient_clean_context,insufficient_clean_context,NaN,NaN,0,0
FB2411,10,0.02,5,linear,25,1,insufficient_clean_context,insufficient_clean_context,NaN,NaN,0,0
FB2411,10,0.02,5,sine_squared,10,1,insufficient_clean_context,insufficient_clean_context,NaN,NaN,0,0
FB2411,10,0.02,5,sine_squared,25,1,insufficient_clean_context,insufficient_clean_context,NaN,NaN,0,0
FB2411,10,0.02,15,linear,10,1,insufficient_clean_context,insufficient_clean_context,NaN,NaN,0,0
FB2411,10,0.02,15,linear,25,1,insufficient_clean_context,insufficient_clean_context,NaN,NaN,0,0
FB2411,10,0.02,15,sine_squared,10,1,insufficient_clean_context,insufficient_clean_context,NaN,NaN,0,0
FB2411,10,0.02,15,sine_squared,25,1,insufficient_clean_context,insufficient_clean_context,NaN,NaN,0,0
FB2411,10,0.02,30,linear,10,1,insufficient_clean_context,insufficient_clean_context,NaN,NaN,0,0
FB2411,10,0.02,30,linear,25,1,insufficient_clean_context,insufficient_clean_context,NaN,NaN,0,0
FB2411,10,0.02,30,sine_squared,10,1,insufficient_clean_context,insufficient_clean_context,NaN,NaN,0,0
FB2411,10,0.02,30,sine_squared,25,1,insufficient_clean_context,insufficient_clean_context,NaN,NaN,0,0
FB2411,10,0.05,5,linear,10,1,insufficient_clean_context,insufficient_clean_context,NaN,NaN,0,0
FB2411,10,0.05,5,linear,25,1,insufficient_clean_context,insufficient_clean_context,NaN,NaN,0,0
FB2411,10,0.05,5,sine_squared,10,1,insufficient_clean_context,insufficient_clean_context,NaN,NaN,0,0
FB2411,10,0.05,5,sine_squared,25,1,insufficient_clean_context,insufficient_clean_context,NaN,NaN,0,0
FB2411,10,0.05,15,linear,10,1,insufficient_clean_context,insufficient_clean_context,NaN,NaN,0,0
FB2411,10,0.05,15,linear,25,1,insufficient_clean_context,insufficient_clean_context,NaN,NaN,0,0
FB2411,10,0.05,15,sine_squared,10,1,insufficient_clean_context,insufficient_clean_context,NaN,NaN,0,0
FB2411,10,0.05,15,sine_squared,25,1,insufficient_clean_context,insufficient_clean_context,NaN,NaN,0,0
FB2411,10,0.05,30,linear,10,1,insufficient_clean_context,insufficient_clean_context,NaN,NaN,0,0
FB2411,10,0.05,30,linear,25,1,insufficient_clean_context,insufficient_clean_context,NaN,NaN,0,0
FB2411,10,0.05,30,sine_squared,10,1,insufficient_clean_context,insufficient_clean_context,NaN,NaN,0,0
FB2411,10,0.05,30,sine_squared,25,1,insufficient_clean_context,insufficient_clean_context,NaN,NaN,0,0
FB2411,10,0.1,5,linear,10,1,insufficient_clean_context,insufficient_clean_context,NaN,NaN,0,0
FB2411,10,0.1,5,linear,25,1,insufficient_clean_context,insufficient_clean_context,NaN,NaN,0,0
FB2411,10,0.1,5,sine_squared,10,1,insufficient_clean_context,insufficient_clean_context,NaN,NaN,0,0
FB2411,10,0.1,5,sine_squared,25,1,insufficient_clean_context,insufficient_clean_context,NaN,NaN,0,0
FB2411,10,0.1,15,linear,10,1,insufficient_clean_context,insufficient_clean_context,NaN,NaN,0,0
FB2411,10,0.1,15,linear,25,1,insufficient_clean_context,insufficient_clean_context,NaN,NaN,0,0
FB2411,10,0.1,15,sine_squared,10,1,insufficient_clean_context,insufficient_clean_context,NaN,NaN,0,0
FB2411,10,0.1,15,sine_squared,25,1,insufficient_clean_context,insufficient_clean_context,NaN,NaN,0,0
FB2411,10,0.1,30,linear,10,1,insufficient_clean_context,insufficient_clean_context,NaN,NaN,0,0
FB2411,10,0.1,30,linear,25,1,insufficient_clean_context,insufficient_clean_context,NaN,NaN,0,0
FB2411,10,0.1,30,sine_squared,10,1,insufficient_clean_context,insufficient_clean_context,NaN,NaN,0,0
FB2411,10,0.1,30,sine_squared,25,1,insufficient_clean_context,insufficient_clean_context,NaN,NaN,0,0
FB2411,10,0.2,5,linear,10,1,insufficient_clean_context,insufficient_clean_context,NaN,NaN,0,0
FB2411,10,0.2,5,linear,25,1,insufficient_clean_context,insufficient_clean_context,NaN,NaN,0,0
FB2411,10,0.2,5,sine_squared,10,1,insufficient_clean_context,insufficient_clean_context,NaN,NaN,0,0
FB2411,10,0.2,5,sine_squared,25,1,insufficient_clean_context,insufficient_clean_context,NaN,NaN,0,0
FB2411,10,0.2,15,linear,10,1,insufficient_clean_context,insufficient_clean_context,NaN,NaN,0,0
FB2411,10,0.2,15,linear,25,1,insufficient_clean_context,insufficient_clean_context,NaN,NaN,0,0
FB2411,10,0.2,15,sine_squared,10,1,insufficient_clean_context,insufficient_clean_context,NaN,NaN,0,0
FB2411,10,0.2,15,sine_squared,25,1,insufficient_clean_context,insufficient_clean_context,NaN,NaN,0,0
FB2411,10,0.2,30,linear,10,1,insufficient_clean_context,insufficient_clean_context,NaN,NaN,0,0
FB2411,10,0.2,30,linear,25,1,insufficient_clean_context,insufficient_clean_context,NaN,NaN,0,0
FB2411,10,0.2,30,sine_squared,10,1,insufficient_clean_context,insufficient_clean_context,NaN,NaN,0,0
FB2411,10,0.2,30,sine_squared,25,1,insufficient_clean_context,insufficient_clean_context,NaN,NaN,0,0
FB2411,11,0.02,5,linear,10,1,resolved,resolved,-4,0,1,1
FB2411,11,0.02,5,linear,25,1,not_a_rising_change,resolved,NaN,0,0,1
FB2411,11,0.02,5,sine_squared,10,1,resolved,resolved,-4,0,1,1
FB2411,11,0.02,5,sine_squared,25,1,not_a_rising_change,resolved,NaN,0,0,1
FB2411,11,0.02,15,linear,10,1,resolved,resolved,-1,-1,1,1
FB2411,11,0.02,15,linear,25,1,resolved,resolved,-7,0,0,1
FB2411,11,0.02,15,sine_squared,10,1,resolved,resolved,1,0,1,1
FB2411,11,0.02,15,sine_squared,25,1,resolved,resolved,-6,0,0,1
FB2411,11,0.02,30,linear,10,1,resolved,resolved,-2,-2,1,1
FB2411,11,0.02,30,linear,25,1,resolved,resolved,-1,-8,1,0
FB2411,11,0.02,30,sine_squared,10,1,resolved,resolved,5,0,1,1
FB2411,11,0.02,30,sine_squared,25,1,resolved,resolved,3,-1,1,1
FB2411,11,0.05,5,linear,10,1,resolved,resolved,-4,0,1,1
FB2411,11,0.05,5,linear,25,1,not_a_rising_change,resolved,NaN,0,0,1
FB2411,11,0.05,5,sine_squared,10,1,resolved,resolved,-4,0,1,1
FB2411,11,0.05,5,sine_squared,25,1,not_a_rising_change,resolved,NaN,0,0,1
FB2411,11,0.05,15,linear,10,1,resolved,resolved,0,0,1,1
FB2411,11,0.05,15,linear,25,1,resolved,resolved,-6,0,0,1
FB2411,11,0.05,15,sine_squared,10,1,resolved,resolved,2,0,1,1
FB2411,11,0.05,15,sine_squared,25,1,resolved,resolved,-5,0,1,1
FB2411,11,0.05,30,linear,10,1,resolved,resolved,0,0,1,1
FB2411,11,0.05,30,linear,25,1,resolved,resolved,0,0,1,1
FB2411,11,0.05,30,sine_squared,10,1,resolved,resolved,4,0,1,1
FB2411,11,0.05,30,sine_squared,25,1,resolved,resolved,3,0,1,1
FB2411,11,0.1,5,linear,10,1,resolved,resolved,-4,0,1,1
FB2411,11,0.1,5,linear,25,1,not_a_rising_change,resolved,NaN,0,0,1
FB2411,11,0.1,5,sine_squared,10,1,resolved,resolved,-4,0,1,1
FB2411,11,0.1,5,sine_squared,25,1,not_a_rising_change,resolved,NaN,0,0,1
FB2411,11,0.1,15,linear,10,1,resolved,resolved,0,0,1,1
FB2411,11,0.1,15,linear,25,1,resolved,resolved,-5,0,1,1
FB2411,11,0.1,15,sine_squared,10,1,resolved,resolved,2,0,1,1
FB2411,11,0.1,15,sine_squared,25,1,resolved,resolved,-5,0,1,1
FB2411,11,0.1,30,linear,10,1,resolved,resolved,0,0,1,1
FB2411,11,0.1,30,linear,25,1,resolved,resolved,0,0,1,1
FB2411,11,0.1,30,sine_squared,10,1,resolved,resolved,4,0,1,1
FB2411,11,0.1,30,sine_squared,25,1,resolved,resolved,3,0,1,1
FB2411,11,0.2,5,linear,10,1,resolved,resolved,-4,0,1,1
FB2411,11,0.2,5,linear,25,1,not_a_rising_change,resolved,NaN,0,0,1
FB2411,11,0.2,5,sine_squared,10,1,resolved,resolved,-4,0,1,1
FB2411,11,0.2,5,sine_squared,25,1,not_a_rising_change,resolved,NaN,0,0,1
FB2411,11,0.2,15,linear,10,1,resolved,resolved,0,0,1,1
FB2411,11,0.2,15,linear,25,1,resolved,resolved,-5,0,1,1
FB2411,11,0.2,15,sine_squared,10,1,resolved,resolved,2,0,1,1
FB2411,11,0.2,15,sine_squared,25,1,resolved,resolved,-5,0,1,1
FB2411,11,0.2,30,linear,10,1,resolved,resolved,0,0,1,1
FB2411,11,0.2,30,linear,25,1,resolved,resolved,0,0,1,1
FB2411,11,0.2,30,sine_squared,10,1,resolved,resolved,4,0,1,1
FB2411,11,0.2,30,sine_squared,25,1,resolved,resolved,3,0,1,1
FB2411,12,0.02,5,linear,10,1,resolved,resolved,-4,0,1,1
FB2411,12,0.02,5,linear,25,1,not_a_rising_change,resolved,NaN,0,0,1
FB2411,12,0.02,5,sine_squared,10,1,resolved,resolved,-4,0,1,1
FB2411,12,0.02,5,sine_squared,25,1,not_a_rising_change,resolved,NaN,0,0,1
FB2411,12,0.02,15,linear,10,1,resolved,resolved,0,-4,1,1
FB2411,12,0.02,15,linear,25,1,resolved,resolved,-6,0,0,1
FB2411,12,0.02,15,sine_squared,10,1,resolved,resolved,2,0,1,1
FB2411,12,0.02,15,sine_squared,25,1,resolved,resolved,-5,0,1,1
FB2411,12,0.02,30,linear,10,1,resolved,resolved,-1,-5,1,1
FB2411,12,0.02,30,linear,25,1,resolved,resolved,-1,-1,1,1
FB2411,12,0.02,30,sine_squared,10,1,resolved,resolved,6,2,0,1
FB2411,12,0.02,30,sine_squared,25,1,resolved,resolved,3,0,1,1
FB2411,12,0.05,5,linear,10,1,resolved,resolved,-4,0,1,1
FB2411,12,0.05,5,linear,25,1,not_a_rising_change,resolved,NaN,0,0,1
FB2411,12,0.05,5,sine_squared,10,1,resolved,resolved,-4,0,1,1
FB2411,12,0.05,5,sine_squared,25,1,not_a_rising_change,resolved,NaN,0,0,1
FB2411,12,0.05,15,linear,10,1,resolved,resolved,0,0,1,1
FB2411,12,0.05,15,linear,25,1,resolved,resolved,-5,0,1,1
FB2411,12,0.05,15,sine_squared,10,1,resolved,resolved,2,0,1,1
FB2411,12,0.05,15,sine_squared,25,1,resolved,resolved,-5,0,1,1
FB2411,12,0.05,30,linear,10,1,resolved,resolved,0,0,1,1
FB2411,12,0.05,30,linear,25,1,resolved,resolved,0,0,1,1
FB2411,12,0.05,30,sine_squared,10,1,resolved,resolved,5,0,1,1
FB2411,12,0.05,30,sine_squared,25,1,resolved,resolved,3,0,1,1
FB2411,12,0.1,5,linear,10,1,resolved,resolved,-4,0,1,1
FB2411,12,0.1,5,linear,25,1,not_a_rising_change,resolved,NaN,0,0,1
FB2411,12,0.1,5,sine_squared,10,1,resolved,resolved,-4,0,1,1
FB2411,12,0.1,5,sine_squared,25,1,not_a_rising_change,resolved,NaN,0,0,1
FB2411,12,0.1,15,linear,10,1,resolved,resolved,0,0,1,1
FB2411,12,0.1,15,linear,25,1,resolved,resolved,-5,0,1,1
FB2411,12,0.1,15,sine_squared,10,1,resolved,resolved,2,0,1,1
FB2411,12,0.1,15,sine_squared,25,1,resolved,resolved,-5,0,1,1
FB2411,12,0.1,30,linear,10,1,resolved,resolved,0,0,1,1
FB2411,12,0.1,30,linear,25,1,resolved,resolved,0,0,1,1
FB2411,12,0.1,30,sine_squared,10,1,resolved,resolved,4,0,1,1
FB2411,12,0.1,30,sine_squared,25,1,resolved,resolved,3,0,1,1
FB2411,12,0.2,5,linear,10,1,resolved,resolved,-4,0,1,1
FB2411,12,0.2,5,linear,25,1,not_a_rising_change,resolved,NaN,0,0,1
FB2411,12,0.2,5,sine_squared,10,1,resolved,resolved,-4,0,1,1
FB2411,12,0.2,5,sine_squared,25,1,not_a_rising_change,resolved,NaN,0,0,1
FB2411,12,0.2,15,linear,10,1,resolved,resolved,0,0,1,1
FB2411,12,0.2,15,linear,25,1,resolved,resolved,-5,0,1,1
FB2411,12,0.2,15,sine_squared,10,1,resolved,resolved,2,0,1,1
FB2411,12,0.2,15,sine_squared,25,1,resolved,resolved,-5,0,1,1
FB2411,12,0.2,30,linear,10,1,resolved,resolved,0,0,1,1
FB2411,12,0.2,30,linear,25,1,resolved,resolved,0,0,1,1
FB2411,12,0.2,30,sine_squared,10,1,resolved,resolved,4,0,1,1
FB2411,12,0.2,30,sine_squared,25,1,resolved,resolved,3,0,1,1
